jMRUI Data Textfile

Filename: /Users/kayigwe/Desktop/TE26_BASISSET/converter/sample_basis_sets/JMRUI/Asc.txt

PointsInDataset: 2048
DatasetsInFile: 1
SamplingInterval: 2.500000E-01
ZeroOrderPhase: 0.000000E+00
BeginTime: 0.000000E+00
TransmitterFrequency: 1.232618E+08
MagneticField: 2.895033E+00
TypeOfNucleus: 0.000000E+00
NameOfPatient: Asc
DateOfExperiment: 20260523
Spectrometer: Unknown
AdditionalInfo: Converted by basis_set_converter


Signal and FFT
sig(real)	sig(imag)	fft(real)	fft(imag)
Signal 1 out of 1 in file
2.69828497E+01	-2.90969643E+00	7.79846205E-03	-4.41590349E-04
2.62104485E+01	-7.19537854E+00	7.79682176E-03	-4.53512557E-04
2.47443441E+01	-1.12989991E+01	7.79518183E-03	-4.65431874E-04
2.26246778E+01	-1.51069888E+01	7.79354225E-03	-4.77348359E-04
1.99102945E+01	-1.85142759E+01	7.79190301E-03	-4.89262067E-04
1.66769933E+01	-2.14273706E+01	7.79026411E-03	-5.01173056E-04
1.30152712E+01	-2.37670974E+01	7.78862552E-03	-5.13081383E-04
9.02762866E+00	-2.54708913E+01	7.78698726E-03	-5.24987105E-04
4.82552124E+00	-2.64945894E+01	7.78534930E-03	-5.36890279E-04
5.26051152E-01	-2.68136649E+01	7.78371165E-03	-5.48790962E-04
-3.75149965E+00	-2.64238653E+01	7.78207429E-03	-5.60689210E-04
-7.88918800E+00	-2.53412401E+01	7.78043721E-03	-5.72585080E-04
-1.17738720E+01	-2.36015570E+01	7.77880041E-03	-5.84478629E-04
-1.53005117E+01	-2.12591287E+01	7.77716389E-03	-5.96369914E-04
-1.83752083E+01	-1.83850876E+01	7.77552762E-03	-6.08258991E-04
-2.09178885E+01	-1.50651650E+01	7.77389161E-03	-6.20145917E-04
-2.28645569E+01	-1.13970449E+01	7.77225585E-03	-6.32030748E-04
-2.41690453E+01	-7.48737604E+00	7.77062033E-03	-6.43913541E-04
-2.48042137E+01	-3.44853541E+00	7.76898503E-03	-6.55794352E-04
-2.47625647E+01	6.04754717E-01	7.76734997E-03	-6.67673238E-04
-2.40562604E+01	4.55885251E+00	7.76571511E-03	-6.79550255E-04
-2.27165431E+01	8.30455890E+00	7.76408047E-03	-6.91425460E-04
-2.07925836E+01	1.17403137E+01	7.76244603E-03	-7.03298908E-04
-1.83497961E+01	1.47751282E+01	7.76081178E-03	-7.15170656E-04
-1.54676775E+01	1.73311668E+01	7.75917771E-03	-7.27040761E-04
-1.22372401E+01	1.93458998E+01	7.75754382E-03	-7.38909278E-04
-8.75812177E+00	2.07737659E+01	7.75591010E-03	-7.50776264E-04
-5.13546691E+00	2.15872969E+01	7.75427654E-03	-7.62641775E-04
-1.47667462E+00	2.17776749E+01	7.75264314E-03	-7.74505867E-04
2.11188137E+00	2.13547106E+01	7.75100989E-03	-7.86368596E-04
5.52806000E+00	2.03462497E+01	7.74937677E-03	-7.98230018E-04
8.67698794E+00	1.87970304E+01	7.74774378E-03	-8.10090190E-04
1.14738298E+01	1.67670354E+01	7.74611092E-03	-8.21949167E-04
1.38462094E+01	1.43293944E+01	7.74447817E-03	-8.33807005E-04
1.57362116E+01	1.15679077E+01	7.74284553E-03	-8.45663760E-04
1.71019044E+01	8.57427303E+00	7.74121299E-03	-8.57519489E-04
1.79183417E+01	5.44510712E+00	7.73958054E-03	-8.69374247E-04
1.81780196E+01	2.27885619E+00	7.73794818E-03	-8.81228090E-04
1.78907789E+01	-8.27303976E-01	7.73631589E-03	-8.93081075E-04
1.70831638E+01	-3.78048147E+00	7.73468368E-03	-9.04933256E-04
1.57972636E+01	-6.49490041E+00	7.73305152E-03	-9.16784690E-04
1.40890809E+01	-8.89446441E+00	7.73141942E-03	-9.28635433E-04
1.20264831E+01	-1.09149731E+01	7.72978737E-03	-9.40485540E-04
9.68680918E+00	-1.25059257E+01	7.72815535E-03	-9.52335068E-04
7.15421147E+00	-1.36318589E+01	7.72652337E-03	-9.64184072E-04
4.51682087E+00	-1.42731827E+01	7.72489141E-03	-9.76032609E-04
1.86382903E+00	-1.44264934E+01	7.72325946E-03	-9.87880733E-04
-7.17417912E-01	-1.41043604E+01	7.72162752E-03	-9.99728501E-04
-3.14422081E+00	-1.33346004E+01	7.71999559E-03	-1.01157597E-03
-5.34113492E+00	-1.21590690E+01	7.71836364E-03	-1.02342319E-03
-7.24230162E+00	-1.06320145E+01	7.71673168E-03	-1.03527022E-03
-8.79343216E+00	-8.81805303E+00	7.71509970E-03	-1.04711713E-03
-9.95338362E+00	-6.78983500E+00	7.71346769E-03	-1.05896395E-03
-1.06952807E+01	-4.62548294E+00	7.71183563E-03	-1.07081075E-03
-1.10071520E+01	-2.40588661E+00	7.71020354E-03	-1.08265759E-03
-1.08920669E+01	-2.11945369E-01	7.70857138E-03	-1.09450451E-03
-1.03677726E+01	1.87815126E+00	7.70693917E-03	-1.10635158E-03
-9.46585074E+00	3.79151653E+00	7.70530689E-03	-1.11819886E-03
-8.23042581E+00	5.46294907E+00	7.70367453E-03	-1.13004639E-03
-6.71647252E+00	6.83702941E+00	7.70204209E-03	-1.14189423E-03
-4.98778273E+00	7.86986456E+00	7.70040956E-03	-1.15374245E-03
-3.11466190E+00	8.53042676E+00	7.69877692E-03	-1.16559108E-03
-1.17143414E+00	8.80144671E+00	7.69714418E-03	-1.17744020E-03
7.66160271E-01	8.67983591E+00	7.69551132E-03	-1.18928986E-03
2.62358768E+00	8.17662887E+00	7.69387834E-03	-1.20114010E-03
4.33007737E+00	7.31645158E+00	7.69224523E-03	-1.21299100E-03
5.82102751E+00	6.13653787E+00	7.69061198E-03	-1.22484260E-03
7.04018233E+00	4.68533031E+00	7.68897859E-03	-1.23669496E-03
7.94151038E+00	3.02071519E+00	7.68734504E-03	-1.24854813E-03
8.49072404E+00	1.20795314E+00	7.68571133E-03	-1.26040218E-03
8.66639273E+00	-6.82624060E-01	7.68407745E-03	-1.27225715E-03
8.46061570E+00	-2.57807221E+00	7.68244339E-03	-1.28411311E-03
7.87923537E+00	-4.40536674E+00	7.68080915E-03	-1.29597011E-03
6.94158699E+00	-6.09392367E+00	7.67917472E-03	-1.30782820E-03
5.67979577E+00	-7.57802611E+00	7.67754009E-03	-1.31968744E-03
4.13764739E+00	-8.79907664E+00	7.67590525E-03	-1.33154790E-03
2.36907164E+00	-9.70760210E+00	7.67427019E-03	-1.34340961E-03
4.36291026E-01	-1.02649458E+01	7.67263491E-03	-1.35527264E-03
-1.59230266E+00	-1.04445929E+01	7.67099940E-03	-1.36713705E-03
-3.64447282E+00	-1.02330868E+01	7.66936365E-03	-1.37900290E-03
-5.64658605E+00	-9.63050841E+00	7.66772765E-03	-1.39087023E-03
-7.52610275E+00	-8.65050406E+00	7.66609140E-03	-1.40273910E-03
-9.21402834E+00	-7.31986255E+00	7.66445489E-03	-1.41460957E-03
-1.06472450E+01	-5.67765748E+00	7.66281811E-03	-1.42648170E-03
-1.17706477E+01	-3.77398367E+00	7.66118105E-03	-1.43835555E-03
-1.25390157E+01	-1.66833060E+00	7.65954370E-03	-1.45023116E-03
-1.29185590E+01	5.72353216E-01	7.65790607E-03	-1.46210860E-03
-1.28880898E+01	2.87584099E+00	7.65626813E-03	-1.47398792E-03
-1.24397829E+01	5.16698203E+00	7.65462988E-03	-1.48586917E-03
-1.15795007E+01	7.37015297E+00	7.65299131E-03	-1.49775243E-03
-1.03266724E+01	9.41172624E+00	7.65135242E-03	-1.50963773E-03
-8.71373462E+00	1.12224760E+01	7.64971320E-03	-1.52152514E-03
-6.78514951E+00	1.27398439E+01	7.64807364E-03	-1.53341471E-03
-4.59603539E+00	1.39099926E+01	7.64643373E-03	-1.54530651E-03
-2.21045285E+00	1.46895804E+01	7.64479347E-03	-1.55720058E-03
3.00597091E-01	1.50472024E+01	7.64315284E-03	-1.56909699E-03
2.86139860E+00	1.49644509E+01	7.64151184E-03	-1.58099578E-03
5.39389878E+00	1.44365629E+01	7.63987046E-03	-1.59289703E-03
7.82016162E+00	1.34726360E+01	7.63822869E-03	-1.60480078E-03
1.00648200E+01	1.20954039E+01	7.63658653E-03	-1.61670709E-03
1.20574481E+01	1.03405826E+01	7.63494396E-03	-1.62861602E-03
1.37347790E+01	8.25580747E+00	7.63330099E-03	-1.64052762E-03
1.50426987E+01	5.89919544E+00	7.63165759E-03	-1.65244195E-03
1.59379527E+01	3.33757961E+00	7.63001377E-03	-1.66435908E-03
1.63895147E+01	6.44471817E-01	7.62836952E-03	-1.67627905E-03
1.63795725E+01	-2.10218181E+00	7.62672482E-03	-1.68820192E-03
1.59041039E+01	-4.82238140E+00	7.62507967E-03	-1.70012776E-03
1.49730246E+01	-7.43651531E+00	7.62343407E-03	-1.71205661E-03
1.36099051E+01	-9.86778696E+00	7.62178799E-03	-1.72398854E-03
1.18512672E+01	-1.20445512E+01	7.62014145E-03	-1.73592360E-03
9.74548355E+00	-1.39024877E+01	7.61849442E-03	-1.74786185E-03
7.35131567E+00	-1.53865448E+01	7.61684690E-03	-1.75980334E-03
4.73613780E+00	-1.64525949E+01	7.61519888E-03	-1.77174815E-03
1.97390246E+00	-1.70687503E+01	7.61355036E-03	-1.78369631E-03
-8.57087849E-01	-1.72163020E+01	7.61190132E-03	-1.79564790E-03
-3.67653337E+00	-1.68902539E+01	7.61025176E-03	-1.80760296E-03
-6.40454099E+00	-1.60994374E+01	7.60860167E-03	-1.81956156E-03
-8.96400517E+00	-1.48662061E+01	7.60695104E-03	-1.83152376E-03
-1.12828929E+01	-1.32257228E+01	7.60529987E-03	-1.84348960E-03
-1.32963633E+01	-1.12248620E+01	7.60364814E-03	-1.85545916E-03
-1.49486579E+01	-8.92076471E+00	7.60199585E-03	-1.86743248E-03
-1.61947052E+01	-6.37909296E+00	7.60034299E-03	-1.87940964E-03
-1.70013934E+01	-3.67203798E+00	7.59868955E-03	-1.89139067E-03
-1.73484732E+01	-8.76146045E-01	7.59703552E-03	-1.90337565E-03
-1.72290684E+01	1.92997092E+00	7.59538090E-03	-1.91536463E-03
-1.66497793E+01	4.66796892E+00	7.59372568E-03	-1.92735767E-03
-1.56303817E+01	7.26207838E+00	7.59206984E-03	-1.93935482E-03
-1.42031330E+01	9.64131345E+00	7.59041339E-03	-1.95135616E-03
-1.24117095E+01	1.17415178E+01	7.58875631E-03	-1.96336173E-03
-1.03098126E+01	1.35071864E+01	7.58709859E-03	-1.97537159E-03
-7.95948807E+00	1.48930098E+01	7.58544023E-03	-1.98738581E-03
-5.42921298E+00	1.58650973E+01	7.58378122E-03	-1.99940444E-03
-2.79181058E+00	1.64018451E+01	7.58212155E-03	-2.01142754E-03
-1.22258836E-01	1.64944265E+01	7.58046121E-03	-2.02345518E-03
2.50454013E+00	1.61468944E+01	7.57880019E-03	-2.03548740E-03
5.01596124E+00	1.53758969E+01	7.57713849E-03	-2.04752427E-03
7.34376200E+00	1.42100194E+01	7.57547610E-03	-2.05956585E-03
9.42602945E+00	1.26887781E+01	7.57381300E-03	-2.07161220E-03
1.12089116E+01	1.08612990E+01	7.57214920E-03	-2.08366337E-03
1.26480835E+01	8.78472842E+00	7.57048468E-03	-2.09571944E-03
1.37099072E+01	6.52242458E+00	7.56881943E-03	-2.10778045E-03
1.43722538E+01	4.14199002E+00	7.56715345E-03	-2.11984646E-03
1.46249688E+01	1.71320613E+00	7.56548672E-03	-2.13191755E-03
1.44699700E+01	-6.94066037E-01	7.56381924E-03	-2.14399376E-03
1.39209817E+01	-3.01195404E+00	7.56215101E-03	-2.15607516E-03
1.30029185E+01	-5.17654918E+00	7.56048200E-03	-2.16816180E-03
1.17509421E+01	-7.12972970E+00	7.55881222E-03	-2.18025375E-03
1.02092256E+01	-8.82077880E+00	7.55714166E-03	-2.19235108E-03
8.42946824E+00	-1.02077516E+01	7.55547030E-03	-2.20445383E-03
6.46920830E+00	-1.12585534E+01	7.55379814E-03	-2.21656207E-03
4.38999057E+00	-1.19517007E+01	7.55212517E-03	-2.22867586E-03
2.25544596E+00	-1.22767478E+01	7.55045139E-03	-2.24079526E-03
1.29343899E-01	-1.22343715E+01	7.54877677E-03	-2.25292033E-03
-1.92632271E+00	-1.18361162E+01	7.54710132E-03	-2.26505114E-03
-3.85316164E+00	-1.11038148E+01	7.54542503E-03	-2.27718774E-03
-5.59806044E+00	-1.00687081E+01	7.54374788E-03	-2.28933020E-03
-7.11467153E+00	-8.77029524E+00	7.54206987E-03	-2.30147857E-03
-8.36466134E+00	-7.25495566E+00	7.54039100E-03	-2.31363292E-03
-9.31868928E+00	-5.57438903E+00	7.53871124E-03	-2.32579332E-03
-9.95709181E+00	-3.78392488E+00	7.53703060E-03	-2.33795982E-03
-1.02702559E+01	-1.94075629E+00	7.53534906E-03	-2.35013248E-03
-1.02586764E+01	-1.02153722E-01	7.53366662E-03	-2.36231136E-03
-9.93270226E+00	1.67628547E+00	7.53198326E-03	-2.37449654E-03
-9.31198448E+00	3.34229847E+00	7.53029899E-03	-2.38668807E-03
-8.42465001E+00	4.84847960E+00	7.52861378E-03	-2.39888601E-03
-7.30623206E+00	6.15361986E+00	7.52692763E-03	-2.41109042E-03
-5.99839506E+00	7.22382541E+00	7.52524054E-03	-2.42330138E-03
-4.54749823E+00	8.03338479E+00	7.52355249E-03	-2.43551893E-03
-3.00304561E+00	8.56536323E+00	7.52186348E-03	-2.44774315E-03
-1.41607325E+00	8.81191099E+00	7.52017349E-03	-2.45997410E-03
1.62474892E-01	8.77428226E+00	7.51848252E-03	-2.47221184E-03
1.68333129E+00	8.46257004E+00	7.51679056E-03	-2.48445643E-03
3.10040101E+00	7.89517136E+00	7.51509759E-03	-2.49670794E-03
4.37212449E+00	7.09800514E+00	7.51340362E-03	-2.50896643E-03
5.46266730E+00	6.10351268E+00	7.51170863E-03	-2.52123196E-03
6.34290321E+00	4.94947658E+00	7.51001261E-03	-2.53350460E-03
6.99116415E+00	3.67769923E+00	7.50831556E-03	-2.54578442E-03
7.39373863E+00	2.33258529E+00	7.50661746E-03	-2.55807147E-03
7.54510830E+00	9.59674885E-01	7.50491831E-03	-2.57036583E-03
7.44792085E+00	-3.95825278E-01	7.50321809E-03	-2.58266754E-03
7.11270609E+00	-1.69046647E+00	7.50151681E-03	-2.59497669E-03
6.55734942E+00	-2.88389434E+00	7.49981444E-03	-2.60729334E-03
5.80634495E+00	-3.94005675E+00	7.49811098E-03	-2.61961754E-03
4.88985643E+00	-4.82824787E+00	7.49640642E-03	-2.63194937E-03
3.84262005E+00	-5.52395902E+00	7.49470076E-03	-2.64428889E-03
2.70272723E+00	-6.00951353E+00	7.49299398E-03	-2.65663616E-03
1.51032865E+00	-6.27447044E+00	7.49128607E-03	-2.66899125E-03
3.06302089E-01	-6.31578917E+00	7.48957702E-03	-2.68135423E-03
-8.69072545E-01	-6.13775527E+00	7.48786683E-03	-2.69372517E-03
-1.97738951E+00	-5.75167488E+00	7.48615549E-03	-2.70610412E-03
-2.98330517E+00	-5.17535266E+00	7.48444298E-03	-2.71849115E-03
-3.85560194E+00	-4.43237454E+00	7.48272930E-03	-2.73088634E-03
-4.56809713E+00	-3.55122237E+00	7.48101444E-03	-2.74328974E-03
-5.10037130E+00	-2.56425227E+00	7.47929839E-03	-2.75570143E-03
-5.43829691E+00	-1.50657221E+00	7.47758113E-03	-2.76812147E-03
-5.57435495E+00	-4.14856602E-01	7.47586267E-03	-2.78054992E-03
-5.50773399E+00	6.73862941E-01	7.47414299E-03	-2.79298687E-03
-5.24421361E+00	1.72339178E+00	7.47242208E-03	-2.80543236E-03
-4.79584034E+00	2.69951371E+00	7.47069993E-03	-2.81788647E-03
-4.18041128E+00	3.57104467E+00	7.46897653E-03	-2.83034927E-03
-3.42078582E+00	4.31076702E+00	7.46725188E-03	-2.84282083E-03
-2.54405138E+00	4.89621755E+00	7.46552596E-03	-2.85530120E-03
-1.58057268E+00	5.31030727E+00	7.46379876E-03	-2.86779047E-03
-5.62957454E-01	5.54175713E+00	7.46207028E-03	-2.88028870E-03
4.75026746E-01	5.58533996E+00	7.46034051E-03	-2.89279596E-03
1.49954921E+00	5.44192521E+00	7.45860942E-03	-2.90531231E-03
2.47779111E+00	5.11832955E+00	7.45687703E-03	-2.91783783E-03
3.37896530E+00	4.62698239E+00	7.45514331E-03	-2.93037259E-03
4.17524994E+00	3.98542116E+00	7.45340825E-03	-2.94291665E-03
4.84260813E+00	3.21563605E+00	7.45167186E-03	-2.95547008E-03
5.36147045E+00	2.34328853E+00	7.44993411E-03	-2.96803296E-03
5.71726183E+00	1.39683106E+00	7.44819499E-03	-2.98060535E-03
5.90075967E+00	4.06558244E-01	7.44645451E-03	-2.99318732E-03
5.90827591E+00	-5.96379163E-01	7.44471264E-03	-3.00577895E-03
5.74166133E+00	-1.58096543E+00	7.44296937E-03	-3.01838030E-03
5.40813609E+00	-2.51728474E+00	7.44122471E-03	-3.03099145E-03
4.91995601E+00	-3.37743025E+00	7.43947863E-03	-3.04361246E-03
4.29392899E+00	-4.13632979E+00	7.43773113E-03	-3.05624341E-03
3.55080027E+00	-4.77246449E+00	7.43598220E-03	-3.06888437E-03
2.71452906E+00	-5.26846031E+00	7.43423183E-03	-3.08153541E-03
1.81148196E+00	-5.61153690E+00	7.43248000E-03	-3.09419660E-03
8.69570249E-01	-5.79380345E+00	7.43072671E-03	-3.10686801E-03
-8.26402814E-02	-5.81239594E+00	7.42897195E-03	-3.11954972E-03
-1.01681867E+00	-5.66945557E+00	7.42721571E-03	-3.13224179E-03
-1.90572944E+00	-5.37195304E+00	7.42545797E-03	-3.14494431E-03
-2.72403851E+00	-4.93136820E+00	7.42369873E-03	-3.15765734E-03
-3.44904070E+00	-4.36323875E+00	7.42193798E-03	-3.17038096E-03
-4.06128824E+00	-3.68659555E+00	7.42017570E-03	-3.18311523E-03
-4.54510353E+00	-2.92330501E+00	7.41841189E-03	-3.19586024E-03
-4.88896314E+00	-2.09734172E+00	7.41664654E-03	-3.20861605E-03
-5.08574502E+00	-1.23401542E+00	7.41487963E-03	-3.22138275E-03
-5.13283487E+00	-3.59177867E-01	7.41311116E-03	-3.23416040E-03
-5.03209239E+00	5.01565560E-01	7.41134111E-03	-3.24694907E-03
-4.78968262E+00	1.32361527E+00	7.40956947E-03	-3.25974886E-03
-4.41578137E+00	2.08408529E+00	7.40779624E-03	-3.27255982E-03
-3.92416769E+00	2.76243928E+00	7.40602141E-03	-3.28538203E-03
-3.33171912E+00	3.34103747E+00	7.40424495E-03	-3.29821557E-03
-2.65782843E+00	3.80558029E+00	7.40246687E-03	-3.31106052E-03
-1.92376195E+00	4.14543853E+00	7.40068715E-03	-3.32391694E-03
-1.15198115E+00	4.35386343E+00	7.39890578E-03	-3.33678492E-03
-3.65449180E-01	4.42807422E+00	7.39712274E-03	-3.34966454E-03
4.13055756E-01	4.36922445E+00	7.39533804E-03	-3.36255586E-03
1.16159979E+00	4.18225232E+00	7.39355166E-03	-3.37545897E-03
1.85970628E+00	3.87562335E+00	7.39176359E-03	-3.38837394E-03
2.48890532E+00	3.46097713E+00	7.38997381E-03	-3.40130085E-03
3.03320548E+00	2.95269217E+00	7.38818232E-03	-3.41423978E-03
3.47947642E+00	2.36738490E+00	7.38638910E-03	-3.42719080E-03
3.81773406E+00	1.72336054E+00	7.38459415E-03	-3.44015400E-03
4.04132354E+00	1.04003391E+00	7.38279745E-03	-3.45312944E-03
4.14699836E+00	3.37338961E-01	7.38099899E-03	-3.46611722E-03
4.13489742E+00	-3.64855033E-01	7.37919877E-03	-3.47911741E-03
4.00842485E+00	-1.04730346E+00	7.37739676E-03	-3.49213008E-03
3.77404018E+00	-1.69190676E+00	7.37559296E-03	-3.50515532E-03
3.44096871E+00	-2.28217757E+00	7.37378736E-03	-3.51819321E-03
3.02084440E+00	-2.80364306E+00	7.37197995E-03	-3.53124382E-03
2.52729843E+00	-3.24417339E+00	7.37017071E-03	-3.54430725E-03
1.97550822E+00	-3.59423019E+00	7.36835964E-03	-3.55738356E-03
1.38172179E+00	-3.84703118E+00	7.36654672E-03	-3.57047283E-03
7.62772550E-01	-3.99863041E+00	7.36473194E-03	-3.58357516E-03
1.35599062E-01	-4.04791570E+00	7.36291529E-03	-3.59669062E-03
-4.83216676E-01	-3.99652748E+00	7.36109676E-03	-3.60981929E-03
-1.07788002E+00	-3.84870545E+00	7.35927633E-03	-3.62296125E-03
-1.63377290E+00	-3.61107112E+00	7.35745400E-03	-3.63611659E-03
-2.13779263E+00	-3.29235590E+00	7.35562976E-03	-3.64928539E-03
-2.57863352E+00	-2.90308538E+00	7.35380358E-03	-3.66246773E-03
-2.94700661E+00	-2.45523109E+00	7.35197547E-03	-3.67566370E-03
-3.23579505E+00	-1.96184133E+00	7.35014540E-03	-3.68887337E-03
-3.44014456E+00	-1.43666257E+00	7.34831337E-03	-3.70209684E-03
-3.55749061E+00	-8.93762107E-01	7.34647937E-03	-3.71533418E-03
-3.58752541E+00	-3.47162418E-01	7.34464338E-03	-3.72858548E-03
-3.53210957E+00	1.89504070E-01	7.34280539E-03	-3.74185083E-03
-3.39513434E+00	7.03311827E-01	7.34096539E-03	-3.75513030E-03
-3.18234146E+00	1.18232445E+00	7.33912337E-03	-3.76842399E-03
-2.90110812E+00	1.61583747E+00	7.33727932E-03	-3.78173198E-03
-2.56020496E+00	1.99457835E+00	7.33543321E-03	-3.79505436E-03
-2.16953512E+00	2.31086201E+00	7.33358505E-03	-3.80839120E-03
-1.73986200E+00	2.55870137E+00	7.33173482E-03	-3.82174261E-03
-1.28253302E+00	2.73387379E+00	7.32988250E-03	-3.83510866E-03
-8.09206156E-01	2.83394537E+00	7.32802809E-03	-3.84848945E-03
-3.31584868E-01	2.85825599E+00	7.32617157E-03	-3.86188506E-03
1.38833357E-01	2.80786849E+00	7.32431293E-03	-3.87529557E-03
5.90990974E-01	2.68548614E+00	7.32245216E-03	-3.88872108E-03
1.01448365E+00	2.49534260E+00	7.32058924E-03	-3.90216167E-03
1.39975067E+00	2.24306869E+00	7.31872417E-03	-3.91561744E-03
1.73824099E+00	1.93554013E+00	7.31685692E-03	-3.92908847E-03
2.02255432E+00	1.58071050E+00	7.31498749E-03	-3.94257486E-03
2.24655700E+00	1.18743275E+00	7.31311587E-03	-3.95607668E-03
2.40547308E+00	7.65272765E-01	7.31124204E-03	-3.96959404E-03
2.49595107E+00	3.24317763E-01	7.30936599E-03	-3.98312702E-03
2.51610730E+00	-1.25018183E-01	7.30748770E-03	-3.99667572E-03
2.46554648E+00	-5.72189314E-01	7.30560717E-03	-4.01024022E-03
2.34536035E+00	-1.00671241E+00	7.30372438E-03	-4.02382061E-03
2.15810498E+00	-1.41835854E+00	7.30183932E-03	-4.03741700E-03
1.90775714E+00	-1.79734093E+00	7.29995197E-03	-4.05102947E-03
1.59964999E+00	-2.13449762E+00	7.29806232E-03	-4.06465811E-03
1.24038817E+00	-2.42146730E+00	7.29617036E-03	-4.07830302E-03
8.37742423E-01	-2.65085672E+00	7.29427608E-03	-4.09196429E-03
4.00523511E-01	-2.81639766E+00	7.29237946E-03	-4.10564201E-03
-6.15642546E-02	-2.91309122E+00	7.29048049E-03	-4.11933628E-03
-5.38089690E-01	-2.93733666E+00	7.28857915E-03	-4.13304720E-03
-1.01808091E+00	-2.88704200E+00	7.28667544E-03	-4.14677486E-03
-1.49022984E+00	-2.76171301E+00	7.28476933E-03	-4.16051935E-03
-1.94311333E+00	-2.56251730E+00	7.28286082E-03	-4.17428077E-03
-2.36542840E+00	-2.29231988E+00	7.28094989E-03	-4.18805921E-03
-2.74623842E+00	-1.95568708E+00	7.27903653E-03	-4.20185478E-03
-3.07522612E+00	-1.55885546E+00	7.27712072E-03	-4.21566757E-03
-3.34294867E+00	-1.10966339E+00	7.27520245E-03	-4.22949768E-03
-3.54108921E+00	-6.17443078E-01	7.27328171E-03	-4.24334520E-03
-3.66269845E+00	-9.28722113E-02	7.27135849E-03	-4.25721023E-03
-3.70241975E+00	4.52214999E-01	7.26943276E-03	-4.27109288E-03
-3.65669041E+00	1.00505610E+00	7.26750452E-03	-4.28499324E-03
-3.52391196E+00	1.55222558E+00	7.26557374E-03	-4.29891140E-03
-3.30458240E+00	2.07993302E+00	7.26364043E-03	-4.31284748E-03
-3.00138369E+00	2.57434902E+00	7.26170456E-03	-4.32680157E-03
-2.61921851E+00	3.02195208E+00	7.25976611E-03	-4.34077377E-03
-2.16519138E+00	3.40988862E+00	7.25782508E-03	-4.35476419E-03
-1.64853044E+00	3.72633688E+00	7.25588145E-03	-4.36877292E-03
-1.08044768E+00	3.96086480E+00	7.25393521E-03	-4.38280006E-03
-4.73937417E-01	4.10477111E+00	7.25198633E-03	-4.39684573E-03
1.56485700E-01	4.15139867E+00	7.25003482E-03	-4.41091001E-03
7.95105383E-01	4.09640893E+00	7.24808064E-03	-4.42499303E-03
1.42537361E+00	3.93800715E+00	7.24612379E-03	-4.43909487E-03
2.03032407E+00	3.67710827E+00	7.24416426E-03	-4.45321565E-03
2.59301951E+00	3.31743510E+00	7.24220202E-03	-4.46735546E-03
3.09702181E+00	2.86554162E+00	7.24023706E-03	-4.48151442E-03
3.52687193E+00	2.33075633E+00	7.23826938E-03	-4.49569263E-03
3.86856594E+00	1.72504281E+00	7.23629894E-03	-4.50989019E-03
4.11001246E+00	1.06277699E+00	7.23432575E-03	-4.52410722E-03
4.24145671E+00	3.60443381E-01	7.23234977E-03	-4.53834381E-03
4.25585644E+00	-3.63744775E-01	7.23037101E-03	-4.55260009E-03
4.14919586E+00	-1.09029390E+00	7.22838943E-03	-4.56687615E-03
3.92072479E+00	-1.79893672E+00	7.22640503E-03	-4.58117210E-03
3.57311208E+00	-2.46918450E+00	7.22441780E-03	-4.59548806E-03
3.11250440E+00	-3.08091023E+00	7.22242771E-03	-4.60982412E-03
2.54848419E+00	-3.61494621E+00	7.22043475E-03	-4.62418042E-03
1.89392344E+00	-4.05367834E+00	7.21843891E-03	-4.63855704E-03
1.16473311E+00	-4.38161866E+00	7.21644016E-03	-4.65295411E-03
3.79511371E-01	-4.58593754E+00	7.21443850E-03	-4.66737173E-03
-4.40902825E-01	-4.65693733E+00	7.21243390E-03	-4.68181003E-03
-1.27396098E+00	-4.58845038E+00	7.21042636E-03	-4.69626910E-03
-2.09600813E+00	-4.37814607E+00	7.20841586E-03	-4.71074907E-03
-2.88294195E+00	-4.02773359E+00	7.20640237E-03	-4.72525004E-03
-3.61090967E+00	-3.54305023E+00	7.20438588E-03	-4.73977214E-03
-4.25702265E+00	-2.93402804E+00	7.20236639E-03	-4.75431547E-03
-4.80006698E+00	-2.21453525E+00	7.20034386E-03	-4.76888016E-03
-5.22118812E+00	-1.40209291E+00	7.19831829E-03	-4.78346631E-03
-5.50452711E+00	-5.17471048E-01	7.19628966E-03	-4.79807405E-03
-5.63778715E+00	4.15827434E-01	7.19425795E-03	-4.81270348E-03
-5.61271034E+00	1.37218272E+00	7.19222314E-03	-4.82735474E-03
-5.42544684E+00	2.32455828E+00	7.19018522E-03	-4.84202793E-03
-5.07680142E+00	3.24526625E+00	7.18814417E-03	-4.85672318E-03
-4.57234578E+00	4.10677617E+00	7.18609998E-03	-4.87144060E-03
-3.92238888E+00	4.88254348E+00	7.18405263E-03	-4.88618031E-03
-3.14180190E+00	5.54783239E+00	7.18200209E-03	-4.90094244E-03
-2.24969880E+00	6.08050744E+00	7.17994836E-03	-4.91572710E-03
-1.26897828E+00	6.46176823E+00	7.17789142E-03	-4.93053442E-03
-2.25737203E-01	6.67680267E+00	7.17583124E-03	-4.94536452E-03
8.51429702E-01	6.71533616E+00	7.17376782E-03	-4.96021752E-03
1.93222531E+00	6.57205674E+00	7.17170113E-03	-4.97509354E-03
2.98551856E+00	6.24689958E+00	7.16963116E-03	-4.98999271E-03
3.98026073E+00	5.74517810E+00	7.16755789E-03	-5.00491515E-03
4.88642231E+00	5.07755384E+00	7.16548130E-03	-5.01986099E-03
5.67592177E+00	4.25984168E+00	7.16340137E-03	-5.03483035E-03
6.32351709E+00	3.31265257E+00	7.16131809E-03	-5.04982336E-03
6.80763135E+00	2.26088073E+00	7.15923144E-03	-5.06484015E-03
7.11108517E+00	1.13304771E+00	7.15714139E-03	-5.07988084E-03
7.22171087E+00	-3.94796575E-02	7.15504794E-03	-5.09494556E-03
7.13282656E+00	-1.22337600E+00	7.15295106E-03	-5.11003445E-03
6.84355228E+00	-2.38432344E+00	7.15085074E-03	-5.12514762E-03
6.35895477E+00	-3.48802876E+00	7.14874695E-03	-5.14028521E-03
5.69001274E+00	-4.50126087E+00	7.14663968E-03	-5.15544736E-03
4.85339993E+00	-5.39287690E+00	7.14452892E-03	-5.17063418E-03
3.87108887E+00	-6.13480457E+00	7.14241463E-03	-5.18584582E-03
2.76978426E+00	-6.70294938E+00	7.14029680E-03	-5.20108241E-03
1.58020004E+00	-7.07799685E+00	7.13817542E-03	-5.21634408E-03
3.36199770E-01	-7.24608285E+00	7.13605046E-03	-5.23163096E-03
-9.26175372E-01	-7.19930852E+00	7.13392191E-03	-5.24694319E-03
-2.16976298E+00	-6.93608088E+00	7.13178974E-03	-5.26228090E-03
-3.35738861E+00	-6.46126548E+00	7.12965394E-03	-5.27764424E-03
-4.45299412E+00	-5.78614284E+00	7.12751449E-03	-5.29303333E-03
-5.42275049E+00	-4.92816674E+00	7.12537137E-03	-5.30844831E-03
-6.23611983E+00	-3.91052857E+00	7.12322455E-03	-5.32388933E-03
-6.86683301E+00	-2.76153802E+00	7.12107402E-03	-5.33935652E-03
-7.29375066E+00	-1.51383665E+00	7.11891976E-03	-5.35485003E-03
-7.50157908E+00	-2.03466027E-01	7.11676175E-03	-5.37036998E-03
-7.48141649E+00	1.13118249E+00	7.11459997E-03	-5.38591653E-03
-7.23110979E+00	2.45050550E+00	7.11243440E-03	-5.40148981E-03
-6.75540822E+00	3.71487855E+00	7.11026501E-03	-5.41708997E-03
-6.06590598E+00	4.88586379E+00	7.10809179E-03	-5.43271715E-03
-5.18077274E+00	5.92739704E+00	7.10591473E-03	-5.44837149E-03
-4.12427759E+00	6.80691671E+00	7.10373378E-03	-5.46405315E-03
-2.92611856E+00	7.49639854E+00	7.10154895E-03	-5.47976226E-03
-1.62057607E+00	7.97326263E+00	7.09936020E-03	-5.49549897E-03
-2.45514762E-01	8.22112280E+00	7.09716752E-03	-5.51126343E-03
1.15873721E+00	8.23035272E+00	7.09497088E-03	-5.52705578E-03
2.55059748E+00	7.99844914E+00	7.09277026E-03	-5.54287618E-03
3.88849083E+00	7.53017822E+00	7.09056564E-03	-5.55872478E-03
5.13212350E+00	6.83749815E+00	7.08835701E-03	-5.57460172E-03
6.24373065E+00	5.93925771E+00	7.08614433E-03	-5.59050716E-03
7.18925772E+00	4.86067817E+00	7.08392759E-03	-5.60644124E-03
7.93943777E+00	3.63263211E+00	7.08170677E-03	-5.62240413E-03
8.47072993E+00	2.29074008E+00	7.07948184E-03	-5.63839597E-03
8.76608825E+00	8.74311335E-01	7.07725278E-03	-5.65441692E-03
8.81553497E+00	-5.74839261E-01	7.07501957E-03	-5.67046713E-03
8.61651839E+00	-2.01366244E+00	7.07278219E-03	-5.68654676E-03
8.17404225E+00	-3.39919443E+00	7.07054062E-03	-5.70265597E-03
7.50056028E+00	-4.68988457E+00	7.06829482E-03	-5.71879492E-03
6.61563736E+00	-5.84688882E+00	7.06604479E-03	-5.73496376E-03
5.54538595E+00	-6.83528813E+00	7.06379050E-03	-5.75116265E-03
4.32169375E+00	-7.62519268E+00	7.06153192E-03	-5.76739175E-03
2.98126527E+00	-8.19269610E+00	7.05926903E-03	-5.78365123E-03
1.56450609E+00	-8.52064855E+00	7.05700182E-03	-5.79994124E-03
1.14284021E-01	-8.59922269E+00	7.05473025E-03	-5.81626196E-03
-1.32539471E+00	-8.42625323E+00	7.05245430E-03	-5.83261354E-03
-2.71075285E+00	-8.00733764E+00	7.05017395E-03	-5.84899615E-03
-3.99961014E+00	-7.35569323E+00	7.04788917E-03	-5.86540995E-03
-5.15270859E+00	-6.49177340E+00	7.04559995E-03	-5.88185511E-03
-6.13495268E+00	-5.44265368E+00	7.04330626E-03	-5.89833180E-03
-6.91652454E+00	-4.24120564E+00	7.04100807E-03	-5.91484019E-03
-7.47383801E+00	-2.92508344E+00	7.03870536E-03	-5.93138045E-03
-7.79030007E+00	-1.53555428E+00	7.03639811E-03	-5.94795274E-03
-7.85685443E+00	-1.16208815E-01	7.03408629E-03	-5.96455725E-03
-7.67228862E+00	1.28840781E+00	7.03176987E-03	-5.98119413E-03
-7.24329347E+00	2.63420140E+00	7.02944884E-03	-5.99786357E-03
-6.58427162E+00	3.87892589E+00	7.02712316E-03	-6.01456574E-03
-5.71689993E+00	4.98352744E+00	7.02479282E-03	-6.03130081E-03
-4.66945838E+00	5.91339258E+00	7.02245779E-03	-6.04806897E-03
-3.47594562E+00	6.63945962E+00	7.02011803E-03	-6.06487038E-03
-2.17500855E+00	7.13915729E+00	7.01777354E-03	-6.08170523E-03
-8.08719050E-01	7.39713953E+00	7.01542427E-03	-6.09857369E-03
5.78763551E-01	7.40579190E+00	7.01307022E-03	-6.11547596E-03
1.94260195E+00	7.16549227E+00	7.01071134E-03	-6.13241220E-03
3.23871750E+00	6.68461610E+00	7.00834761E-03	-6.14938260E-03
4.42520778E+00	5.97928496E+00	7.00597902E-03	-6.16638735E-03
5.46369969E+00	5.07286515E+00	7.00360552E-03	-6.18342663E-03
6.32059396E+00	3.99523130E+00	7.00122710E-03	-6.20050062E-03
6.96816072E+00	2.78181750E+00	6.99884373E-03	-6.21760951E-03
7.38544991E+00	1.47248561E+00	6.99645538E-03	-6.23475350E-03
7.55898646E+00	1.10246239E-01	6.99406202E-03	-6.25193276E-03
7.48322671E+00	-1.26012698E+00	6.99166364E-03	-6.26914749E-03
7.16076014E+00	-2.59354562E+00	6.98926019E-03	-6.28639789E-03
6.60224876E+00	-3.84607082E+00	6.98685166E-03	-6.30368413E-03
5.82610478E+00	-4.97634637E+00	6.98443801E-03	-6.32100643E-03
4.85791568E+00	-5.94695419E+00	6.98201922E-03	-6.33836496E-03
3.72963406E+00	-6.72564797E+00	6.97959526E-03	-6.35575994E-03
2.47855730E+00	-7.28642436E+00	6.97716610E-03	-6.37319154E-03
1.14612891E+00	-7.61039627E+00	6.97473171E-03	-6.39065998E-03
-2.23400367E-01	-7.68643906E+00	6.97229207E-03	-6.40816545E-03
-1.58440927E+00	-7.51158742E+00	6.96984715E-03	-6.42570816E-03
-2.89139441E+00	-7.09116880E+00	6.96739692E-03	-6.44328830E-03
-4.10046244E+00	-6.43866770E+00	6.96494134E-03	-6.46090608E-03
-5.17077762E+00	-5.57532375E+00	6.96248039E-03	-6.47856169E-03
-6.06591772E+00	-4.52947503E+00	6.96001405E-03	-6.49625536E-03
-6.75509377E+00	-3.33566671E+00	6.95754227E-03	-6.51398728E-03
-7.21419331E+00	-2.03355235E+00	6.95506504E-03	-6.53175767E-03
-7.42661242E+00	-6.66622323E-01	6.95258232E-03	-6.54956672E-03
-7.38384824E+00	7.19200378E-01	6.95009408E-03	-6.56741466E-03
-7.08583149E+00	2.07705236E+00	6.94760029E-03	-6.58530169E-03
-6.54098644E+00	3.36066225E+00	6.94510092E-03	-6.60322802E-03
-5.76601500E+00	4.52587392E+00	6.94259595E-03	-6.62119388E-03
-4.78540990E+00	5.53211119E+00	6.94008533E-03	-6.63919948E-03
-3.63071120E+00	6.34373633E+00	6.93756904E-03	-6.65724503E-03
-2.33952846E+00	6.93125757E+00	6.93504705E-03	-6.67533076E-03
-9.54358603E-01	7.27234582E+00	6.93251933E-03	-6.69345687E-03
4.78763624E-01	7.35262627E+00	6.92998584E-03	-6.71162360E-03
1.91174020E+00	7.16621807E+00	6.92744656E-03	-6.72983117E-03
3.29596263E+00	6.71600272E+00	6.92490144E-03	-6.74807980E-03
4.58389347E+00	6.01361082E+00	6.92235047E-03	-6.76636971E-03
5.73062584E+00	5.07912560E+00	6.91979360E-03	-6.78470114E-03
6.69537055E+00	3.94051075E+00	6.91723080E-03	-6.80307430E-03
7.44282254E+00	2.63277913E+00	6.91466205E-03	-6.82148944E-03
7.94436174E+00	1.19692710E+00	6.91208731E-03	-6.83994678E-03
8.17904875E+00	-3.21332950E-01	6.90950654E-03	-6.85844655E-03
8.13438182E+00	-1.87300261E+00	6.90691971E-03	-6.87698899E-03
7.80678916E+00	-3.40734543E+00	6.90432679E-03	-6.89557433E-03
7.20183888E+00	-4.87350419E+00	6.90172775E-03	-6.91420281E-03
6.33415783E+00	-6.22213605E+00	6.89912254E-03	-6.93287467E-03
5.22705965E+00	-7.40701377E+00	6.89651114E-03	-6.95159015E-03
3.91189196E+00	-8.38654136E+00	6.89389352E-03	-6.97034949E-03
2.42712122E+00	-9.12513540E+00	6.89126963E-03	-6.98915294E-03
8.17182716E-01	-9.59442698E+00	6.88863944E-03	-7.00800073E-03
-8.68869795E-01	-9.77424464E+00	6.88600292E-03	-7.02689312E-03
-2.57887301E+00	-9.65334567E+00	6.88336003E-03	-7.04583034E-03
-4.25917511E+00	-9.22987046E+00	6.88071074E-03	-7.06481266E-03
-5.85631815E+00	-8.51150371E+00	6.87805500E-03	-7.08384032E-03
-7.31872915E+00	-7.51533513E+00	6.87539279E-03	-7.10291358E-03
-8.59836632E+00	-6.26742193E+00	6.87272407E-03	-7.12203268E-03
-9.65226820E+00	-4.80206481E+00	6.87004880E-03	-7.14119790E-03
-1.04439561E+01	-3.16081818E+00	6.86736695E-03	-7.16040947E-03
-1.09446446E+01	-1.39126408E+00	6.86467847E-03	-7.17966767E-03
-1.11342210E+01	4.54413401E-01	6.86198333E-03	-7.19897274E-03
-1.10019606E+01	2.32100965E+00	6.85928149E-03	-7.21832497E-03
-1.05469545E+01	4.15198838E+00	6.85657292E-03	-7.23772461E-03
-9.77823412E+00	5.89122564E+00	6.85385757E-03	-7.25717192E-03
-8.71458602E+00	7.48475460E+00	6.85113542E-03	-7.27666717E-03
-7.38406231E+00	8.88245655E+00	6.84840641E-03	-7.29621065E-03
-5.82319849E+00	1.00396450E+01	6.84567051E-03	-7.31580260E-03
-4.07596228E+00	1.09184925E+01	6.84292769E-03	-7.33544332E-03
-2.19246429E+00	1.14892553E+01	6.84017790E-03	-7.35513307E-03
-2.27469370E-01	1.17312554E+01	6.83742110E-03	-7.37487213E-03
1.76124607E+00	1.16335898E+01	6.83465725E-03	-7.39466078E-03
3.71464068E+00	1.11955411E+01	6.83188632E-03	-7.41449931E-03
5.57420491E+00	1.04266773E+01	6.82910826E-03	-7.43438798E-03
7.28375234E+00	9.34663497E+00	6.82632303E-03	-7.45432710E-03
8.79115010E+00	7.98459029E+00	6.82353059E-03	-7.47431694E-03
1.00499344E+01	6.37843461E+00	6.82073090E-03	-7.49435779E-03
1.10207604E+01	4.57367712E+00	6.81792392E-03	-7.51444995E-03
1.16726416E+01	2.62210808E+00	6.81510961E-03	-7.53459370E-03
1.19839380E+01	5.80262750E-01	6.81228792E-03	-7.55478934E-03
1.19430635E+01	-1.49226720E+00	6.80945881E-03	-7.57503717E-03
1.15488874E+01	-3.53462344E+00	6.80662224E-03	-7.59533748E-03
1.08108187E+01	-5.48651689E+00	6.80377816E-03	-7.61569058E-03
9.74856762E+00	-7.29005327E+00	6.80092654E-03	-7.63609676E-03
8.39159158E+00	-8.89149213E+00	6.79806733E-03	-7.65655634E-03
6.77824194E+00	-1.02428848E+01	6.79520048E-03	-7.67706962E-03
4.95463622E+00	-1.13035405E+01	6.79232596E-03	-7.69763690E-03
2.97329042E+00	-1.20412751E+01	6.78944371E-03	-7.71825850E-03
8.91552697E-01	-1.24334033E+01	6.78655369E-03	-7.73893473E-03
-1.23011381E+00	-1.24674437E+01	6.78365586E-03	-7.75966591E-03
-3.32994633E+00	-1.21415138E+01	6.78075017E-03	-7.78045236E-03
-5.34674039E+00	-1.14644024E+01	6.77783658E-03	-7.80129439E-03
-7.22169330E+00	-1.04553175E+01	6.77491503E-03	-7.82219232E-03
-8.90017629E+00	-9.14331575E+00	6.77198549E-03	-7.84314648E-03
-1.03333808E+01	-7.56643190E+00	6.76904790E-03	-7.86415720E-03
-1.14797884E+01	-5.77053358E+00	6.76610222E-03	-7.88522481E-03
-1.23064182E+01	-3.80793756E+00	6.76314841E-03	-7.90634963E-03
-1.27898147E+01	-1.73582936E+00	6.76018640E-03	-7.92753200E-03
-1.29167442E+01	3.85465059E-01	6.75721616E-03	-7.94877225E-03
-1.26845788E+01	2.49430228E+00	6.75423764E-03	-7.97007073E-03
-1.21013570E+01	4.52958288E+00	6.75125079E-03	-7.99142777E-03
-1.11855182E+01	6.43259414E+00	6.74825556E-03	-8.01284372E-03
-9.96531949E+00	8.14877706E+00	6.74525190E-03	-8.03431892E-03
-8.47795424E+00	9.62936341E+00	6.74223975E-03	-8.05585373E-03
-6.76839826E+00	1.08328324E+01	6.73921908E-03	-8.07744848E-03
-4.88802081E+00	1.17261422E+01	6.73618982E-03	-8.09910354E-03
-2.89300315E+00	1.22856987E+01	6.73315193E-03	-8.12081925E-03
-8.42613793E-01	1.24980320E+01	6.73010536E-03	-8.14259598E-03
1.20260578E+00	1.23601604E+01	6.72705006E-03	-8.16443410E-03
3.18268866E+00	1.18796305E+01	6.72398596E-03	-8.18633395E-03
5.04006616E+00	1.10742339E+01	6.72091303E-03	-8.20829591E-03
6.72131091E+00	9.97141003E+00	6.71783120E-03	-8.23032034E-03
8.17874572E+00	8.60735287E+00	6.71474043E-03	-8.25240762E-03
9.37186851E+00	7.02585220E+00	6.71164066E-03	-8.27455812E-03
1.02685496E+01	5.27690468E+00	6.70853183E-03	-8.29677222E-03
1.08459647E+01	3.41513915E+00	6.70541390E-03	-8.31905030E-03
1.10912357E+01	1.49810573E+00	6.70228680E-03	-8.34139273E-03
1.10017599E+01	-4.15517582E-01	6.69915049E-03	-8.36379991E-03
1.05852181E+01	-2.26774466E+00	6.69600490E-03	-8.38627222E-03
9.85926358E+00	-4.00307028E+00	6.69284998E-03	-8.40881006E-03
8.85090169E+00	-5.57017274E+00	6.68968567E-03	-8.43141381E-03
7.59558086E+00	-6.92347704E+00	6.68651192E-03	-8.45408388E-03
6.13602499E+00	-8.02453025E+00	6.68332867E-03	-8.47682065E-03
4.52084438E+00	-8.84314646E+00	6.68013586E-03	-8.49962455E-03
2.80296981E+00	-9.35828649E+00	6.67693344E-03	-8.52249597E-03
1.03795981E+00	-9.55864550E+00	6.67372134E-03	-8.54543531E-03
-7.17765331E-01	-9.44293136E+00	6.67049950E-03	-8.56844300E-03
-2.40870666E+00	-9.01982607E+00	6.66726787E-03	-8.59151944E-03
-3.98203058E+00	-8.30763288E+00	6.66402638E-03	-8.61466506E-03
-5.38921883E+00	-7.33362139E+00	6.66077498E-03	-8.63788028E-03
-6.58757256E+00	-6.13309257E+00	6.65751360E-03	-8.66116551E-03
-7.54152359E+00	-4.74819459E+00	6.65424218E-03	-8.68452120E-03
-8.22371195E+00	-3.22652771E+00	6.65096067E-03	-8.70794776E-03
-8.61579656E+00	-1.61958358E+00	6.64766899E-03	-8.73144563E-03
-8.70897421E+00	1.89308628E-02	6.64436709E-03	-8.75501526E-03
-8.50419162E+00	1.63483130E+00	6.64105490E-03	-8.77865707E-03
-8.01204487E+00	3.17519997E+00	6.63773236E-03	-8.80237152E-03
-7.25237077E+00	4.59008012E+00	6.63439940E-03	-8.82615906E-03
-6.25354413E+00	5.83406719E+00	6.63105596E-03	-8.85002013E-03
-5.05150465E+00	6.86774609E+00	6.62770197E-03	-8.87395518E-03
-3.68854532E+00	7.65892937E+00	6.62433737E-03	-8.89796468E-03
-2.21190214E+00	8.18365725E+00	6.62096209E-03	-8.92204910E-03
-6.72190661E-01	8.42692831E+00	6.61757607E-03	-8.94620888E-03
8.78259681E-01	8.38313829E+00	6.61417923E-03	-8.97044451E-03
2.38711998E+00	8.05621384E+00	6.61077151E-03	-8.99475645E-03
3.80376973E+00	7.45943785E+00	6.60735284E-03	-9.01914518E-03
5.08094325E+00	6.61497285E+00	6.60392315E-03	-9.04361119E-03
6.17626210E+00	5.55309861E+00	6.60048238E-03	-9.06815495E-03
7.05360428E+00	4.31118917E+00	6.59703044E-03	-9.09277695E-03
7.68426676E+00	2.93246297E+00	6.59356727E-03	-9.11747768E-03
8.04788419E+00	1.46454663E+00	6.59009280E-03	-9.14225765E-03
8.13307492E+00	-4.21007248E-02	6.58660696E-03	-9.16711734E-03
7.93779390E+00	-1.53585177E+00	6.58310968E-03	-9.19205727E-03
7.46938173E+00	-2.96561000E+00	6.57960087E-03	-9.21707793E-03
6.74430870E+00	-4.28248871E+00	6.57608048E-03	-9.24217985E-03
5.78762264E+00	-5.44141572E+00	6.57254841E-03	-9.26736353E-03
4.63211863E+00	-6.40261244E+00	6.56900461E-03	-9.29262950E-03
3.31725780E+00	-7.13289945E+00	6.56544899E-03	-9.31797827E-03
1.88787031E+00	-7.60678692E+00	6.56188147E-03	-9.34341038E-03
3.92684468E-01	-7.80731481E+00	6.55830199E-03	-9.36892637E-03
-1.11727051E+00	-7.72661588E+00	6.55471046E-03	-9.39452675E-03
-2.59033638E+00	-7.36618370E+00	6.55110680E-03	-9.42021209E-03
-3.97591872E+00	-6.73683698E+00	6.54749094E-03	-9.44598292E-03
-5.22614609E+00	-5.85838160E+00	6.54386280E-03	-9.47183979E-03
-6.29744211E+00	-4.75898110E+00	6.54022229E-03	-9.49778325E-03
-7.15195993E+00	-3.47425612E+00	6.53656935E-03	-9.52381387E-03
-7.75883287E+00	-2.04614152E+00	6.53290387E-03	-9.54993221E-03
-8.09520106E+00	-5.21537912E-01	6.52922579E-03	-9.57613884E-03
-8.14698099E+00	1.04919900E+00	6.52553502E-03	-9.60243432E-03
-7.90935317E+00	2.61388306E+00	6.52183148E-03	-9.62881924E-03
-7.38695209E+00	4.12018410E+00	6.51811508E-03	-9.65529418E-03
-6.59375221E+00	5.51732213E+00	6.51438574E-03	-9.68185972E-03
-5.55265355E+00	6.75771514E+00	6.51064338E-03	-9.70851647E-03
-4.29477963E+00	7.79852762E+00	6.50688790E-03	-9.73526501E-03
-2.85851033E+00	8.60307030E+00	6.50311922E-03	-9.76210594E-03
-1.28828003E+00	9.14200613E+00	6.49933725E-03	-9.78903988E-03
3.66820579E-01	9.39432407E+00	6.49554191E-03	-9.81606743E-03
2.05459480E+00	9.34804914E+00	6.49173310E-03	-9.84318921E-03
3.72139298E+00	9.00066606E+00	6.48791074E-03	-9.87040585E-03
5.31381583E+00	8.35924264E+00	6.48407474E-03	-9.89771798E-03
6.78041399E+00	7.44024877E+00	6.48022499E-03	-9.92512621E-03
8.07332967E+00	6.26907636E+00	6.47636142E-03	-9.95263121E-03
9.14982850E+00	4.87927531E+00	6.47248392E-03	-9.98023360E-03
9.97367261E+00	3.31152935E+00	6.46859241E-03	-1.00079340E-02
1.05162917E+01	1.61240413E+00	6.46468679E-03	-1.00357332E-02
1.07577145E+01	-1.67093322E-01	6.46076696E-03	-1.00636317E-02
1.06872314E+01	-1.97309808E+00	6.45683283E-03	-1.00916302E-02
1.03037670E+01	-3.75056407E+00	6.45288430E-03	-1.01197294E-02
9.61595023E+00	-5.44498124E+00	6.44892127E-03	-1.01479300E-02
8.64188064E+00	-7.00407908E+00	6.44494365E-03	-1.01762327E-02
7.40859715E+00	-8.37946279E+00	6.44095133E-03	-1.02046381E-02
5.95126639E+00	-9.52813090E+00	6.43694421E-03	-1.02331470E-02
4.31211577E+00	-1.04138264E+01	6.43292220E-03	-1.02617600E-02
2.53914495E+00	-1.10081791E+01	6.42888518E-03	-1.02904779E-02
6.84655994E-01	-1.12916034E+01	6.42483307E-03	-1.03193013E-02
-1.19635177E+00	-1.12539240E+01	6.42076574E-03	-1.03482310E-02
-3.04787191E+00	-1.08947081E+01	6.41668310E-03	-1.03772677E-02
-4.81461320E+00	-1.02232970E+01	6.41258504E-03	-1.04064122E-02
-6.44370026E+00	-9.25853335E+00	6.40847145E-03	-1.04356652E-02
-7.88629963E+00	-8.02819458E+00	6.40434224E-03	-1.04650274E-02
-9.09912047E+00	-6.56814949E+00	6.40019727E-03	-1.04944996E-02
-1.00457435E+01	-4.92126536E+00	6.39603646E-03	-1.05240825E-02
-1.06977368E+01	-3.13609935E+00	6.39185968E-03	-1.05537770E-02
-1.10355245E+01	-1.26541537E+00	6.38766682E-03	-1.05835837E-02
-1.10489813E+01	6.35427069E-01	6.38345778E-03	-1.06135035E-02
-1.07377352E+01	2.51016198E+00	6.37923243E-03	-1.06435371E-02
-1.01111696E+01	4.30333118E+00	6.37499066E-03	-1.06736854E-02
-9.18812536E+00	5.96197072E+00	6.37073236E-03	-1.07039491E-02
-7.99631297E+00	7.43721713E+00	6.36645741E-03	-1.07343291E-02
-6.57145328E+00	8.68578398E+00	6.36216569E-03	-1.07648262E-02
-4.95617498E+00	9.67126342E+00	6.35785708E-03	-1.07954411E-02
-3.19870319E+00	1.03652130E+01	6.35353147E-03	-1.08261748E-02
-1.35138048E+00	1.07479950E+01	6.34918872E-03	-1.08570280E-02
5.30933158E-01	1.08093424E+01	6.34482872E-03	-1.08880016E-02
2.39253169E+00	1.05486370E+01	6.34045134E-03	-1.09190965E-02
4.17855364E+00	9.97488927E+00	6.33605646E-03	-1.09503135E-02
5.83663982E+00	9.10642503E+00	6.33164395E-03	-1.09816535E-02
7.31850694E+00	7.97028738E+00	6.32721368E-03	-1.10131173E-02
8.58138908E+00	6.60137522E+00	6.32276553E-03	-1.10447059E-02
9.58930307E+00	5.04134551E+00	6.31829937E-03	-1.10764201E-02
1.03140997E+01	3.33731474E+00	6.31381507E-03	-1.11082609E-02
1.07362693E+01	1.54040046E+00	6.30931248E-03	-1.11402292E-02
1.08454786E+01	-2.95851025E-01	6.30479149E-03	-1.11723258E-02
1.06408234E+01	-2.11710165E+00	6.30025195E-03	-1.12045517E-02
1.01307913E+01	-3.86987252E+00	6.29569373E-03	-1.12369079E-02
9.33293681E+00	-5.50315762E+00	6.29111669E-03	-1.12693952E-02
8.27328235E+00	-6.96995074E+00	6.28652070E-03	-1.13020147E-02
6.98546301E+00	-8.22863923E+00	6.28190561E-03	-1.13347673E-02
5.50964540E+00	-9.24422230E+00	6.27727128E-03	-1.13676540E-02
3.89125432E+00	-9.98931763E+00	6.27261757E-03	-1.14006757E-02
2.17954845E+00	-1.04449268E+01	6.26794433E-03	-1.14338334E-02
4.26089922E-01	-1.06009373E+01	6.26325143E-03	-1.14671282E-02
-1.31684397E+00	-1.04563488E+01	6.25853871E-03	-1.15005611E-02
-2.99785753E+00	-1.00192168E+01	6.25380602E-03	-1.15341330E-02
-4.56799243E+00	-9.30631991E+00	6.24905322E-03	-1.15678451E-02
-5.98219483E+00	-8.34256212E+00	6.24428015E-03	-1.16016982E-02
-7.20064909E+00	-7.16013058E+00	6.23948666E-03	-1.16356936E-02
-8.18993821E+00	-5.79743775E+00	6.23467260E-03	-1.16698322E-02
-8.92399632E+00	-4.29788217E+00	6.22983781E-03	-1.17041152E-02
-9.38482599E+00	-2.70846774E+00	6.22498214E-03	-1.17385435E-02
-9.56295986E+00	-1.07832568E+00	6.22010542E-03	-1.17731183E-02
-9.45765504E+00	5.42814183E-01	6.21520749E-03	-1.18078408E-02
-9.07681657E+00	2.10615505E+00	6.21028820E-03	-1.18427119E-02
-8.43665484E+00	3.56532013E+00	6.20534738E-03	-1.18777329E-02
-7.56109044E+00	4.87774934E+00	6.20038486E-03	-1.19129048E-02
-6.48092701E+00	6.00596328E+00	6.19540048E-03	-1.19482288E-02
-5.23282037E+00	6.91865662E+00	6.19039406E-03	-1.19837061E-02
-3.85807782E+00	7.59158862E+00	6.18536545E-03	-1.20193379E-02
-2.40132661E+00	8.00824525E+00	6.18031446E-03	-1.20551252E-02
-9.09094427E-01	8.16025463E+00	6.17524092E-03	-1.20910694E-02
5.71653253E-01	8.04754548E+00	6.17014466E-03	-1.21271716E-02
1.99497287E+00	7.67824641E+00	6.16502550E-03	-1.21634330E-02
3.31735423E+00	7.06833177E+00	6.15988325E-03	-1.21998548E-02
4.49904032E+00	6.24102788E+00	6.15471775E-03	-1.22364384E-02
5.50521532E+00	5.22600080E+00	6.14952880E-03	-1.22731849E-02
6.30702532E+00	4.05835301E+00	6.14431623E-03	-1.23100956E-02
6.88240168E+00	2.77746268E+00	6.13907984E-03	-1.23471718E-02
7.21666358E+00	1.42570314E+00	6.13381944E-03	-1.23844148E-02
7.30288349E+00	4.70840201E-02	6.12853485E-03	-1.24218259E-02
7.14200655E+00	-1.31414293E+00	6.12322588E-03	-1.24594065E-02
6.74272312E+00	-2.61486922E+00	6.11789232E-03	-1.24971577E-02
6.12110111E+00	-3.81446325E+00	6.11253398E-03	-1.25350811E-02
5.29999222E+00	-4.87601104E+00	6.10715067E-03	-1.25731779E-02
4.30823324E+00	-5.76742639E+00	6.10174218E-03	-1.26114495E-02
3.17966959E+00	-6.46239730E+00	6.09630830E-03	-1.26498973E-02
1.95203365E+00	-6.94114089E+00	6.09084885E-03	-1.26885228E-02
6.65714518E-01	-7.19094543E+00	6.08536359E-03	-1.27273273E-02
-6.37541119E-01	-7.20648484E+00	6.07985234E-03	-1.27663122E-02
-1.91595565E+00	-6.98989862E+00	6.07431487E-03	-1.28054791E-02
-3.12903296E+00	-6.55063712E+00	6.06875097E-03	-1.28448294E-02
-4.23881568E+00	-5.90507975E+00	6.06316043E-03	-1.28843645E-02
-5.21104879E+00	-5.07594069E+00	6.05754302E-03	-1.29240860E-02
-6.01621400E+00	-4.09148288E+00	6.05189853E-03	-1.29639953E-02
-6.63040424E+00	-2.98456721E+00	6.04622674E-03	-1.30040940E-02
-7.03601269E+00	-1.79156839E+00	6.04052740E-03	-1.30443836E-02
-7.22221677E+00	-5.51192823E-01	6.03480031E-03	-1.30848658E-02
-7.18524450E+00	6.96763320E-01	6.02904522E-03	-1.31255420E-02
-6.92841714E+00	1.91267658E+00	6.02326191E-03	-1.31664138E-02
-6.46196939E+00	3.05833937E+00	6.01745013E-03	-1.32074830E-02
-5.80265520E+00	4.09814538E+00	6.01160966E-03	-1.32487510E-02
-4.97315398E+00	5.00018075E+00	6.00574024E-03	-1.32902195E-02
-4.00129777E+00	5.73718805E+00	5.99984164E-03	-1.33318903E-02
-2.91914564E+00	6.28737447E+00	5.99391360E-03	-1.33737650E-02
-1.76193585E+00	6.63504057E+00	5.98795589E-03	-1.34158452E-02
-5.66949674E-01	6.77101219E+00	5.98196824E-03	-1.34581328E-02
6.27676614E-01	6.69286403E+00	5.97595040E-03	-1.35006294E-02
1.78415408E+00	6.40493037E+00	5.96990211E-03	-1.35433368E-02
2.86622020E+00	5.91810486E+00	5.96382312E-03	-1.35862567E-02
3.84025822E+00	5.24943792E+00	5.95771316E-03	-1.36293911E-02
4.67632271E+00	4.42154654E+00	5.95157196E-03	-1.36727416E-02
5.34904033E+00	3.46185673E+00	5.94539926E-03	-1.37163102E-02
5.83835933E+00	2.40170422E+00	5.93919477E-03	-1.37600986E-02
6.13012615E+00	1.27532250E+00	5.93295823E-03	-1.38041088E-02
6.21647298E+00	1.18751229E-01	5.92668936E-03	-1.38483427E-02
6.09600647E+00	-1.03130069E+00	5.92038787E-03	-1.38928021E-02
5.77379381E+00	-2.13860132E+00	5.91405347E-03	-1.39374891E-02
5.26114888E+00	-3.16851591E+00	5.90768589E-03	-1.39824055E-02
4.57522713E+00	-4.08906649E+00	5.90128482E-03	-1.40275534E-02
3.73844387E+00	-4.87189895E+00	5.89484998E-03	-1.40729348E-02
2.77773581E+00	-5.49312868E+00	5.88838105E-03	-1.41185518E-02
1.72369032E+00	-5.93403995E+00	5.88187775E-03	-1.41644063E-02
6.09570712E-01	-6.18161911E+00	5.87533975E-03	-1.42105004E-02
-5.29731402E-01	-6.22890695E+00	5.86876677E-03	-1.42568364E-02
-1.65878350E+00	-6.07516140E+00	5.86215847E-03	-1.43034162E-02
-2.74270560E+00	-5.72582747E+00	5.85551455E-03	-1.43502420E-02
-3.74823594E+00	-5.19231767E+00	5.84883467E-03	-1.43973161E-02
-4.64473668E+00	-4.49161149E+00	5.84211853E-03	-1.44446406E-02
-5.40510925E+00	-3.64568836E+00	5.83536578E-03	-1.44922177E-02
-6.00659242E+00	-2.68081310E+00	5.82857611E-03	-1.45400498E-02
-6.43141996E+00	-1.62669756E+00	5.82174916E-03	-1.45881390E-02
-6.66731921E+00	-5.15565244E-01	5.81488460E-03	-1.46364878E-02
-6.70783724E+00	6.18851360E-01	5.80798208E-03	-1.46850983E-02
-6.55248636E+00	1.74234941E+00	5.80104126E-03	-1.47339731E-02
-6.20670676E+00	2.82129826E+00	5.79406178E-03	-1.47831146E-02
-5.68164930E+00	3.82365411E+00	5.78704329E-03	-1.48325250E-02
-4.99378708E+00	4.71991625E+00	5.77998542E-03	-1.48822069E-02
-4.16436958E+00	5.48399643E+00	5.77288780E-03	-1.49321628E-02
-3.21873771E+00	6.09397596E+00	5.76575007E-03	-1.49823951E-02
-2.18552196E+00	6.53272890E+00	5.75857185E-03	-1.50329064E-02
-1.09574958E+00	6.78839387E+00	5.75135276E-03	-1.50836994E-02
1.81114901E-02	6.85468200E+00	5.74409242E-03	-1.51347765E-02
1.12314201E+00	6.73101357E+00	5.73679043E-03	-1.51861405E-02
2.18696405E+00	6.42248119E+00	5.72944640E-03	-1.52377939E-02
3.17870680E+00	5.93964262E+00	5.72205993E-03	-1.52897396E-02
4.06991665E+00	5.29815148E+00	5.71463061E-03	-1.53419801E-02
4.83538493E+00	4.51823885E+00	5.70715804E-03	-1.53945184E-02
5.45386933E+00	3.62406320E+00	5.69964181E-03	-1.54473572E-02
5.90868843E+00	2.64294956E+00	5.69208148E-03	-1.55004994E-02
6.18817326E+00	1.60454241E+00	5.68447664E-03	-1.55539478E-02
6.28596376E+00	5.39898376E-01	5.67682685E-03	-1.56077053E-02
6.20114332E+00	-5.19453036E-01	5.66913168E-03	-1.56617749E-02
5.93820930E+00	-1.54245231E+00	5.66139069E-03	-1.57161595E-02
5.50688229E+00	-2.49942808E+00	5.65360342E-03	-1.57708623E-02
4.92176195E+00	-3.36296353E+00	5.64576942E-03	-1.58258862E-02
4.20184149E+00	-4.10868557E+00	5.63788824E-03	-1.58812344E-02
3.36989702E+00	-4.71595452E+00	5.62995940E-03	-1.59369099E-02
2.45177167E+00	-5.16843466E+00	5.62198244E-03	-1.59929161E-02
1.47557689E+00	-5.45453039E+00	5.61395687E-03	-1.60492560E-02
4.70835947E-01	-5.56767655E+00	5.60588222E-03	-1.61059330E-02
-5.32404294E-01	-5.50647620E+00	5.59775799E-03	-1.61629504E-02
-1.50446650E+00	-5.27468372E+00	5.58958368E-03	-1.62203115E-02
-2.41691434E+00	-4.88103556E+00	5.58135879E-03	-1.62780197E-02
-3.24337674E+00	-4.33893587E+00	5.57308281E-03	-1.63360785E-02
-3.96030111E+00	-3.66600794E+00	5.56475522E-03	-1.63944913E-02
-4.54761420E+00	-2.88352663E+00	5.55637550E-03	-1.64532616E-02
-4.98927214E+00	-2.01575001E+00	5.54794311E-03	-1.65123931E-02
-5.27368509E+00	-1.08917144E+00	5.53945752E-03	-1.65718894E-02
-5.39400532E+00	-1.31714955E-01	5.53091817E-03	-1.66317541E-02
-5.34827229E+00	8.28101301E-01	5.52232452E-03	-1.66919910E-02
-5.13941215E+00	1.76200869E+00	5.51367600E-03	-1.67526038E-02
-4.77509378E+00	2.64281374E+00	5.50497204E-03	-1.68135963E-02
-4.26744735E+00	3.44518188E+00	5.49621207E-03	-1.68749725E-02
-3.63265567E+00	4.14635664E+00	5.48739550E-03	-1.69367363E-02
-2.89043194E+00	4.72679423E+00	5.47852174E-03	-1.69988916E-02
-2.06340077E+00	5.17069589E+00	5.46959019E-03	-1.70614424E-02
-1.17640194E+00	5.46642387E+00	5.46060023E-03	-1.71243929E-02
-2.55738383E-01	5.60679041E+00	5.45155124E-03	-1.71877473E-02
6.71608983E-01	5.58921297E+00	5.44244261E-03	-1.72515096E-02
1.57877600E+00	5.41573304E+00	5.43327369E-03	-1.73156842E-02
2.43979636E+00	5.09289981E+00	5.42404383E-03	-1.73802755E-02
3.23034640E+00	4.63152394E+00	5.41475239E-03	-1.74452877E-02
3.92843231E+00	4.04631046E+00	5.40539870E-03	-1.75107253E-02
4.51500070E+00	3.35538309E+00	5.39598209E-03	-1.75765928E-02
4.97445560E+00	2.57971528E+00	5.38650186E-03	-1.76428949E-02
5.29506827E+00	1.74248601E+00	5.37695734E-03	-1.77096361E-02
5.46926939E+00	8.68379787E-01	5.36734781E-03	-1.77768211E-02
5.49381672E+00	-1.71477147E-02	5.35767256E-03	-1.78444547E-02
5.36983507E+00	-8.88616881E-01	5.34793087E-03	-1.79125418E-02
5.10272938E+00	-1.72126225E+00	5.33812201E-03	-1.79810872E-02
4.70197482E+00	-2.49174026E+00	5.32824522E-03	-1.80500960E-02
4.18079213E+00	-3.17878665E+00	5.31829975E-03	-1.81195731E-02
3.55571873E+00	-3.76380511E+00	5.30828483E-03	-1.81895237E-02
2.84608982E+00	-4.23137124E+00	5.29819969E-03	-1.82599529E-02
2.07344541E+00	-4.56963829E+00	5.28804354E-03	-1.83308662E-02
1.26088154E+00	-4.77063458E+00	5.27781556E-03	-1.84022687E-02
4.32365093E-01	-4.83044525E+00	5.26751494E-03	-1.84741660E-02
-3.87967534E-01	-4.74927493E+00	5.25714087E-03	-1.85465636E-02
-1.17650756E+00	-4.53139102E+00	5.24669249E-03	-1.86194669E-02
-1.91084674E+00	-4.18495097E+00	5.23616896E-03	-1.86928818E-02
-2.57040715E+00	-3.72171994E+00	5.22556940E-03	-1.87668140E-02
-3.13701023E+00	-3.15668868E+00	5.21489295E-03	-1.88412693E-02
-3.59536986E+00	-2.50760366E+00	5.20413870E-03	-1.89162536E-02
-3.93349608E+00	-1.79442435E+00	5.19330575E-03	-1.89917731E-02
-4.14299938E+00	-1.03872399E+00	5.18239318E-03	-1.90678337E-02
-4.21928804E+00	-2.63051794E-01	5.17140005E-03	-1.91444417E-02
-4.16165444E+00	5.09724665E-01	5.16032542E-03	-1.92216034E-02
-3.97324932E+00	1.25707789E+00	5.14916831E-03	-1.92993253E-02
-3.66094617E+00	1.95746094E+00	5.13792776E-03	-1.93776137E-02
-3.23510119E+00	2.59091194E+00	5.12660275E-03	-1.94564754E-02
-2.70921699E+00	3.13960592E+00	5.11519229E-03	-1.95359170E-02
-2.09952073E+00	3.58833902E+00	5.10369534E-03	-1.96159453E-02
-1.42447007E+00	3.92493212E+00	5.09211086E-03	-1.96965672E-02
-7.04201644E-01	4.14054357E+00	5.08043778E-03	-1.97777899E-02
4.00615011E-02	4.22988333E+00	5.06867504E-03	-1.98596203E-02
7.86626057E-01	4.19132371E+00	5.05682153E-03	-1.99420657E-02
1.51395065E+00	4.02690491E+00	5.04487613E-03	-2.00251336E-02
2.20125629E+00	3.74223651E+00	5.03283772E-03	-2.01088314E-02
2.82910805E+00	3.34629914E+00	5.02070515E-03	-2.01931667E-02
3.37995183E+00	2.85115302E+00	5.00847724E-03	-2.02781472E-02
3.83859180E+00	2.27156282E+00	4.99615280E-03	-2.03637808E-02
4.19259563E+00	1.62455054E+00	4.98373064E-03	-2.04500754E-02
4.43261705E+00	9.28889693E-01	4.97120950E-03	-2.05370392E-02
4.55262784E+00	2.04555885E-01	4.95858815E-03	-2.06246804E-02
4.55005349E+00	-5.27850278E-01	4.94586532E-03	-2.07130074E-02
4.42581026E+00	-1.24769148E+00	4.93303970E-03	-2.08020286E-02
4.18424351E+00	-1.93487648E+00	4.92010999E-03	-2.08917529E-02
3.83297024E+00	-2.57042115E+00	4.90707485E-03	-2.09821889E-02
3.38263154E+00	-3.13697236E+00	4.89393291E-03	-2.10733456E-02
2.84656267E+00	-3.61928032E+00	4.88068279E-03	-2.11652321E-02
2.24039106E+00	-4.00460702E+00	4.86732309E-03	-2.12578576E-02
1.58157440E+00	-4.28305983E+00	4.85385236E-03	-2.13512316E-02
8.88892077E-01	-4.44784197E+00	4.84026916E-03	-2.14453637E-02
1.81904984E-01	-4.49541365E+00	4.82657199E-03	-2.15402635E-02
-5.19601119E-01	-4.42556048E+00	4.81275935E-03	-2.16359411E-02
-1.19617290E+00	-4.24136823E+00	4.79882970E-03	-2.17324063E-02
-1.82923196E+00	-3.94910549E+00	4.78478147E-03	-2.18296696E-02
-2.40158753E+00	-3.55801875E+00	4.77061307E-03	-2.19277413E-02
-2.89790554E+00	-3.08004621E+00	4.75632289E-03	-2.20266320E-02
-3.30512140E+00	-2.52945931E+00	4.74190927E-03	-2.21263526E-02
-3.61278560E+00	-1.92244256E+00	4.72737052E-03	-2.22269140E-02
-3.81333329E+00	-1.27662392E+00	4.71270495E-03	-2.23283273E-02
-3.90227108E+00	-6.10569341E-01	4.69791080E-03	-2.24306041E-02
-3.87827660E+00	5.67443678E-02	4.68298630E-03	-2.25337558E-02
-3.74320906E+00	7.06463369E-01	4.66792965E-03	-2.26377942E-02
-3.50203119E+00	1.32038264E+00	4.65273900E-03	-2.27427314E-02
-3.16264563E+00	1.88144928E+00	4.63741247E-03	-2.28485796E-02
-2.73565099E+00	2.37422964E+00	4.62194816E-03	-2.29553512E-02
-2.23402508E+00	2.78532764E+00	4.60634411E-03	-2.30630588E-02
-1.67274461E+00	3.10374324E+00	4.59059835E-03	-2.31717155E-02
-1.06835245E+00	3.32116154E+00	4.57470886E-03	-2.32813343E-02
-4.38484726E-01	3.43216529E+00	4.55867356E-03	-2.33919287E-02
1.98628758E-01	3.43436543E+00	4.54249036E-03	-2.35035122E-02
8.24677006E-01	3.32844679E+00	4.52615713E-03	-2.36160988E-02
1.42177884E+00	3.11812830E+00	4.50967167E-03	-2.37297025E-02
1.97297852E+00	2.81003948E+00	4.49303177E-03	-2.38443379E-02
2.46271232E+00	2.41351714E+00	4.47623515E-03	-2.39600197E-02
2.87723366E+00	1.94032854E+00	4.45927950E-03	-2.40767627E-02
3.20498513E+00	1.40432904E+00	4.44216245E-03	-2.41945823E-02
3.43690775E+00	8.21064088E-01	4.42488162E-03	-2.43134941E-02
3.56667929E+00	2.07326872E-01	4.40743453E-03	-2.44335138E-02
3.59087557E+00	-4.19316050E-01	4.38981869E-03	-2.45546577E-02
3.50905071E+00	-1.04101783E+00	4.37203154E-03	-2.46769423E-02
3.32373473E+00	-1.64014954E+00	4.35407047E-03	-2.48003843E-02
3.04034883E+00	-2.19978988E+00	4.33593282E-03	-2.49250009E-02
2.66704125E+00	-2.70419289E+00	4.31761588E-03	-2.50508096E-02
2.21444860E+00	-3.13922102E+00	4.29911688E-03	-2.51778282E-02
1.69538938E+00	-3.49273190E+00	4.28043298E-03	-2.53060749E-02
1.12449864E+00	-3.75490835E+00	4.26156131E-03	-2.54355682E-02
5.17813821E-01	-3.91852282E+00	4.24249890E-03	-2.55663272E-02
-1.07676568E-01	-3.97912937E+00	4.22324276E-03	-2.56983711E-02
-7.34508943E-01	-3.93517811E+00	4.20378981E-03	-2.58317196E-02
-1.34523226E+00	-3.78804922E+00	4.18413690E-03	-2.59663928E-02
-1.92289378E+00	-3.54200602E+00	4.16428082E-03	-2.61024114E-02
-2.45150973E+00	-3.20406837E+00	4.14421831E-03	-2.62397961E-02
-2.91650799E+00	-2.78381034E+00	4.12394601E-03	-2.63785686E-02
-3.30513076E+00	-2.29308764E+00	4.10346050E-03	-2.65187505E-02
-3.60678621E+00	-1.74570259E+00	4.08275829E-03	-2.66603643E-02
-3.81333966E+00	-1.15701583E+00	4.06183580E-03	-2.68034327E-02
-3.91933629E+00	-5.43515520E-01	4.04068938E-03	-2.69479790E-02
-3.92214944E+00	7.76440748E-02	4.01931529E-03	-2.70940270E-02
-3.82205047E+00	6.89121998E-01	3.99770971E-03	-2.72416010E-02
-3.62219832E+00	1.27387478E+00	3.97586875E-03	-2.73907257E-02
-3.32854906E+00	1.81563211E+00	3.95378840E-03	-2.75414266E-02
-2.94968801E+00	2.29935100E+00	3.93146459E-03	-2.76937295E-02
-2.49658890E+00	2.71163584E+00	3.90889312E-03	-2.78476610E-02
-1.98230673E+00	3.04111294E+00	3.88606974E-03	-2.80032482E-02
-1.42161277E+00	3.27874904E+00	3.86299006E-03	-2.81605187E-02
-8.30581551E-01	3.41810512E+00	3.83964961E-03	-2.83195008E-02
-2.26141278E-01	3.45551840E+00	3.81604380E-03	-2.84802235E-02
3.74400083E-01	3.39020732E+00	3.79216794E-03	-2.86427164E-02
9.53839983E-01	3.22429655E+00	3.76801723E-03	-2.88070098E-02
1.49556439E+00	2.96276113E+00	3.74358675E-03	-2.89731347E-02
1.98401549E+00	2.61329105E+00	3.71887146E-03	-2.91411227E-02
2.40513093E+00	2.18607989E+00	3.69386620E-03	-2.93110063E-02
2.74674253E+00	1.69354303E+00	3.66856570E-03	-2.94828187E-02
2.99892313E+00	1.14997303E+00	3.64296452E-03	-2.96565939E-02
3.15427187E+00	5.71141564E-01	3.61705713E-03	-2.98323666E-02
3.20812976E+00	-2.61413704E-02	3.59083783E-03	-3.00101725E-02
3.15871916E+00	-6.24498776E-01	3.56430079E-03	-3.01900480E-02
3.00720321E+00	-1.20647567E+00	3.53744004E-03	-3.03720305E-02
2.75766283E+00	-1.75503217E+00	3.51024944E-03	-3.05561582E-02
2.41699188E+00	-2.25402706E+00	3.48272270E-03	-3.07424704E-02
1.99471274E+00	-2.68867813E+00	3.45485339E-03	-3.09310071E-02
1.50271720E+00	-3.04598653E+00	3.42663487E-03	-3.11218095E-02
9.54939309E-01	-3.31511290E+00	3.39806037E-03	-3.13149198E-02
3.66969101E-01	-3.48769462E+00	3.36912292E-03	-3.15103812E-02
-2.44382435E-01	-3.55809483E+00	3.33981536E-03	-3.17082381E-02
-8.61555240E-01	-3.52357586E+00	3.31013035E-03	-3.19085358E-02
-1.46673590E+00	-3.38439172E+00	3.28006035E-03	-3.21113210E-02
-2.04236342E+00	-3.14379652E+00	3.24959761E-03	-3.23166415E-02
-2.57163095E+00	-2.80796792E+00	3.21873419E-03	-3.25245463E-02
-3.03896916E+00	-2.38584730E+00	3.18746192E-03	-3.27350857E-02
-3.43049771E+00	-1.88890039E+00	3.15577238E-03	-3.29483114E-02
-3.73443157E+00	-1.33080467E+00	3.12365696E-03	-3.31642764E-02
-3.94143062E+00	-7.27071745E-01	3.09110677E-03	-3.33830351E-02
-4.04488194E+00	-9.46149180E-02	3.05811270E-03	-3.36046433E-02
-4.04110639E+00	5.48726304E-01	3.02466535E-03	-3.38291585E-02
-3.92948299E+00	1.18469149E+00	2.99075508E-03	-3.40566396E-02
-3.71248686E+00	1.79512033E+00	2.95637196E-03	-3.42871471E-02
-3.39563879E+00	2.36247470E+00	2.92150576E-03	-3.45207432E-02
-2.98736740E+00	2.87034691E+00	2.88614596E-03	-3.47574919E-02
-2.49878674E+00	3.30393946E+00	2.85028173E-03	-3.49974590E-02
-1.94339513E+00	3.65050239E+00	2.81390192E-03	-3.52407119E-02
-1.33670316E+00	3.89971522E+00	2.77699504E-03	-3.54873202E-02
-6.95800682E-01	4.04400224E+00	2.73954924E-03	-3.57373554E-02
-3.88749266E-02	4.07877121E+00	2.70155234E-03	-3.59908909E-02
6.15307134E-01	4.00256809E+00	2.66299175E-03	-3.62480025E-02
1.24793741E+00	3.81714257E+00	2.62385451E-03	-3.65087681E-02
1.84071112E+00	3.52742143E+00	2.58412726E-03	-3.67732677E-02
2.37636128E+00	3.14138992E+00	2.54379620E-03	-3.70415840E-02
2.83916775E+00	2.66988348E+00	2.50284709E-03	-3.73138020E-02
3.21542595E+00	2.12629501E+00	2.46126526E-03	-3.75900091E-02
3.49386105E+00	1.52620536E+00	2.41903554E-03	-3.78702957E-02
3.66597533E+00	8.86946980E-01	2.37614226E-03	-3.81547547E-02
3.72631783E+00	2.27112685E-01	2.33256925E-03	-3.84434820E-02
3.67266759E+00	-4.33976611E-01	2.28829980E-03	-3.87365764E-02
3.50612453E+00	-1.07683025E+00	2.24331664E-03	-3.90341399E-02
3.23110404E+00	-1.68235614E+00	2.19760190E-03	-3.93362776E-02
2.85523480E+00	-2.23242263E+00	2.15113712E-03	-3.96430979E-02
2.38916158E+00	-2.71039741E+00	2.10390318E-03	-3.99547130E-02
1.84625792E+00	-3.10164739E+00	2.05588032E-03	-4.02712383E-02
1.24225624E+00	-3.39398466E+00	2.00704806E-03	-4.05927933E-02
5.94805190E-01	-3.57804471E+00	1.95738520E-03	-4.09195013E-02
-7.70332161E-02	-3.64758525E+00	1.90686978E-03	-4.12514898E-02
-7.53332828E-01	-3.59969597E+00	1.85547906E-03	-4.15888904E-02
-1.41388302E+00	-3.43491212E+00	1.80318945E-03	-4.19318393E-02
-2.03878216E+00	-3.15722766E+00	1.74997647E-03	-4.22804773E-02
-2.60902740E+00	-2.77400647E+00	1.69581477E-03	-4.26349501E-02
-3.10708348E+00	-2.29579320E+00	1.64067800E-03	-4.29954083E-02
-3.51741336E+00	-1.73602847E+00	1.58453882E-03	-4.33620080E-02
-3.82695462E+00	-1.11067560E+00	1.52736883E-03	-4.37349106E-02
-4.02552710E+00	-4.37769322E-01	1.46913854E-03	-4.41142836E-02
-4.10615869E+00	2.63101188E-01	1.40981727E-03	-4.45003003E-02
-4.06531909E+00	9.71360057E-01	1.34937311E-03	-4.48931403E-02
-3.90305340E+00	1.66604704E+00	1.28777290E-03	-4.52929898E-02
-3.62301073E+00	2.32643676E+00	1.22498208E-03	-4.57000422E-02
-3.23236574E+00	2.93265661E+00	1.16096468E-03	-4.61144977E-02
-2.74163459E+00	3.46628486E+00	1.09568322E-03	-4.65365646E-02
-2.16438958E+00	3.91091099E+00	1.02909862E-03	-4.69664588E-02
-1.51688007E+00	4.25264096E+00	9.61170146E-04	-4.74044046E-02
-8.17570010E-01	4.48053200E+00	8.91855259E-04	-4.78506354E-02
-8.66052935E-02	4.58694299E+00	8.21109560E-04	-4.83053934E-02
6.54774030E-01	4.56778926E+00	7.48886662E-04	-4.87689307E-02
1.38485941E+00	4.42269316E+00	6.75138074E-04	-4.92415096E-02
2.08211898E+00	4.15502486E+00	5.99813074E-04	-4.97234031E-02
2.72584305E+00	3.77183122E+00	5.22858574E-04	-5.02148954E-02
3.29677053E+00	3.28365363E+00	4.44218974E-04	-5.07162826E-02
3.77767717E+00	2.70423945E+00	3.63835999E-04	-5.12278735E-02
4.15390765E+00	2.05015452E+00	2.81648531E-04	-5.17499900E-02
4.41383486E+00	1.34030771E+00	1.97592417E-04	-5.22829678E-02
4.54923189E+00	5.95400968E-01	1.11600274E-04	-5.28271575E-02
4.55554466E+00	-1.62679302E-01	2.36012598E-05	-5.33829252E-02
4.43205609E+00	-9.11511481E-01	-6.64791597E-05	-5.39506535E-02
4.18193586E+00	-1.62880949E+00	-1.58719478E-04	-5.45307424E-02
3.81217315E+00	-2.29309486E+00	-2.53202435E-04	-5.51236104E-02
3.33339356E+00	-2.88434977E+00	-3.50015328E-04	-5.57296954E-02
2.75956445E+00	-3.38463114E+00	-4.49250363E-04	-5.63494563E-02
2.10759704E+00	-3.77862672E+00	-5.51005037E-04	-5.69833740E-02
1.39685608E+00	-4.05413587E+00	-6.55382553E-04	-5.76319527E-02
6.48591518E-01	-4.20245979E+00	-7.62492299E-04	-5.82957217E-02
-1.14691354E-01	-4.21868846E+00	-8.72450361E-04	-5.89752370E-02
-8.69904656E-01	-4.10187482E+00	-9.85380105E-04	-5.96710827E-02
-1.59407333E+00	-3.85508990E+00	-1.10141283E-03	-6.03838735E-02
-2.26503230E+00	-3.48535626E+00	-1.22068852E-03	-6.11142561E-02
-2.86210404E+00	-3.00346079E+00	-1.34335661E-03	-6.18629123E-02
-3.36673584E+00	-2.42365163E+00	-1.46957702E-03	-6.26305608E-02
-3.76307690E+00	-1.76322746E+00	-1.59952114E-03	-6.34179602E-02
-4.03847713E+00	-1.04203109E+00	-1.73337314E-03	-6.42259123E-02
-4.18389196E+00	-2.81861797E-01	-1.87133135E-03	-6.50552650E-02
-4.19417980E+00	4.94175951E-01	-2.01360996E-03	-6.59069161E-02
-4.06828255E+00	1.26236813E+00	-2.16044097E-03	-6.67818179E-02
-3.80928247E+00	1.99911005E+00	-2.31207658E-03	-6.76809810E-02
-3.42433293E+00	2.68162672E+00	-2.46879207E-03	-6.86054804E-02
-2.92446425E+00	3.28867254E+00	-2.63088931E-03	-6.95564612E-02
-2.32426956E+00	3.80118876E+00	-2.79870135E-03	-7.05351458E-02
-1.64147964E+00	4.20289817E+00	-2.97259857E-03	-7.15428429E-02
-8.96438922E-01	4.48081835E+00	-3.15299750E-03	-7.25809600E-02
-1.11498125E-01	4.62567713E+00	-3.34037575E-03	-7.36510241E-02
6.89658414E-01	4.63221684E+00	-3.53530432E-03	-7.47547405E-02
1.48273039E+00	4.49937717E+00	-3.73851313E-03	-7.58944184E-02
2.24354238E+00	4.23035034E+00	-3.94584928E-03	-7.70691862E-02
2.94878531E+00	3.83250588E+00	-4.16996855E-03	-7.82839740E-02
3.57673554E+00	3.31718665E+00	-4.40286404E-03	-7.95416563E-02
4.10792936E+00	2.69938145E+00	-4.64856817E-03	-8.08448216E-02
4.52577183E+00	1.99728369E+00	-4.91160089E-03	-8.22007133E-02
4.81706070E+00	1.23174887E+00	-5.20045088E-03	-8.36560404E-02
4.97240871E+00	4.25667102E-01	-5.35173699E-03	-8.50078503E-02
4.98655070E+00	-3.96730433E-01	-5.72485046E-03	-8.65156200E-02
4.85852528E+00	-1.21061012E+00	-6.11871073E-03	-8.81463374E-02
4.59172479E+00	-1.99129702E+00	-6.15075405E-03	-8.97496425E-02
4.19381112E+00	-2.71503506E+00	-6.61931036E-03	-9.13761326E-02
3.67649936E+00	-3.35972275E+00	-7.02931877E-03	-9.31387088E-02
3.05521527E+00	-3.90560156E+00	-7.45616717E-03	-9.49841152E-02
2.34863627E+00	-4.33587537E+00	-7.91744690E-03	-9.69177210E-02
1.57812980E+00	-4.63724142E+00	-8.42620124E-03	-9.89487697E-02
7.67105778E-01	-4.80031579E+00	-8.99779159E-03	-1.01091613E-01
-5.96972887E-02	-4.81993982E+00	-9.65135424E-03	-1.03350816E-01
-8.76970554E-01	-4.69535719E+00	-1.04291794E-02	-1.05757616E-01
-1.65961434E+00	-4.43025558E+00	-1.13861386E-02	-1.08336345E-01
-2.38351471E+00	-4.03267100E+00	-1.26305778E-02	-1.11131402E-01
-3.02629304E+00	-3.51475698E+00	-1.43835690E-02	-1.14212354E-01
-3.56800518E+00	-2.89242521E+00	-1.71640538E-02	-1.17728244E-01
-3.99176827E+00	-2.18486810E+00	-2.24793140E-02	-1.22075668E-01
-4.28429536E+00	-1.41397771E+00	-3.66174929E-02	-1.29227895E-01
-4.43632086E+00	-6.03678334E-01	-1.11842269E-01	-1.82299686E-01
-4.44290313E+00	2.20806599E-01	2.20551266E-01	-2.33981179E-01
-4.30359415E+00	1.03373105E+00	-2.12660840E-02	-2.55970921E-02
-4.02247055E+00	1.80962227E+00	-1.69776436E-02	-1.03284030E-01
-3.60802438E+00	2.52407143E+00	-1.39144532E-02	-1.19486984E-01
-3.07291640E+00	3.15449443E+00	-1.33791666E-02	-1.28056832E-01
-2.43359911E+00	3.68083902E+00	-1.36540825E-02	-1.34572624E-01
-1.70982052E+00	4.08621616E+00	-1.42678955E-02	-1.40407064E-01
-9.24023834E-01	4.35743553E+00	-1.50591812E-02	-1.46059166E-01
-1.00661165E-01	4.48542830E+00	-1.59739887E-02	-1.51776390E-01
7.34557654E-01	4.46554355E+00	-1.69905824E-02	-1.57702034E-01
1.55545805E+00	4.29770859E+00	-1.81053746E-02	-1.63929006E-01
2.33621097E+00	3.98644778E+00	-1.93390930E-02	-1.70583923E-01
3.05213531E+00	3.54075871E+00	-2.06868228E-02	-1.77740480E-01
3.68046750E+00	2.97384911E+00	-2.21710576E-02	-1.85506406E-01
4.20107423E+00	2.30274221E+00	-2.38115020E-02	-1.94007869E-01
4.59708599E+00	1.54776234E+00	-2.56180437E-02	-2.03414311E-01
4.85543138E+00	7.31916410E-01	-2.73211106E-02	-2.14011034E-01
4.96725544E+00	-1.19809848E-01	-3.01089634E-02	-2.24904354E-01
4.92820844E+00	-9.81219273E-01	-3.28937329E-02	-2.38408133E-01
4.73859593E+00	-1.82571065E+00	-3.59465236E-02	-2.53879811E-01
4.40338489E+00	-2.62710108E+00	-3.97791803E-02	-2.71294983E-01
3.93206541E+00	-3.36043788E+00	-4.44508863E-02	-2.92915841E-01
3.33837186E+00	-4.00277478E+00	-5.01502824E-02	-3.19588060E-01
2.63987166E+00	-4.53388810E+00	-5.73853159E-02	-3.54338205E-01
1.85743429E+00	-4.93691074E+00	-6.56857298E-02	-4.01677464E-01
1.01459657E+00	-5.19886393E+00	-7.80039273E-02	-4.80064598E-01
1.36843705E-01	-5.31107003E+00	-6.46204331E-02	-6.79540095E-01
-7.49171829E-01	-5.26943341E+00	1.09941967E-01	-4.97842592E-01
-1.61644943E+00	-5.07458022E+00	2.62051688E-01	-4.05856383E-01
-2.43847229E+00	-4.73185263E+00	8.99765559E-02	-7.97853774E-01
-3.19002632E+00	-4.25115726E+00	4.59058016E-01	-7.30481930E-01
-3.84798065E+00	-3.64667232E+00	5.93952552E-01	-5.52366579E-02
-4.39200560E+00	-2.93642216E+00	3.79327656E-01	7.35407861E-02
-4.80520561E+00	-2.14173227E+00	2.80379212E-01	-6.35874874E-01
-5.07464751E+00	-1.28658138E+00	4.48782446E-01	-5.21575943E-02
-5.19176768E+00	-3.96870473E-01	5.67375548E-01	4.62814617E-01
-5.15264526E+00	5.00368756E-01	1.97407991E-01	1.55478995E-01
-4.95813274E+00	1.37780162E+00	1.24948854E-01	7.93464280E-03
-4.61383989E+00	2.20862884E+00	9.34038097E-02	-9.21273648E-02
-4.12997122E+00	2.96740968E+00	7.39880589E-02	-1.80219400E-01
-3.52102187E+00	3.63084453E+00	6.23539892E-02	-2.75386827E-01
-2.80534124E+00	4.17849262E+00	9.87693324E-02	-3.41400544E-01
-2.00457766E+00	4.59340274E+00	6.26841774E-02	-4.64926856E-01
-1.14302114E+00	4.86263752E+00	6.65332542E-02	-6.45319975E-01
-2.46864396E-01	4.97767492E+00	1.33222992E-01	-8.71756939E-01
6.56595049E-01	4.93467469E+00	2.06106400E-01	-1.43893922E+00
1.53978731E+00	4.73460141E+00	1.38630085E+00	-3.36790129E+00
2.37571133E+00	4.38320033E+00	2.11764759E+00	2.98820803E+00
3.13875914E+00	3.89082683E+00	3.56004574E-01	7.60550203E-01
3.80549761E+00	3.27213459E+00	4.78749360E-01	-5.91067209E-01
4.35538397E+00	2.54563228E+00	1.85237005E+00	5.99219094E-01
4.77139286E+00	1.73312220E+00	6.16165458E-01	1.88561180E+00
5.04053590E+00	8.59038361E-01	2.34374210E-01	1.09267348E+00
5.15425777E+00	-5.02957732E-02	1.29643595E-01	8.45137230E-01
5.10869676E+00	-9.67466957E-01	9.90734786E-02	6.74875166E-01
4.90480199E+00	-1.86480474E+00	8.62032107E-02	5.65060180E-01
4.54830373E+00	-2.71522134E+00	1.16485854E-01	4.80437060E-01
4.04953794E+00	-3.49303316E+00	6.39692240E-02	4.70678768E-01
3.42313056E+00	-4.17473869E+00	5.57433399E-02	4.15513329E-01
2.68755149E+00	-4.73972911E+00	5.14011020E-02	3.76830950E-01
1.86455194E+00	-5.17090995E+00	4.80167380E-02	3.46038160E-01
9.78502729E-01	-5.45521486E+00	4.52236068E-02	3.20490164E-01
5.56538127E-02	-5.58399607E+00	4.28682973E-02	2.98805647E-01
-8.76662073E-01	-5.55327968E+00	4.08632044E-02	2.80117265E-01
-1.79085727E+00	-5.36387841E+00	3.91695995E-02	2.63859999E-01
-2.65992315E+00	-5.02135860E+00	3.77952633E-02	2.49962707E-01
-3.45824465E+00	-4.53586272E+00	3.56427778E-02	2.36820729E-01
-4.16237066E+00	-3.92179335E+00	3.35131139E-02	2.24554278E-01
-4.75171667E+00	-3.19736845E+00	3.29915594E-02	2.14106524E-01
-5.20917860E+00	-2.38406192E+00	3.21051239E-02	2.04702758E-01
-5.52163921E+00	-1.50594691E+00	3.12225069E-02	1.96110875E-01
-5.68035198E+00	-5.88962076E-01	3.03873361E-02	1.88231108E-01
-5.68119113E+00	3.39876492E-01	2.96059850E-02	1.80978191E-01
-5.52476059E+00	1.25329348E+00	2.88767652E-02	1.74279215E-01
-5.21635905E+00	2.12457765E+00	2.81959160E-02	1.68071993E-01
-4.76580267E+00	2.92838511E+00	2.75594543E-02	1.62303191E-01
-4.18711135E+00	3.64149807E+00	2.69632031E-02	1.56929415E-01
-3.49806865E+00	4.24351620E+00	2.63917619E-02	1.51897580E-01
-2.71966929E+00	4.71745971E+00	2.58738703E-02	1.47192759E-01
-1.87547142E+00	5.05026611E+00	2.53791391E-02	1.42777112E-01
-9.90873934E-01	5.23316597E+00	2.49125551E-02	1.38625812E-01
-9.23410616E-02	5.26192667E+00	2.44596904E-02	1.34705706E-01
7.93401802E-01	5.13695736E+00	2.40440784E-02	1.31007655E-01
1.64017646E+00	4.86327248E+00	2.36465524E-02	1.27511266E-01
2.42313974E+00	4.45031555E+00	2.32680199E-02	1.24197997E-01
3.11952691E+00	3.91164935E+00	2.29081170E-02	1.21055138E-01
3.70932813E+00	3.26452253E+00	2.25649607E-02	1.18068998E-01
4.17587772E+00	2.52932633E+00	2.22374950E-02	1.15227950E-01
4.50633865E+00	1.72895879E+00	2.19246559E-02	1.12521495E-01
4.69206795E+00	8.88116034E-01	2.16254618E-02	1.09940127E-01
4.72885259E+00	3.25327828E-02	2.13390157E-02	1.07475223E-01
4.61700918E+00	-8.11804507E-01	2.10644999E-02	1.05118945E-01
4.36134521E+00	-1.61944771E+00	2.08011759E-02	1.02864146E-01
3.97098375E+00	-2.36625619E+00	2.05484460E-02	1.00704307E-01
3.45905766E+00	-3.03012158E+00	2.03050698E-02	9.86339162E-02
2.84228337E+00	-3.59162645E+00	2.00713447E-02	9.66463242E-02
2.14042786E+00	-4.03461686E+00	1.98463538E-02	9.47374592E-02
1.37568582E+00	-4.34667204E+00	1.96295889E-02	9.29024781E-02
5.71986387E-01	-4.51945709E+00	1.94206108E-02	9.11370891E-02
-2.45748809E-01	-4.54894891E+00	1.92190723E-02	8.94373373E-02
-1.05237347E+00	-4.43552882E+00	1.90242202E-02	8.77998520E-02
-1.82328654E+00	-4.18394004E+00	1.88361437E-02	8.62206507E-02
-2.53518074E+00	-3.80311192E+00	1.86543375E-02	8.46970218E-02
-3.16674687E+00	-3.30585710E+00	1.84784738E-02	8.32259792E-02
-3.69931255E+00	-2.70845168E+00	1.83082604E-02	8.18048024E-02
-4.11739624E+00	-2.03011173E+00	1.81434233E-02	8.04309624E-02
-4.40916001E+00	-1.29238294E+00	1.79837059E-02	7.91021008E-02
-4.56674774E+00	-5.18462485E-01	1.78288678E-02	7.78160153E-02
-4.58649903E+00	2.67525628E-01	1.76786837E-02	7.65706464E-02
-4.46903296E+00	1.04127935E+00	1.75329421E-02	7.53640659E-02
-4.21919982E+00	1.77906830E+00	1.73914442E-02	7.41944662E-02
-3.84590297E+00	2.45846150E+00	1.72540032E-02	7.30601516E-02
-3.36179720E+00	3.05901080E+00	1.71204434E-02	7.19595291E-02
-2.78287318E+00	3.56286929E+00	1.69905989E-02	7.08911009E-02
-2.12794174E+00	3.95532615E+00	1.68643138E-02	6.98534575E-02
-1.41803405E+00	4.22524171E+00	1.67414404E-02	6.88452710E-02
-6.75736729E-01	4.36537015E+00	1.66218394E-02	6.78652895E-02
7.55173688E-02	4.37256030E+00	1.65053792E-02	6.69123312E-02
8.12180741E-01	4.24782901E+00	1.63919352E-02	6.59852802E-02
1.51132250E+00	3.99630557E+00	1.62813893E-02	6.50830815E-02
2.15133690E+00	3.62704939E+00	1.61736297E-02	6.42047371E-02
2.71260740E+00	3.15274725E+00	1.60685502E-02	6.33493019E-02
3.17810608E+00	2.58929986E+00	1.59660501E-02	6.25158806E-02
3.53391023E+00	1.95531116E+00	1.58660339E-02	6.17036241E-02
3.76962069E+00	1.27149629E+00	1.57684105E-02	6.09117268E-02
3.87866932E+00	5.60026920E-01	1.56730935E-02	6.01394235E-02
3.85850682E+00	-1.56165686E-01	1.55800005E-02	5.93859875E-02
3.71066543E+00	-8.54108283E-01	1.54890532E-02	5.86507274E-02
3.44069528E+00	-1.51150176E+00	1.54001769E-02	5.79329856E-02
3.05797657E+00	-2.10741373E+00	1.53133003E-02	5.72321359E-02
2.57541414E+00	-2.62292645E+00	1.52283554E-02	5.65475820E-02
2.00902398E+00	-3.04172019E+00	1.51452774E-02	5.58787552E-02
1.37742489E+00	-3.35057451E+00	1.50640042E-02	5.52251133E-02
7.01251207E-01	-3.53977217E+00	1.49844766E-02	5.45861387E-02
2.50494430E-03	-3.60339364E+00	1.49066380E-02	5.39613374E-02
-6.96132677E-01	-3.53949354E+00	1.48304342E-02	5.33502372E-02
-1.37200895E+00	-3.35015387E+00	1.47558132E-02	5.27523871E-02
-2.00320493E+00	-3.04141278E+00	1.46827255E-02	5.21673553E-02
-2.56921654E+00	-2.62307144E+00	1.46111233E-02	5.15947292E-02
-3.05159078E+00	-2.10838516E+00	1.45409610E-02	5.10341133E-02
-3.43449756E+00	-1.51364858E+00	1.44721950E-02	5.04851292E-02
-3.70521982E+00	-8.57687858E-01	1.44047831E-02	4.99474140E-02
-3.85454719E+00	-1.61275645E-01	1.43386851E-02	4.94206201E-02
-3.87706117E+00	5.53513186E-01	1.42738622E-02	4.89044139E-02
-3.77130346E+00	1.26398512E+00	1.42102772E-02	4.83984753E-02
-3.53982252E+00	1.94752999E+00	1.41478945E-02	4.79024973E-02
-3.18909693E+00	2.58231991E+00	1.40866796E-02	4.74161847E-02
-2.72933844E+00	3.14798376E+00	1.40265994E-02	4.69392542E-02
-2.17418052E+00	3.62623674E+00	1.39676221E-02	4.64714334E-02
-1.54026236E+00	4.00144584E+00	1.39097172E-02	4.60124603E-02
-8.46720924E-01	4.26111412E+00	1.38528551E-02	4.55620830E-02
-1.14606746E-01	4.39626902E+00	1.37970073E-02	4.51200591E-02
6.33758734E-01	4.40174325E+00	1.37421466E-02	4.46861553E-02
1.37546471E+00	4.27633953E+00	1.36882464E-02	4.42601468E-02
2.08771065E+00	4.02287447E+00	1.36352814E-02	4.38418172E-02
2.74850291E+00	3.64810037E+00	1.35832269E-02	4.34309579E-02
3.33732698E+00	3.16250727E+00	1.35320593E-02	4.30273678E-02
3.83577535E+00	2.58001143E+00	1.34817557E-02	4.26308530E-02
4.22811164E+00	1.91753970E+00	1.34322940E-02	4.22412265E-02
4.50175434E+00	1.19452244E+00	1.33836528E-02	4.18583079E-02
4.64766528E+00	4.32310278E-01	1.33358116E-02	4.14819228E-02
4.66063140E+00	-3.46467572E-01	1.32887503E-02	4.11119032E-02
4.53943114E+00	-1.11858410E+00	1.32424497E-02	4.07480865E-02
4.28688068E+00	-1.86091389E+00	1.31968912E-02	4.03903158E-02
3.90975854E+00	-2.55112999E+00	1.31520568E-02	4.00384394E-02
3.41861093E+00	-3.16837735E+00	1.31079289E-02	3.96923106E-02
2.82744367E+00	-3.69390262E+00	1.30644907E-02	3.93517877E-02
2.15331004E+00	-4.11162134E+00	1.30217259E-02	3.90167335E-02
1.41580685E+00	-4.40860559E+00	1.29796186E-02	3.86870152E-02
6.36494004E-01	-4.57547750E+00	1.29381534E-02	3.83625045E-02
-1.61745199E-01	-4.60669680E+00	1.28973156E-02	3.80430770E-02
-9.55383752E-01	-4.50073391E+00	1.28570907E-02	3.77286123E-02
-1.72095033E+00	-4.26012346E+00	1.28174647E-02	3.74189938E-02
-2.43572746E+00	-3.89139654E+00	1.27784241E-02	3.71141085E-02
-3.07842768E+00	-3.40489392E+00	1.27399558E-02	3.68138470E-02
-3.62982746E+00	-2.81446570E+00	1.27020470E-02	3.65181030E-02
-4.07334006E+00	-2.13706653E+00	1.26646853E-02	3.62267738E-02
-4.39551026E+00	-1.39225842E+00	1.26278588E-02	3.59397595E-02
-4.58641633E+00	-6.01636022E-01	1.25915558E-02	3.56569633E-02
-4.63996731E+00	2.11808543E-01	1.25557650E-02	3.53782914E-02
-4.55408675E+00	1.02436227E+00	1.25204754E-02	3.51036526E-02
-4.33077774E+00	1.81228926E+00	1.24856763E-02	3.48329584E-02
-3.97606713E+00	2.55252935E+00	1.24513573E-02	3.45661230E-02
-3.49983095E+00	3.22337661E+00	1.24175084E-02	3.43030629E-02
-2.91550608E+00	3.80511769E+00	1.23841198E-02	3.40436972E-02
-2.23969703E+00	4.28061103E+00	1.23511819E-02	3.37879470E-02
-1.49168943E+00	4.63578997E+00	1.23186855E-02	3.35357361E-02
-6.92884853E-01	4.86007489E+00	1.22866215E-02	3.32869899E-02
1.33826281E-01	4.94668226E+00	1.22549813E-02	3.30416363E-02
9.64735052E-01	4.89282168E+00	1.22237562E-02	3.27996049E-02
1.77600778E+00	4.69977517E+00	1.21929379E-02	3.25608275E-02
2.54438260E+00	4.37285664E+00	1.21625185E-02	3.23252376E-02
3.24784833E+00	3.92125281E+00	1.21324899E-02	3.20927705E-02
3.86628552E+00	3.35775059E+00	1.21028446E-02	3.18633633E-02
4.38205097E+00	2.69835914E+00	1.20735751E-02	3.16369548E-02
4.78048845E+00	1.96183796E+00	1.20446742E-02	3.14134852E-02
5.05035075E+00	1.16914509E+00	1.20161346E-02	3.11928967E-02
5.18412085E+00	3.42822043E-01	1.19879496E-02	3.09751327E-02
5.17822280E+00	-4.93666510E-01	1.19601124E-02	3.07601381E-02
5.03311664E+00	-1.31661848E+00	1.19326165E-02	3.05478593E-02
4.75327455E+00	-2.10278536E+00	1.19054554E-02	3.03382441E-02
4.34703942E+00	-2.83004810E+00	1.18786229E-02	3.01312415E-02
3.82637032E+00	-3.47805790E+00	1.18521130E-02	2.99268020E-02
3.20648266E+00	-4.02882318E+00	1.18259198E-02	2.97248771E-02
2.50539393E+00	-4.46722563E+00	1.18000373E-02	2.95254197E-02
1.74338883E+00	-4.78145020E+00	1.17744601E-02	2.93283838E-02
9.42419631E-01	-4.96331684E+00	1.17491825E-02	2.91337245E-02
1.25459865E-01	-5.00850425E+00	1.17241993E-02	2.89413982E-02
-6.84169590E-01	-4.91665976E+00	1.16995052E-02	2.87513622E-02
-1.46348199E+00	-4.69139221E+00	1.16750949E-02	2.85635747E-02
-2.19049367E+00	-4.34014861E+00	1.16509637E-02	2.83779953E-02
-2.84486071E+00	-3.87397865E+00	1.16271064E-02	2.81945841E-02
-3.40846479E+00	-3.30719443E+00	1.16035185E-02	2.80133025E-02
-3.86593099E+00	-2.65693582E+00	1.15801952E-02	2.78341128E-02
-4.20506264E+00	-1.94265480E+00	1.15571320E-02	2.76569779E-02
-4.41718075E+00	-1.18553417E+00	1.15343244E-02	2.74818619E-02
-4.49735827E+00	-4.07858241E-01	1.15117681E-02	2.73087295E-02
-4.44454290E+00	3.67645834E-01	1.14894588E-02	2.71375464E-02
-4.26156524E+00	1.11847635E+00	1.14673924E-02	2.69682789E-02
-3.95503248E+00	1.82301528E+00	1.14455648E-02	2.68008943E-02
-3.53511156E+00	2.46115706E+00	1.14239720E-02	2.66353604E-02
-3.01520844E+00	3.01488923E+00	1.14026102E-02	2.64716460E-02
-2.41155372E+00	3.46880841E+00	1.13814755E-02	2.63097202E-02
-1.74270721E+00	3.81055620E+00	1.13605643E-02	2.61495533E-02
-1.02899657E+00	4.03116285E+00	1.13398729E-02	2.59911158E-02
-2.91906953E-01	4.12528884E+00	1.13193978E-02	2.58343791E-02
4.46559933E-01	4.09135779E+00	1.12991355E-02	2.56793153E-02
1.16453831E+00	3.93157726E+00	1.12790825E-02	2.55258969E-02
1.84094285E+00	3.65184754E+00	1.12592355E-02	2.53740970E-02
2.45608617E+00	3.26156163E+00	1.12395914E-02	2.52238895E-02
2.99225115E+00	2.77330306E+00	1.12201468E-02	2.50752487E-02
3.43420140E+00	2.20245094E+00	1.12008987E-02	2.49281494E-02
3.76961483E+00	1.56670455E+00	1.11818439E-02	2.47825671E-02
3.98942816E+00	8.85542163E-01	1.11629796E-02	2.46384778E-02
4.08808243E+00	1.79630345E-01	1.11443028E-02	2.44958578E-02
4.06366286E+00	-5.29798269E-01	1.11258105E-02	2.43546841E-02
3.91792944E+00	-1.22158006E+00	1.11075000E-02	2.42149341E-02
3.65623801E+00	-1.87524942E+00	1.10893685E-02	2.40765857E-02
3.28735491E+00	-2.47164295E+00	1.10714133E-02	2.39396172E-02
2.82317102E+00	-2.99346093E+00	1.10536318E-02	2.38040075E-02
2.27832473E+00	-3.42576979E+00	1.10360213E-02	2.36697357E-02
1.66974527E+00	-3.75643061E+00	1.10185794E-02	2.35367814E-02
1.01613058E+00	-3.97644164E+00	1.10013034E-02	2.34051248E-02
3.37375810E-01	-4.08018484E+00	1.09841911E-02	2.32747463E-02
-3.46030388E-01	-4.06556983E+00	1.09672399E-02	2.31456267E-02
-1.01362345E+00	-3.93407141E+00	1.09504475E-02	2.30177473E-02
-1.64557586E+00	-3.69066027E+00	1.09338116E-02	2.28910896E-02
-2.22328717E+00	-3.34362941E+00	1.09173300E-02	2.27656356E-02
-2.72993365E+00	-2.90432225E+00	1.09010005E-02	2.26413676E-02
-3.15096120E+00	-2.38677099E+00	1.08848208E-02	2.25182683E-02
-3.47450722E+00	-1.80725654E+00	1.08687888E-02	2.23963206E-02
-3.69173924E+00	-1.18380381E+00	1.08529024E-02	2.22755080E-02
-3.79710043E+00	-5.35627561E-01	1.08371597E-02	2.21558139E-02
-3.78845543E+00	1.17454025E-01	1.08215585E-02	2.20372224E-02
-3.66713241E+00	7.55620527E-01	1.08060968E-02	2.19197178E-02
-3.43786086E+00	1.35964697E+00	1.07907729E-02	2.18032846E-02
-3.10860748E+00	1.91148019E+00	1.07755846E-02	2.16879076E-02
-2.69031549E+00	2.39477668E+00	1.07605302E-02	2.15735720E-02
-2.19655598E+00	2.79538594E+00	1.07456079E-02	2.14602632E-02
-1.64310189E+00	3.10176517E+00	1.07308157E-02	2.13479669E-02
-1.04743811E+00	3.30531320E+00	1.07161521E-02	2.12366690E-02
-4.28222453E-01	3.40061391E+00	1.07016151E-02	2.11263557E-02
1.95285842E-01	3.38558250E+00	1.06872031E-02	2.10170135E-02
8.03812878E-01	3.26151041E+00	1.06729145E-02	2.09086292E-02
1.37865439E+00	3.03300829E+00	1.06587476E-02	2.08011895E-02
1.90224000E+00	2.70784898E+00	1.06447007E-02	2.06946818E-02
2.35866058E+00	2.29671581E+00	1.06307723E-02	2.05890935E-02
2.73414300E+00	1.81286421E+00	1.06169609E-02	2.04844121E-02
3.01745827E+00	1.27170702E+00	1.06032648E-02	2.03806256E-02
3.20025095E+00	6.90336558E-01	1.05896826E-02	2.02777220E-02
3.27728040E+00	8.69978630E-02	1.05762128E-02	2.01756895E-02
3.24656683E+00	-5.19470748E-01	1.05628539E-02	2.00745168E-02
3.10943821E+00	-1.11021284E+00	1.05496045E-02	1.99741925E-02
2.87047691E+00	-1.66692736E+00	1.05364633E-02	1.98747055E-02
2.53736809E+00	-2.17242332E+00	1.05234287E-02	1.97760449E-02
2.12065480E+00	-2.61113880E+00	1.05104996E-02	1.96781999E-02
1.63340735E+00	-2.96960904E+00	1.04976744E-02	1.95811600E-02
1.09081724E+00	-3.23686945E+00	1.04849520E-02	1.94849148E-02
5.09728224E-01	-3.40478174E+00	1.04723310E-02	1.93894542E-02
-9.18814465E-02	-3.46827355E+00	1.04598102E-02	1.92947682E-02
-6.95449558E-01	-3.42548449E+00	1.04473882E-02	1.92008469E-02
-1.28239681E+00	-3.27781463E+00	1.04350640E-02	1.91076806E-02
-1.83469281E+00	-3.02987404E+00	1.04228362E-02	1.90152598E-02
-2.33540410E+00	-2.68933525E+00	1.04107037E-02	1.89235752E-02
-2.76920792E+00	-2.26669323E+00	1.03986653E-02	1.88326175E-02
-3.12285600E+00	-1.77494033E+00	1.03867199E-02	1.87423778E-02
-3.38557482E+00	-1.22916614E+00	1.03748663E-02	1.86528471E-02
-3.54939014E+00	-6.46094432E-01	1.03631035E-02	1.85640166E-02
-3.60936632E+00	-4.35712882E-02	1.03514302E-02	1.84758778E-02
-3.56375318E+00	5.59980172E-01	1.03398456E-02	1.83884223E-02
-3.41403621E+00	1.14612192E+00	1.03283484E-02	1.83016415E-02
-3.16488867E+00	1.69696307E+00	1.03169376E-02	1.82155275E-02
-2.82402717E+00	2.19570496E+00	1.03056123E-02	1.81300721E-02
-2.40197502E+00	2.62715282E+00	1.02943714E-02	1.80452673E-02
-1.91174067E+00	2.97817855E+00	1.02832139E-02	1.79611054E-02
-1.36842099E+00	3.23812089E+00	1.02721389E-02	1.78775787E-02
-7.88741130E-01	3.39911078E+00	1.02611453E-02	1.77946797E-02
-1.90545122E-01	3.45631213E+00	1.02502323E-02	1.77124008E-02
4.07747653E-01	3.40807083E+00	1.02393988E-02	1.76307347E-02
9.87703684E-01	3.25596742E+00	1.02286441E-02	1.75496744E-02
1.53143737E+00	3.00477182E+00	1.02179671E-02	1.74692125E-02
2.02215695E+00	2.66230143E+00	1.02073669E-02	1.73893423E-02
2.44467789E+00	2.23918675E+00	1.01968428E-02	1.73100567E-02
2.78588826E+00	1.74855163E+00	1.01863938E-02	1.72313490E-02
3.03515201E+00	1.20561743E+00	1.01760190E-02	1.71532126E-02
3.18463799E+00	6.27243200E-01	1.01657178E-02	1.70756408E-02
3.22956461E+00	3.14153496E-02	1.01554891E-02	1.69986272E-02
3.16835286E+00	-5.63297733E-01	1.01453322E-02	1.69221655E-02
3.00268263E+00	-1.13830989E+00	1.01352463E-02	1.68462494E-02
2.73745071E+00	-1.67558329E+00	1.01252307E-02	1.67708726E-02
2.38063145E+00	-2.15817934E+00	1.01152844E-02	1.66960291E-02
1.94304392E+00	-2.57077794E+00	1.01054069E-02	1.66217130E-02
1.43803257E+00	-2.90014935E+00	1.00955972E-02	1.65479182E-02
8.81070529E-01	-3.13556434E+00	1.00858547E-02	1.64746390E-02
2.89297373E-01	-3.26913026E+00	1.00761786E-02	1.64018697E-02
-3.18994976E-01	-3.29604261E+00	1.00665682E-02	1.63296046E-02
-9.24913025E-01	-3.21474442E+00	1.00570228E-02	1.62578381E-02
-1.50953270E+00	-3.02698829E+00	1.00475418E-02	1.61865647E-02
-2.05447352E+00	-2.73779893E+00	1.00381243E-02	1.61157792E-02
-2.54245883E+00	-2.35533701E+00	1.00287697E-02	1.60454760E-02
-2.95784514E+00	-1.89066795E+00	1.00194773E-02	1.59756500E-02
-3.28710478E+00	-1.35744235E+00	1.00102465E-02	1.59062961E-02
-3.51924705E+00	-7.71497109E-01	1.00010767E-02	1.58374090E-02
-3.64616525E+00	-1.50389001E-01	9.99196713E-03	1.57689839E-02
-3.66289875E+00	4.87125761E-01	9.98291720E-03	1.57010156E-02
-3.56780187E+00	1.12165058E+00	9.97392628E-03	1.56334994E-02
-3.36261437E+00	1.73372965E+00	9.96499376E-03	1.55664305E-02
-3.05243064E+00	2.30443404E+00	9.95611903E-03	1.54998040E-02
-2.64556840E+00	2.81593519E+00	9.94730148E-03	1.54336154E-02
-2.15334008E+00	3.25204861E+00	9.93854052E-03	1.53678599E-02
-1.58973330E+00	3.59873163E+00	9.92983558E-03	1.53025331E-02
-9.71009632E-01	3.84451993E+00	9.92118606E-03	1.52376304E-02
-3.15232978E-01	3.98088967E+00	9.91259140E-03	1.51731475E-02
3.58258625E-01	4.00253405E+00	9.90405105E-03	1.51090799E-02
1.02942243E+00	3.90754566E+00	9.89556444E-03	1.50454234E-02
1.67810490E+00	3.69749862E+00	9.88713103E-03	1.49821738E-02
2.28464270E+00	3.37742763E+00	9.87875028E-03	1.49193267E-02
2.83045280E+00	2.95570395E+00	9.87042166E-03	1.48568782E-02
3.29859438E+00	2.44381145E+00	9.86214465E-03	1.47948241E-02
3.67428545E+00	1.85602871E+00	9.85391873E-03	1.47331604E-02
3.94535883E+00	1.20902628E+00	9.84574338E-03	1.46718832E-02
4.10264365E+00	5.21390313E-01	9.83761811E-03	1.46109885E-02
4.14026044E+00	-1.86913612E-01	9.82954241E-03	1.45504725E-02
4.05582096E+00	-8.95121003E-01	9.82151580E-03	1.44903314E-02
3.85052593E+00	-1.58227640E+00	9.81353779E-03	1.44305614E-02
3.52915754E+00	-2.22785094E+00	9.80560791E-03	1.43711588E-02
3.09996614E+00	-2.81235144E+00	9.79772567E-03	1.43121200E-02
2.57445387E+00	-3.31790283E+00	9.78989062E-03	1.42534413E-02
1.96706116E+00	-3.72878681E+00	9.78210230E-03	1.41951192E-02
1.29476464E+00	-4.03192040E+00	9.77436024E-03	1.41371502E-02
5.76597853E-01	-4.21726021E+00	9.76666402E-03	1.40795307E-02
-1.66891537E-01	-4.27811979E+00	9.75901317E-03	1.40222575E-02
-9.14232464E-01	-4.21139053E+00	9.75140727E-03	1.39653270E-02
-1.64365197E+00	-4.01765888E+00	9.74384589E-03	1.39087360E-02
-2.33370943E+00	-3.70121601E+00	9.73632859E-03	1.38524812E-02
-2.96392492E+00	-3.26995895E+00	9.72885497E-03	1.37965592E-02
-3.51538322E+00	-2.73518550E+00	9.72142459E-03	1.37409670E-02
-3.97129565E+00	-2.11128856E+00	9.71403707E-03	1.36857013E-02
-4.31750298E+00	-1.41535804E+00	9.70669198E-03	1.36307590E-02
-4.54290437E+00	-6.66701751E-01	9.69938893E-03	1.35761370E-02
-4.63979934E+00	1.13701084E-01	9.69212753E-03	1.35218323E-02
-4.60413250E+00	9.03798178E-01	9.68490738E-03	1.34678418E-02
-4.43563306E+00	1.68109692E+00	9.67772811E-03	1.34141626E-02
-4.13784492E+00	2.42331323E+00	9.67058933E-03	1.33607918E-02
-3.71804557E+00	3.10901759E+00	9.66349066E-03	1.33077264E-02
-3.18705602E+00	3.71825926E+00	9.65643174E-03	1.32549635E-02
-2.55894657E+00	4.23315041E+00	9.64941220E-03	1.32025004E-02
-1.85064673E+00	4.63839274E+00	9.64243167E-03	1.31503343E-02
-1.08147031E+00	4.92173108E+00	9.63548981E-03	1.30984624E-02
-2.72569222E-01	5.07432035E+00	9.62858625E-03	1.30468819E-02
5.53668351E-01	5.09099472E+00	9.62172065E-03	1.29955902E-02
1.37425784E+00	4.97043084E+00	9.61489266E-03	1.29445846E-02
2.16627783E+00	4.71519995E+00	9.60810194E-03	1.28938625E-02
2.90752980E+00	4.33170696E+00	9.60134816E-03	1.28434213E-02
3.57717893E+00	3.83001791E+00	9.59463098E-03	1.27932584E-02
4.15635703E+00	3.22358055E+00	9.58795008E-03	1.27433713E-02
4.62870984E+00	2.52884595E+00	9.58130513E-03	1.26937575E-02
4.98087248E+00	1.76480190E+00	9.57469581E-03	1.26444145E-02
5.20285907E+00	9.52431614E-01	9.56812180E-03	1.25953399E-02
5.28835469E+00	1.14113417E-01	9.56158278E-03	1.25465313E-02
5.23490105E+00	-7.27021050E-01	9.55507846E-03	1.24979862E-02
5.04397022E+00	-1.54775140E+00	9.54860852E-03	1.24497023E-02
4.72092394E+00	-2.32543636E+00	9.54217266E-03	1.24016774E-02
4.27485970E+00	-3.03866519E+00	9.53577059E-03	1.23539090E-02
3.71834784E+00	-3.66787368E+00	9.52940200E-03	1.23063949E-02
3.06706733E+00	-4.19590637E+00	9.52306660E-03	1.22591329E-02
2.33935089E+00	-4.60850847E+00	9.51676411E-03	1.22121207E-02
1.55565282E+00	-4.89473299E+00	9.51049424E-03	1.21653561E-02
7.37955010E-01	-5.04725085E+00	9.50425670E-03	1.21188371E-02
-9.08710142E-02	-5.06255509E+00	9.49805123E-03	1.20725613E-02
-9.07727505E-01	-4.94105273E+00	9.49187754E-03	1.20265268E-02
-1.68995951E+00	-4.68704206E+00	9.48573535E-03	1.19807313E-02
-2.41600978E+00	-4.30857561E+00	9.47962441E-03	1.19351729E-02
-3.06604014E+00	-3.81721325E+00	9.47354444E-03	1.18898494E-02
-3.62250094E+00	-3.22767273E+00	9.46749519E-03	1.18447589E-02
-4.07063163E+00	-2.55738809E+00	9.46147638E-03	1.17998994E-02
-4.39887782E+00	-1.82598922E+00	9.45548776E-03	1.17552688E-02
-4.59921229E+00	-1.05471825E+00	9.44952908E-03	1.17108653E-02
-4.66735076E+00	-2.65800163E-01	9.44360009E-03	1.16666868E-02
-4.60285601E+00	5.18213462E-01	9.43770053E-03	1.16227315E-02
-4.40912749E+00	1.27510782E+00	9.43183016E-03	1.15789974E-02
-4.09327704E+00	1.98365561E+00	9.42598873E-03	1.15354827E-02
-3.66589459E+00	2.62423550E+00	9.42017601E-03	1.14921856E-02
-3.14071128E+00	3.17939996E+00	9.41439176E-03	1.14491042E-02
-2.53417036E+00	3.63437543E+00	9.40863573E-03	1.14062367E-02
-1.86491901E+00	3.97747993E+00	9.40290770E-03	1.13635813E-02
-1.15323673E+00	4.20044585E+00	9.39720744E-03	1.13211362E-02
-4.20417803E-01	4.29863831E+00	9.39153472E-03	1.12788997E-02
3.11873425E-01	4.27116297E+00	9.38588930E-03	1.12368701E-02
1.02225467E+00	4.12086026E+00	9.38027098E-03	1.11950457E-02
1.69026547E+00	3.85418674E+00	9.37467952E-03	1.11534246E-02
2.29697504E+00	3.48098748E+00	9.36911471E-03	1.11120054E-02
2.82553998E+00	3.01416693E+00	9.36357633E-03	1.10707862E-02
3.26169471E+00	2.46926864E+00	9.35806417E-03	1.10297656E-02
3.59416016E+00	1.86397716E+00	9.35257802E-03	1.09889418E-02
3.81495823E+00	1.21755761E+00	9.34711766E-03	1.09483132E-02
3.91962298E+00	5.50250531E-01	9.34168290E-03	1.09078783E-02
3.90730231E+00	-1.17359300E-01	9.33627351E-03	1.08676354E-02
3.78074743E+00	-7.64980343E-01	9.33088932E-03	1.08275831E-02
3.54619111E+00	-1.37323843E+00	9.32553010E-03	1.07877198E-02
3.21311866E+00	-1.92426822E+00	9.32019566E-03	1.07480440E-02
2.79393949E+00	-2.40225373E+00	9.31488581E-03	1.07085541E-02
2.30356969E+00	-2.79390140E+00	9.30960035E-03	1.06692487E-02
1.75893906E+00	-3.08883116E+00	9.30433909E-03	1.06301263E-02
1.17843839E+00	-3.27987361E+00	9.29910184E-03	1.05911855E-02
5.81324365E-01	-3.36326453E+00	9.29388840E-03	1.05524247E-02
-1.28989062E-02	-3.33873078E+00	9.28869860E-03	1.05138426E-02
-5.85102347E-01	-3.20946560E+00	9.28353225E-03	1.04754378E-02
-1.11713869E+00	-2.98199431E+00	9.27838916E-03	1.04372088E-02
-1.59241449E+00	-2.66593510E+00	9.27326915E-03	1.03991543E-02
-1.99640954E+00	-2.27366286E+00	9.26817205E-03	1.03612729E-02
-2.31712724E+00	-1.81988704E+00	9.26309768E-03	1.03235632E-02
-2.54546209E+00	-1.32115710E+00	9.25804585E-03	1.02860240E-02
-2.67547278E+00	-7.95311584E-01	9.25301641E-03	1.02486538E-02
-2.70455251E+00	-2.60888389E-01	9.24800917E-03	1.02114514E-02
-2.63349138E+00	2.63484801E-01	9.24302397E-03	1.01744154E-02
-2.46642916E+00	7.59700527E-01	9.23806063E-03	1.01375446E-02
-2.21070019E+00	1.21076249E+00	9.23311900E-03	1.01008377E-02
-1.87657565E+00	1.60133862E+00	9.22819890E-03	1.00642935E-02
-1.47691146E+00	1.91825856E+00	9.22330017E-03	1.00279106E-02
-1.02671349E+00	2.15093995E+00	9.21842264E-03	9.99168781E-03
-5.42633922E-01	2.29172964E+00	9.21356617E-03	9.95562398E-03
-4.24150278E-02	2.33614930E+00	9.20873059E-03	9.91971785E-03
4.55701628E-01	2.28303739E+00	9.20391574E-03	9.88396822E-03
9.33581719E-01	2.13458317E+00	9.19912147E-03	9.84837391E-03
1.37380085E+00	1.89625153E+00	9.19434761E-03	9.81293374E-03
1.76022407E+00	1.57660124E+00	9.18959403E-03	9.77764654E-03
2.07854356E+00	1.18700232E+00	9.18486057E-03	9.74251116E-03
2.31675724E+00	7.41261532E-01	9.18014708E-03	9.70752645E-03
2.46557277E+00	2.55168153E-01	9.17545340E-03	9.67269129E-03
2.51872400E+00	-2.54025676E-01	9.17077941E-03	9.63800455E-03
2.47318948E+00	-7.68173251E-01	9.16612494E-03	9.60346513E-03
2.32930593E+00	-1.26883214E+00	9.16148985E-03	9.56907192E-03
2.09077283E+00	-1.73787433E+00	9.15687400E-03	9.53482384E-03
1.76454768E+00	-2.15808824E+00	9.15227726E-03	9.50071981E-03
1.36063519E+00	-2.51375302E+00	9.14769948E-03	9.46675876E-03
8.91776690E-01	-2.79116699E+00	9.14314052E-03	9.43293964E-03
3.73049676E-01	-2.97911287E+00	9.13860024E-03	9.39926140E-03
-1.78610207E-01	-3.06924483E+00	9.13407851E-03	9.36572300E-03
-7.44949521E-01	-3.05638489E+00	9.12957519E-03	9.33232342E-03
-1.30698277E+00	-2.93871855E+00	9.12509016E-03	9.29906164E-03
-1.84560496E+00	-2.71788344E+00	9.12062327E-03	9.26593665E-03
-2.34221160E+00	-2.39894746E+00	9.11617440E-03	9.23294746E-03
-2.77930640E+00	-1.99027687E+00	9.11174342E-03	9.20009307E-03
-3.14107731E+00	-1.50329798E+00	9.10733020E-03	9.16737251E-03
-3.41392255E+00	-9.52159618E-01	9.10293461E-03	9.13478481E-03
-3.58690964E+00	-3.53306571E-01	9.09855652E-03	9.10232901E-03
-3.65215279E+00	2.75022767E-01	9.09419582E-03	9.07000415E-03
-3.60509617E+00	9.13359146E-01	9.08985237E-03	9.03780930E-03
-3.44469382E+00	1.54160805E+00	9.08552605E-03	9.00574352E-03
-3.17348011E+00	2.13967929E+00	9.08121675E-03	8.97380588E-03
-2.79752789E+00	2.68812092E+00	9.07692434E-03	8.94199547E-03
-2.32629528E+00	3.16873762E+00	9.07264871E-03	8.91031138E-03
-1.77236527E+00	3.56517409E+00	9.06838972E-03	8.87875270E-03
-1.15108586E+00	3.86344509E+00	9.06414728E-03	8.84731856E-03
-4.80121431E-01	4.05239532E+00	9.05992126E-03	8.81600807E-03
2.21070961E-01	4.12407450E+00	9.05571154E-03	8.78482034E-03
9.31824569E-01	4.07401566E+00	9.05151801E-03	8.75375452E-03
1.63088727E+00	3.90140754E+00	9.04734057E-03	8.72280974E-03
2.29706811E+00	3.60915525E+00	9.04317909E-03	8.69198516E-03
2.90988615E+00	3.20382702E+00	9.03903347E-03	8.66127992E-03
3.45020164E+00	2.69548798E+00	9.03490359E-03	8.63069320E-03
3.90081000E+00	2.09742591E+00	9.03078936E-03	8.60022416E-03
4.24698009E+00	1.42577673E+00	9.02669065E-03	8.56987199E-03
4.47692029E+00	6.99061047E-01	9.02260736E-03	8.53963587E-03
4.58215754E+00	-6.23544404E-02	9.01853939E-03	8.50951499E-03
4.55781774E+00	-8.36854422E-01	9.01448663E-03	8.47950856E-03
4.40279848E+00	-1.60221328E+00	9.01044898E-03	8.44961578E-03
4.11982850E+00	-2.33625486E+00	9.00642633E-03	8.41983587E-03
3.71541192E+00	-3.01751371E+00	9.00241859E-03	8.39016805E-03
3.19965847E+00	-3.62587768E+00	8.99842564E-03	8.36061155E-03
2.58600473E+00	-4.14319223E+00	8.99444739E-03	8.33116560E-03
1.89083459E+00	-4.55380832E+00	8.99048375E-03	8.30182946E-03
1.13301019E+00	-4.84505686E+00	8.98653460E-03	8.27260236E-03
3.33327407E-01	-5.00763551E+00	8.98259985E-03	8.24348357E-03
-4.86087664E-01	-5.03589601E+00	8.97867941E-03	8.21447234E-03
-1.30242331E+00	-4.92802313E+00	8.97477318E-03	8.18556795E-03
-2.09284831E+00	-4.68610000E+00	8.97088107E-03	8.15676966E-03
-2.83517960E+00	-4.31605760E+00	8.96700297E-03	8.12807677E-03
-3.50853148E+00	-3.82751005E+00	8.96313880E-03	8.09948856E-03
-4.09392673E+00	-3.23348063E+00	8.95928846E-03	8.07100433E-03
-4.57485159E+00	-2.55002669E+00	8.95545186E-03	8.04262336E-03
-4.93773766E+00	-1.79577500E+00	8.95162891E-03	8.01434498E-03
-5.17235675E+00	-9.91381218E-01	8.94781951E-03	7.98616849E-03
-5.27211668E+00	-1.58930080E-01	8.94402359E-03	7.95809321E-03
-5.23424957E+00	6.78705919E-01	8.94024104E-03	7.93011846E-03
-5.05988706E+00	1.49852997E+00	8.93647178E-03	7.90224358E-03
-4.75402059E+00	2.27808672E+00	8.93271573E-03	7.87446789E-03
-4.32534816E+00	2.99611051E+00	8.92897279E-03	7.84679075E-03
-3.78601245E+00	3.63313675E+00	8.92524288E-03	7.81921149E-03
-3.15123856E+00	4.17205837E+00	8.92152592E-03	7.79172948E-03
-2.43888244E+00	4.59861100E+00	8.91782181E-03	7.76434405E-03
-1.66890378E+00	4.90177258E+00	8.91413048E-03	7.73705459E-03
-8.62779497E-01	5.07406598E+00	8.91045184E-03	7.70986046E-03
-4.28754682E-02	5.11175605E+00	8.90678581E-03	7.68276103E-03
7.68204621E-01	5.01493562E+00	8.90313231E-03	7.65575568E-03
1.54827370E+00	4.78749865E+00	8.89949126E-03	7.62884379E-03
2.27619958E+00	4.43700179E+00	8.89586257E-03	7.60202476E-03
2.93250816E+00	3.97441921E+00	8.89224617E-03	7.57529798E-03
3.49993374E+00	3.41379858E+00	8.88864197E-03	7.54866284E-03
3.96390052E+00	2.77182918E+00	8.88504990E-03	7.52211876E-03
4.31292125E+00	2.06733548E+00	8.88146988E-03	7.49566514E-03
4.53890189E+00	1.32071189E+00	8.87790183E-03	7.46930139E-03
4.63734368E+00	5.53315932E-01	8.87434568E-03	7.44302694E-03
4.60743760E+00	-2.13161783E-01	8.87080135E-03	7.41684121E-03
4.45204907E+00	-9.57331692E-01	8.86726876E-03	7.39074363E-03
4.17759428E+00	-1.65872468E+00	8.86374784E-03	7.36473362E-03
3.79381286E+00	-2.29837828E+00	8.86023851E-03	7.33881064E-03
3.31344439E+00	-2.85937245E+00	8.85674071E-03	7.31297411E-03
2.75181949E+00	-3.32729937E+00	8.85325436E-03	7.28722350E-03
2.12637839E+00	-3.69065378E+00	8.84977938E-03	7.26155824E-03
1.45613212E+00	-3.94113289E+00	8.84631570E-03	7.23597779E-03
7.61083056E-01	-4.07383773E+00	8.84286326E-03	7.21048163E-03
6.16226192E-02	-4.08737103E+00	8.83942197E-03	7.18506920E-03
-6.22075579E-01	-3.98382940E+00	8.83599178E-03	7.15973998E-03
-1.27064879E+00	-3.76869150E+00	8.83257261E-03	7.13449344E-03
-1.86610672E+00	-3.45060642E+00	8.82916440E-03	7.10932906E-03
-2.39234498E+00	-3.04108982E+00	8.82576707E-03	7.08424632E-03
-2.83559559E+00	-2.55413795E+00	8.82238055E-03	7.05924470E-03
-3.18480138E+00	-2.00577216E+00	8.81900478E-03	7.03432370E-03
-3.43190406E+00	-1.41352846E+00	8.81563970E-03	7.00948281E-03
-3.57203803E+00	-7.95908213E-01	8.81228522E-03	6.98472153E-03
-3.60362523E+00	-1.71806980E-01	8.80894130E-03	6.96003935E-03
-3.52836932E+00	4.40060729E-01	8.80560786E-03	6.93543579E-03
-3.35115040E+00	1.02172339E+00	8.80228484E-03	6.91091036E-03
-3.07982490E+00	1.55648409E+00	8.79897218E-03	6.88646256E-03
-2.72493761E+00	2.02940597E+00	8.79566981E-03	6.86209192E-03
-2.29935589E+00	2.42773730E+00	8.79237766E-03	6.83779795E-03
-1.81783804E+00	2.74126380E+00	8.78909568E-03	6.81358018E-03
-1.29655000E+00	2.96257849E+00	8.78582380E-03	6.78943814E-03
-7.52545620E-01	3.08726155E+00	8.78256196E-03	6.76537136E-03
-2.03227069E-01	3.11396602E+00	8.77931009E-03	6.74137938E-03
3.34197884E-01	3.04440770E+00	8.77606815E-03	6.71746173E-03
8.43244953E-01	2.88326073E+00	8.77283606E-03	6.69361796E-03
1.30865265E+00	2.63796333E+00	8.76961377E-03	6.66984762E-03
1.71683675E+00	2.31844062E+00	8.76640122E-03	6.64615025E-03
2.05628651E+00	1.93675430E+00	8.76319834E-03	6.62252540E-03
2.31789092E+00	1.50669067E+00	8.76000508E-03	6.59897264E-03
2.49518591E+00	1.04330063E+00	8.75682139E-03	6.57549153E-03
2.58451563E+00	5.62406591E-01	8.75364720E-03	6.55208162E-03
2.58510387E+00	8.00917009E-02	8.75048245E-03	6.52874249E-03
2.49903453E+00	-3.87812196E-01	8.74732709E-03	6.50547370E-03
2.33114262E+00	-8.26222138E-01	8.74418107E-03	6.48227483E-03
2.08882041E+00	-1.22127174E+00	8.74104432E-03	6.45914546E-03
1.78174557E+00	-1.56073475E+00	8.73791679E-03	6.43608515E-03
1.42154082E+00	-1.83439179E+00	8.73479843E-03	6.41309351E-03
1.02137631E+00	-2.03432941E+00	8.73168918E-03	6.39017010E-03
5.95527919E-01	-2.15516276E+00	8.72858898E-03	6.36731453E-03
1.58905728E-01	-2.19417596E+00	8.72549779E-03	6.34452638E-03
-2.73432299E-01	-2.15137631E+00	8.72241554E-03	6.32180525E-03
-6.86765937E-01	-2.02946180E+00	8.71934219E-03	6.29915074E-03
-1.06718247E+00	-1.83370368E+00	8.71627768E-03	6.27656244E-03
-1.40201599E+00	-1.57174862E+00	8.71322195E-03	6.25403997E-03
-1.68024274E+00	-1.25334749E+00	8.71017497E-03	6.23158293E-03
-1.89282045E+00	-8.90019951E-01	8.70713667E-03	6.20919092E-03
-2.03296160E+00	-4.94665975E-01	8.70410701E-03	6.18686357E-03
-2.09633254E+00	-8.11370272E-02	8.70108593E-03	6.16460048E-03
-2.08117286E+00	3.36219298E-01	8.69807338E-03	6.14240128E-03
-1.98833195E+00	7.43026606E-01	8.69506932E-03	6.12026558E-03
-1.82122235E+00	1.12534421E+00	8.69207368E-03	6.09819302E-03
-1.58569190E+00	1.47011425E+00	8.68908643E-03	6.07618321E-03
-1.28981941E+00	1.76557740E+00	8.68610751E-03	6.05423579E-03
-9.43640908E-01	2.00164450E+00	8.68313688E-03	6.03235039E-03
-5.58815502E-01	2.17021256E+00	8.68017449E-03	6.01052665E-03
-1.48241832E-01	2.26541574E+00	8.67722028E-03	5.98876419E-03
2.74362490E-01	2.28380378E+00	8.67427421E-03	5.96706267E-03
6.94905003E-01	2.22444278E+00	8.67133624E-03	5.94542172E-03
1.09937198E+00	2.08893576E+00	8.66840631E-03	5.92384098E-03
1.47427714E+00	1.88136265E+00	8.66548438E-03	5.90232012E-03
1.80709153E+00	1.60814234E+00	8.66257041E-03	5.88085877E-03
2.08664110E+00	1.27782131E+00	8.65966434E-03	5.85945659E-03
2.30345975E+00	9.00796158E-01	8.65676613E-03	5.83811324E-03
2.45008704E+00	4.88978792E-01	8.65387574E-03	5.81682837E-03
2.52130160E+00	5.54153077E-02	8.65099312E-03	5.79560164E-03
2.51428306E+00	-3.86129434E-01	8.64811822E-03	5.77443271E-03
2.42869815E+00	-8.21608328E-01	8.64525100E-03	5.75332126E-03
2.26670829E+00	-1.23713592E+00	8.64239142E-03	5.73226694E-03
2.03289905E+00	-1.61942582E+00	8.63953944E-03	5.71126942E-03
1.73413397E+00	-1.95620797E+00	8.63669500E-03	5.69032839E-03
1.37933757E+00	-2.23661300E+00	8.63385807E-03	5.66944351E-03
9.79214687E-01	-2.45151170E+00	8.63102860E-03	5.64861445E-03
5.45915131E-01	-2.59379935E+00	8.62820655E-03	5.62784091E-03
9.26542115E-02	-2.65861639E+00	8.62539188E-03	5.60712255E-03
-3.66698809E-01	-2.64349861E+00	8.62258454E-03	5.58645906E-03
-8.18051520E-01	-2.54845279E+00	8.61978450E-03	5.56585013E-03
-1.24752501E+00	-2.37595557E+00	8.61699171E-03	5.54529545E-03
-1.64188284E+00	-2.13087587E+00	8.61420613E-03	5.52479470E-03
-1.98893909E+00	-1.82032375E+00	8.61142772E-03	5.50434757E-03
-2.27793308E+00	-1.45343041E+00	8.60865644E-03	5.48395376E-03
-2.49985921E+00	-1.04106656E+00	8.60589225E-03	5.46361297E-03
-2.64774205E+00	-5.95508028E-01	8.60313511E-03	5.44332489E-03
-2.71684845E+00	-1.30059022E-01	8.60038497E-03	5.42308923E-03
-2.70483029E+00	3.41355116E-01	8.59764181E-03	5.40290568E-03
-2.61179387E+00	8.04613127E-01	8.59490558E-03	5.38277395E-03
-2.44029414E+00	1.24582788E+00	8.59217623E-03	5.36269374E-03
-2.19525409E+00	1.65176805E+00	8.58945374E-03	5.34266477E-03
-1.88381228E+00	2.01025868E+00	8.58673806E-03	5.32268675E-03
-1.51510324E+00	2.31054822E+00	8.58402916E-03	5.30275938E-03
-1.09997803E+00	2.54363134E+00	8.58132699E-03	5.28288238E-03
-6.50673359E-01	2.70251755E+00	8.57863153E-03	5.26305547E-03
-1.80439964E-01	2.78243788E+00	8.57594272E-03	5.24327836E-03
2.96858597E-01	2.78098348E+00	8.57326054E-03	5.22355078E-03
7.67164169E-01	2.69817237E+00	8.57058495E-03	5.20387244E-03
1.21664658E+00	2.53644255E+00	8.56791590E-03	5.18424307E-03
1.63211768E+00	2.30057208E+00	8.56525337E-03	5.16466239E-03
2.00142435E+00	1.99752890E+00	8.56259732E-03	5.14513014E-03
2.31380870E+00	1.63625528E+00	8.55994771E-03	5.12564603E-03
2.56022465E+00	1.22739386E+00	8.55730451E-03	5.10620981E-03
2.73360163E+00	7.82963694E-01	8.55466767E-03	5.08682120E-03
2.82904772E+00	3.15996589E-01	8.55203717E-03	5.06747994E-03
2.84398635E+00	-1.59855273E-01	8.54941297E-03	5.04818576E-03
2.77822296E+00	-6.30728268E-01	8.54679504E-03	5.02893840E-03
2.63393988E+00	-1.08296048E+00	8.54418333E-03	5.00973760E-03
2.41562010E+00	-1.50349654E+00	8.54157782E-03	4.99058311E-03
2.12990273E+00	-1.88027213E+00	8.53897847E-03	4.97147466E-03
1.78537474E+00	-2.20256650E+00	8.53638525E-03	4.95241199E-03
1.39230591E+00	-2.46131288E+00	8.53379812E-03	4.93339487E-03
9.62335129E-01	-2.64935757E+00	8.53121705E-03	4.91442302E-03
5.08117877E-01	-2.76166034E+00	8.52864200E-03	4.89549621E-03
4.29457805E-02	-2.79543052E+00	8.52607295E-03	4.87661418E-03
-4.19650245E-01	-2.75019523E+00	8.52350986E-03	4.85777669E-03
-8.66301189E-01	-2.62779820E+00	8.52095270E-03	4.83898349E-03
-1.28419347E+00	-2.43232963E+00	8.51840143E-03	4.82023433E-03
-1.66144307E+00	-2.16998993E+00	8.51585603E-03	4.80152897E-03
-1.98743922E+00	-1.84889174E+00	8.51331645E-03	4.78286718E-03
-2.25314773E+00	-1.47880681E+00	8.51078267E-03	4.76424871E-03
-2.45136507E+00	-1.07086566E+00	8.50825466E-03	4.74567333E-03
-2.57691624E+00	-6.37219352E-01	8.50573239E-03	4.72714079E-03
-2.62679087E+00	-1.90673980E-01	8.50321581E-03	4.70865086E-03
-2.60021411E+00	2.55691269E-01	8.50070491E-03	4.69020331E-03
-2.49865088E+00	6.88910738E-01	8.49819966E-03	4.67179791E-03
-2.32574372E+00	1.09651218E+00	8.49570001E-03	4.65343443E-03
-2.08718708E+00	1.46687862E+00	8.49320594E-03	4.63511263E-03
-1.79054207E+00	1.78958169E+00	8.49071742E-03	4.61683229E-03
-1.44499794E+00	2.05567667E+00	8.48823443E-03	4.59859318E-03
-1.06108787E+00	2.25795114E+00	8.48575692E-03	4.58039508E-03
-6.50367928E-01	2.39112005E+00	8.48328487E-03	4.56223777E-03
-2.25069111E-01	2.45196220E+00	8.48081825E-03	4.54412101E-03
2.02266956E-01	2.43939463E+00	8.47835704E-03	4.52604460E-03
6.19157702E-01	2.35448344E+00	8.47590119E-03	4.50800831E-03
1.01354371E+00	2.20039137E+00	8.47345069E-03	4.49001192E-03
1.37413655E+00	1.98226439E+00	8.47100550E-03	4.47205521E-03
1.69074024E+00	1.70706147E+00	8.46856559E-03	4.45413798E-03
1.95453725E+00	1.38333299E+00	8.46613094E-03	4.43626001E-03
2.15833091E+00	1.02095514E+00	8.46370152E-03	4.41842108E-03
2.29673779E+00	6.30828474E-01	8.46127730E-03	4.40062098E-03
2.36632486E+00	2.24550000E-01	8.45885825E-03	4.38285950E-03
2.36568817E+00	-1.85931223E-01	8.45644434E-03	4.36513644E-03
2.29547140E+00	-5.88664746E-01	8.45403555E-03	4.34745158E-03
2.15832465E+00	-9.72045252E-01	8.45163184E-03	4.32980472E-03
1.95880527E+00	-1.32514485E+00	8.44923320E-03	4.31219566E-03
1.70322447E+00	-1.63802164E+00	8.44683959E-03	4.29462418E-03
1.39944500E+00	-1.90199582E+00	8.44445099E-03	4.27709010E-03
1.05663625E+00	-2.10988575E+00	8.44206736E-03	4.25959319E-03
6.84994725E-01	-2.25619762E+00	8.43968869E-03	4.24213328E-03
2.95438295E-01	-2.33726389E+00	8.43731495E-03	4.22471015E-03
-1.00716347E-01	-2.35132714E+00	8.43494610E-03	4.20732360E-03
-4.92083543E-01	-2.29856770E+00	8.43258213E-03	4.18997345E-03
-8.67536129E-01	-2.18107508E+00	8.43022301E-03	4.17265950E-03
-1.21652104E+00	-2.00276485E+00	8.42786870E-03	4.15538154E-03
-1.52935413E+00	-1.76924414E+00	8.42551920E-03	4.13813940E-03
-1.79748603E+00	-1.48763051E+00	8.42317446E-03	4.12093286E-03
-2.01373175E+00	-1.16632993E+00	8.42083447E-03	4.10376176E-03
-2.17245803E+00	-8.14781133E-01	8.41849919E-03	4.08662589E-03
-2.26972375E+00	-4.43174007E-01	8.41616861E-03	4.06952506E-03
-2.30336994E+00	-6.21506310E-02	8.41384270E-03	4.05245909E-03
-2.27305786E+00	3.17502257E-01	8.41152143E-03	4.03542780E-03
-2.18025463E+00	6.85160404E-01	8.40920478E-03	4.01843099E-03
-2.02816789E+00	1.03066004E+00	8.40689272E-03	4.00146848E-03
-1.82163204E+00	1.34457836E+00	8.40458524E-03	3.98454009E-03
-1.56695022E+00	1.61848885E+00	8.40228230E-03	3.96764564E-03
-1.27169713E+00	1.84518456E+00	8.39998388E-03	3.95078494E-03
-9.44489049E-01	2.01886355E+00	8.39768995E-03	3.93395781E-03
-5.94728106E-01	2.13527198E+00	8.39540050E-03	3.91716408E-03
-2.32328423E-01	2.19180136E+00	8.39311550E-03	3.90040357E-03
1.32567770E-01	2.18753821E+00	8.39083493E-03	3.88367609E-03
4.89875913E-01	2.12326539E+00	8.38855875E-03	3.86698148E-03
8.29848704E-01	2.00141611E+00	8.38628696E-03	3.85031956E-03
1.14334178E+00	1.82598251E+00	8.38401952E-03	3.83369015E-03
1.42205829E+00	1.60238242E+00	8.38175641E-03	3.81709309E-03
1.65876591E+00	1.33728862E+00	8.37949761E-03	3.80052819E-03
1.84748078E+00	1.03842614E+00	8.37724310E-03	3.78399529E-03
1.98361378E+00	7.14343788E-01	8.37499285E-03	3.76749422E-03
2.06407591E+00	3.74166666E-01	8.37274684E-03	3.75102480E-03
2.08734042E+00	2.73370445E-02	8.37050505E-03	3.73458688E-03
2.05346104E+00	-3.16649192E-01	8.36826745E-03	3.71818027E-03
1.96404632E+00	-6.48503079E-01	8.36603403E-03	3.70180482E-03
1.82219194E+00	-9.59392991E-01	8.36380476E-03	3.68546037E-03
1.63237339E+00	-1.24117827E+00	8.36157962E-03	3.66914673E-03
1.40030287E+00	-1.48661997E+00	8.35935858E-03	3.65286376E-03
1.13275493E+00	-1.68956337E+00	8.35714163E-03	3.63661129E-03
8.37366213E-01	-1.84508793E+00	8.35492875E-03	3.62038916E-03
5.22415357E-01	-1.94962102E+00	8.35271990E-03	3.60419720E-03
1.96589221E-01	-2.00101326E+00	8.35051508E-03	3.58803525E-03
-1.31257797E-01	-1.99857404E+00	8.34831426E-03	3.57190316E-03
-4.52344784E-01	-1.94306706E+00	8.34611741E-03	3.55580077E-03
-7.58199171E-01	-1.83666678E+00	8.34392452E-03	3.53972792E-03
-1.04087921E+00	-1.68287770E+00	8.34173557E-03	3.52368446E-03
-1.29317835E+00	-1.48641943E+00	8.33955054E-03	3.50767022E-03
-1.50880638E+00	-1.25308111E+00	8.33736939E-03	3.49168505E-03
-1.68254294E+00	-9.89549843E-01	8.33519213E-03	3.47572881E-03
-1.81035989E+00	-7.03218136E-01	8.33301871E-03	3.45980133E-03
-1.88950974E+00	-4.01975818E-01	8.33084913E-03	3.44390246E-03
-1.91857867E+00	-9.39923326E-02	8.32868336E-03	3.42803205E-03
-1.89750310E+00	2.12504705E-01	8.32652138E-03	3.41218995E-03
-1.82755040E+00	5.09448753E-01	8.32436317E-03	3.39637601E-03
-1.71126453E+00	7.89145665E-01	8.32220872E-03	3.38059008E-03
-1.55237908E+00	1.04447167E+00	8.32005800E-03	3.36483201E-03
-1.35570023E+00	1.26905307E+00	8.31791099E-03	3.34910166E-03
-1.12696343E+00	1.45742328E+00	8.31576767E-03	3.33339888E-03
-8.72668012E-01	1.60515353E+00	8.31362803E-03	3.31772351E-03
-5.99894280E-01	1.70895420E+00	8.31149204E-03	3.30207542E-03
-3.16108285E-01	1.76674483E+00	8.30935969E-03	3.28645447E-03
-2.89594729E-02	1.77769127E+00	8.30723095E-03	3.27086050E-03
2.53923415E-01	1.74220982E+00	8.30510580E-03	3.25529337E-03
5.25132889E-01	1.66193854E+00	8.30298423E-03	3.23975295E-03
7.77674586E-01	1.53967715E+00	8.30086622E-03	3.22423908E-03
1.00514567E+00	1.37929752E+00	8.29875175E-03	3.20875164E-03
1.20189534E+00	1.18562736E+00	8.29664080E-03	3.19329047E-03
1.36316370E+00	9.64310712E-01	8.29453335E-03	3.17785544E-03
1.48519549E+00	7.21648933E-01	8.29242938E-03	3.16244642E-03
1.56532642E+00	4.64426626E-01	8.29032888E-03	3.14706326E-03
1.60203998E+00	1.99727119E-01	8.28823182E-03	3.13170582E-03
1.59499382E+00	-6.52576602E-02	8.28613819E-03	3.11637397E-03
1.54501526E+00	-3.23417978E-01	8.28404797E-03	3.10106757E-03
1.45406649E+00	-5.67912902E-01	8.28196114E-03	3.08578649E-03
1.32518063E+00	-7.92347990E-01	8.27987768E-03	3.07053060E-03
1.16237055E+00	-9.90939643E-01	8.27779758E-03	3.05529975E-03
9.70513053E-01	-1.15866203E+00	8.27572082E-03	3.04009382E-03
7.55211555E-01	-1.29137302E+00	8.27364737E-03	3.02491267E-03
5.22641022E-01	-1.38591608E+00	8.27157723E-03	3.00975617E-03
2.79379118E-01	-1.44019564E+00	8.26951037E-03	2.99462420E-03
3.22280533E-02	-1.45322432E+00	8.26744678E-03	2.97951661E-03
-2.11968297E-01	-1.42514089E+00	8.26538643E-03	2.96443328E-03
-4.46507301E-01	-1.35719854E+00	8.26332932E-03	2.94937409E-03
-6.65005830E-01	-1.25172420E+00	8.26127542E-03	2.93433889E-03
-8.61569320E-01	-1.11204969E+00	8.25922472E-03	2.91932757E-03
-1.03094732E+00	-9.42416857E-01	8.25717720E-03	2.90434000E-03
-1.16867154E+00	-7.47858928E-01	8.25513284E-03	2.88937604E-03
-1.27117296E+00	-5.34061398E-01	8.25309163E-03	2.87443558E-03
-1.33587479E+00	-3.07205878E-01	8.25105355E-03	2.85951849E-03
-1.36125912E+00	-7.38010271E-02	8.24901858E-03	2.84462464E-03
-1.34690531E+00	1.59495095E-01	8.24698670E-03	2.82975391E-03
-1.29349917E+00	3.86056641E-01	8.24495791E-03	2.81490618E-03
-1.20281254E+00	5.99470838E-01	8.24293218E-03	2.80008132E-03
-1.07765387E+00	7.93713365E-01	8.24090949E-03	2.78527920E-03
-9.21790680E-01	9.63313628E-01	8.23888984E-03	2.77049972E-03
-7.39846173E-01	1.10350553E+00	8.23687319E-03	2.75574274E-03
-5.37172263E-01	1.21035970E+00	8.23485955E-03	2.74100815E-03
-3.19702426E-01	1.28089349E+00	8.23284889E-03	2.72629583E-03
-9.37880838E-02	1.31315580E+00	8.23084119E-03	2.71160565E-03
1.33977254E-01	1.30628414E+00	8.22883644E-03	2.69693749E-03
3.56941454E-01	1.26053218E+00	8.22683462E-03	2.68229125E-03
5.68579983E-01	1.17726695E+00	8.22483573E-03	2.66766680E-03
7.62679895E-01	1.05893523E+00	8.22283973E-03	2.65306402E-03
9.33516567E-01	9.08999883E-01	8.22084662E-03	2.63848280E-03
1.07601831E+00	7.31847553E-01	8.21885638E-03	2.62392302E-03
1.18591420E+00	5.32669777E-01	8.21686899E-03	2.60938456E-03
1.25986092E+00	3.17320604E-01	8.21488445E-03	2.59486732E-03
1.29554483E+00	9.21542652E-02	8.21290272E-03	2.58037117E-03
1.29175608E+00	-1.36152871E-01	8.21092381E-03	2.56589600E-03
1.24843247E+00	-3.60791312E-01	8.20894769E-03	2.55144169E-03
1.16667123E+00	-5.75013342E-01	8.20697435E-03	2.53700815E-03
1.04870804E+00	-7.72328418E-01	8.20500377E-03	2.52259524E-03
8.97863458E-01	-9.46693613E-01	8.20303593E-03	2.50820287E-03
7.18457497E-01	-1.09269364E+00	8.20107083E-03	2.49383091E-03
5.15694610E-01	-1.20570524E+00	8.19910845E-03	2.47947926E-03
2.95521606E-01	-1.28204096E+00	8.19714878E-03	2.46514781E-03
6.44622202E-02	-1.31906792E+00	8.19519179E-03	2.45083644E-03
-1.70567356E-01	-1.31529781E+00	8.19323747E-03	2.43654506E-03
-4.02457019E-01	-1.27044487E+00	8.19128581E-03	2.42227354E-03
-6.24109898E-01	-1.18544986E+00	8.18933680E-03	2.40802178E-03
-8.28652282E-01	-1.06246849E+00	8.18739042E-03	2.39378968E-03
-1.00964028E+00	-9.04824188E-01	8.18544665E-03	2.37957712E-03
-1.16125714E+00	-7.16925799E-01	8.18350548E-03	2.36538399E-03
-1.27849538E+00	-5.04152056E-01	8.18156690E-03	2.35121020E-03
-1.35731793E+00	-2.72705506E-01	8.17963089E-03	2.33705564E-03
-1.39479344E+00	-2.94396441E-02	8.17769744E-03	2.32292019E-03
-1.38920097E+00	2.18336202E-01	8.17576653E-03	2.30880376E-03
-1.34010062E+00	4.63068887E-01	8.17383816E-03	2.29470624E-03
-1.24836724E+00	6.97184450E-01	8.17191230E-03	2.28062752E-03
-1.11618550E+00	9.13315678E-01	8.16998894E-03	2.26656750E-03
-9.47005698E-01	1.10452759E+00	8.16806807E-03	2.25252609E-03
-7.45460886E-01	1.26453402E+00	8.16614967E-03	2.23850317E-03
-5.17246943E-01	1.38789879E+00	8.16423373E-03	2.22449864E-03
-2.68968491E-01	1.47021491E+00	8.16232024E-03	2.21051240E-03
-7.95455438E-03	1.50825624E+00	8.16040918E-03	2.19654435E-03
2.57951099E-01	1.50009632E+00	8.15850054E-03	2.18259439E-03
5.20619144E-01	1.44519015E+00	8.15659431E-03	2.16866242E-03
7.71876904E-01	1.34441582E+00	8.15469047E-03	2.15474834E-03
1.00375651E+00	1.20007369E+00	8.15278900E-03	2.14085204E-03
1.20874163E+00	1.01584248E+00	8.15088991E-03	2.12697343E-03
1.38000530E+00	7.96692533E-01	8.14899316E-03	2.11311241E-03
1.51163132E+00	5.48758207E-01	8.14709875E-03	2.09926889E-03
1.59881238E+00	2.79172212E-01	8.14520667E-03	2.08544275E-03
1.63801811E+00	-4.13368801E-03	8.14331690E-03	2.07163391E-03
1.62712758E+00	-2.92656302E-01	8.14142943E-03	2.05784227E-03
1.56552130E+00	-5.77570585E-01	8.13954425E-03	2.04406772E-03
1.45412917E+00	-8.49993988E-01	8.13766134E-03	2.03031018E-03
1.29543190E+00	-1.10125780E+00	8.13578068E-03	2.01656955E-03
1.09341503E+00	-1.32317734E+00	8.13390228E-03	2.00284573E-03
8.53475951E-01	-1.50831264E+00	8.13202611E-03	1.98913863E-03
5.82285682E-01	-1.65021154E+00	8.13015216E-03	1.97544815E-03
2.87608950E-01	-1.74362725E+00	8.12828042E-03	1.96177420E-03
-2.19129408E-02	-1.78470325E+00	8.12641088E-03	1.94811668E-03
-3.37010447E-01	-1.77111919E+00	8.12454352E-03	1.93447550E-03
-6.48058339E-01	-1.70219254E+00	8.12267833E-03	1.92085056E-03
-9.45364588E-01	-1.57893180E+00	8.12081529E-03	1.90724178E-03
-1.21946701E+00	-1.40403895E+00	8.11895441E-03	1.89364906E-03
-1.46142873E+00	-1.18185980E+00	8.11709565E-03	1.88007230E-03
-1.66312326E+00	-9.18282875E-01	8.11523902E-03	1.86651142E-03
-1.81750031E+00	-6.20588829E-01	8.11338450E-03	1.85296633E-03
-1.91882373E+00	-2.97254175E-01	8.11153207E-03	1.83943693E-03
-1.96287362E+00	4.22856310E-02	8.10968173E-03	1.82592313E-03
-1.94710587E+00	3.87907179E-01	8.10783345E-03	1.81242484E-03
-1.87076317E+00	7.29096501E-01	8.10598724E-03	1.79894197E-03
-1.73493331E+00	1.05526421E+00	8.10414307E-03	1.78547444E-03
-1.54255193E+00	1.35606902E+00	8.10230094E-03	1.77202215E-03
-1.29834843E+00	1.62173982E+00	8.10046084E-03	1.75858501E-03
-1.00873594E+00	1.84338641E+00	8.09862274E-03	1.74516293E-03
-6.81647349E-01	2.01328901E+00	8.09678664E-03	1.73175583E-03
-3.26321688E-01	2.12515736E+00	8.09495254E-03	1.71836362E-03
4.69535775E-02	2.17435079E+00	8.09312040E-03	1.70498621E-03
4.27137205E-01	2.15805178E+00	8.09129023E-03	1.69162351E-03
8.02757384E-01	2.07538692E+00	8.08946201E-03	1.67827544E-03
1.16225407E+00	1.92749040E+00	8.08763574E-03	1.66494190E-03
1.49433024E+00	1.71750733E+00	8.08581139E-03	1.65162282E-03
1.78830151E+00	1.45053548E+00	8.08398896E-03	1.63831811E-03
2.03443321E+00	1.13350627E+00	8.08216843E-03	1.62502767E-03
2.22425450E+00	7.75007675E-01	8.08034980E-03	1.61175143E-03
2.35083938E+00	3.85053264E-01	8.07853304E-03	1.59848930E-03
2.40904546E+00	-2.51961865E-02	8.07671817E-03	1.58524120E-03
2.39570251E+00	-4.43750969E-01	8.07490514E-03	1.57200703E-03
2.30974406E+00	-8.58141421E-01	8.07309397E-03	1.55878673E-03
2.15227718E+00	-1.25578745E+00	8.07128464E-03	1.54558019E-03
1.92658730E+00	-1.62437765E+00	8.06947713E-03	1.53238734E-03
1.63807681E+00	-1.95224649E+00	8.06767143E-03	1.51920810E-03
1.29413836E+00	-2.22873811E+00	8.06586754E-03	1.50604239E-03
9.03965656E-01	-2.44454537E+00	8.06406544E-03	1.49289011E-03
4.78306541E-01	-2.59201336E+00	8.06226511E-03	1.47975119E-03
2.91651143E-02	-2.66539768E+00	8.06046656E-03	1.46662554E-03
-4.30538902E-01	-2.66106880E+00	8.05866977E-03	1.45351309E-03
-8.87343725E-01	-2.57765561E+00	8.05687472E-03	1.44041375E-03
-1.32764114E+00	-2.41612283E+00	8.05508141E-03	1.42732744E-03
-1.73808245E+00	-2.17977896E+00	8.05328983E-03	1.41425408E-03
-2.10598259E+00	-1.87421362E+00	8.05149996E-03	1.40119359E-03
-2.41970997E+00	-1.50716517E+00	8.04971179E-03	1.38814588E-03
-2.66905025E+00	-1.08832159E+00	8.04792532E-03	1.37511089E-03
-2.84553233E+00	-6.29059975E-01	8.04614053E-03	1.36208852E-03
-2.94270651E+00	-1.42131534E-01	8.04435741E-03	1.34907871E-03
-2.95636542E+00	3.58698921E-01	8.04257595E-03	1.33608136E-03
-2.88470066E+00	8.59048719E-01	8.04079614E-03	1.32309641E-03
-2.72838927E+00	1.34433672E+00	8.03901797E-03	1.31012376E-03
-2.49060684E+00	1.80021395E+00	8.03724143E-03	1.29716335E-03
-2.17696571E+00	2.21299261E+00	8.03546650E-03	1.28421510E-03
-1.79537960E+00	2.57006045E+00	8.03369319E-03	1.27127892E-03
-1.35585757E+00	2.86026775E+00	8.03192147E-03	1.25835474E-03
-8.70232993E-01	3.07427505E+00	8.03015133E-03	1.24544248E-03
-3.51834953E-01	3.20485058E+00	8.02838277E-03	1.23254207E-03
1.84888689E-01	3.24710794E+00	8.02661578E-03	1.21965343E-03
7.24785579E-01	3.19867622E+00	8.02485034E-03	1.20677648E-03
1.25243845E+00	3.05979674E+00	8.02308645E-03	1.19391114E-03
1.75261695E+00	2.83334282E+00	8.02132409E-03	1.18105734E-03
2.21072826E+00	2.52476120E+00	8.01956326E-03	1.16821500E-03
2.61325286E+00	2.14193622E+00	8.01780394E-03	1.15538405E-03
2.94815220E+00	1.69498008E+00	8.01604612E-03	1.14256441E-03
3.20523575E+00	1.19595495E+00	8.01428979E-03	1.12975601E-03
3.37647604E+00	6.58534672E-01	8.01253495E-03	1.11695877E-03
3.45626177E+00	9.76157912E-02	8.01078159E-03	1.10417261E-03
3.44158092E+00	-4.71110785E-01	8.00902968E-03	1.09139747E-03
3.33212775E+00	-1.03161487E+00	8.00727923E-03	1.07863326E-03
3.13033003E+00	-1.56799534E+00	8.00553022E-03	1.06587992E-03
2.84129500E+00	-2.06494767E+00	8.00378265E-03	1.05313737E-03
2.47267527E+00	-2.50821661E+00	8.00203649E-03	1.04040553E-03
2.03445817E+00	-2.88502030E+00	8.00029175E-03	1.02768434E-03
1.53868435E+00	-3.18443282E+00	7.99854841E-03	1.01497371E-03
9.99103849E-01	-3.39771336E+00	7.99680647E-03	1.00227359E-03
4.30779567E-01	-3.51857196E+00	7.99506591E-03	9.89583881E-04
-1.50350159E-01	-3.54336331E+00	7.99332672E-03	9.76904527E-04
-7.27936820E-01	-3.47120255E+00	7.99158890E-03	9.64235453E-04
-1.28570098E+00	-3.30399905E+00	7.98985243E-03	9.51576585E-04
-1.80791103E+00	-3.04640704E+00	7.98811730E-03	9.38927852E-04
-2.27984705E+00	-2.70569404E+00	7.98638351E-03	9.26289183E-04
-2.68823565E+00	-2.29153088E+00	7.98465104E-03	9.13660506E-04
-3.02164250E+00	-1.81570933E+00	7.98291989E-03	9.01041749E-04
-3.27081061E+00	-1.29179580E+00	7.98119004E-03	8.88432842E-04
-3.42893391E+00	-7.34731225E-01	7.97946149E-03	8.75833714E-04
-3.49185768E+00	-1.60389324E-01	7.97773423E-03	8.63244293E-04
-3.45819955E+00	4.14893578E-01	7.97600824E-03	8.50664511E-04
-3.32938726E+00	9.74802870E-01	7.97428352E-03	8.38094296E-04
-3.10961186E+00	1.50352942E+00	7.97256005E-03	8.25533578E-04
-2.80569776E+00	1.98623806E+00	7.97083784E-03	8.12982288E-04
-2.42689322E+00	2.40950649E+00	7.96911686E-03	8.00440356E-04
-1.98458797E+00	2.76172116E+00	7.96739711E-03	7.87907713E-04
-1.49196617E+00	3.03341797E+00	7.96567858E-03	7.75384288E-04
-9.63605570E-01	3.21755746E+00	7.96396126E-03	7.62870014E-04
-4.15034963E-01	3.30972579E+00	7.96224515E-03	7.50364821E-04
1.37736372E-01	3.30825561E+00	7.96053022E-03	7.37868641E-04
6.78702869E-01	3.21426293E+00	7.95881648E-03	7.25381405E-04
1.19234553E+00	3.03159891E+00	7.95710391E-03	7.12903044E-04
1.66409861E+00	2.76671816E+00	7.95539250E-03	7.00433491E-04
2.08078563E+00	2.42846762E+00	7.95368225E-03	6.87972678E-04
2.43101143E+00	2.02780258E+00	7.95197314E-03	6.75520537E-04
2.70549794E+00	1.57743884E+00	7.95026517E-03	6.63076999E-04
2.89735348E+00	1.09145169E+00	7.94855833E-03	6.50641998E-04
3.00226717E+00	5.84834451E-01	7.94685260E-03	6.38215467E-04
3.01862263E+00	7.30302031E-02	7.94514799E-03	6.25797338E-04
2.94752734E+00	-4.28548497E-01	7.94344447E-03	6.13387545E-04
2.79275708E+00	-9.04996957E-01	7.94174204E-03	6.00986020E-04
2.56061717E+00	-1.34237776E+00	7.94004070E-03	5.88592697E-04
2.25972509E+00	-1.72814785E+00	7.93834042E-03	5.76207510E-04
1.90072139E+00	-2.05153989E+00	7.93664121E-03	5.63830392E-04
1.49591819E+00	-2.30388599E+00	7.93494306E-03	5.51461277E-04
1.05889644E+00	-2.47887362E+00	7.93324595E-03	5.39100100E-04
6.04064749E-01	-2.57272574E+00	7.93154987E-03	5.26746794E-04
1.46193942E-01	-2.58429961E+00	7.92985483E-03	5.14401293E-04
-3.00057922E-01	-2.51510113E+00	7.92816080E-03	5.02063534E-04
-7.20614878E-01	-2.36921453E+00	7.92646778E-03	4.89733449E-04
-1.10243175E+00	-2.15314974E+00	7.92477577E-03	4.77410974E-04
-1.43390791E+00	-1.87561228E+00	7.92308474E-03	4.65096044E-04
-1.70525286E+00	-1.54720342E+00	7.92139470E-03	4.52788594E-04
-1.90879197E+00	-1.18006007E+00	7.91970563E-03	4.40488560E-04
-2.03920256E+00	-7.87446090E-01	7.91801753E-03	4.28195876E-04
-2.09367279E+00	-3.83308369E-01	7.91633039E-03	4.15910478E-04
-2.07197827E+00	1.81881731E-02	7.91464419E-03	4.03632303E-04
-1.97647388E+00	4.03131458E-01	7.91295894E-03	3.91361285E-04
-1.81200114E+00	7.58323814E-01	7.91127461E-03	3.79097361E-04
-1.58571411E+00	1.07171922E+00	7.90959120E-03	3.66840468E-04
-1.30682939E+00	1.33282200E+00	7.90790871E-03	3.54590541E-04
-9.86308344E-01	1.53303399E+00	7.90622713E-03	3.42347516E-04
-6.36481831E-01	1.66593874E+00	7.90454644E-03	3.30111331E-04
-2.70629648E-01	1.72751345E+00	7.90286663E-03	3.17881922E-04
9.74717137E-02	1.71626155E+00	7.90118771E-03	3.05659226E-04
4.54018199E-01	1.63326145E+00	7.89950965E-03	2.93443179E-04
7.85648909E-01	1.48212967E+00	7.89783246E-03	2.81233720E-04
1.07990298E+00	1.26889925E+00	7.89615612E-03	2.69030785E-04
1.32564756E+00	1.00181728E+00	7.89448062E-03	2.56834311E-04
1.51346282E+00	6.91067890E-01	7.89280596E-03	2.44644237E-04
1.63597101E+00	3.48429392E-01	7.89113213E-03	2.32460499E-04
1.68809875E+00	-1.31232348E-02	7.88945912E-03	2.20283036E-04
1.66726343E+00	-3.79857869E-01	7.88778691E-03	2.08111784E-04
1.57347727E+00	-7.37752448E-01	7.88611551E-03	1.95946683E-04
1.40936527E+00	-1.07297468E+00	7.88444491E-03	1.83787670E-04
1.18009582E+00	-1.37235854E+00	7.88277508E-03	1.71634684E-04
8.93225830E-01	-1.62386190E+00	7.88110604E-03	1.59487663E-04
5.58464857E-01	-1.81699011E+00	7.87943776E-03	1.47346545E-04
1.87365440E-01	-1.94317143E+00	7.87777024E-03	1.35211269E-04
-2.07050723E-01	-1.99607159E+00	7.87610348E-03	1.23081773E-04
-6.10719002E-01	-1.97183681E+00	7.87443745E-03	1.10957997E-04
-1.00899689E+00	-1.86925658E+00	7.87277217E-03	9.88398792E-05
-1.38715301E+00	-1.68984046E+00	7.87110760E-03	8.67273586E-05
-1.73086429E+00	-1.43780544E+00	7.86944376E-03	7.46203745E-05
-2.02670507E+00	-1.11997361E+00	7.86778063E-03	6.25188661E-05
-2.26261234E+00	-7.45582668E-01	7.86611820E-03	5.04227726E-05
-2.42831142E+00	-3.26014539E-01	7.86445646E-03	3.83320336E-05
-2.51568813E+00	1.25549755E-01	7.86279540E-03	2.62465886E-05
-2.51909479E+00	5.94538543E-01	7.86113503E-03	1.41663773E-05
-2.43557932E+00	1.06544865E+00	7.85947532E-03	2.09133944E-06
-2.26502955E+00	1.52234093E+00	7.85781627E-03	-9.97858517E-06
-2.01022684E+00	1.94935648E+00	7.85615788E-03	-2.20434566E-05
-1.67680671E+00	2.33123726E+00	7.85450013E-03	-3.41033347E-05
-1.27312644E+00	2.65383425E+00	7.85284301E-03	-4.61582793E-05
-8.10043181E-01	2.90458681E+00	7.85118652E-03	-5.82083503E-05
-3.00608436E-01	3.07295758E+00	7.84953066E-03	-7.02536073E-05
2.40311933E-01	3.15080847E+00	7.84787540E-03	-8.22941098E-05
7.96481071E-01	3.13270508E+00	7.84622075E-03	-9.43299174E-05
1.35078434E+00	3.01613931E+00	7.84456669E-03	-1.06361089E-04
1.88575724E+00	2.80166178E+00	7.84291322E-03	-1.18387685E-04
2.38413178E+00	2.49291937E+00	7.84126032E-03	-1.30409764E-04
2.82938399E+00	2.09659527E+00	7.83960800E-03	-1.42427384E-04
3.20626560E+00	1.62225259E+00	7.83795624E-03	-1.54440606E-04
3.50130269E+00	1.08208540E+00	7.83630504E-03	-1.66449488E-04
3.70324544E+00	4.90584045E-01	7.83465438E-03	-1.78454088E-04
3.80345429E+00	-1.35875725E-01	7.83300426E-03	-1.90454467E-04
3.79620986E+00	-7.79507608E-01	7.83135468E-03	-2.02450681E-04
3.67893593E+00	-1.42163950E+00	7.82970561E-03	-2.14442791E-04
3.45232802E+00	-2.04327219E+00	7.82805706E-03	-2.26430854E-04
3.12038226E+00	-2.62565504E+00	7.82640901E-03	-2.38414929E-04
2.69032298E+00	-3.15086080E+00	7.82476147E-03	-2.50395075E-04
2.17243015E+00	-3.60234183E+00	7.82311441E-03	-2.62371349E-04
1.57977117E+00	-3.96545024E+00	7.82146784E-03	-2.74343811E-04
9.27844393E-01	-4.22790569E+00	7.81982174E-03	-2.86312517E-04
2.34144669E-01	-4.38019573E+00	7.81817611E-03	-2.98277527E-04
-4.82336428E-01	-4.41589606E+00	7.81653094E-03	-3.10238898E-04
-1.20166079E+00	-4.33189993E+00	7.81488622E-03	-3.22196688E-04
-1.90352791E+00	-4.12854912E+00	7.81324194E-03	-3.34150955E-04
-2.56787532E+00	-3.80966166E+00	7.81159809E-03	-3.46101757E-04
-3.17547701E+00	-3.38245466E+00	7.80995467E-03	-3.58049152E-04
-3.70852157E+00	-2.85736393E+00	7.80831168E-03	-3.69993198E-04
-4.15115216E+00	-2.24776518E+00	7.80666909E-03	-3.81933951E-04
-4.48995178E+00	-1.56960473E+00	7.80502691E-03	-3.93871469E-04
-4.71435842E+00	-8.40950449E-01	7.80338512E-03	-4.05805811E-04
-4.81699737E+00	-8.14760229E-02	7.80174372E-03	-4.17737034E-04
-4.79391993E+00	6.88105876E-01	7.80010270E-03	-4.29665194E-04
