jMRUI Data Textfile

Filename: /Users/kayigwe/Desktop/TE26_BASISSET/converter/sample_basis_sets/JMRUI/Asp.txt

PointsInDataset: 2048
DatasetsInFile: 1
SamplingInterval: 2.500000E-01
ZeroOrderPhase: 0.000000E+00
BeginTime: 0.000000E+00
TransmitterFrequency: 1.232618E+08
MagneticField: 2.895033E+00
TypeOfNucleus: 0.000000E+00
NameOfPatient: Asp
DateOfExperiment: 20260523
Spectrometer: Unknown
AdditionalInfo: Converted by basis_set_converter


Signal and FFT
sig(real)	sig(imag)	fft(real)	fft(imag)
Signal 1 out of 1 in file
2.26232416E+01	-2.08962972E+00	5.70018494E-03	5.57431981E-04
2.09198560E+01	-8.83071523E+00	5.69967410E-03	5.48509523E-04
1.70682999E+01	-1.45946034E+01	5.69916342E-03	5.39591318E-04
1.15563757E+01	-1.86931398E+01	5.69865292E-03	5.30677323E-04
5.08475946E+00	-2.06617939E+01	5.69814259E-03	5.21767491E-04
-1.52944031E+00	-2.03209371E+01	5.69763241E-03	5.12861778E-04
-7.46452376E+00	-1.77974803E+01	5.69712240E-03	5.03960139E-04
-1.20057987E+01	-1.35041159E+01	5.69661255E-03	4.95062528E-04
-1.46414305E+01	-8.07935356E+00	5.69610285E-03	4.86168901E-04
-1.51293464E+01	-2.29699783E+00	5.69559331E-03	4.77279212E-04
-1.35261470E+01	3.04208082E+00	5.69508392E-03	4.68393418E-04
-1.01743615E+01	7.22066380E+00	5.69457468E-03	4.59511473E-04
-5.65023967E+00	9.70296256E+00	5.69406559E-03	4.50633332E-04
-6.79766182E-01	1.02059860E+01	5.69355664E-03	4.41758952E-04
3.96505662E+00	8.73485323E+00	5.69304783E-03	4.32888288E-04
7.57498130E+00	5.57755049E+00	5.69253916E-03	4.24021295E-04
9.60212857E+00	1.26034596E+00	5.69203062E-03	4.15157929E-04
9.73482353E+00	-3.52943974E+00	5.69152222E-03	4.06298146E-04
7.93852603E+00	-8.04213397E+00	5.69101396E-03	3.97441901E-04
4.45758933E+00	-1.15718531E+01	5.69050582E-03	3.88589151E-04
-2.21880011E-01	-1.35552012E+01	5.68999781E-03	3.79739852E-04
-5.44236427E+00	-1.36488839E+01	5.68948992E-03	3.70893959E-04
-1.04682307E+01	-1.17757330E+01	5.68898215E-03	3.62051428E-04
-1.45886839E+01	-8.13319029E+00	5.68847451E-03	3.53212216E-04
-1.72159329E+01	-3.16362461E+00	5.68796698E-03	3.44376280E-04
-1.79650244E+01	2.50882071E+00	5.68745956E-03	3.35543574E-04
-1.67045641E+01	8.16557260E+00	5.68695226E-03	3.26714057E-04
-1.35717807E+01	1.30926778E+01	5.68644507E-03	3.17887683E-04
-8.95045290E+00	1.66776621E+01	5.68593798E-03	3.09064410E-04
-3.41540513E+00	1.84908587E+01	5.68543100E-03	3.00244194E-04
2.34815059E+00	1.83402708E+01	5.68492412E-03	2.91426991E-04
7.63882477E+00	1.62929136E+01	5.68441734E-03	2.82612759E-04
1.18335623E+01	1.26603704E+01	5.68391066E-03	2.73801454E-04
1.44694402E+01	7.95130075E+00	5.68340407E-03	2.64993033E-04
1.53017738E+01	2.79815166E+00	5.68289758E-03	2.56187452E-04
1.43310754E+01	-2.13126201E+00	5.68239117E-03	2.47384669E-04
1.17958871E+01	-6.22479799E+00	5.68188485E-03	2.38584640E-04
8.13329733E+00	-9.00706505E+00	5.68137862E-03	2.29787323E-04
3.91337422E+00	-1.01996385E+01	5.68087247E-03	2.20992674E-04
-2.42800889E-01	-9.75266314E+00	5.68036641E-03	2.12200650E-04
-3.74979660E+00	-7.84424297E+00	5.67986042E-03	2.03411210E-04
-6.13714130E+00	-4.84855895E+00	5.67935450E-03	1.94624309E-04
-7.11056309E+00	-1.27794893E+00	5.67884866E-03	1.85839905E-04
-6.58722546E+00	2.29236235E+00	5.67834289E-03	1.77057956E-04
-4.70083011E+00	5.30603861E+00	5.67783718E-03	1.68278418E-04
-1.77672942E+00	7.30247233E+00	5.67733155E-03	1.59501249E-04
1.71867690E+00	7.97825256E+00	5.67682597E-03	1.50726407E-04
5.24656489E+00	7.22524055E+00	5.67632046E-03	1.41953849E-04
8.27237387E+00	5.14068843E+00	5.67581501E-03	1.33183532E-04
1.03397857E+01	2.00881917E+00	5.67530961E-03	1.24415415E-04
1.11319167E+01	-1.74277077E+00	5.67480426E-03	1.15649454E-04
1.05117061E+01	-5.60516523E+00	5.67429897E-03	1.06885607E-04
8.53658529E+00	-9.05958931E+00	5.67379373E-03	9.81238325E-05
5.44619593E+00	-1.16482181E+01	5.67328853E-03	8.93640875E-05
1.62565630E+00	-1.30346799E+01	5.67278338E-03	8.06063300E-05
-2.44985685E+00	-1.30463214E+01	5.67227827E-03	7.18505177E-05
-6.28107501E+00	-1.16930519E+01	5.67177320E-03	6.30966086E-05
-9.41184435E+00	-9.16095574E+00	5.67126816E-03	5.43445603E-05
-1.14884061E+01	-5.78236585E+00	5.67076316E-03	4.55943310E-05
-1.23029770E+01	-1.98724078E+00	5.67025819E-03	3.68458784E-05
-1.18162621E+01	1.75693287E+00	5.66975325E-03	2.80991607E-05
-1.01565866E+01	5.00818427E+00	5.66924834E-03	1.93541357E-05
-7.59659305E+00	7.40742387E+00	5.66874346E-03	1.06107615E-05
-4.51146005E+00	8.72258894E+00	5.66823859E-03	1.86899626E-06
-1.32496017E+00	8.87409735E+00	5.66773375E-03	-6.87120199E-06
1.54891240E+00	7.93887384E+00	5.66722893E-03	-1.56098751E-05
3.76070617E+00	6.13321696E+00	5.66672411E-03	-2.43470649E-05
5.06942391E+00	3.77762662E+00	5.66621932E-03	-3.30828132E-05
5.37008252E+00	1.24903046E+00	5.66571453E-03	-4.18171618E-05
4.70184360E+00	-1.07266196E+00	5.66520975E-03	-5.05501525E-05
3.23637922E+00	-2.85625364E+00	5.66470498E-03	-5.92818269E-05
1.24881552E+00	-3.86230754E+00	5.66420021E-03	-6.80122269E-05
-9.24149238E-01	-3.97208822E+00	5.66369544E-03	-7.67413939E-05
-2.93281137E+00	-3.19905389E+00	5.66319067E-03	-8.54693698E-05
-4.46291773E+00	-1.68203336E+00	5.66268590E-03	-9.41961962E-05
-5.27750058E+00	3.38283370E-01	5.66218112E-03	-1.02921915E-04
-5.24672801E+00	2.55573901E+00	5.66167633E-03	-1.11646567E-04
-4.36222530E+00	4.64261094E+00	5.66117153E-03	-1.20370194E-04
-2.73454050E+00	6.29485412E+00	5.66066672E-03	-1.29092838E-04
-5.74731364E-01	7.27258367E+00	5.66016189E-03	-1.37814540E-04
1.83687084E+00	7.43057246E+00	5.65965704E-03	-1.46535343E-04
4.19007952E+00	6.73507490E+00	5.65915218E-03	-1.55255286E-04
6.18690793E+00	5.26525040E+00	5.65864729E-03	-1.63974413E-04
7.58058579E+00	3.19957065E+00	5.65814237E-03	-1.72692763E-04
8.20648758E+00	7.89566635E-01	5.65763743E-03	-1.81410379E-04
8.00118971E+00	-1.67514879E+00	5.65713245E-03	-1.90127303E-04
7.00758772E+00	-3.90565185E+00	5.65662745E-03	-1.98843575E-04
5.36591945E+00	-5.65103569E+00	5.65612241E-03	-2.07559237E-04
3.29239724E+00	-6.72945352E+00	5.65561733E-03	-2.16274331E-04
1.04870915E+00	-7.04904808E+00	5.65511221E-03	-2.24988897E-04
-1.09328333E+00	-6.61641142E+00	5.65460705E-03	-2.33702977E-04
-2.88686475E+00	-5.53193859E+00	5.65410184E-03	-2.42416613E-04
-4.14119916E+00	-3.97317232E+00	5.65359659E-03	-2.51129846E-04
-4.74364882E+00	-2.16875644E+00	5.65309129E-03	-2.59842717E-04
-4.67108935E+00	-3.66736408E-01	5.65258594E-03	-2.68555268E-04
-3.98915922E+00	1.19846321E+00	5.65208053E-03	-2.77267540E-04
-2.83998526E+00	2.33604541E+00	5.65157506E-03	-2.85979574E-04
-1.42039798E+00	2.92204448E+00	5.65106954E-03	-2.94691411E-04
4.61935232E-02	2.91295814E+00	5.65056395E-03	-3.03403094E-04
1.34039208E+00	2.34837591E+00	5.65005831E-03	-3.12114663E-04
2.27581226E+00	1.34264276E+00	5.64955259E-03	-3.20826159E-04
2.72277930E+00	6.70094643E-02	5.64904681E-03	-3.29537624E-04
2.62382553E+00	-1.27510155E+00	5.64854095E-03	-3.38249100E-04
1.99923486E+00	-2.47628722E+00	5.64803502E-03	-3.46960627E-04
9.42222468E-01	-3.35304899E+00	5.64752902E-03	-3.55672247E-04
-3.95317721E-01	-3.76976665E+00	5.64702294E-03	-3.64384001E-04
-1.82438186E+00	-3.65576705E+00	5.64651677E-03	-3.73095931E-04
-3.14474842E+00	-3.01346809E+00	5.64601053E-03	-3.81808077E-04
-4.17173149E+00	-1.91678030E+00	5.64550419E-03	-3.90520482E-04
-4.76031753E+00	-5.00219659E-01	5.64499777E-03	-3.99233187E-04
-4.82363526E+00	1.05963800E+00	5.64449126E-03	-4.07946232E-04
-4.34351149E+00	2.56779187E+00	5.64398466E-03	-4.16659659E-04
-3.37193323E+00	3.83638482E+00	5.64347796E-03	-4.25373510E-04
-2.02342596E+00	4.70887841E+00	5.64297116E-03	-4.34087826E-04
-4.59517325E-01	5.07976187E+00	5.64246427E-03	-4.42802649E-04
1.13256139E+00	4.90736109E+00	5.64195727E-03	-4.51518019E-04
2.56409588E+00	4.21824574E+00	5.64145016E-03	-4.60233978E-04
3.66887911E+00	3.10283451E+00	5.64094295E-03	-4.68950568E-04
4.32391267E+00	1.70292712E+00	5.64043563E-03	-4.77667830E-04
4.46423969E+00	1.92904194E-01	5.63992819E-03	-4.86385805E-04
4.09012654E+00	-1.24289203E+00	5.63942064E-03	-4.95104535E-04
3.26581659E+00	-2.43364525E+00	5.63891297E-03	-5.03824061E-04
2.11016518E+00	-3.24341396E+00	5.63840519E-03	-5.12544425E-04
7.80491292E-01	-3.58766060E+00	5.63789728E-03	-5.21265669E-04
-5.48180175E-01	-3.44293972E+00	5.63738925E-03	-5.29987833E-04
-1.70576274E+00	-2.84862814E+00	5.63688108E-03	-5.38710959E-04
-2.54872284E+00	-1.90061031E+00	5.63637279E-03	-5.47435090E-04
-2.97792655E+00	-7.37856547E-01	5.63586437E-03	-5.56160265E-04
-2.95050392E+00	4.76279737E-01	5.63535581E-03	-5.64886528E-04
-2.48431193E+00	1.57557646E+00	5.63484712E-03	-5.73613920E-04
-1.65454025E+00	2.41248004E+00	5.63433829E-03	-5.82342481E-04
-5.83010872E-01	2.87691516E+00	5.63382931E-03	-5.91072255E-04
5.78356152E-01	2.91000461E+00	5.63332019E-03	-5.99803282E-04
1.66771709E+00	2.51101801E+00	5.63281092E-03	-6.08535604E-04
2.53449326E+00	1.73675341E+00	5.63230151E-03	-6.17269264E-04
3.05885509E+00	6.93529178E-01	5.63179194E-03	-6.26004302E-04
3.16703625E+00	-4.77099465E-01	5.63128222E-03	-6.34740760E-04
2.84057435E+00	-1.61700234E+00	5.63077234E-03	-6.43478681E-04
2.11837099E+00	-2.57208640E+00	5.63026230E-03	-6.52218107E-04
1.09138796E+00	-3.21221352E+00	5.62975210E-03	-6.60959078E-04
-1.09268108E-01	-3.44790070E+00	5.62924174E-03	-6.69701637E-04
-1.32929436E+00	-3.24171739E+00	5.62873120E-03	-6.78445826E-04
-2.41097860E+00	-2.61298947E+00	5.62822050E-03	-6.87191686E-04
-3.21329900E+00	-1.63527963E+00	5.62770963E-03	-6.95939261E-04
-3.62980189E+00	-4.27028099E-01	5.62719858E-03	-7.04688591E-04
-3.60203159E+00	8.63409189E-01	5.62668736E-03	-7.13439719E-04
-3.12686903E+00	2.07640173E+00	5.62617595E-03	-7.22192687E-04
-2.25691462E+00	3.06100509E+00	5.62566437E-03	-7.30947537E-04
-1.09392604E+00	3.69374457E+00	5.62515260E-03	-7.39704311E-04
2.23817155E-01	3.89389985E+00	5.62464064E-03	-7.48463051E-04
1.53860960E+00	3.63342739E+00	5.62412850E-03	-7.57223800E-04
2.69273230E+00	2.94033892E+00	5.62361616E-03	-7.65986600E-04
3.54777548E+00	1.89517093E+00	5.62310362E-03	-7.74751493E-04
4.00150296E+00	6.21030089E-01	5.62259089E-03	-7.83518522E-04
4.00021365E+00	-7.31521491E-01	5.62207796E-03	-7.92287728E-04
3.54512349E+00	-2.00286193E+00	5.62156483E-03	-8.01059155E-04
2.69203076E+00	-3.04372669E+00	5.62105150E-03	-8.09832845E-04
1.54434617E+00	-3.73328407E+00	5.62053795E-03	-8.18608840E-04
2.40368706E-01	-3.99368734E+00	5.62002420E-03	-8.27387183E-04
-1.06362647E+00	-3.79936162E+00	5.61951023E-03	-8.36167917E-04
-2.21242986E+00	-3.17992647E+00	5.61899605E-03	-8.44951084E-04
-3.07076769E+00	-2.21642300E+00	5.61848165E-03	-8.53736726E-04
-3.53972955E+00	-1.03131473E+00	5.61796703E-03	-8.62524887E-04
-3.56878160E+00	2.26528180E-01	5.61745219E-03	-8.71315610E-04
-3.16192190E+00	1.40005771E+00	5.61693712E-03	-8.80108937E-04
-2.37723081E+00	2.34330568E+00	5.61642182E-03	-8.88904911E-04
-1.31985161E+00	2.93936176E+00	5.61590630E-03	-8.97703575E-04
-1.29214761E-01	3.11490875E+00	5.61539054E-03	-9.06504973E-04
1.03799557E+00	2.84954950E+00	5.61487454E-03	-9.15309146E-04
2.02712093E+00	2.17876494E+00	5.61435831E-03	-9.24116139E-04
2.70475929E+00	1.19008653E+00	5.61384183E-03	-9.32925994E-04
2.97563435E+00	1.28653623E-02	5.61332511E-03	-9.41738755E-04
2.79504144E+00	-1.19721658E+00	5.61280815E-03	-9.50554465E-04
2.17530265E+00	-2.27710689E+00	5.61229093E-03	-9.59373167E-04
1.18534902E+00	-3.07658671E+00	5.61177347E-03	-9.68194905E-04
-5.66508314E-02	-3.47729943E+00	5.61125575E-03	-9.77019722E-04
-1.39686812E+00	-3.40827535E+00	5.61073777E-03	-9.85847662E-04
-2.66409027E+00	-2.85598859E+00	5.61021954E-03	-9.94678767E-04
-3.69058717E+00	-1.86759028E+00	5.60970104E-03	-1.00351308E-03
-4.33308999E+00	-5.46747180E-01	5.60918228E-03	-1.01235065E-03
-4.49132029E+00	9.57607103E-01	5.60866325E-03	-1.02119152E-03
-4.12172754E+00	2.46843160E+00	5.60814394E-03	-1.03003573E-03
-3.24460254E+00	3.80171345E+00	5.60762437E-03	-1.03888332E-03
-1.94348522E+00	4.78909353E+00	5.60710452E-03	-1.04773434E-03
-3.56696064E-01	5.29922797E+00	5.60658439E-03	-1.05658883E-03
1.33821157E+00	5.25519011E+00	5.60606399E-03	-1.06544685E-03
2.94537297E+00	4.64561151E+00	5.60554329E-03	-1.07430842E-03
4.27446764E+00	3.52795753E+00	5.60502232E-03	-1.08317360E-03
5.16460958E+00	2.02325901E+00	5.60450105E-03	-1.09204243E-03
5.50525774E+00	3.02673511E-01	5.60397949E-03	-1.10091495E-03
5.25139382E+00	-1.43270091E+00	5.60345764E-03	-1.10979121E-03
4.43083793E+00	-2.97642190E+00	5.60293549E-03	-1.11867125E-03
3.14249581E+00	-4.14271616E+00	5.60241304E-03	-1.12755512E-03
1.54545032E+00	-4.79061820E+00	5.60189028E-03	-1.13644287E-03
-1.60010630E-01	-4.84305673E+00	5.60136722E-03	-1.14533453E-03
-1.75724871E+00	-4.29824251E+00	5.60084386E-03	-1.15423015E-03
-3.04097959E+00	-3.23161303E+00	5.60032018E-03	-1.16312978E-03
-3.84430440E+00	-1.78775766E+00	5.59979619E-03	-1.17203346E-03
-4.06149838E+00	-1.63042931E-01	5.59927188E-03	-1.18094124E-03
-3.66341099E+00	1.41908778E+00	5.59874725E-03	-1.18985316E-03
-2.70319191E+00	2.73711976E+00	5.59822230E-03	-1.19876927E-03
-1.31125839E+00	3.60107139E+00	5.59769703E-03	-1.20768961E-03
3.20184189E-01	3.87877333E+00	5.59717143E-03	-1.21661422E-03
1.96134581E+00	3.51519945E+00	5.59664550E-03	-1.22554316E-03
3.37482137E+00	2.54202849E+00	5.59611923E-03	-1.23447647E-03
4.34748441E+00	1.07583128E+00	5.59559263E-03	-1.24341420E-03
4.72006721E+00	-6.95240632E-01	5.59506569E-03	-1.25235638E-03
4.41035459E+00	-2.53483440E+00	5.59453841E-03	-1.26130307E-03
3.42664735E+00	-4.18899532E+00	5.59401078E-03	-1.27025431E-03
1.86936373E+00	-5.42005800E+00	5.59348281E-03	-1.27921015E-03
-7.98032905E-02	-6.03932163E+00	5.59295448E-03	-1.28817064E-03
-2.18007104E+00	-5.93402142E+00	5.59242581E-03	-1.29713581E-03
-4.16240265E+00	-5.08474806E+00	5.59189677E-03	-1.30610572E-03
-5.76502903E+00	-3.57065968E+00	5.59136738E-03	-1.31508042E-03
-6.76892873E+00	-1.56143056E+00	5.59083763E-03	-1.32405994E-03
-7.02840353E+00	7.03322059E-01	5.59030751E-03	-1.33304434E-03
-6.49242565E+00	2.94464157E+00	5.58977702E-03	-1.34203366E-03
-5.21358860E+00	4.88091833E+00	5.58924617E-03	-1.35102795E-03
-3.34312496E+00	6.26576236E+00	5.58871494E-03	-1.36002726E-03
-1.11234728E+00	6.92187413E+00	5.58818333E-03	-1.36903163E-03
1.19723749E+00	6.76615042E+00	5.58765135E-03	-1.37804111E-03
3.29125933E+00	5.82236578E+00	5.58711898E-03	-1.38705575E-03
4.90225343E+00	4.21941491E+00	5.58658623E-03	-1.39607559E-03
5.82640412E+00	2.17506981E+00	5.58605309E-03	-1.40510069E-03
5.95210649E+00	-3.27719953E-02	5.58551956E-03	-1.41413108E-03
5.27622478E+00	-2.10358131E+00	5.58498563E-03	-1.42316682E-03
3.90556679E+00	-3.75536590E+00	5.58445131E-03	-1.43220796E-03
2.04311897E+00	-4.76383362E+00	5.58391659E-03	-1.44125453E-03
-3.92811893E-02	-4.99404558E+00	5.58338146E-03	-1.45030660E-03
-2.03822228E+00	-4.42001313E+00	5.58284593E-03	-1.45936421E-03
-3.66086944E+00	-3.12931145E+00	5.58230999E-03	-1.46842740E-03
-4.66614151E+00	-1.31184683E+00	5.58177364E-03	-1.47749623E-03
-4.89911357E+00	7.65862796E-01	5.58123687E-03	-1.48657074E-03
-4.31371271E+00	2.79746730E+00	5.58069969E-03	-1.49565099E-03
-2.98035896E+00	4.47958308E+00	5.58016208E-03	-1.50473701E-03
-1.07728858E+00	5.55464838E+00	5.57962405E-03	-1.51382886E-03
1.13340819E+00	5.84778595E+00	5.57908560E-03	-1.52292659E-03
3.34182157E+00	5.29239696E+00	5.57854671E-03	-1.53203025E-03
5.23336416E+00	3.94074698E+00	5.57800739E-03	-1.54113988E-03
6.53298948E+00	1.95789358E+00	5.57746764E-03	-1.55025554E-03
7.04423932E+00	-4.00344367E-01	5.57692744E-03	-1.55937727E-03
6.67754474E+00	-2.82239919E+00	5.57638680E-03	-1.56850512E-03
5.46368297E+00	-4.98409690E+00	5.57584572E-03	-1.57763915E-03
3.55037043E+00	-6.59387809E+00	5.57530419E-03	-1.58677940E-03
1.18235916E+00	-7.43370136E+00	5.57476220E-03	-1.59592593E-03
-1.33224232E+00	-7.38980221E+00	5.57421976E-03	-1.60507877E-03
-3.66471946E+00	-6.46888902E+00	5.57367686E-03	-1.61423799E-03
-5.51154694E+00	-4.79741009E+00	5.57313350E-03	-1.62340363E-03
-6.63673628E+00	-2.60393070E+00	5.57258968E-03	-1.63257575E-03
-6.90470677E+00	-1.87073069E-01	5.57204539E-03	-1.64175439E-03
-6.29898222E+00	2.12645492E+00	5.57150063E-03	-1.65093960E-03
-4.92402964E+00	4.02778354E+00	5.57095539E-03	-1.66013144E-03
-2.98996217E+00	5.26921853E+00	5.57040968E-03	-1.66932996E-03
-7.82283283E-01	5.69881077E+00	5.56986348E-03	-1.67853520E-03
1.37900339E+00	5.28122642E+00	5.56931680E-03	-1.68774722E-03
3.18506578E+00	4.10194746E+00	5.56876964E-03	-1.69696607E-03
4.38215602E+00	2.35422549E+00	5.56822198E-03	-1.70619180E-03
4.80747900E+00	3.10689792E-01	5.56767384E-03	-1.71542446E-03
4.41189342E+00	-1.71628477E+00	5.56712519E-03	-1.72466411E-03
3.26622379E+00	-3.41973276E+00	5.56657604E-03	-1.73391079E-03
1.55032657E+00	-4.54227389E+00	5.56602639E-03	-1.74316456E-03
-4.73459435E-01	-4.91296310E+00	5.56547624E-03	-1.75242547E-03
-2.49860225E+00	-4.47154125E+00	5.56492557E-03	-1.76169357E-03
-4.21884796E+00	-3.27664604E+00	5.56437439E-03	-1.77096892E-03
-5.37244355E+00	-1.49686881E+00	5.56382270E-03	-1.78025157E-03
-5.77974203E+00	6.13976415E-01	5.56327048E-03	-1.78954156E-03
-5.36880263E+00	2.75373143E+00	5.56271774E-03	-1.79883896E-03
-4.18535859E+00	4.61554202E+00	5.56216448E-03	-1.80814382E-03
-2.38580159E+00	5.93194652E+00	5.56161068E-03	-1.81745618E-03
-2.14294094E-01	6.51304697E+00	5.56105635E-03	-1.82677611E-03
2.03259148E+00	6.27329704E+00	5.56050148E-03	-1.83610366E-03
4.04852579E+00	5.24312173E+00	5.55994607E-03	-1.84543887E-03
5.56116719E+00	3.56380214E+00	5.55939012E-03	-1.85478181E-03
6.37068403E+00	1.46649026E+00	5.55883363E-03	-1.86413253E-03
6.37754362E+00	-7.61492671E-01	5.55827658E-03	-1.87349107E-03
5.59565422E+00	-2.81810623E+00	5.55771897E-03	-1.88285751E-03
4.14909825E+00	-4.42974270E+00	5.55716081E-03	-1.89223189E-03
2.25308495E+00	-5.38984162E+00	5.55660209E-03	-1.90161426E-03
1.82028512E-01	-5.58744274E+00	5.55604280E-03	-1.91100468E-03
-1.77050750E+00	-5.02166299E+00	5.55548295E-03	-1.92040321E-03
-3.33412898E+00	-3.80016145E+00	5.55492252E-03	-1.92980991E-03
-4.30005717E+00	-2.12199446E+00	5.55436152E-03	-1.93922481E-03
-4.55019284E+00	-2.47519065E-01	5.55379994E-03	-1.94864799E-03
-4.07270982E+00	1.54015169E+00	5.55323778E-03	-1.95807950E-03
-2.96208719E+00	2.97646590E+00	5.55267503E-03	-1.96751939E-03
-1.40376743E+00	3.85351241E+00	5.55211169E-03	-1.97696772E-03
3.54147709E-01	4.04939385E+00	5.55154776E-03	-1.98642455E-03
2.03790400E+00	3.54475213E+00	5.55098323E-03	-1.99588992E-03
3.38833764E+00	2.42421761E+00	5.55041810E-03	-2.00536391E-03
4.19848830E+00	8.62764267E-01	5.54985237E-03	-2.01484657E-03
4.34317237E+00	-9.00861417E-01	5.54928603E-03	-2.02433794E-03
3.79634068E+00	-2.59962792E+00	5.54871907E-03	-2.03383810E-03
2.63386691E+00	-3.97737549E+00	5.54815151E-03	-2.04334710E-03
1.02155103E+00	-4.82593483E+00	5.54758332E-03	-2.05286499E-03
-8.09738167E-01	-5.01487208E+00	5.54701451E-03	-2.06239183E-03
-2.59802658E+00	-4.50966239E+00	5.54644508E-03	-2.07192769E-03
-4.08828728E+00	-3.37582275E+00	5.54587501E-03	-2.08147261E-03
-5.06904603E+00	-1.76859421E+00	5.54530431E-03	-2.09102666E-03
-5.40229136E+00	9.01483063E-02	5.54473298E-03	-2.10058990E-03
-5.04248071E+00	1.94426632E+00	5.54416100E-03	-2.11016238E-03
-4.04206444E+00	3.54023269E+00	5.54358838E-03	-2.11974417E-03
-2.54292479E+00	4.66316003E+00	5.54301511E-03	-2.12933532E-03
-7.55157779E-01	5.16683462E+00	5.54244118E-03	-2.13893589E-03
1.07358195E+00	4.99354696E+00	5.54186660E-03	-2.14854594E-03
2.69365253E+00	4.18103726E+00	5.54129136E-03	-2.15816554E-03
3.88876113E+00	2.85576065E+00	5.54071546E-03	-2.16779474E-03
4.50603105E+00	1.21364354E+00	5.54013888E-03	-2.17743360E-03
4.47660092E+00	-5.08731457E-01	5.53956164E-03	-2.18708218E-03
3.82397679E+00	-2.06826000E+00	5.53898371E-03	-2.19674055E-03
2.65914844E+00	-3.24983309E+00	5.53840511E-03	-2.20640876E-03
1.16337955E+00	-3.89633030E+00	5.53782583E-03	-2.21608688E-03
-4.38684397E-01	-3.92991022E+00	5.53724585E-03	-2.22577496E-03
-1.91162060E+00	-3.36172618E+00	5.53666519E-03	-2.23547307E-03
-3.04283719E+00	-2.28888443E+00	5.53608383E-03	-2.24518127E-03
-3.67241830E+00	-8.79286426E-01	5.53550176E-03	-2.25489962E-03
-3.71505504E+00	6.53304938E-01	5.53491900E-03	-2.26462819E-03
-3.17110068E+00	2.08029919E+00	5.53433553E-03	-2.27436704E-03
-2.12537107E+00	3.19094434E+00	5.53375134E-03	-2.28411622E-03
-7.34056559E-01	3.82200735E+00	5.53316644E-03	-2.29387580E-03
7.98228574E-01	3.88035244E+00	5.53258082E-03	-2.30364585E-03
2.24788970E+00	3.35536663E+00	5.53199447E-03	-2.31342643E-03
3.40407222E+00	2.31965349E+00	5.53140739E-03	-2.32321760E-03
4.09819965E+00	9.18077789E-01	5.53081959E-03	-2.33301943E-03
4.22725149E+00	-6.53138615E-01	5.53023104E-03	-2.34283198E-03
3.76764219E+00	-2.17421959E+00	5.52964176E-03	-2.35265531E-03
2.77791670E+00	-3.43258424E+00	5.52905173E-03	-2.36248949E-03
1.39005202E+00	-4.25225242E+00	5.52846094E-03	-2.37233459E-03
-2.09273691E-01	-4.51787362E+00	5.52786941E-03	-2.38219067E-03
-1.80472850E+00	-4.19015253E+00	5.52727712E-03	-2.39205779E-03
-3.18201772E+00	-3.31067714E+00	5.52668406E-03	-2.40193602E-03
-4.15710878E+00	-1.99563573E+00	5.52609024E-03	-2.41182542E-03
-4.60101079E+00	-4.19431508E-01	5.52549565E-03	-2.42172607E-03
-4.45679794E+00	1.20943945E+00	5.52490028E-03	-2.43163803E-03
-3.74667008E+00	2.67686997E+00	5.52430414E-03	-2.44156136E-03
-2.56822554E+00	3.79206944E+00	5.52370721E-03	-2.45149613E-03
-1.08058940E+00	4.41302302E+00	5.52310949E-03	-2.46144241E-03
5.17603641E-01	4.46509356E+00	5.52251098E-03	-2.47140027E-03
2.01530780E+00	3.95034735E+00	5.52191167E-03	-2.48136978E-03
3.21754422E+00	2.94646203E+00	5.52131156E-03	-2.49135099E-03
3.97142186E+00	1.59548370E+00	5.52071064E-03	-2.50134399E-03
4.18624250E+00	8.40517686E-02	5.52010891E-03	-2.51134883E-03
3.84506162E+00	-1.38217282E+00	5.51950637E-03	-2.52136560E-03
3.00624362E+00	-2.60640087E+00	5.51890301E-03	-2.53139434E-03
1.79489485E+00	-3.42718335E+00	5.51829882E-03	-2.54143515E-03
3.85401284E-01	-3.73993472E+00	5.51769381E-03	-2.55148808E-03
-1.02253462E+00	-3.51067704E+00	5.51708796E-03	-2.56155321E-03
-2.23112202E+00	-2.78022289E+00	5.51648128E-03	-2.57163060E-03
-3.07132933E+00	-1.65829127E+00	5.51587375E-03	-2.58172033E-03
-3.42577722E+00	-3.08383489E-01	5.51526537E-03	-2.59182247E-03
-3.24464110E+00	1.07453765E+00	5.51465614E-03	-2.60193708E-03
-2.55245998E+00	2.29057932E+00	5.51404606E-03	-2.61206424E-03
-1.44495316E+00	3.16212543E+00	5.51343511E-03	-2.62220403E-03
-7.62647279E-02	3.55809762E+00	5.51282330E-03	-2.63235651E-03
1.36168083E+00	3.41203679E+00	5.51221062E-03	-2.64252175E-03
2.66498516E+00	2.73158162E+00	5.51159706E-03	-2.65269983E-03
3.64532894E+00	1.59804939E+00	5.51098263E-03	-2.66289083E-03
4.15561093E+00	1.56126426E-01	5.51036730E-03	-2.67309480E-03
4.11024680E+00	-1.40501750E+00	5.50975109E-03	-2.68331184E-03
3.49738598E+00	-2.87673366E+00	5.50913398E-03	-2.69354200E-03
2.38135449E+00	-4.05873201E+00	5.50851597E-03	-2.70378538E-03
8.94912830E-01	-4.78606261E+00	5.50789706E-03	-2.71404203E-03
-7.77733534E-01	-4.95162986E+00	5.50727724E-03	-2.72431203E-03
-2.42499430E+00	-4.52118450E+00	5.50665650E-03	-2.73459547E-03
-3.83588153E+00	-3.53870531E+00	5.50603484E-03	-2.74489241E-03
-4.82821747E+00	-2.12133911E+00	5.50541226E-03	-2.75520294E-03
-5.27327828E+00	-4.44453115E-01	5.50478875E-03	-2.76552712E-03
-5.11351383E+00	1.28131315E+00	5.50416431E-03	-2.77586503E-03
-4.37086464E+00	2.83800680E+00	5.50353892E-03	-2.78621675E-03
-3.14442543E+00	4.02962044E+00	5.50291259E-03	-2.79658237E-03
-1.59762346E+00	4.70870499E+00	5.50228531E-03	-2.80696194E-03
6.34968892E-02	4.79668269E+00	5.50165708E-03	-2.81735556E-03
1.61805634E+00	4.29499911E+00	5.50102788E-03	-2.82776330E-03
2.86048521E+00	3.28544991E+00	5.50039772E-03	-2.83818524E-03
3.62893427E+00	1.91946666E+00	5.49976659E-03	-2.84862146E-03
3.82801598E+00	3.97656071E-01	5.49913448E-03	-2.85907203E-03
3.44264240E+00	-1.05774760E+00	5.49850139E-03	-2.86953705E-03
2.54089012E+00	-2.23382589E+00	5.49786731E-03	-2.88001657E-03
1.26529807E+00	-2.95707853E+00	5.49723224E-03	-2.89051070E-03
-1.86402265E-01	-3.11847590E+00	5.49659618E-03	-2.90101950E-03
-1.58863256E+00	-2.68986587E+00	5.49595911E-03	-2.91154307E-03
-2.71971527E+00	-1.72926783E+00	5.49532104E-03	-2.92208147E-03
-3.39365211E+00	-3.74088386E-01	5.49468195E-03	-2.93263479E-03
-3.48745943E+00	1.17703329E+00	5.49404184E-03	-2.94320312E-03
-2.96011090E+00	2.69142584E+00	5.49340070E-03	-2.95378653E-03
-1.86023081E+00	3.93497810E+00	5.49275854E-03	-2.96438512E-03
-3.21206582E-01	4.70562303E+00	5.49211534E-03	-2.97499895E-03
1.45585962E+00	4.86298192E+00	5.49147110E-03	-2.98562812E-03
3.22920349E+00	4.34987290E+00	5.49082582E-03	-2.99627272E-03
4.74982542E+00	3.20244511E+00	5.49017948E-03	-3.00693281E-03
5.79666856E+00	1.54724582E+00	5.48953208E-03	-3.01760850E-03
6.20856797E+00	-4.14645671E-01	5.48888362E-03	-3.02829986E-03
5.90833771E+00	-2.43443053E+00	5.48823409E-03	-3.03900698E-03
4.91538282E+00	-4.24974848E+00	5.48758348E-03	-3.04972995E-03
3.34478826E+00	-5.62144467E+00	5.48693180E-03	-3.06046885E-03
1.39273422E+00	-6.36772665E+00	5.48627903E-03	-3.07122377E-03
-6.89946745E-01	-6.39075204E+00	5.48562516E-03	-3.08199480E-03
-2.63250506E+00	-5.69166972E+00	5.48497020E-03	-3.09278202E-03
-4.18246022E+00	-4.37171827E+00	5.48431413E-03	-3.10358552E-03
-5.14179137E+00	-2.61895171E+00	5.48365695E-03	-3.11440540E-03
-5.39585895E+00	-6.82236096E-01	5.48299865E-03	-3.12524173E-03
-4.93072682E+00	1.16395536E+00	5.48233924E-03	-3.13609462E-03
-3.83615051E+00	2.65900911E+00	5.48167869E-03	-3.14696414E-03
-2.29352777E+00	3.59423562E+00	5.48101701E-03	-3.15785040E-03
-5.50287356E-01	3.84395383E+00	5.48035419E-03	-3.16875347E-03
1.11579568E+00	3.38492280E+00	5.47969022E-03	-3.17967346E-03
2.43732374E+00	2.30105669E+00	5.47902510E-03	-3.19061045E-03
3.19716293E+00	7.72452890E-01	5.47835883E-03	-3.20156453E-03
3.26161804E+00	-9.49954761E-01	5.47769138E-03	-3.21253580E-03
2.60188775E+00	-2.58066710E+00	5.47702277E-03	-3.22352436E-03
1.30041359E+00	-3.84168769E+00	5.47635298E-03	-3.23453028E-03
-4.59109694E-01	-4.50430248E+00	5.47568200E-03	-3.24555368E-03
-2.41691252E+00	-4.42440498E+00	5.47500983E-03	-3.25659463E-03
-4.27410558E+00	-3.56602740E+00	5.47433647E-03	-3.26765325E-03
-5.73619399E+00	-2.00937053E+00	5.47366191E-03	-3.27872961E-03
-6.55686060E+00	5.81619984E-02	5.47298613E-03	-3.28982383E-03
-6.57556400E+00	2.36694009E+00	5.47230914E-03	-3.30093599E-03
-5.74328304E+00	4.60272643E+00	5.47163093E-03	-3.31206619E-03
-4.13237945E+00	6.45163804E+00	5.47095148E-03	-3.32321452E-03
-1.92881864E+00	7.64596325E+00	5.47027080E-03	-3.33438110E-03
5.92439391E-01	8.00409830E+00	5.46958888E-03	-3.34556600E-03
3.10556561E+00	7.45860972E+00	5.46890571E-03	-3.35676935E-03
5.28013341E+00	6.06807340E+00	5.46822129E-03	-3.36799122E-03
6.82886471E+00	4.01065861E+00	5.46753560E-03	-3.37923172E-03
7.54984325E+00	1.56008655E+00	5.46684865E-03	-3.39049096E-03
7.35688326E+00	-9.52791763E-01	5.46616041E-03	-3.40176903E-03
6.29338365E+00	-3.18737311E+00	5.46547090E-03	-3.41306603E-03
4.52736061E+00	-4.84279495E+00	5.46478009E-03	-3.42438208E-03
2.32809517E+00	-5.70227796E+00	5.46408799E-03	-3.43571725E-03
2.75579516E-02	-5.66569610E+00	5.46339459E-03	-3.44707167E-03
-2.02792545E+00	-4.76538670E+00	5.46269987E-03	-3.45844544E-03
-3.52877533E+00	-3.16261378E+00	5.46200384E-03	-3.46983865E-03
-4.24851410E+00	-1.12491860E+00	5.46130648E-03	-3.48125142E-03
-4.07845366E+00	1.01257710E+00	5.46060779E-03	-3.49268384E-03
-3.04541048E+00	2.89642956E+00	5.45990776E-03	-3.50413603E-03
-1.30957659E+00	4.20756279E+00	5.45920639E-03	-3.51560808E-03
8.57433369E-01	4.70964577E+00	5.45850366E-03	-3.52710012E-03
3.11140639E+00	4.28593738E+00	5.45779957E-03	-3.53861224E-03
5.08573720E+00	2.95897911E+00	5.45709412E-03	-3.55014454E-03
6.44576568E+00	8.89970225E-01	5.45638729E-03	-3.56169715E-03
6.93928218E+00	-1.64238375E+00	5.45567907E-03	-3.57327017E-03
6.43569215E+00	-4.28073069E+00	5.45496947E-03	-3.58486371E-03
4.94790177E+00	-6.64016969E+00	5.45425847E-03	-3.59647787E-03
2.63345428E+00	-8.36423936E+00	5.45354606E-03	-3.60811278E-03
-2.25542012E-01	-9.17763183E+00	5.45283224E-03	-3.61976854E-03
-3.26103634E+00	-8.92784526E+00	5.45211700E-03	-3.63144525E-03
-6.07078983E+00	-7.60951817E+00	5.45140033E-03	-3.64314305E-03
-8.27584698E+00	-5.36765869E+00	5.45068223E-03	-3.65486203E-03
-9.57538440E+00	-2.47903734E+00	5.44996268E-03	-3.66660232E-03
-9.79088822E+00	6.85792002E-01	5.44924168E-03	-3.67836402E-03
-8.89309029E+00	3.71451180E+00	5.44851922E-03	-3.69014725E-03
-7.00755174E+00	6.21165811E+00	5.44779530E-03	-3.70195214E-03
-4.39786862E+00	7.85535360E+00	5.44706990E-03	-3.71377878E-03
-1.42873886E+00	8.44387139E+00	5.44634301E-03	-3.72562731E-03
1.48590581E+00	7.92515834E+00	5.44561464E-03	-3.73749783E-03
3.94227281E+00	6.40487910E+00	5.44488477E-03	-3.74939048E-03
5.60500170E+00	4.13164415E+00	5.44415339E-03	-3.76130535E-03
6.25588515E+00	1.46140565E+00	5.44342049E-03	-3.77324259E-03
5.82586221E+00	-1.19394161E+00	5.44268607E-03	-3.78520230E-03
4.40551949E+00	-3.42637947E+00	5.44195012E-03	-3.79718460E-03
2.23243814E+00	-4.89135738E+00	5.44121263E-03	-3.80918962E-03
-3.42912398E-01	-5.35848817E+00	5.44047359E-03	-3.82121749E-03
-2.90790047E+00	-4.74592779E+00	5.43973300E-03	-3.83326831E-03
-5.04780055E+00	-3.13335275E+00	5.43899083E-03	-3.84534223E-03
-6.40653261E+00	-7.51536009E-01	5.43824710E-03	-3.85743935E-03
-6.73926338E+00	2.05008791E+00	5.43750178E-03	-3.86955981E-03
-5.94920480E+00	4.85327622E+00	5.43675487E-03	-3.88170374E-03
-4.10320682E+00	7.23111327E+00	5.43600636E-03	-3.89387125E-03
-1.42379590E+00	8.80977666E+00	5.43525624E-03	-3.90606248E-03
1.74128706E+00	9.32302020E+00	5.43450451E-03	-3.91827755E-03
4.96773889E+00	8.65148875E+00	5.43375115E-03	-3.93051659E-03
7.81458859E+00	6.84115436E+00	5.43299615E-03	-3.94277974E-03
9.88675190E+00	4.09816585E+00	5.43223951E-03	-3.95506712E-03
1.08912699E+01	7.60800629E-01	5.43148122E-03	-3.96737886E-03
1.06791588E+01	-2.74749459E+00	5.43072126E-03	-3.97971509E-03
9.26686653E+00	-5.97726697E+00	5.42995964E-03	-3.99207596E-03
6.83426570E+00	-8.51596679E+00	5.42919633E-03	-4.00446158E-03
3.69948148E+00	-1.00456158E+01	5.42843133E-03	-4.01687210E-03
2.74177737E-01	-1.03870138E+01	5.42766464E-03	-4.02930764E-03
-2.99428617E+00	-9.52421041E+00	5.42689623E-03	-4.04176835E-03
-5.68555261E+00	-7.60581063E+00	5.42612611E-03	-4.05425437E-03
-7.46487602E+00	-4.92300917E+00	5.42535427E-03	-4.06676582E-03
-8.12932557E+00	-1.86757518E+00	5.42458068E-03	-4.07930284E-03
-7.63506928E+00	1.12414289E+00	5.42380535E-03	-4.09186559E-03
-6.10196262E+00	3.63315770E+00	5.42302827E-03	-4.10445418E-03
-3.79492285E+00	5.31689179E+00	5.42224941E-03	-4.11706877E-03
-1.08488275E+00	5.95696470E+00	5.42146879E-03	-4.12970950E-03
1.60499279E+00	5.48900788E+00	5.42068638E-03	-4.14237650E-03
3.86008619E+00	4.01040355E+00	5.41990217E-03	-4.15506993E-03
5.33342536E+00	1.76501460E+00	5.41911616E-03	-4.16778992E-03
5.79473192E+00	-8.92749010E-01	5.41832833E-03	-4.18053662E-03
5.16254891E+00	-3.54926721E+00	5.41753868E-03	-4.19331018E-03
3.51503980E+00	-5.79105041E+00	5.41674720E-03	-4.20611074E-03
1.07811572E+00	-7.26361864E+00	5.41595387E-03	-4.21893844E-03
-1.80722767E+00	-7.72160161E+00	5.41515868E-03	-4.23179345E-03
-4.73355947E+00	-7.06306953E+00	5.41436163E-03	-4.24467590E-03
-7.28463630E+00	-5.34340759E+00	5.41356270E-03	-4.25758595E-03
-9.09379674E+00	-2.76698797E+00	5.41276188E-03	-4.27052374E-03
-9.89491241E+00	3.41955631E-01	5.41195917E-03	-4.28348943E-03
-9.55882866E+00	3.58493303E+00	5.41115455E-03	-4.29648318E-03
-8.11035929E+00	6.54470067E+00	5.41034801E-03	-4.30950513E-03
-5.72369755E+00	8.84277746E+00	5.40953955E-03	-4.32255544E-03
-2.69716485E+00	1.01909147E+01	5.40872914E-03	-4.33563427E-03
5.88898068E-01	1.04294254E+01	5.40791678E-03	-4.34874177E-03
3.72498964E+00	9.54722509E+00	5.40710246E-03	-4.36187809E-03
6.32853980E+00	7.68107512E+00	5.40628617E-03	-4.37504341E-03
8.09539118E+00	5.09446644E+00	5.40546789E-03	-4.38823788E-03
8.83960072E+00	2.13941567E+00	5.40464762E-03	-4.40146165E-03
8.51624598E+00	-7.93228800E-01	5.40382534E-03	-4.41471489E-03
7.22438477E+00	-3.32787429E+00	5.40300104E-03	-4.42799777E-03
5.19013248E+00	-5.15508997E+00	5.40217472E-03	-4.44131044E-03
2.73258765E+00	-6.07234552E+00	5.40134635E-03	-4.45465308E-03
2.17664929E-01	-6.00914771E+00	5.40051593E-03	-4.46802583E-03
-1.99352902E+00	-5.03341757E+00	5.39968345E-03	-4.48142889E-03
-3.59452277E+00	-3.33861869E+00	5.39884890E-03	-4.49486240E-03
-4.37466004E+00	-1.21382633E+00	5.39801225E-03	-4.50832654E-03
-4.24612837E+00	9.98758226E-01	5.39717351E-03	-4.52182148E-03
-3.25341252E+00	2.95270597E+00	5.39633265E-03	-4.53534739E-03
-1.56425506E+00	4.34578054E+00	5.39548968E-03	-4.54890444E-03
5.56218345E-01	4.96121367E+00	5.39464457E-03	-4.56249281E-03
2.78426762E+00	4.69630878E+00	5.39379731E-03	-4.57611266E-03
4.78357566E+00	3.57472167E+00	5.39294789E-03	-4.58976418E-03
6.25206271E+00	1.74110066E+00	5.39209630E-03	-4.60344754E-03
6.96303626E+00	-5.60775350E-01	5.39124252E-03	-4.61716293E-03
6.79516998E+00	-3.02298566E+00	5.39038655E-03	-4.63091050E-03
5.74747284E+00	-5.31649295E+00	5.38952837E-03	-4.64469046E-03
3.93755968E+00	-7.13614325E+00	5.38866797E-03	-4.65850297E-03
1.58385933E+00	-8.24146410E+00	5.38780533E-03	-4.67234822E-03
-1.02543013E+00	-8.48781747E+00	5.38694044E-03	-4.68622640E-03
-3.57209811E+00	-7.84392112E+00	5.38607330E-03	-4.70013769E-03
-5.75078710E+00	-6.39371138E+00	5.38520388E-03	-4.71408227E-03
-7.30909400E+00	-4.32270098E+00	5.38433217E-03	-4.72806033E-03
-8.07957098E+00	-1.89108205E+00	5.38345816E-03	-4.74207206E-03
-7.99953515E+00	6.02445184E-01	5.38258184E-03	-4.75611765E-03
-7.11635954E+00	2.86099821E+00	5.38170320E-03	-4.77019730E-03
-5.57794357E+00	4.62845979E+00	5.38082221E-03	-4.78431118E-03
-3.61006621E+00	5.72186229E+00	5.37993887E-03	-4.79845950E-03
-1.48403923E+00	6.05305984E+00	5.37905316E-03	-4.81264245E-03
5.20721214E-01	5.63710279E+00	5.37816507E-03	-4.82686022E-03
2.15404410E+00	4.58659101E+00	5.37727458E-03	-4.84111302E-03
3.22728086E+00	3.09318368E+00	5.37638169E-03	-4.85540104E-03
3.63634884E+00	1.39912633E+00	5.37548637E-03	-4.86972449E-03
3.37274161E+00	-2.37097345E-01	5.37458862E-03	-4.88408355E-03
2.52139945E+00	-1.57622271E+00	5.37368841E-03	-4.89847844E-03
1.24612024E+00	-2.43000319E+00	5.37278573E-03	-4.91290936E-03
-2.35170171E-01	-2.68521672E+00	5.37188058E-03	-4.92737652E-03
-1.68169056E+00	-2.31690898E+00	5.37097293E-03	-4.94188011E-03
-2.86326209E+00	-1.38942255E+00	5.37006277E-03	-4.95642036E-03
-3.59143477E+00	-4.54259959E-02	5.36915009E-03	-4.97099746E-03
-3.74421019E+00	1.51525940E+00	5.36823486E-03	-4.98561164E-03
-3.28125559E+00	3.06394109E+00	5.36731708E-03	-5.00026310E-03
-2.24785154E+00	4.37450215E+00	5.36639674E-03	-5.01495205E-03
-7.67352211E-01	5.25376732E+00	5.36547380E-03	-5.02967872E-03
9.76544015E-01	5.56680610E+00	5.36454827E-03	-5.04444331E-03
2.76511319E+00	5.25396800E+00	5.36362012E-03	-5.05924605E-03
4.37398980E+00	4.33761994E+00	5.36268934E-03	-5.07408716E-03
5.60265693E+00	2.91796009E+00	5.36175591E-03	-5.08896685E-03
6.30017686E+00	1.15872789E+00	5.36081982E-03	-5.10388536E-03
6.38389094E+00	-7.35072814E-01	5.35988105E-03	-5.11884290E-03
5.84882035E+00	-2.54433574E+00	5.35893958E-03	-5.13383970E-03
4.76676897E+00	-4.06424265E+00	5.35799541E-03	-5.14887599E-03
3.27549335E+00	-5.13016011E+00	5.35704850E-03	-5.16395200E-03
1.55958501E+00	-5.63773847E+00	5.35609885E-03	-5.17906796E-03
-1.74256297E-01	-5.55474311E+00	5.35514645E-03	-5.19422409E-03
-1.72421909E+00	-4.92327950E+00	5.35419126E-03	-5.20942065E-03
-2.91909351E+00	-3.85234949E+00	5.35323328E-03	-5.22465785E-03
-3.63939875E+00	-2.50192782E+00	5.35227250E-03	-5.23993594E-03
-3.83129072E+00	-1.06081751E+00	5.35130888E-03	-5.25525516E-03
-3.51160860E+00	2.78704447E-01	5.35034242E-03	-5.27061575E-03
-2.76360016E+00	1.34609036E+00	5.34937309E-03	-5.28601795E-03
-1.72408018E+00	2.01430392E+00	5.34840089E-03	-5.30146200E-03
-5.63868377E-01	2.21542030E+00	5.34742579E-03	-5.31694815E-03
5.35813825E-01	1.94813686E+00	5.34644778E-03	-5.33247665E-03
1.40783608E+00	1.27636946E+00	5.34546683E-03	-5.34804775E-03
1.92133104E+00	3.19278050E-01	5.34448293E-03	-5.36366170E-03
1.99869034E+00	-7.65830875E-01	5.34349607E-03	-5.37931875E-03
1.62524571E+00	-1.80537782E+00	5.34250622E-03	-5.39501916E-03
8.50477357E-01	-2.63322869E+00	5.34151336E-03	-5.41076318E-03
-2.19293220E-01	-3.11312942E+00	5.34051748E-03	-5.42655107E-03
-1.43566288E+00	-3.15693575E+00	5.33951856E-03	-5.44238310E-03
-2.62834117E+00	-2.73629931E+00	5.33851657E-03	-5.45825952E-03
-3.62807850E+00	-1.88634732E+00	5.33751151E-03	-5.47418060E-03
-4.28930018E+00	-7.00949736E-01	5.33650335E-03	-5.49014660E-03
-4.50948611E+00	6.79735128E-01	5.33549207E-03	-5.50615780E-03
-4.24278523E+00	2.08774690E+00	5.33447765E-03	-5.52221447E-03
-3.50612477E+00	3.34938099E+00	5.33346007E-03	-5.53831687E-03
-2.37706421E+00	4.30791128E+00	5.33243932E-03	-5.55446528E-03
-9.83723761E-01	4.84400474E+00	5.33141537E-03	-5.57065998E-03
5.11852729E-01	4.89117469E+00	5.33038821E-03	-5.58690125E-03
1.93469364E+00	4.44428182E+00	5.32935781E-03	-5.60318936E-03
3.11949164E+00	3.56000896E+00	5.32832415E-03	-5.61952460E-03
3.93183604E+00	2.34928773E+00	5.32728721E-03	-5.63590725E-03
4.28532129E+00	9.62704325E-01	5.32624698E-03	-5.65233760E-03
4.15231872E+00	-4.29176530E-01	5.32520343E-03	-5.66881594E-03
3.56703551E+00	-1.65797659E+00	5.32415653E-03	-5.68534256E-03
2.62049779E+00	-2.57925055E+00	5.32310628E-03	-5.70191775E-03
1.44815184E+00	-3.09097347E+00	5.32205264E-03	-5.71854181E-03
2.11739623E-01	-3.14636548E+00	5.32099560E-03	-5.73521504E-03
-9.22152115E-01	-2.75940014E+00	5.31993514E-03	-5.75193773E-03
-1.80404286E+00	-2.00230647E+00	5.31887123E-03	-5.76871019E-03
-2.32112700E+00	-9.95425667E-01	5.31780385E-03	-5.78553272E-03
-2.41189920E+00	1.09215021E-01	5.31673297E-03	-5.80240563E-03
-2.07393121E+00	1.14842896E+00	5.31565859E-03	-5.81932923E-03
-1.36379905E+00	1.96978258E+00	5.31458067E-03	-5.83630383E-03
-3.89192456E-01	2.45200383E+00	5.31349919E-03	-5.85332974E-03
7.05734591E-01	2.52120072E+00	5.31241412E-03	-5.87040729E-03
1.75982791E+00	2.16076008E+00	5.31132546E-03	-5.88753678E-03
2.61663807E+00	1.41363073E+00	5.31023316E-03	-5.90471854E-03
3.14550250E+00	3.76697740E-01	5.30913722E-03	-5.92195290E-03
3.25922659E+00	-8.12006583E-01	5.30803759E-03	-5.93924018E-03
2.92603541E+00	-1.99156959E+00	5.30693427E-03	-5.95658071E-03
2.17422165E+00	-2.99954109E+00	5.30582723E-03	-5.97397482E-03
1.08887402E+00	-3.69354863E+00	5.30471644E-03	-5.99142285E-03
-1.98891864E-01	-3.97034847E+00	5.30360188E-03	-6.00892513E-03
-1.52879808E+00	-3.77981255E+00	5.30248352E-03	-6.02648200E-03
-2.73216668E+00	-3.13201470E+00	5.30136134E-03	-6.04409380E-03
-3.65387485E+00	-2.09648041E+00	5.30023531E-03	-6.06176088E-03
-4.17264431E+00	-7.93685486E-01	5.29910541E-03	-6.07948359E-03
-4.21702394E+00	6.20103592E-01	5.29797162E-03	-6.09726227E-03
-3.77498570E+00	1.97269125E+00	5.29683390E-03	-6.11509728E-03
-2.89588137E+00	3.09795236E+00	5.29569223E-03	-6.13298897E-03
-1.68449687E+00	3.85713071E+00	5.29454659E-03	-6.15093771E-03
-2.87959969E-01	4.15669001E+00	5.29339695E-03	-6.16894386E-03
1.12282294E+00	3.96041658E+00	5.29224328E-03	-6.18700777E-03
2.37482326E+00	3.29421339E+00	5.29108556E-03	-6.20512981E-03
3.31486741E+00	2.24296344E+00	5.28992375E-03	-6.22331037E-03
3.82912289E+00	9.39856148E-01	5.28875784E-03	-6.24154980E-03
3.85760133E+00	-4.50466979E-01	5.28758779E-03	-6.25984849E-03
3.40182338E+00	-1.75280346E+00	5.28641357E-03	-6.27820682E-03
2.52466106E+00	-2.80366062E+00	5.28523517E-03	-6.29662516E-03
1.34236767E+00	-3.47207384E+00	5.28405254E-03	-6.31510391E-03
9.79618143E-03	-3.67632386E+00	5.28286567E-03	-6.33364345E-03
-1.29932956E+00	-3.39442258E+00	5.28167451E-03	-6.35224418E-03
-2.41459942E+00	-2.66702300E+00	5.28047906E-03	-6.37090648E-03
-3.19075219E+00	-1.59236341E+00	5.27927926E-03	-6.38963077E-03
-3.52639512E+00	-3.13859511E-01	5.27807510E-03	-6.40841743E-03
-3.37722683E+00	9.98114891E-01	5.27686655E-03	-6.42726688E-03
-2.76206571E+00	2.16798266E+00	5.27565357E-03	-6.44617952E-03
-1.76088293E+00	3.03752484E+00	5.27443614E-03	-6.46515577E-03
-5.05037388E-01	3.48640662E+00	5.27321422E-03	-6.48419603E-03
8.39112493E-01	3.44806447E+00	5.27198779E-03	-6.50330074E-03
2.09120983E+00	2.91891492E+00	5.27075681E-03	-6.52247030E-03
3.07991197E+00	1.95966461E+00	5.26952125E-03	-6.54170516E-03
3.66504131E+00	6.88476309E-01	5.26828108E-03	-6.56100573E-03
3.75608177E+00	-7.33241307E-01	5.26703627E-03	-6.58037245E-03
3.32465444E+00	-2.12072669E+00	5.26578678E-03	-6.59980575E-03
2.40932847E+00	-3.28902126E+00	5.26453259E-03	-6.61930608E-03
1.11205549E+00	-4.07653291E+00	5.26327366E-03	-6.63887388E-03
-4.13452868E-01	-4.36606273E+00	5.26200995E-03	-6.65850960E-03
-1.98007953E+00	-4.10062301E+00	5.26074144E-03	-6.67821369E-03
-3.39020729E+00	-3.29197975E+00	5.25946809E-03	-6.69798660E-03
-4.46039206E+00	-2.02072182E+00	5.25818987E-03	-6.71782880E-03
-5.04475254E+00	-4.27690438E-01	5.25690674E-03	-6.73774074E-03
-5.05412738E+00	1.30232702E+00	5.25561867E-03	-6.75772290E-03
-4.46851910E+00	2.96275504E+00	5.25432562E-03	-6.77777575E-03
-3.34112877E+00	4.35058884E+00	5.25302756E-03	-6.79789976E-03
-1.79329667E+00	5.29184700E+00	5.25172445E-03	-6.81809541E-03
-7.83958185E-04	5.66392983E+00	5.25041625E-03	-6.83836318E-03
1.82707714E+00	5.41200777E+00	5.24910294E-03	-6.85870357E-03
3.47290747E+00	4.55724337E+00	5.24778447E-03	-6.87911707E-03
4.73837456E+00	3.19562025E+00	5.24646081E-03	-6.89960416E-03
5.46947475E+00	1.48730344E+00	5.24513192E-03	-6.92016536E-03
5.57676283E+00	-3.62353346E-01	5.24379776E-03	-6.94080117E-03
5.04784057E+00	-2.12795163E+00	5.24245829E-03	-6.96151209E-03
3.95032299E+00	-3.59230223E+00	5.24111348E-03	-6.98229865E-03
2.42466229E+00	-4.57426820E+00	5.23976329E-03	-7.00316136E-03
6.67484170E-01	-4.95262843E+00	5.23840767E-03	-7.02410074E-03
-1.09267697E+00	-4.68279936E+00	5.23704660E-03	-7.04511732E-03
-2.62432810E+00	-3.80407583E+00	5.23568002E-03	-7.06621164E-03
-3.72304855E+00	-2.43620157E+00	5.23430790E-03	-7.08738424E-03
-4.23875032E+00	-7.65419897E-01	5.23293020E-03	-7.10863564E-03
-4.09655777E+00	9.78479956E-01	5.23154688E-03	-7.12996642E-03
-3.30841403E+00	2.55139211E+00	5.23015790E-03	-7.15137710E-03
-1.97363786E+00	3.72677021E+00	5.22876321E-03	-7.17286826E-03
-2.68039750E-01	4.32606476E+00	5.22736277E-03	-7.19444045E-03
1.57731117E+00	4.24369684E+00	5.22595655E-03	-7.21609424E-03
3.30518854E+00	3.46313343E+00	5.22454449E-03	-7.23783021E-03
4.66558741E+00	2.06169042E+00	5.22312655E-03	-7.25964893E-03
5.44911414E+00	2.03098139E-01	5.22170270E-03	-7.28155099E-03
5.51598738E+00	-1.88155258E+00	5.22027288E-03	-7.30353697E-03
4.81669312E+00	-3.92231219E+00	5.21883706E-03	-7.32560746E-03
3.40131928E+00	-5.64483283E+00	5.21739518E-03	-7.34776307E-03
1.41600482E+00	-6.80640211E+00	5.21594720E-03	-7.37000441E-03
-9.13397663E-01	-7.22882250E+00	5.21449308E-03	-7.39233207E-03
-3.30864335E+00	-6.82368746E+00	5.21303277E-03	-7.41474668E-03
-5.47408154E+00	-5.60648647E+00	5.21156622E-03	-7.43724887E-03
-7.13486859E+00	-3.69735814E+00	5.21009339E-03	-7.45983925E-03
-8.07341116E+00	-1.30803282E+00	5.20861422E-03	-7.48251846E-03
-8.15914032E+00	1.28365866E+00	5.20712868E-03	-7.50528714E-03
-7.36747644E+00	3.76862909E+00	5.20563670E-03	-7.52814594E-03
-5.78518453E+00	5.84631240E+00	5.20413825E-03	-7.55109550E-03
-3.60107560E+00	7.26417621E+00	5.20263327E-03	-7.57413649E-03
-1.08295581E+00	7.85167334E+00	5.20112171E-03	-7.59726957E-03
1.45639850E+00	7.54395365E+00	5.19960352E-03	-7.62049541E-03
3.69991220E+00	6.39192596E+00	5.19807865E-03	-7.64381469E-03
5.36820023E+00	4.55702454E+00	5.19654705E-03	-7.66722808E-03
6.25724330E+00	2.29106735E+00	5.19500866E-03	-7.69073629E-03
6.26657774E+00	-9.63766564E-02	5.19346344E-03	-7.71433999E-03
5.41400112E+00	-2.27894489E+00	5.19191133E-03	-7.73803991E-03
3.83454274E+00	-3.95737641E+00	5.19035228E-03	-7.76183675E-03
1.76354293E+00	-4.90044603E+00	5.18878623E-03	-7.78573122E-03
-4.94152542E-01	-4.97732213E+00	5.18721312E-03	-7.80972405E-03
-2.60494325E+00	-4.17679189E+00	5.18563291E-03	-7.83381597E-03
-4.25179606E+00	-2.61050319E+00	5.18404553E-03	-7.85800771E-03
-5.17803914E+00	-4.99503408E-01	5.18245093E-03	-7.88230003E-03
-5.22362630E+00	1.85437298E+00	5.18084905E-03	-7.90669367E-03
-4.34879454E+00	4.10861472E+00	5.17923984E-03	-7.93118940E-03
-2.64167664E+00	5.92635099E+00	5.17762323E-03	-7.95578798E-03
-3.08572459E-01	7.02264582E+00	5.17599917E-03	-7.98049019E-03
2.35206136E+00	7.20444241E+00	5.17436759E-03	-8.00529680E-03
4.98859354E+00	6.39860268E+00	5.17272844E-03	-8.03020861E-03
7.24303395E+00	4.66403754E+00	5.17108166E-03	-8.05522642E-03
8.79939559E+00	2.18604865E+00	5.16942718E-03	-8.08035104E-03
9.42701753E+00	-7.46581572E-01	5.16776494E-03	-8.10558327E-03
9.01286899E+00	-3.77884007E+00	5.16609488E-03	-8.13092394E-03
7.57829407E+00	-6.53615695E+00	5.16441693E-03	-8.15637389E-03
5.27773995E+00	-8.67423552E+00	5.16273104E-03	-8.18193394E-03
2.37945907E+00	-9.92526913E+00	5.16103713E-03	-8.20760495E-03
-7.69348382E-01	-1.01342031E+01	5.15933514E-03	-8.23338778E-03
-3.78832456E+00	-9.28000784E+00	5.15762501E-03	-8.25928328E-03
-6.31450671E+00	-7.47894478E+00	5.15590666E-03	-8.28529234E-03
-8.05076926E+00	-4.96925944E+00	5.15418003E-03	-8.31141583E-03
-8.80552234E+00	-2.07928388E+00	5.15244505E-03	-8.33765465E-03
-8.51819331E+00	8.16772752E-01	5.15070165E-03	-8.36400969E-03
-7.26694265E+00	3.34934825E+00	5.14894976E-03	-8.39048188E-03
-5.25749257E+00	5.20346827E+00	5.14718932E-03	-8.41707212E-03
-2.79454323E+00	6.16125545E+00	5.14542024E-03	-8.44378135E-03
-2.39656361E-01	6.13115484E+00	5.14364246E-03	-8.47061051E-03
2.03863549E+00	5.15983543E+00	5.14185590E-03	-8.49756054E-03
3.71564725E+00	3.42510462E+00	5.14006049E-03	-8.52463241E-03
4.55529653E+00	1.21078817E+00	5.13825615E-03	-8.55182707E-03
4.44262871E+00	-1.13298176E+00	5.13644281E-03	-8.57914552E-03
3.39962421E+00	-3.23860904E+00	5.13462040E-03	-8.60658874E-03
1.58210372E+00	-4.77227933E+00	5.13278883E-03	-8.63415773E-03
-7.41844576E-01	-5.48054687E+00	5.13094802E-03	-8.66185351E-03
-3.22894082E+00	-5.22584233E+00	5.12909791E-03	-8.68967708E-03
-5.50817864E+00	-4.00601314E+00	5.12723839E-03	-8.71762949E-03
-7.23213584E+00	-1.95521513E+00	5.12536941E-03	-8.74571177E-03
-8.12506432E+00	6.73949838E-01	5.12349087E-03	-8.77392499E-03
-8.02114894E+00	3.54456851E+00	5.12160269E-03	-8.80227020E-03
-6.88769453E+00	6.28110370E+00	5.11970479E-03	-8.83074849E-03
-4.83009134E+00	8.52033566E+00	5.11779708E-03	-8.85936095E-03
-2.07792875E+00	9.96055474E+00	5.11587948E-03	-8.88810866E-03
1.04577519E+00	1.04022701E+01	5.11395190E-03	-8.91699276E-03
4.16794609E+00	9.77489530E+00	5.11201425E-03	-8.94601435E-03
6.91543298E+00	8.14582718E+00	5.11006645E-03	-8.97517459E-03
8.96472569E+00	5.71077589E+00	5.10810840E-03	-9.00447461E-03
1.00846181E+01	2.76678539E+00	5.10614001E-03	-9.03391559E-03
1.01660398E+01	-3.28246313E-01	5.10416120E-03	-9.06349869E-03
9.23508410E+00	-3.20391274E+00	5.10217186E-03	-9.09322511E-03
7.44759686E+00	-5.52683969E+00	5.10017191E-03	-9.12309604E-03
5.06623835E+00	-7.04464306E+00	5.09816125E-03	-9.15311271E-03
2.42332602E+00	-7.61835239E+00	5.09613978E-03	-9.18327634E-03
-1.25312380E-01	-7.23898853E+00	5.09410741E-03	-9.21358817E-03
-2.24906390E+00	-6.02620097E+00	5.09206403E-03	-9.24404946E-03
-3.68713433E+00	-4.20935494E+00	5.09000955E-03	-9.27466147E-03
-4.28296852E+00	-2.09386282E+00	5.08794387E-03	-9.30542551E-03
-4.00388867E+00	-1.75491762E-02	5.08586688E-03	-9.33634286E-03
-2.94343253E+00	1.69684687E+00	5.08377848E-03	-9.36741483E-03
-1.30627621E+00	2.78646788E+00	5.08167857E-03	-9.39864277E-03
6.21982792E-01	3.08431566E+00	5.07956704E-03	-9.43002801E-03
2.51585678E+00	2.54157392E+00	5.07744378E-03	-9.46157191E-03
4.05605613E+00	1.23336971E+00	5.07530868E-03	-9.49327585E-03
4.97425323E+00	-6.52628748E-01	5.07316164E-03	-9.52514123E-03
5.09039850E+00	-2.84302190E+00	5.07100254E-03	-9.55716944E-03
4.33755867E+00	-5.01705330E+00	5.06883127E-03	-9.58936192E-03
2.77101459E+00	-6.85117063E+00	5.06664772E-03	-9.62172010E-03
5.60546760E-01	-8.06361613E+00	5.06445176E-03	-9.65424544E-03
-2.03285563E+00	-8.45296160E+00	5.06224329E-03	-9.68693943E-03
-4.69251808E+00	-7.92540450E+00	5.06002219E-03	-9.71980354E-03
-7.08886890E+00	-6.50723799E+00	5.05778833E-03	-9.75283929E-03
-8.92359981E+00	-4.34097034E+00	5.05554159E-03	-9.78604822E-03
-9.96919674E+00	-1.66581060E+00	5.05328186E-03	-9.81943185E-03
-1.00985461E+01	1.21464995E+00	5.05100900E-03	-9.85299177E-03
-9.30073788E+00	3.97303326E+00	5.04872289E-03	-9.88672956E-03
-7.68111008E+00	6.30145938E+00	5.04642340E-03	-9.92064681E-03
-5.44573666E+00	7.95164663E+00	5.04411040E-03	-9.95474514E-03
-2.87266398E+00	8.76646514E+00	5.04178377E-03	-9.98902621E-03
-2.73957193E-01	8.69881183E+00	5.03944337E-03	-1.00234917E-02
2.04619772E+00	7.81544600E+00	5.03708906E-03	-1.00581432E-02
3.83163289E+00	6.28548728E+00	5.03472071E-03	-1.00929825E-02
4.90719328E+00	4.35535191E+00	5.03233818E-03	-1.01280113E-02
5.20024170E+00	2.31370658E+00	5.02994134E-03	-1.01632314E-02
4.74793806E+00	4.51315397E-01	5.02753003E-03	-1.01986444E-02
3.68951258E+00	-9.78723346E-01	5.02510412E-03	-1.02342523E-02
2.24478477E+00	-1.79498036E+00	5.02266345E-03	-1.02700568E-02
6.82017454E-01	-1.91141460E+00	5.02020790E-03	-1.03060597E-02
-7.20407909E-01	-1.34772726E+00	5.01773729E-03	-1.03422629E-02
-1.71323051E+00	-2.25106309E-01	5.01525149E-03	-1.03786683E-02
-2.11113796E+00	1.25190158E+00	5.01275034E-03	-1.04152778E-02
-1.81850850E+00	2.82479612E+00	5.01023368E-03	-1.04520932E-02
-8.42663793E-01	4.21772053E+00	5.00770136E-03	-1.04891167E-02
7.07060048E-01	5.17623836E+00	5.00515322E-03	-1.05263500E-02
2.63419569E+00	5.50303000E+00	5.00258909E-03	-1.05637953E-02
4.68188374E+00	5.08570610E+00	5.00000882E-03	-1.06014546E-02
6.56779589E+00	3.91302862E+00	4.99741223E-03	-1.06393298E-02
8.02249921E+00	2.07740909E+00	4.99479915E-03	-1.06774232E-02
8.82608832E+00	-2.36596073E-01	4.99216943E-03	-1.07157368E-02
8.83817351E+00	-2.77619943E+00	4.98952288E-03	-1.07542727E-02
8.01722545E+00	-5.25346186E+00	4.98685932E-03	-1.07930331E-02
6.42671692E+00	-7.38308520E+00	4.98417859E-03	-1.08320201E-02
4.22727339E+00	-8.91985534E+00	4.98148049E-03	-1.08712361E-02
1.65591248E+00	-9.69073756E+00	4.97876486E-03	-1.09106833E-02
-1.00482996E+00	-9.61735417E+00	4.97603149E-03	-1.09503638E-02
-3.46374966E+00	-8.72586714E+00	4.97328021E-03	-1.09902801E-02
-5.45887454E+00	-7.14297286E+00	4.97051082E-03	-1.10304345E-02
-6.79135934E+00	-5.07856876E+00	4.96772312E-03	-1.10708294E-02
-7.35085736E+00	-2.79742790E+00	4.96491693E-03	-1.11114670E-02
-7.12899177E+00	-5.83681536E-01	4.96209205E-03	-1.11523500E-02
-6.21913766E+00	1.29713002E+00	4.95924826E-03	-1.11934807E-02
-4.80255378E+00	2.63335099E+00	4.95638538E-03	-1.12348617E-02
-3.12272809E+00	3.29510970E+00	4.95350318E-03	-1.12764955E-02
-1.45138305E+00	3.25106677E+00	4.95060146E-03	-1.13183846E-02
-5.07134488E-02	2.57173947E+00	4.94768001E-03	-1.13605317E-02
8.63048946E-01	1.41892374E+00	4.94473860E-03	-1.14029393E-02
1.14980654E+00	2.26022169E-02	4.94177702E-03	-1.14456103E-02
7.65383252E-01	-1.35158244E+00	4.93879504E-03	-1.14885472E-02
-2.31816593E-01	-2.43991973E+00	4.93579244E-03	-1.15317529E-02
-1.68827002E+00	-3.01820633E+00	4.93276899E-03	-1.15752302E-02
-3.37600986E+00	-2.93418476E+00	4.92972445E-03	-1.16189817E-02
-5.02380966E+00	-2.13037707E+00	4.92665859E-03	-1.16630106E-02
-6.35472858E+00	-6.54103527E-01	4.92357116E-03	-1.17073195E-02
-7.12496229E+00	1.34681999E+00	4.92046193E-03	-1.17519116E-02
-7.15871394E+00	3.64228683E+00	4.91733064E-03	-1.17967898E-02
-6.37427898E+00	5.94969613E+00	4.91417704E-03	-1.18419571E-02
-4.79767234E+00	7.97142918E+00	4.91100088E-03	-1.18874165E-02
-2.56177367E+00	9.43500124E+00	4.90780190E-03	-1.19331714E-02
1.09092007E-01	1.01304563E+01	4.90457983E-03	-1.19792247E-02
2.92724009E+00	9.93987564E+00	4.90133440E-03	-1.20255797E-02
5.57873179E+00	8.85487413E+00	4.89806535E-03	-1.20722397E-02
7.76457360E+00	6.97954017E+00	4.89477241E-03	-1.21192081E-02
9.24045989E+00	4.51822132E+00	4.89145528E-03	-1.21664880E-02
9.84962971E+00	1.74961864E+00	4.88811368E-03	-1.22140830E-02
9.54427371E+00	-1.00945874E+00	4.88474733E-03	-1.22619966E-02
8.39242940E+00	-3.44586733E+00	4.88135594E-03	-1.23102321E-02
6.56924619E+00	-5.29179740E+00	4.87793920E-03	-1.23587933E-02
4.33362791E+00	-6.36063866E+00	4.87449681E-03	-1.24076836E-02
1.99328035E+00	-6.57206452E+00	4.87102846E-03	-1.24569069E-02
-1.37174092E-01	-5.96276987E+00	4.86753384E-03	-1.25064667E-02
-1.77933545E+00	-4.68122218E+00	4.86401264E-03	-1.25563669E-02
-2.72948925E+00	-2.96696710E+00	4.86046453E-03	-1.26066114E-02
-2.88702872E+00	-1.11716834E+00	4.85688918E-03	-1.26572040E-02
-2.26878569E+00	5.55136532E-01	4.85328626E-03	-1.27081487E-02
-1.00711491E+00	1.76537487E+00	4.84965543E-03	-1.27594495E-02
6.68200944E-01	2.29824422E+00	4.84599635E-03	-1.28111105E-02
2.46191168E+00	2.03926154E+00	4.84230866E-03	-1.28631359E-02
4.05485219E+00	9.92540250E-01	4.83859201E-03	-1.29155298E-02
5.14941961E+00	-7.17868527E-01	4.83484604E-03	-1.29682965E-02
5.51268104E+00	-2.86348287E+00	4.83107038E-03	-1.30214404E-02
5.01105954E+00	-5.14181569E+00	4.82726466E-03	-1.30749660E-02
3.63163487E+00	-7.21768208E+00	4.82342849E-03	-1.31288776E-02
1.48689350E+00	-8.76977704E+00	4.81956150E-03	-1.31831799E-02
-1.19797204E+00	-9.53609849E+00	4.81566328E-03	-1.32378774E-02
-4.11369067E+00	-9.35186408E+00	4.81173343E-03	-1.32929749E-02
-6.90769949E+00	-8.17453234E+00	4.80777155E-03	-1.33484772E-02
-9.23157443E+00	-6.09226871E+00	4.80377723E-03	-1.34043891E-02
-1.07885917E+01	-3.31446172E+00	4.79975005E-03	-1.34607155E-02
-1.13748078E+01	-1.45384095E-01	4.79568957E-03	-1.35174616E-02
-1.09078722E+01	3.05553955E+00	4.79159536E-03	-1.35746323E-02
-9.43943552E+00	5.92148660E+00	4.78746697E-03	-1.36322329E-02
-7.14926125E+00	8.12746136E+00	4.78330397E-03	-1.36902686E-02
-4.32168775E+00	9.43416771E+00	4.77910588E-03	-1.37487449E-02
-1.30756004E+00	9.72038842E+00	4.77487223E-03	-1.38076671E-02
1.52318883E+00	8.99928181E+00	4.77060257E-03	-1.38670409E-02
3.83177524E+00	7.41621729E+00	4.76629639E-03	-1.39268717E-02
5.35664307E+00	5.22833737E+00	4.76195321E-03	-1.39871655E-02
5.94893614E+00	2.76859435E+00	4.75757252E-03	-1.40479280E-02
5.59236129E+00	3.99205191E-01	4.75315382E-03	-1.41091651E-02
4.40459667E+00	-1.53901674E+00	4.74869659E-03	-1.41708829E-02
2.61997395E+00	-2.77437791E+00	4.74420029E-03	-1.42330876E-02
5.55792149E-01	-3.14237048E+00	4.73966438E-03	-1.42957853E-02
-1.43306641E+00	-2.60871296E+00	4.73508832E-03	-1.43589825E-02
-3.00488086E+00	-1.27407967E+00	4.73047155E-03	-1.44226855E-02
-3.88007911E+00	6.40203196E-01	4.72581349E-03	-1.44869011E-02
-3.88157004E+00	2.82354029E+00	4.72111357E-03	-1.45516359E-02
-2.96071814E+00	4.92016098E+00	4.71637120E-03	-1.46168967E-02
-1.20526353E+00	6.57975283E+00	4.71158577E-03	-1.46826905E-02
1.17197524E+00	7.50752475E+00	4.70675667E-03	-1.47490243E-02
3.86207309E+00	7.50665401E+00	4.70188327E-03	-1.48159053E-02
6.50260875E+00	6.50713170E+00	4.69696493E-03	-1.48833410E-02
8.72795030E+00	4.57692912E+00	4.69200101E-03	-1.49513386E-02
1.02201667E+01	1.91389456E+00	4.68699084E-03	-1.50199060E-02
1.07534258E+01	-1.18049708E+00	4.68193376E-03	-1.50890507E-02
1.02256580E+01	-4.34186508E+00	4.67682905E-03	-1.51587807E-02
8.67306414E+00	-7.19240445E+00	4.67167604E-03	-1.52291040E-02
6.26546611E+00	-9.39219576E+00	4.66647400E-03	-1.53000288E-02
3.28319814E+00	-1.06851701E+01	4.66122219E-03	-1.53715635E-02
7.88305682E-02	-1.09333306E+01	4.65591989E-03	-1.54437165E-02
-2.97086297E+00	-1.01345079E+01	4.65056631E-03	-1.55164966E-02
-5.51593798E+00	-8.42126506E+00	4.64516071E-03	-1.55899125E-02
-7.28017026E+00	-6.04123037E+00	4.63970227E-03	-1.56639733E-02
-8.09729264E+00	-3.32174649E+00	4.63419019E-03	-1.57386882E-02
-7.93160970E+00	-6.23908935E-01	4.62862366E-03	-1.58140664E-02
-6.88025995E+00	1.70748025E+00	4.62300183E-03	-1.58901176E-02
-5.15700200E+00	3.39100043E+00	4.61732385E-03	-1.59668515E-02
-3.06000352E+00	4.24618174E+00	4.61158884E-03	-1.60442780E-02
-9.28340323E-01	4.21640335E+00	4.60579590E-03	-1.61224072E-02
9.06547058E-01	3.37409193E+00	4.59994413E-03	-1.62012496E-02
2.16755274E+00	1.90772187E+00	4.59403260E-03	-1.62808155E-02
2.67021742E+00	9.26929305E-02	4.58806035E-03	-1.63611158E-02
2.34737649E+00	-1.74959034E+00	4.58202641E-03	-1.64421614E-02
1.25686708E+00	-3.29850378E+00	4.57592979E-03	-1.65239636E-02
-4.28545115E-01	-4.28017362E+00	4.56976949E-03	-1.66065337E-02
-2.44733434E+00	-4.50616215E+00	4.56354446E-03	-1.66898835E-02
-4.48754452E+00	-3.89952571E+00	4.55725365E-03	-1.67740248E-02
-6.23168841E+00	-2.50476842E+00	4.55089597E-03	-1.68589699E-02
-7.40178581E+00	-4.80546512E-01	4.54447034E-03	-1.69447311E-02
-7.79819804E+00	1.92356579E+00	4.53797560E-03	-1.70313212E-02
-7.32690186E+00	4.40270925E+00	4.53141063E-03	-1.71187530E-02
-6.01157542E+00	6.63954478E+00	4.52477423E-03	-1.72070400E-02
-3.98908086E+00	8.34808961E+00	4.51806519E-03	-1.72961955E-02
-1.48929932E+00	9.31241807E+00	4.51128230E-03	-1.73862334E-02
1.19753761E+00	9.41491104E+00	4.50442429E-03	-1.74771679E-02
3.76117929E+00	8.65032585E+00	4.49748986E-03	-1.75690134E-02
5.91353651E+00	7.12404099E+00	4.49047771E-03	-1.76617847E-02
7.42677152E+00	5.03510000E+00	4.48338648E-03	-1.77554968E-02
8.16207875E+00	2.64680750E+00	4.47621480E-03	-1.78501653E-02
8.08538212E+00	2.49316503E-01	4.46896125E-03	-1.79458059E-02
7.26811948E+00	-1.88034070E+00	4.46162439E-03	-1.80424347E-02
5.87343961E+00	-3.51511343E+00	4.45420273E-03	-1.81400683E-02
4.13018751E+00	-4.50662004E+00	4.44669478E-03	-1.82387237E-02
2.29870974E+00	-4.80189971E+00	4.43909897E-03	-1.83384180E-02
6.33546156E-01	-4.44626791E+00	4.43141371E-03	-1.84391691E-02
-6.51642999E-01	-3.57234266E+00	4.42363740E-03	-1.85409951E-02
-1.41205403E+00	-2.37726516E+00	4.41576836E-03	-1.86439145E-02
-1.58892626E+00	-1.09174561E+00	4.40780488E-03	-1.87479464E-02
-1.21389987E+00	5.43976350E-02	4.39974522E-03	-1.88531102E-02
-4.00399343E-01	8.65200763E-01	4.39158760E-03	-1.89594258E-02
6.76253007E-01	1.20540411E+00	4.38333018E-03	-1.90669138E-02
1.80674719E+00	1.01761024E+00	4.37497107E-03	-1.91755950E-02
2.77944975E+00	3.27684013E-01	4.36650836E-03	-1.92854910E-02
3.41117810E+00	-7.61918571E-01	4.35794007E-03	-1.93966236E-02
3.57274555E+00	-2.08947270E+00	4.34926417E-03	-1.95090156E-02
3.20585382E+00	-3.45907412E+00	4.34047859E-03	-1.96226899E-02
2.32928073E+00	-4.66961810E+00	4.33158120E-03	-1.97376704E-02
1.03392350E+00	-5.54339310E+00	4.32256982E-03	-1.98539813E-02
-5.32132703E-01	-5.95024792E+00	4.31344220E-03	-1.99716477E-02
-2.18597580E+00	-5.82409548E+00	4.30419605E-03	-2.00906951E-02
-3.73616238E+00	-5.16975335E+00	4.29482900E-03	-2.02111499E-02
-5.00904704E+00	-4.05959213E+00	4.28533864E-03	-2.03330391E-02
-5.87141994E+00	-2.62094422E+00	4.27572248E-03	-2.04563904E-02
-6.24643149E+00	-1.01650278E+00	4.26597796E-03	-2.05812322E-02
-6.12089154E+00	5.79164814E-01	4.25610246E-03	-2.07075938E-02
-5.54336236E+00	2.00346441E+00	4.24609330E-03	-2.08355054E-02
-4.61381523E+00	3.12658873E+00	4.23594770E-03	-2.09649976E-02
-3.46679175E+00	3.86651878E+00	4.22566283E-03	-2.10961024E-02
-2.25083963E+00	4.19642226E+00	4.21523576E-03	-2.12288524E-02
-1.10737459E+00	4.14385508E+00	4.20466350E-03	-2.13632811E-02
-1.52021864E-01	3.78239037E+00	4.19394296E-03	-2.14994230E-02
5.39048989E-01	3.21736004E+00	4.18307098E-03	-2.16373138E-02
9.36158883E-01	2.56814707E+00	4.17204428E-03	-2.17769899E-02
1.05595421E+00	1.94981898E+00	4.16085952E-03	-2.19184891E-02
9.54560699E-01	1.45681347E+00	4.14951325E-03	-2.20618500E-02
7.15521627E-01	1.15091177E+00	4.13800193E-03	-2.22071126E-02
4.34657655E-01	1.05495839E+00	4.12632189E-03	-2.23543180E-02
2.04298364E-01	1.15283955E+00	4.11446939E-03	-2.25035085E-02
9.92632685E-02	1.39527062E+00	4.10244056E-03	-2.26547280E-02
1.66547020E-01	1.71010889E+00	4.09023141E-03	-2.28080213E-02
4.19974497E-01	2.01532133E+00	4.07783786E-03	-2.29634349E-02
8.40257522E-01	2.23247077E+00	4.06525566E-03	-2.31210167E-02
1.38004149E+00	2.29865818E+00	4.05248049E-03	-2.32808161E-02
1.97280660E+00	2.17524121E+00	4.03950785E-03	-2.34428843E-02
2.54398761E+00	1.85226061E+00	4.02633314E-03	-2.36072737E-02
3.02246040E+00	1.34823908E+00	4.01295158E-03	-2.37740390E-02
3.35062788E+00	7.05748819E-01	3.99935829E-03	-2.39432361E-02
3.49168893E+00	-1.62371712E-02	3.98554821E-03	-2.41149233E-02
3.43321888E+00	-7.51779389E-01	3.97151611E-03	-2.42891606E-02
3.18683153E+00	-1.43759856E+00	3.95725663E-03	-2.44660101E-02
2.78432152E+00	-2.02140175E+00	3.94276421E-03	-2.46455361E-02
2.27120498E+00	-2.46774276E+00	3.92803314E-03	-2.48278050E-02
1.69890966E+00	-2.76074003E+00	3.91305750E-03	-2.50128856E-02
1.11697330E+00	-2.90353437E+00	3.89783121E-03	-2.52008492E-02
5.66488552E-01	-2.91490370E+00	3.88234796E-03	-2.53917697E-02
7.57207349E-02	-2.82387745E+00	3.86660127E-03	-2.55857235E-02
-3.41616001E-01	-2.66344725E+00	3.85058441E-03	-2.57827901E-02
-6.85424972E-01	-2.46452280E+00	3.83429047E-03	-2.59830516E-02
-9.66085854E-01	-2.25113800E+00	3.81771228E-03	-2.61865935E-02
-1.19989513E+00	-2.03760895E+00	3.80084245E-03	-2.63935043E-02
-1.40405576E+00	-1.82794498E+00	3.78367332E-03	-2.66038761E-02
-1.59218224E+00	-1.61739017E+00	3.76619700E-03	-2.68178045E-02
-1.77111690E+00	-1.39560025E+00	3.74840532E-03	-2.70353889E-02
-1.93955436E+00	-1.15069993E+00	3.73028984E-03	-2.72567325E-02
-2.08860220E+00	-8.73356397E-01	3.71184181E-03	-2.74819428E-02
-2.20403681E+00	-5.60057739E-01	3.69305221E-03	-2.77111317E-02
-2.26970782E+00	-2.14981965E-01	3.67391169E-03	-2.79444156E-02
-2.27135492E+00	1.49859268E-01	3.65441058E-03	-2.81819159E-02
-2.20005464E+00	5.16175102E-01	3.63453889E-03	-2.84237591E-02
-2.05461449E+00	8.62297601E-01	3.61428627E-03	-2.86700770E-02
-1.84245412E+00	1.16683412E+00	3.59364199E-03	-2.89210073E-02
-1.57881340E+00	1.41234392E+00	3.57259499E-03	-2.91766935E-02
-1.28444924E+00	1.58832225E+00	3.55113377E-03	-2.94372859E-02
-9.82266996E-01	1.69291689E+00	3.52924646E-03	-2.97029411E-02
-6.93529855E-01	1.73304708E+00	3.50692077E-03	-2.99738232E-02
-4.34364577E-01	1.72289739E+00	3.48414396E-03	-3.02501039E-02
-2.13224977E-01	1.68106314E+00	3.46090285E-03	-3.05319627E-02
-2.97965274E-02	1.62687519E+00	3.43718380E-03	-3.08195881E-02
1.24439776E-01	1.57658597E+00	3.41297268E-03	-3.11131772E-02
2.64070607E-01	1.54012821E+00	3.38825487E-03	-3.14129372E-02
4.06416003E-01	1.51905941E+00	3.36301524E-03	-3.17190855E-02
5.67595637E-01	1.50609572E+00	3.33723812E-03	-3.20318503E-02
7.58710587E-01	1.48635626E+00	3.31090732E-03	-3.23514718E-02
9.82846059E-01	1.44013294E+00	3.28400606E-03	-3.26782024E-02
1.23346618E+00	1.34672426E+00	3.25651702E-03	-3.30123082E-02
1.49453587E+00	1.18867399E+00	3.22842228E-03	-3.33540692E-02
1.74240726E+00	9.55670234E-01	3.19970333E-03	-3.37037811E-02
1.94920070E+00	6.47403735E-01	3.17034106E-03	-3.40617556E-02
2.08714493E+00	2.74848917E-01	3.14031572E-03	-3.44283224E-02
2.13316450E+00	-1.40309742E-01	3.10960699E-03	-3.48038297E-02
2.07294406E+00	-5.68073721E-01	3.07819390E-03	-3.51886462E-02
1.90377119E+00	-9.74007845E-01	3.04605489E-03	-3.55831625E-02
1.63564931E+00	-1.32400267E+00	3.01316777E-03	-3.59877927E-02
1.29045004E+00	-1.58916651E+00	2.97950980E-03	-3.64029763E-02
8.99194049E-01	-1.75005657E+00	2.94505766E-03	-3.68291804E-02
4.97857983E-01	-1.79955365E+00	2.90978753E-03	-3.72669017E-02
1.22351944E-01	-1.74389600E+00	2.87367508E-03	-3.77166691E-02
-1.96544779E-01	-1.60168004E+00	2.83669562E-03	-3.81790468E-02
-4.37485560E-01	-1.40096265E+00	2.79882410E-03	-3.86546365E-02
-5.91406222E-01	-1.17490707E+00	2.76003526E-03	-3.91440816E-02
-6.62460295E-01	-9.56652985E-01	2.72030375E-03	-3.96480705E-02
-6.66880850E-01	-7.74221595E-01	2.67960429E-03	-4.01673406E-02
-6.29941264E-01	-6.46266519E-01	2.63791190E-03	-4.07026833E-02
-5.81492862E-01	-5.79351699E-01	2.59520212E-03	-4.12549491E-02
-5.50788097E-01	-5.67197164E-01	2.55145134E-03	-4.18250528E-02
-5.61416514E-01	-5.92021725E-01	2.50663716E-03	-4.24139807E-02
-6.27167864E-01	-6.27777430E-01	2.46073891E-03	-4.30227974E-02
-7.49494058E-01	-6.44767316E-01	2.41373815E-03	-4.36526540E-02
-9.16991365E-01	-6.14913931E-01	2.36561942E-03	-4.43047972E-02
-1.10700582E+00	-5.16836979E-01	2.31637111E-03	-4.49805802E-02
-1.28912818E+00	-3.39921970E-01	2.26598644E-03	-4.56814739E-02
-1.43004324E+00	-8.67144950E-02	2.21446482E-03	-4.64090807E-02
-1.49897878E+00	2.26766716E-01	2.16181339E-03	-4.71651498E-02
-1.47289772E+00	5.72880782E-01	2.10804897E-03	-4.79515946E-02
-1.34060789E+00	9.16123335E-01	2.05320042E-03	-4.87705129E-02
-1.10512450E+00	1.21823502E+00	1.99731162E-03	-4.96242104E-02
-7.83885123E-01	1.44388510E+00	1.94044509E-03	-5.05152270E-02
-4.06746368E-01	1.56605721E+00	1.88268655E-03	-5.14463684E-02
-1.20332607E-02	1.57030027E+00	1.82415050E-03	-5.24207420E-02
3.58783919E-01	1.45717264E+00	1.76498732E-03	-5.34417990E-02
6.66993686E-01	1.24247744E+00	1.70539213E-03	-5.45133846E-02
8.82238776E-01	9.55219967E-01	1.64561596E-03	-5.56397958E-02
9.86950634E-01	6.33564429E-01	1.58597996E-03	-5.68258509E-02
9.78937749E-01	3.19374074E-01	1.52689352E-03	-5.80769715E-02
8.71714686E-01	5.21391304E-02	1.46887759E-03	-5.93992799E-02
6.92495252E-01	-1.36802198E-01	1.41259478E-03	-6.07997174E-02
4.78123765E-01	-2.28879339E-01	1.35888874E-03	-6.22861846E-02
2.69530464E-01	-2.21036888E-01	1.30883586E-03	-6.38677125E-02
1.05523832E-01	-1.26181677E-01	1.26381411E-03	-6.55546691E-02
1.68398416E-02	2.87641718E-02	1.22559549E-03	-6.73590110E-02
2.13395283E-02	2.06942529E-01	1.19647199E-03	-6.92945883E-02
1.21085399E-01	3.67189880E-01	1.17942972E-03	-7.13775147E-02
3.01757215E-01	4.70402269E-01	1.17839402E-03	-7.36266088E-02
5.34527727E-01	4.85699749E-01	1.19858206E-03	-7.60639079E-02
7.80158427E-01	3.95473803E-01	1.24702375E-03	-7.87152239E-02
9.94746781E-01	1.98553518E-01	1.33335860E-03	-8.16106320E-02
1.13630748E+00	-8.90087005E-02	1.47111059E-03	-8.47845458E-02
1.17123764E+00	-4.35691180E-01	1.67985428E-03	-8.82742948E-02
1.07971901E+00	-7.98589749E-01	1.98918740E-03	-9.21135060E-02
8.59250284E-01	-1.12928982E+00	2.44654671E-03	-9.63052887E-02
5.25758985E-01	-1.38071090E+00	3.12901672E-03	-1.00692457E-01
1.12081593E-01	-1.51395822E+00	3.91916619E-03	-1.03894400E-01
-3.36027310E-01	-1.50419964E+00	-9.41058162E-03	-1.17775370E-01
-7.65841465E-01	-1.34470831E+00	3.06094772E-03	-1.26688116E-01
-1.12476364E+00	-1.04845724E+00	6.27295070E-03	-1.35428972E-01
-1.36760252E+00	-6.46987001E-01	9.74223312E-03	-1.47044871E-01
-1.46300597E+00	-1.86647002E-01	1.47656520E-02	-1.62067746E-01
-1.39813116E+00	2.77319420E-01	2.28832091E-02	-1.81967446E-01
-1.18086240E+00	6.88065816E-01	3.73495886E-02	-2.09618707E-01
-8.39217060E-01	9.94823563E-01	6.69877488E-02	-2.51076351E-01
-4.17964322E-01	1.15991519E+00	1.45510488E-01	-3.20951427E-01
2.71316034E-02	1.16411591E+00	5.47759328E-01	-4.04395807E-01
4.36695960E-01	1.00958989E+00	-3.40788726E-01	3.26800316E-01
7.55769585E-01	7.19948476E-01	-2.05431109E-01	-4.12822692E-01
9.41384059E-01	3.37366011E-01	5.78736846E-01	3.53383351E-01
9.68635087E-01	-8.29074959E-02	-7.89865150E-02	-1.35628069E-01
8.34390052E-01	-4.79933443E-01	8.85100380E-01	2.49433102E-01
5.58074097E-01	-7.95394058E-01	-1.09391379E-01	1.13540785E-01
1.79369036E-01	-9.81701505E-01	4.19365503E-01	-1.08545918E+00
-2.46920789E-01	-1.00878966E+00	3.78885395E-01	2.27009897E-01
-6.58188696E-01	-8.68629795E-01	1.86134137E-01	1.74582738E-01
-9.92572685E-01	-5.76803653E-01	1.22245379E-01	1.34555319E-01
-1.19758264E+00	-1.70856219E-01	9.06533886E-02	1.07343912E-01
-1.23762615E+00	2.94414919E-01	7.19046449E-02	8.76880369E-02
-1.09937699E+00	7.54154663E-01	5.95194075E-02	7.28534026E-02
-7.94201992E-01	1.14219886E+00	5.06732122E-02	6.14602954E-02
-3.57247276E-01	1.40021234E+00	4.37363859E-02	5.31151560E-02
1.56768146E-01	1.48597342E+00	3.57139373E-02	4.98547951E-02
6.80551954E-01	1.37965027E+00	1.80467725E-02	1.39075050E-02
1.14313891E+00	1.08716237E+00	3.21314018E-02	1.92698785E-02
1.47951903E+00	6.40097704E-01	3.03357613E-02	1.67466735E-02
1.63969363E+00	9.21146570E-02	2.83540318E-02	1.29445786E-02
1.59590683E+00	-4.87763401E-01	2.66038584E-02	9.03996300E-03
1.34702007E+00	-1.02411808E+00	2.50895819E-02	5.27002628E-03
9.19363651E-01	-1.44519799E+00	2.37778729E-02	1.68458448E-03
3.63865887E-01	-1.69272305E+00	2.26356911E-02	-1.71796886E-03
-2.50234489E-01	-1.73008458E+00	2.16353445E-02	-4.95485947E-03
-8.44311311E-01	-1.54778342E+00	2.07544091E-02	-8.04747718E-03
-1.34074850E+00	-1.16529961E+00	1.99748240E-02	-1.10173744E-02
-1.67342205E+00	-6.29059296E-01	1.92819976E-02	-1.38848897E-02
-1.79683329E+00	-6.69250098E-03	1.86640746E-02	-1.66687754E-02
-1.69261361E+00	6.21709624E-01	1.81113645E-02	-1.93862203E-02
-1.37245478E+00	1.17420093E+00	1.76159023E-02	-2.20530247E-02
-8.76991057E-01	1.57803115E+00	1.71711114E-02	-2.46838261E-02
-2.70708246E-01	1.77963162E+00	1.67715442E-02	-2.72923331E-02
3.66494786E-01	1.75214150E+00	1.64126819E-02	-2.98915521E-02
9.49990550E-01	1.49939277E+00	1.60907790E-02	-3.24940021E-02
1.40191879E+00	1.05574090E+00	1.58027438E-02	-3.51119192E-02
1.66191883E+00	4.81693340E-01	1.55460455E-02	-3.77574530E-02
1.69559988E+00	-1.44129492E-01	1.53186440E-02	-4.04428623E-02
1.49953797E+00	-7.35645431E-01	1.51189373E-02	-4.31807121E-02
1.10205050E+00	-1.21113576E+00	1.49457254E-02	-4.59840821E-02
5.59575902E-01	-1.50461714E+00	1.47981869E-02	-4.88667904E-02
-5.09029287E-02	-1.57516862E+00	1.46758703E-02	-5.18436443E-02
-6.42391303E-01	-1.41288194E+00	1.45786972E-02	-5.49307258E-02
-1.12994086E+00	-1.04055536E+00	1.45069808E-02	-5.81457280E-02
-1.44256582E+00	-5.10835212E-01	1.44614607E-02	-6.15083565E-02
-1.53334472E+00	1.00855106E-01	1.44433584E-02	-6.50408223E-02
-1.38626566E+00	7.06660718E-01	1.44544592E-02	-6.87684549E-02
-1.01881192E+00	1.21850226E+00	1.44972299E-02	-7.27204811E-02
-4.79872494E-01	1.56044906E+00	1.45749864E-02	-7.69310310E-02
1.56782747E-01	1.67951723E+00	1.46921334E-02	-8.14404645E-02
8.02592201E-01	1.55335257E+00	1.48545124E-02	-8.62971520E-02
1.36646973E+00	1.19368093E+00	1.50699155E-02	-9.15599239E-02
1.76753844E+00	6.44996591E-01	1.53488651E-02	-9.73015183E-02
1.94653489E+00	-2.13698205E-02	1.57058331E-02	-1.03613579E-01
1.87425861E+00	-7.17004034E-01	1.61612204E-02	-1.10614134E-01
1.55584719E+00	-1.34862959E+00	1.67447190E-02	-1.18459231E-01
1.03024182E+00	-1.83108270E+00	1.75013297E-02	-1.27361875E-01
3.64889777E-01	-2.09920379E+00	1.85028494E-02	-1.37624589E-01
-3.53588358E-01	-2.11695072E+00	1.98715807E-02	-1.49699316E-01
-1.03145690E+00	-1.88242550E+00	2.18343285E-02	-1.64307382E-01
-1.58094053E+00	-1.42808463E+00	2.48621900E-02	-1.82707691E-01
-1.93245475E+00	-8.16090902E-01	3.01023931E-02	-2.07392742E-01
-2.04424273E+00	-1.29463138E-01	4.11186959E-02	-2.44326644E-01
-1.90803761E+00	5.39712967E-01	7.50949895E-02	-3.12940075E-01
-1.54993903E+00	1.10332210E+00	3.85019221E-01	-4.67046046E-01
-1.02638221E+00	1.48963070E+00	-1.02957375E-02	5.78449078E-03
-4.15788346E-01	1.65328674E+00	-4.92663331E-02	-3.22376217E-01
1.92888970E-01	1.58147073E+00	2.72296958E-01	-7.94608555E-02
7.13055394E-01	1.29532006E+00	1.08150297E-01	-1.64859768E-01
1.07293185E+00	8.46437017E-01	9.29854600E-02	-2.43670958E-01
1.22576676E+00	3.09007986E-01	1.06704300E-01	-3.28377917E-01
1.15632735E+00	-2.31298747E-01	1.52200010E-01	-4.46977181E-01
8.82740498E-01	-6.90019979E-01	3.00580144E-01	-6.63471365E-01
4.53438221E-01	-9.96304879E-01	1.61098471E+00	-8.65804431E-01
-6.03175005E-02	-1.10322477E+00	-1.51570058E-01	7.41587548E-02
-5.75206544E-01	-9.94482572E-01	1.33610099E-01	-1.38598676E+00
-1.00831342E+00	-6.86555650E-01	2.59196666E+00	6.07880200E-01
-1.28943209E+00	-2.25984467E-01	-1.55704400E-01	1.07831482E+00
-1.37139554E+00	3.17760945E-01	-1.86363571E-01	4.11354632E-01
-1.23691454E+00	8.62751140E-01	-2.21761098E-01	6.15066678E-02
-9.00935995E-01	1.32682853E+00	-2.31297314E-01	-7.06423152E-01
-4.08203496E-01	1.63977089E+00	1.24412251E+00	8.10669577E-01
1.73580744E-01	1.75357898E+00	3.37388831E-01	5.40646460E-01
7.63939056E-01	1.64937106E+00	2.11428020E-01	3.74387743E-01
1.28159972E+00	1.33988452E+00	2.13794997E-01	2.64998500E-01
1.65647083E+00	8.67249400E-01	5.81922155E-01	3.93641090E-01
1.83981472E+00	2.96410736E-01	-5.19120948E-02	3.95252500E-01
1.81111479E+00	-2.94772168E-01	-2.49684365E-02	2.53646387E-01
1.58063649E+00	-8.27228481E-01	-1.77755483E-02	1.66594637E-01
1.18734174E+00	-1.23239976E+00	3.44557162E-02	-3.15558630E-02
6.92521673E-01	-1.46221532E+00	2.03311241E-01	3.86827845E-01
1.70158574E-01	-1.49582897E+00	5.82686817E-02	2.77537483E-01
-3.04484099E-01	-1.34213134E+00	3.55554199E-02	2.32464344E-01
-6.66287444E-01	-1.03770323E+00	2.69943749E-02	2.06300710E-01
-8.69974844E-01	-6.40573654E-01	2.25165144E-02	1.87953892E-01
-8.96616518E-01	-2.20784354E-01	1.97391156E-02	1.73818604E-01
-7.55976780E-01	1.50756205E-01	1.78296094E-02	1.62328286E-01
-4.84385619E-01	4.13395618E-01	1.64248488E-02	1.52666295E-01
-1.38507048E-01	5.26119990E-01	1.53414998E-02	1.44351520E-01
2.13993704E-01	4.73759497E-01	1.44768033E-02	1.37074903E-01
5.05410098E-01	2.69080621E-01	1.37684527E-02	1.30624898E-01
6.78864844E-01	-4.95295108E-02	1.31762909E-02	1.24849585E-01
6.97398273E-01	-4.24396981E-01	1.26731495E-02	1.19635729E-01
5.49866716E-01	-7.87902435E-01	1.22399115E-02	1.14896410E-01
2.52744574E-01	-1.07335697E+00	1.18626847E-02	1.10563303E-01
-1.52436285E-01	-1.22570700E+00	1.15310990E-02	1.06581639E-01
-6.05597051E-01	-1.21039476E+00	1.12372377E-02	1.02906793E-01
-1.03754641E+00	-1.01899255E+00	1.09749391E-02	9.95019063E-02
-1.38086018E+00	-6.70733818E-01	1.07393285E-02	9.63361654E-02
-1.58050480E+00	-2.09703966E-01	1.05264939E-02	9.33835501E-02
-1.60254519E+00	3.01870282E-01	1.03332560E-02	9.06218877E-02
-1.43957643E+00	7.93187516E-01	1.01570030E-02	8.80321339E-02
-1.11202871E+00	1.19580454E+00	9.99556775E-03	8.55978156E-02
-6.65136619E-01	1.45423295E+00	9.84713659E-03	8.33045928E-02
-1.62037704E-01	1.53454811E+00	9.71017955E-03	8.11399103E-02
3.25932741E-01	1.42966614E+00	9.58339679E-03	7.90927188E-02
7.30246741E-01	1.16046084E+00	9.46567686E-03	7.71532472E-02
9.95780435E-01	7.72536175E-01	9.35606365E-03	7.53128171E-02
1.08935435E+00	3.29144257E-01	9.25373025E-03	7.35636894E-02
1.00488401E+00	-9.86630630E-02	9.15795788E-03	7.18989370E-02
7.64329339E-01	-4.43129107E-01	9.06811878E-03	7.03123377E-02
4.14279232E-01	-6.50416739E-01	8.98366234E-03	6.87982848E-02
1.86822173E-02	-6.89112226E-01	8.90410367E-03	6.73517104E-02
-3.51168852E-01	-5.55280356E-01	8.82901410E-03	6.59680210E-02
-6.27861985E-01	-2.73269550E-01	8.75801331E-03	6.46430419E-02
-7.58572233E-01	1.07882766E-01	8.69076278E-03	6.33729693E-02
-7.13592012E-01	5.21917992E-01	8.62696022E-03	6.21543293E-02
-4.91355010E-01	8.95573320E-01	8.56633486E-03	6.09839421E-02
-1.19154065E-01	1.15999657E+00	8.50864355E-03	5.98588909E-02
3.50591883E-01	1.26161611E+00	8.45366725E-03	5.87764948E-02
8.47987741E-01	1.17079665E+00	8.40120824E-03	5.77342848E-02
1.29609531E+00	8.86939887E-01	8.35108752E-03	5.67299830E-02
1.62258608E+00	4.39221268E-01	8.30314273E-03	5.57614842E-02
1.77085663E+00	-1.17188404E-01	8.25722622E-03	5.48268394E-02
1.70892040E+00	-7.08886335E-01	8.21320348E-03	5.39242414E-02
1.43471574E+00	-1.25485164E+00	8.17095168E-03	5.30520118E-02
9.77001458E-01	-1.67834055E+00	8.13035846E-03	5.22085898E-02
3.91668472E-01	-1.91829305E+00	8.09132082E-03	5.13925213E-02
-2.46019028E-01	-1.93854549E+00	8.05374419E-03	5.06024501E-02
-8.52129954E-01	-1.73346254E+00	8.01754159E-03	4.98371096E-02
-1.34615398E+00	-1.32912880E+00	7.98263284E-03	4.90953148E-02
-1.66269312E+00	-7.79895322E-01	7.94894399E-03	4.83759556E-02
-1.76103203E+00	-1.60763038E-01	7.91640666E-03	4.76779902E-02
-1.63116970E+00	4.43299070E-01	7.88495762E-03	4.70004386E-02
-1.29541229E+00	9.49549222E-01	7.85453842E-03	4.63423758E-02
-8.05276503E-01	1.28940397E+00	7.82509538E-03	4.57029227E-02
-2.34139772E-01	1.41836341E+00	7.79658060E-03	4.50812318E-02
3.33304703E-01	1.32247955E+00	7.76895760E-03	4.44764512E-02
8.13263284E-01	1.02042001E+00	7.74223698E-03	4.38875973E-02
1.13495929E+00	5.60819131E-01	7.71690118E-03	4.33127726E-02
1.25089860E+00	1.52930091E-02	7.71195812E-03	4.27593582E-02
1.14379844E+00	-5.31878042E-01	7.66833033E-03	4.22228497E-02
8.29177728E-01	-9.95915241E-01	7.64326973E-03	4.16917349E-02
3.53233405E-01	-1.30380675E+00	7.61979027E-03	4.11753508E-02
-2.13694477E-01	-1.40491251E+00	7.59710692E-03	4.06721866E-02
-7.87134585E-01	-1.27838978E+00	7.57507810E-03	4.01815202E-02
-1.28054350E+00	-9.36378463E-01	7.55364615E-03	3.97028069E-02
-1.61769447E+00	-4.22492809E-01	7.53277472E-03	3.92355713E-02
-1.74363589E+00	1.94165407E-01	7.51243538E-03	3.87793773E-02
-1.63266781E+00	8.28622512E-01	7.49260366E-03	3.83338175E-02
-1.29221185E+00	1.39191756E+00	7.47325753E-03	3.78985077E-02
-7.62032728E-01	1.80358113E+00	7.45437673E-03	3.74730838E-02
-1.08925189E-01	2.00295654E+00	7.43594238E-03	3.70572003E-02
5.82384749E-01	1.95778119E+00	7.41793679E-03	3.66505281E-02
1.22084994E+00	1.66883562E+00	7.40034334E-03	3.62527539E-02
1.72160535E+00	1.17002117E+00	7.38314633E-03	3.58635788E-02
2.01763001E+00	5.23865161E-01	7.36633090E-03	3.54827176E-02
2.06895902E+00	-1.86914364E-01	7.34988302E-03	3.51098978E-02
1.86818352E+00	-8.70611797E-01	7.33378935E-03	3.47448589E-02
1.44149481E+00	-1.43895787E+00	7.31803725E-03	3.43873519E-02
8.45144788E-01	-1.81905876E+00	7.30261469E-03	3.40371385E-02
1.57822945E-01	-1.96322118E+00	7.28751026E-03	3.36939904E-02
-5.29995389E-01	-1.85533286E+00	7.27271308E-03	3.33576890E-02
-1.12826876E+00	-1.51294503E+00	7.25821278E-03	3.30280248E-02
-1.55951277E+00	-9.84792519E-01	7.24399950E-03	3.27047969E-02
-1.76918544E+00	-3.44106904E-01	7.23006382E-03	3.23878124E-02
-1.73293844E+00	3.21355185E-01	7.21639675E-03	3.20768865E-02
-1.45976892E+00	9.21209190E-01	7.20298972E-03	3.17718413E-02
-9.90663974E-01	1.37465428E+00	7.18983453E-03	3.14725063E-02
-3.92937251E-01	1.62135536E+00	7.17692333E-03	3.11787173E-02
2.48966236E-01	1.62953784E+00	7.16424863E-03	3.08903167E-02
8.44952442E-01	1.40021750E+00	7.15180324E-03	3.06071529E-02
1.31150285E+00	9.67008160E-01	7.13958030E-03	3.03290797E-02
1.58300316E+00	3.91541686E-01	7.12757321E-03	3.00559567E-02
1.62066217E+00	-2.44881630E-01	7.11577567E-03	2.97876486E-02
1.41783067E+00	-8.52294794E-01	7.10418160E-03	2.95240250E-02
1.00100951E+00	-1.34425032E+00	7.09278521E-03	2.92649603E-02
4.26407614E-01	-1.64956749E+00	7.08158090E-03	2.90103334E-02
-2.27500380E-01	-1.72207506E+00	7.07056332E-03	2.87600275E-02
-8.70438249E-01	-1.54704688E+00	7.05972731E-03	2.85139299E-02
-1.41243432E+00	-1.14346206E+00	7.04906792E-03	2.82719319E-02
-1.77596908E+00	-5.61769002E-01	7.03858039E-03	2.80339286E-02
-1.90655154E+00	1.22575599E-01	7.02826012E-03	2.77998185E-02
-1.78031044E+00	8.18963979E-01	7.01810272E-03	2.75695037E-02
-1.40757053E+00	1.43360927E+00	7.00810392E-03	2.73428897E-02
-8.31905241E-01	1.88206295E+00	6.99825962E-03	2.71198850E-02
-1.24748935E-01	2.10062336E+00	6.98856589E-03	2.69004012E-02
6.23763016E-01	2.05511154E+00	6.97901892E-03	2.66843526E-02
1.31655325E+00	1.74582116E+00	6.96961503E-03	2.64716568E-02
1.86243157E+00	1.20794072E+00	6.96035067E-03	2.62622334E-02
2.18830456E+00	5.07334478E-01	6.95122244E-03	2.60560052E-02
2.24913520E+00	-2.67818962E-01	6.94222702E-03	2.58528970E-02
2.03429597E+00	-1.01847659E+00	6.93336123E-03	2.56528361E-02
1.56941634E+00	-1.64778959E+00	6.92462198E-03	2.54557521E-02
9.13408846E-01	-2.07405328E+00	6.91600629E-03	2.52615769E-02
1.50994168E-01	-2.24181592E+00	6.90751129E-03	2.50702443E-02
-6.18348659E-01	-2.12962812E+00	6.89913417E-03	2.48816902E-02
-1.29358562E+00	-1.75333495E+00	6.89087225E-03	2.46958524E-02
-1.78574713E+00	-1.16438813E+00	6.88272290E-03	2.45126706E-02
-2.03013453E+00	-4.43313653E-01	6.87468362E-03	2.43320863E-02
-1.99543631E+00	3.10874772E-01	6.86675193E-03	2.41540427E-02
-1.68845695E+00	9.93961739E-01	6.85892548E-03	2.39784847E-02
-1.15372575E+00	1.51076487E+00	6.85120196E-03	2.38053588E-02
-4.67930771E-01	1.78839817E+00	6.84357915E-03	2.36346130E-02
2.70174351E-01	1.78673007E+00	6.83605487E-03	2.34661968E-02
9.53109252E-01	1.50454009E+00	6.82862705E-03	2.33000611E-02
1.47949381E+00	9.80428645E-01	6.82129363E-03	2.31361584E-02
1.76835637E+00	2.88230201E-01	6.81405266E-03	2.29744422E-02
1.77093518E+00	-4.72570863E-01	6.80690221E-03	2.28148676E-02
1.47827750E+00	-1.19022010E+00	6.79984042E-03	2.26573906E-02
9.23475713E-01	-1.75610966E+00	6.79286548E-03	2.25019689E-02
1.78090844E-01	-2.08014258E+00	6.78597565E-03	2.23485608E-02
-6.56891751E-01	-2.10390460E+00	6.77916920E-03	2.21971261E-02
-1.46445898E+00	-1.80974834E+00	6.77244450E-03	2.20476256E-02
-2.12756518E+00	-1.22441135E+00	6.76579992E-03	2.19000211E-02
-2.54555901E+00	-4.16513641E-01	6.75923390E-03	2.17542753E-02
-2.64875312E+00	5.11881167E-01	6.75274491E-03	2.16103521E-02
-2.40904257E+00	1.43861940E+00	6.74633147E-03	2.14682162E-02
-1.84497340E+00	2.23798398E+00	6.73999213E-03	2.13278333E-02
-1.02039826E+00	2.79815654E+00	6.73372550E-03	2.11891700E-02
-3.67355938E-02	3.03718178E+00	6.72753020E-03	2.10521935E-02
9.80247500E-01	2.91514361E+00	6.72140491E-03	2.09168722E-02
1.89740810E+00	2.44073431E+00	6.71534832E-03	2.07831751E-02
2.59265554E+00	1.67114117E+00	6.70935918E-03	2.06510720E-02
2.97226430E+00	7.05093829E-01	6.70343625E-03	2.05205334E-02
2.98458912E+00	-3.30117532E-01	6.69757833E-03	2.03915306E-02
2.62814479E+00	-1.29596253E+00	6.69178426E-03	2.02640356E-02
1.95276096E+00	-2.06197574E+00	6.68605289E-03	2.01380211E-02
1.05347652E+00	-2.52434694E+00	6.68038311E-03	2.00134605E-02
5.78665650E-02	-2.62112783E+00	6.67477384E-03	1.98903277E-02
-8.91547180E-01	-2.34180140E+00	6.66922403E-03	1.97685972E-02
-1.65740470E+00	-1.72970947E+00	6.66373263E-03	1.96482444E-02
-2.12731462E+00	-8.76820162E-01	6.65829865E-03	1.95292451E-02
-2.23051132E+00	8.85962968E-02	6.65292110E-03	1.94115755E-02
-1.94889547E+00	1.01978095E+00	6.64759903E-03	1.92952126E-02
-1.32073828E+00	1.77235686E+00	6.64233149E-03	1.91801340E-02
-4.36343999E-01	2.22532506E+00	6.63711757E-03	1.90663174E-02
5.73892442E-01	2.29916424E+00	6.63195638E-03	1.89537415E-02
1.55748846E+00	1.96835796E+00	6.62684705E-03	1.88423852E-02
2.36148151E+00	1.26641340E+00	6.62178872E-03	1.87322280E-02
2.85460722E+00	2.82475046E-01	6.61678056E-03	1.86232498E-02
2.94686078E+00	-8.50170002E-01	6.61182177E-03	1.85154308E-02
2.60355967E+00	-1.97221961E+00	6.60691153E-03	1.84087521E-02
1.85175591E+00	-2.92064915E+00	6.60204908E-03	1.83031947E-02
7.77904621E-01	-3.55204419E+00	6.59723366E-03	1.81987404E-02
-4.83063337E-01	-3.76363012E+00	6.59246451E-03	1.80953711E-02
-1.76587023E+00	-3.50891713E+00	6.58774092E-03	1.79930693E-02
-2.89775653E+00	-2.80559414E+00	6.58306217E-03	1.78918178E-02
-3.72288143E+00	-1.73437805E+00	6.57842757E-03	1.77915999E-02
-4.12477203E+00	-4.28807934E-01	6.57383644E-03	1.76923990E-02
-4.04354975E+00	9.42716051E-01	6.56928811E-03	1.75941991E-02
-3.48535639E+00	2.20020275E+00	6.56478192E-03	1.74969844E-02
-2.52248430E+00	3.17738955E+00	6.56031724E-03	1.74007395E-02
-1.28403401E+00	3.74549764E+00	6.55589345E-03	1.73054492E-02
6.17091013E-02	3.83197336E+00	6.55150992E-03	1.72110988E-02
1.33076899E+00	3.43143486E+00	6.54716607E-03	1.71176738E-02
2.34954476E+00	2.60712677E+00	6.54286131E-03	1.70251600E-02
2.97972538E+00	1.48253399E+00	6.53859506E-03	1.69335436E-02
3.13844088E+00	2.24225466E-01	6.53436675E-03	1.68428108E-02
2.81067516E+00	-9.81714822E-01	6.53017584E-03	1.67529485E-02
2.05204448E+00	-1.95635064E+00	6.52602179E-03	1.66639434E-02
9.81415821E-01	-2.55383705E+00	6.52190406E-03	1.65757829E-02
-2.35695661E-01	-2.68288594E+00	6.51782214E-03	1.64884543E-02
-1.41066268E+00	-2.32059556E+00	6.51377551E-03	1.64019454E-02
-2.35889533E+00	-1.51655348E+00	6.50976368E-03	1.63162441E-02
-2.92672106E+00	-3.86506885E-01	6.50578616E-03	1.62313387E-02
-3.01410662E+00	9.03602962E-01	6.50184247E-03	1.61472174E-02
-2.58989314E+00	2.16104088E+00	6.49793213E-03	1.60638690E-02
-1.69726406E+00	3.19381171E+00	6.49405469E-03	1.59812823E-02
-4.48556669E-01	3.83839577E+00	6.49020970E-03	1.58994464E-02
9.89938892E-01	3.98368649E+00	6.48639670E-03	1.58183506E-02
2.42109534E+00	3.58764414E+00	6.48261527E-03	1.57379844E-02
3.64471864E+00	2.68420260E+00	6.47886497E-03	1.56583374E-02
4.48601465E+00	1.37935506E+00	6.47514540E-03	1.55793996E-02
4.82066357E+00	-1.63100678E-01	6.47145612E-03	1.55011610E-02
4.59287587E+00	-1.74418034E+00	6.46779674E-03	1.54236118E-02
3.82379366E+00	-3.15749902E+00	6.46416687E-03	1.53467426E-02
2.60897972E+00	-4.21826577E+00	6.46056612E-03	1.52705439E-02
1.10530336E+00	-4.78933461E+00	6.45699409E-03	1.51950066E-02
-4.90937812E-01	-4.80056641E+00	6.45345042E-03	1.51201215E-02
-1.97155222E+00	-4.25870688E+00	6.44993474E-03	1.50458799E-02
-3.14571295E+00	-3.24634400E+00	6.44644668E-03	1.49722730E-02
-3.86675212E+00	-1.91007789E+00	6.44298589E-03	1.48992922E-02
-4.05265104E+00	-4.39589667E-01	6.43955202E-03	1.48269292E-02
-3.69729048E+00	9.59392624E-01	6.43614473E-03	1.47551756E-02
-2.87085476E+00	2.09435358E+00	6.43276367E-03	1.46840235E-02
-1.70934544E+00	2.81327950E+00	6.42940853E-03	1.46134648E-02
-3.94727516E-01	3.02606868E+00	6.42607896E-03	1.45434917E-02
8.71423209E-01	2.71700705E+00	6.42277466E-03	1.44740966E-02
1.89697390E+00	1.94654550E+00	6.41949530E-03	1.44052719E-02
2.52681394E+00	8.42159177E-01	6.41624059E-03	1.43370101E-02
2.66500959E+00	-4.20359541E-01	6.41301020E-03	1.42693041E-02
2.28837926E+00	-1.64245207E+00	6.40980386E-03	1.42021465E-02
1.44958191E+00	-2.63149425E+00	6.40662125E-03	1.41355305E-02
2.69327992E-01	-3.22851732E+00	6.40346210E-03	1.40694491E-02
-1.08111299E+00	-3.33098352E+00	6.40032611E-03	1.40038954E-02
-2.40454718E+00	-2.90738440E+00	6.39721302E-03	1.39388629E-02
-3.50606390E+00	-2.00162544E+00	6.39412253E-03	1.38743449E-02
-4.22075963E+00	-7.26640573E-01	6.39105440E-03	1.38103349E-02
-4.43702291E+00	7.51770593E-01	6.38800834E-03	1.37468267E-02
-4.11209456E+00	2.23849732E+00	6.38498410E-03	1.36838140E-02
-3.27775420E+00	3.53664098E+00	6.38198142E-03	1.36212906E-02
-2.03541902E+00	4.47504967E+00	6.37900004E-03	1.35592505E-02
-5.41463579E-01	4.93194698E+00	6.37603972E-03	1.34976878E-02
1.01504103E+00	4.85134082E+00	6.37310022E-03	1.34365966E-02
2.43891297E+00	4.24997078E+00	6.37018129E-03	1.33759712E-02
3.55593868E+00	3.21393352E+00	6.36728269E-03	1.33158059E-02
4.23659541E+00	1.88561257E+00	6.36440419E-03	1.32560951E-02
4.41310290E+00	4.42914604E-01	6.36154556E-03	1.31968335E-02
4.08749354E+00	-9.26117587E-01	6.35870658E-03	1.31380155E-02
3.32970996E+00	-2.04963453E+00	6.35588702E-03	1.30796360E-02
2.26618015E+00	-2.79549878E+00	6.35308665E-03	1.30216897E-02
1.06067170E+00	-3.08870760E+00	6.35030528E-03	1.29641714E-02
-1.09703910E-01	-2.92036554E+00	6.34754268E-03	1.29070761E-02
-1.07982844E+00	-2.34710496E+00	6.34479864E-03	1.28503989E-02
-1.71962556E+00	-1.48123838E+00	6.34207296E-03	1.27941348E-02
-1.95159281E+00	-4.73244990E-01	6.33936544E-03	1.27382791E-02
-1.76044550E+00	5.10746025E-01	6.33667586E-03	1.26828269E-02
-1.19368003E+00	1.31315624E+00	6.33400405E-03	1.26277737E-02
-3.53188305E-01	1.80735846E+00	6.33134980E-03	1.25731148E-02
6.20670051E-01	1.91513081E+00	6.32871292E-03	1.25188457E-02
1.57008759E+00	1.61679993E+00	6.32609322E-03	1.24649620E-02
2.34280404E+00	9.52810999E-01	6.32349052E-03	1.24114592E-02
2.81375620E+00	1.67175262E-02	6.32090464E-03	1.23583331E-02
2.90234074E+00	-1.05919121E+00	6.31833539E-03	1.23055794E-02
2.58295447E+00	-2.12338988E+00	6.31578260E-03	1.22531938E-02
1.88749936E+00	-3.02683891E+00	6.31324609E-03	1.22011724E-02
8.99721259E-01	-3.64378859E+00	6.31072569E-03	1.21495109E-02
-2.57581472E-01	-3.88874737E+00	6.30822122E-03	1.20982054E-02
-1.44045950E+00	-3.72732978E+00	6.30573253E-03	1.20472520E-02
-2.50413914E+00	-3.17964008E+00	6.30325945E-03	1.19966467E-02
-3.32282950E+00	-2.31595262E+00	6.30080181E-03	1.19463857E-02
-3.80623557E+00	-1.24555225E+00	6.29835945E-03	1.18964653E-02
-3.91056480E+00	-1.00541616E-01	6.29593222E-03	1.18468817E-02
-3.64267392E+00	9.82925779E-01	6.29351996E-03	1.17976313E-02
-3.05702596E+00	1.88325022E+00	6.29112251E-03	1.17487105E-02
-2.24616139E+00	2.50921586E+00	6.28873972E-03	1.17001156E-02
-1.32628189E+00	2.81092747E+00	6.28637145E-03	1.16518432E-02
-4.20177424E-01	2.78451364E+00	6.28401754E-03	1.16038898E-02
3.59984492E-01	2.47019625E+00	6.28167786E-03	1.15562520E-02
9.27573058E-01	1.94428594E+00	6.27935225E-03	1.15089265E-02
1.23210718E+00	1.30650427E+00	6.27704057E-03	1.14619099E-02
1.26426170E+00	6.64637543E-01	6.27474269E-03	1.14151990E-02
1.05481784E+00	1.18818882E-01	6.27245847E-03	1.13687906E-02
6.67991990E-01	-2.52316011E-01	6.27018777E-03	1.13226814E-02
1.90358835E-01	-4.01724625E-01	6.26793046E-03	1.12768683E-02
-2.82844459E-01	-3.19053279E-01	6.26568641E-03	1.12313483E-02
-6.61958009E-01	-3.02544171E-02	6.26345548E-03	1.11861184E-02
-8.75632015E-01	4.07947412E-01	6.26123754E-03	1.11411754E-02
-8.80318873E-01	9.17694910E-01	6.25903248E-03	1.10965165E-02
-6.65341464E-01	1.41216395E+00	6.25684015E-03	1.10521386E-02
-2.53046999E-01	1.80839852E+00	6.25466045E-03	1.10080391E-02
3.05717281E-01	2.03895972E+00	6.25249325E-03	1.09642149E-02
9.39915872E-01	2.06080312E+00	6.25033842E-03	1.09206633E-02
1.56904292E+00	1.86028094E+00	6.24819585E-03	1.08773816E-02
2.11460001E+00	1.45377992E+00	6.24606543E-03	1.08343670E-02
2.51067464E+00	8.84155141E-01	6.24394702E-03	1.07916168E-02
2.71218603E+00	2.13708553E-01	6.24184053E-03	1.07491283E-02
2.69978426E+00	-4.85092949E-01	6.23974584E-03	1.07068990E-02
2.48092723E+00	-1.13971879E+00	6.23766283E-03	1.06649263E-02
2.08723382E+00	-1.68703022E+00	6.23559140E-03	1.06232075E-02
1.56873415E+00	-2.08081371E+00	6.23353144E-03	1.05817402E-02
9.86036162E-01	-2.29647598E+00	6.23148283E-03	1.05405220E-02
4.01652356E-01	-2.33245206E+00	6.22944548E-03	1.04995503E-02
-1.28240042E-01	-2.20837746E+00	6.22741928E-03	1.04588227E-02
-5.60488925E-01	-1.96053251E+00	6.22540413E-03	1.04183369E-02
-8.69297081E-01	-1.63541592E+00	6.22339992E-03	1.03780904E-02
-1.04778253E+00	-1.28250406E+00	6.22140655E-03	1.03380811E-02
-1.10678895E+00	-9.47282466E-01	6.21942393E-03	1.02983065E-02
-1.07135740E+00	-6.65506040E-01	6.21745195E-03	1.02587644E-02
-9.75570383E-01	-4.59386052E-01	6.21549053E-03	1.02194525E-02
-8.56649890E-01	-3.36063337E-01	6.21353955E-03	1.01803688E-02
-7.49218013E-01	-2.88365569E-01	6.21159893E-03	1.01415108E-02
-6.80520253E-01	-2.97517533E-01	6.20966858E-03	1.01028767E-02
-6.67195569E-01	-3.37223245E-01	6.20774840E-03	1.00644641E-02
-7.13895717E-01	-3.78398046E-01	6.20583830E-03	1.00262710E-02
-8.13757813E-01	-3.93808339E-01	6.20393819E-03	9.98829531E-03
-9.50465023E-01	-3.61968180E-01	6.20204798E-03	9.95053502E-03
-1.10142871E+00	-2.69820511E-01	6.20016758E-03	9.91298809E-03
-1.24151513E+00	-1.13960480E-01	6.19829691E-03	9.87565252E-03
-1.34672811E+00	9.96015267E-02	6.19643588E-03	9.83852633E-03
-1.39733745E+00	3.56926994E-01	6.19458440E-03	9.80160759E-03
-1.38008840E+00	6.38521338E-01	6.19274240E-03	9.76489436E-03
-1.28931022E+00	9.22145882E-01	6.19090978E-03	9.72838476E-03
-1.12692835E+00	1.18562352E+00	6.18908647E-03	9.69207690E-03
-9.01543947E-01	1.40925979E+00	6.18727238E-03	9.65596893E-03
-6.26855625E-01	1.57761820E+00	6.18546744E-03	9.62005902E-03
-3.19747815E-01	1.68052878E+00	6.18367157E-03	9.58434537E-03
1.64027029E-03	1.71334592E+00	6.18188468E-03	9.54882617E-03
3.19611733E-01	1.67658164E+00	6.18010671E-03	9.51349968E-03
6.18214228E-01	1.57510874E+00	6.17833756E-03	9.47836415E-03
8.84088927E-01	1.41714905E+00	6.17657718E-03	9.44341785E-03
1.10689944E+00	1.21323779E+00	6.17482548E-03	9.40865908E-03
1.27943838E+00	9.75299274E-01	6.17308238E-03	9.37408616E-03
1.39753749E+00	7.15897182E-01	6.17134783E-03	9.33969743E-03
1.45989865E+00	4.47653314E-01	6.16962174E-03	9.30549124E-03
1.46792477E+00	1.82778022E-01	6.16790404E-03	9.27146598E-03
1.42557514E+00	-6.73668963E-02	6.16619466E-03	9.23762003E-03
1.33921441E+00	-2.92742331E-01	6.16449354E-03	9.20395182E-03
1.21738374E+00	-4.85175506E-01	6.16280060E-03	9.17045977E-03
1.07040840E+00	-6.38951919E-01	6.16111577E-03	9.13714234E-03
9.09771723E-01	-7.51378646E-01	6.15943899E-03	9.10399800E-03
7.47230801E-01	-8.23199708E-01	6.15777020E-03	9.07102524E-03
5.93713380E-01	-8.58727944E-01	6.15610931E-03	9.03822255E-03
4.58105394E-01	-8.65574976E-01	6.15445628E-03	9.00558847E-03
3.46097409E-01	-8.53911793E-01	6.15281103E-03	8.97312152E-03
2.59291125E-01	-8.35269869E-01	6.15117351E-03	8.94082028E-03
1.94763102E-01	-8.20983266E-01	6.14954364E-03	8.90868330E-03
1.45237990E-01	-8.20458315E-01	6.14792137E-03	8.87670919E-03
9.99417469E-02	-8.39521370E-01	6.14630663E-03	8.84489653E-03
4.60980767E-02	-8.79121406E-01	6.14469936E-03	8.81324396E-03
-2.90838819E-02	-9.34643764E-01	6.14309951E-03	8.78175010E-03
-1.36185360E-01	-9.96022704E-01	6.14150701E-03	8.75041362E-03
-2.81442531E-01	-1.04873120E+00	6.13992180E-03	8.71923317E-03
-4.65047889E-01	-1.07559186E+00	6.13834383E-03	8.68820744E-03
-6.80203158E-01	-1.05921397E+00	6.13677303E-03	8.65733512E-03
-9.13149977E-01	-9.84741936E-01	6.13520935E-03	8.62661492E-03
-1.14427125E+00	-8.42520980E-01	6.13365274E-03	8.59604558E-03
-1.35019649E+00	-6.30263544E-01	6.13210313E-03	8.56562582E-03
-1.50668288E+00	-3.54341925E-01	6.13056047E-03	8.53535440E-03
-1.59190565E+00	-2.99370137E-02	6.12902471E-03	8.50523008E-03
-1.58970122E+00	3.20073068E-01	6.12749579E-03	8.47525165E-03
-1.49228027E+00	6.67418207E-01	6.12597366E-03	8.44541790E-03
-1.30197447E+00	9.81685302E-01	6.12445827E-03	8.41572764E-03
-1.03169649E+00	1.23410381E+00	6.12294955E-03	8.38617968E-03
-7.03963446E-01	1.40135604E+00	6.12144747E-03	8.35677286E-03
-3.48537214E-01	1.46886690E+00	6.11995196E-03	8.32750602E-03
1.05991778E-03	1.43307382E+00	6.11846298E-03	8.29837802E-03
3.11718189E-01	1.30230014E+00	6.11698048E-03	8.26938773E-03
5.55044400E-01	1.09603885E+00	6.11550441E-03	8.24053403E-03
7.11194395E-01	8.42674478E-01	6.11403471E-03	8.21181581E-03
7.71672210E-01	5.75896307E-01	6.11257134E-03	8.18323199E-03
7.40658389E-01	3.30255258E-01	6.11111425E-03	8.15478147E-03
6.34622504E-01	1.36457144E-01	6.10966339E-03	8.12646318E-03
4.80210062E-01	1.70460641E-02	6.10821872E-03	8.09827607E-03
3.10639215E-01	-1.68993263E-02	6.10678018E-03	8.07021908E-03
1.61062758E-01	3.24448861E-02	6.10534773E-03	8.04229118E-03
6.35135714E-02	1.49677755E-01	6.10392133E-03	8.01449134E-03
4.21317809E-02	3.08080640E-01	6.10250093E-03	7.98681855E-03
1.09355661E-01	4.73196984E-01	6.10108648E-03	7.95927179E-03
2.63645314E-01	6.07638014E-01	6.09967794E-03	7.93185007E-03
4.89111629E-01	6.76481076E-01	6.09827526E-03	7.90455241E-03
7.57168413E-01	6.52524008E-01	6.09687841E-03	7.87737784E-03
1.03004712E+00	5.20655530E-01	6.09548733E-03	7.85032538E-03
1.26574941E+00	2.80701129E-01	6.09410198E-03	7.82339409E-03
1.42380013E+00	-5.17049183E-02	6.09272233E-03	7.79658301E-03
1.47103260E+00	-4.46412072E-01	6.09134833E-03	7.76989121E-03
1.38661007E+00	-8.62109218E-01	6.08997993E-03	7.74331777E-03
1.16556677E+00	-1.25135595E+00	6.08861710E-03	7.71686177E-03
8.20332915E-01	-1.56666086E+00	6.08725980E-03	7.69052231E-03
3.79965754E-01	-1.76681635E+00	6.08590798E-03	7.66429847E-03
-1.12888091E-01	-1.82264069E+00	6.08456160E-03	7.63818939E-03
-6.06965966E-01	-1.72133228E+00	6.08322063E-03	7.61219416E-03
-1.04869424E+00	-1.46880491E+00	6.08188503E-03	7.58631194E-03
-1.38902384E+00	-1.08962475E+00	6.08055475E-03	7.56054184E-03
-1.58990029E+00	-6.24481060E-01	6.07922976E-03	7.53488302E-03
-1.62949450E+00	-1.25449917E-01	6.07791001E-03	7.50933464E-03
-1.50546088E+00	3.50387041E-01	6.07659548E-03	7.48389585E-03
-1.23573034E+00	7.48171360E-01	6.07528613E-03	7.45856582E-03
-8.56659940E-01	1.02241056E+00	6.07398191E-03	7.43334375E-03
-4.18706811E-01	1.14308584E+00	6.07268279E-03	7.40822880E-03
1.98722238E-02	1.09988548E+00	6.07138873E-03	7.38322019E-03
4.00517531E-01	9.03949094E-01	6.07009970E-03	7.35831711E-03
6.72100777E-01	5.86820071E-01	6.06881566E-03	7.33351877E-03
7.97877535E-01	1.96664956E-01	6.06753657E-03	7.30882440E-03
7.60713259E-01	-2.07817533E-01	6.06626241E-03	7.28423322E-03
5.65838358E-01	-5.65056138E-01	6.06499313E-03	7.25974446E-03
2.40693479E-01	-8.18863457E-01	6.06372871E-03	7.23535736E-03
-1.68201176E-01	-9.26208617E-01	6.06246910E-03	7.21107118E-03
-6.01025869E-01	-8.63456838E-01	6.06121427E-03	7.18688517E-03
-9.92402218E-01	-6.30197495E-01	6.05996419E-03	7.16279860E-03
-1.28012455E+00	-2.50074975E-01	6.05871883E-03	7.13881072E-03
-1.41374897E+00	2.31583814E-01	6.05747815E-03	7.11492083E-03
-1.36188984E+00	7.53132329E-01	6.05624212E-03	7.09112820E-03
-1.11720805E+00	1.24434024E+00	6.05501071E-03	7.06743213E-03
-6.98349111E-01	1.63554901E+00	6.05378389E-03	7.04383191E-03
-1.48470174E-01	1.86707349E+00	6.05256162E-03	7.02032685E-03
4.69562485E-01	1.89760417E+00	6.05134387E-03	6.99691626E-03
1.08077839E+00	1.71045578E+00	6.05013061E-03	6.97359945E-03
1.60759171E+00	1.31675625E+00	6.04892182E-03	6.95037575E-03
1.97997377E+00	7.55047059E-01	6.04771745E-03	6.92724449E-03
2.14497697E+00	8.72266152E-02	6.04651749E-03	6.90420501E-03
2.07431993E+00	-6.08746155E-01	6.04532189E-03	6.88125665E-03
1.76895846E+00	-1.24852443E+00	6.04413063E-03	6.85839875E-03
1.25993414E+00	-1.75221243E+00	6.04294368E-03	6.83563068E-03
6.05265649E-01	-2.05496467E+00	6.04176101E-03	6.81295178E-03
-1.16829976E-01	-2.11592519E+00	6.04058260E-03	6.79036144E-03
-8.17598647E-01	-1.92426208E+00	6.03940840E-03	6.76785902E-03
-1.40909358E+00	-1.50140172E+00	6.03823840E-03	6.74544389E-03
-1.81573920E+00	-8.99048038E-01	6.03707257E-03	6.72311545E-03
-1.98457532E+00	-1.93125115E-01	6.03591087E-03	6.70087309E-03
-1.89277179E+00	5.25666333E-01	6.03475328E-03	6.67871619E-03
-1.55132785E+00	1.16351110E+00	6.03359978E-03	6.65664415E-03
-1.00435166E+00	1.63585848E+00	6.03245032E-03	6.63465640E-03
-3.23893644E-01	1.87887495E+00	6.03130490E-03	6.61275232E-03
3.99092632E-01	1.85840423E+00	6.03016348E-03	6.59093136E-03
1.06654843E+00	1.57516038E+00	6.02902603E-03	6.56919291E-03
1.58634756E+00	1.06535362E+00	6.02789253E-03	6.54753642E-03
1.88484436E+00	3.96545150E-01	6.02676295E-03	6.52596131E-03
1.91722159E+00	-3.40830554E-01	6.02563726E-03	6.50446702E-03
1.67418035E+00	-1.04523697E+00	6.02451545E-03	6.48305299E-03
1.18397335E+00	-1.61758593E+00	6.02339748E-03	6.46171867E-03
5.09390663E-01	-1.97477082E+00	6.02228333E-03	6.44046352E-03
-2.60014952E-01	-2.06134278E+00	6.02117297E-03	6.41928699E-03
-1.01951968E+00	-1.85769708E+00	6.02006638E-03	6.39818853E-03
-1.66314924E+00	-1.38357273E+00	6.01896354E-03	6.37716763E-03
-2.09808666E+00	-6.96280124E-01	6.01786441E-03	6.35622375E-03
-2.25761502E+00	1.16222315E-01	6.01676898E-03	6.33535636E-03
-2.11079846E+00	9.46573975E-01	6.01567722E-03	6.31456494E-03
-1.66751024E+00	1.68214192E+00	6.01458911E-03	6.29384899E-03
-9.78022931E-01	2.22017003E+00	6.01350462E-03	6.27320799E-03
-1.27103785E-01	2.48190317E+00	6.01242374E-03	6.25264143E-03
7.76690654E-01	2.42374030E+00	6.01134643E-03	6.23214882E-03
1.61515476E+00	2.04383835E+00	6.01027267E-03	6.21172965E-03
2.27614599E+00	1.38318148E+00	6.00920245E-03	6.19138344E-03
2.66875604E+00	5.20870594E-01	6.00813573E-03	6.17110968E-03
2.73586438E+00	-4.35824078E-01	6.00707250E-03	6.15090791E-03
2.46232098E+00	-1.36537741E+00	6.00601273E-03	6.13077764E-03
1.87757609E+00	-2.14805596E+00	6.00495640E-03	6.11071839E-03
1.05231800E+00	-2.68194125E+00	6.00390350E-03	6.09072969E-03
8.94956968E-02	-2.89674578E+00	6.00285399E-03	6.07081107E-03
-8.89121137E-01	-2.76351073E+00	6.00180785E-03	6.05096207E-03
-1.75906460E+00	-2.29881476E+00	6.00076508E-03	6.03118223E-03
-2.40980365E+00	-1.56286047E+00	5.99972563E-03	6.01147109E-03
-2.75962690E+00	-6.51638973E-01	5.99868950E-03	5.99182819E-03
-2.76672521E+00	3.15811493E-01	5.99765665E-03	5.97225310E-03
-2.43492912E+00	1.21335237E+00	5.99662708E-03	5.95274536E-03
-1.81327691E+00	1.92474103E+00	5.99560076E-03	5.93330454E-03
-9.89431572E-01	2.35935858E+00	5.99457766E-03	5.91393019E-03
-7.78111854E-02	2.46450860E+00	5.99355778E-03	5.89462188E-03
7.95969232E-01	2.23258455E+00	5.99254108E-03	5.87537919E-03
1.51222906E+00	1.70209946E+00	5.99152756E-03	5.85620168E-03
1.97358356E+00	9.52412122E-01	5.99051718E-03	5.83708893E-03
2.11828792E+00	9.28515638E-02	5.98950993E-03	5.81804053E-03
1.92872352E+00	-7.52283782E-01	5.98850579E-03	5.79905605E-03
1.43384953E+00	-1.46080263E+00	5.98750475E-03	5.78013509E-03
7.05271832E-01	-1.92943208E+00	5.98650677E-03	5.76127722E-03
-1.52539823E-01	-2.08805476E+00	5.98551185E-03	5.74248206E-03
-1.01654815E+00	-1.90941491E+00	5.98451996E-03	5.72374919E-03
-1.76199744E+00	-1.41295977E+00	5.98353108E-03	5.70507821E-03
-2.27950301E+00	-6.62290794E-01	5.98254520E-03	5.68646874E-03
-2.49003745E+00	2.43420329E-01	5.98156230E-03	5.66792037E-03
-2.35576311E+00	1.18286522E+00	5.98058236E-03	5.64943272E-03
-1.88523700E+00	2.02903156E+00	5.97960536E-03	5.63100539E-03
-1.13229265E+00	2.66637765E+00	5.97863129E-03	5.61263801E-03
-1.88776030E-01	3.00639792E+00	5.97766011E-03	5.59433020E-03
8.27843344E-01	2.99946070E+00	5.97669183E-03	5.57608157E-03
1.79026637E+00	2.64132346E+00	5.97572642E-03	5.55789176E-03
2.57838686E+00	1.97347189E+00	5.97476385E-03	5.53976039E-03
3.09521307E+00	1.07728349E+00	5.97380413E-03	5.52168710E-03
3.27952874E+00	6.28637790E-02	5.97284722E-03	5.50367151E-03
3.11360111E+00	-9.45873128E-01	5.97189311E-03	5.48571327E-03
2.62493937E+00	-1.82780846E+00	5.97094179E-03	5.46781201E-03
1.88193421E+00	-2.48062732E+00	5.96999323E-03	5.44996738E-03
9.84049607E-01	-2.83406023E+00	5.96904743E-03	5.43217903E-03
4.79771722E-02	-2.85859284E+00	5.96810435E-03	5.41444660E-03
-8.08302333E-01	-2.56852369E+00	5.96716400E-03	5.39676974E-03
-1.48134625E+00	-2.01904121E+00	5.96622634E-03	5.37914811E-03
-1.89581022E+00	-1.29781559E+00	5.96529137E-03	5.36158137E-03
-2.01393032E+00	-5.12345872E-01	5.96435907E-03	5.34406918E-03
-1.83970503E+00	2.25136103E-01	5.96342943E-03	5.32661119E-03
-1.41730267E+00	8.13098829E-01	5.96250241E-03	5.30920707E-03
-8.24019942E-01	1.17436667E+00	5.96157802E-03	5.29185649E-03
-1.58858509E-01	1.26616560E+00	5.96065624E-03	5.27455912E-03
4.71633332E-01	1.08525650E+00	5.95973704E-03	5.25731464E-03
9.68263930E-01	6.67552002E-01	5.95882042E-03	5.24012271E-03
1.25279463E+00	8.23807622E-02	5.95790636E-03	5.22298301E-03
1.27839852E+00	-5.77707492E-01	5.95699485E-03	5.20589523E-03
1.03561908E+00	-1.21011140E+00	5.95608586E-03	5.18885905E-03
5.53111149E-01	-1.71646260E+00	5.95517939E-03	5.17187415E-03
-1.06824061E-01	-2.01605532E+00	5.95427541E-03	5.15494022E-03
-8.57188091E-01	-2.05661256E+00	5.95337392E-03	5.13805695E-03
-1.59840156E+00	-1.82098621E+00	5.95247490E-03	5.12122402E-03
-2.23187131E+00	-1.32897643E+00	5.95157834E-03	5.10444115E-03
-2.67313688E+00	-6.34140151E-01	5.95068421E-03	5.08770801E-03
-2.86283011E+00	1.83856797E-01	5.94979252E-03	5.07102431E-03
-2.77402473E+00	1.03019891E+00	5.94890323E-03	5.05438976E-03
-2.41508128E+00	1.80762818E+00	5.94801635E-03	5.03780405E-03
-1.82772806E+00	2.42914262E+00	5.94713184E-03	5.02126689E-03
-1.08077076E+00	2.82898090E+00	5.94624971E-03	5.00477799E-03
-2.60403641E-01	2.97047014E+00	5.94536994E-03	4.98833706E-03
5.41475693E-01	2.84978031E+00	5.94449250E-03	4.97194381E-03
1.23931942E+00	2.49521172E+00	5.94361740E-03	4.95559796E-03
1.76472430E+00	1.96225610E+00	5.94274461E-03	4.93929921E-03
2.07456446E+00	1.32523417E+00	5.94187413E-03	4.92304730E-03
2.15546364E+00	6.66747493E-01	5.94100593E-03	4.90684194E-03
2.02413540E+00	6.64350376E-02	5.94014001E-03	4.89068285E-03
1.72369252E+00	-4.09432466E-01	5.93927636E-03	4.87456975E-03
1.31656568E+00	-7.16153060E-01	5.93841495E-03	4.85850239E-03
8.75106169E-01	-8.35566513E-01	5.93755578E-03	4.84248047E-03
4.71220586E-01	-7.77247453E-01	5.93669883E-03	4.82650374E-03
1.66468459E-01	-5.75894484E-01	5.93584409E-03	4.81057193E-03
3.94048946E-03	-2.85403448E-01	5.93499155E-03	4.79468476E-03
2.94931980E-03	2.94587056E-02	5.93414120E-03	4.77884198E-03
1.57150471E-01	3.02573122E-01	5.93329302E-03	4.76304333E-03
4.36229172E-01	4.75857363E-01	5.93244700E-03	4.74728855E-03
7.90806077E-01	5.07262709E-01	5.93160313E-03	4.73157737E-03
1.15979600E+00	3.76350313E-01	5.93076139E-03	4.71590955E-03
1.47915222E+00	8.67752031E-02	5.92992178E-03	4.70028482E-03
1.69078057E+00	-3.34557185E-01	5.92908428E-03	4.68470294E-03
1.75042589E+00	-8.41445975E-01	5.92824888E-03	4.66916365E-03
1.63351054E+00	-1.37483874E+00	5.92741557E-03	4.65366671E-03
1.33821042E+00	-1.87083217E+00	5.92658433E-03	4.63821187E-03
8.85443672E-01	-2.26912191E+00	5.92575516E-03	4.62279888E-03
3.15865854E-01	-2.52077110E+00	5.92492804E-03	4.60742751E-03
-3.15642163E-01	-2.59429377E+00	5.92410296E-03	4.59209750E-03
-9.47193265E-01	-2.47930408E+00	5.92327991E-03	4.57680862E-03
-1.51782076E+00	-2.18732640E+00	5.92245888E-03	4.56156063E-03
-1.97505239E+00	-1.74974731E+00	5.92163985E-03	4.54635329E-03
-2.28115134E+00	-1.21326622E+00	5.92082282E-03	4.53118637E-03
-2.41724928E+00	-6.33517908E-01	5.92000777E-03	4.51605964E-03
-2.38489687E+00	-6.77592810E-02	5.91919470E-03	4.50097286E-03
-2.20490998E+00	4.32391970E-01	5.91838358E-03	4.48592580E-03
-1.91374786E+00	8.27215419E-01	5.91757442E-03	4.47091824E-03
-1.55797678E+00	1.09335035E+00	5.91676720E-03	4.45594994E-03
-1.18760805E+00	1.22592840E+00	5.91596191E-03	4.44102068E-03
-8.49226419E-01	1.23816308E+00	5.91515853E-03	4.42613025E-03
-5.79828585E-01	1.15852309E+00	5.91435706E-03	4.41127840E-03
-4.02175571E-01	1.02593224E+00	5.91355749E-03	4.39646493E-03
-3.22244173E-01	8.83689681E-01	5.91275980E-03	4.38168962E-03
-3.29072250E-01	7.72958670E-01	5.91196399E-03	4.36695225E-03
-3.96969074E-01	7.26713677E-01	5.91117005E-03	4.35225259E-03
-4.89747700E-01	7.64958740E-01	5.91037796E-03	4.33759044E-03
-5.66371909E-01	8.91848368E-01	5.90958771E-03	4.32296559E-03
-5.87229193E-01	1.09507962E+00	5.90879930E-03	4.30837781E-03
-5.20166192E-01	1.34761587E+00	5.90801271E-03	4.29382691E-03
-3.45462585E-01	1.61148943E+00	5.90722793E-03	4.27931266E-03
-5.90678193E-02	1.84315284E+00	5.90644496E-03	4.26483487E-03
3.26337841E-01	1.99964281E+00	5.90566378E-03	4.25039333E-03
7.82601903E-01	2.04471386E+00	5.90488439E-03	4.23598783E-03
1.26950875E+00	1.95410402E+00	5.90410677E-03	4.22161817E-03
1.73987968E+00	1.71921250E+00	5.90333091E-03	4.20728414E-03
2.14567518E+00	1.34868282E+00	5.90255681E-03	4.19298555E-03
2.44427315E+00	8.67667494E-01	5.90178445E-03	4.17872220E-03
2.60407046E+00	3.14864061E-01	5.90101383E-03	4.16449388E-03
2.60864318E+00	-2.62284700E-01	5.90024494E-03	4.15030041E-03
2.45889349E+00	-8.13581512E-01	5.89947776E-03	4.13614158E-03
2.17288263E+00	-1.29244540E+00	5.89871228E-03	4.12201720E-03
1.78336404E+00	-1.66179456E+00	5.89794851E-03	4.10792708E-03
1.33334649E+00	-1.89863457E+00	5.89718642E-03	4.09387103E-03
8.70290592E-01	-1.99671751E+00	5.89642601E-03	4.07984885E-03
4.39735502E-01	-1.96689930E+00	5.89566727E-03	4.06586036E-03
7.92382581E-02	-1.83513890E+00	5.89491019E-03	4.05190537E-03
-1.86527703E-01	-1.63841058E+00	5.89415476E-03	4.03798369E-03
-3.48822352E-01	-1.41909520E+00	5.89340097E-03	4.02409514E-03
-4.15597763E-01	-1.21863562E+00	5.89264881E-03	4.01023953E-03
-4.09844543E-01	-1.07135367E+00	5.89189828E-03	3.99641668E-03
-3.65745015E-01	-9.99313870E-01	5.89114937E-03	3.98262641E-03
-3.23166680E-01	-1.00898156E+00	5.89040206E-03	3.96886853E-03
-3.21273538E-01	-1.09017733E+00	5.88965635E-03	3.95514287E-03
-3.92170473E-01	-1.21750824E+00	5.88891223E-03	3.94144924E-03
-5.55505367E-01	-1.35410390E+00	5.88816969E-03	3.92778748E-03
-8.14831062E-01	-1.45715093E+00	5.88742872E-03	3.91415740E-03
-1.15628954E+00	-1.48445155E+00	5.88668932E-03	3.90055884E-03
-1.54985558E+00	-1.40107031E+00	5.88595146E-03	3.88699160E-03
-1.95301191E+00	-1.18510307E+00	5.88521516E-03	3.87345554E-03
-2.31637401E+00	-8.31710846E-01	5.88448039E-03	3.85995046E-03
-2.59049157E+00	-3.54795934E-01	5.88374716E-03	3.84647620E-03
-2.73286923E+00	2.13973498E-01	5.88301544E-03	3.83303259E-03
-2.71419901E+00	8.28706243E-01	5.88228524E-03	3.81961946E-03
-2.52289277E+00	1.43494179E+00	5.88155654E-03	3.80623665E-03
-2.16723200E+00	1.97664530E+00	5.88082934E-03	3.79288399E-03
-1.67478491E+00	2.40356733E+00	5.88010362E-03	3.77956131E-03
-1.08912973E+00	2.67792332E+00	5.87937939E-03	3.76626845E-03
-4.64312846E-01	2.77942995E+00	5.87865663E-03	3.75300524E-03
1.42196180E-01	2.70795961E+00	5.87793534E-03	3.73977153E-03
6.77063080E-01	2.48340828E+00	5.87721550E-03	3.72656715E-03
1.09808501E+00	2.14277132E+00	5.87649711E-03	3.71339193E-03
1.37961792E+00	1.73482561E+00	5.87578016E-03	3.70024573E-03
1.51564626E+00	1.31316861E+00	5.87506464E-03	3.68712839E-03
1.52004178E+00	9.28610374E-01	5.87435055E-03	3.67403974E-03
1.42396385E+00	6.22017603E-01	5.87363788E-03	3.66097963E-03
1.27077085E+00	4.18651001E-01	5.87292662E-03	3.64794790E-03
1.10917896E+00	3.24826326E-01	5.87221676E-03	3.63494441E-03
9.85666542E-01	3.27394160E-01	5.87150829E-03	3.62196899E-03
9.37239326E-01	3.96122315E-01	5.87080121E-03	3.60902149E-03
9.85625032E-01	4.88638073E-01	5.87009551E-03	3.59610176E-03
1.13376107E+00	5.57208111E-01	5.86939119E-03	3.58320966E-03
1.36510503E+00	5.56358947E-01	5.86868823E-03	3.57034503E-03
1.64588313E+00	4.50211613E-01	5.86798663E-03	3.55750772E-03
1.92995765E+00	2.18441427E-01	5.86728637E-03	3.54469758E-03
2.16560593E+00	-1.40027368E-01	5.86658747E-03	3.53191447E-03
2.30321768E+00	-6.06150377E-01	5.86588989E-03	3.51915824E-03
2.30277899E+00	-1.14285743E+00	5.86519365E-03	3.50642875E-03
2.14004019E+00	-1.69981644E+00	5.86449873E-03	3.49372584E-03
1.81045808E+00	-2.22017564E+00	5.86380512E-03	3.48104939E-03
1.33033199E+00	-2.64830043E+00	5.86311282E-03	3.46839924E-03
7.34967994E-01	-2.93737559E+00	5.86242182E-03	3.45577525E-03
7.41455304E-02	-3.05576604E+00	5.86173212E-03	3.44317728E-03
-5.94442606E-01	-2.99121730E+00	5.86104370E-03	3.43060519E-03
-1.21280974E+00	-2.75230147E+00	5.86035656E-03	3.41805884E-03
-1.73023801E+00	-2.36692597E+00	5.85967069E-03	3.40553809E-03
-2.10968642E+00	-1.87815890E+00	5.85898609E-03	3.39304281E-03
-2.33212998E+00	-1.33802013E+00	5.85830275E-03	3.38057286E-03
-2.39823438E+00	-8.00181133E-01	5.85762067E-03	3.36812810E-03
-2.32717658E+00	-3.12665406E-01	5.85693982E-03	3.35570839E-03
-2.15285108E+00	8.83760139E-02	5.85626022E-03	3.34331361E-03
-1.91808990E+00	3.82919950E-01	5.85558185E-03	3.33094361E-03
-1.66781092E+00	5.68776789E-01	5.85490471E-03	3.31859826E-03
-1.44215358E+00	6.60563359E-01	5.85422878E-03	3.30627744E-03
-1.27063950E+00	6.86179035E-01	5.85355407E-03	3.29398101E-03
-1.16821660E+00	6.81397161E-01	5.85288056E-03	3.28170884E-03
-1.13373624E+00	6.83459017E-01	5.85220826E-03	3.26946079E-03
-1.15102474E+00	7.24690538E-01	5.85153714E-03	3.25723675E-03
-1.19230471E+00	8.27133954E-01	5.85086722E-03	3.24503657E-03
-1.22336149E+00	9.99004261E-01	5.85019847E-03	3.23286014E-03
-1.20959175E+00	1.23347491E+00	5.84953090E-03	3.22070733E-03
-1.12195410E+00	1.50991826E+00	5.84886450E-03	3.20857800E-03
-9.41881448E-01	1.79733545E+00	5.84819926E-03	3.19647204E-03
-6.64403578E-01	2.05936959E+00	5.84753518E-03	3.18438932E-03
-2.99032792E-01	2.26005924E+00	5.84687224E-03	3.17232971E-03
1.31664614E-01	2.36939255E+00	5.84621045E-03	3.16029310E-03
5.95513817E-01	2.36777894E+00	5.84554980E-03	3.14827935E-03
1.05557824E+00	2.24875416E+00	5.84489027E-03	3.13628835E-03
1.47558062E+00	2.01954037E+00	5.84423187E-03	3.12431997E-03
1.82499996E+00	1.69944473E+00	5.84357459E-03	3.11237409E-03
2.08302446E+00	1.31643684E+00	5.84291843E-03	3.10045060E-03
2.24075317E+00	9.02538894E-01	5.84226337E-03	3.08854937E-03
2.30135011E+00	4.88843907E-01	5.84160941E-03	3.07667029E-03
2.27820878E+00	1.01018524E-01	5.84095655E-03	3.06481323E-03
2.19152453E+00	-2.43958263E-01	5.84030477E-03	3.05297808E-03
2.06393763E+00	-5.39301212E-01	5.83965408E-03	3.04116472E-03
1.91605828E+00	-7.87968967E-01	5.83900447E-03	3.02937304E-03
1.76269031E+00	-1.00040750E+00	5.83835593E-03	3.01760292E-03
1.61043298E+00	-1.19095723E+00	5.83770846E-03	3.00585425E-03
1.45708396E+00	-1.37363112E+00	5.83706204E-03	2.99412690E-03
1.29293552E+00	-1.55808214E+00	5.83641668E-03	2.98242077E-03
1.10370754E+00	-1.74654430E+00	5.83577237E-03	2.97073575E-03
8.74556062E-01	-1.93235666E+00	5.83512911E-03	2.95907171E-03
5.94388654E-01	-2.10039341E+00	5.83448688E-03	2.94742856E-03
2.59645287E-01	-2.22937463E+00	5.83384568E-03	2.93580617E-03
-1.23218718E-01	-2.29568104E+00	5.83320551E-03	2.92420444E-03
-5.37094266E-01	-2.27800502E+00	5.83256636E-03	2.91262326E-03
-9.55649928E-01	-2.16199027E+00	5.83192823E-03	2.90106251E-03
-1.34668691E+00	-1.94397974E+00	5.83129111E-03	2.88952210E-03
-1.67691286E+00	-1.63311466E+00	5.83065499E-03	2.87800190E-03
-1.91734799E+00	-1.25128991E+00	5.83001987E-03	2.86650182E-03
-2.04842303E+00	-8.30832163E-01	5.82938574E-03	2.85502173E-03
-2.06383426E+00	-4.10166693E-01	5.82875261E-03	2.84356155E-03
-1.97239039E+00	-2.81096412E-02	5.82812046E-03	2.83212116E-03
-1.79739706E+00	2.82300982E-01	5.82748928E-03	2.82070046E-03
-1.57352912E+00	4.99390772E-01	5.82685908E-03	2.80929933E-03
-1.34157307E+00	6.16848603E-01	5.82622984E-03	2.79791769E-03
-1.14181023E+00	6.45354461E-01	5.82560157E-03	2.78655542E-03
-1.00708705E+00	6.11410313E-01	5.82497425E-03	2.77521241E-03
-9.56731715E-01	5.53399894E-01	5.82434789E-03	2.76388858E-03
-9.92398921E-01	5.15372686E-01	5.82372247E-03	2.75258380E-03
-1.09666279E+00	5.39457560E-01	5.82309800E-03	2.74129799E-03
-1.23476569E+00	6.58091651E-01	5.82247446E-03	2.73003105E-03
-1.35943034E+00	8.87348008E-01	5.82185185E-03	2.71878286E-03
-1.41813225E+00	1.22253693E+00	5.82123017E-03	2.70755333E-03
-1.36179204E+00	1.63694933E+00	5.82060941E-03	2.69634236E-03
-1.15355788E+00	2.08414705E+00	5.81998956E-03	2.68514986E-03
-7.76259922E-01	2.50365321E+00	5.81937063E-03	2.67397571E-03
-2.37254580E-01	2.82934032E+00	5.81875260E-03	2.66281983E-03
4.30274841E-01	2.99934475E+00	5.81813548E-03	2.65168212E-03
1.16998127E+00	2.96603139E+00	5.81751925E-03	2.64056248E-03
1.90879616E+00	2.70444804E+00	5.81690391E-03	2.62946080E-03
2.56636358E+00	2.21786723E+00	5.81628946E-03	2.61837701E-03
3.06617292E+00	1.53939892E+00	5.81567589E-03	2.60731100E-03
3.34677137E+00	7.29219557E-01	5.81506320E-03	2.59626267E-03
3.37135028E+00	-1.32381163E-01	5.81445138E-03	2.58523193E-03
3.13417349E+00	-9.55281813E-01	5.81384043E-03	2.57421869E-03
2.66273357E+00	-1.65173909E+00	5.81323034E-03	2.56322285E-03
2.01512721E+00	-2.14877392E+00	5.81262111E-03	2.55224432E-03
1.27284738E+00	-2.39888544E+00	5.81201273E-03	2.54128300E-03
5.29891720E-01	-2.38742714E+00	5.81140520E-03	2.53033881E-03
-1.20324302E-01	-2.13542289E+00	5.81079851E-03	2.51941165E-03
-5.98377731E-01	-1.69724398E+00	5.81019266E-03	2.50850143E-03
-8.50588289E-01	-1.15332179E+00	5.80958765E-03	2.49760805E-03
-8.57309401E-01	-5.98820546E-01	5.80898347E-03	2.48673144E-03
-6.36422525E-01	-1.29828511E-01	5.80838011E-03	2.47587149E-03
-2.41373879E-01	1.70955850E-01	5.80777757E-03	2.46502812E-03
2.46112297E-01	2.46933559E-01	5.80717585E-03	2.45420124E-03
7.27712849E-01	7.67807558E-02	5.80657495E-03	2.44339075E-03
1.10296730E+00	-3.21366504E-01	5.80597484E-03	2.43259658E-03
1.28445622E+00	-8.91472321E-01	5.80537554E-03	2.42181863E-03
1.21147141E+00	-1.54682743E+00	5.80477704E-03	2.41105682E-03
8.60121132E-01	-2.18202284E+00	5.80417934E-03	2.40031105E-03
2.48290741E-01	-2.68802794E+00	5.80358242E-03	2.38958124E-03
-5.65398566E-01	-2.96823421E+00	5.80298629E-03	2.37886731E-03
-1.48862596E+00	-2.95313583E+00	5.80239094E-03	2.36816917E-03
-2.40751436E+00	-2.61146839E+00	5.80179636E-03	2.35748672E-03
-3.20222595E+00	-1.95610155E+00	5.80120256E-03	2.34681990E-03
-3.76381727E+00	-1.04371503E+00	5.80060952E-03	2.33616861E-03
-4.00993609E+00	3.18225643E-02	5.80001725E-03	2.32553276E-03
-3.89706841E+00	1.15153683E+00	5.79942573E-03	2.31491228E-03
-3.42750729E+00	2.18724863E+00	5.79883497E-03	2.30430708E-03
-2.64995329E+00	3.01906945E+00	5.79824496E-03	2.29371708E-03
-1.65356294E+00	3.55200378E+00	5.79765570E-03	2.28314219E-03
-5.56207938E-01	3.72926759E+00	5.79706718E-03	2.27258233E-03
5.11446929E-01	3.54037650E+00	5.79647940E-03	2.26203742E-03
1.42381731E+00	3.02279073E+00	5.79589235E-03	2.25150738E-03
2.07769086E+00	2.25682008E+00	5.79530603E-03	2.24099213E-03
2.40646406E+00	1.35446035E+00	5.79472043E-03	2.23049158E-03
2.38927124E+00	4.43710837E-01	5.79413556E-03	2.22000565E-03
2.05367244E+00	-3.49416267E-01	5.79355140E-03	2.20953427E-03
1.47148422E+00	-9.18638711E-01	5.79296795E-03	2.19907735E-03
7.48319938E-01	-1.19236526E+00	5.79238522E-03	2.18863482E-03
8.31180992E-03	-1.14372885E+00	5.79180319E-03	2.17820659E-03
-6.23816200E-01	-7.94244632E-01	5.79122186E-03	2.16779259E-03
-1.04076879E+00	-2.10555870E-01	5.79064122E-03	2.15739274E-03
-1.16821777E+00	5.05279991E-01	5.79006128E-03	2.14700696E-03
-9.75634272E-01	1.23058603E+00	5.78948203E-03	2.13663517E-03
-4.80861806E-01	1.83983308E+00	5.78890346E-03	2.12627729E-03
2.52227865E-01	2.22284460E+00	5.78832557E-03	2.11593325E-03
1.12266473E+00	2.30084125E+00	5.78774836E-03	2.10560298E-03
2.00662417E+00	2.03803781E+00	5.78717182E-03	2.09528638E-03
2.77495458E+00	1.44714213E+00	5.78659595E-03	2.08498340E-03
3.31149436E+00	5.87978674E-01	5.78602075E-03	2.07469395E-03
3.52957696E+00	-4.40559138E-01	5.78544621E-03	2.06441795E-03
3.38438806E+00	-1.51407492E+00	5.78487232E-03	2.05415534E-03
2.87943733E+00	-2.49981996E+00	5.78429909E-03	2.04390603E-03
2.06625059E+00	-3.27499434E+00	5.78372650E-03	2.03366995E-03
1.03735438E+00	-3.74361318E+00	5.78315457E-03	2.02344704E-03
-8.64247334E-02	-3.84957130E+00	5.78258327E-03	2.01323721E-03
-1.17252592E+00	-3.58409307E+00	5.78201261E-03	2.00304039E-03
-2.09473123E+00	-2.98656201E+00	5.78144259E-03	1.99285650E-03
-2.75020657E+00	-2.13866812E+00	5.78087319E-03	1.98268548E-03
-3.07312766E+00	-1.15275519E+00	5.78030443E-03	1.97252726E-03
-3.04301784E+00	-1.56059863E-01	5.77973628E-03	1.96238175E-03
-2.68668957E+00	7.26904204E-01	5.77916876E-03	1.95224889E-03
-2.07359578E+00	1.39132800E+00	5.77860185E-03	1.94212861E-03
-1.30532802E+00	1.76608473E+00	5.77803555E-03	1.93202083E-03
-5.00813047E-01	1.82278671E+00	5.77746986E-03	1.92192549E-03
2.20655237E-01	1.57872351E+00	5.77690478E-03	1.91184250E-03
7.56137070E-01	1.09336112E+00	5.77634029E-03	1.90177181E-03
1.03317939E+00	4.58992870E-01	5.77577641E-03	1.89171335E-03
1.01941723E+00	-2.13053114E-01	5.77521311E-03	1.88166703E-03
7.26368912E-01	-8.08641957E-01	5.77465041E-03	1.87163280E-03
2.06986862E-01	-1.22717682E+00	5.77408829E-03	1.86161058E-03
-4.52589262E-01	-1.39576310E+00	5.77352676E-03	1.85160030E-03
-1.14582294E+00	-1.27923920E+00	5.77296580E-03	1.84160190E-03
-1.76124371E+00	-8.84734915E-01	5.77240542E-03	1.83161530E-03
-2.19836882E+00	-2.60209576E-01	5.77184562E-03	1.82164045E-03
-2.38184436E+00	5.12723566E-01	5.77128638E-03	1.81167726E-03
-2.27185654E+00	1.33058493E+00	5.77072770E-03	1.80172568E-03
-1.86942151E+00	2.08270062E+00	5.77016959E-03	1.79178563E-03
-1.21590472E+00	2.66665993E+00	5.76961203E-03	1.78185705E-03
-3.86939883E-01	3.00238943E+00	5.76905503E-03	1.77193987E-03
5.18304190E-01	3.04291024E+00	5.76849858E-03	1.76203402E-03
1.39093009E+00	2.78034553E+00	5.76794268E-03	1.75213945E-03
2.12721698E+00	2.24643681E+00	5.76738732E-03	1.74225607E-03
2.64253769E+00	1.50760634E+00	5.76683251E-03	1.73238383E-03
2.88238269E+00	6.55361269E-01	5.76627823E-03	1.72252266E-03
2.82902888E+00	-2.06535755E-01	5.76572448E-03	1.71267250E-03
2.50302829E+00	-9.76287383E-01	5.76517126E-03	1.70283327E-03
1.95942811E+00	-1.56768045E+00	5.76461857E-03	1.69300492E-03
1.27936603E+00	-1.92123916E+00	5.76406641E-03	1.68318738E-03
5.58309522E-01	-2.01143392E+00	5.76351476E-03	1.67338059E-03
-1.07357983E-01	-1.84904837E+00	5.76296363E-03	1.66358448E-03
-6.33514064E-01	-1.47849841E+00	5.76241302E-03	1.65379898E-03
-9.59426415E-01	-9.70599764E-01	5.76186291E-03	1.64402404E-03
-1.05535108E+00	-4.11897373E-01	5.76131331E-03	1.63425959E-03
-9.25641457E-01	1.07883518E-01	5.76076422E-03	1.62450557E-03
-6.07053479E-01	5.08484294E-01	5.76021563E-03	1.61476192E-03
-1.62603131E-01	7.30109189E-01	5.75966753E-03	1.60502856E-03
3.28063114E-01	7.41293712E-01	5.75911992E-03	1.59530544E-03
7.80367891E-01	5.42636559E-01	5.75857281E-03	1.58559251E-03
1.11690593E+00	1.65981417E-01	5.75802618E-03	1.57588968E-03
1.27826986E+00	-3.30728249E-01	5.75748004E-03	1.56619691E-03
1.23113559E+00	-8.72108646E-01	5.75693438E-03	1.55651413E-03
9.72556724E-01	-1.37623366E+00	5.75638919E-03	1.54684128E-03
5.29963615E-01	-1.76621953E+00	5.75584448E-03	1.53717831E-03
-4.30361971E-02	-1.98088767E+00	5.75530024E-03	1.52752514E-03
-6.74386358E-01	-1.98306211E+00	5.75475647E-03	1.51788171E-03
-1.28370243E+00	-1.76441592E+00	5.75421317E-03	1.50824798E-03
-1.79334843E+00	-1.34627815E+00	5.75367032E-03	1.49862387E-03
-2.13893573E+00	-7.76377841E-01	5.75312793E-03	1.48900933E-03
-2.27782555E+00	-1.22055719E-01	5.75258600E-03	1.47940429E-03
-2.19452027E+00	5.39057125E-01	5.75204452E-03	1.46980870E-03
-1.90227759E+00	1.12957325E+00	5.75150349E-03	1.46022250E-03
-1.44080915E+00	1.58264051E+00	5.75096290E-03	1.45064563E-03
-8.70459396E-01	1.85060204E+00	5.75042276E-03	1.44107803E-03
-2.63728016E-01	1.91088767E+00	5.74988305E-03	1.43151964E-03
3.04660290E-01	1.76839950E+00	5.74934378E-03	1.42197040E-03
7.67765361E-01	1.45414451E+00	5.74880495E-03	1.41243026E-03
1.07516622E+00	1.02037977E+00	5.74826655E-03	1.40289915E-03
1.19926782E+00	5.33000175E-01	5.74772857E-03	1.39337702E-03
1.13837898E+00	6.22558560E-02	5.74719101E-03	1.38386380E-03
9.16212366E-01	-3.26911462E-01	5.74665388E-03	1.37435945E-03
5.77947238E-01	-5.83598400E-01	5.74611717E-03	1.36486391E-03
1.83455654E-01	-6.77573468E-01	5.74558087E-03	1.35537711E-03
-2.01336184E-01	-6.02956307E-01	5.74504498E-03	1.34589900E-03
-5.13746776E-01	-3.78498742E-01	5.74450950E-03	1.33642953E-03
-7.03026353E-01	-4.44894804E-02	5.74397443E-03	1.32696863E-03
-7.37264379E-01	3.43241325E-01	5.74343976E-03	1.31751626E-03
-6.07608689E-01	7.21358662E-01	5.74290548E-03	1.30807234E-03
-3.29263706E-01	1.02798002E+00	5.74237161E-03	1.29863684E-03
6.08232655E-02	1.21132578E+00	5.74183813E-03	1.28920969E-03
5.09231521E-01	1.23689347E+00	5.74130504E-03	1.27979083E-03
9.53542953E-01	1.09220086E+00	5.74077234E-03	1.27038021E-03
1.33098769E+00	7.88481755E-01	5.74024002E-03	1.26097778E-03
1.58707721E+00	3.59135675E-01	5.73970809E-03	1.25158348E-03
1.68305724E+00	-1.44828894E-01	5.73917653E-03	1.24219725E-03
1.60118344E+00	-6.61715976E-01	5.73864535E-03	1.23281905E-03
1.34712491E+00	-1.12747493E+00	5.73811455E-03	1.22344880E-03
9.49192664E-01	-1.48430998E+00	5.73758411E-03	1.21408647E-03
4.54519642E-01	-1.68840398E+00	5.73705404E-03	1.20473200E-03
-7.72728864E-02	-1.71572203E+00	5.73652434E-03	1.19538532E-03
-5.82053546E-01	-1.56512611E+00	5.73599499E-03	1.18604640E-03
-9.99719851E-01	-1.25839828E+00	5.73546601E-03	1.17671517E-03
-1.28214562E+00	-8.37188236E-01	5.73493738E-03	1.16739158E-03
-1.39947097E+00	-3.57314340E-01	5.73440911E-03	1.15807557E-03
-1.34389802E+00	1.18799488E-01	5.73388118E-03	1.14876710E-03
-1.13049552E+00	5.30521710E-01	5.73335360E-03	1.13946611E-03
-7.94920770E-01	8.27109705E-01	5.73282637E-03	1.13017254E-03
-3.88383080E-01	9.74414527E-01	5.73229948E-03	1.12088635E-03
2.94567047E-02	9.59296073E-01	5.73177293E-03	1.11160748E-03
3.98680213E-01	7.91163572E-01	5.73124671E-03	1.10233588E-03
6.67284915E-01	5.00446860E-01	5.73072082E-03	1.09307149E-03
7.98229344E-01	1.34219627E-01	5.73019527E-03	1.08381427E-03
7.74399051E-01	-2.50419440E-01	5.72967004E-03	1.07456416E-03
6.00826722E-01	-5.94299705E-01	5.72914514E-03	1.06532111E-03
3.03874143E-01	-8.44379449E-01	5.72862056E-03	1.05608507E-03
-7.25031474E-02	-9.61077160E-01	5.72809630E-03	1.04685598E-03
-4.72891446E-01	-9.23736528E-01	5.72757235E-03	1.03763379E-03
-8.38112261E-01	-7.33484198E-01	5.72704872E-03	1.02841846E-03
-1.11342041E+00	-4.13095599E-01	5.72652540E-03	1.01920993E-03
-1.25608673E+00	-3.89233293E-03	5.72600239E-03	1.01000815E-03
-1.24133093E+00	4.39900742E-01	5.72547968E-03	1.00081307E-03
-1.06579646E+00	8.58564752E-01	5.72495727E-03	9.91624639E-04
-7.48096004E-01	1.19504845E+00	5.72443517E-03	9.82442804E-04
-3.26356700E-01	1.40276706E+00	5.72391336E-03	9.73267515E-04
1.46895985E-01	1.45197448E+00	5.72339184E-03	9.64098723E-04
6.11813848E-01	1.33384151E+00	5.72287062E-03	9.54936377E-04
1.00929276E+00	1.06168811E+00	5.72234969E-03	9.45780426E-04
1.28892914E+00	6.69207426E-01	5.72182904E-03	9.36630821E-04
1.41578251E+00	2.05931274E-01	5.72130867E-03	9.27487512E-04
1.37502662E+00	-2.69437486E-01	5.72078859E-03	9.18350448E-04
1.17386372E+00	-6.96910334E-01	5.72026878E-03	9.09219581E-04
8.40452661E-01	-1.02323828E+00	5.71974925E-03	9.00094860E-04
4.20010927E-01	-1.20898438E+00	5.71922999E-03	8.90976236E-04
-3.13636444E-02	-1.23368677E+00	5.71871100E-03	8.81863660E-04
-4.54297186E-01	-1.09842171E+00	5.71819228E-03	8.72757082E-04
-7.94126007E-01	-8.25435864E-01	5.71767382E-03	8.63656454E-04
-1.00817542E+00	-4.54920135E-01	5.71715563E-03	8.54561726E-04
-1.07134679E+00	-3.93875488E-02	5.71663769E-03	8.45472849E-04
-9.79267610E-01	3.63558128E-01	5.71612001E-03	8.36389776E-04
-7.48599523E-01	6.99063189E-01	5.71560259E-03	8.27312456E-04
-4.14491610E-01	9.22400392E-01	5.71508541E-03	8.18240843E-04
-2.55571933E-02	1.00488149E+00	5.71456849E-03	8.09174887E-04
3.62912852E-01	9.37517566E-01	5.71405181E-03	8.00114539E-04
6.96554103E-01	7.31956012E-01	5.71353537E-03	7.91059753E-04
9.29303409E-01	4.18601638E-01	5.71301918E-03	7.82010480E-04
1.02954285E+00	4.22156821E-02	5.71250322E-03	7.72966672E-04
9.84193247E-01	-3.44372153E-01	5.71198750E-03	7.63928280E-04
8.00229983E-01	-6.87554628E-01	5.71147201E-03	7.54895259E-04
5.03454265E-01	-9.40232981E-01	5.71095675E-03	7.45867558E-04
1.34731115E-01	-1.06810691E+00	5.71044172E-03	7.36845133E-04
-2.55752197E-01	-1.05413011E+00	5.70992691E-03	7.27827934E-04
-6.15392834E-01	-9.00558356E-01	5.70941233E-03	7.18815915E-04
-8.96285864E-01	-6.28356205E-01	5.70889797E-03	7.09809028E-04
-1.06157664E+00	-2.74093269E-01	5.70838382E-03	7.00807227E-04
-1.09020774E+00	1.15199628E-01	5.70786989E-03	6.91810464E-04
-9.79452851E-01	4.88476563E-01	5.70735617E-03	6.82818693E-04
-7.44944451E-01	7.97526633E-01	5.70684266E-03	6.73831866E-04
-4.18249695E-01	1.00329629E+00	5.70632936E-03	6.64849937E-04
-4.23798152E-02	1.08084688E+00	5.70581626E-03	6.55872860E-04
3.34111705E-01	1.02231721E+00	5.70530336E-03	6.46900588E-04
6.63614159E-01	8.37547925E-01	5.70479066E-03	6.37933075E-04
9.05644925E-01	5.52350163E-01	5.70427816E-03	6.28970273E-04
1.03191919E+00	2.04718987E-01	5.70376586E-03	6.20012138E-04
1.02966417E+00	-1.60440835E-01	5.70325374E-03	6.11058623E-04
9.02794869E-01	-4.97328133E-01	5.70274182E-03	6.02109682E-04
6.70868569E-01	-7.65175974E-01	5.70223008E-03	5.93165269E-04
3.66035170E-01	-9.33318709E-01	5.70171852E-03	5.84225338E-04
2.84603242E-02	-9.84759404E-01	5.70120715E-03	5.75289843E-04
-2.99117292E-01	-9.17826581E-01	5.70069596E-03	5.66358740E-04
