jMRUI Data Textfile

Filename: /Users/kayigwe/Desktop/TE26_BASISSET/converter/sample_basis_sets/JMRUI/Cho.txt

PointsInDataset: 2048
DatasetsInFile: 1
SamplingInterval: 2.500000E-01
ZeroOrderPhase: 0.000000E+00
BeginTime: 0.000000E+00
TransmitterFrequency: 1.232618E+08
MagneticField: 2.895033E+00
TypeOfNucleus: 0.000000E+00
NameOfPatient: Cho
DateOfExperiment: 20260523
Spectrometer: Unknown
AdditionalInfo: Converted by basis_set_converter


Signal and FFT
sig(real)	sig(imag)	fft(real)	fft(imag)
Signal 1 out of 1 in file
1.18580325E+02	-1.12502150E+01	3.33067769E-02	2.10822241E-03
1.12012695E+02	-4.04974839E+01	3.33034128E-02	2.05661771E-03
9.80278073E+01	-6.69497181E+01	3.33000499E-02	2.00503324E-03
7.76663739E+01	-8.87240780E+01	3.32966881E-02	1.95346873E-03
5.24400563E+01	-1.04296593E+02	3.32933274E-02	1.90192393E-03
2.42138937E+01	-1.12616874E+02	3.32899677E-02	1.85039859E-03
-4.93812265E+00	-1.13185725E+02	3.32866091E-02	1.79889246E-03
-3.28929661E+01	-1.06089748E+02	3.32832515E-02	1.74740528E-03
-5.76414447E+01	-9.19904055E+01	3.32798949E-02	1.69593679E-03
-7.74412991E+01	-7.20685968E+01	3.32765393E-02	1.64448675E-03
-9.09486200E+01	-4.79293050E+01	3.32731847E-02	1.59305490E-03
-9.73174271E+01	-2.14739615E+01	3.32698311E-02	1.54164099E-03
-9.62598005E+01	5.24930284E+00	3.32664784E-02	1.49024476E-03
-8.80620886E+01	3.02056685E+01	3.32631267E-02	1.43886598E-03
-7.35561956E+01	5.15312985E+01	3.32597758E-02	1.38750438E-03
-5.40484916E+01	6.76763184E+01	3.32564259E-02	1.33615971E-03
-3.12122120E+01	7.75219747E+01	3.32530768E-02	1.28483173E-03
-6.95205972E+00	8.04629417E+01	3.32497286E-02	1.23352018E-03
1.67481338E+01	7.64485455E+01	3.32463813E-02	1.18222482E-03
3.79825593E+01	6.59799568E+01	3.32430348E-02	1.13094539E-03
5.50729540E+01	5.00639001E+01	3.32396891E-02	1.07968165E-03
6.66987422E+01	3.01268661E+01	3.32363442E-02	1.02843335E-03
7.19976424E+01	7.89691528E+00	3.32330001E-02	9.77200233E-04
7.06289961E+01	-1.47373142E+01	3.32296568E-02	9.25982057E-04
6.27950831E+01	-3.58790332E+01	3.32263142E-02	8.74778573E-04
4.92190514E+01	-5.37749670E+01	3.32229724E-02	8.23589533E-04
3.10815529E+01	-6.69542019E+01	3.32196313E-02	7.72414691E-04
9.92144632E+00	-7.43432532E+01	3.32162909E-02	7.21253798E-04
-1.24912416E+01	-7.53483611E+01	3.32129512E-02	6.70106608E-04
-3.42997451E+01	-6.98986906E+01	3.32096121E-02	6.18972874E-04
-5.37107053E+01	-5.84472740E+01	3.32062738E-02	5.67852349E-04
-6.91379763E+01	-4.19299316E+01	3.32029360E-02	5.16744789E-04
-7.93286160E+01	-2.16857658E+01	3.31995989E-02	4.65649946E-04
-8.34610852E+01	6.54120994E-01	3.31962624E-02	4.14567575E-04
-8.12079645E+01	2.33005288E+01	3.31929265E-02	3.63497431E-04
-7.27583915E+01	4.44517646E+01	3.31895912E-02	3.12439269E-04
-5.87986836E+01	6.24391566E+01	3.31862564E-02	2.61392843E-04
-4.04529801E+01	7.58607602E+01	3.31829222E-02	2.10357909E-04
-1.91889432E+01	8.36925498E+01	3.31795885E-02	1.59334222E-04
3.30365480E+00	8.53682649E+01	3.31762553E-02	1.08321538E-04
2.52514895E+01	8.08216469E+01	3.31729226E-02	5.73196129E-05
4.49420840E+01	7.04878699E+01	3.31695904E-02	6.32820304E-06
6.08623312E+01	5.52642771E+01	3.31662587E-02	-4.46529356E-05
7.18199480E+01	3.64338198E+01	3.31629274E-02	-9.56240462E-05
7.70381000E+01	1.55575974E+01	3.31595966E-02	-1.46585372E-04
7.62156468E+01	-5.65463183E+00	3.31562662E-02	-1.97537157E-04
6.95482679E+01	-2.54853513E+01	3.31529361E-02	-2.48479643E-04
5.77089188E+01	-4.23500936E+01	3.31496065E-02	-2.99413073E-04
4.17893653E+01	-5.49266997E+01	3.31462773E-02	-3.50337690E-04
2.32076942E+01	-6.22625445E+01	3.31429483E-02	-4.01253737E-04
3.58944719E+00	-6.38510626E+01	3.31396198E-02	-4.52161455E-04
-1.53678579E+01	-5.96714207E+01	3.31362915E-02	-5.03061086E-04
-3.20357240E+01	-5.01881904E+01	3.31329636E-02	-5.53952873E-04
-4.49896720E+01	-3.63111270E+01	3.31296360E-02	-6.04837057E-04
-5.31272250E+01	-1.93184023E+01	3.31263086E-02	-6.55713880E-04
-5.57592636E+01	-7.49604642E-01	3.31229815E-02	-7.06583583E-04
-5.26673083E+01	1.77227341E+01	3.31196547E-02	-7.57446409E-04
-4.41220619E+01	3.44325825E+01	3.31163280E-02	-8.08302597E-04
-3.08616877E+01	4.78594371E+01	3.31130016E-02	-8.59152390E-04
-1.40315769E+01	5.67555808E+01	3.31096754E-02	-9.09996028E-04
4.90951957E+00	6.02511715E+01	3.31063494E-02	-9.60833752E-04
2.43093830E+01	5.79285541E+01	3.31030235E-02	-1.01166580E-03
4.24585143E+01	4.98596817E+01	3.30996978E-02	-1.06249242E-03
5.77315560E+01	3.66035139E+01	3.30963722E-02	-1.11331385E-03
6.87224488E+01	1.91635018E+01	3.30930468E-02	-1.16413032E-03
7.43623115E+01	-1.09149632E+00	3.30897214E-02	-1.21494209E-03
7.40104122E+01	-2.25365609E+01	3.30863962E-02	-1.26574938E-03
6.75107556E+01	-4.34215489E+01	3.30830710E-02	-1.31655244E-03
5.52095737E+01	-6.20128964E+01	3.30797458E-02	-1.36735151E-03
3.79321528E+01	-7.67349522E+01	3.30764207E-02	-1.41814683E-03
1.69207064E+01	-8.62994134E+01	3.30730957E-02	-1.46893865E-03
-6.26185160E+00	-8.98123674E+01	3.30697706E-02	-1.51972719E-03
-2.98546220E+01	-8.68502163E+01	3.30664455E-02	-1.57051270E-03
-5.20381586E+01	-7.74982393E+01	3.30631204E-02	-1.62129541E-03
-7.10794950E+01	-6.23485349E+01	3.30597953E-02	-1.67207558E-03
-8.54711430E+01	-4.24573335E+01	3.30564701E-02	-1.72285344E-03
-9.40528992E+01	-1.92649314E+01	3.30531449E-02	-1.77362922E-03
-9.61066377E+01	5.51550215E+00	3.30498195E-02	-1.82440317E-03
-9.14164053E+01	3.00314801E+01	3.30464941E-02	-1.87517553E-03
-8.02888865E+01	5.24365442E+01	3.30431685E-02	-1.92594654E-03
-6.35324579E+01	7.10358573E+01	3.30398428E-02	-1.97671643E-03
-4.23963518E+01	8.44204500E+01	3.30365170E-02	-2.02748545E-03
-1.84746335E+01	9.15794027E+01	3.30331910E-02	-2.07825383E-03
6.41749047E+00	9.19809809E+01	3.30298648E-02	-2.12902182E-03
3.03852971E+01	8.56161880E+01	3.30265384E-02	-2.17978965E-03
5.16029202E+01	7.30011783E+01	3.30232118E-02	-2.23055757E-03
6.84567327E+01	5.51382342E+01	3.30198850E-02	-2.28132580E-03
7.96723714E+01	3.34383005E+01	3.30165580E-02	-2.33209461E-03
8.44153192E+01	9.61112718E+00	3.30132306E-02	-2.38286421E-03
8.23570407E+01	-1.44683549E+01	3.30099031E-02	-2.43363485E-03
7.37013878E+01	-3.69069014E+01	3.30065752E-02	-2.48440678E-03
5.91691344E+01	-5.59414831E+01	3.30032470E-02	-2.53518023E-03
3.99418096E+01	-7.00777517E+01	3.29999185E-02	-2.58595543E-03
1.75692250E+01	-7.82075052E+01	3.29965896E-02	-2.63673264E-03
-6.15203939E+00	-7.96958702E+01	3.29932604E-02	-2.68751209E-03
-2.93196209E+01	-7.44313121E+01	3.29899309E-02	-2.73829401E-03
-5.00747270E+01	-6.28345179E+01	3.29866009E-02	-2.78907865E-03
-6.67480850E+01	-4.58254474E+01	3.29832705E-02	-2.83986626E-03
-7.79909920E+01	-2.47511539E+01	3.29799398E-02	-2.89065706E-03
-8.28811486E+01	-1.28007097E+00	3.29766086E-02	-2.94145129E-03
-8.09949572E+01	2.27288932E+01	3.29732769E-02	-2.99224921E-03
-7.24406180E+01	4.53721298E+01	3.29699448E-02	-3.04305105E-03
-5.78494571E+01	6.48504850E+01	3.29666122E-02	-3.09385704E-03
-3.83262173E+01	7.96100564E+01	3.29632791E-02	-3.14466743E-03
-1.53622811E+01	8.84635650E+01	3.29599455E-02	-3.19548246E-03
9.28128651E+00	9.06827863E+01	3.29566113E-02	-3.24630237E-03
3.37116219E+01	8.60548250E+01	3.29532767E-02	-3.29712740E-03
5.60519821E+01	7.48978833E+01	3.29499414E-02	-3.34795779E-03
7.45880435E+01	5.80353761E+01	3.29466056E-02	-3.39879378E-03
8.79010785E+01	3.67305378E+01	3.29432692E-02	-3.44963561E-03
9.49775700E+01	1.25867757E+01	3.29399322E-02	-3.50048352E-03
9.52867154E+01	-1.25782873E+01	3.29365946E-02	-3.55133776E-03
8.88198274E+01	-3.68750824E+01	3.29332563E-02	-3.60219856E-03
7.60886669E+01	-5.84894227E+01	3.29299173E-02	-3.65306617E-03
5.80829950E+01	-7.58232730E+01	3.29265777E-02	-3.70394082E-03
3.61908524E+01	-8.76179017E+01	3.29232375E-02	-3.75482277E-03
1.20880052E+01	-9.30497888E+01	3.29198965E-02	-3.80571224E-03
-1.23945901E+01	-9.17918517E+01	3.29165547E-02	-3.85660948E-03
-3.54147452E+01	-8.40353239E+01	3.29132123E-02	-3.90751474E-03
-5.52630060E+01	-7.04707533E+01	3.29098691E-02	-3.95842826E-03
-7.04952565E+01	-5.22298298E+01	3.29065251E-02	-4.00935027E-03
-8.00435391E+01	-3.07928449E+01	3.29031804E-02	-4.06028102E-03
-8.32964442E+01	-7.86929217E+00	3.28998348E-02	-4.11122075E-03
-8.01428745E+01	1.47387914E+01	3.28964884E-02	-4.16216971E-03
-7.09759225E+01	3.52798129E+01	3.28931412E-02	-4.21312814E-03
-5.66567846E+01	5.21905630E+01	3.28897932E-02	-4.26409628E-03
-3.84418112E+01	6.42181830E+01	3.28864443E-02	-4.31507438E-03
-1.78787072E+01	7.05165582E+01	3.28830945E-02	-4.36606267E-03
3.31967467E+00	7.07096192E+01	3.28797438E-02	-4.41706141E-03
2.34137615E+01	6.49167030E+01	3.28763922E-02	-4.46807083E-03
4.07767990E+01	5.37381747E+01	3.28730396E-02	-4.51909118E-03
5.40243553E+01	3.82026887E+01	3.28696861E-02	-4.57012271E-03
6.21234974E+01	1.96805234E+01	3.28663317E-02	-4.62116565E-03
6.44730219E+01	-2.29885372E-01	3.28629763E-02	-4.67222026E-03
6.09484737E+01	-1.98329788E+01	3.28596199E-02	-4.72328677E-03
5.19085347E+01	-3.74740807E+01	3.28562624E-02	-4.77436544E-03
3.81624698E+01	-5.16732652E+01	3.28529040E-02	-4.82545651E-03
2.09014402E+01	-6.12443581E+01	3.28495445E-02	-4.87656022E-03
1.59937976E+00	-6.53895828E+01	3.28461839E-02	-4.92767682E-03
-1.81084548E+01	-6.37623489E+01	3.28428223E-02	-4.97880656E-03
-3.65593860E+01	-5.64932748E+01	3.28394595E-02	-5.02994968E-03
-5.21988370E+01	-4.41775016E+01	3.28360957E-02	-5.08110643E-03
-6.37065457E+01	-2.78244748E+01	3.28327307E-02	-5.13227705E-03
-7.01033353E+01	-8.77438257E+00	3.28293646E-02	-5.18346180E-03
-7.08298992E+01	1.14118943E+01	3.28259973E-02	-5.23466092E-03
-6.57913372E+01	3.10803559E+01	3.28226289E-02	-5.28587465E-03
-5.53639562E+01	4.86186344E+01	3.28192593E-02	-5.33710326E-03
-4.03638936E+01	6.25870258E+01	3.28158884E-02	-5.38834697E-03
-2.19801959E+01	7.18352391E+01	3.28125163E-02	-5.43960605E-03
-1.67784290E+00	7.55954696E+01	3.28091430E-02	-5.49088074E-03
1.89213890E+01	7.35443395E+01	3.28057685E-02	-5.54217129E-03
3.81705597E+01	6.58287652E+01	3.28023926E-02	-5.59347795E-03
5.45310461E+01	5.30537329E+01	3.27990155E-02	-5.64480097E-03
6.66970919E+01	3.62330310E+01	3.27956370E-02	-5.69614061E-03
7.37013873E+01	1.67069727E+01	3.27922572E-02	-5.74749710E-03
7.49931820E+01	-3.96620685E+00	3.27888761E-02	-5.79887070E-03
7.04826606E+01	-2.41364838E+01	3.27854937E-02	-5.85026166E-03
6.05480351E+01	-4.21955134E+01	3.27821098E-02	-5.90167024E-03
4.60048150E+01	-5.67066592E+01	3.27787246E-02	-5.95309668E-03
2.80397617E+01	-6.65210974E+01	3.27753379E-02	-6.00454124E-03
8.11487523E+00	-7.08706430E+01	3.27719498E-02	-6.05600417E-03
-1.21508318E+01	-6.94298229E+01	3.27685603E-02	-6.10748572E-03
-3.11122339E+01	-6.23422053E+01	3.27651693E-02	-6.15898614E-03
-4.72311162E+01	-5.02088694E+01	3.27617768E-02	-6.21050570E-03
-5.92006016E+01	-3.40399507E+01	3.27583829E-02	-6.26204463E-03
-6.60509626E+01	-1.51731623E+01	3.27549874E-02	-6.31360320E-03
-6.72282922E+01	4.83414977E+00	3.27515904E-02	-6.36518167E-03
-6.26396982E+01	2.43307350E+01	3.27481919E-02	-6.41678028E-03
-5.26613700E+01	4.17048399E+01	3.27447918E-02	-6.46839929E-03
-3.81088550E+01	5.55145552E+01	3.27413901E-02	-6.52003896E-03
-2.01719137E+01	6.46046272E+01	3.27379868E-02	-6.57169954E-03
-3.19165996E-01	6.82003358E+01	3.27345819E-02	-6.62338129E-03
1.98198309E+01	6.59708835E+01	3.27311753E-02	-6.67508447E-03
3.85856230E+01	5.80571792E+01	3.27277672E-02	-6.72680933E-03
5.44225126E+01	4.50617602E+01	3.27243573E-02	-6.77855614E-03
6.60041067E+01	2.80016241E+01	3.27209458E-02	-6.83032515E-03
7.23406875E+01	8.22771890E+00	3.27175325E-02	-6.88211661E-03
7.28597859E+01	-1.26824916E+01	3.27141176E-02	-6.93393079E-03
6.74534789E+01	-3.30508112E+01	3.27107009E-02	-6.98576795E-03
5.64885939E+01	-5.12323955E+01	3.27072824E-02	-7.03762835E-03
4.07789663E+01	-6.57474242E+01	3.27038622E-02	-7.08951225E-03
2.15219317E+01	-7.53998329E+01	3.27004402E-02	-7.14141990E-03
2.04090352E-01	-7.93736109E+01	3.26970164E-02	-7.19335158E-03
-2.15161588E+01	-7.72989584E+01	3.26935907E-02	-7.24530753E-03
-4.19399659E+01	-6.92829988E+01	3.26901633E-02	-7.29728804E-03
-5.94627962E+01	-5.59025744E+01	3.26867339E-02	-7.34929335E-03
-7.27018802E+01	-3.81596709E+01	3.26833027E-02	-7.40132373E-03
-8.06061929E+01	-1.74030027E+01	3.26798696E-02	-7.45337944E-03
-8.25402027E+01	4.77801738E+00	3.26764346E-02	-7.50546075E-03
-7.83347177E+01	2.66784960E+01	3.26729976E-02	-7.55756793E-03
-6.83007806E+01	4.66125137E+01	3.26695587E-02	-7.60970123E-03
-5.32055056E+01	6.30461281E+01	3.26661178E-02	-7.66186093E-03
-3.42117801E+01	7.47183597E+01	3.26626749E-02	-7.71404729E-03
-1.27866299E+01	8.07405531E+01	3.26592301E-02	-7.76626058E-03
9.41446495E+00	8.06662334E+01	3.26557832E-02	-7.81850106E-03
3.06781063E+01	7.45259271E+01	3.26523343E-02	-7.87076900E-03
4.93679950E+01	6.28242095E+01	3.26488833E-02	-7.92306468E-03
6.40537115E+01	4.64992452E+01	3.26454302E-02	-7.97538835E-03
7.36230462E+01	2.68480683E+01	3.26419751E-02	-8.02774030E-03
7.73689854E+01	5.42357325E+00	3.26385178E-02	-8.08012079E-03
7.50444853E+01	-1.60885758E+01	3.26350584E-02	-8.13253008E-03
6.68807316E+01	-3.60033192E+01	3.26315969E-02	-8.18496846E-03
5.35674944E+01	-5.27692606E+01	3.26281331E-02	-8.23743619E-03
3.61972013E+01	-6.50908484E+01	3.26246672E-02	-8.28993355E-03
1.61772339E+01	-7.20300031E+01	3.26211991E-02	-8.34246080E-03
-4.88252901E+00	-7.30791589E+01	3.26177288E-02	-8.39501823E-03
-2.52979408E+01	-6.81999787E+01	3.26142562E-02	-8.44760611E-03
-4.34443705E+01	-5.78247379E+01	3.26107814E-02	-8.50022470E-03
-5.78853998E+01	-4.28203484E+01	3.26073043E-02	-8.55287430E-03
-6.74862164E+01	-2.44179675E+01	3.26038249E-02	-8.60555516E-03
-7.15027259E+01	-4.11386384E+00	3.26003432E-02	-8.65826758E-03
-6.96393530E+01	1.64505060E+01	3.25968591E-02	-8.71101182E-03
-6.20710094E+01	3.56196245E+01	3.25933727E-02	-8.76378817E-03
-4.94275691E+01	5.18557818E+01	3.25898839E-02	-8.81659690E-03
-3.27421769E+01	6.38611903E+01	3.25863927E-02	-8.86943829E-03
-1.33675966E+01	7.06806475E+01	3.25828992E-02	-8.92231263E-03
7.13266087E+00	7.17766213E+01	3.25794031E-02	-8.97522019E-03
2.71096951E+01	6.70708449E+01	3.25759047E-02	-9.02816125E-03
4.49610293E+01	5.69491922E+01	3.25724037E-02	-9.08113610E-03
5.92583598E+01	4.22295366E+01	3.25689003E-02	-9.13414501E-03
6.88610675E+01	2.40952465E+01	3.25653944E-02	-9.18718828E-03
7.30064771E+01	3.99970741E+00	3.25618859E-02	-9.24026618E-03
7.13697225E+01	-1.64504452E+01	3.25583749E-02	-9.29337900E-03
6.40885194E+01	-3.56240156E+01	3.25548614E-02	-9.34652703E-03
5.17509522E+01	-5.19955632E+01	3.25513452E-02	-9.39971055E-03
3.53473413E+01	-6.42669421E+01	3.25478265E-02	-9.45292985E-03
1.61901164E+01	-7.14703834E+01	3.25443051E-02	-9.50618521E-03
-4.19182961E+00	-7.30449383E+01	3.25407811E-02	-9.55947693E-03
-2.41758134E+01	-6.88802381E+01	3.25372544E-02	-9.61280529E-03
-4.21752236E+01	-5.93241561E+01	3.25337250E-02	-9.66617058E-03
-5.67661857E+01	-4.51538395E+01	3.25301929E-02	-9.71957310E-03
-6.68009175E+01	-2.75125112E+01	3.25266582E-02	-9.77301313E-03
-7.14987512E+01	-7.81716514E+00	3.25231206E-02	-9.82649096E-03
-7.05075961E+01	1.23554033E+01	3.25195803E-02	-9.88000690E-03
-6.39309968E+01	3.13950778E+01	3.25160372E-02	-9.93356122E-03
-5.23186973E+01	4.77872763E+01	3.25124914E-02	-9.98715424E-03
-3.66215424E+01	6.02338763E+01	3.25089427E-02	-1.00407862E-02
-1.81143966E+01	6.77565589E+01	3.25053911E-02	-1.00944575E-02
1.70669252E+00	6.97743448E+01	3.25018367E-02	-1.01481683E-02
2.12448116E+01	6.61491741E+01	3.24982794E-02	-1.02019191E-02
3.89303226E+01	5.71959465E+01	3.24947192E-02	-1.02557100E-02
5.33465662E+01	4.36562874E+01	3.24911561E-02	-1.03095413E-02
6.33430759E+01	2.66382038E+01	3.24875900E-02	-1.03634134E-02
6.81272702E+01	7.52652138E+00	3.24840210E-02	-1.04173266E-02
6.73273261E+01	-1.21286850E+01	3.24804490E-02	-1.04712812E-02
6.10212519E+01	-3.07367017E+01	3.24768740E-02	-1.05252774E-02
4.97298908E+01	-4.67938391E+01	3.24732959E-02	-1.05793157E-02
3.43744709E+01	-5.90039280E+01	3.24697148E-02	-1.06333962E-02
1.62021535E+01	-6.63820219E+01	3.24661307E-02	-1.06875192E-02
-3.31441835E+00	-6.83330332E+01	3.24625434E-02	-1.07416852E-02
-2.25954966E+01	-6.46990495E+01	3.24589531E-02	-1.07958944E-02
-4.00810384E+01	-5.57715886E+01	3.24553596E-02	-1.08501471E-02
-5.43557947E+01	-4.22678590E+01	3.24517629E-02	-1.09044436E-02
-6.42626774E+01	-2.52729698E+01	3.24481631E-02	-1.09587842E-02
-6.89953525E+01	-6.15275568E+00	3.24445601E-02	-1.10131693E-02
-6.81626842E+01	1.35557801E+01	3.24409538E-02	-1.10675991E-02
-6.18199090E+01	3.22676189E+01	3.24373444E-02	-1.11220740E-02
-5.04640887E+01	4.84766178E+01	3.24337316E-02	-1.11765942E-02
-3.49942442E+01	6.08759954E+01	3.24301156E-02	-1.12311602E-02
-1.66393962E+01	6.84627928E+01	3.24264963E-02	-1.12857721E-02
3.13970478E+00	7.06179834E+01	3.24228736E-02	-1.13404304E-02
2.27672828E+01	6.71558625E+01	3.24192476E-02	-1.13951353E-02
4.06783362E+01	5.83388048E+01	3.24156183E-02	-1.14498871E-02
5.54434820E+01	4.48562536E+01	3.24119855E-02	-1.15046863E-02
6.58828820E+01	2.77696566E+01	3.24083494E-02	-1.15595330E-02
7.11601743E+01	8.42778216E+00	3.24047098E-02	-1.16144276E-02
7.08489416E+01	-1.16407932E+01	3.24010667E-02	-1.16693705E-02
6.49664484E+01	-3.08494252E+01	3.23974202E-02	-1.17243619E-02
5.39719998E+01	-4.76796436E+01	3.23937702E-02	-1.17794023E-02
3.87300983E+01	-6.08018266E+01	3.23901166E-02	-1.18344918E-02
2.04413851E+01	-6.91806974E+01	3.23864595E-02	-1.18896309E-02
5.46914905E-01	-7.21572563E+01	3.23827988E-02	-1.19448198E-02
-1.93865680E+01	-6.95006570E+01	3.23791346E-02	-1.20000589E-02
-3.77911826E+01	-6.14259402E+01	3.23754667E-02	-1.20553486E-02
-5.32223546E+01	-4.85762686E+01	3.23717952E-02	-1.21106891E-02
-6.44732368E+01	-3.19711386E+01	3.23681200E-02	-1.21660807E-02
-7.06700121E+01	-1.29247559E+01	3.23644411E-02	-1.22215240E-02
-7.13405223E+01	7.05886937E+00	3.23607586E-02	-1.22770190E-02
-6.64508089E+01	2.64057053E+01	3.23570723E-02	-1.23325663E-02
-5.64067199E+01	4.35967886E+01	3.23533823E-02	-1.23881660E-02
-4.20205273E+01	5.72886466E+01	3.23496884E-02	-1.24438186E-02
-2.44452900E+01	6.64194673E+01	3.23459908E-02	-1.24995245E-02
-5.08226495E+00	7.02925911E+01	3.23422894E-02	-1.25552838E-02
1.45311958E+01	6.86307217E+01	3.23385841E-02	-1.26110971E-02
3.28442804E+01	6.15966058E+01	3.23348750E-02	-1.26669645E-02
4.84160845E+01	4.97786134E+01	3.23311619E-02	-1.27228866E-02
6.00298738E+01	3.41424541E+01	3.23274450E-02	-1.27788635E-02
6.67891508E+01	1.59529647E+01	3.23237241E-02	-1.28348957E-02
6.81879114E+01	-3.32771697E+00	3.23199992E-02	-1.28909835E-02
6.41495507E+01	-2.21574086E+01	3.23162704E-02	-1.29471272E-02
5.50313947E+01	-3.90371713E+01	3.23125375E-02	-1.30033272E-02
4.15945862E+01	-5.26307723E+01	3.23088006E-02	-1.30595839E-02
2.49418191E+01	-6.18707937E+01	3.23050597E-02	-1.31158976E-02
6.42798024E+00	-6.60429457E+01	3.23013146E-02	-1.31722686E-02
-1.24490925E+01	-6.48419068E+01	3.22975655E-02	-1.32286974E-02
-3.01689532E+01	-5.83943016E+01	3.22938122E-02	-1.32851842E-02
-4.53103419E+01	-4.72470646E+01	3.22900547E-02	-1.33417294E-02
-5.66646879E+01	-3.23222090E+01	3.22862931E-02	-1.33983334E-02
-6.33322640E+01	-1.48417044E+01	3.22825273E-02	-1.34549965E-02
-6.47933417E+01	3.77145183E+00	3.22787572E-02	-1.35117192E-02
-6.09487152E+01	2.20079938E+01	3.22749829E-02	-1.35685017E-02
-5.21264228E+01	3.83937518E+01	3.22712043E-02	-1.36253444E-02
-3.90542089E+01	5.16078888E+01	3.22674214E-02	-1.36822477E-02
-2.28000115E+01	6.05885472E+01	3.22636341E-02	-1.37392119E-02
-4.68531305E+00	6.46174709E+01	3.22598425E-02	-1.37962375E-02
1.38216413E+01	6.33768686E+01	3.22560465E-02	-1.38533247E-02
3.12241585E+01	5.69740205E+01	3.22522461E-02	-1.39104741E-02
4.61174381E+01	4.59317234E+01	3.22484413E-02	-1.39676858E-02
5.73012877E+01	3.11454075E+01	3.22446319E-02	-1.40249603E-02
6.38761892E+01	1.38104288E+01	3.22408182E-02	-1.40822981E-02
6.53150452E+01	-4.67457827E+00	3.22369998E-02	-1.41396993E-02
6.15048930E+01	-2.28204932E+01	3.22331770E-02	-1.41971646E-02
5.27552936E+01	-3.91675724E+01	3.22293496E-02	-1.42546941E-02
3.97727755E+01	-5.24027566E+01	3.22255176E-02	-1.43122883E-02
2.36034383E+01	-6.14650150E+01	3.22216810E-02	-1.43699475E-02
5.54836690E+00	-6.56302932E+01	3.22178397E-02	-1.44276723E-02
-1.29413180E+01	-6.45692768E+01	3.22139937E-02	-1.44854628E-02
-3.03813257E+01	-5.83733734E+01	3.22101431E-02	-1.45433196E-02
-4.53735839E+01	-4.75468659E+01	3.22062877E-02	-1.46012430E-02
-5.67185694E+01	-3.29659085E+01	3.22024276E-02	-1.46592334E-02
-6.35115718E+01	-1.58076900E+01	3.21985627E-02	-1.47172912E-02
-6.52151846E+01	2.54452014E+00	3.21946930E-02	-1.47754168E-02
-6.17022274E+01	2.06128024E+01	3.21908184E-02	-1.48336105E-02
-5.32656813E+01	3.69435391E+01	3.21869390E-02	-1.48918728E-02
-4.05948645E+01	5.02243383E+01	3.21830547E-02	-1.49502041E-02
-2.47197826E+01	5.93895501E+01	3.21791655E-02	-1.50086048E-02
-6.92813754E+00	6.37059187E+01	3.21752713E-02	-1.50670752E-02
1.13383348E+01	6.28315085E+01	3.21713722E-02	-1.51256158E-02
2.85998760E+01	5.68431919E+01	3.21674680E-02	-1.51842270E-02
4.34577570E+01	4.62305036E+01	3.21635589E-02	-1.52429091E-02
5.47068261E+01	3.18563650E+01	3.21596446E-02	-1.53016626E-02
6.14325323E+01	1.48878324E+01	3.21557253E-02	-1.53604879E-02
6.30846504E+01	-3.29757720E+00	3.21518009E-02	-1.54193854E-02
5.95218019E+01	-2.12224757E+01	3.21478713E-02	-1.54783556E-02
5.10232060E+01	-3.74282522E+01	3.21439365E-02	-1.55373987E-02
3.82667170E+01	-5.05922790E+01	3.21399966E-02	-1.55965153E-02
2.22749012E+01	-5.96342927E+01	3.21360514E-02	-1.56557058E-02
4.33346334E+00	-6.38034378E+01	3.21321010E-02	-1.57149705E-02
-1.41114582E+01	-6.27390025E+01	3.21281452E-02	-1.57743099E-02
-3.15689218E+01	-5.64999868E+01	3.21241842E-02	-1.58337244E-02
-4.66224990E+01	-4.55611288E+01	3.21202178E-02	-1.58932145E-02
-5.80437462E+01	-3.07756972E+01	3.21162460E-02	-1.59527806E-02
-6.48907679E+01	-1.33080112E+01	3.21122688E-02	-1.60124230E-02
-6.65839995E+01	5.45893563E+00	3.21082862E-02	-1.60721423E-02
-6.29531577E+01	2.40333839E+01	3.21042981E-02	-1.61319388E-02
-5.42516039E+01	4.09334905E+01	3.21003045E-02	-1.61918131E-02
-4.11369713E+01	5.48053252E+01	3.20963054E-02	-1.62517654E-02
-2.46195894E+01	6.45307819E+01	3.20923007E-02	-1.63117963E-02
-5.98281010E+00	6.93168088E+01	3.20882904E-02	-1.63719062E-02
1.33184261E+01	6.87588542E+01	3.20842745E-02	-1.64320955E-02
3.17727131E+01	6.28734792E+01	3.20802530E-02	-1.64923648E-02
4.79318364E+01	5.20975469E+01	3.20762258E-02	-1.65527143E-02
6.05254506E+01	3.72540574E+01	3.20721928E-02	-1.66131446E-02
6.85616677E+01	1.94873518E+01	3.20681541E-02	-1.66736562E-02
7.14055703E+01	1.72844563E-01	3.20641097E-02	-1.67342494E-02
6.88294277E+01	-1.91915374E+01	3.20600594E-02	-1.67949247E-02
6.10306443E+01	-3.71035801E+01	3.20560033E-02	-1.68556826E-02
4.86160413E+01	-5.21752834E+01	3.20519413E-02	-1.69165236E-02
3.25537470E+01	-6.32422369E+01	3.20478734E-02	-1.69774480E-02
1.40965429E+01	-6.94552038E+01	3.20437996E-02	-1.70384564E-02
-5.31722299E+00	-7.03466715E+01	3.20397198E-02	-1.70995492E-02
-2.41772701E+01	-6.58671225E+01	3.20356340E-02	-1.71607269E-02
-4.10205393E+01	-5.63881941E+01	3.20315422E-02	-1.72219899E-02
-5.45464121E+01	-4.26725260E+01	3.20274443E-02	-1.72833387E-02
-6.37188676E+01	-2.58127424E+01	3.20233403E-02	-1.73447738E-02
-6.78475059E+01	-7.14446111E+00	3.20192302E-02	-1.74062957E-02
-6.66410536E+01	1.18597253E+01	3.20151139E-02	-1.74679048E-02
-6.02291693E+01	2.97068518E+01	3.20109914E-02	-1.75296017E-02
-4.91508881E+01	4.50015009E+01	3.20068627E-02	-1.75913867E-02
-3.43107002E+01	5.65556866E+01	3.20027277E-02	-1.76532603E-02
-1.69058229E+01	6.34820101E+01	3.19985864E-02	-1.77152232E-02
1.66949078E+00	6.52627410E+01	3.19944387E-02	-1.77772757E-02
1.99349577E+01	6.17894084E+01	3.19902847E-02	-1.78394183E-02
3.64417345E+01	5.33698415E+01	3.19861243E-02	-1.79016515E-02
4.98870116E+01	4.07021945E+01	3.19819575E-02	-1.79639758E-02
5.92166455E+01	2.48181132E+01	3.19777842E-02	-1.80263918E-02
6.37077151E+01	6.99964934E+00	3.19736044E-02	-1.80888998E-02
6.30245103E+01	-1.13233984E+01	3.19694180E-02	-1.81515005E-02
5.72435887E+01	-2.86874989E+01	3.19652250E-02	-1.82141943E-02
4.68460093E+01	-4.37116637E+01	3.19610255E-02	-1.82769816E-02
3.26774709E+01	-5.52067323E+01	3.19568193E-02	-1.83398631E-02
1.58796304E+01	-6.22690025E+01	3.19526064E-02	-1.84028393E-02
-2.20183540E+00	-6.43508129E+01	3.19483867E-02	-1.84659105E-02
-2.01250310E+01	-6.13025427E+01	3.19441604E-02	-1.85290775E-02
-3.64668695E+01	-5.33827852E+01	3.19399272E-02	-1.85923406E-02
-4.99361421E+01	-4.12360013E+01	3.19356872E-02	-1.86557004E-02
-5.94756330E+01	-2.58395475E+01	3.19314403E-02	-1.87191574E-02
-6.43451817E+01	-8.42441282E+00	3.19271865E-02	-1.87827121E-02
-6.41791425E+01	9.62392273E+00	3.19229258E-02	-1.88463651E-02
-5.90137551E+01	2.68765282E+01	3.19186581E-02	-1.89101169E-02
-4.92823530E+01	4.19750585E+01	3.19143834E-02	-1.89739681E-02
-3.57789133E+01	5.37396761E+01	3.19101016E-02	-1.90379191E-02
-1.95929754E+01	6.12622633E+01	3.19058127E-02	-1.91019704E-02
-2.02123438E+00	6.39775352E+01	3.19015167E-02	-1.91661228E-02
1.55370397E+01	6.17064512E+01	3.18972136E-02	-1.92303766E-02
3.16923345E+01	5.46685588E+01	3.18929032E-02	-1.92947324E-02
4.51759660E+01	4.34623949E+01	3.18885856E-02	-1.93591908E-02
5.49410041E+01	2.90156304E+01	3.18842607E-02	-1.94237524E-02
6.02450060E+01	1.25090589E+01	3.18799285E-02	-1.94884176E-02
6.07079974E+01	-4.71938799E+00	3.18755889E-02	-1.95531871E-02
5.63411386E+01	-2.12828373E+01	3.18712419E-02	-1.96180613E-02
4.75438779E+01	-3.58571639E+01	3.18668874E-02	-1.96830409E-02
3.50699261E+01	-4.72872008E+01	3.18625255E-02	-1.97481264E-02
1.99648831E+01	-5.46789642E+01	3.18581561E-02	-1.98133184E-02
3.48061647E+00	-5.74705303E+01	3.18537791E-02	-1.98786175E-02
-1.30266618E+01	-5.54759342E+01	3.18493945E-02	-1.99440242E-02
-2.82063788E+01	-4.88986433E+01	3.18450022E-02	-2.00095391E-02
-4.08227802E+01	-3.83136030E+01	3.18406023E-02	-2.00751628E-02
-4.98545260E+01	-2.46193848E+01	3.18361946E-02	-2.01408959E-02
-5.45767136E+01	-8.96435982E+00	3.18317792E-02	-2.02067389E-02
-5.46187656E+01	7.34709996E+00	3.18273560E-02	-2.02726925E-02
-4.99935773E+01	2.29607964E+01	3.18229249E-02	-2.03387572E-02
-4.10956320E+01	3.65826829E+01	3.18184859E-02	-2.04049336E-02
-2.86682958E+01	4.70837791E+01	3.18140390E-02	-2.04712223E-02
-1.37429755E+01	5.35915820E+01	3.18095841E-02	-2.05376240E-02
2.44491472E+00	5.55606279E+01	3.18051212E-02	-2.06041392E-02
1.85563784E+01	5.28165505E+01	3.18006502E-02	-2.06707685E-02
3.32575437E+01	4.55701155E+01	3.17961711E-02	-2.07375126E-02
4.53278861E+01	3.44001322E+01	3.17916839E-02	-2.08043721E-02
5.37592522E+01	2.02066433E+01	3.17871885E-02	-2.08713475E-02
5.78377132E+01	4.13818513E+00	3.17826848E-02	-2.09384395E-02
5.72016681E+01	-1.25010118E+01	3.17781729E-02	-2.10056487E-02
5.18715276E+01	-2.83564032E+01	3.17736526E-02	-2.10729758E-02
4.22485972E+01	-4.21326074E+01	3.17691240E-02	-2.11404213E-02
2.90832537E+01	-5.26981687E+01	3.17645869E-02	-2.12079859E-02
1.34149746E+01	-5.91771818E+01	3.17600414E-02	-2.12756703E-02
-3.51095967E+00	-6.10204085E+01	3.17554874E-02	-2.13434751E-02
-2.03433998E+01	-5.80501677E+01	3.17509248E-02	-2.14114008E-02
-3.57338745E+01	-5.04753838E+01	3.17463536E-02	-2.14794483E-02
-4.84450352E+01	-3.88755763E+01	3.17417738E-02	-2.15476181E-02
-5.74502944E+01	-2.41550616E+01	3.17371853E-02	-2.16159108E-02
-6.20166574E+01	-7.47102831E+00	3.17325881E-02	-2.16843272E-02
-6.17640974E+01	9.85875906E+00	3.17279820E-02	-2.17528678E-02
-5.66967004E+01	2.64612402E+01	3.17233672E-02	-2.18215334E-02
-4.72030678E+01	4.10178953E+01	3.17187434E-02	-2.18903246E-02
-3.40259279E+01	5.23703428E+01	3.17141108E-02	-2.19592422E-02
-1.82033680E+01	5.96132438E+01	3.17094692E-02	-2.20282866E-02
-9.86374489E-01	6.21670702E+01	3.17048185E-02	-2.20974588E-02
1.62607392E+01	5.98249067E+01	3.17001588E-02	-2.21667592E-02
3.21690670E+01	5.27695276E+01	3.16954899E-02	-2.22361887E-02
4.54743230E+01	4.15593697E+01	3.16908119E-02	-2.23057479E-02
5.51178098E+01	2.70845016E+01	3.16861247E-02	-2.23754374E-02
6.03310768E+01	1.04960929E+01	3.16814282E-02	-2.24452581E-02
6.06975056E+01	-6.88500309E+00	3.16767223E-02	-2.25152105E-02
5.61858980E+01	-2.36732692E+01	3.16720071E-02	-2.25852955E-02
4.71533785E+01	-3.85287766E+01	3.16672825E-02	-2.26555137E-02
3.43173694E+01	-5.02638840E+01	3.16625485E-02	-2.27258658E-02
1.86988620E+01	-5.79378816E+01	3.16578049E-02	-2.27963525E-02
1.54149635E+00	-6.09320374E+01	3.16530517E-02	-2.28669746E-02
-1.57871119E+01	-5.89990689E+01	3.16482889E-02	-2.29377327E-02
-3.19039458E+01	-5.22830994E+01	3.16435164E-02	-2.30086277E-02
-4.55204249E+01	-4.13085107E+01	3.16387342E-02	-2.30796603E-02
-5.55447690E+01	-2.69385805E+01	3.16339423E-02	-2.31508311E-02
-6.11687520E+01	-1.03071967E+01	3.16291404E-02	-2.32221409E-02
-6.19319529E+01	7.27091788E+00	3.16243287E-02	-2.32935906E-02
-5.77584050E+01	2.44043296E+01	3.16195071E-02	-2.33651807E-02
-4.89627445E+01	3.97350915E+01	3.16146755E-02	-2.34369122E-02
-3.62253840E+01	5.20462596E+01	3.16098338E-02	-2.35087856E-02
-2.05387028E+01	6.03581927E+01	3.16049820E-02	-2.35808019E-02
-3.12854250E+00	6.40060030E+01	3.16001201E-02	-2.36529617E-02
1.46427388E+01	6.26920246E+01	3.15952479E-02	-2.37252659E-02
3.13839482E+01	5.65091626E+01	3.15903655E-02	-2.37977152E-02
4.57849203E+01	4.59333007E+01	3.15854727E-02	-2.38703104E-02
5.67198472E+01	3.17854071E+01	3.15805696E-02	-2.39430523E-02
6.33358887E+01	1.51663823E+01	3.15756560E-02	-2.40159416E-02
6.51200605E+01	-2.63014481E+00	3.15707320E-02	-2.40889793E-02
6.19391300E+01	-2.02201261E+01	3.15657974E-02	-2.41621660E-02
5.40494037E+01	-3.62383703E+01	3.15608521E-02	-2.42355025E-02
4.20756859E+01	-4.94461124E+01	3.15558963E-02	-2.43089898E-02
2.69611365E+01	-5.88283493E+01	3.15509296E-02	-2.43826285E-02
9.89206497E+00	-6.36732502E+01	3.15459523E-02	-2.44564196E-02
-7.79632177E+00	-6.36273813E+01	3.15409640E-02	-2.45303638E-02
-2.47256976E+01	-5.87224260E+01	3.15359649E-02	-2.46044620E-02
-3.95835060E+01	-4.93713497E+01	3.15309548E-02	-2.46787149E-02
-5.12263119E+01	-3.63343940E+01	3.15259337E-02	-2.47531235E-02
-5.87694343E+01	-2.06576787E+01	3.15209014E-02	-2.48276886E-02
-6.16557822E+01	-3.58936091E+00	3.15158581E-02	-2.49024110E-02
-5.96984924E+01	1.35199271E+01	3.15108035E-02	-2.49772916E-02
-5.30940602E+01	2.93244097E+01	3.15057377E-02	-2.50523312E-02
-4.24050124E+01	4.25897200E+01	3.15006606E-02	-2.51275308E-02
-2.85135941E+01	5.22902069E+01	3.14955721E-02	-2.52028911E-02
-1.25502451E+01	5.76892941E+01	3.14904721E-02	-2.52784130E-02
4.19736493E+00	5.83965550E+01	3.14853606E-02	-2.53540975E-02
2.03874406E+01	5.43970413E+01	3.14802375E-02	-2.54299454E-02
3.47310590E+01	4.60506244E+01	3.14751028E-02	-2.55059576E-02
4.60945290E+01	3.40615034E+01	3.14699563E-02	-2.55821349E-02
5.35889746E+01	1.94204117E+01	3.14647981E-02	-2.56584784E-02
5.66400474E+01	3.32421886E+00	3.14596281E-02	-2.57349889E-02
5.50322798E+01	-1.29205839E+01	3.14544461E-02	-2.58116673E-02
4.89246262E+01	-2.80027619E+01	3.14492522E-02	-2.58885145E-02
3.88360516E+01	-4.07111837E+01	3.14440463E-02	-2.59655315E-02
2.56024197E+01	-5.00312657E+01	3.14388282E-02	-2.60427191E-02
1.03082180E+01	-5.52253423E+01	3.14335980E-02	-2.61200784E-02
-5.80134252E+00	-5.58905936E+01	3.14283555E-02	-2.61976102E-02
-2.14207625E+01	-5.19899759E+01	3.14231008E-02	-2.62753156E-02
-3.52891563E+01	-4.38537668E+01	3.14178336E-02	-2.63531954E-02
-4.62912166E+01	-3.21516974E+01	3.14125540E-02	-2.64312506E-02
-5.35461762E+01	-1.78379892E+01	3.14072619E-02	-2.65094822E-02
-5.64776844E+01	-2.07377945E+00	3.14019573E-02	-2.65878911E-02
-5.48590611E+01	1.38667901E+01	3.13966399E-02	-2.66664784E-02
-4.88303764E+01	2.86992517E+01	3.13913099E-02	-2.67452450E-02
-3.88860675E+01	4.12320101E+01	3.13859670E-02	-2.68241919E-02
-2.58341656E+01	5.04617906E+01	3.13806113E-02	-2.69033200E-02
-1.07304778E+01	5.56537096E+01	3.13752427E-02	-2.69826305E-02
5.20693789E+00	5.63995887E+01	3.13698610E-02	-2.70621243E-02
2.06960957E+01	5.26498940E+01	3.13644662E-02	-2.71418023E-02
3.44942905E+01	4.47168022E+01	3.13590583E-02	-2.72216658E-02
4.54979026E+01	3.32482165E+01	3.13536372E-02	-2.73017155E-02
5.28307999E+01	1.91748828E+01	3.13482028E-02	-2.73819527E-02
5.59142743E+01	3.63490648E+00	3.13427549E-02	-2.74623783E-02
5.45129363E+01	-1.21182265E+01	3.13372936E-02	-2.75429934E-02
4.87529374E+01	-2.68167102E+01	3.13318188E-02	-2.76237990E-02
3.91111091E+01	-3.92804348E+01	3.13263304E-02	-2.77047963E-02
2.63759454E+01	-4.85117693E+01	3.13208283E-02	-2.77859862E-02
1.15836090E+01	-5.37755166E+01	3.13153124E-02	-2.78673698E-02
-4.06586120E+00	-5.46576495E+01	3.13097826E-02	-2.79489482E-02
-1.93053830E+01	-5.10981468E+01	3.13042390E-02	-2.80307226E-02
-3.29029155E+01	-4.33953325E+01	3.12986813E-02	-2.81126940E-02
-4.37605918E+01	-3.21814118E+01	3.12931096E-02	-2.81948634E-02
-5.10029496E+01	-1.83712049E+01	3.12875237E-02	-2.82772321E-02
-5.40471917E+01	-3.08822567E+00	3.12819236E-02	-2.83598011E-02
-5.26498590E+01	1.24259335E+01	3.12763091E-02	-2.84425716E-02
-4.69261976E+01	2.69116243E+01	3.12706802E-02	-2.85255447E-02
-3.73406923E+01	3.91925356E+01	3.12650369E-02	-2.86087215E-02
-2.46695551E+01	4.82703220E+01	3.12593789E-02	-2.86921032E-02
-9.93820011E+00	5.34048847E+01	3.12537063E-02	-2.87756909E-02
5.66125948E+00	5.41738743E+01	3.12480190E-02	-2.88594858E-02
2.08658619E+01	5.05066639E+01	3.12423169E-02	-2.89434890E-02
3.44433017E+01	4.26900814E+01	3.12365998E-02	-2.90277018E-02
4.52909495E+01	3.13454630E+01	3.12308677E-02	-2.91121254E-02
5.25244526E+01	1.73788804E+01	3.12251206E-02	-2.91967608E-02
5.55488227E+01	1.90854445E+00	3.12193583E-02	-2.92816094E-02
5.41063273E+01	-1.38247884E+01	3.12135807E-02	-2.93666723E-02
4.82973576E+01	-2.85572263E+01	3.12077878E-02	-2.94519507E-02
3.85726158E+01	-4.11030057E+01	3.12019794E-02	-2.95374459E-02
2.56972571E+01	-5.04495026E+01	3.11961556E-02	-2.96231592E-02
1.06898672E+01	-5.58383943E+01	3.11903161E-02	-2.97090917E-02
-5.25883525E+00	-5.68264822E+01	3.11844609E-02	-2.97952447E-02
-2.08810626E+01	-5.33213222E+01	3.11785899E-02	-2.98816194E-02
-3.49331837E+01	-4.55888229E+01	3.11727030E-02	-2.99682172E-02
-4.62950198E+01	-3.42322148E+01	3.11668001E-02	-3.00550393E-02
-5.40592782E+01	-2.01440836E+01	3.11608811E-02	-3.01420870E-02
-5.76039855E+01	-4.43530921E+00	3.11549460E-02	-3.02293616E-02
-5.66421442E+01	1.16534051E+01	3.11489946E-02	-3.03168644E-02
-5.12446594E+01	2.68503413E+01	3.11430269E-02	-3.04045967E-02
-4.18347219E+01	3.99540241E+01	3.11370427E-02	-3.04925598E-02
-2.91541099E+01	4.99288448E+01	3.11310419E-02	-3.05807551E-02
-1.42041165E+01	5.59874295E+01	3.11250245E-02	-3.06691839E-02
1.83416966E+00	5.76531900E+01	3.11189903E-02	-3.07578475E-02
1.76938599E+01	5.47980848E+01	3.11129393E-02	-3.08467473E-02
3.21230314E+01	4.76525996E+01	3.11068713E-02	-3.09358848E-02
4.39842274E+01	3.67871747E+01	3.11007863E-02	-3.10252612E-02
5.23447624E+01	2.30665845E+01	3.10946841E-02	-3.11148779E-02
5.65506453E+01	7.58093104E+00	3.10885647E-02	-3.12047363E-02
5.62782475E+01	-8.44122700E+00	3.10824279E-02	-3.12948380E-02
5.15596234E+01	-2.37306696E+01	3.10762736E-02	-3.13851842E-02
4.27794959E+01	-3.70784320E+01	3.10701018E-02	-3.14757763E-02
3.06441818E+01	-4.74318000E+01	3.10639123E-02	-3.15666160E-02
1.61249659E+01	-5.39777437E+01	3.10577051E-02	-3.16577045E-02
3.80470138E-01	-5.62071607E+01	3.10514799E-02	-3.17490433E-02
-1.53357728E+01	-5.39548374E+01	3.10452368E-02	-3.18406339E-02
-2.97751560E+01	-4.74119805E+01	3.10389755E-02	-3.19324779E-02
-4.17932843E+01	-3.71103610E+01	3.10326961E-02	-3.20245766E-02
-5.04407989E+01	-2.38793762E+01	3.10263983E-02	-3.21169316E-02
-5.50385228E+01	-8.77949312E+00	3.10200822E-02	-3.22095444E-02
-5.52309625E+01	6.98258626E+00	3.10137474E-02	-3.23024165E-02
-5.10139420E+01	2.21502505E+01	3.10073940E-02	-3.23955494E-02
-4.27342105E+01	3.55170996E+01	3.10010219E-02	-3.24889447E-02
-3.10611028E+01	4.60228789E+01	3.09946309E-02	-3.25826040E-02
-1.69325614E+01	5.28375877E+01	3.09882209E-02	-3.26765288E-02
-1.47986611E+00	5.54270822E+01	3.09817917E-02	-3.27707207E-02
1.40628900E+01	5.35949777E+01	3.09753434E-02	-3.28651813E-02
2.84573356E+01	4.74975538E+01	3.09688757E-02	-3.29599121E-02
4.05594970E+01	3.76305257E+01	3.09623885E-02	-3.30549149E-02
4.94107495E+01	2.47887884E+01	3.09558818E-02	-3.31501912E-02
5.43138051E+01	1.00023958E+01	3.09493553E-02	-3.32457426E-02
5.48877091E+01	-5.54607552E+00	3.09428091E-02	-3.33415709E-02
5.10974985E+01	-2.06161508E+01	3.09362428E-02	-3.34376776E-02
4.32562060E+01	-3.40085012E+01	3.09296566E-02	-3.35340645E-02
3.19991064E+01	-4.46604969E+01	3.09230501E-02	-3.36307332E-02
1.82323107E+01	-5.17306556E+01	3.09164233E-02	-3.37276854E-02
3.05986222E+00	-5.46652684E+01	3.09097760E-02	-3.38249229E-02
-1.23048061E+01	-5.32419248E+01	3.09031082E-02	-3.39224474E-02
-2.66359583E+01	-4.75865062E+01	3.08964197E-02	-3.40202605E-02
-3.87934189E+01	-3.81623465E+01	3.08897104E-02	-3.41183641E-02
-4.78134019E+01	-2.57324774E+01	3.08829801E-02	-3.42167600E-02
-5.29850682E+01	-1.12980265E+01	3.08762287E-02	-3.43154498E-02
-5.39067266E+01	3.98226785E+00	3.08694561E-02	-3.44144355E-02
-5.05172319E+01	1.88849632E+01	3.08626622E-02	-3.45137187E-02
-4.31001204E+01	3.22197969E+01	3.08558467E-02	-3.46133014E-02
-3.22602039E+01	4.29247223E+01	3.08490097E-02	-3.47131853E-02
-1.88745444E+01	5.01505119E+01	3.08421508E-02	-3.48133723E-02
-4.02177423E+00	5.33281901E+01	3.08352701E-02	-3.49138642E-02
1.11045544E+01	5.22139403E+01	3.08283674E-02	-3.50146630E-02
2.52916366E+01	4.69079415E+01	3.08214425E-02	-3.51157705E-02
3.74044412E+01	3.78456756E+01	3.08144952E-02	-3.52171886E-02
4.64763412E+01	2.57624510E+01	3.08075255E-02	-3.53189193E-02
5.17861178E+01	1.16340226E+01	3.08005332E-02	-3.54209644E-02
5.29152100E+01	-3.40190359E+00	3.07935182E-02	-3.55233260E-02
4.97806679E+01	-1.81369771E+01	3.07864802E-02	-3.56260059E-02
4.26412186E+01	-3.13890022E+01	3.07794193E-02	-3.57290062E-02
3.20760037E+01	-4.20964859E+01	3.07723351E-02	-3.58323289E-02
1.89377334E+01	-4.94033811E+01	3.07652277E-02	-3.59359759E-02
4.28404243E+00	-5.27272710E+01	3.07580967E-02	-3.60399493E-02
-1.07074336E+01	-5.18055694E+01	3.07509421E-02	-3.61442512E-02
-2.48334474E+01	-4.67160826E+01	3.07437637E-02	-3.62488835E-02
-3.69614382E+01	-3.78703257E+01	3.07365614E-02	-3.63538484E-02
-4.61200419E+01	-2.59801717E+01	3.07293350E-02	-3.64591480E-02
-5.15765878E+01	-1.20005368E+01	3.07220844E-02	-3.65647843E-02
-5.28954101E+01	2.94728289E+00	3.07148093E-02	-3.66707596E-02
-4.99723431E+01	1.76654694E+01	3.07075097E-02	-3.67770758E-02
-4.30426781E+01	3.09755386E+01	3.07001853E-02	-3.68837352E-02
-3.26619844E+01	4.18125258E+01	3.06928361E-02	-3.69907400E-02
-1.96613652E+01	4.93099814E+01	3.06854618E-02	-3.70980924E-02
-5.08075767E+00	5.28689997E+01	3.06780623E-02	-3.72057945E-02
9.91436474E+00	5.22057897E+01	3.06706374E-02	-3.73138486E-02
2.41262115E+01	4.73740196E+01	3.06631869E-02	-3.74222569E-02
3.64203592E+01	3.87601848E+01	3.06557108E-02	-3.75310218E-02
4.58162564E+01	2.70524076E+01	3.06482087E-02	-3.76401454E-02
5.15653307E+01	1.31851964E+01	3.06406806E-02	-3.77496301E-02
5.32104797E+01	-1.73539236E+00	3.06331263E-02	-3.78594782E-02
5.06222242E+01	-1.65201867E+01	3.06255456E-02	-3.79696920E-02
4.40086698E+01	-2.99918494E+01	3.06179382E-02	-3.80802740E-02
3.38985206E+01	-4.10787585E+01	3.06103042E-02	-3.81912264E-02
2.10985399E+01	-4.89003269E+01	3.06026432E-02	-3.83025517E-02
6.62888869E+00	-5.28369664E+01	3.05949551E-02	-3.84142523E-02
-8.35846362E+00	-5.25791356E+01	3.05872396E-02	-3.85263306E-02
-2.26717228E+01	-4.81515919E+01	3.05794967E-02	-3.86387891E-02
-3.51742917E+01	-3.99109482E+01	3.05717262E-02	-3.87516302E-02
-4.48752469E+01	-2.85167746E+01	3.05639278E-02	-3.88648565E-02
-5.10080576E+01	-1.48785897E+01	3.05561013E-02	-3.89784705E-02
-5.30912895E+01	-8.30106583E-02	3.05482466E-02	-3.90924747E-02
-5.09664791E+01	1.46930940E+01	3.05403635E-02	-3.92068717E-02
-4.48101968E+01	2.82764994E+01	3.05324518E-02	-3.93216640E-02
-3.51193815E+01	3.95910635E+01	3.05245113E-02	-3.94368543E-02
-2.26711625E+01	4.77432605E+01	3.05165417E-02	-3.95524452E-02
-8.46041877E+00	5.20929985E+01	3.05085430E-02	-3.96684393E-02
6.37990213E+00	5.23041002E+01	3.05005148E-02	-3.97848393E-02
2.06693197E+01	4.83704568E+01	3.04924571E-02	-3.99016480E-02
3.32739666E+01	4.06158148E+01	3.04843695E-02	-4.00188679E-02
4.31968295E+01	2.96672633E+01	3.04762519E-02	-4.01365019E-02
4.96568908E+01	1.64045856E+01	3.04681041E-02	-4.02545527E-02
5.21508814E+01	1.88956670E+00	3.04599259E-02	-4.03730231E-02
5.04927492E+01	-1.27190672E+01	3.04517170E-02	-4.04919160E-02
4.48277396E+01	-2.62582571E+01	3.04434773E-02	-4.06112341E-02
3.56200159E+01	-3.76533647E+01	3.04352065E-02	-4.07309803E-02
2.36148602E+01	-4.60036657E+01	3.04269044E-02	-4.08511574E-02
9.77852590E+00	-5.06537750E+01	3.04185708E-02	-4.09717685E-02
-4.77941151E+00	-5.12453302E+01	3.04102055E-02	-4.10928165E-02
-1.88949699E+01	-4.77448489E+01	3.04018083E-02	-4.12143042E-02
-3.14428178E+01	-4.04455840E+01	3.03933788E-02	-4.13362347E-02
-4.14260342E+01	-2.99432839E+01	3.03849170E-02	-4.14586110E-02
-4.80554085E+01	-1.70878484E+01	3.03764225E-02	-4.15814361E-02
-5.08119678E+01	-2.91479116E+00	3.03678952E-02	-4.17047131E-02
-4.94877714E+01	1.14379716E+01	3.03593348E-02	-4.18284451E-02
-4.42017583E+01	2.48213291E+01	3.03507410E-02	-4.19526352E-02
-3.53894319E+01	3.61668734E+01	3.03421137E-02	-4.20772865E-02
-2.37672622E+01	4.45721420E+01	3.03334526E-02	-4.22024023E-02
-1.02746999E+01	4.93724030E+01	3.03247575E-02	-4.23279857E-02
4.00151339E+00	5.01932740E+01	3.03160280E-02	-4.24540400E-02
1.79146543E+01	4.69800033E+01	3.03072640E-02	-4.25805684E-02
3.03499396E+01	4.00011201E+01	3.02984653E-02	-4.27075742E-02
4.03137004E+01	2.98262109E+01	3.02896315E-02	-4.28350607E-02
4.70126829E+01	1.72796501E+01	3.02807624E-02	-4.29630313E-02
4.99171483E+01	3.37403158E+00	3.02718577E-02	-4.30914894E-02
4.88027555E+01	-1.07713348E+01	3.02629173E-02	-4.32204383E-02
4.37679147E+01	-2.40203132E+01	3.02539408E-02	-4.33498815E-02
3.52252661E+01	-3.53110108E+01	3.02449280E-02	-4.34798226E-02
2.38680121E+01	-4.37407343E+01	3.02358785E-02	-4.36102649E-02
1.06138407E+01	-4.86380469E+01	3.02267923E-02	-4.37412120E-02
-3.46903328E+00	-4.96161787E+01	3.02176689E-02	-4.38726675E-02
-1.72477614E+01	-4.66035462E+01	3.02085080E-02	-4.40046350E-02
-2.96157925E+01	-3.98489752E+01	3.01993095E-02	-4.41371181E-02
-3.95815550E+01	-2.99012472E+01	3.01900731E-02	-4.42701205E-02
-4.63477956E+01	-1.75646462E+01	3.01807984E-02	-4.44036459E-02
-4.93752338E+01	-3.83409990E+00	3.01714852E-02	-4.45376980E-02
-4.84254612E+01	1.01848634E+01	3.01621332E-02	-4.46722806E-02
-4.35796767E+01	2.33649132E+01	3.01527420E-02	-4.48073975E-02
-3.52317927E+01	3.46473489E+01	3.01433115E-02	-4.49430526E-02
-2.40564945E+01	4.31269247E+01	3.01338413E-02	-4.50792496E-02
-1.09548425E+01	4.81242826E+01	3.01243311E-02	-4.52159926E-02
3.01820215E+00	4.92402096E+01	3.01147806E-02	-4.53532855E-02
1.67385051E+01	4.63873979E+01	3.01051896E-02	-4.54911323E-02
2.91029452E+01	3.97971887E+01	3.00955576E-02	-4.56295370E-02
3.91178339E+01	3.00007883E+01	3.00858844E-02	-4.57685036E-02
4.59784950E+01	1.77864846E+01	3.00761698E-02	-4.59080363E-02
4.91336420E+01	4.13631244E+00	3.00664132E-02	-4.60481391E-02
4.83294194E+01	-9.85274554E+00	3.00566145E-02	-4.61888164E-02
4.36296002E+01	-2.30567034E+01	3.00467734E-02	-4.63300723E-02
3.54103461E+01	-3.44146182E+01	3.00368894E-02	-4.64719110E-02
2.43299709E+01	-4.30135340E+01	3.00269623E-02	-4.66143369E-02
1.12761456E+01	-4.81615331E+01	3.00169918E-02	-4.67573543E-02
-2.70521428E+00	-4.94430645E+01	3.00069774E-02	-4.69009676E-02
-1.64936804E+01	-4.67521372E+01	2.99969189E-02	-4.70451812E-02
-2.89839582E+01	-4.03007438E+01	2.99868159E-02	-4.71899997E-02
-3.91742798E+01	-3.06018585E+01	2.99766681E-02	-4.73354274E-02
-4.62464801E+01	-1.84283870E+01	2.99664750E-02	-4.74814690E-02
-4.96313654E+01	-4.75136574E+00	2.99562365E-02	-4.76281291E-02
-4.90541615E+01	9.33763849E+00	2.99459521E-02	-4.77754123E-02
-4.45564282E+01	2.27137189E+01	2.99356214E-02	-4.79233233E-02
-3.64927062E+01	3.43084408E+01	2.99252441E-02	-4.80718669E-02
-2.55021827E+01	4.31951027E+01	2.99148198E-02	-4.82210478E-02
-1.24576559E+01	4.86626451E+01	2.99043482E-02	-4.83708709E-02
1.60411125E+00	5.02723180E+01	2.98938288E-02	-4.85213411E-02
1.55650770E+01	4.78925977E+01	2.98832613E-02	-4.86724632E-02
2.83150408E+01	4.17095872E+01	2.98726453E-02	-4.88242424E-02
3.88400828E+01	3.22120896E+01	2.98619805E-02	-4.89766836E-02
4.63032728E+01	2.01525664E+01	2.98512663E-02	-4.91297918E-02
5.01112203E+01	6.48711659E+00	2.98405025E-02	-4.92835723E-02
4.99611739E+01	-7.70072161E+00	2.98296886E-02	-4.94380302E-02
4.58649354E+01	-2.12862564E+01	2.98188242E-02	-4.95931707E-02
3.81477074E+01	-3.31931302E+01	2.98079090E-02	-4.97489992E-02
2.74219911E+01	-4.24788756E+01	2.97969424E-02	-4.99055210E-02
1.45386433E+01	-4.84097296E+01	2.97859241E-02	-5.00627414E-02
5.19016057E-01	-5.05187579E+01	2.97748537E-02	-5.02206660E-02
-1.35263926E+01	-4.86426813E+01	2.97637307E-02	-5.03793003E-02
-2.64862817E+01	-4.29344987E+01	2.97525548E-02	-5.05386498E-02
-3.73368408E+01	-3.38509328E+01	2.97413253E-02	-5.06987201E-02
-4.52229631E+01	-2.21157334E+01	2.97300420E-02	-5.08595169E-02
-4.95259235E+01	-8.66179533E+00	2.97187044E-02	-5.10210461E-02
-4.99121529E+01	5.44327113E+00	2.97073120E-02	-5.11833133E-02
-4.63592559E+01	1.90821641E+01	2.96958644E-02	-5.13463244E-02
-3.91572379E+01	3.11767242E+01	2.96843611E-02	-5.15100854E-02
-2.88848837E+01	4.07734998E+01	2.96728016E-02	-5.16746023E-02
-1.63632125E+01	4.71192384E+01	2.96611855E-02	-5.18398810E-02
-2.58975544E+00	4.97203115E+01	2.96495123E-02	-5.20059278E-02
1.13410777E+01	4.83813717E+01	2.96377815E-02	-5.21727488E-02
2.43251753E+01	4.32202048E+01	2.96259927E-02	-5.23403501E-02
3.53364891E+01	3.46576394E+01	2.96141453E-02	-5.25087383E-02
4.35083980E+01	2.33833675E+01	2.96022388E-02	-5.26779195E-02
4.82022041E+01	1.03004483E+01	2.95902727E-02	-5.28479004E-02
4.90573337E+01	-3.54704198E+00	2.95782466E-02	-5.30186873E-02
4.60192829E+01	-1.70574147E+01	2.95661599E-02	-5.31902869E-02
3.93431310E+01	-2.91591600E+01	2.95540121E-02	-5.33627058E-02
2.95723951E+01	-3.88961210E+01	2.95418026E-02	-5.35359508E-02
1.74949665E+01	-4.55032698E+01	2.95295310E-02	-5.37100286E-02
4.07969355E+00	-4.84670684E+01	2.95171967E-02	-5.38849461E-02
-9.60129118E+00	-4.75656386E+01	2.95047991E-02	-5.40607104E-02
-2.24582734E+01	-4.28855863E+01	2.94923377E-02	-5.42373283E-02
-3.34708370E+01	-3.48141932E+01	2.94798119E-02	-5.44148071E-02
-4.17689911E+01	-2.40076576E+01	2.94672212E-02	-5.45931538E-02
-4.67020860E+01	-1.13379743E+01	2.94545651E-02	-5.47723758E-02
-4.78900512E+01	2.17725746E+00	2.94418428E-02	-5.49524804E-02
-4.52529082E+01	1.54564564E+01	2.94290539E-02	-5.51334750E-02
-3.90162557E+01	2.74405704E+01	2.94161977E-02	-5.53153672E-02
-2.96923477E+01	3.71775591E+01	2.94032736E-02	-5.54981644E-02
-1.80383330E+01	4.38981082E+01	2.93902812E-02	-5.56818745E-02
-4.99504586E+00	4.70765507E+01	2.93772196E-02	-5.58665051E-02
8.38871742E+00	4.64721638E+01	2.93640884E-02	-5.60520641E-02
2.10403517E+01	4.21475902E+01	2.93508868E-02	-5.62385594E-02
3.19492838E+01	3.44629646E+01	2.93376143E-02	-5.64259991E-02
4.02476360E+01	2.40462720E+01	2.93242702E-02	-5.66143913E-02
4.52792776E+01	1.17423614E+01	2.93108538E-02	-5.68037442E-02
4.66517702E+01	-1.45526043E+00	2.92973646E-02	-5.69940660E-02
4.42670926E+01	-1.44843634E+01	2.92838017E-02	-5.71853653E-02
3.83287342E+01	-2.62992382E+01	2.92701647E-02	-5.73776505E-02
2.93246411E+01	-3.59544214E+01	2.92564527E-02	-5.75709301E-02
1.79874312E+01	-4.26802062E+01	2.92426651E-02	-5.77652129E-02
5.23510703E+00	-4.59439164E+01	2.92288012E-02	-5.79605077E-02
-7.90294790E+00	-4.54920683E+01	2.92148602E-02	-5.81568234E-02
-2.03687401E+01	-4.13700862E+01	2.92008415E-02	-5.83541690E-02
-3.11605618E+01	-3.39180366E+01	2.91867444E-02	-5.85525535E-02
-3.94132123E+01	-2.37427678E+01	2.91725680E-02	-5.87519862E-02
-4.44671336E+01	-1.16687293E+01	2.91583117E-02	-5.89524765E-02
-4.59209443E+01	1.32855419E+00	2.91439747E-02	-5.91540336E-02
-4.36631957E+01	1.42009983E+01	2.91295563E-02	-5.93566673E-02
-3.78808438E+01	2.59121575E+01	2.91150556E-02	-5.95603872E-02
-2.90437956E+01	3.55203572E+01	2.91004719E-02	-5.97652029E-02
-1.78668056E+01	4.22541037E+01	2.90858044E-02	-5.99711245E-02
-5.25180866E+00	4.55737484E+01	2.90710522E-02	-6.01781619E-02
7.78466628E+00	4.52144881E+01	2.90562147E-02	-6.03863252E-02
2.01931678E+01	4.12072870E+01	2.90412909E-02	-6.05956248E-02
3.09755285E+01	3.38760743E+01	2.90262801E-02	-6.08060709E-02
3.92648619E+01	2.38114759E+01	2.90111813E-02	-6.10176741E-02
4.43949518E+01	1.18232109E+01	2.89959937E-02	-6.12304450E-02
4.59534933E+01	-1.12500847E+00	2.89807165E-02	-6.14443944E-02
4.38149441E+01	-1.39928424E+01	2.89653488E-02	-6.16595331E-02
3.81503805E+01	-2.57467494E+01	2.89498896E-02	-6.18758723E-02
2.94135966E+01	-3.54427895E+01	2.89343382E-02	-6.20934230E-02
1.83045845E+01	-4.23021805E+01	2.89186935E-02	-6.23121965E-02
5.71334124E+00	-4.57735716E+01	2.89029547E-02	-6.25322043E-02
-7.35148094E+00	-4.55770657E+01	2.88871207E-02	-6.27534580E-02
-1.98433610E+01	-4.17264905E+01	2.88711908E-02	-6.29759693E-02
-3.07616610E+01	-3.45281574E+01	2.88551638E-02	-6.31997501E-02
-3.92316454E+01	-2.45562327E+01	2.88390389E-02	-6.34248123E-02
-4.45743742E+01	-1.26067116E+01	2.88228150E-02	-6.36511683E-02
-4.63608950E+01	3.66304617E-01	2.88064912E-02	-6.38788303E-02
-4.44464164E+01	1.33269197E+01	2.87900664E-02	-6.41078108E-02
-3.89817541E+01	2.52402315E+01	2.87735395E-02	-6.43381224E-02
-3.04011562E+01	3.51549798E+01	2.87569096E-02	-6.45697779E-02
-1.93875032E+01	4.22794514E+01	2.87401756E-02	-6.48027905E-02
-6.81768606E+00	4.60445889E+01	2.87233364E-02	-6.50371730E-02
6.30745942E+00	4.61492748E+01	2.87063910E-02	-6.52729390E-02
1.89430494E+01	4.25841967E+01	2.86893382E-02	-6.55101018E-02
3.00834951E+01	3.56324102E+01	2.86721769E-02	-6.57486752E-02
3.88426350E+01	2.58465789E+01	2.86549059E-02	-6.59886729E-02
4.45242681E+01	1.40047355E+01	2.86375242E-02	-6.62301090E-02
4.66774692E+01	1.04811489E+00	2.86200306E-02	-6.64729977E-02
4.51322935E+01	-1.19939570E+01	2.86024238E-02	-6.67173534E-02
4.00130450E+01	-2.40861152E+01	2.85847028E-02	-6.69631906E-02
3.17280799E+01	-3.42693945E+01	2.85668662E-02	-6.72105242E-02
2.09369861E+01	-4.17374796E+01	2.85489128E-02	-6.74593690E-02
8.49778880E+00	-4.59006973E+01	2.85308414E-02	-6.77097404E-02
-4.60158330E+00	-4.64326629E+01	2.85126507E-02	-6.79616536E-02
-1.73220840E+01	-4.32958886E+01	2.84943395E-02	-6.82151242E-02
-2.86562916E+01	-3.67443414E+01	2.84759064E-02	-6.84701681E-02
-3.77085050E+01	-2.73027833E+01	2.84573501E-02	-6.87268012E-02
-4.37658140E+01	-1.57245759E+01	2.84386693E-02	-6.89850398E-02
-4.63544909E+01	-2.93134788E+00	2.84198625E-02	-6.92449003E-02
-4.52772348E+01	1.00606347E+01	2.84009285E-02	-6.95063994E-02
-4.06283307E+01	2.22215034E+01	2.83818658E-02	-6.97695539E-02
-3.27855542E+01	3.25897546E+01	2.83626729E-02	-7.00343811E-02
-2.23795086E+01	4.03486125E+01	2.83433485E-02	-7.03008983E-02
-1.02428818E+01	4.48907095E+01	2.83238911E-02	-7.05691232E-02
2.65629559E+00	4.58659502E+01	2.83042991E-02	-7.08390735E-02
1.52920357E+01	4.32087725E+01	2.82845711E-02	-7.11107673E-02
2.66622313E+01	3.71426736E+01	2.82647055E-02	-7.13842232E-02
3.58684108E+01	2.81616846E+01	2.82447008E-02	-7.16594596E-02
4.21870508E+01	1.69903180E+01	2.82245554E-02	-7.19364955E-02
4.51267763E+01	4.52522736E+00	2.82042677E-02	-7.22153501E-02
4.44669119E+01	-8.23672748E+00	2.81838361E-02	-7.24960427E-02
4.02743478E+01	-2.02782415E+01	2.81632588E-02	-7.27785930E-02
3.28974195E+01	-3.06427684E+01	2.81425343E-02	-7.30630212E-02
2.29373379E+01	-3.85106824E+01	2.81216607E-02	-7.33493473E-02
1.11995000E+01	-4.32643268E+01	2.81006365E-02	-7.36375922E-02
-1.37139057E+00	-4.45367795E+01	2.80794597E-02	-7.39277765E-02
-1.37671755E+01	-4.22404733E+01	2.80581287E-02	-7.42199215E-02
-2.49969835E+01	-3.65734290E+01	2.80366416E-02	-7.45140486E-02
-3.41664001E+01	-2.80026485E+01	2.80149965E-02	-7.48101797E-02
-4.05487415E+01	-1.72260447E+01	2.79931916E-02	-7.51083370E-02
-4.36427524E+01	-5.11599416E+00	2.79712250E-02	-7.54085428E-02
-4.32121407E+01	7.35093590E+00	2.79490947E-02	-7.57108200E-02
-3.93038272E+01	1.91724398E+01	2.79267988E-02	-7.60151916E-02
-3.22434904E+01	2.94008135E+01	2.79043353E-02	-7.63216812E-02
-2.26088087E+01	3.72187531E+01	2.78817021E-02	-7.66303126E-02
-1.11825828E+01	4.20045560E+01	2.78588971E-02	-7.69411100E-02
1.11047356E+00	4.33815264E+01	2.78359184E-02	-7.72540980E-02
1.32781855E+01	4.12476623E+01	2.78127636E-02	-7.75693014E-02
2.43406334E+01	3.57832802E+01	2.77894307E-02	-7.78867456E-02
3.34087434E+01	2.74360068E+01	2.77659175E-02	-7.82064563E-02
3.97554622E+01	1.68843764E+01	2.77422217E-02	-7.85284596E-02
4.28738288E+01	4.98298180E+00	2.77183410E-02	-7.88527821E-02
4.25173155E+01	-7.30639900E+00	2.76942732E-02	-7.91794505E-02
3.87192316E+01	-1.89921664E+01	2.76700158E-02	-7.95084923E-02
3.17896681E+01	-2.91325449E+01	2.76455664E-02	-7.98399353E-02
2.22902565E+01	-3.69111293E+01	2.76209227E-02	-8.01738075E-02
1.09887934E+01	-4.17022877E+01	2.75960820E-02	-8.05101378E-02
-1.20261096E+00	-4.31211949E+01	2.75710420E-02	-8.08489551E-02
-1.33008890E+01	-4.10545088E+01	2.75458000E-02	-8.11902890E-02
-2.43309874E+01	-3.56692527E+01	2.75203535E-02	-8.15341697E-02
-3.34041276E+01	-2.73992166E+01	2.74946997E-02	-8.18806276E-02
-3.97890862E+01	-1.69099879E+01	2.74688359E-02	-8.22296937E-02
-4.29707980E+01	-5.04543069E+00	2.74427595E-02	-8.25813995E-02
-4.26915988E+01	7.24008631E+00	2.74164676E-02	-8.29357771E-02
-3.89718220E+01	1.89582751E+01	2.73899573E-02	-8.32928591E-02
-3.21081149E+01	2.91661930E+01	2.73632257E-02	-8.36526784E-02
-2.26496268E+01	3.70418397E+01	2.73362700E-02	-8.40152689E-02
-1.13539870E+01	4.19500430E+01	2.73090870E-02	-8.43806646E-02
8.73392925E-01	4.34933661E+01	2.72816737E-02	-8.47489003E-02
1.30518277E+01	4.15439757E+01	2.72540270E-02	-8.51200113E-02
2.42038753E+01	3.62539322E+01	2.72261437E-02	-8.54940337E-02
3.34335811E+01	2.80430888E+01	2.71980206E-02	-8.58710039E-02
3.99981957E+01	1.75655801E+01	2.71696544E-02	-8.62509591E-02
4.33676401E+01	5.65758479E+00	2.71410417E-02	-8.66339371E-02
4.32669718E+01	-6.72945557E+00	2.71121791E-02	-8.70199763E-02
3.96984689E+01	-1.86048217E+01	2.70830631E-02	-8.74091158E-02
3.29415760E+01	-2.90176370E+01	2.70536902E-02	-8.78013955E-02
2.35307266E+01	-3.71328056E+01	2.70240567E-02	-8.81968557E-02
1.22128196E+01	-4.22977111E+01	2.69941590E-02	-8.85955377E-02
-1.12249156E-01	-4.40943596E+01	2.69639932E-02	-8.89974832E-02
-1.24632512E+01	-4.23728140E+01	2.69335557E-02	-8.94027350E-02
-2.38557669E+01	-3.72632655E+01	2.69028424E-02	-8.98113365E-02
-3.33805743E+01	-2.91657879E+01	2.68718493E-02	-9.02233317E-02
-4.02760399E+01	-1.87186040E+01	2.68405725E-02	-9.06387655E-02
-4.39887502E+01	-6.74740318E+00	2.68090078E-02	-9.10576838E-02
-4.42175634E+01	5.80024400E+00	2.67771509E-02	-9.14801331E-02
-4.09375861E+01	1.79301436E+01	2.67449976E-02	-9.19061607E-02
-3.44021827E+01	2.86804143E+01	2.67125434E-02	-9.23358150E-02
-2.51228735E+01	3.71978202E+01	2.66797840E-02	-9.27691451E-02
-1.38287402E+01	4.28054320E+01	2.66467146E-02	-9.32062010E-02
-1.40858410E+00	4.50562471E+01	2.66133307E-02	-9.36470336E-02
1.11595472E+01	4.37685203E+01	2.65796274E-02	-9.40916950E-02
2.28858526E+01	3.90400194E+01	2.65456000E-02	-9.45402379E-02
3.28471244E+01	3.12400982E+01	2.65112434E-02	-9.49927162E-02
4.02597267E+01	2.09802458E+01	2.64765527E-02	-9.54491848E-02
4.45414175E+01	9.06548074E+00	2.64415226E-02	-9.59096997E-02
4.53571243E+01	-3.56952143E+00	2.64061478E-02	-9.63743177E-02
4.26450652E+01	-1.59344724E+01	2.63704231E-02	-9.68430969E-02
3.66211773E+01	-2.70617922E+01	2.63343428E-02	-9.73160966E-02
2.77615411E+01	-3.60829841E+01	2.62979013E-02	-9.77933770E-02
1.67642407E+01	-4.22970049E+01	2.62610930E-02	-9.82749996E-02
4.49372857E+00	-4.52252246E+01	2.62239119E-02	-9.87610271E-02
-8.08784995E+00	-4.46486417E+01	2.61863521E-02	-9.92515234E-02
-1.99968924E+01	-4.06244447E+01	2.61484074E-02	-9.97465537E-02
-3.03060657E+01	-3.34806567E+01	2.61100716E-02	-1.00246184E-01
-3.82173510E+01	-2.37893439E+01	2.60713382E-02	-1.00750483E-01
-4.31246217E+01	-1.23205763E+01	2.60322008E-02	-1.01259520E-01
-4.46608148E+01	1.91522515E-02	2.59926527E-02	-1.01773364E-01
-4.27259989E+01	1.22591078E+01	2.59526869E-02	-1.02292088E-01
-3.74941645E+01	2.34413371E+01	2.59122966E-02	-1.02815765E-01
-2.93982678E+01	3.26963926E+01	2.58714745E-02	-1.03344471E-01
-1.90947867E+01	3.93117479E+01	2.58302134E-02	-1.03878281E-01
-7.41067582E+00	4.27874892E+01	2.57885058E-02	-1.04417274E-01
4.72300026E+00	4.28748995E+01	2.57463439E-02	-1.04961530E-01
1.63454288E+01	3.95949253E+01	2.57037200E-02	-1.05511129E-01
2.65424594E+01	3.32351309E+01	2.56606261E-02	-1.06066155E-01
3.45189714E+01	2.43254600E+01	2.56170539E-02	-1.06626692E-01
3.96614511E+01	1.35948165E+01	2.55729949E-02	-1.07192828E-01
4.15858264E+01	1.91199480E+00	2.55284407E-02	-1.07764650E-01
4.01668053E+01	-9.78426879E+00	2.54833824E-02	-1.08342250E-01
3.55464455E+01	-2.05605043E+01	2.54378109E-02	-1.08925718E-01
2.81213548E+01	-2.95629522E+01	2.53917170E-02	-1.09515151E-01
1.85096259E+01	-3.60853028E+01	2.53450912E-02	-1.10110644E-01
7.50022537E+00	-3.96243448E+01	2.52979238E-02	-1.10712295E-01
-4.01104807E+00	-3.99191229E+01	2.52502048E-02	-1.11320206E-01
-1.50938644E+01	-3.69705344E+01	2.52019240E-02	-1.11934479E-01
-2.48581036E+01	-3.10398731E+01	2.51530709E-02	-1.12555220E-01
-3.25250447E+01	-2.26265167E+01	2.51036348E-02	-1.13182537E-01
-3.74893135E+01	-1.24266220E+01	2.50536047E-02	-1.13816539E-01
-3.93666568E+01	-1.27620906E+00	2.50029693E-02	-1.14457339E-01
-3.80237650E+01	9.91674440E+00	2.49517169E-02	-1.15105053E-01
-3.35878110E+01	2.02457126E+01	2.48998357E-02	-1.15759798E-01
-2.64350126E+01	2.88786219E+01	2.48473135E-02	-1.16421694E-01
-1.71592050E+01	3.51245804E+01	2.47941377E-02	-1.17090867E-01
-6.52301554E+00	3.84889947E+01	2.47402954E-02	-1.17767441E-01
4.60438060E+00	3.87126803E+01	2.46857735E-02	-1.18451547E-01
1.53178760E+01	3.57918660E+01	2.46305583E-02	-1.19143317E-01
2.47497116E+01	2.99775408E+01	2.45746358E-02	-1.19842887E-01
3.21395155E+01	2.17542499E+01	2.45179918E-02	-1.20550395E-01
3.68954686E+01	1.18001034E+01	2.44606116E-02	-1.21265985E-01
3.86416896E+01	9.31264369E-01	2.44024798E-02	-1.21989801E-01
3.72480542E+01	-9.96457313E+00	2.43435810E-02	-1.22721995E-01
3.28400802E+01	-2.00003296E+01	2.42838992E-02	-1.23462718E-01
2.57881219E+01	-2.83614806E+01	2.42234178E-02	-1.24212129E-01
1.66767818E+01	-3.43719889E+01	2.41621200E-02	-1.24970389E-01
6.25704015E+00	-3.75489181E+01	2.40999881E-02	-1.25737661E-01
-4.61501028E+00	-3.76413378E+01	2.40370044E-02	-1.26514118E-01
-1.50478627E+01	-3.46503981E+01	2.39731502E-02	-1.27299931E-01
-2.41870929E+01	-2.88289734E+01	2.39084065E-02	-1.28095280E-01
-3.12847991E+01	-2.06609219E+01	2.38427537E-02	-1.28900348E-01
-3.57603811E+01	-1.08216476E+01	2.37761716E-02	-1.29715322E-01
-3.72477562E+01	-1.23158028E-01	2.37086393E-02	-1.30540397E-01
-3.56252036E+01	1.05519444E+01	2.36401353E-02	-1.31375769E-01
-3.10254294E+01	2.03222078E+01	2.35706375E-02	-1.32221643E-01
-2.38250365E+01	2.83790248E+01	2.35001231E-02	-1.33078228E-01
-1.46142429E+01	3.40524893E+01	2.34285685E-02	-1.33945739E-01
-4.14928008E+00	3.68661025E+01	2.33559492E-02	-1.34824396E-01
6.70870254E+00	3.65759062E+01	2.32822403E-02	-1.35714427E-01
1.70633144E+01	3.31908778E+01	2.32074158E-02	-1.36616065E-01
2.60555762E+01	2.69729215E+01	2.31314490E-02	-1.37529551E-01
3.29337015E+01	1.84164330E+01	2.30543121E-02	-1.38455131E-01
3.71143853E+01	8.20905266E+00	2.29759765E-02	-1.39393060E-01
3.82306572E+01	-2.82326188E+00	2.28964128E-02	-1.40343599E-01
3.61624291E+01	-1.37824556E+01	2.28155904E-02	-1.41307018E-01
3.10472524E+01	-2.37705863E+01	2.27334776E-02	-1.42283594E-01
2.32703851E+01	-3.19622394E+01	2.26500418E-02	-1.43273612E-01
1.34349235E+01	-3.76713378E+01	2.25652491E-02	-1.44277367E-01
2.31435487E+00	-4.04069782E+01	2.24790645E-02	-1.45295162E-01
-9.20870601E+00	-3.99138005E+01	2.23914517E-02	-1.46327310E-01
-2.02127216E+01	-3.61936236E+01	2.23023730E-02	-1.47374134E-01
-2.98107818E+01	-2.95065803E+01	2.22117895E-02	-1.48435964E-01
-3.72216307E+01	-2.03516142E+01	2.21196609E-02	-1.49513146E-01
-4.18324921E+01	-9.42785372E+00	2.20259451E-02	-1.50606031E-01
-4.32486677E+01	2.42009625E+00	2.19305987E-02	-1.51714987E-01
-4.13259250E+01	1.42686181E+01	2.18335767E-02	-1.52840390E-01
-3.61830653E+01	2.51880303E+01	2.17348320E-02	-1.53982630E-01
-2.81936306E+01	3.43162307E+01	2.16343161E-02	-1.55142110E-01
-1.79573742E+01	4.09271801E+01	2.15319784E-02	-1.56319246E-01
-6.25372462E+00	4.44887785E+01	2.14277663E-02	-1.57514468E-01
6.01908995E+00	4.47055231E+01	2.13216252E-02	-1.58728222E-01
1.79144510E+01	4.15425437E+01	2.12134980E-02	-1.59960969E-01
2.85117241E+01	3.52290866E+01	2.11033256E-02	-1.61213184E-01
3.69887130E+01	2.62411487E+01	2.09910464E-02	-1.62485363E-01
4.26864582E+01	1.52646147E+01	2.08765960E-02	-1.63778016E-01
4.51612485E+01	3.14180037E+00	2.07599076E-02	-1.65091673E-01
4.42197276E+01	-9.19438508E+00	2.06409112E-02	-1.66426885E-01
3.99343158E+01	-2.07934591E+01	2.05195340E-02	-1.67784220E-01
3.26377250E+01	-3.07618060E+01	2.03956999E-02	-1.69164271E-01
2.28970017E+01	-3.83326611E+01	2.02693294E-02	-1.70567650E-01
1.14691484E+01	-4.29261204E+01	2.01403396E-02	-1.71994996E-01
-7.58166280E-01	-4.41944477E+01	2.00086437E-02	-1.73446970E-01
-1.28361277E+01	-4.20491175E+01	1.98741508E-02	-1.74924262E-01
-2.38290364E+01	-3.66674804E+01	1.97367659E-02	-1.76427587E-01
-3.28874551E+01	-2.84785462E+01	1.95963895E-02	-1.77957689E-01
-3.93144826E+01	-1.81290360E+01	1.94529172E-02	-1.79515345E-01
-4.26199463E+01	-6.43240443E+00	1.93062398E-02	-1.81101362E-01
-4.25582664E+01	5.69512182E+00	1.91562423E-02	-1.82716582E-01
-3.91470477E+01	1.73064271E+01	1.90028045E-02	-1.84361883E-01
-3.26649752E+01	2.74976357E+01	1.88457996E-02	-1.86038180E-01
-2.36292330E+01	3.54786457E+01	1.86850946E-02	-1.87746431E-01
-1.27542790E+01	4.06345232E+01	1.85205495E-02	-1.89487632E-01
-8.95275851E-01	4.25729531E+01	1.83520169E-02	-1.91262829E-01
1.10193194E+01	4.11540524E+01	1.81793416E-02	-1.93073114E-01
2.20606616E+01	3.65002601E+01	1.80023596E-02	-1.94919629E-01
3.13721581E+01	2.89855958E+01	1.78208984E-02	-1.96803573E-01
3.82361223E+01	1.92052124E+01	1.76347754E-02	-1.98726199E-01
4.21292118E+01	7.92772324E+00	1.74437976E-02	-2.00688825E-01
4.27623300E+01	-3.96586583E+00	1.72477612E-02	-2.02692833E-01
4.01019145E+01	-1.55517434E+01	1.70464500E-02	-2.04739675E-01
3.43710191E+01	-2.59358693E+01	1.68396349E-02	-2.06830878E-01
2.60302064E+01	-3.43237980E+01	1.66270732E-02	-2.08968050E-01
1.57398589E+01	-4.00822498E+01	1.64085069E-02	-2.11152883E-01
4.30698841E+00	-4.27876089E+01	1.61836616E-02	-2.13387164E-01
-7.37916844E+00	-4.22575850E+01	1.59522455E-02	-2.15672776E-01
-1.84176084E+01	-3.85636297E+01	1.57139477E-02	-2.18011711E-01
-2.79664608E+01	-3.20232363E+01	1.54684364E-02	-2.20406074E-01
-3.53087070E+01	-2.31728544E+01	1.52153572E-02	-2.22858096E-01
-3.99075404E+01	-1.27236837E+01	1.49543311E-02	-2.25370139E-01
-4.14470370E+01	-1.50396548E+00	1.46849520E-02	-2.27944712E-01
-3.98549995E+01	9.60756000E+00	1.44067840E-02	-2.30584481E-01
-3.53062720E+01	1.97516794E+01	1.41193585E-02	-2.33292282E-01
-2.82063901E+01	2.81566186E+01	1.38221706E-02	-2.36071135E-01
-1.91569969E+01	3.41984428E+01	1.35146743E-02	-2.38924264E-01
-8.90590678E+00	3.74491737E+01	1.31962780E-02	-2.41855112E-01
1.71409380E+00	3.77088626E+01	1.28663367E-02	-2.44867362E-01
1.18527388E+01	3.50191590E+01	1.25241424E-02	-2.47964960E-01
2.07106230E+01	2.96574099E+01	1.21689097E-02	-2.51152139E-01
2.76029052E+01	2.21118900E+01	1.17997488E-02	-2.54433446E-01
3.20132908E+01	1.30402705E+01	1.14156126E-02	-2.57813766E-01
3.36340156E+01	3.21477155E+00	1.10151622E-02	-2.61298358E-01
3.23886998E+01	-6.54150734E+00	1.05963265E-02	-2.64892899E-01
2.84363334E+01	-1.54218962E+01	1.01541051E-02	-2.68603922E-01
2.21561798E+01	-2.27016523E+01	9.65793889E-03	-2.72459424E-01
1.41149246E+01	-2.77963680E+01	9.28356674E-03	-2.76436011E-01
5.01881742E+00	-3.03086045E+01	8.76229844E-03	-2.80517397E-01
-4.34524113E+00	-3.00590367E+01	8.21159870E-03	-2.84842581E-01
-1.31748452E+01	-2.70996611E+01	7.73495602E-03	-2.89180256E-01
-2.07181500E+01	-2.17080760E+01	7.13114664E-03	-2.93719099E-01
-2.63354951E+01	-1.43633762E+01	6.53345566E-03	-2.98591394E-01
-2.95515955E+01	-5.70569116E+00	5.92315640E-03	-3.03493770E-01
-3.00940944E+01	3.51728878E+00	5.18310447E-03	-3.08634705E-01
-2.79153822E+01	1.25124087E+01	4.58160082E-03	-3.14092818E-01
-2.31959562E+01	2.05066925E+01	3.84499588E-03	-3.19698649E-01
-1.63290893E+01	2.68111811E+01	3.06140424E-03	-3.25586664E-01
-7.88809574E+00	3.08777730E+01	2.22971983E-03	-3.31767595E-01
1.42111277E+00	3.23444481E+01	1.34498697E-03	-3.38266288E-01
1.08182953E+01	3.10652076E+01	4.01523424E-04	-3.45113283E-01
1.95132197E+01	2.71223049E+01	-6.07130017E-04	-3.52344445E-01
2.67708249E+01	2.08197825E+01	-1.68837566E-03	-3.60001717E-01
3.19719015E+01	1.26588440E+01	-2.85075729E-03	-3.68134354E-01
3.46643473E+01	3.29706612E+00	-4.10419872E-03	-3.76800595E-01
3.46008232E+01	-6.50523613E+00	-5.46029673E-03	-3.86069883E-01
3.17597331E+01	-1.59471368E+01	-6.93268551E-03	-3.96025808E-01
2.63478041E+01	-2.42526731E+01	-8.53749371E-03	-4.06770078E-01
1.87840329E+01	-3.07345397E+01	-1.02939203E-02	-4.18427935E-01
9.66627099E+00	-3.48507239E+01	-1.22249616E-02	-4.31155698E-01
-2.76867722E-01	-3.62494686E+01	-1.43583251E-02	-4.45151488E-01
-1.02449079E+01	-3.47988881E+01	-1.67275636E-02	-4.60670841E-01
-1.94304684E+01	-3.05987990E+01	-1.93734350E-02	-4.78050097E-01
-2.70850244E+01	-2.39737602E+01	-2.23453971E-02	-4.97742602E-01
-3.25801530E+01	-1.54478326E+01	-2.57028595E-02	-5.20376983E-01
-3.54592908E+01	-5.70304727E+00	-2.95149540E-02	-5.46855532E-01
-3.54757908E+01	4.47511288E+00	-3.38549686E-02	-5.78530449E-01
-3.26141569E+01	1.42608568E+01	-3.87769613E-02	-6.17544408E-01
-2.70926838E+01	2.28547886E+01	-4.42299538E-02	-6.67558716E-01
-1.93472228E+01	2.95488054E+01	-4.97210922E-02	-7.35548346E-01
-9.99730910E+00	3.37839550E+01	-5.26690773E-02	-8.37299500E-01
2.02690006E-01	3.51965718E+01	-3.52659125E-02	-1.02185071E+00
1.04235400E+01	3.36489348E+01	4.40374420E-01	-1.44193239E+00
1.98274457E+01	2.92419264E+01	1.27115833E-01	-1.27423078E+00
2.76354073E+01	2.23086020E+01	1.17423111E+00	-3.29071941E-01
3.31902356E+01	1.33891076E+01	7.60084333E-01	-1.16489455E+00
3.60101638E+01	3.18887705E+00	1.10472771E+00	-3.45092151E-01
3.58287354E+01	-7.47661977E+00	1.17401368E+00	-1.55624972E+00
3.26177264E+01	-1.77462218E+01	6.78921455E-01	3.53263713E-01
2.65912056E+01	-2.67814216E+01	1.42610901E+00	3.93567172E-01
1.81903371E+01	-3.38332826E+01	4.24784316E-01	3.03732393E-01
8.05005572E+00	-3.83026038E+01	2.64007327E-01	1.03583410E-01
-3.04980319E+00	-3.97885245E+01	1.97878215E-01	-1.24455162E-02
-1.42451009E+01	-3.81216734E+01	1.60921657E-01	-9.18464841E-02
-2.46549585E+01	-3.33791804E+01	1.37065742E-01	-1.51876940E-01
-3.34509618E+01	-2.58803034E+01	1.20306475E-01	-2.00422849E-01
-3.99225442E+01	-1.61629557E+01	1.07856835E-01	-2.41683613E-01
-4.35333728E+01	-4.94293022E+00	9.82369948E-02	-2.78146121E-01
-4.39642682E+01	6.94100690E+00	9.05860075E-02	-3.11407595E-01
-4.11392443E+01	1.85918650E+01	8.43691973E-02	-3.42566160E-01
-3.52325827E+01	2.91239435E+01	7.92385216E-02	-3.72425495E-01
-2.66563519E+01	3.77316562E+01	7.49600819E-02	-4.01611296E-01
-1.60293203E+01	4.37522594E+01	7.13741467E-02	-4.30642965E-01
-4.12968278E+00	4.67175531E+01	6.83722928E-02	-4.59981734E-01
8.16470804E+00	4.63904919E+01	6.58843487E-02	-4.90066700E-01
1.99439268E+01	4.27838293E+01	6.38715944E-02	-5.21345789E-01
3.03360860E+01	3.61593327E+01	6.23246750E-02	-5.54306974E-01
3.85744839E+01	2.70076366E+01	6.12660394E-02	-5.89514979E-01
4.40565378E+01	1.60103190E+01	6.07580705E-02	-6.27660349E-01
4.63899023E+01	3.98718843E+00	6.09201201E-02	-6.69631801E-01
4.54221850E+01	-8.16708086E+00	6.19616885E-02	-7.16631570E-01
4.12519635E+01	-1.95519902E+01	6.42481646E-02	-7.70372750E-01
3.42202849E+01	-2.93305277E+01	6.84390020E-02	-8.33442978E-01
2.48833588E+01	-3.67933308E+01	7.58059955E-02	-9.10036096E-01
1.39686336E+01	-4.14126981E+01	8.90683050E-02	-1.00760015E+00
2.31774352E+00	-4.28822615E+01	1.15041831E-01	-1.14117773E+00
-9.17916499E+00	-4.11392665E+01	1.76037315E-01	-1.34786387E+00
-1.96525557E+01	-3.63677863E+01	3.98647644E-01	-1.75664150E+00
-2.83206493E+01	-2.89826974E+01	2.59248683E+00	-8.60121686E-01
-3.45493455E+01	-1.95957613E+01	3.83678957E-01	-1.64266956E+00
-3.79002604E+01	-8.96655391E+00	1.15299325E+00	5.57927543E-01
-3.81631745E+01	2.05783056E+00	3.04836727E-01	-1.31765890E+00
-3.53704290E+01	1.26095113E+01	1.31312175E+00	3.49522239E-01
-2.97922431E+01	2.18677127E+01	1.41245186E+00	-1.07417756E+00
-2.19134313E+01	2.91224745E+01	3.88148609E-01	3.11925886E-01
-1.23934657E+01	3.38291964E+01	1.44466075E-01	-2.20046950E-01
-2.01313156E+00	3.56497819E+01	8.98994894E-02	-4.85714089E-01
8.38793542E+00	3.44772256E+01	6.60112482E-02	-6.80589874E-01
1.79778427E+01	3.04418184E+01	5.27224655E-02	-8.52092331E-01
2.59978825E+01	2.38986025E+01	4.45201602E-02	-1.02021388E+00
3.18216587E+01	1.53972005E+01	3.94089713E-02	-1.19753256E+00
3.50032673E+01	5.63652768E+00	3.67038933E-02	-1.39513920E+00
3.53107949E+01	-4.59191809E+00	3.64726778E-02	-1.62570223E+00
3.27425869E+01	-1.44676111E+01	3.95348253E-02	-1.90643808E+00
2.75251221E+01	-2.32063047E+01	4.79196686E-02	-2.26368793E+00
2.00927986E+01	-3.01218899E+01	6.62212165E-02	-2.74189069E+00
1.10513729E+01	-3.46799137E+01	1.05544304E-01	-3.42413292E+00
1.12808707E+00	-3.65385574E+01	1.96937717E-01	-4.48742899E+00
-8.88744218E+00	-3.55739059E+01	4.51238812E-01	-6.38801121E+00
-1.82067857E+01	-3.18876077E+01	1.48830189E+00	-1.07449401E+01
-2.61056038E+01	-2.57964477E+01	1.41188155E+01	-2.76523706E+01
-3.19808606E+01	-1.78048029E+01	1.26717376E+01	2.42194805E+01
-3.53978130E+01	-8.56231264E+00	2.20132261E+00	1.03771361E+01
-3.61230788E+01	1.18973006E+00	9.63796410E-01	6.48370510E+00
-3.41412337E+01	1.06788811E+01	5.78435796E-01	4.72278071E+00
-2.96537192E+01	1.91640267E+01	4.05355659E-01	3.72273659E+00
-2.30602760E+01	2.59948009E+01	3.10981270E-01	3.07819627E+00
-1.49245196E+01	3.06631684E+01	2.52938312E-01	2.62798323E+00
-5.92654469E+00	3.28430651E+01	2.14189419E-01	2.29550516E+00
3.19352634E+00	3.24149680E+01	1.86738313E-01	2.03974486E+00
1.16964258E+01	2.94735037E+01	1.66397183E-01	1.83676548E+00
1.89040929E+01	2.43175797E+01	1.50784594E-01	1.67166355E+00
2.42546025E+01	1.74239423E+01	1.38441153E-01	1.53469704E+00
2.73472394E+01	9.40639776E+00	1.28439695E-01	1.41898632E+00
2.79741018E+01	9.64088460E-01	1.20184232E-01	1.32011625E+00
2.61357260E+01	-7.17691471E+00	1.13430751E-01	1.23457156E+00
2.20395297E+01	-1.43239132E+01	1.07619665E-01	1.15979884E+00
1.60812680E+01	-1.98748491E+01	1.02634312E-01	1.09386169E+00
8.81107677E+00	-2.33678767E+01	9.81747441E-02	1.03524402E+00
8.86925730E-01	-2.45192105E+01	9.43737022E-02	9.82799221E-01
-6.98068147E+00	-2.32461869E+01	9.10476882E-02	9.35458297E-01
-1.40882175E+01	-1.96736845E+01	8.80735897E-02	8.92692202E-01
-1.97979757E+01	-1.41234068E+01	8.54006175E-02	8.53780065E-01
-2.35914340E+01	-7.08692286E+00	8.29902880E-02	8.18217578E-01
-2.51127735E+01	8.15315149E-01	8.08063852E-02	7.85584554E-01
-2.41989918E+01	8.88562060E+00	7.88184341E-02	7.55528432E-01
-2.08941441E+01	1.64071636E+01	7.70010136E-02	7.27751304E-01
-1.54465332E+01	2.27037568E+01	7.53328479E-02	7.01999733E-01
-8.28906035E+00	2.71964500E+01	7.37960275E-02	6.78056741E-01
-4.31285114E-03	2.94523011E+01	7.23753830E-02	6.55735468E-01
8.72278953E+00	2.92213265E+01	7.10579877E-02	6.34874106E-01
1.71609561E+01	2.64585856E+01	6.98327613E-02	6.15331827E-01
2.45925563E+01	2.13295580E+01	6.86901548E-02	5.96985474E-01
3.03728425E+01	1.41983238E+01	6.76218956E-02	5.79726868E-01
3.39835459E+01	5.59944964E+00	6.66207826E-02	5.63460589E-01
3.50764668E+01	-3.80419391E+00	6.56805186E-02	5.48102139E-01
3.35034850E+01	-1.32743159E+01	6.47955733E-02	5.33576422E-01
2.93305013E+01	-2.20565456E+01	6.39610700E-02	5.19816461E-01
2.28341124E+01	-2.94414549E+01	6.31726924E-02	5.06762329E-01
1.44812144E+01	-3.48223370E+01	6.24266062E-02	4.94360241E-01
4.89310307E+00	-3.77450613E+01	6.17193937E-02	4.82561781E-01
-5.20310435E+00	-3.79459516E+01	6.10479988E-02	4.71323249E-01
-1.50318740E+01	-3.53745811E+01	6.04096803E-02	4.60605096E-01
-2.38309119E+01	-3.01995837E+01	5.98019724E-02	4.50371440E-01
-3.09121416E+01	-2.27969364E+01	5.92226509E-02	4.40589649E-01
-3.57171110E+01	-1.37215728E+01	5.86697043E-02	4.31229981E-01
-3.78623663E+01	-3.66452608E+00	5.81413088E-02	4.22265268E-01
-3.71711202E+01	6.60103606E+00	5.76358071E-02	4.13670643E-01
-3.36886255E+01	1.62806207E+01	5.71516893E-02	4.05423300E-01
-2.76799590E+01	2.46212420E+01	5.66875775E-02	3.97502282E-01
-1.96103197E+01	3.09712768E+01	5.62422109E-02	3.89888301E-01
-1.01093410E+01	3.48325684E+01	5.58144342E-02	3.82563570E-01
7.78066502E-02	3.59006055E+01	5.54031864E-02	3.75511660E-01
1.01486880E+01	3.40895412E+01	5.50074912E-02	3.68717374E-01
1.93066582E+01	2.95400144E+01	5.46264491E-02	3.62166633E-01
2.68237188E+01	2.26090957E+01	5.42592296E-02	3.55846370E-01
3.20981965E+01	1.38430985E+01	5.39050647E-02	3.49744448E-01
3.47026654E+01	3.93535596E+00	5.35632435E-02	3.43849570E-01
3.44182974E+01	-6.32774085E+00	5.32331062E-02	3.38151214E-01
3.12528938E+01	-1.61282106E+01	5.29140403E-02	3.32639564E-01
2.54411359E+01	-2.46806226E+01	5.26054760E-02	3.27305450E-01
1.74269979E+01	-3.12938588E+01	5.23068824E-02	3.22140302E-01
7.82967411E+00	-3.54256267E+01	5.20177653E-02	3.17136090E-01
-2.60432551E+00	-3.67254191E+01	5.17376612E-02	3.12285298E-01
-1.30591608E+01	-3.50625256E+01	5.14661413E-02	3.07580866E-01
-2.27131821E+01	-3.05368756E+01	5.12027980E-02	3.03016170E-01
-3.08030007E+01	-2.34718472E+01	5.09472534E-02	2.98584978E-01
-3.66830793E+01	-1.43895943E+01	5.06991525E-02	2.94281428E-01
-3.98761653E+01	-3.97082413E+00	5.04581613E-02	2.90100001E-01
-4.01106126E+01	6.99782249E+00	5.02239665E-02	2.86035490E-01
-3.73416708E+01	1.76846597E+01	4.99962727E-02	2.82082984E-01
-3.17550829E+01	2.72773386E+01	4.97748021E-02	2.78237846E-01
-2.37527283E+01	3.50456776E+01	4.95592927E-02	2.74495693E-01
-1.39214568E+01	4.03980261E+01	4.93494973E-02	2.70852378E-01
-2.98757993E+00	4.29267588E+01	4.91451823E-02	2.67303976E-01
8.23938926E+00	4.24393646E+01	4.89461272E-02	2.63846769E-01
1.89293239E+01	3.89727301E+01	4.87521232E-02	2.60477231E-01
2.82954828E+01	3.27895462E+01	4.85629727E-02	2.57192019E-01
3.56549121E+01	2.43571737E+01	4.83784884E-02	2.53987956E-01
4.04805330E+01	1.43106805E+01	4.81984928E-02	2.50862026E-01
4.24408731E+01	3.40300378E+00	4.80228174E-02	2.47811360E-01
4.14243774E+01	-7.55380840E+00	4.78513024E-02	2.44833231E-01
3.75464682E+01	-1.77516342E+01	4.76837956E-02	2.41925042E-01
3.11388783E+01	-2.64486332E+01	4.75201525E-02	2.39084317E-01
2.27221878E+01	-3.30260341E+01	4.73602357E-02	2.36308701E-01
1.29638079E+01	-3.70349284E+01	4.72039141E-02	2.33595943E-01
2.62479564E+00	-3.82294519E+01	4.70510630E-02	2.30943900E-01
-7.50025594E+00	-3.65838280E+01	4.69015633E-02	2.28350522E-01
-1.66454779E+01	-3.22920304E+01	4.67553018E-02	2.25813854E-01
-2.41332203E+01	-2.57502036E+01	4.66121698E-02	2.23332026E-01
-2.94261091E+01	-1.75233418E+01	4.64720641E-02	2.20903248E-01
-3.21676060E+01	-8.29896170E+00	4.63348857E-02	2.18525812E-01
-3.22079469E+01	1.16847925E+00	4.62005397E-02	2.16198077E-01
-2.96135074E+01	1.01179556E+01	4.60689354E-02	2.13918477E-01
-2.46589736E+01	1.78422217E+01	4.59399854E-02	2.11685504E-01
-1.78030616E+01	2.37433468E+01	4.58136049E-02	2.09497707E-01
-9.64983289E+00	2.73790610E+01	4.56898156E-02	2.07353576E-01
-8.98787549E-01	2.84962934E+01	4.55683608E-02	2.05252402E-01
7.71221079E+00	2.70493217E+01	4.54491779E-02	2.03192090E-01
1.54665748E+01	2.32011989E+01	4.53325858E-02	2.01171725E-01
2.17264185E+01	1.73084590E+01	4.52178019E-02	1.99190463E-01
2.59831926E+01	9.89044303E+00	4.51052844E-02	1.97246715E-01
2.78975232E+01	1.58580543E+00	4.49948689E-02	1.95339581E-01
2.73251354E+01	-6.90022758E+00	4.48864811E-02	1.93468018E-01
2.43268725E+01	-1.48535553E+01	4.47800608E-02	1.91631021E-01
1.91621096E+01	-2.16091905E+01	4.46755516E-02	1.89827625E-01
1.22661932E+01	-2.66048741E+01	4.45729001E-02	1.88056899E-01
4.21381912E+00	-2.94260287E+01	4.44720550E-02	1.86317949E-01
-4.32861886E+00	-2.98384809E+01	4.43729672E-02	1.84609912E-01
-1.26578075E+01	-2.78063822E+01	4.42755891E-02	1.82931954E-01
-2.00909608E+01	-2.34939630E+01	4.41798751E-02	1.81283276E-01
-2.60212833E+01	-1.72510617E+01	4.40857813E-02	1.79663102E-01
-2.99669774E+01	-9.58367653E+00	4.39932652E-02	1.78070688E-01
-3.16098626E+01	-1.11199304E+00	4.39022859E-02	1.76505311E-01
-3.08205286E+01	7.48066311E+00	4.38128039E-02	1.74966278E-01
-2.76680412E+01	1.55037763E+01	4.37247812E-02	1.73452915E-01
-2.24134755E+01	2.23159434E+01	4.36381808E-02	1.71964575E-01
-1.54878608E+01	2.73769646E+01	4.35529672E-02	1.70500630E-01
-7.45637699E+00	3.02915131E+01	4.34691061E-02	1.69060473E-01
1.02824943E+00	3.08408682E+01	4.33865643E-02	1.67643519E-01
9.27933734E+00	2.90001707E+01	4.33053097E-02	1.66249200E-01
1.66324629E+01	2.49398377E+01	4.32253112E-02	1.64876969E-01
2.24997207E+01	1.90110592E+01	4.31465387E-02	1.63526293E-01
2.64176317E+01	1.17165849E+01	4.30689632E-02	1.62196659E-01
2.80848164E+01	3.66920247E+00	4.29925566E-02	1.60887570E-01
2.73863881E+01	-4.45870301E+00	4.29172916E-02	1.59598543E-01
2.44030990E+01	-1.19903989E+01	4.28431417E-02	1.58329111E-01
1.94045089E+01	-1.83003700E+01	4.27700814E-02	1.57078822E-01
1.28267415E+01	-2.28656831E+01	4.26980859E-02	1.55847238E-01
5.23663851E+00	-2.53089795E+01	4.26271312E-02	1.54633932E-01
-2.71477508E+00	-2.54296007E+01	4.25571936E-02	1.53438494E-01
-1.03457398E+01	-2.32203163E+01	4.24882517E-02	1.52260521E-01
-1.69997872E+01	-1.88682863E+01	4.24202812E-02	1.51099627E-01
-2.20997975E+01	-1.27401652E+01	4.23532650E-02	1.49955435E-01
-2.51957004E+01	-5.35253757E+00	4.22871782E-02	1.48827579E-01
-2.60019416E+01	2.66993886E+00	4.22220018E-02	1.47715704E-01
-2.44216602E+01	1.06453109E+01	4.21577190E-02	1.46619466E-01
-2.05555939E+01	1.78899342E+01	4.20943075E-02	1.45538531E-01
-1.46949564E+01	2.37744135E+01	4.20317507E-02	1.44472571E-01
-7.29882543E+00	2.77753573E+01	4.19700302E-02	1.43421272E-01
1.04217216E+00	2.95187538E+01	4.19091288E-02	1.42384326E-01
9.65298515E+00	2.88114449E+01	4.18490297E-02	1.41361435E-01
1.78283036E+01	2.56581247E+01	4.17897164E-02	1.40352308E-01
2.48894239E+01	2.02624514E+01	4.17311730E-02	1.39356663E-01
3.02392471E+01	1.30121328E+01	4.16733841E-02	1.38374225E-01
3.34109832E+01	4.44913365E+00	4.16163345E-02	1.37404727E-01
3.41066332E+01	-4.77265109E+00	4.15600096E-02	1.36447909E-01
3.22221304E+01	-1.39389035E+01	4.15043951E-02	1.35503517E-01
2.78570842E+01	-2.23314752E+01	4.14494770E-02	1.34571306E-01
2.13082996E+01	-2.92855534E+01	4.13952419E-02	1.33651035E-01
1.30475406E+01	-3.42428361E+01	4.13416766E-02	1.32742471E-01
3.68526453E+00	-3.67964595E+01	4.12887681E-02	1.31845387E-01
-6.07682100E+00	-3.67240738E+01	4.12365041E-02	1.30959560E-01
-1.55006311E+01	-3.40063998E+01	4.11848722E-02	1.30084774E-01
-2.38696600E+01	-2.88297551E+01	4.11338607E-02	1.29220821E-01
-3.05454217E+01	-2.15723085E+01	4.10834579E-02	1.28367493E-01
-3.50178910E+01	-1.27751207E+01	4.10336526E-02	1.27524591E-01
-3.69459297E+01	-3.10023691E+00	4.09844337E-02	1.26691921E-01
-3.61844761E+01	6.72086763E+00	4.09357905E-02	1.25869292E-01
-3.27963241E+01	1.59444220E+01	4.08877126E-02	1.25056519E-01
-2.70475372E+01	2.38725562E+01	4.08401896E-02	1.24253421E-01
-1.93868442E+01	2.99079576E+01	4.07932117E-02	1.23459822E-01
-1.04106310E+01	3.36006611E+01	4.07467692E-02	1.22675549E-01
-8.16288166E-01	3.46832704E+01	4.07008524E-02	1.21900434E-01
8.65240527E+00	3.30918216E+01	4.06554523E-02	1.21134314E-01
1.72635474E+01	2.89706394E+01	4.06105596E-02	1.20377029E-01
2.43544277E+01	2.26608042E+01	4.05661656E-02	1.19628421E-01
2.93833644E+01	1.46731445E+01	4.05222617E-02	1.18888339E-01
3.19719754E+01	5.64789446E+00	4.04788394E-02	1.18156634E-01
3.19345532E+01	-3.69578791E+00	4.04358905E-02	1.17433159E-01
2.92922369E+01	-1.26164491E+01	4.03934069E-02	1.16717773E-01
2.42708799E+01	-2.04086378E+01	4.03513808E-02	1.16010337E-01
1.72828027E+01	-2.64582691E+01	4.03098045E-02	1.15310715E-01
8.89389527E+00	-3.02906881E+01	4.02686705E-02	1.14618775E-01
-2.21309424E-01	-3.16076516E+01	4.02279715E-02	1.13934386E-01
-9.33302172E+00	-3.03103297E+01	4.01877002E-02	1.13257422E-01
-1.77138098E+01	-2.65065371E+01	4.01478497E-02	1.12587759E-01
-2.46958834E+01	-2.05016589E+01	4.01084131E-02	1.11925276E-01
-2.97235227E+01	-1.27740245E+01	4.00693837E-02	1.11269854E-01
-3.23965243E+01	-3.93671327E+00	4.00307549E-02	1.10621378E-01
-3.25012538E+01	5.31115500E+00	3.99925203E-02	1.09979734E-01
-3.00268857E+01	1.42397664E+01	3.99546736E-02	1.09344810E-01
-2.51655907E+01	2.21462032E+01	3.99172086E-02	1.08716500E-01
-1.82967024E+01	2.84097169E+01	3.98801194E-02	1.08094695E-01
-9.95616822E+00	3.25403225E+01	3.98434000E-02	1.07479293E-01
-7.93747228E-01	3.42168898E+01	3.98070447E-02	1.06870192E-01
8.47861437E+00	3.33117554E+01	3.97710478E-02	1.06267293E-01
1.71431144E+01	2.98999548E+01	3.97354038E-02	1.05670496E-01
2.45326543E+01	2.42523994E+01	3.97001073E-02	1.05079708E-01
3.00831460E+01	1.68136006E+01	3.96651530E-02	1.04494835E-01
3.33774387E+01	8.16576497E+00	3.96305356E-02	1.03915786E-01
3.41774156E+01	-1.01783610E+00	3.95962501E-02	1.03342470E-01
3.24417646E+01	-1.00264825E+01	3.95622915E-02	1.02774799E-01
2.83280719E+01	-1.81683208E+01	3.95286549E-02	1.02212689E-01
2.21791400E+01	-2.48248976E+01	3.94953356E-02	1.01656054E-01
1.44946865E+01	-2.94995849E+01	3.94623287E-02	1.01104813E-01
5.89073614E+00	-3.18560760E+01	3.94296298E-02	1.00558883E-01
-2.95000552E+00	-3.17439337E+01	3.93972343E-02	1.00018186E-01
-1.13328091E+01	-2.92092157E+01	3.93651378E-02	9.94826443E-02
-1.86062303E+01	-2.44893987E+01	3.93333360E-02	9.89521814E-02
-2.42136602E+01	-1.79930773E+01	3.93018246E-02	9.84267226E-02
-2.77370214E+01	-1.02661262E+01	3.92705994E-02	9.79061949E-02
-2.89291582E+01	-1.94708760E+00	3.92396564E-02	9.73905263E-02
-2.77323826E+01	6.28460279E+00	3.92089916E-02	9.68796463E-02
-2.42817558E+01	1.37633821E+01	3.91786009E-02	9.63734861E-02
-1.88929093E+01	1.98909231E+01	3.91484806E-02	9.58719778E-02
-1.20354447E+01	2.41838279E+01	3.91186269E-02	9.53750549E-02
-4.29410573E+00	2.63118545E+01	3.90890361E-02	9.48826523E-02
3.67911757E+00	2.61236510E+01	3.90597044E-02	9.43947061E-02
1.12180737E+01	2.36579794E+01	3.90306284E-02	9.39111535E-02
1.76964437E+01	1.91395854E+01	3.90018045E-02	9.34319329E-02
2.25783038E+01	1.29600988E+01	3.89732292E-02	9.29569838E-02
2.54612071E+01	5.64555044E+00	3.89448993E-02	9.24862471E-02
2.61083438E+01	-2.18683752E+00	3.89168113E-02	9.20196644E-02
2.44672276E+01	-9.87908329E+00	3.88889621E-02	9.15571786E-02
2.06734437E+01	-1.67860190E+01	3.88613483E-02	9.10987337E-02
1.50391967E+01	-2.23276880E+01	3.88339669E-02	9.06442745E-02
8.02761761E+00	-2.60363509E+01	3.88068147E-02	9.01937470E-02
2.14931235E-01	-2.75943292E+01	3.87798888E-02	8.97470980E-02
-7.75644564E+00	-2.68596593E+01	3.87531862E-02	8.93042755E-02
-1.52300809E+01	-2.38775140E+01	3.87267038E-02	8.88652282E-02
-2.15887699E+01	-1.88764984E+01	3.87004390E-02	8.84299057E-02
-2.63045558E+01	-1.22501400E+01	3.86743887E-02	8.79982587E-02
-2.89815074E+01	-4.52508592E+00	3.86485503E-02	8.75702387E-02
-2.93878190E+01	3.68141908E+00	3.86229210E-02	8.71457979E-02
-2.74746636E+01	1.17113383E+01	3.85974981E-02	8.67248894E-02
-2.33802945E+01	1.89189213E+01	3.85722790E-02	8.63074673E-02
-1.74190794E+01	2.47227815E+01	3.85472611E-02	8.58934862E-02
-1.00563588E+01	2.86527897E+01	3.85224419E-02	8.54829018E-02
-1.87116020E+00	3.03880157E+01	3.84978189E-02	8.50756703E-02
6.49023089E+00	2.97826786E+01	3.84733895E-02	8.46717487E-02
1.43661086E+01	2.68780246E+01	3.84491514E-02	8.42710949E-02
2.11324298E+01	2.18991874E+01	3.84251022E-02	8.38736672E-02
2.62528823E+01	1.52372896E+01	3.84012396E-02	8.34794250E-02
2.93219226E+01	7.41822399E+00	3.83775612E-02	8.30883281E-02
3.00973339E+01	-9.39374164E-01	3.83540648E-02	8.27003370E-02
2.85196991E+01	-9.17359373E+00	3.83307481E-02	8.23154129E-02
2.47172313E+01	-1.66321857E+01	3.83076091E-02	8.19335178E-02
1.89955796E+01	-2.27247314E+01	3.82846454E-02	8.15546139E-02
1.18134305E+01	-2.69698629E+01	3.82618550E-02	8.11786646E-02
3.74586390E+00	-2.90337578E+01	3.82392359E-02	8.08056334E-02
-4.56160193E+00	-2.87568290E+01	3.82167859E-02	8.04354847E-02
-1.24445950E+01	-2.61664793E+01	3.81945031E-02	8.00681833E-02
-1.92729771E+01	-2.14749036E+01	3.81723854E-02	7.97036947E-02
-2.45011876E+01	-1.50621218E+01	3.81504309E-02	7.93419848E-02
-2.77118208E+01	-7.44560146E+00	3.81286377E-02	7.89830203E-02
-2.86489567E+01	7.61093545E-01	3.81070039E-02	7.86267682E-02
-2.72385850E+01	8.89732275E+00	3.80855276E-02	7.82731960E-02
-2.35944981E+01	1.63081359E+01	3.80642069E-02	7.79222720E-02
-1.80091882E+01	2.23965720E+01	3.80430402E-02	7.75739648E-02
-1.09304825E+01	2.66713143E+01	3.80220256E-02	7.72282433E-02
-2.92579075E+00	2.87859003E+01	3.80011613E-02	7.68850774E-02
5.36317645E+00	2.85663611E+01	3.79804456E-02	7.65444370E-02
1.32715986E+01	2.60250925E+01	3.79598768E-02	7.62062926E-02
2.01645579E+01	2.13598592E+01	3.79394533E-02	7.58706153E-02
2.54876449E+01	1.49380231E+01	3.79191734E-02	7.55373765E-02
2.88111217E+01	7.26726167E+00	3.78990355E-02	7.52065481E-02
2.98641297E+01	-1.04487532E+00	3.78790380E-02	7.48781024E-02
2.85562199E+01	-9.33934101E+00	3.78591793E-02	7.45520121E-02
2.49845040E+01	-1.69580336E+01	3.78394579E-02	7.42282504E-02
1.94258685E+01	-2.32961240E+01	3.78198722E-02	7.39067908E-02
1.23148879E+01	-2.78501004E+01	3.78004207E-02	7.35876073E-02
4.20921139E+00	-3.02577063E+01	3.77811020E-02	7.32706742E-02
-4.25480435E+00	-3.03266007E+01	3.77619146E-02	7.29559663E-02
-1.24126730E+01	-2.80494727E+01	3.77428571E-02	7.26434586E-02
-1.96245296E+01	-2.36044234E+01	3.77239280E-02	7.23331267E-02
-2.53258516E+01	-1.73406054E+01	3.77051259E-02	7.20249463E-02
-2.90721155E+01	-9.75028556E+00	3.76864495E-02	7.17188937E-02
-3.05738416E+01	-1.42957540E+00	3.76678974E-02	7.14149454E-02
-2.97192524E+01	6.96902464E+00	3.76494682E-02	7.11130782E-02
-2.65827624E+01	1.47884754E+01	3.76311608E-02	7.08132695E-02
-2.14186481E+01	2.14193065E+01	3.76129736E-02	7.05154967E-02
-1.46404293E+01	2.63478310E+01	3.75949056E-02	7.02197377E-02
-6.78763301E+00	2.91966353E+01	3.75769553E-02	6.99259708E-02
1.51738884E+00	2.97541332E+01	3.75591217E-02	6.96341744E-02
9.61912531E+00	2.79908533E+01	3.75414033E-02	6.93443274E-02
1.68810857E+01	2.40611898E+01	3.75237991E-02	6.90564088E-02
2.27363268E+01	1.82905083E+01	3.75063079E-02	6.87703981E-02
2.67323042E+01	1.11486679E+01	3.74889283E-02	6.84862750E-02
2.85664825E+01	3.21210148E+00	3.74716594E-02	6.82040194E-02
2.81098870E+01	-4.88249488E+00	3.74545000E-02	6.79236117E-02
2.54167427E+01	-1.24891482E+01	3.74374488E-02	6.76450324E-02
2.07194663E+01	-1.90041904E+01	3.74205049E-02	6.73682624E-02
1.44094425E+01	-2.39143159E+01	3.74036671E-02	6.70932826E-02
7.00515471E+00	-2.68372840E+01	3.73869343E-02	6.68200745E-02
-8.89756362E-01	-2.75520313E+01	3.73703055E-02	6.65486196E-02
-8.63512952E+00	-2.60158116E+01	3.73537797E-02	6.62788999E-02
-1.56057137E+01	-2.23670208E+01	3.73373556E-02	6.60108974E-02
-2.12412725E+01	-1.69135132E+01	3.73210325E-02	6.57445945E-02
-2.50913566E+01	-1.01073729E+01	3.73048091E-02	6.54799737E-02
-2.68511741E+01	-2.50818806E+00	3.72886846E-02	6.52170179E-02
-2.63857032E+01	5.26221022E+00	3.72726580E-02	6.49557102E-02
-2.37401402E+01	1.25699054E+01	3.72567282E-02	6.46960339E-02
-1.91358712E+01	1.88199231E+01	3.72408944E-02	6.44379724E-02
-1.29523138E+01	2.35040416E+01	3.72251555E-02	6.41815095E-02
-5.69610761E+00	2.62415602E+01	3.72095107E-02	6.39266292E-02
2.03986057E+00	2.68097709E+01	3.71939590E-02	6.36733155E-02
9.62429801E+00	2.51617063E+01	3.71784995E-02	6.34215530E-02
1.64383731E+01	2.14297598E+01	3.71631313E-02	6.31713261E-02
2.19255283E+01	1.59149040E+01	3.71478535E-02	6.29226197E-02
2.56362499E+01	9.06238944E+00	3.71326653E-02	6.26754187E-02
2.72642128E+01	1.42588277E+00	3.71175658E-02	6.24297083E-02
2.66709145E+01	-6.37707061E+00	3.71025541E-02	6.21854739E-02
2.38968340E+01	-1.37146854E+01	3.70876294E-02	6.19427010E-02
1.91582336E+01	-1.99916975E+01	3.70727909E-02	6.17013755E-02
1.28298705E+01	-2.46971826E+01	3.70580377E-02	6.14614831E-02
5.41501016E+00	-2.74456063E+01	3.70433690E-02	6.12230101E-02
-2.49485037E+00	-2.80078252E+01	3.70287841E-02	6.09859428E-02
-1.02673211E+01	-2.63295630E+01	3.70142821E-02	6.07502675E-02
-1.72797303E+01	-2.25358917E+01	3.69998623E-02	6.05159710E-02
-2.29689596E+01	-1.69213655E+01	3.69855238E-02	6.02830400E-02
-2.68765192E+01	-9.92660149E+00	3.69712660E-02	6.00514615E-02
-2.86852641E+01	-2.10318572E+00	3.69570881E-02	5.98212227E-02
-2.82448206E+01	5.93028759E+00	3.69429893E-02	5.95923108E-02
-2.55836983E+01	1.35375297E+01	3.69289689E-02	5.93647134E-02
-2.09071239E+01	2.01152840E+01	3.69150262E-02	5.91384180E-02
-1.45807788E+01	2.51414172E+01	3.69011605E-02	5.89134124E-02
-7.10174149E+00	2.82165391E+01	3.68873710E-02	5.86896846E-02
9.41040731E-01	2.90958331E+01	3.68736571E-02	5.84672225E-02
8.91359333E+00	2.77085671E+01	3.68600181E-02	5.82460145E-02
1.61873324E+01	2.41637325E+01	3.68464532E-02	5.80260488E-02
2.21890384E+01	1.87413726E+01	3.68329619E-02	5.78073141E-02
2.64464053E+01	1.18702981E+01	3.68195434E-02	5.75897989E-02
2.86255400E+01	4.09397473E+00	3.68061971E-02	5.73734920E-02
2.85574310E+01	-3.97269263E+00	3.67929224E-02	5.71583824E-02
2.62512887E+01	-1.16922327E+01	3.67797186E-02	5.69444590E-02
2.18937066E+01	-1.84552421E+01	3.67665850E-02	5.67317112E-02
1.58337208E+01	-2.37287510E+01	3.67535211E-02	5.65201282E-02
8.55497167E+00	-2.70984748E+01	3.67405263E-02	5.63096994E-02
6.37194175E-01	-2.83015963E+01	3.67275998E-02	5.61004145E-02
-7.28988936E+00	-2.72474832E+01	3.67147412E-02	5.58922630E-02
-1.45965991E+01	-2.40247054E+01	3.67019498E-02	5.56852349E-02
-2.07032683E+01	-1.88938128E+01	3.66892250E-02	5.54793201E-02
-2.51261825E+01	-1.22664648E+01	3.66765662E-02	5.52745087E-02
-2.75158424E+01	-4.67258852E+00	3.66639730E-02	5.50707907E-02
-2.76845211E+01	3.28180584E+00	3.66514446E-02	5.48681566E-02
-2.56209415E+01	1.09627891E+01	3.66389806E-02	5.46665966E-02
-2.14909299E+01	1.77588187E+01	3.66265803E-02	5.44661014E-02
-1.56240163E+01	2.31291882E+01	3.66142433E-02	5.42666616E-02
-8.48707179E+00	2.66467741E+01	3.66019689E-02	5.40682678E-02
-6.47098995E-01	2.80316984E+01	3.65897567E-02	5.38709110E-02
7.27384640E+00	2.71732487E+01	3.65776061E-02	5.36745820E-02
1.46480092E+01	2.41383418E+01	3.65655166E-02	5.34792720E-02
2.08916343E+01	1.91658867E+01	3.65534877E-02	5.32849720E-02
2.55110668E+01	1.26475267E+01	3.65415188E-02	5.30916734E-02
2.81415995E+01	5.09632174E+00	3.65296094E-02	5.28993676E-02
2.85760031E+01	-2.89411259E+00	3.65177591E-02	5.27080458E-02
2.67804988E+01	-1.06967403E+01	3.65059674E-02	5.25176998E-02
2.28969410E+01	-1.77007546E+01	3.64942337E-02	5.23283211E-02
1.72310739E+01	-2.33597931E+01	3.64825575E-02	5.21399015E-02
1.02278357E+01	-2.72348915E+01	3.64709385E-02	5.19524328E-02
2.43571362E+00	-2.90287822E+01	3.64593760E-02	5.17659070E-02
-5.53698699E+00	-2.86088383E+01	3.64478697E-02	5.15803160E-02
-1.30704546E+01	-2.60168780E+01	3.64364191E-02	5.13956520E-02
-1.95824104E+01	-2.14650941E+01	3.64250237E-02	5.12119072E-02
-2.45739723E+01	-1.53184805E+01	3.64136831E-02	5.10290738E-02
-2.76687060E+01	-8.06520284E+00	3.64023967E-02	5.08471441E-02
-2.86417825E+01	-2.77314323E-01	3.63911643E-02	5.06661108E-02
-2.74369563E+01	7.43501858E+00	3.63799852E-02	5.04859662E-02
-2.41700607E+01	1.44721104E+01	3.63688592E-02	5.03067030E-02
-1.91187924E+01	2.02922872E+01	3.63577857E-02	5.01283139E-02
-1.26996562E+01	2.44545684E+01	3.63467643E-02	4.99507917E-02
-5.43395912E+00	2.66531136E+01	3.63357946E-02	4.97741292E-02
2.09438702E+00	2.67407186E+01	3.63248763E-02	4.95983193E-02
9.28585080E+00	2.47395284E+01	3.63140088E-02	4.94233550E-02
1.55732794E+01	2.08381613E+01	3.63031918E-02	4.92492295E-02
2.04670675E+01	1.53755311E+01	3.62924248E-02	4.90759358E-02
2.35938922E+01	8.81271300E+00	3.62817075E-02	4.89034672E-02
2.47259388E+01	1.69515568E+00	3.62710395E-02	4.87318171E-02
2.37983110E+01	-5.39169648E+00	3.62604204E-02	4.85609787E-02
2.09132751E+01	-1.18697859E+01	3.62498498E-02	4.83909455E-02
1.63310460E+01	-1.72150164E+01	3.62393272E-02	4.82217111E-02
1.04479045E+01	-2.09992832E+01	3.62288524E-02	4.80532690E-02
3.76344636E+00	-2.29245969E+01	3.62184250E-02	4.78856128E-02
-3.16036645E+00	-2.28465860E+01	3.62080445E-02	4.77187363E-02
-9.74503283E+00	-2.07855194E+01	3.61977106E-02	4.75526333E-02
-1.54425159E+01	-1.69240027E+01	3.61874230E-02	4.73872975E-02
-1.97796344E+01	-1.15915691E+01	3.61771813E-02	4.72227230E-02
-2.23962751E+01	-5.23744387E+00	3.61669851E-02	4.70589036E-02
-2.30743611E+01	1.60629515E+00	3.61568341E-02	4.68958335E-02
-2.17552653E+01	8.36816943E+00	3.61467280E-02	4.67335066E-02
-1.85442880E+01	1.44838461E+01	3.61366663E-02	4.65719172E-02
-1.37018640E+01	1.94420207E+01	3.61266487E-02	4.64110596E-02
-7.62223104E+00	2.28259366E+01	3.61166750E-02	4.62509278E-02
-8.01300450E-01	2.43471995E+01	3.61067447E-02	4.60915164E-02
6.20366427E+00	2.38691712E+01	3.60968575E-02	4.59328197E-02
1.28192985E+01	2.14180662E+01	3.60870132E-02	4.57748321E-02
1.85026625E+01	1.71808717E+01	3.60772113E-02	4.56175482E-02
2.27852888E+01	1.14902672E+01	3.60674516E-02	4.54609624E-02
2.53112012E+01	4.79777071E+00	3.60577338E-02	4.53050696E-02
2.58658428E+01	-2.36271831E+00	3.60480574E-02	4.51498642E-02
2.43935847E+01	-9.41803565E+00	3.60384223E-02	4.49953410E-02
2.10024073E+01	-1.58020534E+01	3.60288280E-02	4.48414949E-02
1.59553771E+01	-2.10014333E+01	3.60192744E-02	4.46883205E-02
9.64960650E+00	-2.45971476E+01	3.60097610E-02	4.45358129E-02
2.58438758E+00	-2.62984220E+01	3.60002877E-02	4.43839670E-02
-4.67893657E+00	-2.59663668E+01	3.59908540E-02	4.42327777E-02
-1.15621375E+01	-2.36253902E+01	3.59814597E-02	4.40822400E-02
-1.75166723E+01	-1.94614682E+01	3.59721045E-02	4.39323491E-02
-2.20679150E+01	-1.38074045E+01	3.59627882E-02	4.37831001E-02
-2.48534911E+01	-7.11625435E+00	3.59535103E-02	4.36344882E-02
-2.56526298E+01	7.49602747E-02	3.59442708E-02	4.34865085E-02
-2.44041669E+01	7.18833723E+00	3.59350691E-02	4.33391563E-02
-2.12117442E+01	1.36515300E+01	3.59259052E-02	4.31924271E-02
-1.63357723E+01	1.89438080E+01	3.59167786E-02	4.30463161E-02
-1.01727886E+01	2.26380464E+01	3.59076892E-02	4.29008187E-02
-3.22385113E+00	2.44352721E+01	3.58986367E-02	4.27559304E-02
3.94551327E+00	2.41889889E+01	3.58896208E-02	4.26116467E-02
1.07506063E+01	2.19173186E+01	3.58806412E-02	4.24679631E-02
1.66344832E+01	1.78019707E+01	3.58716976E-02	4.23248752E-02
2.11127506E+01	1.21741042E+01	3.58627899E-02	4.21823787E-02
2.38126523E+01	5.48819376E+00	3.58539177E-02	4.20404692E-02
2.45033098E+01	-1.71402747E+00	3.58450808E-02	4.18991424E-02
2.31146884E+01	-8.84668328E+00	3.58362790E-02	4.17583940E-02
1.97437597E+01	-1.53264957E+01	3.58275119E-02	4.16182199E-02
1.46473488E+01	-2.06194287E+01	3.58187794E-02	4.14786159E-02
8.22221702E+00	-2.42835153E+01	3.58100812E-02	4.13395778E-02
9.73950381E-01	-2.60044514E+01	3.58014171E-02	4.12011016E-02
-6.52288620E+00	-2.56211107E+01	3.57927867E-02	4.10631832E-02
-1.36701697E+01	-2.31389405E+01	3.57841899E-02	4.09258185E-02
-1.98936110E+01	-1.87301555E+01	3.57756265E-02	4.07890037E-02
-2.46883556E+01	-1.27207016E+01	3.57670962E-02	4.06527347E-02
-2.76591715E+01	-5.56500842E+00	3.57585987E-02	4.05170077E-02
-2.85520310E+01	2.18947607E+00	3.57501339E-02	4.03818187E-02
-2.72745758E+01	9.94516702E+00	3.57417014E-02	4.02471640E-02
-2.39038385E+01	1.71012470E+01	3.57333012E-02	4.01130398E-02
-1.86806013E+01	2.31008826E+01	3.57249329E-02	3.99794422E-02
-1.19908360E+01	2.74750171E+01	3.57165963E-02	3.98463676E-02
-4.33569012E+00	2.98792772E+01	3.57082913E-02	3.97138123E-02
3.70760678E+00	3.01210764E+01	3.57000175E-02	3.95817726E-02
1.15308263E+01	2.81747780E+01	3.56917748E-02	3.94502448E-02
1.85422506E+01	2.41837273E+01	3.56835630E-02	3.93192255E-02
2.42128572E+01	1.84490010E+01	3.56753819E-02	3.91887109E-02
2.81175350E+01	1.14057769E+01	3.56672311E-02	3.90586977E-02
2.99680879E+01	3.58920065E+00	3.56591106E-02	3.89291822E-02
2.96354344E+01	-4.40754036E+00	3.56510202E-02	3.88001611E-02
2.71592703E+01	-1.19796182E+01	3.56429595E-02	3.86716308E-02
2.27444590E+01	-1.85577721E+01	3.56349285E-02	3.85435881E-02
1.67444610E+01	-2.36525987E+01	3.56269268E-02	3.84160295E-02
9.63314193E+00	-2.68924387E+01	3.56189544E-02	3.82889516E-02
1.96721321E+00	-2.80518886E+01	3.56110110E-02	3.81623512E-02
-5.65770506E+00	-2.70687154E+01	3.56030964E-02	3.80362250E-02
-1.26539121E+01	-2.40478750E+01	3.55952105E-02	3.79105696E-02
-1.84876398E+01	-1.92523592E+01	3.55873530E-02	3.77853820E-02
-2.27206203E+01	-1.30816389E+01	3.55795237E-02	3.76606589E-02
-2.50439416E+01	-6.03945293E+00	3.55717224E-02	3.75363971E-02
-2.53015432E+01	1.30647285E+00	3.55639491E-02	3.74125934E-02
-2.35015362E+01	8.36955899E+00	3.55562033E-02	3.72892449E-02
-1.98145014E+01	1.45907679E+01	3.55484851E-02	3.71663483E-02
-1.45589549E+01	1.94825840E+01	3.55407942E-02	3.70439006E-02
-8.17518816E+00	2.26671064E+01	3.55331304E-02	3.69218988E-02
-1.18960596E+00	2.39052605E+01	3.55254936E-02	3.68003398E-02
5.82756667E+00	2.31148540E+01	3.55178835E-02	3.66792208E-02
1.23078232E+01	2.03760939E+01	3.55103000E-02	3.65585387E-02
1.77295301E+01	1.59241873E+01	3.55027430E-02	3.64382906E-02
2.16591115E+01	1.01296715E+01	3.54952121E-02	3.63184736E-02
2.37850107E+01	3.46809747E+00	3.54877074E-02	3.61990849E-02
2.39417608E+01	-3.51847292E+00	3.54802285E-02	3.60801214E-02
2.21222973E+01	-1.02650522E+01	3.54727754E-02	3.59615806E-02
1.84775889E+01	-1.62289000E+01	3.54653478E-02	3.58434594E-02
1.33036764E+01	-2.09326764E+01	3.54579456E-02	3.57257552E-02
7.01721550E+00	-2.40021454E+01	3.54505686E-02	3.56084652E-02
1.21528669E-01	-2.51954469E+01	3.54432167E-02	3.54915866E-02
-6.83407744E+00	-2.44216424E+01	3.54358897E-02	3.53751167E-02
-1.32984474E+01	-2.17471029E+01	3.54285874E-02	3.52590529E-02
-1.87626212E+01	-1.73892891E+01	3.54213097E-02	3.51433925E-02
-2.28002661E+01	-1.16984797E+01	3.54140564E-02	3.50281328E-02
-2.51012759E+01	-5.12896839E+00	3.54068274E-02	3.49132712E-02
-2.54958826E+01	1.79791564E+00	3.53996224E-02	3.47988050E-02
-2.39673888E+01	8.53596191E+00	3.53924415E-02	3.46847319E-02
-2.06525554E+01	1.45580043E+01	3.53852843E-02	3.45710490E-02
-1.58296672E+01	1.93980857E+01	3.53781507E-02	3.44577540E-02
-9.89529133E+00	2.26884841E+01	3.53710407E-02	3.43448444E-02
-3.33164233E+00	2.41886486E+01	3.53639540E-02	3.42323175E-02
3.33277948E+00	2.38037515E+01	3.53568904E-02	3.41201710E-02
9.56608401E+00	2.15914091E+01	3.53498500E-02	3.40084023E-02
1.48759533E+01	1.77560762E+01	3.53428324E-02	3.38970091E-02
1.88492083E+01	1.26316129E+01	3.53358376E-02	3.37859890E-02
2.11848032E+01	6.65347433E+00	3.53288653E-02	3.36753394E-02
2.17176093E+01	3.22802019E-01	3.53219156E-02	3.35650582E-02
2.04310992E+01	-5.83465801E+00	3.53149882E-02	3.34551428E-02
1.74579418E+01	-1.13114756E+01	3.53080829E-02	3.33455911E-02
1.30684942E+01	-1.56598222E+01	3.53011997E-02	3.32364005E-02
7.64815529E+00	-1.85277892E+01	3.52943384E-02	3.31275690E-02
1.66543684E+00	-1.96878124E+01	3.52874989E-02	3.30190941E-02
-4.36664185E+00	-1.90549209E+01	3.52806810E-02	3.29109736E-02
-9.93269980E+00	-1.66933525E+01	3.52738846E-02	3.28032053E-02
-1.45572626E+01	-1.28110188E+01	3.52671096E-02	3.26957869E-02
-1.78437304E+01	-7.74228543E+00	3.52603558E-02	3.25887162E-02
-1.95068936E+01	-1.92047395E+00	3.52536230E-02	3.24819911E-02
-1.93963683E+01	4.15767898E+00	3.52469113E-02	3.23756094E-02
-1.75090597E+01	9.97272342E+00	3.52402204E-02	3.22695689E-02
-1.39896456E+01	1.50250620E+01	3.52335502E-02	3.21638674E-02
-9.11904247E+00	1.88759342E+01	3.52269006E-02	3.20585029E-02
-3.29178372E+00	2.11835031E+01	3.52202714E-02	3.19534732E-02
3.01586528E+00	2.17311217E+01	3.52136626E-02	3.18487763E-02
9.28448409E+00	2.04454900E+01	3.52070739E-02	3.17444100E-02
1.49936550E+01	1.74032243E+01	3.52005054E-02	3.16403724E-02
1.96643007E+01	1.28252963E+01	3.51939568E-02	3.15366614E-02
2.28977860E+01	7.05977506E+00	3.51874280E-02	3.14332749E-02
2.44086238E+01	5.54246177E-01	3.51809189E-02	3.13302109E-02
2.40481405E+01	-6.17988470E+00	3.51744295E-02	3.12274675E-02
2.18171792E+01	-1.26083436E+01	3.51679595E-02	3.11250427E-02
1.78667989E+01	-1.82169090E+01	3.51615088E-02	3.10229345E-02
1.24868905E+01	-2.25528548E+01	3.51550774E-02	3.09211410E-02
6.08360189E+00	-2.52615829E+01	3.51486651E-02	3.08196602E-02
-8.52638619E-01	-2.61154956E+01	3.51422719E-02	3.07184902E-02
-7.78595408E+00	-2.50327768E+01	3.51358975E-02	3.06176291E-02
-1.41776076E+01	-2.20845573E+01	3.51295418E-02	3.05170751E-02
-1.95289453E+01	-1.74898669E+01	3.51232049E-02	3.04168262E-02
-2.34212576E+01	-1.15987543E+01	3.51168865E-02	3.03168806E-02
-2.55493675E+01	-4.86490233E+00	3.51105865E-02	3.02172364E-02
-2.57462495E+01	2.19009433E+00	3.51043048E-02	3.01178919E-02
-2.39966993E+01	9.01794987E+00	3.50980414E-02	3.00188451E-02
-2.04389442E+01	1.50871289E+01	3.50917961E-02	2.99200944E-02
-1.53540470E+01	1.99250480E+01	3.50855687E-02	2.98216378E-02
-9.14392983E+00	2.31556735E+01	3.50793593E-02	2.97234736E-02
-2.29975001E+00	2.45295149E+01	3.50731677E-02	2.96256001E-02
4.63686592E+00	2.39436163E+01	3.50669937E-02	2.95280156E-02
1.11166570E+01	2.14499457E+01	3.50608373E-02	2.94307182E-02
1.66262295E+01	1.72514995E+01	3.50546984E-02	2.93337062E-02
2.07287705E+01	1.16864221E+01	3.50485768E-02	2.92369780E-02
2.30987363E+01	5.20138981E+00	3.50424725E-02	2.91405318E-02
2.35477586E+01	-1.68363631E+00	3.50363854E-02	2.90443659E-02
2.20397060E+01	-8.41649617E+00	3.50303153E-02	2.89484787E-02
1.86937009E+01	-1.44565009E+01	3.50242622E-02	2.88528686E-02
1.37748487E+01	-1.93172256E+01	3.50182259E-02	2.87575337E-02
7.67340804E+00	-2.26050328E+01	3.50122064E-02	2.86624727E-02
8.74053614E-01	-2.40502749E+01	3.50062036E-02	2.85676837E-02
-6.08233736E+00	-2.35287039E+01	3.50002173E-02	2.84731652E-02
-1.26413473E+01	-2.10713953E+01	3.49942475E-02	2.83789156E-02
-1.82787525E+01	-1.68624032E+01	3.49882941E-02	2.82849332E-02
-2.25418698E+01	-1.12243385E+01	3.49823569E-02	2.81912166E-02
-2.50852470E+01	-4.59301567E+00	3.49764359E-02	2.80977642E-02
-2.56978787E+01	2.51681781E+00	3.49705310E-02	2.80045743E-02
-2.43198066E+01	9.55195418E+00	3.49646421E-02	2.79116455E-02
-2.10468009E+01	1.59641949E+01	3.49587691E-02	2.78189762E-02
-1.61227710E+01	2.12533801E+01	3.49529119E-02	2.77265649E-02
-9.92051935E+00	2.50065790E+01	3.49470704E-02	2.76344100E-02
-2.91237991E+00	2.69303547E+01	3.49412446E-02	2.75425102E-02
4.36692381E+00	2.68735664E+01	3.49354343E-02	2.74508638E-02
1.13622526E+01	2.48389287E+01	3.49296394E-02	2.73594694E-02
1.75415326E+01	2.09824412E+01	3.49238599E-02	2.72683256E-02
2.24373077E+01	1.56007611E+01	3.49180956E-02	2.71774309E-02
2.56830870E+01	9.10754860E+00	3.49123465E-02	2.70867838E-02
2.70416319E+01	2.00068335E+00	3.49066125E-02	2.69963829E-02
2.64229742E+01	-5.17703049E+00	3.49008936E-02	2.69062267E-02
2.38907732E+01	-1.18805463E+01	3.48951895E-02	2.68163139E-02
1.96565504E+01	-1.76052595E+01	3.48895003E-02	2.67266431E-02
1.40623004E+01	-2.19263203E+01	3.48838258E-02	2.66372127E-02
7.55289783E+00	-2.45314786E+01	3.48781660E-02	2.65480216E-02
6.40521829E-01	-2.52448887E+01	3.48725207E-02	2.64590682E-02
-6.13605184E+00	-2.40400245E+01	3.48668900E-02	2.63703512E-02
-1.22540460E+01	-2.10407307E+01	3.48612736E-02	2.62818693E-02
-1.72477809E+01	-1.65103764E+01	3.48556716E-02	2.61936211E-02
-2.07450237E+01	-1.08300243E+01	3.48500839E-02	2.61056052E-02
-2.24957262E+01	-4.46740004E+00	3.48445103E-02	2.60178204E-02
-2.23909040E+01	2.06083553E+00	3.48389508E-02	2.59302653E-02
-2.04702030E+01	8.23047762E+00	3.48334054E-02	2.58429385E-02
-1.69176042E+01	1.35515260E+01	3.48278738E-02	2.57558389E-02
-1.20456665E+01	1.76069649E+01	3.48223561E-02	2.56689650E-02
-6.26961565E+00	2.00855007E+01	3.48168522E-02	2.55823157E-02
-7.33941469E-02	2.08056751E+01	3.48113620E-02	2.54958895E-02
6.02958246E+00	1.97294727E+01	3.48058854E-02	2.54096854E-02
1.15378048E+01	1.69643845E+01	3.48004223E-02	2.53237019E-02
1.60018691E+01	1.27538164E+01	3.47949727E-02	2.52379379E-02
1.90602877E+01	7.45666288E+00	3.47895365E-02	2.51523920E-02
2.04680660E+01	1.51772766E+00	3.47841136E-02	2.50670632E-02
2.01157900E+01	-4.56859994E+00	3.47787039E-02	2.49819501E-02
1.80377344E+01	-1.02984748E+01	3.47733075E-02	2.48970515E-02
1.44083896E+01	-1.51992996E+01	3.47679241E-02	2.48123662E-02
9.52772966E+00	-1.88677357E+01	3.47625537E-02	2.47278931E-02
3.79645070E+00	-2.10019821E+01	3.47571962E-02	2.46436309E-02
-2.31679781E+00	-2.14257519E+01	3.47518517E-02	2.45595783E-02
-8.31352583E+00	-2.01020533E+01	3.47465199E-02	2.44757344E-02
-1.37057800E+01	-1.71357003E+01	3.47412009E-02	2.43920978E-02
-1.80555322E+01	-1.27643924E+01	3.47358945E-02	2.43086675E-02
-2.10099156E+01	-7.33911507E+00	3.47306008E-02	2.42254422E-02
-2.23294879E+01	-1.29547088E+00	3.47253195E-02	2.41424208E-02
-2.19072676E+01	4.88172529E+00	3.47200507E-02	2.40596022E-02
-1.97770388E+01	1.06977205E+01	3.47147943E-02	2.39769853E-02
-1.61102828E+01	1.56877953E+01	3.47095502E-02	2.38945689E-02
-1.12020139E+01	1.94547139E+01	3.47043183E-02	2.38123519E-02
-5.44668571E+00	2.17006438E+01	3.46990986E-02	2.37303332E-02
6.93871126E-01	2.22509861E+01	3.46938910E-02	2.36485116E-02
6.72787831E+00	2.10682162E+01	3.46886955E-02	2.35668862E-02
1.21733835E+01	1.82546383E+01	3.46835119E-02	2.34854558E-02
1.65971686E+01	1.40438524E+01	3.46783403E-02	2.34042193E-02
1.96496609E+01	8.78164165E+00	3.46731805E-02	2.33231756E-02
2.10930402E+01	2.89783405E+00	3.46680324E-02	2.32423237E-02
2.08202871E+01	-3.12857924E+00	3.46628961E-02	2.31616626E-02
1.88636502E+01	-8.80825182E+00	3.46577714E-02	2.30811911E-02
1.53918617E+01	-1.36810843E+01	3.46526584E-02	2.30009082E-02
1.06963369E+01	-1.73534296E+01	3.46475568E-02	2.29208130E-02
5.16747948E+00	-1.95299064E+01	3.46424667E-02	2.28409042E-02
-7.36991670E-01	-2.00372621E+01	3.46373880E-02	2.27611810E-02
-6.52913882E+00	-1.88383669E+01	3.46323207E-02	2.26816423E-02
-1.17303341E+01	-1.60352183E+01	3.46272646E-02	2.26022870E-02
-1.59100375E+01	-1.18607160E+01	3.46222197E-02	2.25231143E-02
-1.87207025E+01	-6.65987197E+00	3.46171859E-02	2.24441230E-02
-1.99260005E+01	-8.61968570E-01	3.46121633E-02	2.23653121E-02
-1.94200912E+01	5.05409599E+00	3.46071517E-02	2.22866808E-02
-1.72363893E+01	1.05984886E+01	3.46021510E-02	2.22082280E-02
-1.35451177E+01	1.53100399E+01	3.45971613E-02	2.21299527E-02
-8.63983964E+00	1.87935777E+01	3.45921824E-02	2.20518539E-02
-2.91404615E+00	2.07519956E+01	3.45872143E-02	2.19739308E-02
3.17032697E+00	2.10104776E+01	3.45822569E-02	2.18961823E-02
9.11993150E+00	1.95309285E+01	3.45773103E-02	2.18186074E-02
1.44496215E+01	1.64154468E+01	3.45723742E-02	2.17412053E-02
1.87214765E+01	1.18985512E+01	3.45674487E-02	2.16639750E-02
2.15801050E+01	6.32877481E+00	3.45625336E-02	2.15869156E-02
2.27813985E+01	1.41091641E-01	3.45576291E-02	2.15100261E-02
2.22124277E+01	-6.17762497E+00	3.45527349E-02	2.14333055E-02
1.99008831E+01	-1.21273563E+01	3.45478510E-02	2.13567531E-02
1.60132942E+01	-1.72348093E+01	3.45429774E-02	2.12803679E-02
1.08421617E+01	-2.10912201E+01	3.45381141E-02	2.12041489E-02
4.78302081E+00	-2.33850702E+01	3.45332609E-02	2.11280953E-02
-1.69674192E+00	-2.39271010E+01	3.45284178E-02	2.10522061E-02
-8.09483605E+00	-2.26656248E+01	3.45235847E-02	2.09764805E-02
-1.39138379E+01	-1.96909080E+01	3.45187617E-02	2.09009177E-02
-1.87006169E+01	-1.52282697E+01	3.45139486E-02	2.08255166E-02
-2.20822782E+01	-9.62044217E+00	3.45091454E-02	2.07502765E-02
-2.37957591E+01	-3.30059239E+00	3.45043520E-02	2.06751964E-02
-2.37087237E+01	3.24185047E+00	3.44995685E-02	2.06002756E-02
-2.18300928E+01	9.49984405E+00	3.44947946E-02	2.05255131E-02
-1.83093727E+01	1.49887861E+01	3.44900305E-02	2.04509081E-02
-1.34248368E+01	1.92847887E+01	3.44852760E-02	2.03764598E-02
-7.56150355E+00	2.20581320E+01	3.44805310E-02	2.03021672E-02
-1.18066312E+00	2.30992432E+01	3.44757956E-02	2.02280297E-02
5.21662274E+00	2.23351410E+01	3.44710696E-02	2.01540462E-02
1.11291447E+01	1.98350456E+01	3.44663531E-02	2.00802161E-02
1.60951461E+01	1.58047179E+01	3.44616460E-02	2.00065384E-02
1.97287557E+01	1.05699875E+01	3.44569482E-02	1.99330124E-02
2.17503642E+01	4.55078685E+00	3.44522596E-02	1.98596372E-02
2.20085399E+01	-1.77223455E+00	3.44475803E-02	1.97864121E-02
2.04917557E+01	-7.89585939E+00	3.44429101E-02	1.97133362E-02
1.73290088E+01	-1.33341786E+01	3.44382491E-02	1.96404087E-02
1.27793015E+01	-1.76570281E+01	3.44335972E-02	1.95676289E-02
7.21083466E+00	-2.05239362E+01	3.44289542E-02	1.94949959E-02
1.07158222E+00	-2.17108959E+01	3.44243203E-02	1.94225090E-02
-5.14640160E+00	-2.11278479E+01	3.44196953E-02	1.93501674E-02
-1.09460979E+01	-1.88255031E+01	3.44150792E-02	1.92779702E-02
-1.58649490E+01	-1.49909843E+01	3.44104719E-02	1.92059168E-02
-1.95114627E+01	-9.93265478E+00	3.44058734E-02	1.91340063E-02
-2.15960953E+01	-4.05535996E+00	3.44012836E-02	1.90622381E-02
-2.19539703E+01	2.17192957E+00	3.43967026E-02	1.89906113E-02
-2.05576481E+01	8.25348757E+00	3.43921302E-02	1.89191251E-02
-1.75189532E+01	1.37062337E+01	3.43875663E-02	1.88477789E-02
-1.30797404E+01	1.80980318E+01	3.43830111E-02	1.87765719E-02
-7.59235844E+00	2.10818434E+01	3.43784644E-02	1.87055033E-02
-1.49139149E+00	2.24230327E+01	3.43739261E-02	1.86345724E-02
4.74105574E+00	2.20176693E+01	3.43693962E-02	1.85637785E-02
1.06137508E+01	1.99003960E+01	3.43648748E-02	1.84931208E-02
1.56653423E+01	1.62412640E+01	3.43603616E-02	1.84225987E-02
1.95008801E+01	1.13318161E+01	3.43558568E-02	1.83522113E-02
2.18229480E+01	5.56155454E+00	3.43513602E-02	1.82819580E-02
2.24549473E+01	-6.13307263E-01	3.43468717E-02	1.82118381E-02
2.13546990E+01	-6.70630110E+00	3.43423915E-02	1.81418508E-02
1.86173102E+01	-1.22394503E+01	3.43379193E-02	1.80719955E-02
1.44671068E+01	-1.67812145E+01	3.43334553E-02	1.80022714E-02
9.23930800E+00	-1.99806131E+01	3.43289992E-02	1.79326778E-02
3.35293124E+00	-2.15948191E+01	3.43245511E-02	1.78632141E-02
-2.72288511E+00	-2.15080438E+01	3.43201110E-02	1.77938796E-02
-8.50643798E+00	-1.97402338E+01	3.43156788E-02	1.77246736E-02
-1.35418876E+01	-1.64449153E+01	3.43112544E-02	1.76555953E-02
-1.74354892E+01	-1.18963921E+01	3.43068378E-02	1.75866442E-02
-1.98867434E+01	-6.46735039E+00	3.43024291E-02	1.75178194E-02
-2.07119946E+01	-5.98686021E-01	3.42980280E-02	1.74491205E-02
-1.98586145E+01	5.23601211E+00	3.42936346E-02	1.73805467E-02
-1.74086661E+01	1.05684701E+01	3.42892489E-02	1.73120973E-02
-1.35717860E+01	1.49731842E+01	3.42848708E-02	1.72437716E-02
-8.66788560E+00	1.81013302E+01	3.42805003E-02	1.71755691E-02
-3.10108260E+00	1.97084264E+01	3.42761372E-02	1.71074890E-02
2.67302729E+00	1.96735542E+01	3.42717817E-02	1.70395308E-02
8.18412123E+00	1.80086224E+01	3.42674336E-02	1.69716937E-02
1.29849713E+01	1.48569601E+01	3.42630930E-02	1.69039772E-02
1.66873065E+01	1.04813776E+01	3.42587597E-02	1.68363805E-02
1.89928493E+01	5.24268035E+00	3.42544337E-02	1.67689031E-02
1.97170510E+01	-4.29622333E-01	3.42501150E-02	1.67015442E-02
1.88036432E+01	-6.07204708E+00	3.42458036E-02	1.66343034E-02
1.63288611E+01	-1.12245105E+01	3.42414993E-02	1.65671799E-02
1.24950209E+01	-1.54673462E+01	3.42372023E-02	1.65001732E-02
7.61399059E+00	-1.84550000E+01	3.42329124E-02	1.64332826E-02
2.08189909E+00	-1.99437072E+01	3.42286296E-02	1.63665074E-02
-3.65287257E+00	-1.98109478E+01	3.42243538E-02	1.62998472E-02
-9.12583876E+00	-1.80651337E+01	3.42200851E-02	1.62333012E-02
-1.38937909E+01	-1.48447691E+01	3.42158233E-02	1.61668689E-02
-1.75704142E+01	-1.04071697E+01	3.42115685E-02	1.61005497E-02
-1.98572875E+01	-5.10766231E+00	3.42073206E-02	1.60343429E-02
-2.05677882E+01	6.29053900E-01	3.42030796E-02	1.59682480E-02
-1.96419974E+01	6.34307632E+00	3.41988454E-02	1.59022643E-02
-1.71514228E+01	1.15762522E+01	3.41946180E-02	1.58363914E-02
-1.32931751E+01	1.59089506E+01	3.41903974E-02	1.57706285E-02
-8.37407921E+00	1.89937074E+01	3.41861835E-02	1.57049751E-02
-2.78600376E+00	2.05830505E+01	3.41819763E-02	1.56394306E-02
3.02560098E+00	2.05492843E+01	3.41777758E-02	1.55739945E-02
8.59743105E+00	1.88946572E+01	3.41735818E-02	1.55086662E-02
1.34854551E+01	1.57511095E+01	3.41693945E-02	1.54434450E-02
1.73004648E+01	1.13696328E+01	3.41652137E-02	1.53783305E-02
1.97392046E+01	6.10010490E+00	3.41610394E-02	1.53133220E-02
2.06085932E+01	3.63223267E-01	3.41568716E-02	1.52484190E-02
1.98411058E+01	-5.38320666E+00	3.41527102E-02	1.51836210E-02
1.75000935E+01	-1.06809258E+01	3.41485553E-02	1.51189273E-02
1.37746263E+01	-1.51078819E+01	3.41444067E-02	1.50543374E-02
8.96428085E+00	-1.83119625E+01	3.41402645E-02	1.49898507E-02
3.45510076E+00	-2.00391055E+01	3.41361285E-02	1.49254668E-02
-2.31133923E+00	-2.01535439E+01	3.41319989E-02	1.48611850E-02
-7.87328471E+00	-1.86485729E+01	3.41278755E-02	1.47970049E-02
-1.27857373E+01	-1.56469878E+01	3.41237582E-02	1.47329258E-02
-1.66560199E+01	-1.13911681E+01	3.41196472E-02	1.46689472E-02
-1.91751292E+01	-6.22360907E+00	3.41155423E-02	1.46050686E-02
-2.01423742E+01	-5.59467314E-01	3.41114435E-02	1.45412895E-02
-1.94813363E+01	5.14667761E+00	3.41073507E-02	1.44776093E-02
-1.72458860E+01	1.04371846E+01	3.41032640E-02	1.44140275E-02
-1.36157825E+01	1.48879258E+01	3.40991834E-02	1.43505435E-02
-8.88222027E+00	1.81421537E+01	3.40951086E-02	1.42871569E-02
-3.42448561E+00	1.99389552E+01	3.40910399E-02	1.42238671E-02
2.32040309E+00	2.01340284E+01	3.40869770E-02	1.41606736E-02
7.89263928E+00	1.87111269E+01	3.40829200E-02	1.40975759E-02
1.28463613E+01	1.57832699E+01	3.40788689E-02	1.40345735E-02
1.67852398E+01	1.15836294E+01	3.40748235E-02	1.39716658E-02
1.93940783E+01	6.44683465E+00	3.40707840E-02	1.39088523E-02
2.04639099E+01	7.82195679E-01	3.40667502E-02	1.38461326E-02
1.99085918E+01	-4.95900875E+00	3.40627221E-02	1.37835061E-02
1.77715841E+01	-1.03195601E+01	3.40586997E-02	1.37209724E-02
1.42223806E+01	-1.48727677E+01	3.40546829E-02	1.36585308E-02
9.54289036E+00	-1.82564643E+01	3.40506718E-02	1.35961810E-02
4.10486597E+00	-2.02018189E+01	3.40466663E-02	1.35339225E-02
-1.65980826E+00	-2.05546760E+01	3.40426663E-02	1.34717547E-02
-7.29359053E+00	-1.92877248E+01	3.40386719E-02	1.34096771E-02
-1.23497615E+01	-1.65025415E+01	3.40346830E-02	1.33476893E-02
-1.64279977E+01	-1.24213531E+01	3.40306995E-02	1.32857907E-02
-1.92062020E+01	-7.36919318E+00	3.40267215E-02	1.32239810E-02
-2.04660576E+01	-1.74788459E+00	3.40227489E-02	1.31622596E-02
-2.01102752E+01	3.99606303E+00	3.40187817E-02	1.31006259E-02
-1.81701697E+01	9.40707418E+00	3.40148199E-02	1.30390797E-02
-1.48029758E+01	1.40568001E+01	3.40108633E-02	1.29776203E-02
-1.02791308E+01	1.75781881E+01	3.40069121E-02	1.29162473E-02
-4.96055414E+00	1.96946137E+01	3.40029661E-02	1.28549603E-02
7.28331292E-01	2.02417598E+01	3.39990253E-02	1.27937587E-02
6.33451405E+00	1.91805094E+01	3.39950898E-02	1.27326421E-02
1.14125321E+01	1.65998365E+01	3.39911594E-02	1.26716100E-02
1.55599494E+01	1.27094817E+01	3.39872342E-02	1.26106620E-02
1.84493413E+01	7.82301228E+00	3.39833141E-02	1.25497977E-02
1.98542450E+01	2.33263323E+00	3.39793991E-02	1.24890164E-02
1.96670139E+01	-3.32222778E+00	3.39754892E-02	1.24283179E-02
1.79071653E+01	-8.69004528E+00	3.39715843E-02	1.23677016E-02
1.47195719E+01	-1.33432229E+01	3.39676844E-02	1.23071670E-02
1.03626585E+01	-1.69121465E+01	3.39637895E-02	1.22467138E-02
5.18756226E+00	-1.91145508E+01	3.39598995E-02	1.21863415E-02
-3.90065628E-01	-1.97778633E+01	3.39560144E-02	1.21260497E-02
-5.92335290E+00	-1.88527561E+01	3.39521343E-02	1.20658378E-02
-1.09699302E+01	-1.64168394E+01	3.39482590E-02	1.20057055E-02
-1.51272297E+01	-1.26682176E+01	3.39443885E-02	1.19456523E-02
-1.80645435E+01	-7.90944193E+00	3.39405229E-02	1.18856777E-02
-1.95492875E+01	-2.52315519E+00	3.39366620E-02	1.18257814E-02
-1.94653855E+01	3.05861180E+00	3.39328059E-02	1.17659629E-02
-1.78223201E+01	8.38903105E+00	3.39289546E-02	1.17062218E-02
-1.47541429E+01	1.30421875E+01	3.39251079E-02	1.16465576E-02
-1.05085421E+01	1.66470558E+01	3.39212659E-02	1.15869699E-02
-5.42685563E+00	1.89170344E+01	3.39174286E-02	1.15274583E-02
8.33575743E-02	1.96726871E+01	3.39135959E-02	1.14680223E-02
5.58098656E+00	1.88558877E+01	3.39097677E-02	1.14086615E-02
1.06266598E+01	1.65342535E+01	3.39059442E-02	1.13493756E-02
1.48178374E+01	1.28955298E+01	3.39021252E-02	1.12901641E-02
1.78209020E+01	8.23239116E+00	3.38983107E-02	1.12310265E-02
1.93976918E+01	2.91888919E+00	3.38945007E-02	1.11719624E-02
1.94243657E+01	-2.61955897E+00	3.38906952E-02	1.11129715E-02
1.79011082E+01	-7.94023398E+00	3.38868941E-02	1.10540534E-02
1.49519127E+01	-1.26185028E+01	3.38830974E-02	1.09952075E-02
1.08144792E+01	-1.62817046E+01	3.38793051E-02	1.09364335E-02
5.82104709E+00	-1.86388304E+01	3.38755172E-02	1.08777310E-02
3.71710610E-01	-1.95036341E+01	3.38717336E-02	1.08190996E-02
-5.09764128E+00	-1.88093394E+01	3.38679544E-02	1.07605389E-02
-1.01501912E+01	-1.66137835E+01	3.38641794E-02	1.07020485E-02
-1.43830770E+01	-1.30946006E+01	3.38604087E-02	1.06436279E-02
-1.74595081E+01	-8.53484821E+00	3.38566422E-02	1.05852768E-02
-1.91355533E+01	-3.30023811E+00	3.38528799E-02	1.05269947E-02
-1.92794712E+01	2.19019550E+00	3.38491218E-02	1.04687814E-02
-1.78820510E+01	7.49763792E+00	3.38453679E-02	1.04106363E-02
-1.50571527E+01	1.21985610E+01	3.38416181E-02	1.03525591E-02
-1.10324212E+01	1.59185123E+01	3.38378724E-02	1.02945494E-02
-6.13092889E+00	1.83619317E+01	3.38341308E-02	1.02366068E-02
-7.45230829E-01	1.93356193E+01	3.38303933E-02	1.01787309E-02
4.69408616E+00	1.87639936E+01	3.38266598E-02	1.01209214E-02
9.75283851E+00	1.66949329E+01	3.38229304E-02	1.00631777E-02
1.40279113E+01	1.32957512E+01	3.38192049E-02	1.00054997E-02
1.71793858E+01	8.83964444E+00	3.38154834E-02	9.94788679E-03
1.89575674E+01	3.68370675E+00	3.38117658E-02	9.89033869E-03
1.92227658E+01	-1.75971541E+00	3.38080522E-02	9.83285500E-03
1.79562584E+01	-7.05603146E+00	3.38043424E-02	9.77543534E-03
1.52615777E+01	-1.17831352E+01	3.38006365E-02	9.71807933E-03
1.13560357E+01	-1.55650771E+01	3.37969345E-02	9.66078660E-03
6.55317826E+00	-1.81019942E+01	3.37932363E-02	9.60355677E-03
1.23758613E+00	-1.91939128E+01	3.37895419E-02	9.54638947E-03
-4.16595183E+00	-1.87565348E+01	3.37858513E-02	9.48928433E-03
-9.22642282E+00	-1.68277603E+01	3.37821644E-02	9.43224098E-03
-1.35410117E+01	-1.35644407E+01	3.37784813E-02	9.37525904E-03
-1.67672108E+01	-9.22963932E+00	3.37748018E-02	9.31833816E-03
-1.86500571E+01	-4.17143268E+00	3.37711261E-02	9.26147796E-03
-1.90423304E+01	1.20504043E+00	3.37674540E-02	9.20467808E-03
-1.79161113E+01	6.47003757E+00	3.37637856E-02	9.14793816E-03
-1.53647896E+01	1.12035793E+01	3.37601208E-02	9.09125783E-03
-1.15953806E+01	1.50289751E+01	3.37564595E-02	9.03463673E-03
-6.91177840E+00	1.76428328E+01	3.37528019E-02	8.97807451E-03
-1.69030006E+00	1.88391599E+01	3.37491478E-02	8.92157080E-03
3.65051335E+00	1.85256411E+01	3.37454972E-02	8.86512526E-03
8.68341611E+00	1.67308065E+01	3.37418501E-02	8.80873751E-03
1.30066144E+01	1.36015315E+01	3.37382065E-02	8.75240721E-03
1.62758301E+01	9.39108525E+00	3.37345664E-02	8.69613401E-03
1.82317140E+01	4.43869836E+00	3.37309297E-02	8.63991756E-03
1.87204250E+01	-8.57703786E-01	3.37272964E-02	8.58375749E-03
1.77057438E+01	-6.07341214E+00	3.37236665E-02	8.52765347E-03
1.52717653E+01	-1.07909321E+01	3.37200400E-02	8.47160515E-03
1.16159720E+01	-1.46333483E+01	3.37164168E-02	8.41561217E-03
7.03325556E+00	-1.72943921E+01	3.37127970E-02	8.35967419E-03
1.89217906E+00	-1.85628126E+01	3.37091805E-02	8.30379088E-03
-3.39461076E+00	-1.83391146E+01	3.37055672E-02	8.24796188E-03
-8.40344824E+00	-1.66433375E+01	3.37019572E-02	8.19218685E-03
-1.27335422E+01	-1.36132665E+01	3.36983505E-02	8.13646545E-03
-1.60389886E+01	-9.49323560E+00	3.36947470E-02	8.08079735E-03
-1.80563464E+01	-4.61443083E+00	3.36911466E-02	8.02518220E-03
-1.86255806E+01	6.31719131E-01	3.36875495E-02	7.96961966E-03
-1.77027084E+01	5.82492799E+00	3.36839555E-02	7.91410940E-03
-1.53631503E+01	1.05496970E+01	3.36803646E-02	7.85865109E-03
-1.17955320E+01	1.44285286E+01	3.36767769E-02	7.80324439E-03
-7.28644748E+00	1.71520541E+01	3.36731923E-02	7.74788896E-03
-2.19741245E+00	1.85036739E+01	3.36696107E-02	7.69258448E-03
3.06413684E+00	1.83767475E+01	3.36660322E-02	7.63733061E-03
8.07747518E+00	1.67829712E+01	3.36624567E-02	7.58212703E-03
1.24422366E+01	1.38512872E+01	3.36588842E-02	7.52697340E-03
1.58103895E+01	9.81742304E+00	3.36553147E-02	7.47186940E-03
1.79139859E+01	5.00491213E+00	3.36517482E-02	7.41681470E-03
1.85864739E+01	-2.00877270E-01	3.36481846E-02	7.36180898E-03
1.77758790E+01	-5.38361984E+00	3.36446239E-02	7.30685191E-03
1.55488121E+01	-1.01293437E+01	3.36410662E-02	7.25194316E-03
1.20849978E+01	-1.40595092E+01	3.36375113E-02	7.19708243E-03
7.66277125E+00	-1.68612139E+01	3.36339593E-02	7.14226937E-03
2.63671514E+00	-1.83121140E+01	3.36304102E-02	7.08750368E-03
-2.59076572E+00	-1.82980793E+01	3.36268639E-02	7.03278504E-03
-7.60165459E+00	-1.68221807E+01	3.36233203E-02	6.97811312E-03
-1.19957393E+01	-1.40043036E+01	3.36197796E-02	6.92348760E-03
-1.54225645E+01	-1.00714316E+01	3.36162416E-02	6.86890818E-03
-1.76093706E+01	-5.33938676E+00	3.36127064E-02	6.81437454E-03
-1.83827913E+01	-1.87498289E-01	3.36091739E-02	6.75988636E-03
-1.76825884E+01	4.97177028E+00	3.36056441E-02	6.70544333E-03
-1.55663344E+01	9.72580233E+00	3.36021170E-02	6.65104513E-03
-1.22046826E+01	1.36947816E+01	3.35985926E-02	6.59669146E-03
-7.86761494E+00	1.65619864E+01	3.35950708E-02	6.54238200E-03
-2.90277541E+00	1.80990104E+01	3.35915516E-02	6.48811644E-03
2.29236885E+00	1.81839024E+01	3.35880351E-02	6.43389448E-03
7.30231005E+00	1.68107872E+01	3.35845211E-02	6.37971580E-03
1.17266832E+01	1.40902102E+01	3.35810097E-02	6.32558011E-03
1.52122005E+01	1.02401918E+01	3.35775008E-02	6.27148709E-03
1.74807901E+01	5.56871654E+00	3.35739945E-02	6.21743643E-03
1.83516992E+01	4.49066761E-01	3.35704907E-02	6.16342784E-03
1.77558052E+01	-4.71002172E+00	3.35669894E-02	6.10946101E-03
1.57410056E+01	-9.49699371E+00	3.35634905E-02	6.05553564E-03
1.24682676E+01	-1.35302912E+01	3.35599941E-02	6.00165143E-03
8.19866708E+00	-1.64887343E+01	3.35565001E-02	5.94780806E-03
3.27246257E+00	-1.81370476E+01	3.35530086E-02	5.89400526E-03
-1.91811390E+00	-1.83445019E+01	3.35495194E-02	5.84024270E-03
-6.96017063E+00	-1.70951959E+01	3.35460326E-02	5.78652011E-03
-1.14530710E+01	-1.44891714E+01	3.35425482E-02	5.73283717E-03
-1.50403219E+01	-1.07342853E+01	3.35390661E-02	5.67919359E-03
-1.74378957E+01	-6.12950302E+00	3.35355864E-02	5.62558909E-03
-1.84567314E+01	-1.04095917E+00	3.35321089E-02	5.57202335E-03
-1.80176336E+01	4.12729508E+00	3.35286337E-02	5.51849608E-03
-1.61573916E+01	8.96551524E+00	3.35251608E-02	5.46500700E-03
-1.30256472E+01	1.30908839E+01	3.35216901E-02	5.41155582E-03
-8.87277802E+00	1.61779267E+01	3.35182216E-02	5.35814222E-03
-4.02977723E+00	1.79843030E+01	3.35147554E-02	5.30476594E-03
1.11825030E+00	1.83699235E+01	3.35112913E-02	5.25142667E-03
6.16285046E+00	1.73078833E+01	3.35078294E-02	5.19812412E-03
1.07047801E+01	1.48863538E+01	3.35043697E-02	5.14485801E-03
1.43857646E+01	1.13013020E+01	3.35009121E-02	5.09162806E-03
1.69169230E+01	6.84063397E+00	3.34974566E-02	5.03843396E-03
1.81015987E+01	1.86104616E+00	3.34940032E-02	4.98527543E-03
1.78507889E+01	-3.24055437E+00	3.34905519E-02	4.93215219E-03
1.61899546E+01	-8.05877019E+00	3.34871027E-02	4.87906396E-03
1.32566888E+01	-1.22120365E+01	3.34836554E-02	4.82601044E-03
9.28944740E+00	-1.53729670E+01	3.34802103E-02	4.77299136E-03
4.60826100E+00	-1.72943045E+01	3.34767671E-02	4.72000642E-03
-4.11014155E-01	-1.78284167E+01	3.34733259E-02	4.66705536E-03
-5.36683752E+00	-1.69387924E+01	3.34698867E-02	4.61413788E-03
-9.86410146E+00	-1.47026410E+01	3.34664494E-02	4.56125370E-03
-1.35456553E+01	-1.13044052E+01	3.34630141E-02	4.50840255E-03
-1.61207203E+01	-7.02072652E+00	3.34595806E-02	4.45558413E-03
-1.73879321E+01	-2.19808294E+00	3.34561491E-02	4.40279819E-03
-1.72511830E+01	2.77509798E+00	3.34527195E-02	4.35004443E-03
-1.57270123E+01	7.49961048E+00	3.34492917E-02	4.29732257E-03
-1.29429743E+01	1.15974278E+01	3.34458658E-02	4.24463235E-03
-9.12713327E+00	1.47418889E+01	3.34424417E-02	4.19197348E-03
-4.58954464E+00	1.66837054E+01	3.34390194E-02	4.13934569E-03
3.02779386E-01	1.72707180E+01	3.34355989E-02	4.08674869E-03
5.15540431E+00	1.64598355E+01	3.34321801E-02	4.03418223E-03
9.57813563E+00	1.43202178E+01	3.34287632E-02	3.98164601E-03
1.32162718E+01	1.10274661E+01	3.34253479E-02	3.92913978E-03
1.57789478E+01	6.84930396E+00	3.34219344E-02	3.87666325E-03
1.70623072E+01	2.12391047E+00	3.34185226E-02	3.82421615E-03
1.69656574E+01	-2.76734433E+00	3.34151125E-02	3.77179822E-03
1.54993289E+01	-7.43056983E+00	3.34117041E-02	3.71940917E-03
1.27836247E+01	-1.14909690E+01	3.34082973E-02	3.66704875E-03
9.03895929E+00	-1.46228633E+01	3.34048921E-02	3.61471667E-03
4.56799279E+00	-1.65757270E+01	3.34014886E-02	3.56241267E-03
-2.68794849E-01	-1.71941527E+01	3.33980866E-02	3.51013648E-03
-5.08212363E+00	-1.64301595E+01	3.33946863E-02	3.45788783E-03
-9.48519468E+00	-1.43468691E+01	3.33912875E-02	3.40566645E-03
-1.31247241E+01	-1.11132700E+01	3.33878902E-02	3.35347209E-03
-1.57092439E+01	-6.99050199E+00	3.33844945E-02	3.30130446E-03
-1.70324064E+01	-2.31077157E+00	3.33811003E-02	3.24916330E-03
-1.69894324E+01	2.54940239E+00	3.33777076E-02	3.19704835E-03
-1.55853950E+01	7.19946158E+00	3.33743164E-02	3.14495934E-03
-1.29346839E+01	1.12661703E+01	3.33709266E-02	3.09289600E-03
-9.25170610E+00	1.44235528E+01	3.33675383E-02	3.04085808E-03
-4.83357593E+00	1.64190091E+01	3.33641514E-02	2.98884531E-03
-3.61913171E-02	1.70935216E+01	3.33607660E-02	2.93685742E-03
4.75438149E+00	1.63943390E+01	3.33573819E-02	2.88489415E-03
9.15291737E+00	1.43791299E+01	3.33539992E-02	2.83295524E-03
1.28059502E+01	1.12112806E+01	3.33506179E-02	2.78104043E-03
1.54201232E+01	7.14672076E+00	3.33472379E-02	2.72914946E-03
1.67857026E+01	2.51333999E+00	3.33438592E-02	2.67728206E-03
1.67933764E+01	-2.31535230E+00	3.33404819E-02	2.62543797E-03
1.54429970E+01	-6.95020985E+00	3.33371058E-02	2.57361694E-03
1.28435733E+01	-1.10176732E+01	3.33337310E-02	2.52181870E-03
9.20451777E+00	-1.41897342E+01	3.33303575E-02	2.47004300E-03
4.81885389E+00	-1.62102433E+01	3.33269853E-02	2.41828958E-03
3.97315622E-02	-1.69154578E+01	3.33236142E-02	2.36655817E-03
-4.74786815E+00	-1.62471884E+01	3.33202444E-02	2.31484853E-03
-9.15797367E+00	-1.42574966E+01	3.33168758E-02	2.26316038E-03
-1.28345419E+01	-1.11045700E+01	3.33135083E-02	2.21149349E-03
-1.54799843E+01	-7.04010856E+00	3.33101420E-02	2.15984758E-03
