jMRUI Data Textfile

Filename: /Users/kayigwe/Desktop/TE26_BASISSET/converter/sample_basis_sets/JMRUI/Cr391.txt

PointsInDataset: 2048
DatasetsInFile: 1
SamplingInterval: 2.500000E-01
ZeroOrderPhase: 0.000000E+00
BeginTime: 0.000000E+00
TransmitterFrequency: 1.232618E+08
MagneticField: 2.895033E+00
TypeOfNucleus: 0.000000E+00
NameOfPatient: Cr391
DateOfExperiment: 20260523
Spectrometer: Unknown
AdditionalInfo: Converted by basis_set_converter


Signal and FFT
sig(real)	sig(imag)	fft(real)	fft(imag)
Signal 1 out of 1 in file
1.84104370E+01	-2.02074384E+00	4.77184520E-03	-1.04659448E-03
1.79191712E+01	-4.62520203E+00	4.76971532E-03	-1.05379552E-03
1.70617264E+01	-7.13085713E+00	4.76758591E-03	-1.06099500E-03
1.58562362E+01	-9.48655322E+00	4.76545696E-03	-1.06819297E-03
1.43279328E+01	-1.16442856E+01	4.76332846E-03	-1.07538946E-03
1.25086198E+01	-1.35601787E+01	4.76120039E-03	-1.08258451E-03
1.04360098E+01	-1.51953783E+01	4.75907275E-03	-1.08977814E-03
8.15294357E+00	-1.65168393E+01	4.75694553E-03	-1.09697040E-03
5.70650415E+00	-1.74979932E+01	4.75481871E-03	-1.10416131E-03
3.14704636E+00	-1.81192818E+01	4.75269229E-03	-1.11135092E-03
5.27160353E-01	-1.83685473E+01	4.75056626E-03	-1.11853925E-03
-2.09940881E+00	-1.82412691E+01	4.74844060E-03	-1.12572634E-03
-4.67886355E+00	-1.77406446E+01	4.74631531E-03	-1.13291222E-03
-7.15845557E+00	-1.68775116E+01	4.74419037E-03	-1.14009694E-03
-9.48756432E+00	-1.56701145E+01	4.74206578E-03	-1.14728051E-03
-1.16187303E+01	-1.41437187E+01	4.73994153E-03	-1.15446298E-03
-1.35086222E+01	-1.23300825E+01	4.73781760E-03	-1.16164438E-03
-1.51189171E+01	-1.02667966E+01	4.73569399E-03	-1.16882475E-03
-1.64170783E+01	-7.99650491E+00	4.73357068E-03	-1.17600411E-03
-1.73770117E+01	-5.56602359E+00	4.73144767E-03	-1.18318251E-03
-1.79795908E+01	-3.02537562E+00	4.72932495E-03	-1.19035997E-03
-1.82130367E+01	-4.26761490E-01	4.72720250E-03	-1.19753653E-03
-1.80731483E+01	2.17651320E+00	4.72508031E-03	-1.20471223E-03
-1.75633761E+01	4.73113109E+00	4.72295838E-03	-1.21188709E-03
-1.66947400E+01	7.18485489E+00	4.72083670E-03	-1.21906116E-03
-1.54855911E+01	9.48759543E+00	4.71871525E-03	-1.22623446E-03
-1.39612250E+01	1.15924340E+01	4.71659403E-03	-1.23340703E-03
-1.21533525E+01	1.34565781E+01	4.71447302E-03	-1.24057891E-03
-1.00994403E+01	1.50422316E+01	4.71235222E-03	-1.24775012E-03
-7.84193471E+00	1.63173604E+01	4.71023161E-03	-1.25492070E-03
-5.42738473E+00	1.72563396E+01	4.70811119E-03	-1.26209069E-03
-2.90548216E+00	1.78404684E+01	4.70599095E-03	-1.26926012E-03
-3.28039191E-01	1.80583420E+01	4.70387087E-03	-1.27642902E-03
2.25207593E+00	1.79060736E+01	4.70175094E-03	-1.28359743E-03
4.78202321E+00	1.73873622E+01	4.69963116E-03	-1.29076538E-03
7.21007296E+00	1.65134053E+01	4.69751152E-03	-1.29793290E-03
9.48666333E+00	1.53026574E+01	4.69539200E-03	-1.30510003E-03
1.15654118E+01	1.37804409E+01	4.69327259E-03	-1.31226680E-03
1.34040603E+01	1.19784168E+01	4.69115330E-03	-1.31943325E-03
1.49653335E+01	9.93392607E+00	4.68903409E-03	-1.32659940E-03
1.62176950E+01	7.68921665E+00	4.68691498E-03	-1.33376530E-03
1.71359836E+01	5.29057011E+00	4.68479593E-03	-1.34093097E-03
1.77019191E+01	2.78734770E+00	4.68267696E-03	-1.34809646E-03
1.79044650E+01	2.30974753E-01	4.68055804E-03	-1.35526179E-03
1.77400441E+01	-2.32611573E+00	4.67843916E-03	-1.36242699E-03
1.72125993E+01	-4.83155832E+00	4.67632032E-03	-1.36959211E-03
1.63335014E+01	-7.23412746E+00	4.67420151E-03	-1.37675718E-03
1.51213048E+01	-9.48478461E+00	4.67208271E-03	-1.38392222E-03
1.36013555E+01	-1.15376791E+01	4.66996392E-03	-1.39108727E-03
1.18052623E+01	-1.33510820E+01	4.66784512E-03	-1.39825237E-03
9.77023922E+00	-1.48882342E+01	4.66572631E-03	-1.40541756E-03
7.53833451E+00	-1.61180913E+01	4.66360747E-03	-1.41258285E-03
5.15556235E+00	-1.70159507E+01	4.66148860E-03	-1.41974829E-03
2.67095411E+00	-1.75639469E+01	4.65936969E-03	-1.42691392E-03
1.35549625E-01	-1.77514072E+01	4.65725072E-03	-1.43407976E-03
-2.39865118E+00	-1.75750587E+01	4.65513169E-03	-1.44124584E-03
-4.87975463E+00	-1.70390835E+01	4.65301258E-03	-1.44841221E-03
-7.25703587E+00	-1.61550220E+01	4.65089339E-03	-1.45557890E-03
-9.48197569E+00	-1.49415244E+01	4.64877411E-03	-1.46274594E-03
-1.15092507E+01	-1.34239578E+01	4.64665472E-03	-1.46991336E-03
-1.32976565E+01	-1.16338763E+01	4.64453521E-03	-1.47708119E-03
-1.48109449E+01	-9.60836502E+00	4.64241559E-03	-1.48424948E-03
-1.60185585E+01	-7.38927214E+00	4.64029583E-03	-1.49141825E-03
-1.68962474E+01	-5.02234420E+00	4.63817592E-03	-1.49858755E-03
-1.74265561E+01	-2.55628336E+00	4.63605586E-03	-1.50575739E-03
-1.75991702E+01	-4.17454089E-02	4.63393564E-03	-1.51292782E-03
-1.74111162E+01	2.46970069E+00	4.63181524E-03	-1.52009887E-03
-1.68668113E+01	4.92663019E+00	4.62969466E-03	-1.52727058E-03
-1.59779609E+01	7.27881550E+00	4.62757389E-03	-1.53444297E-03
-1.47633077E+01	9.47825277E+00	4.62545291E-03	-1.54161609E-03
-1.32482368E+01	1.14801415E+01	4.62333171E-03	-1.54878996E-03
-1.14642456E+01	1.32437970E+01	4.62121030E-03	-1.55596462E-03
-9.44828886E+00	1.47334769E+01	4.61908865E-03	-1.56314010E-03
-7.24201349E+00	1.59191053E+01	4.61696675E-03	-1.57031645E-03
-4.89089852E+00	1.67768803E+01	4.61484460E-03	-1.57749368E-03
-2.44331759E+00	1.72897507E+01	4.61272219E-03	-1.58467184E-03
5.04561456E-02	1.74477553E+01	4.61059950E-03	-1.59185095E-03
2.53928250E+00	1.72482155E+01	4.60847653E-03	-1.59903106E-03
4.97220287E+00	1.66957787E+01	4.60635326E-03	-1.60621220E-03
7.29948347E+00	1.58023116E+01	4.60422969E-03	-1.61339440E-03
9.47363190E+00	1.45866459E+01	4.60210581E-03	-1.62057769E-03
1.14503661E+01	1.30741818E+01	4.59998160E-03	-1.62776212E-03
1.31895163E+01	1.12963576E+01	4.59785705E-03	-1.63494770E-03
1.46558409E+01	9.28999616E+00	4.59573216E-03	-1.64213449E-03
1.58197406E+01	7.09654260E+00	4.59360692E-03	-1.64932250E-03
1.66578556E+01	4.76120828E+00	4.59148131E-03	-1.65651179E-03
1.71535344E+01	2.33203904E+00	4.58935533E-03	-1.66370237E-03
1.72971639E+01	-1.41073137E-01	4.58722896E-03	-1.67089428E-03
1.70863553E+01	-2.60741470E+00	4.58510220E-03	-1.67808757E-03
1.65259819E+01	-5.01649035E+00	4.58297503E-03	-1.68528225E-03
1.56280678E+01	-7.31905675E+00	4.58084745E-03	-1.69247838E-03
1.44115303E+01	-9.46812893E+00	4.57871944E-03	-1.69967597E-03
1.29017818E+01	-1.14199390E+01	4.57659099E-03	-1.70687507E-03
1.11301993E+01	-1.31348272E+01	4.57446210E-03	-1.71407571E-03
9.13347245E+00	-1.45780478E+01	4.57233276E-03	-1.72127793E-03
6.95284362E+00	-1.57204728E+01	4.57020294E-03	-1.72848175E-03
4.63325658E+00	-1.65391797E+01	4.56807265E-03	-1.73568722E-03
2.22243010E+00	-1.70179111E+01	4.56594188E-03	-1.74289436E-03
-2.30123514E-01	-1.71473970E+01	4.56381061E-03	-1.75010322E-03
-2.67411521E+00	-1.69255340E+01	4.56167883E-03	-1.75731382E-03
-5.05951017E+00	-1.63574169E+01	4.55954653E-03	-1.76452621E-03
-7.33755208E+00	-1.54552231E+01	4.55741371E-03	-1.77174041E-03
-9.46175953E+00	-1.42379522E+01	4.55528034E-03	-1.77895646E-03
-1.13888743E+01	-1.27310260E+01	4.55314644E-03	-1.78617440E-03
-1.30797421E+01	-1.09657581E+01	4.55101197E-03	-1.79339426E-03
-1.45001081E+01	-8.97870329E+00	4.54887693E-03	-1.80061607E-03
-1.56213104E+01	-6.81090076E+00	4.54674132E-03	-1.80783987E-03
-1.64208586E+01	-4.50702661E+00	4.54460511E-03	-1.81506569E-03
-1.68828842E+01	-2.11447330E+00	4.54246831E-03	-1.82229358E-03
-1.69984558E+01	3.17625078E-01	4.54033090E-03	-1.82952356E-03
-1.67657503E+01	2.73940178E+00	4.53819287E-03	-1.83675567E-03
-1.61900798E+01	5.10127967E+00	4.53605421E-03	-1.84398994E-03
-1.52837711E+01	7.35498607E+00	4.53391490E-03	-1.85122641E-03
-1.40659028E+01	9.45453918E+00	4.53177495E-03	-1.85846512E-03
-1.25619034E+01	1.13571862E+01	4.52963433E-03	-1.86570609E-03
-1.08030211E+01	1.30242735E+01	4.52749305E-03	-1.87294937E-03
-8.82567435E+00	1.44220322E+01	4.52535108E-03	-1.88019499E-03
-6.67069836E+00	1.55222616E+01	4.52320842E-03	-1.88744298E-03
-4.38250169E+00	1.63028981E+01	4.52106505E-03	-1.89469339E-03
-2.00815129E+00	1.67484574E+01	4.51892098E-03	-1.90194624E-03
4.03595482E-01	1.68503412E+01	4.51677617E-03	-1.90920157E-03
2.80329201E+00	1.66070026E+01	4.51463064E-03	-1.91645942E-03
5.14181604E+00	1.60239664E+01	4.51248436E-03	-1.92371982E-03
7.37137512E+00	1.51137054E+01	4.51033732E-03	-1.93098280E-03
9.44648319E+00	1.38953736E+01	4.50818952E-03	-1.93824841E-03
1.13248885E+01	1.23944034E+01	4.50604094E-03	-1.94551668E-03
1.29684336E+01	1.06419757E+01	4.50389158E-03	-1.95278765E-03
1.43438305E+01	8.67437132E+00	4.50174142E-03	-1.96006134E-03
1.54233346E+01	6.53222081E+00	4.49959045E-03	-1.96733780E-03
1.61853042E+01	4.25966524E+00	4.49743866E-03	-1.97461706E-03
1.66146339E+01	1.90344685E+00	4.49528604E-03	-1.98189916E-03
1.67030541E+01	-4.88052233E-01	4.49313258E-03	-1.98918413E-03
1.64492892E+01	-2.86580334E+00	4.49097828E-03	-1.99647201E-03
1.58590727E+01	-5.18113628E+00	4.48882311E-03	-2.00376284E-03
1.49450194E+01	-7.38673546E+00	4.48666707E-03	-2.01105665E-03
1.37263556E+01	-9.43760671E+00	4.48451015E-03	-2.01835347E-03
1.22285152E+01	-1.12919950E+01	4.48235233E-03	-2.02565335E-03
1.04826092E+01	-1.29122343E+01	4.48019361E-03	-2.03295633E-03
8.52478001E+00	-1.42655130E+01	4.47803398E-03	-2.04026242E-03
6.39545263E+00	-1.53245373E+01	4.47587342E-03	-2.04757169E-03
4.13850081E+00	-1.60680824E+01	4.47371192E-03	-2.05488415E-03
1.80034289E+00	-1.64814171E+01	4.47154948E-03	-2.06219984E-03
-5.71012690E-01	-1.65565953E+01	4.46938608E-03	-2.06951881E-03
-2.92695304E+00	-1.62926084E+01	4.46722171E-03	-2.07684109E-03
-5.21925723E+00	-1.56953946E+01	4.46505636E-03	-2.08416672E-03
-7.40108317E+00	-1.47777067E+01	4.46289003E-03	-2.09149573E-03
-9.42792467E+00	-1.35588402E+01	4.46072269E-03	-2.09882816E-03
-1.12585192E+01	-1.20642278E+01	4.45855434E-03	-2.10616404E-03
-1.28556877E+01	-1.03249092E+01	4.45638496E-03	-2.11350342E-03
-1.41870895E+01	-8.37688626E+00	4.45421456E-03	-2.12084633E-03
-1.52258775E+01	-6.26037840E+00	4.45204311E-03	-2.12819281E-03
-1.59512383E+01	-4.01899205E+00	4.44987060E-03	-2.13554290E-03
-1.63488100E+01	-1.69882247E+00	4.44769702E-03	-2.14289662E-03
-1.64109655E+01	6.52494067E-01	4.44552237E-03	-2.15025403E-03
-1.61369585E+01	2.98675824E+00	4.44334663E-03	-2.15761515E-03
-1.55329277E+01	5.25619558E+00	4.44116979E-03	-2.16498003E-03
-1.46117606E+01	7.41443414E+00	4.43899184E-03	-2.17234870E-03
-1.33928186E+01	9.41745187E+00	4.43681276E-03	-2.17972120E-03
-1.19015306E+01	1.12244745E+01	4.43463256E-03	-2.18709757E-03
-1.01688629E+01	1.27988052E+01	4.43245120E-03	-2.19447784E-03
-8.23067601E+00	1.41085700E+01	4.43026870E-03	-2.20186206E-03
-6.12698282E+00	1.51273628E+01	4.42808502E-03	-2.20925025E-03
-3.90112271E+00	1.58347772E+01	4.42590017E-03	-2.21664247E-03
-1.59886875E+00	1.62168156E+01	4.42371413E-03	-2.22403875E-03
7.32513434E-01	1.62661651E+01	4.42152689E-03	-2.23143912E-03
3.04523590E+00	1.59823375E+01	4.41933844E-03	-2.23884362E-03
5.29196784E+00	1.53716679E+01	4.41714876E-03	-2.24625229E-03
7.42680408E+00	1.44471746E+01	4.41495785E-03	-2.25366518E-03
9.40620291E+00	1.32282820E+01	4.41276569E-03	-2.26108232E-03
1.11898740E+01	1.17404129E+01	4.41057228E-03	-2.26850374E-03
1.27415985E+01	1.00144580E+01	4.40837760E-03	-2.27592949E-03
1.40299640E+01	8.08613525E+00	4.40618164E-03	-2.28335960E-03
1.50290008E+01	5.99525067E+00	4.40398438E-03	-2.29079412E-03
1.57187045E+01	3.78487669E+00	4.40178583E-03	-2.29823308E-03
1.60854368E+01	1.50046504E+00	4.39958595E-03	-2.30567652E-03
1.61221948E+01	-8.11087717E-01	4.39738476E-03	-2.31312449E-03
1.58287436E+01	-3.10240283E+00	4.39518222E-03	-2.32057701E-03
1.52116108E+01	-5.32659034E+00	4.39297834E-03	-2.32803414E-03
1.42839421E+01	-7.43820854E+00	4.39077310E-03	-2.33549590E-03
1.30652219E+01	-9.39419223E+00	4.38856648E-03	-2.34296234E-03
1.15808639E+01	-1.11547309E+01	4.38635848E-03	-2.35043350E-03
9.86168190E+00	-1.26840789E+01	4.38414908E-03	-2.35790941E-03
7.94325004E+00	-1.39512810E+01	4.38193828E-03	-2.36539013E-03
5.86516682E+00	-1.49307988E+01	4.37972605E-03	-2.37287568E-03
3.67023795E+00	-1.56030251E+01	4.37751240E-03	-2.38036611E-03
1.40359477E+00	-1.59546765E+01	4.37529730E-03	-2.38786145E-03
-8.88233697E-01	-1.59790549E+01	4.37308075E-03	-2.39536175E-03
-3.15827568E+00	-1.56761747E+01	4.37086273E-03	-2.40286705E-03
-5.36007928E+00	-1.50527520E+01	4.36864323E-03	-2.41037739E-03
-7.44866291E+00	-1.41220565E+01	4.36642224E-03	-2.41789281E-03
-9.38143410E+00	-1.29036293E+01	4.36419975E-03	-2.42541335E-03
-1.11190580E+01	-1.14228729E+01	4.36197574E-03	-2.43293904E-03
-1.26262577E+01	-9.71052231E+00	4.35975021E-03	-2.44046994E-03
-1.38725303E+01	-7.80200653E+00	4.35752314E-03	-2.44800607E-03
-1.48327641E+01	-5.73671622E+00	4.35529452E-03	-2.45554749E-03
-1.54877443E+01	-3.55719061E+00	4.35306434E-03	-2.46309424E-03
-1.58245373E+01	-1.30824150E+00	4.35083258E-03	-2.47064634E-03
-1.58367456E+01	9.63968014E-01	4.34859923E-03	-2.47820386E-03
-1.55246287E+01	3.21287094E+00	4.34636429E-03	-2.48576682E-03
-1.48950872E+01	5.39245067E+00	4.34412773E-03	-2.49333527E-03
-1.39615111E+01	7.45818240E+00	4.34188955E-03	-2.50090925E-03
-1.27434955E+01	9.36794262E+00	4.33964974E-03	-2.50848880E-03
-1.12664294E+01	1.10828679E+01	4.33740827E-03	-2.51607396E-03
-9.56096683E+00	1.25681458E+01	4.33516515E-03	-2.52366479E-03
-7.66239092E+00	1.37937209E+01	4.33292035E-03	-2.53126131E-03
-5.60988394E+00	1.47349037E+01	4.33067386E-03	-2.53886357E-03
-3.44571888E+00	1.53728667E+01	4.32842568E-03	-2.54647161E-03
-1.21438892E+00	1.56950217E+01	4.32617579E-03	-2.55408548E-03
1.03830717E+00	1.56952672E+01	4.32392417E-03	-2.56170521E-03
3.26620497E+00	1.53741036E+01	4.32167082E-03	-2.56933086E-03
5.42372037E+00	1.47386119E+01	4.31941571E-03	-2.57696246E-03
7.46678206E+00	1.38022993E+01	4.31715885E-03	-2.58460005E-03
9.35373171E+00	1.25848119E+01	4.31490022E-03	-2.59224369E-03
1.10461733E+01	1.11115226E+01	4.31263979E-03	-2.59989340E-03
1.25097541E+01	9.41300317E+00	4.31037757E-03	-2.60754925E-03
1.37148620E+01	7.52438950E+00	4.30811354E-03	-2.61521126E-03
1.46372246E+01	5.48465512E+00	4.30584768E-03	-2.62287948E-03
1.52583972E+01	3.33580706E+00	4.30357998E-03	-2.63055396E-03
1.55661323E+01	1.12202085E+00	4.30131043E-03	-2.63823474E-03
1.55546199E+01	-1.11126751E+00	4.29903902E-03	-2.64592187E-03
1.52245970E+01	-3.31829396E+00	4.29676573E-03	-2.65361538E-03
1.45833216E+01	-5.45390408E+00	4.29449055E-03	-2.66131532E-03
1.36444144E+01	-7.47447677E+00	4.29221347E-03	-2.66902175E-03
1.24275696E+01	-9.33881515E+00	4.28993447E-03	-2.67673469E-03
1.09581420E+01	-1.10089864E+01	4.28765355E-03	-2.68445420E-03
9.26661907E+00	-1.24510934E+01	4.28537068E-03	-2.69218032E-03
7.38798861E+00	-1.36359624E+01	4.28308585E-03	-2.69991309E-03
5.36101500E+00	-1.45397335E+01	4.28079906E-03	-2.70765257E-03
3.22743960E+00	-1.51443403E+01	4.27851029E-03	-2.71539879E-03
1.03112123E+00	-1.54378713E+01	4.27621951E-03	-2.72315180E-03
-1.18286526E+00	-1.54148036E+01	4.27392673E-03	-2.73091165E-03
-3.36915395E+00	-1.50761067E+01	4.27163193E-03	-2.73867838E-03
-5.48301734E+00	-1.44292117E+01	4.26933509E-03	-2.74645204E-03
-7.48128126E+00	-1.34878497E+01	4.26703621E-03	-2.75423268E-03
-9.32320654E+00	-1.22717599E+01	4.26473525E-03	-2.76202033E-03
-1.09713195E+01	-1.08062769E+01	4.26243223E-03	-2.76981505E-03
-1.23921741E+01	-9.12180232E+00	4.26012711E-03	-2.77761688E-03
-1.35570308E+01	-7.25317468E+00	4.25781989E-03	-2.78542587E-03
-1.44424372E+01	-5.23894892E+00	4.25551055E-03	-2.79324207E-03
-1.50307007E+01	-3.12060103E+00	4.25319908E-03	-2.80106551E-03
-1.53102410E+01	-9.41674120E-01	4.25088546E-03	-2.80889626E-03
-1.52758184E+01	1.25311650E+00	4.24856968E-03	-2.81673436E-03
-1.49286304E+01	3.41880084E+00	4.24625173E-03	-2.82457984E-03
-1.42762777E+01	5.51107554E+00	4.24393160E-03	-2.83243277E-03
-1.33325983E+01	7.48721008E+00	4.24160926E-03	-2.84029319E-03
-1.21173742E+01	9.30691930E+00	4.23928471E-03	-2.84816115E-03
-1.06559169E+01	1.09331846E+01	4.23695792E-03	-2.85603669E-03
-8.97854077E+00	1.23330068E+01	4.23462890E-03	-2.86391986E-03
-7.11993420E+00	1.34780757E+01	4.23229761E-03	-2.87181071E-03
-5.11844229E+00	1.43453422E+01	4.22996406E-03	-2.87970929E-03
-3.01527600E+00	1.49174826E+01	4.22762821E-03	-2.88761565E-03
-8.53663724E-01	1.51832437E+01	4.22529007E-03	-2.89552984E-03
1.32203715E+00	1.51376640E+01	4.22294961E-03	-2.90345190E-03
3.46725036E+00	1.47821656E+01	4.22060682E-03	-2.91138189E-03
5.53809390E+00	1.41245150E+01	4.21826169E-03	-2.91931985E-03
7.49227763E+00	1.31786537E+01	4.21591420E-03	-2.92726583E-03
9.28996673E+00	1.19644036E+01	4.21356433E-03	-2.93521989E-03
1.08945936E+01	1.05070513E+01	4.21121208E-03	-2.94318207E-03
1.22736016E+01	8.83682232E+00	4.20885742E-03	-2.95115243E-03
1.33991055E+01	6.98825373E+00	4.20650035E-03	-2.95913100E-03
1.42484549E+01	4.99948062E+00	4.20414084E-03	-2.96711785E-03
1.48046904E+01	2.91144928E+00	4.20177889E-03	-2.97511302E-03
1.50568812E+01	7.67074357E-01	4.19941447E-03	-2.98311657E-03
1.50003402E+01	-1.38964304E+00	4.19704758E-03	-2.99112854E-03
1.46367100E+01	-3.51451811E+00	4.19467819E-03	-2.99914899E-03
1.39739188E+01	-5.56408750E+00	4.19230630E-03	-3.00717797E-03
1.30260090E+01	-7.49649816E+00	4.18993188E-03	-3.01521553E-03
1.18128394E+01	-9.27236194E+00	4.18755493E-03	-3.02326171E-03
1.03596698E+01	-1.08555583E+01	4.18517542E-03	-3.03131658E-03
8.69663490E+00	-1.22139688E+01	4.18279334E-03	-3.03938019E-03
6.85811993E+00	-1.33201286E+01	4.18040868E-03	-3.04745258E-03
4.88204953E+00	-1.41517816E+01	4.17802143E-03	-3.05553381E-03
2.80910572E+00	-1.46923281E+01	4.17563155E-03	-3.06362394E-03
6.81890463E-01	-1.49311556E+01	4.17323905E-03	-3.07172300E-03
-1.45594980E+00	-1.48638469E+01	4.17084390E-03	-3.07983107E-03
-3.56061955E+00	-1.44922609E+01	4.16844609E-03	-3.08794819E-03
-5.58907124E+00	-1.38244845E+01	4.16604560E-03	-3.09607441E-03
-7.49988575E+00	-1.28746574E+01	4.16364242E-03	-3.10420979E-03
-9.25411789E+00	-1.16626730E+01	4.16123653E-03	-3.11235438E-03
-1.08160901E+01	-1.02137618E+01	4.15882791E-03	-3.12050824E-03
-1.21541181E+01	-8.55796652E+00	4.15641655E-03	-3.12867141E-03
-1.32411530E+01	-6.72951948E+00	4.15400244E-03	-3.13684397E-03
-1.40553284E+01	-4.76613470E+00	4.15158555E-03	-3.14502595E-03
-1.45803998E+01	-2.70823032E+00	4.14916587E-03	-3.15321741E-03
-1.48060687E+01	-5.98096608E-01	4.14674339E-03	-3.16141842E-03
-1.47281835E+01	1.52097298E+00	4.14431809E-03	-3.16962902E-03
-1.43488158E+01	3.60556996E+00	4.14188994E-03	-3.17784927E-03
-1.36762073E+01	5.61305990E+00	4.13945895E-03	-3.18607923E-03
-1.27245922E+01	7.50245431E+00	4.13702508E-03	-3.19431895E-03
-1.15138956E+01	9.23524737E+00	4.13458832E-03	-3.20256848E-03
-1.00693169E+01	1.07762006E+01	4.13214866E-03	-3.21082790E-03
-8.42080523E+00	1.20940594E+01	4.12970608E-03	-3.21909724E-03
-6.60243918E+00	1.31621867E+01	4.12726056E-03	-3.22737657E-03
-4.65172193E+00	1.39591013E+01	4.12481209E-03	-3.23566595E-03
-2.60880815E+00	1.44689095E+01	4.12236064E-03	-3.24396543E-03
-5.15677483E-01	1.46816222E+01	4.11990621E-03	-3.25227507E-03
1.58472796E+00	1.45933497E+01	4.11744877E-03	-3.26059493E-03
3.64938451E+00	1.42063720E+01	4.11498831E-03	-3.26892507E-03
5.63606809E+00	1.35290825E+01	4.11252480E-03	-3.27726554E-03
7.50421762E+00	1.25758066E+01	4.11005825E-03	-3.28561640E-03
9.21576305E+00	1.13664986E+01	4.10758861E-03	-3.29397772E-03
1.07359010E+01	9.92632463E+00	4.10511589E-03	-3.30234955E-03
1.20338025E+01	8.28513913E+00	4.10264005E-03	-3.31073194E-03
1.30832377E+01	6.47686588E+00	4.10016109E-03	-3.31912497E-03
1.38631062E+01	4.53879710E+00	4.09767898E-03	-3.32752869E-03
1.43578610E+01	2.51082441E+00	4.09519371E-03	-3.33594316E-03
1.45578179E+01	4.34617902E-01	4.09270527E-03	-3.34436844E-03
1.44593448E+01	-1.64723000E+00	4.09021362E-03	-3.35280459E-03
1.40649268E+01	-3.69207822E+00	4.08771876E-03	-3.36125167E-03
1.33831053E+01	-5.65811026E+00	4.08522066E-03	-3.36970974E-03
1.24282936E+01	-7.50518930E+00	4.08271932E-03	-3.37817887E-03
1.12204731E+01	-9.19567740E+00	4.08021470E-03	-3.38665911E-03
9.78477471E+00	-1.06952024E+01	4.07770679E-03	-3.39515053E-03
8.15095636E+00	-1.19733567E+01	4.07519558E-03	-3.40365320E-03
6.35278651E+00	-1.30043135E+01	4.07268105E-03	-3.41216716E-03
4.42734616E+00	-1.37673489E+01	4.07016317E-03	-3.42069249E-03
2.41426439E+00	-1.42472579E+01	4.06764192E-03	-3.42922924E-03
3.54902799E-01	-1.44346572E+01	4.06511730E-03	-3.43777749E-03
-1.70849422E+00	-1.43261684E+01	4.06258928E-03	-3.44633729E-03
-3.73366594E+00	-1.39244775E+01	4.06005784E-03	-3.45490871E-03
-5.67920074E+00	-1.32382707E+01	4.05752297E-03	-3.46349182E-03
-7.50538280E+00	-1.22820466E+01	4.05498463E-03	-3.47208667E-03
-9.17500277E+00	-1.10758107E+01	4.05244283E-03	-3.48069333E-03
-1.06541158E+01	-9.64465676E+00	4.04989753E-03	-3.48931187E-03
-1.19127315E+01	-8.01824514E+00	4.04734871E-03	-3.49794235E-03
-1.29254219E+01	-6.23018806E+00	4.04479637E-03	-3.50658484E-03
-1.36718350E+01	-4.31735519E+00	4.04224047E-03	-3.51523940E-03
-1.41371038E+01	-2.31911352E+00	4.03968100E-03	-3.52390610E-03
-1.43121417E+01	-2.76517232E-01	4.03711794E-03	-3.53258500E-03
-1.41938197E+01	1.76853561E+00	4.03455127E-03	-3.54127618E-03
-1.37850213E+01	3.77416241E+00	4.03198097E-03	-3.54997970E-03
-1.30945739E+01	5.69935367E+00	4.02940702E-03	-3.55869562E-03
-1.21370586E+01	7.50481144E+00	4.02682940E-03	-3.56742402E-03
-1.09325025E+01	9.15375134E+00	4.02424809E-03	-3.57616496E-03
-9.50596047E+00	1.06126519E+01	4.02166307E-03	-3.58491852E-03
-7.88699372E+00	1.18519360E+01	4.01907431E-03	-3.59368475E-03
-6.10905760E+00	1.28465701E+01	4.01648181E-03	-3.60246373E-03
-4.20881034E+00	1.35765701E+01	4.01388554E-03	-3.61125553E-03
-2.22535730E+00	1.40274023E+01	4.01128547E-03	-3.62006021E-03
-1.99446379E-01	1.41902727E+01	4.00868160E-03	-3.62887785E-03
1.82736902E+00	1.40622980E+01	4.00607389E-03	-3.63770852E-03
3.81358221E+00	1.36465553E+01	4.00346233E-03	-3.64655229E-03
5.71858309E+00	1.29520101E+01	4.00084689E-03	-3.65540923E-03
7.50348838E+00	1.19933227E+01	3.99822756E-03	-3.66427940E-03
9.13193516E+00	1.07905400E+01	3.99560431E-03	-3.67316289E-03
1.05708215E+01	9.36867555E+00	3.99297712E-03	-3.68205976E-03
1.17909794E+01	7.75719042E+00	3.99034597E-03	-3.69097008E-03
1.27677657E+01	5.98938229E+00	3.98771085E-03	-3.69989394E-03
1.34815595E+01	4.10169784E+00	3.98507172E-03	-3.70883139E-03
1.39181567E+01	2.13298135E+00	3.98242857E-03	-3.71778252E-03
1.40690515E+01	1.23675539E-01	3.97978138E-03	-3.72674740E-03
1.39316024E+01	-1.88500918E+00	3.97713012E-03	-3.73572610E-03
1.35090766E+01	-3.85193978E+00	3.97447476E-03	-3.74471869E-03
1.28105742E+01	-5.73690285E+00	3.97181530E-03	-3.75372526E-03
1.18508322E+01	-7.50142663E+00	3.96915171E-03	-3.76274587E-03
1.06499144E+01	-9.10956610E+00	3.96648396E-03	-3.77178060E-03
9.23279176E+00	-1.05286351E+01	3.96381204E-03	-3.78082953E-03
7.62882358E+00	-1.17298707E+01	3.96113591E-03	-3.78989273E-03
5.87114933E+00	-1.26890156E+01	3.95845556E-03	-3.79897029E-03
3.99600402E+00	-1.33868086E+01	3.95577097E-03	-3.80806227E-03
2.04197141E+00	-1.38093702E+01	3.95308211E-03	-3.81716875E-03
4.91901291E-02	-1.39484793E+01	3.95038896E-03	-3.82628982E-03
-1.94147067E+00	-1.38017321E+01	3.94769150E-03	-3.83542555E-03
-3.88924942E+00	-1.33725823E+01	3.94498970E-03	-3.84457601E-03
-5.75432668E+00	-1.26702613E+01	3.94228354E-03	-3.85374129E-03
-7.49863904E+00	-1.17095802E+01	3.93957300E-03	-3.86292147E-03
-9.08665592E+00	-1.05106172E+01	3.93685805E-03	-3.87211663E-03
-1.04861031E+01	-9.09829888E+00	3.93413867E-03	-3.88132684E-03
-1.16686185E+01	-7.50188165E+00	3.93141484E-03	-3.89055219E-03
-1.26103271E+01	-5.75434601E+00	3.92868653E-03	-3.89979275E-03
-1.32923224E+01	-3.89171532E+00	3.92595372E-03	-3.90904862E-03
-1.37010461E+01	-1.95231330E+00	3.92321638E-03	-3.91831986E-03
-1.38285573E+01	2.40243113E-02	3.92047449E-03	-3.92760657E-03
-1.36726861E+01	1.99676797E+00	3.91772803E-03	-3.93690883E-03
-1.32370692E+01	3.92552531E+00	3.91497697E-03	-3.94622671E-03
-1.25310664E+01	5.77086816E+00	3.91222129E-03	-3.95556030E-03
-1.15695596E+01	7.49513835E+00	3.90946096E-03	-3.96490969E-03
-1.03726397E+01	9.06321620E+00	3.90669596E-03	-3.97427496E-03
-8.96518673E+00	1.04432356E+01	3.90392626E-03	-3.98365619E-03
-7.37635308E+00	1.16072317E+01	3.90115184E-03	-3.99305347E-03
-5.63895970E+00	1.25317070E+01	3.89837267E-03	-4.00246689E-03
-3.78881823E+00	1.31981061E+01	3.89558873E-03	-4.01189652E-03
-1.86399298E+00	1.35931875E+01	3.89279999E-03	-4.02134247E-03
9.59821258E-02	1.37092864E+01	3.89000643E-03	-4.03080481E-03
2.05091540E+00	1.35444633E+01	3.88720802E-03	-4.04028363E-03
3.96078148E+00	1.31025344E+01	3.88440473E-03	-4.04977902E-03
5.78654073E+00	1.23929845E+01	3.88159654E-03	-4.05929107E-03
7.49093712E+00	1.14307638E+01	3.87878342E-03	-4.06881987E-03
9.03925839E+00	1.02359733E+01	3.87596535E-03	-4.07836550E-03
1.04000429E+01	8.83344517E+00	3.87314230E-03	-4.08792805E-03
1.15457187E+01	7.25222640E+00	3.87031424E-03	-4.09750762E-03
1.24531622E+01	5.52497782E+00	3.86748115E-03	-4.10710430E-03
1.31041646E+01	3.68729937E+00	3.86464300E-03	-4.11671818E-03
1.34857972E+01	1.77699648E+00	3.86179977E-03	-4.12634934E-03
1.35906676E+01	-1.66697540E-01	3.85895141E-03	-4.13599789E-03
1.34170628E+01	-2.10392716E+00	3.85609792E-03	-4.14566391E-03
1.29689748E+01	-3.99503180E+00	3.85323926E-03	-4.15534750E-03
1.22560105E+01	-5.80135768E+00	3.85037540E-03	-4.16504875E-03
1.12931858E+01	-7.48604777E+00	3.84750632E-03	-4.17476775E-03
1.01006095E+01	-9.01479381E+00	3.84463199E-03	-4.18450460E-03
8.70306408E+00	-1.03565348E+01	3.84175237E-03	-4.19425940E-03
7.12949019E+00	-1.14840879E+01	3.83886745E-03	-4.20403223E-03
5.41238789E+00	-1.23746992E+01	3.83597719E-03	-4.21382321E-03
3.58714542E+00	-1.30105027E+01	3.83308157E-03	-4.22363242E-03
1.69130995E+00	-1.33788782E+01	3.83018055E-03	-4.23345995E-03
-2.36184660E-01	-1.34727019E+01	3.82727411E-03	-4.24330592E-03
-2.15581734E+00	-1.32904833E+01	3.82436222E-03	-4.25317041E-03
-4.02829004E+00	-1.28363872E+01	3.82144485E-03	-4.26305353E-03
-5.81533216E+00	-1.21201393E+01	3.81852197E-03	-4.27295537E-03
-7.48048260E+00	-1.11568186E+01	3.81559355E-03	-4.28287604E-03
-8.98983360E+00	-9.96653964E+00	3.81265957E-03	-4.29281563E-03
-1.03127211E+01	-8.57403340E+00	3.80971998E-03	-4.30277425E-03
-1.14223476E+01	-7.00813309E+00	3.80677477E-03	-4.31275200E-03
-1.22963248E+01	-5.30117749E+00	3.80382390E-03	-4.32274898E-03
-1.29171251E+01	-3.48834316E+00	3.80086734E-03	-4.33276529E-03
-1.32724333E+01	-1.60691965E+00	3.79790506E-03	-4.34280104E-03
-1.33553898E+01	3.04457478E-01	3.79493703E-03	-4.35285633E-03
-1.31647235E+01	2.20659987E+00	3.79196322E-03	-4.36293127E-03
-1.27047683E+01	4.06056982E+00	3.78898360E-03	-4.37302596E-03
-1.19853659E+01	5.82847719E+00	3.78599814E-03	-4.38314050E-03
-1.10216553E+01	7.47425374E+00	3.78300680E-03	-4.39327500E-03
-9.83375515E+00	8.96438881E+00	3.78000956E-03	-4.40342958E-03
-8.44634307E+00	1.02686116E+01	3.77700638E-03	-4.41360433E-03
-6.88814378E+00	1.13605059E+01	3.77399724E-03	-4.42379937E-03
-5.19133427E+00	1.22180452E+01	3.77098209E-03	-4.43401481E-03
-3.39087948E+00	1.28240365E+01	3.76796091E-03	-4.44425074E-03
-1.52381193E+00	1.31664650E+01	3.76493367E-03	-4.45450729E-03
3.71529867E-01	1.32387323E+01	3.76190032E-03	-4.46478457E-03
2.25628859E+00	1.30397824E+01	3.75886085E-03	-4.47508268E-03
4.09188462E+00	1.25741151E+01	3.75581522E-03	-4.48540174E-03
5.84080565E+00	1.18516850E+01	3.75276338E-03	-4.49574187E-03
7.46737319E+00	1.08876892E+01	3.74970532E-03	-4.50610316E-03
8.93847030E+00	9.70224750E+00	3.74664099E-03	-4.51648575E-03
1.02242158E+01	8.31998310E+00	3.74357037E-03	-4.52688973E-03
1.12985709E+01	6.76951101E+00	3.74049342E-03	-4.53731524E-03
1.21398669E+01	5.08284594E+00	3.73741010E-03	-4.54776238E-03
1.27312412E+01	3.29474131E+00	3.73432038E-03	-4.55823127E-03
1.30609761E+01	1.44197326E+00	3.73122423E-03	-4.56872203E-03
1.31227298E+01	-4.37415586E-01	3.72812160E-03	-4.57923478E-03
1.29156583E+01	-2.30489718E+00	3.72501248E-03	-4.58976963E-03
1.24444241E+01	-4.12224780E+00	3.72189681E-03	-4.60032671E-03
1.17190916E+01	-5.85233027E+00	3.71877458E-03	-4.61090613E-03
1.07549132E+01	-7.45985281E+00	3.71564573E-03	-4.62150802E-03
9.57200817E+00	-8.91208883E+00	3.71251023E-03	-4.63213250E-03
8.19494351E+00	-1.01795431E+01	3.70936806E-03	-4.64277969E-03
6.65222358E+00	-1.12365505E+01	3.70621916E-03	-4.65344971E-03
4.97570032E+00	-1.20617960E+01	3.70306352E-03	-4.66414269E-03
3.19991572E+00	-1.26387438E+01	3.69990108E-03	-4.67485875E-03
1.36139020E+00	-1.29559690E+01	3.69673181E-03	-4.68559801E-03
-5.02128276E-01	-1.30073830E+01	3.69355568E-03	-4.69636062E-03
-2.35243923E+00	-1.27923501E+01	3.69037265E-03	-4.70714668E-03
-4.15167257E+00	-1.23156920E+01	3.68718267E-03	-4.71795633E-03
-5.86306365E+00	-1.15875805E+01	3.68398572E-03	-4.72878970E-03
-7.45170433E+00	-1.06233204E+01	3.68078176E-03	-4.73964691E-03
-8.88525500E+00	-9.44302863E+00	3.67757074E-03	-4.75052810E-03
-1.01346027E+01	-8.07121438E+00	3.67435262E-03	-4.76143340E-03
-1.11744523E+01	-6.53627034E+00	3.67112738E-03	-4.77236294E-03
-1.19838386E+01	-4.86988528E+00	3.66789497E-03	-4.78331685E-03
-1.25465485E+01	-3.10638983E+00	3.66465534E-03	-4.79429526E-03
-1.28514461E+01	-1.28204942E+00	3.66140847E-03	-4.80529831E-03
-1.28926923E+01	5.65681467E-01	3.65815431E-03	-4.81632614E-03
-1.26698562E+01	2.39892816E+00	3.65489283E-03	-4.82737887E-03
-1.21879156E+01	4.18017203E+00	3.65162397E-03	-4.83845665E-03
-1.14571464E+01	5.87301825E+00	3.64834771E-03	-4.84955962E-03
-1.04929039E+01	7.44293934E+00	3.64506399E-03	-4.86068791E-03
-9.31530041E+00	8.85797928E+00	3.64177279E-03	-4.87184166E-03
-7.94878581E+00	1.00894039E+01	3.63847405E-03	-4.88302101E-03
-6.42164021E+00	1.11122841E+01	3.63516774E-03	-4.89422610E-03
-4.76538874E+00	1.19060007E+01	3.63185382E-03	-4.90545708E-03
-3.01415088E+00	1.24546595E+01	3.62853223E-03	-4.91671409E-03
-1.20393769E+00	1.27474097E+01	3.62520295E-03	-4.92799727E-03
6.28088573E-01	1.27786581E+01	3.62186593E-03	-4.93930676E-03
2.44437732E+00	1.25481750E+01	3.61852113E-03	-4.95064272E-03
4.20775914E+00	1.20610913E+01	3.61516849E-03	-4.96200528E-03
5.88220642E+00	1.13277842E+01	3.61180799E-03	-4.97339460E-03
7.43356929E+00	1.03636568E+01	3.60843957E-03	-4.98481083E-03
8.83027201E+00	9.18881502E+00	3.60506319E-03	-4.99625410E-03
1.00439556E+01	7.82764794E+00	3.60167881E-03	-5.00772458E-03
1.10500533E+01	6.30832214E+00	3.59828638E-03	-5.01922242E-03
1.18282881E+01	4.66219874E+00	3.59488586E-03	-5.03074776E-03
1.23630808E+01	2.92318618E+00	3.59147721E-03	-5.04230076E-03
1.26438621E+01	1.12704189E+00	3.58806037E-03	-5.05388158E-03
1.26652807E+01	-6.89362893E-01	3.58463531E-03	-5.06549037E-03
1.24273051E+01	-2.48879989E+00	3.58120197E-03	-5.07712728E-03
1.19352158E+01	-4.23444672E+00	3.57776031E-03	-5.08879248E-03
1.11994886E+01	-5.89064034E+00	3.57431028E-03	-5.10048612E-03
1.02355723E+01	-7.42360548E+00	3.57085184E-03	-5.11220836E-03
9.06356400E+00	-8.80214340E+00	3.56738494E-03	-5.12395937E-03
7.70779096E+00	-9.99826667E+00	3.56390954E-03	-5.13573929E-03
6.19630517E+00	-1.09877673E+01	3.56042557E-03	-5.14754831E-03
4.56030336E+00	-1.17507065E+01	3.55693301E-03	-5.15938657E-03
2.83348313E+00	-1.22718165E+01	3.55343179E-03	-5.17125424E-03
1.05134897E+00	-1.25408053E+01	3.54992187E-03	-5.18315150E-03
-7.49517616E-01	-1.25525604E+01	3.54640320E-03	-5.19507850E-03
-2.53220895E+00	-1.23072448E+01	3.54287573E-03	-5.20703542E-03
-4.26024748E+00	-1.18102856E+01	3.53933941E-03	-5.21902242E-03
-5.89833207E+00	-1.10722544E+01	3.53579420E-03	-5.23103968E-03
-7.41305911E+00	-1.01086432E+01	3.53224003E-03	-5.24308736E-03
-8.77360352E+00	-8.93953893E+00	3.52867686E-03	-5.25516564E-03
-9.95234596E+00	-7.58920508E+00	3.52510464E-03	-5.26727469E-03
-1.09254334E+01	-6.08557837E+00	3.52152332E-03	-5.27941470E-03
-1.16732617E+01	-4.45969076E+00	3.51793285E-03	-5.29158582E-03
-1.21808703E+01	-2.74502921E+00	3.51433317E-03	-5.30378824E-03
-1.24382414E+01	-9.76846022E-01	3.51072423E-03	-5.31602215E-03
-1.24404974E+01	8.08565818E-01	3.50710597E-03	-5.32828771E-03
-1.21879924E+01	2.57461747E+00	3.50347836E-03	-5.34058512E-03
-1.16862970E+01	4.28517399E+00	3.49984132E-03	-5.35291454E-03
-1.09460763E+01	5.90529356E+00	3.49619481E-03	-5.36527617E-03
-9.98286283E+00	7.40194122E+00	3.49253878E-03	-5.37767019E-03
-8.81673138E+00	8.74466230E+00	3.48887316E-03	-5.39009679E-03
-7.47188057E+00	9.90620205E+00	3.48519791E-03	-5.40255616E-03
-5.97613086E+00	1.08630587E+01	3.48151296E-03	-5.41504847E-03
-4.36034918E+00	1.15959591E+01	3.47781827E-03	-5.42757393E-03
-2.65781201E+00	1.20902462E+01	3.47411377E-03	-5.44013272E-03
-9.03520218E-01	1.23361725E+01	3.47039942E-03	-5.45272504E-03
8.66520460E-01	1.23290917E+01	3.46667514E-03	-5.46535108E-03
2.61603828E+00	1.20695461E+01	3.46294089E-03	-5.47801103E-03
4.30923869E+00	1.15632467E+01	3.45919661E-03	-5.49070510E-03
5.91153661E+00	1.08209490E+01	3.45544224E-03	-5.50343347E-03
7.39026274E+00	9.85822417E+00	3.45167772E-03	-5.51619636E-03
8.71532956E+00	8.69513296E+00	3.44790299E-03	-5.52899395E-03
9.85984344E+00	7.35580772E+00	3.44411799E-03	-5.54182646E-03
1.08006503E+01	5.86795185E+00	3.44032267E-03	-5.55469409E-03
1.15188041E+01	4.26226692E+00	3.43651695E-03	-5.56759703E-03
1.19999477E+01	2.57181920E+00	3.43270079E-03	-5.58053551E-03
1.22346003E+01	8.31358832E-01	3.42887412E-03	-5.59350972E-03
1.22183435E+01	-9.23394398E-01	3.42503688E-03	-5.60651988E-03
1.19519042E+01	-2.65648409E+00	3.42118901E-03	-5.61956619E-03
1.14411310E+01	-4.33245391E+00	3.41733044E-03	-5.63264888E-03
1.06968672E+01	-5.91707288E+00	3.41346111E-03	-5.64576815E-03
9.73472033E+00	-7.37803444E+00	3.40958096E-03	-5.65892421E-03
8.57473529E+00	-8.68561498E+00	3.40568992E-03	-5.67211730E-03
7.24097686E+00	-9.81327853E+00	3.40178793E-03	-5.68534762E-03
5.76103058E+00	-1.07382151E+01	3.39787493E-03	-5.69861539E-03
4.16543237E+00	-1.14418020E+01	3.39395085E-03	-5.71192084E-03
2.48703851E+00	-1.19099784E+01	3.39001562E-03	-5.72526420E-03
7.60349240E-01	-1.21335266E+01	3.38606919E-03	-5.73864568E-03
-9.79200371E-01	-1.21082527E+01	3.38211147E-03	-5.75206551E-03
-2.69596751E+00	-1.18350648E+01	3.37814241E-03	-5.76552393E-03
-4.35483185E+00	-1.13199463E+01	3.37416193E-03	-5.77902116E-03
-5.92191393E+00	-1.05738256E+01	3.37016998E-03	-5.79255743E-03
-7.36526699E+00	-9.61234440E+00	3.36616647E-03	-5.80613298E-03
-8.65552813E+00	-8.45553003E+00	3.36215135E-03	-5.81974805E-03
-9.76651557E+00	-7.12737838E+00	3.35812453E-03	-5.83340286E-03
-1.06757598E+01	-5.65535636E+00	3.35408596E-03	-5.84709766E-03
-1.13649580E+01	-4.06983397E+00	3.35003556E-03	-5.86083270E-03
-1.18203419E+01	-2.40345779E+00	3.34597326E-03	-5.87460820E-03
-1.20329533E+01	-6.90478915E-01	3.34189899E-03	-5.88842443E-03
-1.19988192E+01	1.03395101E+00	3.33781267E-03	-5.90228161E-03
-1.17190260E+01	2.73450101E+00	3.33371423E-03	-5.91618001E-03
-1.11996889E+01	4.37638458E+00	3.32960361E-03	-5.93011986E-03
-1.04518188E+01	5.92607118E+00	3.32548072E-03	-5.94410143E-03
-9.49108948E+00	7.35197092E+00	3.32134549E-03	-5.95812497E-03
-8.33750883E+00	8.62507842E+00	3.31719784E-03	-5.97219072E-03
-7.01500268E+00	9.71956270E+00	3.31303771E-03	-5.98629896E-03
-5.55091854E+00	1.06132912E+01	3.30886501E-03	-6.00044993E-03
-3.97546025E+00	1.12882772E+01	3.30467967E-03	-6.01464390E-03
-2.32106497E+00	1.17310415E+01	3.30048161E-03	-6.02888114E-03
-6.21735433E-01	1.19328818E+01	3.29627075E-03	-6.04316190E-03
1.08765885E+00	1.18900428E+01	3.29204701E-03	-6.05748646E-03
2.77209696E+00	1.16037859E+01	3.28781032E-03	-6.07185509E-03
4.39712404E+00	1.10803551E+01	3.28356060E-03	-6.08626805E-03
5.92955591E+00	1.03308416E+01	3.27929776E-03	-6.10072562E-03
7.33815664E+00	9.37094867E+00	3.27502172E-03	-6.11522808E-03
8.59427516E+00	8.22066340E+00	3.27073240E-03	-6.12977571E-03
9.67242793E+00	6.90384023E+00	3.26642972E-03	-6.14436877E-03
1.05508158E+01	5.44770654E+00	3.26211360E-03	-6.15900757E-03
1.12117645E+01	3.88229981E+00	3.25778396E-03	-6.17369237E-03
1.16420806E+01	2.23984806E+00	3.25344070E-03	-6.18842348E-03
1.18333138E+01	5.54106463E-01	3.24908375E-03	-6.20320117E-03
1.17819234E+01	-1.14033628E+00	3.24471301E-03	-6.21802574E-03
1.14893426E+01	-2.80876761E+00	3.24032841E-03	-6.23289748E-03
1.09619413E+01	-4.41706207E+00	3.23592986E-03	-6.24781668E-03
1.02108884E+01	-5.93237929E+00	3.23151726E-03	-6.26278366E-03
9.25191506E+00	-7.32383442E+00	3.22709054E-03	-6.27779870E-03
8.10498544E+00	-8.56312754E+00	3.22264959E-03	-6.29286211E-03
6.79388151E+00	-9.62511916E+00	3.21819434E-03	-6.30797419E-03
5.34570983E+00	-1.04883400E+01	3.21372468E-03	-6.32313525E-03
3.79034131E+00	-1.11354250E+01	3.20924054E-03	-6.33834561E-03
2.15979514E+00	-1.15534623E+01	3.20474182E-03	-6.35360557E-03
4.87579778E-01	-1.17342507E+01	3.20022842E-03	-6.36891546E-03
-1.19199563E+00	-1.16744606E+01	3.19570026E-03	-6.38427558E-03
-2.84452507E+00	-1.13756938E+01	3.19115723E-03	-6.39968626E-03
-4.43621036E+00	-1.08444437E+01	3.18659925E-03	-6.41514782E-03
-5.93455236E+00	-1.00919541E+01	3.18202621E-03	-6.43066058E-03
-7.30901441E+00	-9.13398178E+00	3.17743803E-03	-6.44622489E-03
-8.53164462E+00	-7.99046670E+00	3.17283460E-03	-6.46184105E-03
-9.57764418E+00	-6.68511707E+00	3.16821583E-03	-6.47750942E-03
-1.04258703E+01	-5.24491795E+00	3.16358162E-03	-6.49323032E-03
-1.10592633E+01	-3.69957350E+00	3.15893187E-03	-6.50900410E-03
-1.14651897E+01	-2.08089441E+00	3.15426648E-03	-6.52483110E-03
-1.16356940E+01	-4.22143244E-01	3.14958534E-03	-6.54071165E-03
-1.15676541E+01	1.24264909E+00	3.14488836E-03	-6.55664612E-03
-1.12628377E+01	2.87938137E+00	3.14017543E-03	-6.57263484E-03
-1.07278585E+01	4.45458051E+00	3.13544645E-03	-6.58867818E-03
-9.97403314E+00	5.93608605E+00	3.13070132E-03	-6.60477648E-03
-9.01714194E+00	7.29370666E+00	3.12593992E-03	-6.62093011E-03
-7.87709894E+00	8.49983533E+00	3.12116216E-03	-6.63713944E-03
-6.57753749E+00	9.53001065E+00	3.11636793E-03	-6.65340481E-03
-5.14532049E+00	1.03634128E+01	3.11155711E-03	-6.66972661E-03
-3.60998518E+00	1.09832841E+01	3.10672960E-03	-6.68610521E-03
-2.00313414E+00	1.13772660E+01	3.10188529E-03	-6.70254097E-03
-3.57784826E-01	1.15376450E+01	3.09702407E-03	-6.71903428E-03
1.29230875E+00	1.14615035E+01	3.09214582E-03	-6.73558551E-03
2.91334841E+00	1.11507721E+01	3.08725044E-03	-6.75219506E-03
4.47218398E+00	1.06121820E+01	3.08233781E-03	-6.76886331E-03
5.93699115E+00	9.85712018E+00	3.07740781E-03	-6.78559064E-03
7.27792106E+00	8.90138866E+00	3.07246034E-03	-6.80237746E-03
8.46770849E+00	7.76487394E+00	3.06749527E-03	-6.81922416E-03
9.48222612E+00	6.47113338E+00	3.06251248E-03	-6.83613114E-03
1.03009737E+01	5.04690708E+00	3.05751186E-03	-6.85309880E-03
1.09074920E+01	3.52156525E+00	3.05249329E-03	-6.87012756E-03
1.12896940E+01	1.92650268E+00	3.04745665E-03	-6.88721782E-03
1.14401049E+01	2.94492586E-01	3.04240181E-03	-6.90437000E-03
1.13560084E+01	-1.34098660E+00	3.03732866E-03	-6.92158452E-03
1.10394947E+01	-2.94643798E+00	3.03223706E-03	-6.93886179E-03
1.04974102E+01	-4.48903212E+00	3.02712690E-03	-6.95620225E-03
9.74120980E+00	-5.93727834E+00	3.02199805E-03	-6.97360632E-03
8.78671508E+00	-7.26166741E+00	3.01685038E-03	-6.99107444E-03
7.65378351E+00	-8.43527281E+00	3.01168377E-03	-7.00860704E-03
6.36589540E+00	-9.43429802E+00	3.00649807E-03	-7.02620457E-03
4.94966743E+00	-1.02385589E+01	3.00129317E-03	-7.04386747E-03
3.43430267E+00	-1.08318916E+01	2.99606894E-03	-7.06159618E-03
1.85098846E+00	-1.12024766E+01	2.99082523E-03	-7.07939116E-03
2.32254683E-01	-1.13430749E+01	2.98556192E-03	-7.09725287E-03
-1.38869452E+00	-1.12511681E+01	2.98027887E-03	-7.11518177E-03
-2.97866174E+00	-1.09290034E+01	2.97497595E-03	-7.13317831E-03
-4.50513616E+00	-1.03835394E+01	2.96965301E-03	-7.15124298E-03
-5.93695817E+00	-9.62629659E+00	2.96430992E-03	-7.16937624E-03
-7.24495537E+00	-8.67311434E+00	2.95894654E-03	-7.18757857E-03
-8.40253686E+00	-7.54381949E+00	2.95356272E-03	-7.20585045E-03
-9.38623367E+00	-6.26181425E+00	2.94815833E-03	-7.22419237E-03
-1.01761745E+01	-4.85359130E+00	2.94273322E-03	-7.24260482E-03
-1.07564871E+01	-3.34818645E+00	2.93728725E-03	-7.26108829E-03
-1.11156166E+01	-1.77658001E+00	2.93182026E-03	-7.27964328E-03
-1.12465561E+01	-1.71059369E-01	2.92633212E-03	-7.29827030E-03
-1.11469822E+01	1.43544427E+00	2.92082267E-03	-7.31696985E-03
-1.08192959E+01	3.01003127E+00	2.91529177E-03	-7.33574245E-03
-1.02705656E+01	4.52050721E+00	2.90973925E-03	-7.35458862E-03
-9.51237514E+00	5.93604108E+00	2.90416497E-03	-7.37350887E-03
-8.56057958E+00	7.22779449E+00	2.89856878E-03	-7.39250374E-03
-7.43497375E+00	8.36950910E+00	2.89295051E-03	-7.41157375E-03
-6.15888069E+00	9.33804029E+00	2.88731001E-03	-7.43071945E-03
-4.75866852E+00	1.01138262E+01	2.88164712E-03	-7.44994138E-03
-3.26320570E+00	1.06812828E+01	2.87596168E-03	-7.46924007E-03
-1.70326594E+00	1.10291167E+01	2.87025353E-03	-7.48861610E-03
-1.10894995E-01	1.11505495E+01	2.86452250E-03	-7.50807000E-03
1.48124754E+00	1.10434500E+01	2.85876843E-03	-7.52760236E-03
3.04055800E+00	1.07103700E+01	2.85299116E-03	-7.54721372E-03
4.53515626E+00	1.01584850E+01	2.84719051E-03	-7.56690467E-03
5.93453739E+00	9.39944001E+00	2.84136632E-03	-7.58667579E-03
7.21019420E+00	8.44910397E+00	2.83551841E-03	-7.60652766E-03
8.33619790E+00	7.32723817E+00	2.82964662E-03	-7.62646086E-03
9.28972498E+00	6.05708548E+00	2.82375076E-03	-7.64647601E-03
1.00515198E+01	4.66488894E+00	2.81783066E-03	-7.66657368E-03
1.06062831E+01	3.17934959E+00	2.81188615E-03	-7.68675450E-03
1.09429795E+01	1.63103494E+00	2.80591704E-03	-7.70701908E-03
1.10550562E+01	5.17500055E-02	2.79992315E-03	-7.72736802E-03
1.09405708E+01	-1.52611588E+00	2.79390430E-03	-7.74780197E-03
1.06022232E+01	-3.07025329E+00	2.78786031E-03	-7.76832154E-03
1.00472936E+01	-4.54909420E+00	2.78179098E-03	-7.78892738E-03
9.28748576E+00	-5.93245730E+00	2.77569614E-03	-7.80962013E-03
8.33868067E+00	-7.19216381E+00	2.76957558E-03	-7.83040043E-03
7.22060466E+00	-8.30261148E+00	2.76342913E-03	-7.85126895E-03
5.95641948E+00	-9.24129473E+00	2.75725657E-03	-7.87222633E-03
4.57224251E+00	-9.98926074E+00	2.75105773E-03	-7.89327326E-03
3.09660737E+00	-1.05314920E+01	2.74483239E-03	-7.91441041E-03
1.55987578E+00	-1.08572074E+01	2.73858037E-03	-7.93563845E-03
-6.38706166E-03	-1.09600770E+01	2.73230145E-03	-7.95695808E-03
-1.57006076E+00	-1.08383438E+01	2.72599544E-03	-7.97837000E-03
-3.09912836E+00	-1.04948533E+01	2.71966213E-03	-7.99987489E-03
-4.56233180E+00	-9.93698749E+00	2.71330132E-03	-8.02147348E-03
-5.92981089E+00	-9.17650695E+00	2.70691278E-03	-8.04316647E-03
-7.17371252E+00	-8.22930285E+00	2.70049632E-03	-8.06495460E-03
-8.26875796E+00	-7.11506517E+00	2.69405171E-03	-8.08683858E-03
-9.19275642E+00	-5.85687353E+00	2.68757874E-03	-8.10881917E-03
-9.92705465E+00	-4.48071921E+00	2.68107720E-03	-8.13089710E-03
-1.04569134E+01	-3.01496835E+00	2.67454686E-03	-8.15307312E-03
-1.07718031E+01	-1.48977733E+00	2.66798749E-03	-8.17534801E-03
-1.08656127E+01	6.35275731E-02	2.66139888E-03	-8.19772251E-03
-1.07367683E+01	1.61309354E+00	2.65478080E-03	-8.22019742E-03
-1.03882577E+01	3.12719432E+00	2.64813302E-03	-8.24277352E-03
-9.82756269E+00	4.57487971E+00	2.64145530E-03	-8.26545159E-03
-9.06649814E+00	5.92660814E+00	2.63474741E-03	-8.28823243E-03
-8.12096371E+00	7.15484942E+00	2.62800912E-03	-8.31111687E-03
-7.01061167E+00	8.23464536E+00	2.62124018E-03	-8.33410570E-03
-5.75843856E+00	9.14411682E+00	2.61444036E-03	-8.35719976E-03
-4.39030909E+00	9.86490691E+00	2.60760940E-03	-8.38039988E-03
-2.93442191E+00	1.03825514E+01	2.60074707E-03	-8.40370690E-03
-1.42072853E+00	1.06867687E+01	2.59385312E-03	-8.42712168E-03
1.19682802E-01	1.07716641E+01	2.58692728E-03	-8.45064507E-03
1.65522549E+00	1.06358433E+01	2.57996932E-03	-8.47427794E-03
3.15446221E+00	1.02824341E+01	2.57297896E-03	-8.49802117E-03
4.58674847E+00	9.71901520E+00	2.56595595E-03	-8.52187564E-03
5.92285889E+00	8.95745387E+00	2.55890004E-03	-8.54584227E-03
7.13558347E+00	8.01365645E+00	2.55181094E-03	-8.56992194E-03
8.20028158E+00	6.90723614E+00	2.54468840E-03	-8.59411558E-03
9.09538262E+00	5.66110553E+00	2.53753215E-03	-8.61842411E-03
9.80282281E+00	4.30100226E+00	2.53034190E-03	-8.64284847E-03
1.03084097E+01	2.85495751E+00	2.52311739E-03	-8.66738960E-03
1.06021067E+01	1.35271840E+00	2.51585833E-03	-8.69204847E-03
1.06782319E+01	-1.74863930E-01	2.50856444E-03	-8.71682602E-03
1.05355681E+01	-1.69646774E+00	2.50123543E-03	-8.74172325E-03
1.01773800E+01	-3.18094291E+00	2.49387102E-03	-8.76674114E-03
9.61134101E+00	-4.59794851E+00	2.48647092E-03	-8.79188069E-03
8.84936868E+00	-5.91857290E+00	2.47903482E-03	-8.81714290E-03
7.90737428E+00	-7.11592352E+00	2.47156243E-03	-8.84252879E-03
6.80493061E+00	-8.16567441E+00	2.46405346E-03	-8.86803940E-03
5.56486542E+00	-9.04656036E+00	2.45650758E-03	-8.89367577E-03
4.21278887E+00	-9.74080758E+00	2.44892450E-03	-8.91943896E-03
2.77656468E+00	-1.02344921E+01	2.44130390E-03	-8.94533002E-03
1.28573604E+00	-1.05178192E+01	2.43364547E-03	-8.97135003E-03
-2.29082043E-01	-1.05853168E+01	2.42594889E-03	-8.99750009E-03
-1.73683137E+00	-1.04359416E+01	2.41821383E-03	-9.02378129E-03
-3.20664722E+00	-1.00730928E+01	2.41043998E-03	-9.05019476E-03
-4.60849015E+00	-9.50453608E+00	2.40262699E-03	-9.07674161E-03
-5.91375980E+00	-8.74223710E+00	2.39477455E-03	-9.10342298E-03
-7.09587832E+00	-7.80211042E+00	2.38688230E-03	-9.13024003E-03
-8.13083152E+00	-6.70368714E+00	2.37894992E-03	-9.15719392E-03
-8.99765652E+00	-5.46970930E+00	2.37097705E-03	-9.18428582E-03
-9.67886631E+00	-4.12565915E+00	2.36296335E-03	-9.21151694E-03
-1.01608024E+01	-2.69923302E+00	2.35490847E-03	-9.23888847E-03
-1.04339083E+01	-1.21977066E+00	2.34681204E-03	-9.26640163E-03
-1.04929193E+01	2.82348137E-01	2.33867371E-03	-9.29405766E-03
-1.03369628E+01	1.77632732E+00	2.33049311E-03	-9.32185780E-03
-9.96957006E+00	3.23158585E+00	2.32226987E-03	-9.34980332E-03
-9.39859636E+00	4.61838360E+00	2.31400363E-03	-9.37789548E-03
-8.63605368E+00	5.90842909E+00	2.30569400E-03	-9.40613559E-03
-7.69785811E+00	7.07545651E+00	2.29734060E-03	-9.43452494E-03
-6.60349780E+00	8.09576050E+00	2.28894305E-03	-9.46306486E-03
-5.37562823E+00	8.94867746E+00	2.28050095E-03	-9.49175668E-03
-4.03960337E+00	9.61700404E+00	2.27201391E-03	-9.52060176E-03
-2.62295219E+00	1.00873439E+01	2.26348153E-03	-9.54960146E-03
-1.15481153E+00	1.03503762E+01	2.25490340E-03	-9.57875717E-03
3.34673116E-01	1.04010399E+01	2.24627911E-03	-9.60807029E-03
1.81496646E+00	1.02386307E+01	2.23760826E-03	-9.63754223E-03
3.25576937E+00	9.86680907E+00	2.22889041E-03	-9.66717443E-03
4.62763896E+00	9.29351777E+00	2.22012516E-03	-9.69696834E-03
5.90259018E+00	8.53081294E+00	2.21131205E-03	-9.72692544E-03
7.05466661E+00	7.59461060E+00	2.20245067E-03	-9.75704719E-03
8.06046880E+00	6.50435470E+00	2.19354058E-03	-9.78733512E-03
8.89962943E+00	5.28261336E+00	2.18458132E-03	-9.81779075E-03
9.55522568E+00	3.95461188E+00	2.17557244E-03	-9.84841560E-03
1.00141203E+01	2.54771194E+00	2.16651350E-03	-9.87921125E-03
1.02672248E+01	1.09084799E+00	2.15740402E-03	-9.91017928E-03
1.03096790E+01	-3.86067793E-01	2.14824355E-03	-9.94132127E-03
1.01409442E+01	-1.85275953E+00	2.13903160E-03	-9.97263886E-03
9.76480726E+00	-3.27920826E+00	2.12976771E-03	-1.00041337E-02
9.18929624E+00	-4.63626622E+00	2.12045138E-03	-1.00358074E-02
8.42650942E+00	-5.89625238E+00	2.11108213E-03	-1.00676616E-02
7.49236116E+00	-7.03351703E+00	2.10165945E-03	-1.00996982E-02
6.40624998E+00	-8.02496378E+00	2.09218285E-03	-1.01319187E-02
5.19065586E+00	-8.85051860E+00	2.08265181E-03	-1.01643249E-02
3.87067505E+00	-9.49353607E+00	2.07306583E-03	-1.01969186E-02
2.47350207E+00	-9.94113496E+00	2.06342437E-03	-1.02297016E-02
1.02786948E+00	-1.01844560E+01	2.05372691E-03	-1.02626757E-02
-4.36542888E-01	-1.02188371E+01	2.04397292E-03	-1.02958427E-02
-1.88971721E+00	-1.00439021E+01	2.03416184E-03	-1.03292045E-02
-3.30191291E+00	-9.66356198E+00	2.02429315E-03	-1.03627630E-02
-4.64427526E+00	-9.08592764E+00	2.01436626E-03	-1.03965199E-02
-5.88942488E+00	-8.32313764E+00	2.00438063E-03	-1.04304774E-02
-7.01201608E+00	-7.39110305E+00	1.99433569E-03	-1.04646373E-02
-7.98925272E+00	-6.30917580E+00	1.98423085E-03	-1.04990017E-02
-8.80135101E+00	-5.09974693E+00	1.97406553E-03	-1.05335724E-02
-9.43193994E+00	-3.78778334E+00	1.96383913E-03	-1.05683516E-02
-9.86839117E+00	-2.40031246E+00	1.95355107E-03	-1.06033413E-02
-1.01020717E+01	-9.65865518E-01	1.94320072E-03	-1.06385436E-02
-1.01285145E+01	4.86109032E-01	1.93278747E-03	-1.06739606E-02
-9.94750331E+00	1.92585004E+00	1.92231070E-03	-1.07095945E-02
-9.56307052E+00	3.32389358E+00	1.91176978E-03	-1.07454473E-02
-8.98340786E+00	4.65167587E+00	1.90116406E-03	-1.07815213E-02
-8.22069213E+00	5.88211675E+00	1.89049289E-03	-1.08178188E-02
-7.29082958E+00	6.99017196E+00	1.87975562E-03	-1.08543419E-02
-6.21312437E+00	7.95334275E+00	1.86895157E-03	-1.08910930E-02
-5.00987786E+00	8.75213263E+00	1.85808008E-03	-1.09280744E-02
-3.70592727E+00	9.37044195E+00	1.84714045E-03	-1.09652884E-02
-2.32813306E+00	9.79589218E+00	1.83613200E-03	-1.10027374E-02
-9.04825703E-01	1.00200736E+01	1.82505401E-03	-1.10404238E-02
5.34776769E-01	1.00387114E+01	1.81390578E-03	-1.10783501E-02
1.96116849E+00	9.85174648E+00	1.80268658E-03	-1.11165187E-02
3.34516046E+00	9.46333019E+00	1.79139568E-03	-1.11549321E-02
4.65847771E+00	8.88173277E+00	1.78003234E-03	-1.11935930E-02
5.87433698E+00	8.11916742E+00	1.76859579E-03	-1.12325038E-02
6.96799277E+00	7.19153405E+00	1.75708529E-03	-1.12716672E-02
7.91724093E+00	6.11808790E+00	1.74550005E-03	-1.13110859E-02
8.70286933E+00	4.92103993E+00	1.73383928E-03	-1.13507625E-02
9.30904665E+00	3.62509738E+00	1.72210220E-03	-1.13906998E-02
9.72364118E+00	2.25695389E+00	1.71028800E-03	-1.14309005E-02
9.93846353E+00	8.44739711E-01	1.69839584E-03	-1.14713674E-02
9.94942811E+00	-5.82556548E-01	1.68642492E-03	-1.15121035E-02
9.75663036E+00	-1.99568294E+00	1.67437437E-03	-1.15531115E-02
9.36433822E+00	-3.36572360E+00	1.66224336E-03	-1.15943944E-02
8.78089820E+00	-4.66469035E+00	1.65003101E-03	-1.16359551E-02
8.01855803E+00	-5.86609442E+00	1.63773644E-03	-1.16777968E-02
7.09320978E+00	-6.94548649E+00	1.62535876E-03	-1.17199224E-02
6.02405865E+00	-7.88095421E+00	1.61289707E-03	-1.17623350E-02
4.83322450E+00	-8.65356688E+00	1.60035045E-03	-1.18050378E-02
3.54528431E+00	-9.24775850E+00	1.58771797E-03	-1.18480340E-02
2.18676503E+00	-9.65164122E+00	1.57499869E-03	-1.18913268E-02
7.85597300E-01	-9.85724300E+00	1.56219164E-03	-1.19349194E-02
-6.29458733E-01	-9.86066472E+00	1.54929585E-03	-1.19788154E-02
-2.02940364E+00	-9.66215365E+00	1.53631035E-03	-1.20230179E-02
-3.38559297E+00	-9.26609185E+00	1.52323411E-03	-1.20675305E-02
-4.67032326E+00	-8.68089999E+00	1.51006614E-03	-1.21123566E-02
-5.85739785E+00	-7.91885850E+00	1.49680540E-03	-1.21574998E-02
-6.92266102E+00	-6.99585012E+00	1.48345084E-03	-1.22029637E-02
-7.84448943E+00	-5.93102892E+00	1.47000140E-03	-1.22487519E-02
-8.60423094E+00	-4.74642297E+00	1.45645599E-03	-1.22948681E-02
-9.18658191E+00	-3.46647874E+00	1.44281353E-03	-1.23413160E-02
-9.57989534E+00	-2.11755666E+00	1.42907291E-03	-1.23880995E-02
-9.77641362E+00	-7.27388306E-01	1.41523299E-03	-1.24352225E-02
-9.77242134E+00	6.75493599E-01	1.40129263E-03	-1.24826889E-02
-9.56831496E+00	2.06234078E+00	1.38725066E-03	-1.25305026E-02
-9.16858828E+00	3.40477846E+00	1.37310591E-03	-1.25786678E-02
-8.58173395E+00	4.67538578E+00	1.35885716E-03	-1.26271885E-02
-7.82006336E+00	5.84825592E+00	1.34450322E-03	-1.26760690E-02
-6.89944841E+00	6.89952414E+00	1.33004282E-03	-1.27253134E-02
-5.83899101E+00	7.80785336E+00	1.31547473E-03	-1.27749262E-02
-4.66062678E+00	8.55486710E+00	1.30079766E-03	-1.28249116E-02
-3.38867140E+00	9.12552116E+00	1.28601032E-03	-1.28752742E-02
-2.04931898E+00	9.50840644E+00	1.27111138E-03	-1.29260184E-02
-6.70102645E-01	9.69597690E+00	1.25609951E-03	-1.29771488E-02
7.20671332E-01	9.68469803E+00	1.24097335E-03	-1.30286702E-02
2.09450444E+00	9.47511290E+00	1.22573151E-03	-1.30805873E-02
3.42328981E+00	9.07182466E+00	1.21037259E-03	-1.31329048E-02
4.67988719E+00	8.48339591E+00	1.19489517E-03	-1.31856278E-02
5.83867719E+00	7.72216713E+00	1.17929779E-03	-1.32387611E-02
6.87608352E+00	6.80399803E+00	1.16357898E-03	-1.32923099E-02
7.77105263E+00	5.74793728E+00	1.14773725E-03	-1.33462792E-02
8.50548084E+00	4.57582740E+00	1.13177105E-03	-1.34006743E-02
9.06458046E+00	3.31185309E+00	1.11567886E-03	-1.34555006E-02
9.43717738E+00	1.98204230E+00	1.09945909E-03	-1.35107635E-02
9.61593426E+00	6.13730315E-01	1.08311015E-03	-1.35664683E-02
9.59749477E+00	-7.65002031E-01	1.06663040E-03	-1.36226208E-02
9.38254601E+00	-2.12590460E+00	1.05001820E-03	-1.36792266E-02
8.97579815E+00	-3.44113671E+00	1.03327186E-03	-1.37362916E-02
8.38588164E+00	-4.68383664E+00	1.01638967E-03	-1.37938214E-02
7.62516435E+00	-5.82867011E+00	9.99369883E-04	-1.38518223E-02
6.70949237E+00	-6.85234676E+00	9.82210739E-04	-1.39103001E-02
5.65786011E+00	-7.73409381E+00	9.64910433E-04	-1.39692613E-02
4.49201637E+00	-8.45607756E+00	9.47467135E-04	-1.40287119E-02
3.23601466E+00	-9.00376394E+00	9.29878981E-04	-1.40886584E-02
1.91571698E+00	-9.36621093E+00	9.12144075E-04	-1.41491074E-02
5.58261388E-01	-9.53628709E+00	8.94260488E-04	-1.42100655E-02
-8.08495707E-01	-9.51081150E+00	8.76226259E-04	-1.42715394E-02
-2.15655116E+00	-9.29061280E+00	8.58039388E-04	-1.43335360E-02
-3.45832873E+00	-8.88050585E+00	8.39697844E-04	-1.43960623E-02
-4.68724317E+00	-8.28918694E+00	8.21199558E-04	-1.44591253E-02
-5.81824304E+00	-7.52904956E+00	8.02542423E-04	-1.45227325E-02
-6.82832132E+00	-6.61592483E+00	7.83724296E-04	-1.45868910E-02
-7.69698335E+00	-5.56875190E+00	7.64742994E-04	-1.46516084E-02
-8.40666257E+00	-4.40918527E+00	7.45596295E-04	-1.47168925E-02
-8.94307564E+00	-3.16114702E+00	7.26281937E-04	-1.47827508E-02
-9.29550981E+00	-1.85033345E+00	7.06797615E-04	-1.48491915E-02
-9.45703667E+00	-5.03686017E-01	6.87140984E-04	-1.49162225E-02
-9.42464811E+00	8.51162287E-01	6.67309654E-04	-1.49838520E-02
-9.19931175E+00	2.18645391E+00	6.47301191E-04	-1.50520886E-02
-8.78594487E+00	3.47487534E+00	6.27113115E-04	-1.51209406E-02
-8.19330758E+00	4.69011575E+00	6.06742901E-04	-1.51904168E-02
-7.43381730E+00	5.80740423E+00	5.86187976E-04	-1.52605260E-02
-6.52328883E+00	6.80401461E+00	5.65445719E-04	-1.53312773E-02
-5.48060510E+00	7.65972762E+00	5.44513456E-04	-1.54026798E-02
-4.32732570E+00	8.35724107E+00	5.23388467E-04	-1.54747430E-02
-3.08724114E+00	8.88251953E+00	5.02067975E-04	-1.55474763E-02
-1.78588222E+00	9.22507663E+00	4.80549154E-04	-1.56208896E-02
-4.49994434E-01	9.37818427E+00	4.58829119E-04	-1.56949928E-02
8.93011608E-01	9.33900445E+00	4.36904933E-04	-1.57697959E-02
2.21562256E+00	9.10864129E+00	4.14773597E-04	-1.58453094E-02
3.49078591E+00	8.69211227E+00	3.92432058E-04	-1.59215436E-02
4.69246323E+00	8.09823931E+00	3.69877199E-04	-1.59985095E-02
5.79616184E+00	7.33946212E+00	3.47105843E-04	-1.60762178E-02
6.77943389E+00	6.43157783E+00	3.24114749E-04	-1.61546798E-02
7.62233288E+00	5.39341219E+00	3.00900612E-04	-1.62339069E-02
8.30781820E+00	4.24642933E+00	2.77460058E-04	-1.63139107E-02
8.82209948E+00	3.01428803E+00	2.53789648E-04	-1.63947031E-02
9.15491396E+00	1.72235385E+00	2.29885871E-04	-1.64762961E-02
9.29973106E+00	3.97176946E-01	2.05745145E-04	-1.65587021E-02
9.25388028E+00	-9.34053426E-01	1.81363813E-04	-1.66419337E-02
9.01859982E+00	-2.24406673E+00	1.56738144E-04	-1.67260038E-02
8.59900510E+00	-3.50606973E+00	1.31864330E-04	-1.68109256E-02
8.00397789E+00	-4.69429437E+00	1.06738481E-04	-1.68967123E-02
7.24597856E+00	-5.78452391E+00	8.13566277E-05	-1.69833778E-02
6.34078527E+00	-6.75458636E+00	5.57147162E-05	-1.70709360E-02
5.30716567E+00	-7.58480532E+00	2.98086066E-05	-1.71594012E-02
4.16648787E+00	-8.25839898E+00	3.63407099E-06	-1.72487880E-02
2.94227879E+00	-8.76181930E+00	-2.28132094E-05	-1.73391113E-02
1.65973898E+00	-9.08502428E+00	-4.95376462E-05	-1.74303863E-02
3.45223939E-01	-9.22167817E+00	-7.65437469E-05	-1.75226285E-02
-9.74297408E-01	-9.16927536E+00	-1.03836117E-04	-1.76158540E-02
-2.27179595E+00	-8.92918571E+00	-1.31419462E-04	-1.77100788E-02
-3.52073598E+00	-8.50662036E+00	-1.59298594E-04	-1.78053197E-02
-4.69561782E+00	-7.91051905E+00	-1.87478427E-04	-1.79015936E-02
-5.77249841E+00	-7.15336117E+00	-2.15963989E-04	-1.79989178E-02
-6.72947911E+00	-6.25090464E+00	-2.44760418E-04	-1.80973102E-02
-7.54715100E+00	-5.22185808E+00	-2.73872969E-04	-1.81967888E-02
-8.20898839E+00	-4.08749308E+00	-3.03307013E-04	-1.82973722E-02
-8.70168270E+00	-2.87120454E+00	-3.33068049E-04	-1.83990795E-02
-9.01541000E+00	-1.59802832E+00	-3.63161696E-04	-1.85019300E-02
-9.14402665E+00	-2.94125876E-01	-3.93593706E-04	-1.86059437E-02
-9.08518938E+00	1.01375314E+00	-4.24369964E-04	-1.87111408E-02
-8.84039727E+00	2.29881964E+00	-4.55496490E-04	-1.88175422E-02
-8.41495507E+00	3.53479375E+00	-4.86979449E-04	-1.89251691E-02
-7.81785855E+00	4.69644216E+00	-5.18825147E-04	-1.90340435E-02
-7.06160453E+00	5.76009319E+00	-5.51040043E-04	-1.91441876E-02
-6.16192943E+00	6.70411914E+00	-5.83630748E-04	-1.92556243E-02
-5.13748199E+00	7.50937593E+00	-6.16604034E-04	-1.93683771E-02
-4.00943674E+00	8.15959127E+00	-6.49966833E-04	-1.94824699E-02
-2.80105649E+00	8.64169334E+00	-6.83726249E-04	-1.95979272E-02
-1.53721263E+00	8.94607348E+00	-7.17889558E-04	-1.97147744E-02
-2.43873296E-01	9.06677752E+00	-7.52464216E-04	-1.98330371E-02
1.05243012E+00	9.00162197E+00	-7.87457861E-04	-1.99527419E-02
2.32514716E+00	8.75223280E+00	-8.22878324E-04	-2.00739158E-02
3.54825205E+00	8.32400619E+00	-8.58733631E-04	-2.01965866E-02
4.69677584E+00	7.72599210E+00	-8.95032011E-04	-2.03207829E-02
5.74731602E+00	6.97070319E+00	-9.31781902E-04	-2.04465339E-02
6.67851335E+00	6.07385317E+00	-9.68991956E-04	-2.05738695E-02
7.47148601E+00	5.05403001E+00	-1.00667105E-03	-2.07028205E-02
8.11021241E+00	3.93231072E+00	-1.04482829E-03	-2.08334184E-02
8.58185476E+00	2.73182589E+00	-1.08347301E-03	-2.09656957E-02
8.87701698E+00	1.47728276E+00	-1.12261481E-03	-2.10996855E-02
8.98993171E+00	1.94456814E-01	-1.16226352E-03	-2.12354221E-02
8.91857273E+00	-1.09033776E+00	-1.20242924E-03	-2.13729403E-02
8.66469055E+00	-2.35078775E+00	-1.24312235E-03	-2.15122762E-02
8.23377069E+00	-3.56111977E+00	-1.28435350E-03	-2.16534668E-02
7.63491542E+00	-4.69662723E+00	-1.32613362E-03	-2.17965500E-02
6.88065172E+00	-5.73417456E+00	-1.36847396E-03	-2.19415647E-02
5.98666939E+00	-6.65266854E+00	-1.41138605E-03	-2.20885511E-02
4.97149477E+00	-7.43348705E+00	-1.45488178E-03	-2.22375504E-02
3.85610689E+00	-8.06085651E+00	-1.49897332E-03	-2.23886049E-02
2.66350404E+00	-8.52217046E+00	-1.54367323E-03	-2.25417581E-02
1.41822962E+00	-8.80824272E+00	-1.58899439E-03	-2.26970549E-02
1.45867123E-01	-8.91349012E+00	-1.63495006E-03	-2.28545412E-02
-1.12748539E+00	-8.83604121E+00	-1.68155388E-03	-2.30142645E-02
-2.37575058E+00	-8.57776876E+00	-1.72881989E-03	-2.31762736E-02
-3.57340573E+00	-8.14424550E+00	-1.77676252E-03	-2.33406187E-02
-4.69600462E+00	-7.54462422E+00	-1.82539664E-03	-2.35073513E-02
-5.72067639E+00	-6.79144471E+00	-1.87473755E-03	-2.36765249E-02
-6.62659144E+00	-5.90037165E+00	-1.92480101E-03	-2.38481941E-02
-7.39538477E+00	-4.88986895E+00	-1.97560325E-03	-2.40224154E-02
-8.01152819E+00	-3.78081719E+00	-2.02716098E-03	-2.41992470E-02
-8.46264386E+00	-2.59608230E+00	-2.07949144E-03	-2.43787488E-02
-8.73975284E+00	-1.36004417E+00	-2.13261237E-03	-2.45609827E-02
-8.83745357E+00	-9.80949890E-02	-2.18654207E-03	-2.47460124E-02
-8.75402692E+00	1.16388228E+00	-2.24129943E-03	-2.49339036E-02
-8.49146560E+00	2.40004472E+00	-2.29690389E-03	-2.51247242E-02
-8.05542753E+00	3.58511864E+00	-2.35337554E-03	-2.53185440E-02
-7.45511421E+00	4.69491619E+00	-2.41073510E-03	-2.55154353E-02
-6.70307674E+00	5.70682899E+00	-2.46900394E-03	-2.57154726E-02
-5.81495353E+00	6.60028867E+00	-2.52820414E-03	-2.59187329E-02
-4.80914524E+00	7.35718480E+00	-2.58835850E-03	-2.61252958E-02
-3.70643360E+00	7.96223197E+00	-2.64949056E-03	-2.63352433E-02
-2.52955211E+00	8.40327830E+00	-2.71162464E-03	-2.65486603E-02
-1.30271746E+00	8.67154942E+00	-2.77478588E-03	-2.67656346E-02
-5.11312542E-02	8.76182284E+00	-2.83900026E-03	-2.69862569E-02
1.19953758E+00	8.67252932E+00	-2.90429466E-03	-2.72106211E-02
2.42367918E+00	8.40577925E+00	-2.97069688E-03	-2.74388243E-02
3.59626714E+00	7.96731369E+00	-3.03823565E-03	-2.76709669E-02
4.69337002E+00	7.36638109E+00	-3.10694074E-03	-2.79071530E-02
5.69263975E+00	6.61554240E+00	-3.17684295E-03	-2.81474903E-02
6.57376676E+00	5.73040862E+00	-3.24797418E-03	-2.83920903E-02
7.31889271E+00	4.72931639E+00	-3.32036748E-03	-2.86410687E-02
7.91297231E+00	3.63294814E+00	-3.39405707E-03	-2.88945452E-02
8.34407703E+00	2.46390494E+00	-3.46907845E-03	-2.91526442E-02
8.60363447E+00	1.24624059E+00	-3.54546841E-03	-2.94154944E-02
8.68659866E+00	4.96683593E-03	-3.62326510E-03	-2.96832296E-02
8.59154782E+00	-1.23446037E+00	-3.70250813E-03	-2.99559884E-02
8.32070782E+00	-2.44666285E+00	-3.78323858E-03	-3.02339151E-02
7.87990085E+00	-3.60685975E+00	-3.86549912E-03	-3.05171591E-02
7.27842056E+00	-4.69137412E+00	-3.94933406E-03	-3.08058759E-02
6.52883629E+00	-5.67811596E+00	-4.03478943E-03	-3.11002271E-02
5.64673055E+00	-6.54703217E+00	-4.12191309E-03	-3.14003806E-02
4.65037517E+00	-7.28051395E+00	-4.21075478E-03	-3.17065113E-02
3.56035290E+00	-7.86375358E+00	-4.30136627E-03	-3.20188008E-02
2.39913232E+00	-8.28504325E+00	-4.39380139E-03	-3.23374385E-02
1.19060474E+00	-8.53600995E+00	-4.48811620E-03	-3.26626215E-02
-4.04072742E-02	-8.61178169E+00	-4.58436909E-03	-3.29945551E-02
-1.26865967E+00	-8.51108181E+00	-4.68262087E-03	-3.33334533E-02
-2.46900454E+00	-8.23624942E+00	-4.78293493E-03	-3.36795394E-02
-3.61690494E+00	-7.79318587E+00	-4.88537737E-03	-3.40330460E-02
-4.68893638E+00	-7.19122830E+00	-4.99001715E-03	-3.43942162E-02
-5.66326482E+00	-6.44295303E+00	-5.09692622E-03	-3.47633037E-02
-6.52009123E+00	-5.56391296E+00	-5.20617974E-03	-3.51405734E-02
-7.24205389E+00	-4.57231437E+00	-5.31785620E-03	-3.55263024E-02
-7.81458007E+00	-3.48863997E+00	-5.43203763E-03	-3.59207802E-02
-8.22618008E+00	-2.33522584E+00	-5.54880982E-03	-3.63243099E-02
-8.46867773E+00	-1.13580114E+00	-5.66826251E-03	-3.67372085E-02
-8.53737256E+00	8.50000105E-02	-5.79048965E-03	-3.71598083E-02
-8.43113062E+00	1.30214440E+00	-5.91558962E-03	-3.75924572E-02
-8.15240211E+00	2.49071299E+00	-6.04366549E-03	-3.80355200E-02
-7.70716560E+00	3.62641105E+00	-6.17482534E-03	-3.84893796E-02
-7.10480000E+00	4.68606464E+00	-6.30918256E-03	-3.89544377E-02
-6.35788723E+00	5.64809346E+00	-6.44685612E-03	-3.94311161E-02
-5.48194950E+00	6.49295024E+00	-6.58797102E-03	-3.99198582E-02
-4.49512685E+00	7.20351784E+00	-6.73265858E-03	-4.04211302E-02
-3.41780154E+00	7.76545600E+00	-6.88105691E-03	-4.09354228E-02
-2.27217716E+00	8.16749057E+00	-7.03331132E-03	-4.14632523E-02
-1.08182110E+00	8.40163965E+00	-7.18957480E-03	-4.20051630E-02
1.28820233E-01	8.46337181E+00	-7.35000856E-03	-4.25617286E-02
1.33492340E+00	8.35169353E+00	-7.51478254E-03	-4.31335544E-02
2.51179685E+00	8.06916394E+00	-7.68407608E-03	-4.37212797E-02
3.63538636E+00	7.62183686E+00	-7.85807849E-03	-4.43255796E-02
4.68276661E+00	7.01913134E+00	-8.03698983E-03	-4.49471684E-02
5.63260889E+00	6.27363352E+00	-8.22102165E-03	-4.55868017E-02
6.46561536E+00	5.40083388E+00	-8.41039782E-03	-4.62452801E-02
7.16491101E+00	4.41880547E+00	-8.60535546E-03	-4.69234521E-02
7.71638550E+00	3.34782979E+00	-8.80614592E-03	-4.76222179E-02
8.10897770E+00	2.20997797E+00	-9.01303587E-03	-4.83425333E-02
8.33489746E+00	1.02865599E+00	-9.22630849E-03	-4.90854145E-02
8.38977998E+00	-1.71876730E-01	-9.44626474E-03	-4.98519424E-02
8.27276981E+00	-1.36700543E+00	-9.67322483E-03	-5.06432679E-02
7.98653291E+00	-2.53226466E+00	-9.90752971E-03	-5.14606182E-02
7.53719647E+00	-3.64383904E+00	-1.01495429E-02	-5.23053025E-02
6.93421801E+00	-4.67904993E+00	-1.03996521E-02	-5.31787194E-02
6.19018654E+00	-5.61681806E+00	-1.06582718E-02	-5.40823648E-02
5.32055978E+00	-6.43809268E+00	-1.09258449E-02	-5.50178398E-02
4.34334313E+00	-7.12623853E+00	-1.12028459E-02	-5.59868611E-02
3.27871699E+00	-7.66737264E+00	-1.14897830E-02	-5.69912708E-02
2.14862003E+00	-8.05064439E+00	-1.17872020E-02	-5.80330484E-02
9.76297235E-01	-8.26845287E+00	-1.20956893E-02	-5.91143240E-02
-2.14178215E-01	-8.31659751E+00	-1.24158756E-02	-6.02373926E-02
-1.39839918E+00	-8.19435867E+00	-1.27484407E-02	-6.14047304E-02
-2.55212492E+00	-7.90450701E+00	-1.30941180E-02	-6.26190135E-02
-3.65177720E+00	-7.45324122E+00	-1.34537001E-02	-6.38831378E-02
-4.67492215E+00	-6.85005568E+00	-1.38280444E-02	-6.52002425E-02
-5.60072781E+00	-6.10754094E+00	-1.42180808E-02	-6.65737360E-02
-6.41038823E+00	-5.24112095E+00	-1.46248185E-02	-6.80073256E-02
-7.08750544E+00	-4.26873279E+00	-1.50493551E-02	-6.95050507E-02
-7.61842141E+00	-3.21045543E+00	-1.54928868E-02	-7.10713211E-02
-7.99249347E+00	-2.08809517E+00	-1.59567192E-02	-7.27109603E-02
-8.20230753E+00	-9.24736346E-01	-1.64422801E-02	-7.44292552E-02
-8.24382482E+00	2.55733329E-01	-1.69511347E-02	-7.62320132E-02
-8.11645928E+00	1.42911326E+00	-1.74850018E-02	-7.81256277E-02
-7.82308420E+00	2.57138600E+00	-1.80457737E-02	-8.01171542E-02
-7.36996789E+00	3.65920884E+00	-1.86355384E-02	-8.22143980E-02
-6.76664003E+00	4.67039073E+00	-1.92566052E-02	-8.44260165E-02
-6.02569137E+00	5.58434490E+00	-1.99115354E-02	-8.67616391E-02
-5.16251113E+00	6.38250792E+00	-2.06031775E-02	-8.92320072E-02
-4.19496741E+00	7.04871671E+00	-2.13347080E-02	-9.18491396E-02
-3.14303747E+00	7.56953571E+00	-2.21096807E-02	-9.46265280E-02
-2.02839524E+00	7.93452773E+00	-2.29320839E-02	-9.75793703E-02
-8.73964881E-01	8.13646302E+00	-2.38064090E-02	-1.00724848E-01
2.96550641E-01	8.17146227E+00	-2.47377324E-02	-1.04082463E-01
1.45915618E+00	8.03907078E+00	-2.57318134E-02	-1.07674440E-01
2.59005623E+00	7.74226240E+00	-2.67952137E-02	-1.11526220E-01
3.66614189E+00	7.28737326E+00	-2.79354407E-02	-1.15667064E-01
4.66546305E+00	6.68396672E+00	-2.91611252E-02	-1.20130801E-01
5.56767600E+00	5.94463251E+00	-3.04822387E-02	-1.24956748E-01
6.35445760E+00	5.08472410E+00	-3.19103633E-02	-1.30190878E-01
7.00987724E+00	4.12204001E+00	-3.34590306E-02	-1.35887285E-01
7.52071937E+00	3.07645548E+00	-3.51441485E-02	-1.42110060E-01
7.87674986E+00	1.96951217E+00	-3.69845447E-02	-1.48935718E-01
8.07092087E+00	8.23974471E-01	-3.90026674E-02	-1.56456352E-01
8.09951019E+00	-3.36638649E-01	-4.12254955E-02	-1.64783818E-01
7.96219228E+00	-1.48853640E+00	-4.36857375E-02	-1.74055327E-01
7.66203953E+00	-2.60814382E+00	-4.64234306E-02	-1.84441069E-01
7.20545407E+00	-3.67258418E+00	-4.94881016E-02	-1.96154741E-01
6.60203144E+00	-4.66014638E+00	-5.29417369E-02	-2.09468403E-01
5.86435902E+00	-5.55072772E+00	-5.68629292E-02	-2.24733849E-01
5.00775365E+00	-6.32624302E+00	-6.13527802E-02	-2.42414118E-01
4.04994363E+00	-6.97099183E+00	-6.65434737E-02	-2.63131209E-01
3.01070190E+00	-7.47197618E+00	-7.26110154E-02	-2.87740665E-01
1.91143796E+00	-7.81916252E+00	-7.97946269E-02	-3.17452445E-01
7.74756807E-01	-8.00568254E+00	-8.84270542E-02	-3.54035472E-01
-3.76005778E-01	-8.02796884E+00	-9.89831693E-02	-4.00182142E-01
-1.51726229E+00	-7.88582283E+00	-1.12159575E-01	-4.60200380E-01
-2.62565693E+00	-7.58241345E+00	-1.29005178E-01	-5.41436274E-01
-3.67854347E+00	-7.12420708E+00	-1.51119342E-01	-6.57515975E-01
-4.65444795E+00	-6.52082984E+00	-1.80807989E-01	-8.36839775E-01
-5.53350655E+00	-5.78486561E+00	-2.19811428E-01	-1.14980658E+00
-6.29786987E+00	-4.93159362E+00	-2.49519908E-01	-1.82925854E+00
-6.93206522E+00	-3.97867135E+00	2.69972012E-01	-4.24559302E+00
-7.42330981E+00	-2.94576922E+00	6.78221127E+00	4.38585276E+00
-7.76176828E+00	-1.85416462E+00	1.11710075E+00	2.12415495E+00
-7.94074945E+00	-7.26303646E-01	5.37335229E-01	1.26400001E+00
-7.95683845E+00	4.14660383E-01	3.47223525E-01	8.95135054E-01
-7.80996146E+00	1.54534215E+00	2.55437093E-01	6.92035477E-01
-7.50338204E+00	2.64260361E+00	2.01910708E-01	5.63748521E-01
-7.04362900E+00	3.68402742E+00	1.67005322E-01	4.75439244E-01
-6.44035761E+00	4.64837485E+00	1.42500710E-01	4.10963569E-01
-5.70614698E+00	5.51601892E+00	1.24374941E-01	3.61829526E-01
-4.85623784E+00	6.26934373E+00	1.10435399E-01	3.23147806E-01
-3.90821628E+00	6.89310206E+00	9.93877384E-02	2.91905793E-01
-2.88164996E+00	7.37472390E+00	9.04197646E-02	2.66146497E-01
-1.79768426E+00	7.70456967E+00	8.29965709E-02	2.44543648E-01
-6.78606808E-01	7.87612297E+00	7.67517593E-02	2.26166654E-01
4.52610747E-01	7.88611918E+00	7.14260572E-02	2.10343336E-01
1.57278419E+00	7.73460717E+00	6.68309035E-02	1.96576083E-01
2.65899185E+00	7.42494311E+00	6.28259199E-02	1.84488648E-01
3.68904362E+00	6.96371655E+00	5.93044684E-02	1.73791289E-01
4.64193414E+00	6.36061041E+00	5.61841031E-02	1.64257259E-01
5.49827117E+00	5.62819784E+00	5.34000867E-02	1.55706575E-01
6.24067012E+00	4.78168018E+00	5.09008844E-02	1.47994555E-01
6.85410692E+00	3.83857158E+00	4.86449650E-02	1.41003569E-01
7.32622199E+00	2.81833670E+00	4.65984884E-02	1.34636998E-01
7.64756913E+00	1.74198903E+00	4.47336061E-02	1.28814747E-01
7.81180440E+00	6.31658177E-01	4.30271922E-02	1.23469856E-01
7.81581119E+00	-4.89865083E-01	4.14598840E-02	1.18545913E-01
7.65975892E+00	-1.59959655E+00	4.00153474E-02	1.13995058E-01
7.34709449E+00	-2.67482956E+00	3.86797068E-02	1.09776420E-01
6.88446645E+00	-3.69359957E+00	3.74411003E-02	1.05854888E-01
6.28158392E+00	-4.63513275E+00	3.62893272E-02	1.02200128E-01
5.55101292E+00	-5.48026955E+00	3.52155671E-02	9.87858007E-02
4.70791453E+00	-6.21185448E+00	3.42121545E-02	9.55889233E-02
3.76973043E+00	-6.81508433E+00	3.32723955E-02	9.25893511E-02
2.75582204E+00	-7.27780756E+00	3.23904190E-02	8.97693533E-02
1.68707112E+00	-7.59076905E+00	3.15610540E-02	8.71132617E-02
5.85449700E-01	-7.74779499E+00	3.07797283E-02	8.46071790E-02
-5.26431535E-01	-7.74591454E+00	3.00423843E-02	8.22387361E-02
-1.62578730E+00	-7.58541564E+00	2.93454087E-02	7.99968870E-02
-2.69012456E+00	-7.26983395E+00	2.86855731E-02	7.78717369E-02
-3.69770271E+00	-6.80587538E+00	2.80599845E-02	7.58543961E-02
-4.62797757E+00	-6.20327381E+00	2.74660425E-02	7.39368553E-02
-5.46202023E+00	-5.47458695E+00	2.69014033E-02	7.21118794E-02
-6.18290216E+00	-4.63493482E+00	2.63639491E-02	7.03729160E-02
-6.77603869E+00	-3.70168604E+00	2.58517610E-02	6.87140170E-02
-7.22948404E+00	-2.69409865E+00	2.53630968E-02	6.71297703E-02
-7.53417176E+00	-1.63292278E+00	2.48963705E-02	6.56152409E-02
-7.68409593E+00	-5.39973385E-01	2.44501359E-02	6.41659193E-02
-7.67642930E+00	5.62318176E-01	2.40230708E-02	6.27776766E-02
-7.51157621E+00	1.65136443E+00	2.36139644E-02	6.14467256E-02
-7.19315926E+00	2.70488459E+00	2.32217058E-02	6.01695854E-02
-6.72794003E+00	3.70136036E+00	2.28452738E-02	5.89430519E-02
-6.12567574E+00	4.62047536E+00	2.24837282E-02	5.77641702E-02
-5.39891470E+00	5.44352932E+00	2.21362016E-02	5.66302110E-02
-4.56273499E+00	6.15381845E+00	2.18018928E-02	5.55386497E-02
-3.63443168E+00	6.73697438E+00	2.14800606E-02	5.44871473E-02
-2.63315925E+00	7.18125476E+00	2.11700179E-02	5.34735337E-02
-1.57953635E+00	7.47777954E+00	2.08711274E-02	5.24957928E-02
-4.95221306E-01	7.62070838E+00	2.05827968E-02	5.15520490E-02
5.97533010E-01	7.60735545E+00	2.03044751E-02	5.06405553E-02
1.67633585E+00	7.43823950E+00	2.00356488E-02	4.97596823E-02
2.71911732E+00	7.11706817E+00	1.97758390E-02	4.89079086E-02
3.70457979E+00	6.65065708E+00	1.95245986E-02	4.80838119E-02
4.61263285E+00	6.04878541E+00	1.92815093E-02	4.72860612E-02
5.42480283E+00	5.32399094E+00	1.90461799E-02	4.65134092E-02
6.12460854E+00	4.49130899E+00	1.88182437E-02	4.57646865E-02
6.69789568E+00	3.56796064E+00	1.85973565E-02	4.50387951E-02
7.13312300E+00	2.57299658E+00	1.83831956E-02	4.43347029E-02
7.42159458E+00	1.52690416E+00	1.81754573E-02	4.36514395E-02
7.55763343E+00	4.51185597E-01	1.79738561E-02	4.29880910E-02
7.53869298E+00	-6.32083972E-01	1.77781232E-02	4.23437962E-02
7.36540434E+00	-1.70070942E+00	1.75880051E-02	4.17177430E-02
7.04155839E+00	-2.73283034E+00	1.74032630E-02	4.11091646E-02
6.57402319E+00	-3.70736817E+00	1.72236710E-02	4.05173367E-02
5.97259848E+00	-4.60445665E+00	1.70490160E-02	3.99415745E-02
5.24981043E+00	-5.40584669E+00	1.68790965E-02	3.93812300E-02
4.42065083E+00	-6.09527756E+00	1.67137217E-02	3.88356895E-02
3.50226624E+00	-6.65880679E+00	1.65527110E-02	3.83043716E-02
2.51360344E+00	-7.08509198E+00	1.63958931E-02	3.77867249E-02
1.47501866E+00	-7.36561905E+00	1.62431057E-02	3.72822259E-02
4.07858454E-01	-7.49487212E+00	1.60941946E-02	3.67903780E-02
-6.65978929E-01	-7.47044178E+00	1.59490137E-02	3.63107087E-02
-1.72449289E+00	-7.29306952E+00	1.58074238E-02	3.58427693E-02
-2.74603115E+00	-6.96662764E+00	1.56692926E-02	3.53861324E-02
-3.70973262E+00	-6.49803502E+00	1.55344944E-02	3.49403914E-02
-4.59595331E+00	-5.89711064E+00	1.54029093E-02	3.45051590E-02
-5.38666676E+00	-5.17636798E+00	1.52744233E-02	3.40800657E-02
-6.06583057E+00	-4.35075452E+00	1.51489276E-02	3.36647596E-02
-6.61971186E+00	-3.43734184E+00	1.50263184E-02	3.32589045E-02
-7.03716484E+00	-2.45497268E+00	1.49064966E-02	3.28621796E-02
-7.30985503E+00	-1.42387230E+00	1.47893679E-02	3.24742785E-02
-7.43242546E+00	-3.65232135E-01	1.46748419E-02	3.20949082E-02
-7.40260175E+00	6.99225679E-01	1.45628322E-02	3.17237887E-02
-7.22123382E+00	1.74769396E+00	1.44532563E-02	3.13606520E-02
-6.89227360E+00	2.75872721E+00	1.43460354E-02	3.10052416E-02
-6.42268921E+00	3.71168015E+00	1.42410937E-02	3.06573119E-02
-5.82231757E+00	4.58712931E+00	1.41383589E-02	3.03166277E-02
-5.10365839E+00	5.36726882E+00	1.40377616E-02	2.99829633E-02
-4.28161410E+00	6.03627253E+00	1.39392354E-02	2.96561025E-02
-3.37318084E+00	6.58061495E+00	1.38427165E-02	2.93358378E-02
-2.39709719E+00	6.98934468E+00	1.37481438E-02	2.90219701E-02
-1.37345762E+00	7.25430456E+00	1.36554585E-02	2.87143082E-02
-3.23298960E-01	7.37029439E+00	1.35646043E-02	2.84126684E-02
7.31831953E-01	7.33517272E+00	1.34755271E-02	2.81168743E-02
1.77032026E+00	7.14989597E+00	1.33881748E-02	2.78267561E-02
2.77092585E+00	6.81849393E+00	1.33024973E-02	2.75421508E-02
3.71321770E+00	6.34798242E+00	1.32184467E-02	2.72629014E-02
4.57799101E+00	5.74821495E+00	1.31359766E-02	2.69888569E-02
5.34765857E+00	5.03167649E+00	1.30550424E-02	2.67198717E-02
6.00660834E+00	4.21322363E+00	1.29756014E-02	2.64558060E-02
6.54152008E+00	3.30977668E+00	1.28976121E-02	2.61965246E-02
6.94163450E+00	2.33996990E+00	1.28210349E-02	2.59418976E-02
7.19896962E+00	1.32376721E+00	1.27458313E-02	2.56917996E-02
7.30847980E+00	2.82051311E-01	1.26719643E-02	2.54461097E-02
7.26815450E+00	-7.63805414E-01	1.25993984E-02	2.52047112E-02
7.07905469E+00	-1.79237934E+00	1.25280991E-02	2.49674915E-02
6.74528628E+00	-2.78263437E+00	1.24580332E-02	2.47343421E-02
6.27391127E+00	-3.71435214E+00	1.23891687E-02	2.45051579E-02
5.67479849E+00	-4.56854475E+00	1.23214746E-02	2.42798377E-02
4.96041711E+00	-5.32784165E+00	1.22549210E-02	2.40582834E-02
4.14557721E+00	-5.97684285E+00	1.21894791E-02	2.38404004E-02
3.24712282E+00	-6.50243116E+00	1.21251208E-02	2.36260973E-02
2.28358378E+00	-6.89403727E+00	1.20618193E-02	2.34152854E-02
1.27479369E+00	-7.14385212E+00	1.19995484E-02	2.32078793E-02
2.41481629E-01	-7.24698254E+00	1.19382828E-02	2.30037962E-02
-7.95153657E-01	-7.20154684E+00	1.18779982E-02	2.28029558E-02
-1.81387866E+00	-7.00870865E+00	1.18186709E-02	2.26052805E-02
-2.79385997E+00	-6.67264828E+00	1.17602780E-02	2.24106952E-02
-3.71509027E+00	-6.20047238E+00	1.17027973E-02	2.22191272E-02
-4.55879675E+00	-5.60206387E+00	1.16462073E-02	2.20305058E-02
-5.30782359E+00	-4.88987511E+00	1.15904873E-02	2.18447629E-02
-5.94698079E+00	-4.07866896E+00	1.15356170E-02	2.16618320E-02
-6.46335207E+00	-3.18521276E+00	1.14815770E-02	2.14816491E-02
-6.84655588E+00	-2.22793188E+00	1.14283483E-02	2.13041517E-02
-7.08895395E+00	-1.22652975E+00	1.13759125E-02	2.11292796E-02
-7.18580343E+00	-2.01582418E-01	1.13242518E-02	2.09569740E-02
-7.13534948E+00	8.25884213E-01	1.12733489E-02	2.07871782E-02
-6.93885651E+00	1.83482565E+00	1.12231870E-02	2.06198368E-02
-6.60057754E+00	2.80460980E+00	1.11737497E-02	2.04548963E-02
-6.12766239E+00	3.71543880E+00	1.11250214E-02	2.02923046E-02
-5.53000679E+00	4.54875316E+00	1.10769866E-02	2.01320111E-02
-4.82004537E+00	5.28760989E+00	1.10296304E-02	1.99739668E-02
-4.01249302E+00	5.91702686E+00	1.09829383E-02	1.98181239E-02
-3.12404005E+00	6.42428661E+00	1.09368962E-02	1.96644359E-02
-2.17300724E+00	6.79919316E+00	1.08914904E-02	1.95128578E-02
-1.17896814E+00	7.03427690E+00	1.08467077E-02	1.93633458E-02
-1.62346239E-01	7.12494321E+00	1.08025351E-02	1.92158572E-02
8.56004544E-01	7.06956210E+00	1.07589599E-02	1.90703505E-02
1.85522764E+00	6.86949690E+00	1.07159700E-02	1.89267853E-02
2.81489089E+00	6.52907165E+00	1.06735534E-02	1.87851224E-02
3.71540436E+00	6.05547790E+00	1.06316986E-02	1.86453237E-02
4.53842008E+00	5.45862297E+00	1.05903942E-02	1.85073518E-02
5.26720593E+00	4.75092275E+00	1.05496293E-02	1.83711705E-02
5.88698567E+00	3.94704356E+00	1.05093933E-02	1.82367447E-02
6.38523849E+00	3.06359827E+00	1.04696756E-02	1.81040400E-02
6.75195189E+00	2.11880300E+00	1.04304662E-02	1.79730228E-02
6.97982274E+00	1.13210164E+00	1.03917552E-02	1.78436607E-02
7.06440261E+00	1.23765716E-01	1.03535329E-02	1.77159219E-02
7.00418436E+00	-8.85522047E-01	1.03157901E-02	1.75897753E-02
6.80062842E+00	-1.87509188E+00	1.02785175E-02	1.74651908E-02
6.45812820E+00	-2.82471026E+00	1.02417062E-02	1.73421391E-02
5.98391553E+00	-3.71499352E+00	1.02053476E-02	1.72205914E-02
5.38790810E+00	-4.52780351E+00	1.01694332E-02	1.71005198E-02
4.68250217E+00	-5.24661705E+00	1.01339547E-02	1.69818970E-02
3.88231478E+00	-5.85686176E+00	1.00989041E-02	1.68646963E-02
3.00388101E+00	-6.34621139E+00	1.00642735E-02	1.67488919E-02
2.06531230E+00	-6.70483478E+00	1.00300554E-02	1.66344583E-02
1.08592312E+00	-6.92559318E+00	9.99624205E-03	1.65213709E-02
8.58335328E-02	-7.00418228E+00	9.96282633E-03	1.64096055E-02
-9.14444055E-01	-6.93921586E+00	9.92980108E-03	1.62991385E-02
-1.89442559E+00	-6.73224964E+00	9.89715932E-03	1.61899470E-02
-2.83407479E+00	-6.38774475E+00	9.86489428E-03	1.60820084E-02
-3.71421277E+00	-5.91297188E+00	9.83299932E-03	1.59753009E-02
-4.51690938E+00	-5.31785791E+00	9.80146795E-03	1.58698029E-02
-5.22584851E+00	-4.61477853E+00	9.77029386E-03	1.57654936E-02
-5.82665960E+00	-3.81830090E+00	9.73947086E-03	1.56623525E-02
-6.30720891E+00	-2.94488194E+00	9.70899291E-03	1.55603596E-02
-6.65784448E+00	-2.01252836E+00	9.67885410E-03	1.54594954E-02
-6.87158987E+00	-1.04042546E+00	9.64904868E-03	1.53597407E-02
-6.94428285E+00	-4.85424313E-02	9.61957099E-03	1.52610769E-02
-6.87465620E+00	9.42777833E-01	9.59041553E-03	1.51634858E-02
-6.66435910E+00	1.91323588E+00	9.56157691E-03	1.50669494E-02
-6.31791885E+00	2.84299135E+00	9.53304985E-03	1.49714504E-02
-5.84264354E+00	3.71306852E+00	9.50482921E-03	1.48769717E-02
-5.24846812E+00	4.50574356E+00	9.47690994E-03	1.47834965E-02
-4.54774678E+00	5.20490549E+00	9.44928711E-03	1.46910085E-02
-3.75499617E+00	5.79638361E+00	9.42195590E-03	1.45994918E-02
-2.88659474E+00	6.26823459E+00	9.39491159E-03	1.45089306E-02
-1.96044442E+00	6.61098359E+00	9.36814955E-03	1.44193098E-02
-9.95601629E-01	6.81781442E+00	9.34166527E-03	1.43306142E-02
-1.18852136E-02	6.88470491E+00	9.31545432E-03	1.42428293E-02
9.70530583E-01	6.81050491E+00	9.28951237E-03	1.41559406E-02
1.93152982E+00	6.59695535E+00	9.26383519E-03	1.40699342E-02
2.85146669E+00	6.24864803E+00	9.23841862E-03	1.39847962E-02
3.71156712E+00	5.77292712E+00	9.21325859E-03	1.39005132E-02
4.49431182E+00	5.17973445E+00	9.18835112E-03	1.38170720E-02
5.18379311E+00	4.48140186E+00	9.16369232E-03	1.37344595E-02
5.76603811E+00	3.69239486E+00	9.13927836E-03	1.36526633E-02
6.22929188E+00	2.82901312E+00	9.11510551E-03	1.35716707E-02
6.56425465E+00	1.90905378E+00	9.09117009E-03	1.34914698E-02
6.76426838E+00	9.51444621E-01	9.06746852E-03	1.34120485E-02
6.82544899E+00	-2.41452596E-02	9.04399727E-03	1.33333952E-02
6.74676152E+00	-9.97709442E-01	9.02075290E-03	1.32554984E-02
6.53003687E+00	-1.94931439E+00	8.99773202E-03	1.31783469E-02
6.17992981E+00	-2.85950752E+00	8.97493132E-03	1.31019297E-02
5.70381920E+00	-3.70971484E+00	8.95234755E-03	1.30262360E-02
5.11165264E+00	-4.48261990E+00	8.92997752E-03	1.29512552E-02
4.41573873E+00	-5.16251640E+00	8.90781811E-03	1.28769770E-02
3.63049128E+00	-5.73562738E+00	8.88586626E-03	1.28033912E-02
2.77213084E+00	-6.19038422E+00	8.86411896E-03	1.27304878E-02
1.85834976E+00	-6.51766014E+00	8.84257326E-03	1.26582570E-02
9.07947498E-01	-6.71095325E+00	8.82122628E-03	1.25866892E-02
-5.95560687E-02	-6.76651558E+00	8.80007518E-03	1.25157750E-02
-1.02432148E+00	-6.68342550E+00	8.77911717E-03	1.24455052E-02
-1.96659651E+00	-6.46360214E+00	8.75834953E-03	1.23758707E-02
-2.86712046E+00	-6.11176170E+00	8.73776959E-03	1.23068625E-02
-3.70751788E+00	-5.63531637E+00	8.71737470E-03	1.22384721E-02
-4.47067342E+00	-5.04421844E+00	8.69716229E-03	1.21706907E-02
-5.14108035E+00	-4.35075239E+00	8.67712984E-03	1.21035099E-02
-5.70515562E+00	-3.56927975E+00	8.65727484E-03	1.20369216E-02
-6.15151493E+00	-2.71594170E+00	8.63759488E-03	1.19709175E-02
-6.47120248E+00	-1.80832577E+00	8.61808754E-03	1.19054898E-02
-6.65787049E+00	-8.65103369E-01	8.59875047E-03	1.18406306E-02
-6.70790515E+00	9.43542356E-02	8.57958137E-03	1.17763323E-02
-6.62049630E+00	1.05037372E+00	8.56057797E-03	1.17125872E-02
-6.39764963E+00	1.98338304E+00	8.54173805E-03	1.16493880E-02
-6.04414119E+00	2.87431207E+00	8.52305940E-03	1.15867274E-02
-5.56741523E+00	3.70498236E+00	8.50453989E-03	1.15245983E-02
-4.97742758E+00	4.45847796E+00	8.48617741E-03	1.14629936E-02
-4.28643782E+00	5.11948986E+00	8.46796987E-03	1.14019065E-02
-3.50875463E+00	5.67462696E+00	8.44991525E-03	1.13413301E-02
-2.66043952E+00	6.11268731E+00	8.43201153E-03	1.12812578E-02
-1.75897522E+00	6.42488404E+00	8.41425676E-03	1.12216831E-02
-8.22905394E-01	6.60502150E+00	8.39664900E-03	1.11625995E-02
1.28546724E-01	6.64961810E+00	8.37918634E-03	1.11040007E-02
1.07587309E+00	6.55797334E+00	8.36186693E-03	1.10458805E-02
1.99968076E+00	6.33217775E+00	8.34468892E-03	1.09882328E-02
2.88108884E+00	5.97706576E+00	8.32765052E-03	1.09310515E-02
3.70211435E+00	5.50011234E+00	8.31074994E-03	1.08743308E-02
4.44603903E+00	4.91127583E+00	8.29398544E-03	1.08180648E-02
5.09774976E+00	4.22279006E+00	8.27735531E-03	1.07622479E-02
5.64404549E+00	3.44891030E+00	8.26085786E-03	1.07068745E-02
6.07390459E+00	2.60561816E+00	8.24449144E-03	1.06519389E-02
6.37870714E+00	1.71029158E+00	8.22825441E-03	1.05974359E-02
6.55240764E+00	7.81346788E-01	8.21214517E-03	1.05433599E-02
6.59165482E+00	-1.62140441E-01	8.19616213E-03	1.04897059E-02
6.49585600E+00	-1.10082648E+00	8.18030376E-03	1.04364686E-02
6.26718492E+00	-2.01549639E+00	8.16456852E-03	1.03836430E-02
5.91053288E+00	-2.88745718E+00	8.14895491E-03	1.03312239E-02
5.43340430E+00	-3.69891982E+00	8.13346146E-03	1.02792066E-02
4.84575895E+00	-4.43336205E+00	8.11808670E-03	1.02275862E-02
4.15980413E+00	-5.07586482E+00	8.10282922E-03	1.01763579E-02
3.38974118E+00	-5.61341520E+00	8.08768760E-03	1.01255170E-02
2.55147153E+00	-6.03516993E+00	8.07266045E-03	1.00750589E-02
1.66226837E+00	-6.33267404E+00	8.05774642E-03	1.00249790E-02
7.40420814E-01	-6.50003022E+00	8.04294415E-03	9.97527300E-03
-1.95142234E-01	-6.53401563E+00	8.02825234E-03	9.92593635E-03
-1.12524072E+00	-6.43414364E+00	8.01366968E-03	9.87696477E-03
-2.03083659E+00	-6.20266953E+00	7.99919490E-03	9.82835397E-03
-2.89342346E+00	-5.84454001E+00	7.98482672E-03	9.78009978E-03
-3.69540469E+00	-5.36728768E+00	7.97056391E-03	9.73219805E-03
-4.42045240E+00	-4.78087271E+00	7.95640526E-03	9.68464471E-03
-5.05383975E+00	-4.09747508E+00	7.94234955E-03	9.63743575E-03
-5.58274005E+00	-3.33124170E+00	7.92839560E-03	9.59056723E-03
-5.99648644E+00	-2.49799355E+00	7.91454226E-03	9.54403526E-03
-6.28678694E+00	-1.61489915E+00	7.90078836E-03	9.49783600E-03
-6.44789050E+00	-7.00120787E-01	7.88713278E-03	9.45196570E-03
-6.47670083E+00	2.27558895E-01	7.87357440E-03	9.40642063E-03
-6.37283557E+00	1.14912256E+00	7.86011212E-03	9.36119714E-03
-6.13862994E+00	2.04570795E+00	7.84674488E-03	9.31629162E-03
-5.77908459E+00	2.89899394E+00	7.83347159E-03	9.27170052E-03
-5.30175905E+00	3.69157482E+00	7.82029122E-03	9.22742034E-03
-4.71661289E+00	4.40731536E+00	7.80720272E-03	9.18344763E-03
-4.03579800E+00	5.03167917E+00	7.79420508E-03	9.13977901E-03
-3.27340632E+00	5.55202390E+00	7.78129730E-03	9.09641111E-03
-2.44517821E+00	5.95785716E+00	7.76847839E-03	9.05334066E-03
-1.56817752E+00	6.24104800E+00	7.75574737E-03	9.01056438E-03
-6.60440075E-01	6.39598971E+00	7.74310328E-03	8.96807909E-03
2.59397157E-01	6.41971068E+00	7.73054518E-03	8.92588162E-03
1.17247869E+00	6.31193111E+00	7.71807214E-03	8.88396886E-03
2.06011698E+00	6.07506451E+00	7.70568323E-03	8.84233775E-03
2.90417484E+00	5.71416407E+00	7.69337754E-03	8.80098526E-03
3.68743599E+00	5.23681500E+00	7.68115420E-03	8.75990842E-03
4.39395617E+00	4.65297528E+00	7.66901231E-03	8.71910427E-03
5.00938767E+00	3.97476797E+00	7.65695100E-03	8.67856994E-03
5.52127059E+00	3.21622955E+00	7.64496943E-03	8.63830255E-03
5.91928510E+00	2.39301951E+00	7.63306674E-03	8.59829930E-03
6.19545933E+00	1.52209713E+00	7.62124211E-03	8.55855741E-03
6.34432902E+00	6.21372093E-01	7.60949472E-03	8.51907413E-03
6.36304541E+00	-2.90663700E-01	7.59782375E-03	8.47984678E-03
6.25142951E+00	-1.19531576E+00	7.58622841E-03	8.44087268E-03
6.01197155E+00	-2.07407015E+00	7.57470791E-03	8.40214921E-03
5.64977585E+00	-2.90897232E+00	7.56326147E-03	8.36367378E-03
5.17245210E+00	-3.68299390E+00	7.55188834E-03	8.32544384E-03
4.58995569E+00	-4.38037999E+00	7.54058775E-03	8.28745686E-03
3.91438009E+00	-4.98696974E+00	7.52935896E-03	8.24971036E-03
3.15970588E+00	-5.49048387E+00	7.51820124E-03	8.21220189E-03
2.34151149E+00	-5.88077317E+00	7.50711386E-03	8.17492902E-03
1.47665167E+00	-6.15002298E+00	7.49609610E-03	8.13788937E-03
5.82910311E-01	-6.29290955E+00	7.48514727E-03	8.10108059E-03
-3.21365143E-01	-6.30670519E+00	7.47426667E-03	8.06450035E-03
-1.21764034E+00	-6.19133000E+00	7.46345360E-03	8.02814636E-03
-2.08757385E+00	-5.94934939E+00	7.45270740E-03	7.99201636E-03
-2.91339245E+00	-5.58591736E+00	7.44202739E-03	7.95610812E-03
-3.67825421E+00	-5.10866693E+00	7.43141291E-03	7.92041942E-03
-4.36659190E+00	-4.52754992E+00	7.42086332E-03	7.88494811E-03
-4.96442982E+00	-3.85462950E+00	7.41037797E-03	7.84969203E-03
-5.45966743E+00	-3.10382989E+00	7.39995623E-03	7.81464906E-03
-5.84232426E+00	-2.29064824E+00	7.38959747E-03	7.77981712E-03
-6.10474094E+00	-1.43183487E+00	7.37930107E-03	7.74519415E-03
-6.24173240E+00	-5.45048246E-01	7.36906643E-03	7.71077810E-03
-6.25069018E+00	3.51508052E-01	7.35889294E-03	7.67656697E-03
-6.13163181E+00	1.23945894E+00	7.34878001E-03	7.64255877E-03
-5.88719630E+00	2.10063440E+00	7.33872705E-03	7.60875154E-03
-5.52258600E+00	2.91744125E+00	7.32873349E-03	7.57514335E-03
-5.04545606E+00	3.67322248E+00	7.31879874E-03	7.54173229E-03
-4.46575378E+00	4.35259695E+00	7.30892226E-03	7.50851648E-03
-3.79551134E+00	4.94177230E+00	7.29910348E-03	7.47549405E-03
-3.04859613E+00	5.42882491E+00	7.28934185E-03	7.44266317E-03
-2.24042387E+00	5.80394119E+00	7.27963683E-03	7.41002201E-03
-1.38764052E+00	6.05961516E+00	7.26998788E-03	7.37756880E-03
-5.07779467E-01	6.19079859E+00	7.26039447E-03	7.34530175E-03
3.81098936E-01	6.19500049E+00	7.25085609E-03	7.31321913E-03
1.26077802E+00	6.07233411E+00	7.24137220E-03	7.28131920E-03
2.11325808E+00	5.82551055E+00	7.23194231E-03	7.24960026E-03
2.92112466E+00	5.45977917E+00	7.22256591E-03	7.21806062E-03
3.66790424E+00	4.98281606E+00	7.21324250E-03	7.18669862E-03
4.33840009E+00	4.40456310E+00	7.20397159E-03	7.15551263E-03
4.91900148E+00	3.73702077E+00	7.19475270E-03	7.12450101E-03
5.39795989E+00	2.99399921E+00	7.18558534E-03	7.09366216E-03
5.76562673E+00	2.19083253E+00	7.17646904E-03	7.06299451E-03
6.01464756E+00	1.34406243E+00	7.16740334E-03	7.03249648E-03
6.14010914E+00	4.71097591E-01	7.15838776E-03	7.00216652E-03
6.13963619E+00	-4.10144250E-01	7.14942186E-03	6.97200312E-03
6.01343606E+00	-1.28160396E+00	7.14050519E-03	6.94200476E-03
5.76429041E+00	-2.12545108E+00	7.13163729E-03	6.91216996E-03
5.39749425E+00	-2.92444859E+00	7.12281773E-03	6.88249723E-03
4.92074352E+00	-3.66230494E+00	7.11404607E-03	6.85298512E-03
4.34397372E+00	-4.32400622E+00	7.10532188E-03	6.82363220E-03
3.67915299E+00	-4.89612161E+00	7.09664474E-03	6.79443704E-03
2.94003376E+00	-5.36707588E+00	7.08801422E-03	6.76539825E-03
2.14186840E+00	-5.72738359E+00	7.07942992E-03	6.73651442E-03
1.30109448E+00	-5.96983998E+00	7.07089142E-03	6.70778419E-03
4.34996288E-01	-6.08966500E+00	7.06239831E-03	6.67920620E-03
-4.38650391E-01	-6.08459733E+00	7.05395020E-03	6.65077911E-03
-1.30194311E+00	-5.95493678E+00	7.04554668E-03	6.62250160E-03
-2.13721955E+00	-5.70353411E+00	7.03718737E-03	6.59437235E-03
-2.92741883E+00	-5.33572863E+00	7.02887189E-03	6.56639008E-03
-3.65642995E+00	-4.85923501E+00	7.02059984E-03	6.53855350E-03
-4.30942019E+00	-4.28398149E+00	7.01237085E-03	6.51086135E-03
-4.87313689E+00	-3.62190318E+00	7.00418455E-03	6.48331238E-03
-5.33617635E+00	-2.88669445E+00	6.99604056E-03	6.45590535E-03
-5.68921443E+00	-2.09352573E+00	6.98793852E-03	6.42863904E-03
-5.92519423E+00	-1.25873056E+00	6.97987808E-03	6.40151224E-03
-6.03946708E+00	-3.99469274E-01	6.97185887E-03	6.37452376E-03
-6.02988392E+00	4.66623705E-01	6.96388054E-03	6.34767241E-03
-5.89683539E+00	1.32180174E+00	6.95594273E-03	6.32095703E-03
-5.64323986E+00	2.14856957E+00	6.94804512E-03	6.29437646E-03
-5.27447968E+00	2.93004116E+00	6.94018735E-03	6.26792957E-03
-4.79828711E+00	3.65028459E+00	6.93236908E-03	6.24161521E-03
-4.22458227E+00	4.29464675E+00	6.92458999E-03	6.21543228E-03
-3.56526659E+00	4.85005145E+00	6.91684974E-03	6.18937967E-03
-2.83397595E+00	5.30526469E+00	6.90914801E-03	6.16345628E-03
-2.04579875E+00	5.65112185E+00	6.90148448E-03	6.13766104E-03
-1.21696463E+00	5.88071206E+00	6.89385882E-03	6.11199289E-03
-3.64510317E-01	5.98951627E+00	6.88627071E-03	6.08645075E-03
4.94070479E-01	5.97549594E+00	6.87871986E-03	6.06103359E-03
1.34118607E+00	5.83913097E+00	6.87120594E-03	6.03574037E-03
2.15950714E+00	5.58340587E+00	6.86372866E-03	6.01057008E-03
2.93232127E+00	5.21374476E+00	6.85628770E-03	5.98552169E-03
3.64387412E+00	4.73789640E+00	6.84888278E-03	5.96059422E-03
4.27969062E+00	4.16577192E+00	6.84151359E-03	5.93578666E-03
4.82686935E+00	3.50923844E+00	6.83417985E-03	5.91109804E-03
5.27434425E+00	2.78187298E+00	6.82688126E-03	5.88652740E-03
5.61310840E+00	1.99868177E+00	6.81961754E-03	5.86207376E-03
5.83639519E+00	1.17579068E+00	6.81238840E-03	5.83773619E-03
5.93981339E+00	3.30113234E-01	6.80519357E-03	5.81351375E-03
5.92143333E+00	-5.20996949E-01	6.79803277E-03	5.78940551E-03
5.78182256E+00	-1.36010225E+00	6.79090571E-03	5.76541054E-03
5.52403033E+00	-2.17003824E+00	6.78381214E-03	5.74152795E-03
5.15352122E+00	-2.93426478E+00	6.77675178E-03	5.71775683E-03
4.67805946E+00	-3.63720373E+00	6.76972437E-03	5.69409629E-03
4.10754632E+00	-4.26455645E+00	6.76272965E-03	5.67054545E-03
3.45381399E+00	-4.80359459E+00	6.75576735E-03	5.64710345E-03
2.73038029E+00	-5.24341832E+00	6.74883721E-03	5.62376941E-03
1.95216912E+00	-5.57517660E+00	6.74193899E-03	5.60054249E-03
1.13520275E+00	-5.79224529E+00	6.73507242E-03	5.57742184E-03
2.96271888E-01	-5.89035924E+00	6.72823727E-03	5.55440662E-03
-5.47409295E-01	-5.86769599E+00	6.72143328E-03	5.53149602E-03
-1.37855638E+00	-5.72490920E+00	6.71466021E-03	5.50868920E-03
-2.18016875E+00	-5.46511140E+00	6.70791781E-03	5.48598536E-03
-2.93587727E+00	-5.09380642E+00	6.70120586E-03	5.46338370E-03
-3.63027856E+00	-4.61877288E+00	6.69452410E-03	5.44088342E-03
-4.24924882E+00	-4.04990136E+00	6.68787231E-03	5.41848374E-03
-4.78023114E+00	-3.39898855E+00	6.68125025E-03	5.39618388E-03
-5.21249012E+00	-2.67949264E+00	6.67465770E-03	5.37398306E-03
-5.53732888E+00	-1.90625517E+00	6.66809442E-03	5.35188054E-03
-5.74826396E+00	-1.09519492E+00	6.66156019E-03	5.32987554E-03
-5.84115459E+00	-2.62980195E-01	6.65505479E-03	5.30796734E-03
-5.81428382E+00	5.73313645E-01	6.64857800E-03	5.28615518E-03
-5.66838990E+00	1.39655451E+00	6.64212960E-03	5.26443833E-03
-5.40664725E+00	2.18990450E+00	6.63570937E-03	5.24281607E-03
-5.03459771E+00	2.93716425E+00	6.62931709E-03	5.22128768E-03
-4.56003325E+00	3.62310366E+00	6.62295256E-03	5.19985246E-03
-3.99283296E+00	4.23377226E+00	6.61661557E-03	5.17850969E-03
-3.34475739E+00	4.75678287E+00	6.61030591E-03	5.15725868E-03
-2.62920483E+00	5.18156284E+00	6.60402337E-03	5.13609874E-03
-1.86093432E+00	5.49956766E+00	6.59776774E-03	5.11502919E-03
-1.05576131E+00	5.70445279E+00	6.59153883E-03	5.09404935E-03
-2.30232115E-01	5.79220014E+00	6.58533644E-03	5.07315855E-03
5.98716072E-01	5.76119666E+00	6.57916037E-03	5.05235613E-03
1.41410262E+00	5.61226363E+00	6.57301042E-03	5.03164142E-03
2.19925127E+00	5.34863601E+00	6.56688639E-03	5.01101379E-03
2.93813115E+00	4.97589241E+00	6.56078811E-03	4.99047259E-03
3.61568404E+00	4.50183716E+00	6.55471537E-03	4.97001717E-03
4.21813123E+00	3.93633701E+00	6.54866798E-03	4.94964691E-03
4.73325363E+00	3.29111585E+00	6.54264577E-03	4.92936118E-03
5.15063960E+00	2.57951169E+00	6.53664854E-03	4.90915935E-03
5.46189527E+00	1.81620101E+00	6.53067611E-03	4.88904083E-03
5.66081331E+00	1.01689609E+00	6.52472830E-03	4.86900499E-03
5.74349659E+00	1.98021660E-01	6.51880494E-03	4.84905124E-03
5.70843434E+00	-6.23622598E-01	6.51290583E-03	4.82917897E-03
5.55652938E+00	-1.43120664E+00	6.50703082E-03	4.80938760E-03
5.29107582E+00	-2.20821478E+00	6.50117971E-03	4.78967655E-03
4.91768787E+00	-2.93878336E+00	6.49535234E-03	4.77004522E-03
4.44418120E+00	-3.60802465E+00	6.48954854E-03	4.75049306E-03
3.88040945E+00	-4.20233013E+00	6.48376814E-03	4.73101948E-03
3.23805927E+00	-4.70964718E+00	6.47801097E-03	4.71162392E-03
2.53040808E+00	-5.11972346E+00	6.47227686E-03	4.69230583E-03
1.77204971E+00	-5.42431402E+00	6.46656564E-03	4.67306466E-03
9.78593463E-01	-5.61734701E+00	6.46087716E-03	4.65389984E-03
1.66342889E-01	-5.69504456E+00	6.45521125E-03	4.63481085E-03
-6.48039189E-01	-5.65599663E+00	6.44956776E-03	4.61579713E-03
-1.44787245E+00	-5.50118606E+00	6.44394651E-03	4.59685817E-03
-2.21680068E+00	-5.23396478E+00	6.43834736E-03	4.57799342E-03
-2.93912622E+00	-4.85998141E+00	6.43277015E-03	4.55920237E-03
-3.60013038E+00	-4.38706196E+00	6.42721472E-03	4.54048450E-03
-4.18637332E+00	-3.82504622E+00	6.42168092E-03	4.52183929E-03
-4.68596724E+00	-3.18558301E+00	6.41616859E-03	4.50326623E-03
-5.08881744E+00	-2.48188888E+00	6.41067760E-03	4.48476482E-03
-5.38682616E+00	-1.72847493E+00	6.40520778E-03	4.46633456E-03
-5.57405532E+00	-9.40847677E-01	6.39975900E-03	4.44797495E-03
-5.64684468E+00	-1.35189907E-01	6.39433109E-03	4.42968551E-03
-5.60388330E+00	6.71971761E-01	6.38892393E-03	4.41146573E-03
-5.44623260E+00	1.46410585E+00	6.38353736E-03	4.39331515E-03
-5.17730100E+00	2.22501457E+00	6.37817124E-03	4.37523328E-03
-4.80277035E+00	2.93916498E+00	6.37282543E-03	4.35721965E-03
-4.33047606E+00	3.59200604E+00	6.36749980E-03	4.33927379E-03
-3.77024326E+00	4.17026507E+00	6.36219419E-03	4.32139523E-03
-3.13368245E+00	4.66221748E+00	6.35690848E-03	4.30358351E-03
-2.43394899E+00	5.05792451E+00	6.35164253E-03	4.28583817E-03
-1.68547122E+00	5.34943390E+00	6.34639620E-03	4.26815877E-03
-9.03653024E-01	5.53093965E+00	6.34116935E-03	4.25054485E-03
-1.04556869E-01	5.59889751E+00	6.33596187E-03	4.23299596E-03
6.95426177E-01	5.55209408E+00	6.33077360E-03	4.21551167E-03
1.47991261E+00	5.39166791E+00	6.32560443E-03	4.19809153E-03
2.23286198E+00	5.12108257E+00	6.32045422E-03	4.18073512E-03
2.93890484E+00	4.74605201E+00	6.31532285E-03	4.16344200E-03
3.58365641E+00	4.27442009E+00	6.31021019E-03	4.14621174E-03
4.15400962E+00	3.71599654E+00	6.30511611E-03	4.12904392E-03
4.63840150E+00	3.08235301E+00	6.30004049E-03	4.11193813E-03
5.02704758E+00	2.38658337E+00	6.29498320E-03	4.09489395E-03
5.31213939E+00	1.64303316E+00	6.28994412E-03	4.07791096E-03
5.48800135E+00	8.67003838E-01	6.28492313E-03	4.06098876E-03
5.55120359E+00	7.44379768E-02	6.27992010E-03	4.04412694E-03
5.50062867E+00	-7.18408248E-01	6.27493493E-03	4.02732510E-03
5.33749085E+00	-1.49529843E+00	6.26996749E-03	4.01058285E-03
5.06530755E+00	-2.24034841E+00	6.26501765E-03	3.99389978E-03
4.68982372E+00	-2.93835096E+00	6.26008532E-03	3.97727551E-03
4.21889067E+00	-3.57508618E+00	6.25517036E-03	3.96070964E-03
3.66230203E+00	-4.13761113E+00	6.25027267E-03	3.94420181E-03
3.03159010E+00	-4.61452285E+00	6.24539213E-03	3.92775161E-03
2.33978698E+00	-4.99618949E+00	6.24052863E-03	3.91135867E-03
1.60115536E+00	-5.27494474E+00	6.23568205E-03	3.89502263E-03
8.30894492E-01	-5.44524176E+00	6.23085229E-03	3.87874310E-03
4.48274780E-02	-5.50376342E+00	6.22603924E-03	3.86251972E-03
-7.40923735E-01	-5.44948675E+00	6.22124278E-03	3.84635211E-03
-1.51026897E+00	-5.28370028E+00	6.21646282E-03	3.83023993E-03
-2.24747927E+00	-5.00997402E+00	6.21169923E-03	3.81418281E-03
-2.93750842E+00	-4.63408277E+00	6.20695192E-03	3.79818038E-03
-3.56630002E+00	-4.16388441E+00	6.20222078E-03	3.78223231E-03
-4.12107373E+00	-3.60915573E+00	6.19750570E-03	3.76633823E-03
-4.59058503E+00	-2.98138916E+00	6.19280658E-03	3.75049780E-03
-4.96535307E+00	-2.29355482E+00	6.18812332E-03	3.73471067E-03
-5.23785202E+00	-1.55983248E+00	6.18345582E-03	3.71897650E-03
-5.40266214E+00	-7.95319403E-01	6.17880397E-03	3.70329496E-03
-5.45657747E+00	-1.57196685E-02	6.17416768E-03	3.68766570E-03
-5.39866797E+00	7.62978344E-01	6.16954684E-03	3.67208838E-03
-5.23029505E+00	1.52482981E+00	6.16494136E-03	3.65656269E-03
-4.95508002E+00	2.25425993E+00	6.16035114E-03	3.64108828E-03
-4.57882647E+00	2.93638226E+00	6.15577608E-03	3.62566484E-03
-4.10939793E+00	3.55730250E+00	6.15121608E-03	3.61029203E-03
-3.55655363E+00	4.10440146E+00	6.14667105E-03	3.59496955E-03
-2.93174568E+00	4.56659148E+00	6.14214089E-03	3.57969706E-03
-2.24788190E+00	4.93454107E+00	6.13762552E-03	3.56447426E-03
-1.51905920E+00	5.20086324E+00	6.13312483E-03	3.54930083E-03
-7.60273029E-01	5.36026373E+00	6.12863873E-03	3.53417646E-03
1.28911094E-02	5.40964616E+00	6.12416714E-03	3.51910084E-03
7.84577733E-01	5.34817195E+00	6.11970996E-03	3.50407367E-03
1.53898650E+00	5.17727396E+00	6.11526710E-03	3.48909464E-03
2.26069570E+00	4.90062360E+00	6.11083847E-03	3.47416345E-03
2.93497744E+00	4.52405214E+00	6.10642398E-03	3.45927980E-03
3.54809817E+00	4.05542785E+00	6.10202354E-03	3.44444340E-03
4.08759834E+00	3.50449175E+00	6.09763707E-03	3.42965395E-03
4.54254559E+00	2.88265513E+00	6.09326448E-03	3.41491115E-03
4.90375619E+00	2.20276330E+00	6.08890568E-03	3.40021473E-03
5.16398037E+00	1.47883025E+00	6.08456059E-03	3.38556440E-03
5.31804773E+00	7.25749869E-01	6.08022912E-03	3.37095986E-03
5.36296990E+00	-4.10104669E-02	6.07591119E-03	3.35640083E-03
5.29799827E+00	-8.05727508E-01	6.07160671E-03	3.34188704E-03
5.12463581E+00	-1.55274453E+00	6.06731561E-03	3.32741821E-03
4.84660279E+00	-2.26679184E+00	6.06303779E-03	3.31299405E-03
4.46975706E+00	-2.93329888E+00	6.05877318E-03	3.29861431E-03
4.00197081E+00	-3.53869149E+00	6.05452170E-03	3.28427869E-03
3.45296611E+00	-4.07066830E+00	6.05028326E-03	3.26998694E-03
2.83411302E+00	-4.51845070E+00	6.04605779E-03	3.25573878E-03
2.15819408E+00	-4.87300111E+00	6.04184521E-03	3.24153396E-03
1.43914038E+00	-5.12720535E+00	6.03764543E-03	3.22737220E-03
6.91744462E-01	-5.27601530E+00	6.03345839E-03	3.21325324E-03
-6.86439692E-02	-5.31654906E+00	6.02928399E-03	3.19917683E-03
-8.26433227E-01	-5.24814652E+00	6.02512218E-03	3.18514270E-03
-1.56610932E+00	-5.07237940E+00	6.02097286E-03	3.17115060E-03
-2.27255355E+00	-4.79301560E+00	6.01683597E-03	3.15720028E-03
-2.93135145E+00	-4.41593855E+00	6.01271143E-03	3.14329148E-03
-3.52908689E+00	-3.94902343E+00	6.00859916E-03	3.12942396E-03
-4.05361525E+00	-3.40197277E+00	6.00449909E-03	3.11559746E-03
-4.49431009E+00	-2.78611489E+00	6.00041115E-03	3.10181173E-03
-4.84227842E+00	-2.11416937E+00	5.99633526E-03	3.08806655E-03
-5.09054005E+00	-1.39998439E+00	5.99227136E-03	3.07436165E-03
-5.23416756E+00	-6.58251391E-01	5.98821936E-03	3.06069680E-03
-5.27038398E+00	9.57971351E-02	5.98417921E-03	3.04707177E-03
-5.19861623E+00	8.46700393E-01	5.98015082E-03	3.03348630E-03
-5.02050348E+00	1.57908627E+00	5.97613413E-03	3.01994017E-03
-4.73986005E+00	2.27798597E+00	5.97212907E-03	3.00643315E-03
-4.36259390E+00	2.92913994E+00	5.96813556E-03	2.99296499E-03
-3.89658237E+00	3.51928874E+00	5.96415355E-03	2.97953548E-03
-3.35150777E+00	4.03644301E+00	5.96018296E-03	2.96614438E-03
-2.73865628E+00	4.47012699E+00	5.95622372E-03	2.95279146E-03
-2.07068429E+00	4.81159068E+00	5.95227577E-03	2.93947649E-03
-1.36135710E+00	5.05398632E+00	5.94833905E-03	2.92619927E-03
-6.25265276E-01	5.19250560E+00	5.94441347E-03	2.91295955E-03
1.22475438E-01	5.22447494E+00	5.94049899E-03	2.89975712E-03
8.66534464E-01	5.14940692E+00	5.93659553E-03	2.88659177E-03
1.59168069E+00	4.96900680E+00	5.93270302E-03	2.87346327E-03
2.28309419E+00	4.68713413E+00	5.92882141E-03	2.86037140E-03
2.92666910E+00	4.30972040E+00	5.92495064E-03	2.84731596E-03
3.50930134E+00	3.84464427E+00	5.92109062E-03	2.83429673E-03
4.01915537E+00	3.30156719E+00	5.91724132E-03	2.82131350E-03
4.44590458E+00	2.69173277E+00	5.91340265E-03	2.80836606E-03
4.78094043E+00	2.02773403E+00	5.90957456E-03	2.79545420E-03
5.01754596E+00	1.32325338E+00	5.90575699E-03	2.78257771E-03
5.15103044E+00	5.92780781E-01	5.90194988E-03	2.76973639E-03
5.17882223E+00	-1.48684305E-01	5.89815317E-03	2.75693004E-03
5.10051810E+00	-8.85940847E-01	5.89436678E-03	2.74415844E-03
4.91788808E+00	-1.60389785E+00	5.89059068E-03	2.73142141E-03
4.63483583E+00	-2.28788325E+00	5.88682479E-03	2.71871873E-03
4.25731534E+00	-2.92394363E+00	5.88306906E-03	2.70605022E-03
3.79320577E+00	-3.49912895E+00	5.87932343E-03	2.69341567E-03
3.25214711E+00	-4.00175606E+00	5.87558783E-03	2.68081489E-03
2.64533996E+00	-4.42164600E+00	5.87186222E-03	2.66824769E-03
1.98531377E+00	-4.75033011E+00	5.86814654E-03	2.65571387E-03
1.28566812E+00	-4.98122071E+00	5.86444072E-03	2.64321324E-03
5.60792608E-01	-5.10974311E+00	5.86074472E-03	2.63074560E-03
-1.74429119E-01	-5.13342609E+00	5.85705846E-03	2.61831078E-03
-9.04924897E-01	-5.05194922E+00	5.85338191E-03	2.60590859E-03
-1.61574300E+00	-4.86714604E+00	5.84971501E-03	2.59353883E-03
-2.29235812E+00	-4.58296314E+00	5.84605769E-03	2.58120132E-03
-2.92096817E+00	-4.20537603E+00	5.84240990E-03	2.56889588E-03
-3.48877577E+00	-3.74226356E+00	5.83877160E-03	2.55662233E-03
-3.98424876E+00	-3.20324362E+00	5.83514272E-03	2.54438048E-03
-4.39735433E+00	-2.59947346E+00	5.83152321E-03	2.53217016E-03
-4.71976216E+00	-1.94341873E+00	5.82791302E-03	2.51999118E-03
-4.94501231E+00	-1.24859626E+00	5.82431210E-03	2.50784337E-03
-5.06864458E+00	-5.29295502E-01	5.82072039E-03	2.49572655E-03
-5.08828673E+00	1.99715217E-01	5.81713785E-03	2.48364055E-03
-5.00369973E+00	9.23491925E-01	5.81356441E-03	2.47158519E-03
-4.81677937E+00	1.62722128E+00	5.81000003E-03	2.45956030E-03
-4.53151403E+00	2.29652374E+00	5.80644466E-03	2.44756570E-03
-4.15389974E+00	2.91774729E+00	5.80289824E-03	2.43560124E-03
-3.69181428E+00	3.47824596E+00	5.79936073E-03	2.42366673E-03
-3.15485285E+00	3.96663710E+00	5.79583208E-03	2.41176201E-03
-2.55412890E+00	4.37303260E+00	5.79231223E-03	2.39988691E-03
-1.90204418E+00	4.68923895E+00	5.78880114E-03	2.38804127E-03
-1.21203276E+00	4.90892241E+00	5.78529875E-03	2.37622492E-03
-4.98284246E-01	5.02773578E+00	5.78180503E-03	2.36443769E-03
2.24547891E-01	5.04340433E+00	5.77831991E-03	2.35267943E-03
9.41647189E-01	4.95576907E+00	5.77484336E-03	2.34094997E-03
1.63833783E+00	4.76678676E+00	5.77137532E-03	2.32924915E-03
2.30038497E+00	4.48048645E+00	5.76791575E-03	2.31757682E-03
2.91428554E+00	4.10288378E+00	5.76446459E-03	2.30593281E-03
3.46754359E+00	3.64185462E+00	5.76102181E-03	2.29431696E-03
3.94892465E+00	3.10697091E+00	5.75758736E-03	2.28272913E-03
4.34868379E+00	2.50930195E+00	5.75416119E-03	2.27116914E-03
4.65876280E+00	1.86118540E+00	5.75074325E-03	2.25963686E-03
4.87295264E+00	1.17597262E+00	5.74733350E-03	2.24813212E-03
4.98701761E+00	4.67753665E-01	5.74393189E-03	2.23665478E-03
4.99877904E+00	-2.48932389E-01	5.74053838E-03	2.22520467E-03
4.90815663E+00	-9.59395902E-01	5.73715292E-03	2.21378166E-03
4.71716687E+00	-1.64909772E+00	5.73377547E-03	2.20238559E-03
4.42987838E+00	-2.30394666E+00	5.73040598E-03	2.19101631E-03
4.05232544E+00	-2.91058738E+00	5.72704442E-03	2.17967368E-03
3.59238126E+00	-3.45667272E+00	5.72369073E-03	2.16835755E-03
3.05959395E+00	-3.93111494E+00	5.72034487E-03	2.15706776E-03
2.46498830E+00	-4.32431083E+00	5.71700681E-03	2.14580419E-03
1.82083769E+00	-4.62833602E+00	5.71367649E-03	2.13456668E-03
1.14041088E+00	-4.83710461E+00	5.71035388E-03	2.12335509E-03
4.37698620E-01	-4.94649095E+00	5.70703893E-03	2.11216928E-03
-2.72873913E-01	-4.95441098E+00	5.70373160E-03	2.10100910E-03
-9.76743226E-01	-4.86086179E+00	5.70043185E-03	2.08987443E-03
-1.65950595E+00	-4.66791834E+00	5.69713963E-03	2.07876510E-03
-2.30721355E+00	-4.37968776E+00	5.69385492E-03	2.06768100E-03
-2.90665724E+00	-4.00222200E+00	5.69057765E-03	2.05662198E-03
-3.44563733E+00	-3.54339089E+00	5.68730781E-03	2.04558791E-03
-3.91321143E+00	-3.01271813E+00	5.68404533E-03	2.03457864E-03
-4.29991662E+00	-2.42118363E+00	5.68079019E-03	2.02359404E-03
-4.59796083E+00	-1.78099640E+00	5.67754234E-03	2.01263398E-03
-4.80137987E+00	-1.10534261E+00	5.67430175E-03	2.00169833E-03
-4.90615661E+00	-4.08114017E-01	5.67106837E-03	1.99078695E-03
-4.91030026E+00	2.96377624E-01	5.66784217E-03	1.97989971E-03
-4.81388391E+00	9.93694277E-01	5.66462310E-03	1.96903648E-03
-4.61903983E+00	1.66956750E+00	5.66141113E-03	1.95819713E-03
-4.32991252E+00	2.31019038E+00	5.65820622E-03	1.94738152E-03
-3.95257075E+00	2.90249950E+00	5.65500832E-03	1.93658954E-03
-3.49488020E+00	3.43444136E+00	5.65181742E-03	1.92582105E-03
-2.96633962E+00	3.89521756E+00	5.64863345E-03	1.91507593E-03
-2.37788368E+00	4.27550399E+00	5.64545640E-03	1.90435404E-03
-1.74165689E+00	4.56763944E+00	5.64228621E-03	1.89365527E-03
-1.07076292E+00	4.76577991E+00	5.63912286E-03	1.88297949E-03
-3.78994798E-01	4.86601540E+00	5.63596630E-03	1.87232657E-03
3.19448635E-01	4.86644693E+00	5.63281650E-03	1.86169640E-03
1.01025412E+00	4.76722233E+00	5.62967343E-03	1.85108884E-03
1.67928729E+00	4.57052993E+00	5.62653704E-03	1.84050378E-03
2.31288180E+00	4.28055061E+00	5.62340730E-03	1.82994109E-03
2.89811848E+00	3.90336899E+00	5.62028417E-03	1.81940066E-03
3.42308870E+00	3.44684591E+00	5.61716763E-03	1.80888237E-03
3.87713669E+00	2.92045460E+00	5.61405763E-03	1.79838609E-03
4.25107573E+00	2.33508421E+00	5.61095413E-03	1.78791171E-03
4.53737400E+00	1.70281456E+00	5.60785711E-03	1.77745911E-03
4.73030623E+00	1.03666695E+00	5.60476653E-03	1.76702818E-03
4.82606808E+00	3.50335946E-01	5.60168236E-03	1.75661879E-03
4.82285105E+00	-3.42092019E-01	5.59860455E-03	1.74623083E-03
4.72087636E+00	-1.02642779E+00	5.59553308E-03	1.73586420E-03
4.52238728E+00	-1.68867019E+00	5.59246791E-03	1.72551876E-03
4.23159995E+00	-2.31529244E+00	5.58940901E-03	1.71519441E-03
3.85461401E+00	-2.89351844E+00	5.58635634E-03	1.70489104E-03
3.39928471E+00	-3.41158319E+00	5.58330987E-03	1.69460854E-03
2.87505927E+00	-3.85897215E+00	5.58026958E-03	1.68434679E-03
2.29278096E+00	-4.22663459E+00	5.57723541E-03	1.67410568E-03
1.66446484E+00	-4.50716663E+00	5.57420735E-03	1.66388510E-03
1.00304986E+00	-4.69496026E+00	5.57118536E-03	1.65368494E-03
3.22132482E-01	-4.78631539E+00	5.56816940E-03	1.64350510E-03
-3.64312803E-01	-4.77951262E+00	5.56515945E-03	1.63334546E-03
-1.04222024E+00	-4.67484530E+00	5.56215548E-03	1.62320592E-03
-1.69772100E+00	-4.47461044E+00	5.55915744E-03	1.61308636E-03
-2.31742686E+00	-4.18305846E+00	5.55616531E-03	1.60298669E-03
-2.88870360E+00	-3.80630311E+00	5.55317906E-03	1.59290680E-03
-3.39992861E+00	-3.35219334E+00	5.55019866E-03	1.58284658E-03
-3.84072722E+00	-2.83014986E+00	5.54722407E-03	1.57280593E-03
-4.20218328E+00	-2.25096975E+00	5.54425527E-03	1.56278474E-03
-4.47701939E+00	-1.62660316E+00	5.54129222E-03	1.55278290E-03
-4.65974339E+00	-9.69906864E-01	5.53833490E-03	1.54280033E-03
-4.74675802E+00	-2.94379467E-01	5.53538326E-03	1.53283691E-03
-4.73643162E+00	3.86115972E-01	5.53243729E-03	1.52289254E-03
-4.62912843E+00	1.05763642E+00	5.52949695E-03	1.51296712E-03
-4.42719802E+00	1.70644451E+00	5.52656221E-03	1.50306056E-03
-4.13492407E+00	2.31928957E+00	5.52363305E-03	1.49317274E-03
-3.75843357E+00	2.88367814E+00	5.52070943E-03	1.48330357E-03
-3.30556852E+00	3.38812869E+00	5.51779132E-03	1.47345296E-03
-2.78572260E+00	3.82240513E+00	5.51487870E-03	1.46362080E-03
-2.20964637E+00	4.17772444E+00	5.51197153E-03	1.45380699E-03
-1.58922503E+00	4.44693431E+00	5.50906978E-03	1.44401144E-03
-9.37233209E-01	4.62465699E+00	5.50617344E-03	1.43423405E-03
-2.67072001E-01	4.70739665E+00	5.50328246E-03	1.42447473E-03
4.07506467E-01	4.69360803E+00	5.50039682E-03	1.41473337E-03
1.07268119E+00	4.58372500E+00	5.49751650E-03	1.40500989E-03
1.71484544E+00	4.38014858E+00	5.49464146E-03	1.39530419E-03
2.32088504E+00	4.08719467E+00	5.49177167E-03	1.38561617E-03
2.87844617E+00	3.71100270E+00	5.48890711E-03	1.37594574E-03
3.37618713E+00	3.25940700E+00	5.48604775E-03	1.36629281E-03
3.80400905E+00	2.74177373E+00	5.48319357E-03	1.35665728E-03
4.15326069E+00	2.16880667E+00	5.48034453E-03	1.34703906E-03
4.41691339E+00	1.55232594E+00	5.47750061E-03	1.33743807E-03
4.58970238E+00	9.05024166E-01	5.47466177E-03	1.32785420E-03
4.66823190E+00	2.40205222E-01	5.47182801E-03	1.31828738E-03
4.65104177E+00	-4.28489187E-01	5.46899927E-03	1.30873750E-03
4.53863425E+00	-1.08735941E+00	5.46617555E-03	1.29920448E-03
4.33346066E+00	-1.72292846E+00	5.46335682E-03	1.28968823E-03
4.03986818E+00	-2.32221769E+00	5.46054304E-03	1.28018866E-03
3.66400779E+00	-2.87301175E+00	5.45773419E-03	1.27070568E-03
3.21370552E+00	-3.36410756E+00	5.45493024E-03	1.26123920E-03
2.69829952E+00	-3.78554212E+00	5.45213118E-03	1.25178914E-03
2.12844651E+00	-4.12879460E+00	5.44933696E-03	1.24235541E-03
1.51590144E+00	-4.38695856E+00	5.44654758E-03	1.23293792E-03
8.73275045E-01	-4.55488085E+00	5.44376299E-03	1.22353659E-03
2.13774307E-01	-4.62926439E+00	5.44098319E-03	1.21415133E-03
-4.49068989E-01	-4.60873277E+00	5.43820813E-03	1.20478206E-03
-1.10167584E+00	-4.49385539E+00	5.43543780E-03	1.19542869E-03
-1.73069819E+00	-4.28713283E+00	5.43267217E-03	1.18609113E-03
-2.32329188E+00	-3.99294250E+00	5.42991121E-03	1.17676930E-03
-2.86737891E+00	-3.61744615E+00	5.42715491E-03	1.16746313E-03
-3.35189357E+00	-3.16846083E+00	5.42440323E-03	1.15817252E-03
-3.76700743E+00	-2.65529625E+00	5.42165615E-03	1.14889739E-03
-4.10432868E+00	-2.08856177E+00	5.41891365E-03	1.13963767E-03
-4.35707174E+00	-1.47994708E+00	5.41617571E-03	1.13039326E-03
-4.52019366E+00	-8.41981189E-01	5.41344229E-03	1.12116410E-03
-4.59049469E+00	-1.87774472E-01	5.41071338E-03	1.11195009E-03
-4.56668089E+00	4.69250686E-01	5.40798894E-03	1.10275115E-03
-4.44938764E+00	1.11563525E+00	5.40526897E-03	1.09356722E-03
-4.24116360E+00	1.73815921E+00	5.40255343E-03	1.08439820E-03
-3.94641552E+00	2.32411193E+00	5.39984229E-03	1.07524401E-03
-3.57131507E+00	2.86155162E+00	5.39713555E-03	1.06610459E-03
-3.12366971E+00	3.33954871E+00	5.39443316E-03	1.05697984E-03
-2.61276022E+00	3.74840801E+00	5.39173512E-03	1.04786970E-03
-2.04914834E+00	4.07986541E+00	5.38904139E-03	1.03877408E-03
-1.44445847E+00	4.32725479E+00	5.38635196E-03	1.02969290E-03
-8.11137974E-01	4.48564202E+00	5.38366679E-03	1.02062610E-03
-1.62200969E-01	4.55192335E+00	5.38098588E-03	1.01157358E-03
4.89039051E-01	4.52488602E+00	5.37830918E-03	1.00253529E-03
1.12924233E+00	4.40523017E+00	5.37563670E-03	9.93511133E-04
1.74531606E+00	4.19555150E+00	5.37296839E-03	9.84501043E-04
2.32468212E+00	3.90028513E+00	5.37030424E-03	9.75504942E-04
2.85553381E+00	3.52561186E+00	5.36764422E-03	9.66522756E-04
3.32707646E+00	3.07932893E+00	5.36498832E-03	9.57554411E-04
3.72974688E+00	2.57068774E+00	5.36233651E-03	9.48599832E-04
4.05540724E+00	2.01020216E+00	5.35968877E-03	9.39658946E-04
4.29750954E+00	1.40943123E+00	5.35704508E-03	9.30731680E-04
4.45122712E+00	7.80740810E-01	5.35440541E-03	9.21817959E-04
4.51355087E+00	1.37049092E-01	5.35176975E-03	9.12917713E-04
4.48334797E+00	-5.08438813E-01	5.34913807E-03	9.04030867E-04
4.36138215E+00	-1.14250174E+00	5.34651036E-03	8.95157351E-04
4.15029505E+00	-1.75217322E+00	5.34388658E-03	8.86297093E-04
3.85454922E+00	-2.32500666E+00	5.34126672E-03	8.77450022E-04
3.48033383E+00	-2.84932933E+00	5.33865077E-03	8.68616066E-04
3.03543527E+00	-3.31448028E+00	5.33603868E-03	8.59795155E-04
2.52907513E+00	-3.71102696E+00	5.33343046E-03	8.50987218E-04
1.97171917E+00	-4.03095656E+00	5.33082607E-03	8.42192186E-04
1.37486100E+00	-4.26783778E+00	5.32822549E-03	8.33409989E-04
7.50785140E-01	-4.41695010E+00	5.32562871E-03	8.24640558E-04
1.12314169E-01	-4.47537775E+00	5.32303570E-03	8.15883823E-04
-5.27454660E-01	-4.44206658E+00	5.32044645E-03	8.07139717E-04
-1.15541808E+00	-4.31784272E+00	5.31786093E-03	7.98408170E-04
-1.75873513E+00	-4.10539274E+00	5.31527912E-03	7.89689115E-04
-2.32508972E+00	-3.80920567E+00	5.31270101E-03	7.80982483E-04
-2.84294203E+00	-3.43547829E+00	5.31012656E-03	7.72288208E-04
-3.30176356E+00	-2.99198552E+00	5.30755577E-03	7.63606223E-04
-3.69225118E+00	-2.48791874E+00	5.30498862E-03	7.54936459E-04
-4.00651572E+00	-1.93369534E+00	5.30242507E-03	7.46278852E-04
-4.23824127E+00	-1.34074348E+00	5.29986512E-03	7.37633335E-04
-4.38281209E+00	-7.21266441E-01	5.29730875E-03	7.28999842E-04
-4.43740445E+00	-8.79915666E-02	5.29475592E-03	7.20378306E-04
-4.40104163E+00	5.46091241E-01	5.29220664E-03	7.11768664E-04
-4.27461102E+00	1.16799592E+00	5.28966087E-03	7.03170850E-04
-4.06084305E+00	1.76500617E+00	5.28711859E-03	6.94584799E-04
-3.76425236E+00	2.32493545E+00	5.28457979E-03	6.86010447E-04
-3.39104255E+00	2.83637568E+00	5.28204446E-03	6.77447729E-04
-2.94897650E+00	3.28892967E+00	5.27951256E-03	6.68896582E-04
-2.44721494E+00	3.67342240E+00	5.27698408E-03	6.60356942E-04
-1.89612667E+00	3.98208703E+00	5.27445900E-03	6.51828746E-04
-1.30707435E+00	4.20872171E+00	5.27193731E-03	6.43311931E-04
-6.92180223E-01	4.34881416E+00	5.26941898E-03	6.34806433E-04
-6.40766908E-02	4.39963139E+00	5.26690399E-03	6.26312192E-04
5.64353161E-01	4.36027288E+00	5.26439233E-03	6.17829143E-04
1.18023979E+00	4.23168616E+00	5.26188399E-03	6.09357226E-04
1.77099070E+00	4.01664448E+00	5.25937893E-03	6.00896378E-04
2.32454791E+00	3.71968718E+00	5.25687714E-03	5.92446539E-04
2.82963402E+00	3.34702394E+00	5.25437861E-03	5.84007646E-04
3.27598191E+00	2.90640501E+00	5.25188332E-03	5.75579640E-04
3.65454343E+00	2.40696009E+00	5.24939124E-03	5.67162459E-04
3.95767275E+00	1.85900917E+00	5.24690236E-03	5.58756043E-04
4.17928079E+00	1.27384937E+00	5.24441667E-03	5.50360333E-04
4.31495737E+00	6.63522028E-01	5.24193414E-03	5.41975267E-04
4.36205898E+00	4.05649833E-02	5.23945476E-03	5.33600787E-04
4.31976010E+00	-5.82244984E-01	5.23697850E-03	5.25236833E-04
4.18906724E+00	-1.19215416E+00	5.23450536E-03	5.16883346E-04
3.97279549E+00	-1.77669302E+00	5.23203531E-03	5.08540267E-04
3.67550798E+00	-2.32393115E+00	5.22956834E-03	5.00207538E-04
3.30341976E+00	-2.82272073E+00	5.22710443E-03	4.91885100E-04
2.86426789E+00	-3.26292354E+00	5.22464356E-03	4.83572895E-04
2.36715059E+00	-3.63561704E+00	5.22218572E-03	4.75270865E-04
1.82233888E+00	-3.93327514E+00	5.21973088E-03	4.66978952E-04
1.24106428E+00	-4.14992014E+00	5.21727903E-03	4.58697099E-04
6.35287433E-01	-4.28124273E+00	5.21483016E-03	4.50425249E-04
1.74519233E-02	-4.32468760E+00	5.21238425E-03	4.42163345E-04
-5.99771236E-01	-4.27950300E+00	5.20994127E-03	4.33911330E-04
-1.20374346E+00	-4.14675335E+00	5.20750122E-03	4.25669147E-04
-1.78211737E+00	-3.92929453E+00	5.20506407E-03	4.17436741E-04
-2.32308916E+00	-3.63171265E+00	5.20262982E-03	4.09214054E-04
-2.81563946E+00	-3.26022735E+00	5.20019844E-03	4.01001033E-04
-3.24975780E+00	-2.82256195E+00	5.19776991E-03	3.92797619E-04
-3.61664598E+00	-2.32778286E+00	5.19534423E-03	3.84603760E-04
-3.90889636E+00	-1.78611185E+00	5.19292137E-03	3.76419398E-04
-4.12064137E+00	-1.20871489E+00	5.19050132E-03	3.68244480E-04
-4.24767123E+00	-6.07472045E-01	5.18808406E-03	3.60078950E-04
-4.28751759E+00	5.26697298E-03	5.18566957E-03	3.51922754E-04
-4.23950130E+00	6.16936400E-01	5.18325784E-03	3.43775838E-04
-4.10474355E+00	1.21501210E+00	5.18084886E-03	3.35638147E-04
-3.88614007E+00	1.78726798E+00	5.17844260E-03	3.27509628E-04
-3.58829904E+00	2.32202586E+00	5.17603906E-03	3.19390227E-04
-3.21744404E+00	2.80839379E+00	5.17363821E-03	3.11279890E-04
-2.78128406E+00	3.23648784E+00	5.17124004E-03	3.03178565E-04
-2.28885332E+00	3.59763292E+00	5.16884453E-03	2.95086197E-04
-1.75032417E+00	3.88453858E+00	5.16645167E-03	2.87002735E-04
-1.17679701E+00	4.09144605E+00	5.16406145E-03	2.78928126E-04
-5.80071505E-01	4.21424382E+00	5.16167384E-03	2.70862316E-04
2.75961525E-02	4.25054927E+00	5.15928883E-03	2.62805255E-04
6.33744921E-01	4.19975466E+00	5.15690641E-03	2.54756889E-04
1.22596443E+00	4.06303690E+00	5.15452656E-03	2.46717167E-04
1.79214901E+00	3.84333055E+00	5.15214926E-03	2.38686038E-04
2.32074518E+00	3.54526504E+00	5.14977451E-03	2.30663449E-04
2.80098729E+00	3.17506716E+00	5.14740228E-03	2.22649349E-04
3.22311680E+00	2.74043106E+00	5.14503255E-03	2.14643688E-04
3.57858053E+00	2.25035841E+00	5.14266533E-03	2.06646413E-04
3.86020390E+00	1.71497195E+00	5.14030058E-03	1.98657476E-04
4.06233570E+00	1.14530649E+00	5.13793830E-03	1.90676824E-04
4.18096143E+00	5.53081488E-01	5.13557846E-03	1.82704408E-04
4.21378294E+00	-4.95400255E-02	5.13322106E-03	1.74740178E-04
4.16026277E+00	-6.50201202E-01	5.13086608E-03	1.66784082E-04
4.02163243E+00	-1.23660473E+00	5.12851351E-03	1.58836073E-04
3.80086440E+00	-1.79676459E+00	5.12616332E-03	1.50896099E-04
3.50260849E+00	-2.31925095E+00	5.12381551E-03	1.42964111E-04
3.13309404E+00	-2.79342345E+00	5.12147006E-03	1.35040061E-04
2.69999983E+00	-3.20964778E+00	5.11912696E-03	1.27123898E-04
2.21229460E+00	-3.55949140E+00	5.11678619E-03	1.19215575E-04
1.68005131E+00	-3.83589440E+00	5.11444773E-03	1.11315041E-04
1.11423920E+00	-4.03331184E+00	5.11211158E-03	1.03422250E-04
5.26497700E-01	-4.14782495E+00	5.10977772E-03	9.55371507E-05
-7.11029659E-02	-4.17721887E+00	5.10744613E-03	8.76596966E-05
-6.66309608E-01	-4.12102525E+00	5.10511680E-03	7.97898390E-05
-1.24693730E+00	-3.98052917E+00	5.10278972E-03	7.19275302E-05
-1.80111878E+00	-3.75874004E+00	5.10046487E-03	6.40727221E-05
-2.31754700E+00	-3.46032727E+00	5.09814223E-03	5.62253673E-05
-2.78570575E+00	-3.09152203E+00	5.09582180E-03	4.83854182E-05
-3.19608381E+00	-2.65998724E+00	5.09350356E-03	4.05528274E-05
-3.54036811E+00	-2.17465835E+00	5.09118749E-03	3.27275479E-05
-3.81161211E+00	-1.64555841E+00	5.08887359E-03	2.49095327E-05
-4.00437591E+00	-1.08359105E+00	5.08656183E-03	1.70987348E-05
-4.11483525E+00	-5.00315879E-01	5.08425220E-03	9.29510757E-06
-4.14085731E+00	9.22893112E-02	5.08194470E-03	1.49860446E-06
-4.08204174E+00	6.82074462E-01	5.07963930E-03	-6.29082093E-06
-3.93972614E+00	1.25696634E+00	5.07733599E-03	-1.40732148E-05
-3.71695590E+00	1.80521563E+00	5.07503476E-03	-2.18486233E-05
-3.41841922E+00	2.31563708E+00	5.07273560E-03	-2.96170923E-05
-3.05034848E+00	2.77783759E+00	5.07043848E-03	-3.73786677E-05
-2.62039017E+00	3.18242790E+00	5.06814341E-03	-4.51333950E-05
-2.13744617E+00	3.52121317E+00	5.06585036E-03	-5.28813199E-05
-1.61148941E+00	3.78735904E+00	5.06355932E-03	-6.06224876E-05
-1.05335796E+00	3.97552936E+00	5.06127027E-03	-6.83569434E-05
-4.74531795E-01	4.08199314E+00	5.05898322E-03	-7.60847323E-05
1.13103363E-01	4.10469847E+00	5.05669813E-03	-8.38058994E-05
6.97500052E-01	4.04331184E+00	5.05441500E-03	-9.15204893E-05
1.26669604E+00	3.89922232E+00	5.05213381E-03	-9.92285469E-05
1.80905913E+00	3.67551040E+00	5.04985455E-03	-1.06930116E-04
2.31352491E+00	3.37688223E+00	5.04757722E-03	-1.14625242E-04
2.76982237E+00	3.00957073E+00	5.04530178E-03	-1.22313969E-04
3.16868300E+00	2.58120554E+00	5.04302824E-03	-1.29996341E-04
3.50202908E+00	2.10065457E+00	5.04075658E-03	-1.37672401E-04
3.76313714E+00	1.57784051E+00	5.03848678E-03	-1.45342194E-04
3.94677357E+00	1.02353589E+00	5.03621884E-03	-1.53005764E-04
4.04929945E+00	4.49141253E-01	5.03395273E-03	-1.60663153E-04
4.06874255E+00	-1.33549387E-01	5.03168845E-03	-1.68314406E-04
4.00483513E+00	-7.12590622E-01	5.02942599E-03	-1.75959566E-04
3.85901670E+00	-1.27613053E+00	5.02716532E-03	-1.83598676E-04
3.63440192E+00	-1.81265324E+00	5.02490645E-03	-1.91231779E-04
3.33571413E+00	-2.31121419E+00	5.02264935E-03	-1.98858918E-04
2.96918615E+00	-2.76166340E+00	5.02039401E-03	-2.06480136E-04
2.54243024E+00	-3.15485205E+00	5.01814042E-03	-2.14095475E-04
2.06428008E+00	-3.48281828E+00	5.01588858E-03	-2.21704979E-04
1.54460792E+00	-3.73894833E+00	5.01363845E-03	-2.29308689E-04
9.94120833E-01	-3.91810991E+00	5.01139004E-03	-2.36906649E-04
4.24140086E-01	-4.01675494E+00	5.00914333E-03	-2.44498900E-04
-1.53631612E-01	-4.03298973E+00	5.00689830E-03	-2.52085484E-04
-7.27350382E-01	-3.96661118E+00	5.00465495E-03	-2.59666443E-04
-1.28527393E+00	-3.81910826E+00	5.00241327E-03	-2.67241820E-04
-1.81600184E+00	-3.59362887E+00	5.00017323E-03	-2.74811656E-04
-2.30870853E+00	-3.29491279E+00	4.99793483E-03	-2.82375993E-04
-2.75336398E+00	-2.92919209E+00	4.99569806E-03	-2.89934872E-04
-3.14093791E+00	-2.50406120E+00	4.99346290E-03	-2.97488335E-04
-3.46358317E+00	-2.02831924E+00	4.99122934E-03	-3.05036423E-04
-3.71479451E+00	-1.51178790E+00	4.98899737E-03	-3.12579177E-04
-3.88953971E+00	-9.65108793E-01	4.98676697E-03	-3.20116638E-04
-3.98436036E+00	-3.99524162E-01	4.98453814E-03	-3.27648848E-04
-3.99744016E+00	1.73354234E-01	4.98231086E-03	-3.35175847E-04
-3.92863955E+00	7.41783500E-01	4.98008513E-03	-3.42697677E-04
-3.77949595E+00	1.29413028E+00	4.97786092E-03	-3.50214377E-04
-3.55318965E+00	1.81910883E+00	4.97563822E-03	-3.57725988E-04
-3.25447607E+00	2.30601154E+00	4.97341703E-03	-3.65232552E-04
-2.88958593E+00	2.74492735E+00	4.97119734E-03	-3.72734107E-04
-2.46609536E+00	3.12694343E+00	4.96897912E-03	-3.80230695E-04
-1.99276861E+00	3.44432613E+00	4.96676237E-03	-3.87722356E-04
-1.47937670E+00	3.69067752E+00	4.96454708E-03	-3.95209130E-04
-9.36495812E-01	3.86106427E+00	4.96233323E-03	-4.02691056E-04
-3.75289378E-01	3.95211643E+00	4.96012081E-03	-4.10168175E-04
1.92721411E-01	3.96209395E+00	4.95790982E-03	-4.17640526E-04
7.55894108E-01	3.89091975E+00	4.95570023E-03	-4.25108149E-04
1.30270361E+00	3.74017872E+00	4.95349205E-03	-4.32571085E-04
1.82197801E+00	3.51308263E+00	4.95128524E-03	-4.40029371E-04
2.30312676E+00	3.21440182E+00	4.94907982E-03	-4.47483048E-04
2.73635673E+00	2.85036505E+00	4.94687575E-03	-4.54932155E-04
3.11287140E+00	2.42852966E+00	4.94467303E-03	-4.62376731E-04
3.42504949E+00	1.95762477E+00	4.94247166E-03	-4.69816815E-04
3.66659918E+00	1.44737061E+00	4.94027161E-03	-4.77252447E-04
3.83268485E+00	9.08277958E-01	4.93807288E-03	-4.84683664E-04
3.92002384E+00	3.51431664E-01	4.93587545E-03	-4.92110508E-04
3.92695121E+00	-2.11737267E-01	4.93367932E-03	-4.99533015E-04
3.85345130E+00	-7.69686298E-01	4.93148446E-03	-5.06951224E-04
3.70115550E+00	-1.31099790E+00	4.92929088E-03	-5.14365175E-04
3.47330620E+00	-1.82461317E+00	4.92709855E-03	-5.21774906E-04
3.17468790E+00	-2.30005772E+00	4.92490748E-03	-5.29180455E-04
2.81152681E+00	-2.72765528E+00	4.92271764E-03	-5.36581861E-04
2.39136106E+00	-3.09872457E+00	4.92052902E-03	-5.43979161E-04
1.92288433E+00	-3.40575553E+00	4.91834162E-03	-5.51372395E-04
1.41576593E+00	-3.64256127E+00	4.91615541E-03	-5.58761599E-04
8.80451324E-01	-3.80440270E+00	4.91397040E-03	-5.66146813E-04
3.27946983E-01	-3.88808326E+00	4.91178657E-03	-5.73528074E-04
-2.30405890E-01	-3.89201202E+00	4.90960391E-03	-5.80905421E-04
-7.83164125E-01	-3.81623371E+00	4.90742240E-03	-5.88278890E-04
-1.31901708E+00	-3.66242522E+00	4.90524204E-03	-5.95648519E-04
-1.82701805E+00	-3.43385872E+00	4.90306282E-03	-6.03014347E-04
-2.29680786E+00	-3.13533217E+00	4.90088472E-03	-6.10376411E-04
-2.71882611E+00	-2.77306860E+00	4.89870773E-03	-6.17734748E-04
-3.08450566E+00	-2.35458653E+00	4.89653184E-03	-6.25089396E-04
-3.38644651E+00	-1.88854389E+00	4.89435704E-03	-6.32440392E-04
-3.61856554E+00	-1.38455900E+00	4.89218332E-03	-6.39787774E-04
-3.77621900E+00	-8.53012034E-01	4.89001067E-03	-6.47131578E-04
-3.85629531E+00	-3.04831327E-01	4.88783908E-03	-6.54471842E-04
-3.85727644E+00	2.48731335E-01	4.88566853E-03	-6.61808603E-04
-3.77926644E+00	7.96331607E-01	4.88349902E-03	-6.69141898E-04
-3.62398678E+00	1.32676505E+00	4.88133053E-03	-6.76471763E-04
-3.39473858E+00	1.82919635E+00	4.87916306E-03	-6.83798236E-04
-3.09633248E+00	2.29338063E+00	4.87699659E-03	-6.91121354E-04
-2.73498782E+00	2.70987233E+00	4.87483111E-03	-6.98441153E-04
-2.31820304E+00	3.07021735E+00	4.87266661E-03	-7.05757670E-04
-1.85460009E+00	3.36712465E+00	4.87050308E-03	-7.13070942E-04
-1.35374616E+00	3.59461371E+00	4.86834051E-03	-7.20381005E-04
-8.25956236E-01	3.74813494E+00	4.86617889E-03	-7.27687895E-04
-2.82080719E-01	3.82466062E+00	4.86401820E-03	-7.34991649E-04
2.66717621E-01	3.82274451E+00	4.86185845E-03	-7.42292304E-04
8.09192725E-01	3.74254897E+00	4.85969960E-03	-7.49589895E-04
1.33424567E+00	3.58583910E+00	4.85754167E-03	-7.56884460E-04
1.83115173E+00	3.35594411E+00	4.85538463E-03	-7.64176033E-04
2.28977940E+00	3.05768669E+00	4.85322847E-03	-7.71464652E-04
2.70079696E+00	2.69728187E+00	4.85107318E-03	-7.78750352E-04
3.05586228E+00	2.28220759E+00	4.84891876E-03	-7.86033170E-04
3.34779213E+00	1.82104958E+00	4.84676519E-03	-7.93313141E-04
3.57070744E+00	1.32332380E+00	4.84461246E-03	-8.00590301E-04
3.72015165E+00	7.99280106E-01	4.84246056E-03	-8.07864686E-04
3.79317977E+00	2.59691215E-01	4.84030948E-03	-8.15136332E-04
3.78841625E+00	-2.84368733E-01	4.83815921E-03	-8.22405275E-04
3.70608073E+00	-8.21751421E-01	4.83600974E-03	-8.29671550E-04
3.54798105E+00	-1.34146277E+00	4.83386106E-03	-8.36935194E-04
3.31747370E+00	-1.83288782E+00	4.83171315E-03	-8.44196240E-04
3.01939267E+00	-2.28600753E+00	4.82956602E-03	-8.51454726E-04
2.65994815E+00	-2.69160302E+00	4.82741964E-03	-8.58710687E-04
2.24659719E+00	-3.04144305E+00	4.82527400E-03	-8.65964158E-04
1.78788903E+00	-3.32845109E+00	4.82312910E-03	-8.73215174E-04
1.29328831E+00	-3.54684838E+00	4.82098493E-03	-8.80463771E-04
7.72979846E-01	-3.69227026E+00	4.81884147E-03	-8.87709984E-04
2.37658900E-01	-3.76185331E+00	4.81669871E-03	-8.94953849E-04
-3.01688622E-01	-3.75429163E+00	4.81455665E-03	-9.02195400E-04
-8.34011602E-01	-3.66986116E+00	4.81241527E-03	-9.09434673E-04
-1.34842012E+00	-3.51041152E+00	4.81027457E-03	-9.16671704E-04
-1.83440819E+00	-3.27932568E+00	4.80813453E-03	-9.23906526E-04
-2.28206832E+00	-2.98144827E+00	4.80599514E-03	-9.31139175E-04
-2.68229346E+00	-2.62298408E+00	4.80385639E-03	-9.38369686E-04
-3.02696222E+00	-2.21136885E+00	4.80171827E-03	-9.45598094E-04
-3.30910364E+00	-1.75511511E+00	4.79958078E-03	-9.52824434E-04
-3.52303815E+00	-1.26363611E+00	4.79744389E-03	-9.60048741E-04
-3.66449184E+00	-7.47051687E-01	4.79530761E-03	-9.67271050E-04
-3.73068178E+00	-2.15979893E-01	4.79317192E-03	-9.74491395E-04
-3.72037065E+00	3.18681203E-01	4.79103681E-03	-9.81709811E-04
-3.63388968E+00	8.45977137E-01	4.78890226E-03	-9.88926334E-04
-3.47312938E+00	1.35512146E+00	4.78676828E-03	-9.96140997E-04
-3.24149841E+00	1.83571638E+00	4.78463484E-03	-1.00335383E-03
-2.94385135E+00	2.27796503E+00	4.78250195E-03	-1.01056488E-03
-2.58638706E+00	2.67287121E+00	4.78036958E-03	-1.01777418E-03
-2.17651961E+00	3.01242231E+00	4.77823773E-03	-1.02498175E-03
-1.72272454E+00	3.28975185E+00	4.77610639E-03	-1.03218763E-03
-1.23436365E+00	3.49927833E+00	4.77397555E-03	-1.03939187E-03
