jMRUI Data Textfile

Filename: /Users/kayigwe/Desktop/TE26_BASISSET/converter/sample_basis_sets/JMRUI/CrNo391.txt

PointsInDataset: 2048
DatasetsInFile: 1
SamplingInterval: 2.500000E-01
ZeroOrderPhase: 0.000000E+00
BeginTime: 0.000000E+00
TransmitterFrequency: 1.232618E+08
MagneticField: 2.895033E+00
TypeOfNucleus: 0.000000E+00
NameOfPatient: CrNo391
DateOfExperiment: 20260523
Spectrometer: Unknown
AdditionalInfo: Converted by basis_set_converter


Signal and FFT
sig(real)	sig(imag)	fft(real)	fft(imag)
Signal 1 out of 1 in file
3.66072944E+01	-3.92714624E+00	9.86024053E-03	2.51531371E-04
3.44027834E+01	-9.52820529E+00	9.85906940E-03	2.35821419E-04
2.84379291E+01	-1.42690860E+01	9.85789773E-03	2.20116128E-04
1.93626077E+01	-1.78308732E+01	9.85672550E-03	2.04415417E-04
8.17976978E+00	-1.99770900E+01	9.85555272E-03	1.88719207E-04
-3.86959405E+00	-2.05604671E+01	9.85437937E-03	1.73027418E-04
-1.54495096E+01	-1.95283429E+01	9.85320546E-03	1.57339971E-04
-2.52829058E+01	-1.69274682E+01	9.85203097E-03	1.41656786E-04
-3.22978538E+01	-1.29077627E+01	9.85085591E-03	1.25977784E-04
-3.57487039E+01	-7.72338857E+00	9.84968025E-03	1.10302884E-04
-3.52978659E+01	-1.72867721E+00	9.84850400E-03	9.46320092E-05
-3.10489239E+01	4.63379113E+00	9.84732716E-03	7.89650785E-05
-2.35278297E+01	1.08551659E+01	9.84614970E-03	6.33020135E-05
-1.36152888E+01	1.63933685E+01	9.84497164E-03	4.76427349E-05
-2.43933261E+00	2.07164323E+01	9.84379295E-03	3.19871638E-05
8.75828125E+00	2.33533142E+01	9.84261364E-03	1.63352213E-05
1.87653486E+01	2.39473634E+01	9.84143370E-03	6.86828545E-07
2.65349535E+01	2.23060916E+01	9.84025313E-03	-1.49580933E-05
3.12978584E+01	1.84401453E+01	9.83907191E-03	-3.05996230E-05
3.26390901E+01	1.25846585E+01	9.83789003E-03	-4.62378391E-05
3.05310404E+01	5.19756399E+00	9.83670751E-03	-6.18728203E-05
2.53209496E+01	-3.06813909E+00	9.83552432E-03	-7.75046451E-05
1.76762440E+01	-1.14179755E+01	9.83434046E-03	-9.31333920E-05
8.49611868E+00	-1.89917174E+01	9.83315592E-03	-1.08759139E-04
-1.19858110E+00	-2.49541141E+01	9.83197071E-03	-1.24381966E-04
-1.03831568E+01	-2.85907602E+01	9.83078480E-03	-1.40001949E-04
-1.81403796E+01	-2.93976054E+01	9.82959820E-03	-1.55619168E-04
-2.37528349E+01	-2.71524219E+01	9.82841090E-03	-1.71233700E-04
-2.67668872E+01	-2.19579392E+01	9.82722289E-03	-1.86845625E-04
-2.70229403E+01	-1.42492426E+01	9.82603417E-03	-2.02455019E-04
-2.46511249E+01	-4.76211848E+00	9.82484473E-03	-2.18061961E-04
-2.00357770E+01	5.53617679E+00	9.82365456E-03	-2.33666529E-04
-1.37555377E+01	1.55473560E+01	9.82246365E-03	-2.49268801E-04
-6.50821072E+00	2.41630569E+01	9.82127201E-03	-2.64868855E-04
9.69559636E-01	3.03924715E+01	9.82007962E-03	-2.80466769E-04
7.97817993E+00	3.34813077E+01	9.81888647E-03	-2.96062621E-04
1.39186078E+01	3.30071719E+01	9.81769257E-03	-3.11656488E-04
1.83380053E+01	2.89388325E+01	9.81649790E-03	-3.27248448E-04
2.09550124E+01	2.16508997E+01	9.81530245E-03	-3.42838580E-04
2.16649888E+01	1.18907553E+01	9.81410623E-03	-3.58426960E-04
2.05280044E+01	7.00431883E-01	9.81290922E-03	-3.74013667E-04
1.77440282E+01	-1.06981794E+01	9.81171141E-03	-3.89598777E-04
1.36205193E+01	-2.10416630E+01	9.81051281E-03	-4.05182370E-04
8.53745976E+00	-2.91706392E+01	9.80931340E-03	-4.20764522E-04
2.91393885E+00	-3.41650586E+01	9.80811318E-03	-4.36345311E-04
-2.82103107E+00	-3.54527544E+01	9.80691213E-03	-4.51924814E-04
-8.25238795E+00	-3.28778837E+01	9.80571026E-03	-4.67503110E-04
-1.29979443E+01	-2.67207117E+01	9.80450756E-03	-4.83080275E-04
-1.67237272E+01	-1.76661245E+01	9.80330401E-03	-4.98656387E-04
-1.91574933E+01	-6.72454444E+00	9.80209962E-03	-5.14231524E-04
-2.01019165E+01	4.88523616E+00	9.80089438E-03	-5.29805763E-04
-1.94481236E+01	1.58771392E+01	9.79968827E-03	-5.45379181E-04
-1.71890779E+01	2.50457778E+01	9.79848129E-03	-5.60951857E-04
-1.34310635E+01	3.14035783E+01	9.79727345E-03	-5.76523867E-04
-8.40051633E+00	3.42907987E+01	9.79606472E-03	-5.92095289E-04
-2.44295879E+00	3.34457012E+01	9.79485510E-03	-6.07666200E-04
3.98899980E+00	2.90271800E+01	9.79364458E-03	-6.23236678E-04
1.03606573E+01	2.15880681E+01	9.79243317E-03	-6.38806800E-04
1.60936158E+01	1.20033745E+01	9.79122084E-03	-6.54376644E-04
2.06158724E+01	1.36307557E+00	9.79000760E-03	-6.69946287E-04
2.34196448E+01	-9.15687147E+00	9.78879344E-03	-6.85515807E-04
2.41209724E+01	-1.84293836E+01	9.78757834E-03	-7.01085280E-04
2.25137654E+01	-2.55008713E+01	9.78636231E-03	-7.16654785E-04
1.86105462E+01	-2.96913215E+01	9.78514533E-03	-7.32224398E-04
1.26628289E+01	-3.06590606E+01	9.78392740E-03	-7.47794198E-04
5.15592631E+00	-2.84241284E+01	9.78270852E-03	-7.63364261E-04
-3.22418738E+00	-2.33494628E+01	9.78148866E-03	-7.78934666E-04
-1.16508432E+01	-1.60842199E+01	9.78026784E-03	-7.94505489E-04
-1.92386547E+01	-7.47789319E+00	9.77904603E-03	-8.10076808E-04
-2.51393103E+01	1.52307994E+00	9.77782324E-03	-8.25648701E-04
-2.86404329E+01	9.98313142E+00	9.77659945E-03	-8.41221246E-04
-2.92554665E+01	1.70770232E+01	9.77537466E-03	-8.56794519E-04
-2.67927860E+01	2.21700746E+01	9.77414886E-03	-8.72368598E-04
-2.13940688E+01	2.48714021E+01	9.77292205E-03	-8.87943561E-04
-1.35352538E+01	2.50562825E+01	9.77169421E-03	-9.03519486E-04
-3.98779316E+00	2.28578051E+01	9.77046534E-03	-9.19096450E-04
6.25717443E+00	1.86316592E+01	9.76923544E-03	-9.34674531E-04
1.60942556E+01	1.29007700E+01	9.76800448E-03	-9.50253806E-04
2.44272669E+01	6.28821541E+00	9.76677248E-03	-9.65834354E-04
3.02963759E+01	-5.52685081E-01	9.76553941E-03	-9.81416252E-04
3.29935255E+01	-7.00297906E+00	9.76430528E-03	-9.96999577E-04
3.21516515E+01	-1.25309911E+01	9.76307007E-03	-1.01258441E-03
2.77960017E+01	-1.67295131E+01	9.76183378E-03	-1.02817082E-03
2.03502466E+01	-1.93358451E+01	9.76059639E-03	-1.04375890E-03
1.05955038E+01	-2.02356586E+01	9.75935791E-03	-1.05934872E-03
-4.13789449E-01	-1.94535296E+01	9.75811833E-03	-1.07494035E-03
-1.14677912E+01	-1.71341054E+01	9.75687763E-03	-1.09053388E-03
-2.13392379E+01	-1.35181526E+01	9.75563581E-03	-1.10612938E-03
-2.89250958E+01	-8.91724883E+00	9.75439286E-03	-1.12172693E-03
-3.33748256E+01	-3.68981913E+00	9.75314878E-03	-1.13732662E-03
-3.41897004E+01	1.78013276E+00	9.75190355E-03	-1.15292851E-03
-3.12810716E+01	7.10158579E+00	9.75065717E-03	-1.16853269E-03
-2.49804758E+01	1.18933683E+01	9.74940963E-03	-1.18413923E-03
-1.60003755E+01	1.58008510E+01	9.74816093E-03	-1.19974821E-03
-5.35037475E+00	1.85138757E+01	9.74691105E-03	-1.21535972E-03
5.78081849E+00	1.97866321E+01	9.74565999E-03	-1.23097383E-03
1.61632952E+01	1.94590608E+01	9.74440774E-03	-1.24659061E-03
2.46670359E+01	1.74780532E+01	9.74315429E-03	-1.26221015E-03
3.03893220E+01	1.39155198E+01	9.74189964E-03	-1.27783253E-03
3.27535171E+01	8.97962722E+00	9.74064377E-03	-1.29345783E-03
3.15680082E+01	3.01537381E+00	9.73938667E-03	-1.30908611E-03
2.70391691E+01	-3.50866662E+00	9.73812835E-03	-1.32471747E-03
1.97379264E+01	-1.00291773E+01	9.73686880E-03	-1.34035198E-03
1.05251512E+01	-1.59322005E+01	9.73560799E-03	-1.35598972E-03
4.45934239E-01	-2.06098116E+01	9.73434593E-03	-1.37163077E-03
-9.39374601E+00	-2.35243031E+01	9.73308261E-03	-1.38727521E-03
-1.79527972E+01	-2.42728773E+01	9.73181802E-03	-1.40292311E-03
-2.43683416E+01	-2.26447045E+01	9.73055215E-03	-1.41857456E-03
-2.80438317E+01	-1.86621254E+01	9.72928500E-03	-1.43422964E-03
-2.87027962E+01	-1.25989024E+01	9.72801655E-03	-1.44988843E-03
-2.64036468E+01	-4.97069236E+00	9.72674679E-03	-1.46555100E-03
-2.15159069E+01	3.50388726E+00	9.72547573E-03	-1.48121743E-03
-1.46628484E+01	1.19694947E+01	9.72420335E-03	-1.49688782E-03
-6.63927070E+00	1.95217172E+01	9.72292964E-03	-1.51256222E-03
1.68441371E+00	2.53069660E+01	9.72165459E-03	-1.52824073E-03
9.45974373E+00	2.86231326E+01	9.72037820E-03	-1.54392342E-03
1.59480683E+01	2.90086041E+01	9.71910046E-03	-1.55961038E-03
2.05894103E+01	2.63079015E+01	9.71782135E-03	-1.57530169E-03
2.30461196E+01	2.07044730E+01	9.71654087E-03	-1.59099742E-03
2.32187001E+01	1.27148200E+01	9.71525902E-03	-1.60669765E-03
2.12348105E+01	3.14273455E+00	9.71397578E-03	-1.62240247E-03
1.74155703E+01	-7.00258215E+00	9.71269114E-03	-1.63811196E-03
1.22255894E+01	-1.66160299E+01	9.71140510E-03	-1.65382620E-03
6.21432586E+00	-2.46214337E+01	9.71011765E-03	-1.66954526E-03
-4.35665139E-02	-3.00969905E+01	9.70882878E-03	-1.68526924E-03
-6.00222493E+00	-3.23860727E+01	9.70753847E-03	-1.70099820E-03
-1.11879750E+01	-3.11794867E+01	9.70624673E-03	-1.71673223E-03
-1.52293950E+01	-2.65584628E+01	9.70495354E-03	-1.73247142E-03
-1.78735278E+01	-1.89922763E+01	9.70365890E-03	-1.74821584E-03
-1.89896336E+01	-9.28990102E+00	9.70236278E-03	-1.76396558E-03
-1.85632147E+01	1.48922069E+00	9.70106520E-03	-1.77972071E-03
-1.66836564E+01	1.21550747E+01	9.69976613E-03	-1.79548132E-03
-1.35287027E+01	2.15235075E+01	9.69846557E-03	-1.81124750E-03
-9.34826091E+00	2.85528887E+01	9.69716351E-03	-1.82701931E-03
-4.44890878E+00	3.24645535E+01	9.69585994E-03	-1.84279685E-03
8.20734160E-01	3.28324996E+01	9.69455485E-03	-1.85858020E-03
6.08463635E+00	2.96315596E+01	9.69324823E-03	-1.87436943E-03
1.09554506E+01	2.32383706E+01	9.69194007E-03	-1.89016464E-03
1.50535685E+01	1.43852606E+01	9.69063037E-03	-1.90596590E-03
1.80300489E+01	4.07292539E+00	9.68931912E-03	-1.92177330E-03
1.95932661E+01	-6.54725224E+00	9.68800629E-03	-1.93758692E-03
1.95377521E+01	-1.63068118E+01	9.68669190E-03	-1.95340684E-03
1.77723387E+01	-2.41535922E+01	9.68537592E-03	-1.96923315E-03
1.43436259E+01	-2.92690172E+01	9.68405835E-03	-1.98506593E-03
9.45029956E+00	-3.11557010E+01	9.68273917E-03	-2.00090526E-03
3.44408268E+00	-2.96856935E+01	9.68141839E-03	-2.01675123E-03
-3.18580454E+00	-2.51047095E+01	9.68009598E-03	-2.03260391E-03
-9.84595391E+00	-1.79931464E+01	9.67877195E-03	-2.04846340E-03
-1.58887382E+01	-9.18990736E+00	9.67744627E-03	-2.06432978E-03
-2.06752358E+01	3.10664722E-01	9.67611894E-03	-2.08020313E-03
-2.36449997E+01	9.47557012E+00	9.67478996E-03	-2.09608354E-03
-2.43847483E+01	1.73493622E+01	9.67345930E-03	-2.11197109E-03
-2.26871819E+01	2.31561928E+01	9.67212697E-03	-2.12786586E-03
-1.85914263E+01	2.63764583E+01	9.67079295E-03	-2.14376795E-03
-1.23981456E+01	2.67904494E+01	9.66945723E-03	-2.15967743E-03
-4.65502804E+00	2.44858019E+01	9.66811980E-03	-2.17559439E-03
3.88814581E+00	1.98300942E+01	9.66678066E-03	-2.19151892E-03
1.23517366E+01	1.34140471E+01	9.66543979E-03	-2.20745109E-03
1.98188737E+01	5.97394795E+00	9.66409718E-03	-2.22339101E-03
2.54384293E+01	-1.69620759E+00	9.66275282E-03	-2.23933875E-03
2.85262872E+01	-8.83194618E+00	9.66140670E-03	-2.25529440E-03
2.86523166E+01	-1.47749982E+01	9.66005882E-03	-2.27125804E-03
2.57015600E+01	-1.90316714E+01	9.65870916E-03	-2.28722977E-03
1.99008080E+01	-2.13081139E+01	9.65735771E-03	-2.30320966E-03
1.18056809E+01	-2.15209547E+01	9.65600446E-03	-2.31919781E-03
2.24810316E+00	-1.97849578E+01	9.65464941E-03	-2.33519430E-03
-7.75096570E+00	-1.63819203E+01	9.65329253E-03	-2.35119921E-03
-1.70941347E+01	-1.17167793E+01	9.65193383E-03	-2.36721265E-03
-2.47326171E+01	-6.26760939E+00	9.65057329E-03	-2.38323469E-03
-2.97888441E+01	-5.35910154E-01	9.64921089E-03	-2.39926542E-03
-3.16616931E+01	4.99754750E+00	9.64784664E-03	-2.41530493E-03
-3.01011600E+01	9.90774985E+00	9.64648051E-03	-2.43135330E-03
-2.52428158E+01	1.38497131E+01	9.64511251E-03	-2.44741064E-03
-1.75971882E+01	1.65721978E+01	9.64374261E-03	-2.46347701E-03
-7.99470900E+00	1.79224880E+01	9.64237080E-03	-2.47955252E-03
2.50763767E+00	1.78446881E+01	9.64099709E-03	-2.49563725E-03
1.27470471E+01	1.63741471E+01	9.63962145E-03	-2.51173129E-03
2.15886362E+01	1.36301634E+01	9.63824387E-03	-2.52783473E-03
2.80561580E+01	9.80822208E+00	9.63686435E-03	-2.54394767E-03
3.14439905E+01	5.17191443E+00	9.63548287E-03	-2.56007018E-03
3.13970046E+01	4.36688003E-02	9.63409942E-03	-2.57620236E-03
2.79488943E+01	-5.20726547E+00	9.63271400E-03	-2.59234429E-03
2.15146824E+01	-1.01813077E+01	9.63132658E-03	-2.60849608E-03
1.28387516E+01	-1.44708035E+01	9.62993716E-03	-2.62465781E-03
2.90515609E+00	-1.76883557E+01	9.62854573E-03	-2.64082957E-03
-7.17852809E+00	-1.95001506E+01	9.62715228E-03	-2.65701146E-03
-1.63095208E+01	-1.96616707E+01	9.62575679E-03	-2.67320355E-03
-2.35148315E+01	-1.80518220E+01	9.62435925E-03	-2.68940595E-03
-2.80581795E+01	-1.47005987E+01	9.62295965E-03	-2.70561875E-03
-2.95166549E+01	-9.80521233E+00	9.62155799E-03	-2.72184204E-03
-2.78189409E+01	-3.73026685E+00	9.62015425E-03	-2.73807591E-03
-2.32418221E+01	3.01093082E+00	9.61874841E-03	-2.75432045E-03
-1.63668671E+01	9.79461286E+00	9.61734047E-03	-2.77057576E-03
-8.00391170E+00	1.59423717E+01	9.61593041E-03	-2.78684193E-03
9.08283103E-01	2.07898566E+01	9.61451823E-03	-2.80311906E-03
9.41152286E+00	2.37612621E+01	9.61310390E-03	-2.81940722E-03
1.66345192E+01	2.44408957E+01	9.61168743E-03	-2.83570653E-03
2.18838295E+01	2.26325445E+01	9.61026879E-03	-2.85201707E-03
2.47096723E+01	1.83980467E+01	9.60884798E-03	-2.86833895E-03
2.49404919E+01	1.20684097E+01	9.60742498E-03	-2.88467224E-03
2.26842886E+01	4.22383456E+00	9.60599978E-03	-2.90101705E-03
1.82988691E+01	-4.35723870E+00	9.60457237E-03	-2.91737347E-03
1.23367510E+01	-1.27759400E+01	9.60314273E-03	-2.93374161E-03
5.47306689E+00	-2.01097677E+01	9.60171087E-03	-2.95012154E-03
-1.57383454E+00	-2.55175857E+01	9.60027675E-03	-2.96651338E-03
-8.11937369E+00	-2.83403502E+01	9.59884037E-03	-2.98291721E-03
-1.35788135E+01	-2.81849698E+01	9.59740172E-03	-2.99933313E-03
-1.75161122E+01	-2.49802112E+01	9.59596078E-03	-3.01576124E-03
-1.96720271E+01	-1.89965877E+01	9.59451755E-03	-3.03220164E-03
-1.99708810E+01	-1.08263628E+01	9.59307201E-03	-3.04865442E-03
-1.85080772E+01	-1.32466122E+00	9.59162414E-03	-3.06511968E-03
-1.55225161E+01	8.48241256E+00	9.59017394E-03	-3.08159752E-03
-1.13592899E+01	1.75124445E+01	9.58872138E-03	-3.09808804E-03
-6.42834216E+00	2.47508336E+01	9.58726647E-03	-3.11459133E-03
-1.16422659E+00	2.93695238E+01	9.58580918E-03	-3.13110749E-03
4.00910531E+00	3.08258396E+01	9.58434951E-03	-3.14763663E-03
8.70614946E+00	2.89291159E+01	9.58288743E-03	-3.16417884E-03
1.25996374E+01	2.38665891E+01	9.58142294E-03	-3.18073423E-03
1.54329936E+01	1.61849427E+01	9.57995602E-03	-3.19730288E-03
1.70271356E+01	6.72932225E+00	9.57848666E-03	-3.21388491E-03
1.72836500E+01	-3.45310718E+00	9.57701485E-03	-3.23048041E-03
1.61861337E+01	-1.32335992E+01	9.57554057E-03	-3.24708948E-03
1.38007723E+01	-2.15318188E+01	9.57406381E-03	-3.26371224E-03
1.02762195E+01	-2.74397837E+01	9.57258455E-03	-3.28034876E-03
5.84182003E+00	-3.03249305E+01	9.57110279E-03	-3.29699917E-03
8.02436930E-01	-2.99001200E+01	9.56961851E-03	-3.31366355E-03
-4.47218542E+00	-2.62525281E+01	9.56813169E-03	-3.33034202E-03
-9.56533123E+00	-1.98284754E+01	9.56664232E-03	-3.34703468E-03
-1.40394469E+01	-1.13766547E+01	9.56515039E-03	-3.36374163E-03
-1.74700985E+01	-1.85724062E+00	9.56365588E-03	-3.38046297E-03
-1.94857234E+01	7.67162891E+00	9.56215878E-03	-3.39719881E-03
-1.98095264E+01	1.61760092E+01	9.56065907E-03	-3.41394925E-03
-1.82985751E+01	2.27622496E+01	9.55915675E-03	-3.43071439E-03
-1.49744655E+01	2.67734808E+01	9.55765179E-03	-3.44749435E-03
-1.00400662E+01	2.78557175E+01	9.55614418E-03	-3.46428922E-03
-3.87789462E+00	2.59868436E+01	9.55463391E-03	-3.48109912E-03
2.97242159E+00	2.14664777E+01	9.55312096E-03	-3.49792415E-03
9.85759994E+00	1.48695245E+01	9.55160532E-03	-3.51476441E-03
1.60721984E+01	6.97047950E+00	9.55008697E-03	-3.53162001E-03
2.09324812E+01	-1.35124763E+00	9.54856591E-03	-3.54849106E-03
2.38546923E+01	-9.21295025E+00	9.54704210E-03	-3.56537767E-03
2.44283764E+01	-1.58249578E+01	9.54551554E-03	-3.58227994E-03
2.24751529E+01	-2.05708041E+01	9.54398622E-03	-3.59919799E-03
1.80844216E+01	-2.30629719E+01	9.54245412E-03	-3.61613192E-03
1.16197891E+01	-2.31694481E+01	9.54091922E-03	-3.63308184E-03
3.69333284E+00	-2.10101715E+01	9.53938151E-03	-3.65004786E-03
-4.89123850E+00	-1.69261545E+01	9.53784097E-03	-3.66703009E-03
-1.32214172E+01	-1.14271168E+01	9.53629759E-03	-3.68402864E-03
-2.03759891E+01	-5.12554682E+00	9.53475135E-03	-3.70104362E-03
-2.55309833E+01	1.33400529E+00	9.53320224E-03	-3.71807514E-03
-2.80587605E+01	7.34191647E+00	9.53165023E-03	-3.73512332E-03
-2.76077980E+01	1.23796510E+01	9.53009533E-03	-3.75218827E-03
-2.41526347E+01	1.60601339E+01	9.52853750E-03	-3.76927009E-03
-1.80067763E+01	1.81499344E+01	9.52697673E-03	-3.78636891E-03
-9.79575024E+00	1.85734146E+01	9.52541301E-03	-3.80348483E-03
-3.92387528E-01	1.74011988E+01	9.52384633E-03	-3.82061796E-03
9.17881698E+00	1.48268794E+01	9.52227665E-03	-3.83776843E-03
1.78573948E+01	1.11366398E+01	9.52070398E-03	-3.85493635E-03
2.46690366E+01	6.67643432E+00	9.51912829E-03	-3.87212183E-03
2.88394952E+01	1.82061842E+00	9.51754956E-03	-3.88932499E-03
2.98863621E+01	-3.05529496E+00	9.51596778E-03	-3.90654593E-03
2.76773619E+01	-7.59649897E+00	9.51438293E-03	-3.92378479E-03
2.24478126E+01	-1.14854546E+01	9.51279500E-03	-3.94104168E-03
1.47748694E+01	-1.44542232E+01	9.51120397E-03	-3.95831670E-03
5.51146954E+00	-1.62941320E+01	9.50960982E-03	-3.97560999E-03
-4.31214808E+00	-1.68642640E+01	9.50801253E-03	-3.99292166E-03
-1.36074958E+01	-1.60996852E+01	9.50641209E-03	-4.01025182E-03
-2.13531209E+01	-1.40194019E+01	9.50480848E-03	-4.02760060E-03
-2.67110885E+01	-1.07330033E+01	9.50320168E-03	-4.04496812E-03
-2.91208235E+01	-6.44405468E+00	9.50159168E-03	-4.06235449E-03
-2.83593778E+01	-1.44779694E+00	9.49997845E-03	-4.07975984E-03
-2.45614235E+01	3.87924544E+00	9.49836198E-03	-4.09718429E-03
-1.81972821E+01	9.09947597E+00	9.49674226E-03	-4.11462796E-03
-1.00124323E+01	1.37447390E+01	9.49511926E-03	-4.13209097E-03
-9.36546571E-01	1.73559591E+01	9.49349297E-03	-4.14957344E-03
8.02638938E+00	1.95289235E+01	9.49186336E-03	-4.16707550E-03
1.59133389E+01	1.99615783E+01	9.49023042E-03	-4.18459726E-03
2.19090755E+01	1.84970388E+01	9.48859414E-03	-4.20213887E-03
2.54323302E+01	1.51560921E+01	9.48695448E-03	-4.21970043E-03
2.61918613E+01	1.01534508E+01	9.48531144E-03	-4.23728207E-03
2.42070838E+01	3.89344848E+00	9.48366500E-03	-4.25488393E-03
1.97924027E+01	-3.05688422E+00	9.48201514E-03	-4.27250612E-03
1.35088122E+01	-1.00165978E+01	9.48036183E-03	-4.29014877E-03
6.09009366E+00	-1.62576703E+01	9.47870506E-03	-4.30781201E-03
-1.64638699E+00	-2.10833357E+01	9.47704481E-03	-4.32549597E-03
-8.89299928E+00	-2.39091657E+01	9.47538106E-03	-4.34320077E-03
-1.49382017E+01	-2.43370399E+01	9.47371380E-03	-4.36092654E-03
-1.92364144E+01	-2.22122679E+01	9.47204299E-03	-4.37867342E-03
-2.14545521E+01	-1.76555666E+01	9.47036863E-03	-4.39644154E-03
-2.14916863E+01	-1.10642598E+01	9.46869069E-03	-4.41423101E-03
-1.94718271E+01	-3.08065041E+00	9.46700915E-03	-4.43204199E-03
-1.57130536E+01	5.47041777E+00	9.46532399E-03	-4.44987458E-03
-1.06787689E+01	1.36687561E+01	9.46363520E-03	-4.46772894E-03
-4.91843806E+00	2.06012885E+01	9.46194275E-03	-4.48560519E-03
9.94359594E-01	2.54678971E+01	9.46024663E-03	-4.50350346E-03
6.51931677E+00	2.76778476E+01	9.45854680E-03	-4.52142389E-03
1.11964452E+01	2.69246643E+01	9.45684326E-03	-4.53936662E-03
1.46790604E+01	2.32295902E+01	9.45513597E-03	-4.55733177E-03
1.67512680E+01	1.69473795E+01	9.45342493E-03	-4.57531949E-03
1.73306754E+01	8.73268041E+00	9.45171010E-03	-4.59332991E-03
1.64587819E+01	-5.29865646E-01	9.44999148E-03	-4.61136317E-03
1.42825873E+01	-9.82411015E+00	9.44826903E-03	-4.62941940E-03
1.10313177E+01	-1.81180664E+01	9.44654273E-03	-4.64749874E-03
6.99183388E+00	-2.44830406E+01	9.44481257E-03	-4.66560134E-03
2.48542088E+00	-2.82018795E+01	9.44307852E-03	-4.68372733E-03
-2.15251477E+00	-2.88531693E+01	9.44134056E-03	-4.70187686E-03
-6.58952282E+00	-2.63610669E+01	9.43959867E-03	-4.72005005E-03
-1.05106337E+01	-2.10046112E+01	9.43785282E-03	-4.73824706E-03
-1.36315774E+01	-1.33853165E+01	9.43610300E-03	-4.75646803E-03
-1.57120034E+01	-4.35696921E+00	9.43434918E-03	-4.77471310E-03
-1.65695534E+01	5.07383301E+00	9.43259134E-03	-4.79298241E-03
-1.60947881E+01	1.38643196E+01	9.43082946E-03	-4.81127611E-03
-1.42659118E+01	2.10552727E+01	9.42906351E-03	-4.82959434E-03
-1.11612353E+01	2.58795146E+01	9.42729347E-03	-4.84793724E-03
-6.96660132E+00	2.78463817E+01	9.42551932E-03	-4.86630497E-03
-1.97479401E+00	2.67925310E+01	9.42374104E-03	-4.88469768E-03
3.42562819E+00	2.28936933E+01	9.42195860E-03	-4.90311550E-03
8.77357592E+00	1.66368444E+01	9.42017197E-03	-4.92155859E-03
1.35706582E+01	8.75708344E+00	9.41838114E-03	-4.94002709E-03
1.73264027E+01	1.47671957E-01	9.41658608E-03	-4.95852116E-03
1.96095508E+01	-8.24530904E+00	9.41478677E-03	-4.97704094E-03
2.00998961E+01	-1.55307378E+01	9.41298318E-03	-4.99558660E-03
1.86341473E+01	-2.09698853E+01	9.41117529E-03	-5.01415827E-03
1.52391524E+01	-2.40524679E+01	9.40936307E-03	-5.03275611E-03
1.01466654E+01	-2.45433280E+01	9.40754650E-03	-5.05138028E-03
3.78562185E+00	-2.24956618E+01	9.40572555E-03	-5.07003093E-03
-3.24953898E+00	-1.82309429E+01	9.40390021E-03	-5.08870821E-03
-1.02529297E+01	-1.22896991E+01	9.40207044E-03	-5.10741229E-03
-1.64789593E+01	-5.36057349E+00	9.40023622E-03	-5.12614331E-03
-2.12243392E+01	1.80273723E+00	9.39839752E-03	-5.14490144E-03
-2.39109728E+01	8.46624134E+00	9.39655432E-03	-5.16368683E-03
-2.41595170E+01	1.39922060E+01	9.39470659E-03	-5.18249964E-03
-2.18438877E+01	1.78993348E+01	9.39285431E-03	-5.20134003E-03
-1.71187877E+01	1.99010234E+01	9.39099746E-03	-5.22020816E-03
-1.04153055E+01	1.99192662E+01	9.38913599E-03	-5.23910420E-03
-2.40341913E+00	1.80749439E+01	9.38726989E-03	-5.25802830E-03
6.07562070E+00	1.46580013E+01	9.38539914E-03	-5.27698063E-03
1.41001060E+01	1.00830795E+01	9.38352369E-03	-5.29596135E-03
2.07717361E+01	4.83728873E+00	9.38164354E-03	-5.31497063E-03
2.53203362E+01	-5.73066724E-01	9.37975864E-03	-5.33400863E-03
2.71966869E+01	-5.67079577E+00	9.37786898E-03	-5.35307552E-03
2.61417847E+01	-1.00466373E+01	9.37597452E-03	-5.37217146E-03
2.22234530E+01	-1.33859722E+01	9.37407524E-03	-5.39129663E-03
1.58350447E+01	-1.54828001E+01	9.37217111E-03	-5.41045119E-03
7.65556666E+00	-1.62421014E+01	9.37026210E-03	-5.42963532E-03
-1.42467002E+00	-1.56729797E+01	9.36834818E-03	-5.44884918E-03
-1.04044347E+01	-1.38756295E+01	9.36642933E-03	-5.46809294E-03
-1.82862105E+01	-1.10251789E+01	9.36450552E-03	-5.48736678E-03
-2.41913952E+01	-7.35490297E+00	9.36257671E-03	-5.50667088E-03
-2.74621939E+01	-3.14036974E+00	9.36064287E-03	-5.52600540E-03
-2.77378748E+01	1.31498357E+00	9.35870399E-03	-5.54537052E-03
-2.49961641E+01	5.69330981E+00	9.35676003E-03	-5.56476642E-03
-1.95548241E+01	9.67594201E+00	9.35481095E-03	-5.58419327E-03
-1.20333418E+01	1.29583794E+01	9.35285673E-03	-5.60365126E-03
-3.27953913E+00	1.52675932E+01	9.35089734E-03	-5.62314055E-03
5.72983277E+00	1.63817926E+01	9.34893275E-03	-5.64266135E-03
1.40023639E+01	1.61517246E+01	9.34696293E-03	-5.66221381E-03
2.06434268E+01	1.45214592E+01	9.34498785E-03	-5.68179813E-03
2.49562804E+01	1.15456846E+01	9.34300747E-03	-5.70141449E-03
2.65171871E+01	7.40004848E+00	9.34102177E-03	-5.72106307E-03
2.52171710E+01	2.38119247E+00	9.33903071E-03	-5.74074406E-03
2.12662844E+01	-3.10608511E+00	9.33703426E-03	-5.76045765E-03
1.51609095E+01	-8.57568074E+00	9.33503239E-03	-5.78020402E-03
7.61908164E+00	-1.35003087E+01	9.33302507E-03	-5.79998335E-03
-5.07465905E-01	-1.73620597E+01	9.33101226E-03	-5.81979585E-03
-8.33332553E+00	-1.97085845E+01	9.32899394E-03	-5.83964169E-03
-1.50392685E+01	-2.02085697E+01	9.32697006E-03	-5.85952108E-03
-1.99602167E+01	-1.86993971E+01	9.32494061E-03	-5.87943420E-03
-2.26515817E+01	-1.52200473E+01	9.32290553E-03	-5.89938124E-03
-2.29273038E+01	-1.00234982E+01	9.32086481E-03	-5.91936241E-03
-2.08666784E+01	-3.56499348E+00	9.31881840E-03	-5.93937789E-03
-1.67909842E+01	3.53460188E+00	9.31676627E-03	-5.95942789E-03
-1.12145001E+01	1.05479427E+01	9.31470839E-03	-5.97951261E-03
-4.77728474E+00	1.67172849E+01	9.31264473E-03	-5.99963223E-03
1.83122355E+00	2.13393260E+01	9.31057524E-03	-6.01978696E-03
7.94829313E+00	2.38489050E+01	9.30849990E-03	-6.03997701E-03
1.30049737E+01	2.38911555E+01	9.30641866E-03	-6.06020258E-03
1.65772841E+01	2.13725435E+01	9.30433149E-03	-6.08046386E-03
1.84171813E+01	1.64833682E+01	9.30223837E-03	-6.10076107E-03
1.84618435E+01	9.68754057E+00	9.30013924E-03	-6.12109441E-03
1.68225746E+01	1.67939056E+00	9.29803407E-03	-6.14146408E-03
1.37569575E+01	-6.68859819E+00	9.29592283E-03	-6.16187031E-03
9.62947361E+00	-1.44994135E+01	9.29380549E-03	-6.18231329E-03
4.86651659E+00	-2.08758234E+01	9.29168199E-03	-6.20279324E-03
-8.84423822E-02	-2.50829979E+01	9.28955231E-03	-6.22331037E-03
-4.81471598E+00	-2.66169116E+01	9.28741641E-03	-6.24386489E-03
-8.94593256E+00	-2.52674273E+01	9.28527425E-03	-6.26445702E-03
-1.21915947E+01	-2.11478431E+01	9.28312579E-03	-6.28508697E-03
-1.43486779E+01	-1.46866762E+01	9.28097099E-03	-6.30575497E-03
-1.53046256E+01	-6.58205637E+00	9.27880981E-03	-6.32646123E-03
-1.50339326E+01	2.27627022E+00	9.27664222E-03	-6.34720596E-03
-1.35907725E+01	1.09082639E+01	9.27446817E-03	-6.36798941E-03
-1.10998269E+01	1.83562209E+01	9.27228763E-03	-6.38881177E-03
-7.74676070E+00	2.37952141E+01	9.27010055E-03	-6.40967328E-03
-3.76885459E+00	2.66280636E+01	9.26790690E-03	-6.43057417E-03
5.54614385E-01	2.65534344E+01	9.26570663E-03	-6.45151466E-03
4.91333226E+00	2.35989675E+01	9.26349971E-03	-6.47249498E-03
8.97960725E+00	1.81156571E+01	9.26128608E-03	-6.49351535E-03
1.24258654E+01	1.07344526E+01	9.25906571E-03	-6.51457602E-03
1.49464193E+01	2.29066129E+00	9.25683856E-03	-6.53567721E-03
1.62828876E+01	-6.27440655E+00	9.25460459E-03	-6.55681915E-03
1.62514213E+01	-1.40224790E+01	9.25236374E-03	-6.57800209E-03
1.47687627E+01	-2.01248833E+01	9.25011599E-03	-6.59922625E-03
1.18733683E+01	-2.39540263E+01	9.24786128E-03	-6.62049188E-03
7.73758759E+00	-2.51493107E+01	9.24559957E-03	-6.64179921E-03
2.66733012E+00	-2.36503750E+01	9.24333083E-03	-6.66314849E-03
-2.91320346E+00	-1.96947058E+01	9.24105499E-03	-6.68453997E-03
-8.49240448E+00	-1.37810788E+01	9.23877202E-03	-6.70597387E-03
-1.35162996E+01	-6.60436672E+00	9.23648188E-03	-6.72745046E-03
-1.74440780E+01	1.02949452E+00	9.23418451E-03	-6.74896997E-03
-1.98084580E+01	8.29755528E+00	9.23187988E-03	-6.77053266E-03
-2.02738642E+01	1.44514845E+01	9.22956793E-03	-6.79213878E-03
-1.86848606E+01	1.88961904E+01	9.22724862E-03	-6.81378857E-03
-1.50977745E+01	2.12469514E+01	9.22492191E-03	-6.83548230E-03
-9.78997304E+00	2.13596380E+01	9.22258774E-03	-6.85722022E-03
-3.24368717E+00	1.93321689E+01	9.22024606E-03	-6.87900258E-03
3.89566110E+00	1.54789270E+01	9.21789684E-03	-6.90082964E-03
1.08833645E+01	1.02829948E+01	9.21554001E-03	-6.92270167E-03
1.69551987E+01	4.33338413E+00	9.21317554E-03	-6.94461893E-03
2.14142167E+01	-1.74432632E+00	9.21080337E-03	-6.96658167E-03
2.37142852E+01	-7.35544271E+00	9.20842346E-03	-6.98859017E-03
2.35299073E+01	-1.19941968E+01	9.20603574E-03	-7.01064470E-03
2.08030599E+01	-1.52867355E+01	9.20364018E-03	-7.03274551E-03
1.57602367E+01	-1.70158269E+01	9.20123672E-03	-7.05489289E-03
8.89633656E+00	-1.71266281E+01	9.19882531E-03	-7.07708710E-03
9.26075484E-01	-1.57152386E+01	9.19640589E-03	-7.09932843E-03
-7.29230217E+00	-1.30036369E+01	9.19397843E-03	-7.12161713E-03
-1.48526075E+01	-9.30575285E+00	9.19154285E-03	-7.14395351E-03
-2.09045119E+01	-4.98977817E+00	9.18909912E-03	-7.16633782E-03
-2.47531716E+01	-4.41411470E-01	9.18664717E-03	-7.18877036E-03
-2.59424881E+01	3.96828333E+00	9.18418696E-03	-7.21125141E-03
-2.43115908E+01	7.90810877E+00	9.18171842E-03	-7.23378126E-03
-2.00172559E+01	1.11042408E+01	9.17924151E-03	-7.25636018E-03
-1.35190724E+01	1.33505098E+01	9.17675617E-03	-7.27898848E-03
-5.52872762E+00	1.45128917E+01	9.17426233E-03	-7.30166644E-03
3.07078271E+00	1.45300803E+01	9.17175996E-03	-7.32439436E-03
1.13264666E+01	1.34119238E+01	9.16924898E-03	-7.34717253E-03
1.83250564E+01	1.12369746E+01	9.16672935E-03	-7.37000125E-03
2.32979662E+01	8.14958848E+00	9.16420100E-03	-7.39288082E-03
2.57089118E+01	4.35612277E+00	9.16166387E-03	-7.41581153E-03
2.53137819E+01	1.19058180E-01	9.15911792E-03	-7.43879370E-03
2.21858072E+01	-4.25251530E+00	9.15656307E-03	-7.46182764E-03
1.67033713E+01	-8.41751778E+00	9.15399927E-03	-7.48491363E-03
9.50239319E+00	-1.20234860E+01	9.15142646E-03	-7.50805201E-03
1.39949983E+00	-1.47330322E+01	9.14884458E-03	-7.53124308E-03
-6.70434169E+00	-1.62547387E+01	9.14625356E-03	-7.55448714E-03
-1.39278791E+01	-1.63757608E+01	9.14365335E-03	-7.57778453E-03
-1.95087929E+01	-1.49923180E+01	9.14104388E-03	-7.60113556E-03
-2.28864579E+01	-1.21336395E+01	9.13842509E-03	-7.62454055E-03
-2.37589473E+01	-7.97495993E+00	9.13579691E-03	-7.64799983E-03
-2.21083877E+01	-2.83593220E+00	9.13315929E-03	-7.67151371E-03
-1.81928040E+01	2.83769759E+00	9.13051215E-03	-7.69508253E-03
-1.25067100E+01	8.50927883E+00	9.12785544E-03	-7.71870662E-03
-5.71638776E+00	1.36011071E+01	9.12518908E-03	-7.74238630E-03
1.42140931E+00	1.75544418E+01	9.12251302E-03	-7.76612193E-03
8.14700888E+00	1.98932862E+01	9.11982718E-03	-7.78991382E-03
1.37810796E+01	2.02843235E+01	9.11713149E-03	-7.81376233E-03
1.77941469E+01	1.85851501E+01	9.11442589E-03	-7.83766779E-03
1.98551246E+01	1.48737580E+01	9.11171031E-03	-7.86163055E-03
1.98546069E+01	9.45406951E+00	9.10898468E-03	-7.88565096E-03
1.79019905E+01	2.83502464E+00	9.10624894E-03	-7.90972936E-03
1.42987125E+01	-4.31604002E+00	9.10350300E-03	-7.93386612E-03
9.49258813E+00	-1.12416290E+01	9.10074680E-03	-7.95806158E-03
4.02009105E+00	-1.71768236E+01	9.09798027E-03	-7.98231610E-03
-1.55573897E+00	-2.14371358E+01	9.09520333E-03	-8.00663004E-03
-6.70428776E+00	-2.35009480E+01	9.09241591E-03	-8.03100377E-03
-1.09769286E+01	-2.30761729E+01	9.08961794E-03	-8.05543765E-03
-1.40426712E+01	-2.01422874E+01	9.08680934E-03	-8.07993204E-03
-1.57076404E+01	-1.49616277E+01	9.08399004E-03	-8.10448733E-03
-1.59183942E+01	-8.05746000E+00	9.08115997E-03	-8.12910388E-03
-1.47510667E+01	-1.60412996E-01	9.07831904E-03	-8.15378207E-03
-1.23897678E+01	7.87113639E+00	9.07546717E-03	-8.17852228E-03
-9.09842906E+00	1.51477328E+01	9.07260430E-03	-8.20332490E-03
-5.19032828E+00	2.08512297E+01	9.06973034E-03	-8.22819030E-03
-9.98938408E-01	2.43306005E+01	9.06684522E-03	-8.25311888E-03
3.14729206E+00	2.51794616E+01	9.06394884E-03	-8.27811102E-03
6.94487535E+00	2.32856732E+01	9.06104114E-03	-8.30316713E-03
1.01298055E+01	1.88467022E+01	9.05812203E-03	-8.32828759E-03
1.24874943E+01	1.23485896E+01	9.05519142E-03	-8.35347282E-03
1.38594997E+01	4.51082792E+00	9.05224924E-03	-8.37872320E-03
1.41484880E+01	-3.79634416E+00	9.04929540E-03	-8.40403916E-03
1.33224886E+01	-1.16523217E+01	9.04632982E-03	-8.42942109E-03
1.14187800E+01	-1.81921180E+01	9.04335240E-03	-8.45486941E-03
8.54689403E+00	-2.27052344E+01	9.04036307E-03	-8.48038454E-03
4.88943336E+00	-2.47156373E+01	9.03736174E-03	-8.50596690E-03
6.98899133E-01	-2.40334716E+01	9.03434832E-03	-8.53161690E-03
-3.71135137E+00	-2.07726906E+01	9.03132271E-03	-8.55733498E-03
-7.98345594E+00	-1.53330122E+01	9.02828484E-03	-8.58312156E-03
-1.17392241E+01	-8.34898243E+00	9.02523461E-03	-8.60897708E-03
-1.46113691E+01	-6.12870615E-01	9.02217193E-03	-8.63490197E-03
-1.62795784E+01	7.01884790E+00	9.01909670E-03	-8.66089667E-03
-1.65078547E+01	1.37239160E+01	9.01600883E-03	-8.68696162E-03
-1.51785650E+01	1.88058436E+01	9.01290824E-03	-8.71309728E-03
-1.23182238E+01	2.17679920E+01	9.00979482E-03	-8.73930408E-03
-8.11035741E+00	2.23620741E+01	9.00666847E-03	-8.76558250E-03
-2.89189140E+00	2.06063425E+01	9.00352911E-03	-8.79193297E-03
2.86871706E+00	1.67725874E+01	9.00037663E-03	-8.81835596E-03
8.61110378E+00	1.13448704E+01	8.99721094E-03	-8.84485195E-03
1.37374165E+01	4.95619229E+00	8.99403193E-03	-8.87142138E-03
1.76762533E+01	-1.68836192E+00	8.99083951E-03	-8.89806475E-03
1.99490454E+01	-7.89228852E+00	8.98763356E-03	-8.92478252E-03
2.02308218E+01	-1.30425400E+01	8.98441400E-03	-8.95157518E-03
1.83973334E+01	-1.66703035E+01	8.98118072E-03	-8.97844321E-03
1.45516415E+01	-1.84916305E+01	8.97793360E-03	-9.00538709E-03
9.02542407E+00	-1.84247265E+01	8.97467255E-03	-9.03240732E-03
2.35317881E+00	-1.65837605E+01	8.97139746E-03	-9.05950440E-03
-4.77914069E+00	-1.32518961E+01	8.96810822E-03	-9.08667882E-03
-1.16061655E+01	-8.83850751E+00	8.96480472E-03	-9.11393109E-03
-1.73680467E+01	-3.82697918E+00	8.96148686E-03	-9.14126173E-03
-2.13984798E+01	1.28002511E+00	8.95815451E-03	-9.16867123E-03
-2.32051721E+01	6.01139220E+00	8.95480757E-03	-9.19616012E-03
-2.25326097E+01	9.96929075E+00	8.95144593E-03	-9.22372893E-03
-1.93988135E+01	1.28583826E+01	8.94806946E-03	-9.25137817E-03
-1.41007391E+01	1.45011038E+01	8.94467806E-03	-9.27910838E-03
-7.18672734E+00	1.48395375E+01	8.94127160E-03	-9.30692009E-03
6.01526471E-01	1.39259841E+01	8.93784997E-03	-9.33481384E-03
8.41116148E+00	1.19053727E+01	8.93441305E-03	-9.36279018E-03
1.53750332E+01	8.99306144E+00	8.93096072E-03	-9.39084966E-03
2.07118207E+01	5.45136329E+00	8.92749286E-03	-9.41899283E-03
2.38173031E+01	1.56742636E+00	8.92400933E-03	-9.44722024E-03
2.43356780E+01	-2.36591454E+00	8.92051003E-03	-9.47553247E-03
2.22021346E+01	-6.06578284E+00	8.91699481E-03	-9.50393007E-03
1.76513624E+01	-9.27180773E+00	8.91346357E-03	-9.53241363E-03
1.11908388E+01	-1.17565895E+01	8.90991615E-03	-9.56098372E-03
3.54205726E+00	-1.33352758E+01	8.90635245E-03	-9.58964092E-03
-4.44320989E+00	-1.38751768E+01	8.90277232E-03	-9.61838583E-03
-1.18814828E+01	-1.33057126E+01	8.89917563E-03	-9.64721903E-03
-1.79590870E+01	-1.16281501E+01	8.89556225E-03	-9.67614113E-03
-2.20244507E+01	-8.92373193E+00	8.89193204E-03	-9.70515273E-03
-2.36602843E+01	-5.35816143E+00	8.88828487E-03	-9.73425443E-03
-2.27273337E+01	-1.18014594E+00	8.88462060E-03	-9.76344686E-03
-1.93749929E+01	3.28805463E+00	8.88093908E-03	-9.79273064E-03
-1.40181818E+01	7.66935661E+00	8.87724018E-03	-9.82210639E-03
-7.28400045E+00	1.15599187E+01	8.87352376E-03	-9.85157474E-03
6.47407390E-02	1.45650967E+01	8.86978966E-03	-9.88113633E-03
7.21941078E+00	1.63402812E+01	8.86603774E-03	-9.91079181E-03
1.34178265E+01	1.66322745E+01	8.86226786E-03	-9.94054182E-03
1.80279392E+01	1.53160061E+01	8.85847987E-03	-9.97038702E-03
2.06134136E+01	1.24212071E+01	8.85467361E-03	-1.00003281E-02
2.09741374E+01	8.14428247E+00	8.85084893E-03	-1.00303656E-02
1.91580234E+01	2.84202046E+00	8.84700568E-03	-1.00605004E-02
1.54440990E+01	-2.99416455E+00	8.84314370E-03	-1.00907330E-02
1.03003394E+01	-8.78228883E+00	8.83926284E-03	-1.01210642E-02
4.32255721E+00	-1.39084357E+01	8.83536293E-03	-1.01514946E-02
-1.83742029E+00	-1.77939732E+01	8.83144381E-03	-1.01820250E-02
-7.54527470E+00	-1.99637054E+01	8.82750533E-03	-1.02126560E-02
-1.22508036E+01	-2.01065674E+01	8.82354730E-03	-1.02433884E-02
-1.55404372E+01	-1.81208090E+01	8.81956958E-03	-1.02742229E-02
-1.71707335E+01	-1.41370526E+01	8.81557199E-03	-1.03051602E-02
-1.70806117E+01	-8.51501965E+00	8.81155436E-03	-1.03362010E-02
-1.53828425E+01	-1.81283413E+00	8.80751651E-03	-1.03673462E-02
-1.23377624E+01	5.26876235E+00	8.80345828E-03	-1.03985963E-02
-8.31402998E+00	1.19616490E+01	8.79937948E-03	-1.04299522E-02
-3.74228106E+00	1.75166645E+01	8.79527994E-03	-1.04614147E-02
9.32281500E-01	2.12909359E+01	8.79115947E-03	-1.04929845E-02
5.29296670E+00	2.28255703E+01	8.78701790E-03	-1.05246623E-02
8.98621817E+00	2.19039088E+01	8.78285504E-03	-1.05564491E-02
1.17453182E+01	1.85826610E+01	8.77867070E-03	-1.05883454E-02
1.34024735E+01	1.31913952E+01	8.77446470E-03	-1.06203523E-02
1.38901758E+01	6.29968294E+00	8.77023684E-03	-1.06524704E-02
1.32339242E+01	-1.34480059E+00	8.76598693E-03	-1.06847006E-02
1.15390642E+01	-8.90025362E+00	8.76171477E-03	-1.07170437E-02
8.97458976E+00	-1.55269861E+01	8.75742016E-03	-1.07495006E-02
5.75634261E+00	-2.04844497E+01	8.75310291E-03	-1.07820720E-02
2.13126979E+00	-2.32173647E+01	8.74876281E-03	-1.08147588E-02
-1.63653710E+00	-2.34204918E+01	8.74439966E-03	-1.08475619E-02
-5.27818087E+00	-2.10741644E+01	8.74001324E-03	-1.08804821E-02
-8.53147667E+00	-1.64462617E+01	8.73560336E-03	-1.09135204E-02
-1.11527135E+01	-1.00604176E+01	8.73116979E-03	-1.09466776E-02
-1.29295591E+01	-2.63439669E+00	8.72671232E-03	-1.09799545E-02
-1.36954530E+01	5.00380385E+00	8.72223073E-03	-1.10133521E-02
-1.33450057E+01	1.20119005E+01	8.71772481E-03	-1.10468714E-02
-1.18490102E+01	1.76297292E+01	8.71319433E-03	-1.10805131E-02
-9.26687919E+00	2.12646123E+01	8.70863906E-03	-1.11142783E-02
-5.75385413E+00	2.25557142E+01	8.70405877E-03	-1.11481678E-02
-1.56033681E+00	2.14101479E+01	8.69945324E-03	-1.11821827E-02
2.97874964E+00	1.80071822E+01	8.69482222E-03	-1.12163239E-02
7.46558479E+00	1.27708551E+01	8.69016549E-03	-1.12505923E-02
1.14715903E+01	6.31512383E+00	8.68548280E-03	-1.12849890E-02
1.45779350E+01	-6.31115915E-01	8.68077391E-03	-1.13195148E-02
1.64206393E+01	-7.30961065E+00	8.67603857E-03	-1.13541709E-02
1.67352382E+01	-1.30184594E+01	8.67127654E-03	-1.13889582E-02
1.53952755E+01	-1.71878755E+01	8.66648755E-03	-1.14238778E-02
1.24389786E+01	-1.94375499E+01	8.66167136E-03	-1.14589306E-02
8.07937246E+00	-1.96097711E+01	8.65682771E-03	-1.14941177E-02
2.69478427E+00	-1.77756705E+01	8.65195633E-03	-1.15294402E-02
-3.20101639E+00	-1.42153376E+01	8.64705697E-03	-1.15648991E-02
-9.00717883E+00	-9.37565572E+00	8.64212934E-03	-1.16004956E-02
-1.40981783E+01	-3.81215568E+00	8.63717318E-03	-1.16362306E-02
-1.78936183E+01	1.87730718E+00	8.63218822E-03	-1.16721053E-02
-1.99273131E+01	7.11880894E+00	8.62717416E-03	-1.17081209E-02
-1.99070601E+01	1.14209341E+01	8.62213074E-03	-1.17442783E-02
-1.77571439E+01	1.44195986E+01	8.61705767E-03	-1.17805788E-02
-1.36373456E+01	1.59052278E+01	8.61195465E-03	-1.18170235E-02
-7.93487020E+00	1.58308840E+01	8.60682138E-03	-1.18536136E-02
-1.22886029E+00	1.43023797E+01	8.60165758E-03	-1.18903502E-02
5.76939033E+00	1.15534784E+01	8.59646295E-03	-1.19272346E-02
1.22942092E+01	7.91073238E+00	8.59123716E-03	-1.19642679E-02
1.76124808E+01	3.75319871E+00	8.58597993E-03	-1.20014513E-02
2.11094549E+01	-5.27813348E-01	8.58069092E-03	-1.20387861E-02
2.23629413E+01	-4.56457780E+00	8.57536983E-03	-1.20762735E-02
2.11965477E+01	-8.04124534E+00	8.57001633E-03	-1.21139148E-02
1.77049780E+01	-1.07129775E+01	8.56463009E-03	-1.21517112E-02
1.22477210E+01	-1.24157986E+01	8.55921079E-03	-1.21896641E-02
5.41130462E+00	-1.30682886E+01	8.55375808E-03	-1.22277746E-02
-2.05581456E+00	-1.26670680E+01	8.54827164E-03	-1.22660442E-02
-9.32821659E+00	-1.12783483E+01	8.54275110E-03	-1.23044742E-02
-1.55982906E+01	-9.02765760E+00	8.53719613E-03	-1.23430659E-02
-2.01694694E+01	-6.08928360E+00	8.53160638E-03	-1.23818206E-02
-2.25367016E+01	-2.67619263E+00	8.52598147E-03	-1.24207398E-02
-2.24444626E+01	9.69641947E-01	8.52032105E-03	-1.24598248E-02
-1.99153562E+01	4.58722219E+00	8.51462475E-03	-1.24990771E-02
-1.52459716E+01	7.90787712E+00	8.50889219E-03	-1.25384981E-02
-8.97068171E+00	1.06689733E+01	8.50312300E-03	-1.25780892E-02
-1.79798263E+00	1.26304983E+01	8.49731679E-03	-1.26178518E-02
5.47272236E+00	1.35942302E+01	8.49147316E-03	-1.26577876E-02
1.20437032E+01	1.34242401E+01	8.48559174E-03	-1.26978978E-02
1.72096725E+01	1.20665354E+01	8.47967211E-03	-1.27381842E-02
2.04359882E+01	9.56496552E+00	8.47371386E-03	-1.27786482E-02
2.14152828E+01	6.07024053E+00	8.46771659E-03	-1.28192913E-02
2.00963415E+01	1.83919897E+00	8.46167988E-03	-1.28601151E-02
1.66825815E+01	-2.77768807E+00	8.45560330E-03	-1.29011213E-02
1.16012419E+01	-7.36122510E+00	8.44948642E-03	-1.29423114E-02
5.44790677E+00	-1.14597606E+01	8.44332881E-03	-1.29836870E-02
-1.08620046E+00	-1.46339602E+01	8.43713002E-03	-1.30252498E-02
-7.29491234E+00	-1.65056030E+01	8.43088960E-03	-1.30670016E-02
-1.25359902E+01	-1.68047525E+01	8.42460710E-03	-1.31089438E-02
-1.62990221E+01	-1.54091637E+01	8.41828205E-03	-1.31510784E-02
-1.82549651E+01	-1.23701330E+01	8.41191398E-03	-1.31934070E-02
-1.82825511E+01	-7.92019451E+00	8.40550242E-03	-1.32359314E-02
-1.64698298E+01	-2.46001791E+00	8.39904689E-03	-1.32786533E-02
-1.30922240E+01	3.47563958E+00	8.39254689E-03	-1.33215746E-02
-8.57120613E+00	9.27035895E+00	8.38600193E-03	-1.33646971E-02
-3.41975445E+00	1.42917118E+01	8.37941150E-03	-1.34080225E-02
1.81812366E+00	1.79629166E+01	8.37277508E-03	-1.34515530E-02
6.62637928E+00	1.98320306E+01	8.36609216E-03	-1.34952902E-02
1.05678149E+01	1.96300074E+01	8.35936221E-03	-1.35392361E-02
1.33218591E+01	1.73098805E+01	8.35258469E-03	-1.35833927E-02
1.47062765E+01	1.30613274E+01	8.34575905E-03	-1.36277620E-02
1.46821241E+01	7.29770692E+00	8.33888475E-03	-1.36723459E-02
1.33433691E+01	6.16004774E-01	8.33196122E-03	-1.37171465E-02
1.08942781E+01	-6.26645189E+00	8.32498789E-03	-1.37621659E-02
7.61875850E+00	-1.25915970E+01	8.31796417E-03	-1.38074060E-02
3.84621359E+00	-1.76473599E+01	8.31088949E-03	-1.38528691E-02
-8.18272438E-02	-2.08511820E+01	8.30376325E-03	-1.38985573E-02
-3.84088935E+00	-2.18200896E+01	8.29658483E-03	-1.39444727E-02
-7.14633417E+00	-2.04185266E+01	8.28935363E-03	-1.39906175E-02
-9.76885138E+00	-1.67777286E+01	8.28206901E-03	-1.40369940E-02
-1.15429809E+01	-1.12838326E+01	8.27473033E-03	-1.40836044E-02
-1.23698886E+01	-4.53574080E+00	8.26733696E-03	-1.41304511E-02
-1.22161018E+01	2.72249895E+00	8.25988824E-03	-1.41775363E-02
-1.11099302E+01	9.68684854E+00	8.25238349E-03	-1.42248623E-02
-9.13691989E+00	1.55858136E+01	8.24482205E-03	-1.42724317E-02
-6.43502580E+00	1.97692535E+01	8.23720321E-03	-1.43202468E-02
-3.18943024E+00	2.17828068E+01	8.22952628E-03	-1.43683100E-02
3.73734301E-01	2.14190513E+01	8.22179056E-03	-1.44166240E-02
3.99590957E+00	1.87393983E+01	8.21399530E-03	-1.44651911E-02
7.39806902E+00	1.40643405E+01	8.20613979E-03	-1.45140139E-02
1.02969127E+01	7.93355551E+00	8.19822327E-03	-1.45630952E-02
1.24253517E+01	1.04102637E+00	8.19024498E-03	-1.46124374E-02
1.35563362E+01	-5.84669488E+00	8.18220415E-03	-1.46620433E-02
1.35280199E+01	-1.19790443E+01	8.17410000E-03	-1.47119156E-02
1.22673426E+01	-1.67061623E+01	8.16593172E-03	-1.47620571E-02
9.80855878E+00	-1.95498196E+01	8.15769850E-03	-1.48124705E-02
6.30319834E+00	-2.02525313E+01	8.14939952E-03	-1.48631587E-02
2.01850162E+00	-1.87997149E+01	8.14103393E-03	-1.49141247E-02
-2.67748747E+00	-1.54131703E+01	8.13260089E-03	-1.49653712E-02
-7.34437690E+00	-1.05176928E+01	8.12409952E-03	-1.50169014E-02
-1.15097599E+01	-4.68580568E+00	8.11552893E-03	-1.50687181E-02
-1.47178786E+01	1.43196459E+00	8.10688823E-03	-1.51208245E-02
-1.65814815E+01	7.18243227E+00	8.09817651E-03	-1.51732238E-02
-1.68307115E+01	1.19816289E+01	8.08939282E-03	-1.52259189E-02
-1.53525976E+01	1.53750137E+01	8.08053623E-03	-1.52789133E-02
-1.22153362E+01	1.70796825E+01	8.07160576E-03	-1.53322100E-02
-7.67301678E+00	1.70047878E+01	8.06260044E-03	-1.53858125E-02
-2.14863718E+00	1.52492465E+01	8.05351927E-03	-1.54397241E-02
3.80409899E+00	1.20786119E+01	8.04436123E-03	-1.54939482E-02
9.55693441E+00	7.88535109E+00	8.03512528E-03	-1.55484883E-02
1.44753678E+01	3.13843556E+00	8.02581038E-03	-1.56033479E-02
1.79914176E+01	-1.67106419E+00	8.01641544E-03	-1.56585306E-02
1.96721302E+01	-6.08181419E+00	8.00693937E-03	-1.57140400E-02
1.92752044E+01	-9.70586780E+00	7.99738106E-03	-1.57698799E-02
1.67843184E+01	-1.22600954E+01	7.98773939E-03	-1.58260540E-02
1.24189745E+01	-1.35832934E+01	7.97801318E-03	-1.58825661E-02
6.61667211E+00	-1.36388692E+01	7.96820127E-03	-1.59394202E-02
-1.13911753E-02	-1.25047732E+01	7.95830247E-03	-1.59966201E-02
-6.74653604E+00	-1.03536727E+01	7.94831554E-03	-1.60541699E-02
-1.28433075E+01	-7.42709664E+00	7.93823925E-03	-1.61120737E-02
-1.76152344E+01	-4.00739017E+00	7.92807232E-03	-1.61703357E-02
-2.05153505E+01	-3.90853269E-01	7.91781348E-03	-1.62289600E-02
-2.12016189E+01	3.13543911E+00	7.90746140E-03	-1.62879509E-02
-1.95790917E+01	6.31174469E+00	7.89701474E-03	-1.63473130E-02
-1.58133883E+01	8.91840545E+00	7.88647214E-03	-1.64070505E-02
-1.03135500E+01	1.07838742E+01	7.87583220E-03	-1.64671680E-02
-3.68608221E+00	1.17892212E+01	7.86509350E-03	-1.65276701E-02
3.33444529E+00	1.18704875E+01	7.85425459E-03	-1.65885616E-02
9.96996492E+00	1.10200145E+01	7.84331400E-03	-1.66498472E-02
1.54884972E+01	9.28732967E+00	7.83227022E-03	-1.67115316E-02
1.92880017E+01	6.77946146E+00	7.82112172E-03	-1.67736200E-02
2.09644818E+01	3.65986954E+00	7.80986693E-03	-1.68361173E-02
2.03563183E+01	1.44686786E-01	7.79850424E-03	-1.68990286E-02
1.75597835E+01	-3.50518173E+00	7.78703204E-03	-1.69623592E-02
1.29142579E+01	-6.99729562E+00	7.77544865E-03	-1.70261143E-02
6.95938531E+00	-1.00267746E+01	7.76375238E-03	-1.70902995E-02
3.69777074E-01	-1.23007854E+01	7.75194150E-03	-1.71549201E-02
-6.12450542E+00	-1.35668026E+01	7.74001423E-03	-1.72199818E-02
-1.18219200E+01	-1.36419191E+01	7.72796879E-03	-1.72854904E-02
-1.61278030E+01	-1.24396408E+01	7.71580331E-03	-1.73514515E-02
-1.86180228E+01	-9.99020704E+00	7.70351592E-03	-1.74178713E-02
-1.90808947E+01	-6.45068106E+00	7.69110471E-03	-1.74847557E-02
-1.75331988E+01	-2.10187918E+00	7.67856771E-03	-1.75521110E-02
-1.42094262E+01	2.66938581E+00	7.66590291E-03	-1.76199433E-02
-9.52664862E+00	7.40244877E+00	7.65310828E-03	-1.76882591E-02
-4.03024378E+00	1.16070180E+01	7.64018172E-03	-1.77570650E-02
1.67223346E+00	1.48152716E+01	7.62712110E-03	-1.78263676E-02
6.98068876E+00	1.66361047E+01	7.61392424E-03	-1.78961737E-02
1.13673275E+01	1.68049509E+01	7.60058890E-03	-1.79664902E-02
1.44294586E+01	1.52225814E+01	7.58711282E-03	-1.80373242E-02
1.59249356E+01	1.19771602E+01	7.57349366E-03	-1.81086830E-02
1.57873577E+01	7.34556231E+00	7.55972905E-03	-1.81805738E-02
1.41208021E+01	1.77234796E+00	7.54581654E-03	-1.82530042E-02
1.11763387E+01	-4.17244963E+00	7.53175366E-03	-1.83259819E-02
7.31458176E+00	-9.85278097E+00	7.51753785E-03	-1.83995147E-02
2.95983638E+00	-1.46369145E+01	7.50316652E-03	-1.84736106E-02
-1.44812928E+00	-1.79705606E+01	7.48863701E-03	-1.85482777E-02
-5.49899072E+00	-1.94439479E+01	7.47394659E-03	-1.86235244E-02
-8.84879878E+00	-1.88443801E+01	7.45909248E-03	-1.86993592E-02
-1.12458118E+01	-1.61872776E+01	7.44407183E-03	-1.87757907E-02
-1.25438669E+01	-1.17211469E+01	7.42888172E-03	-1.88528279E-02
-1.27036501E+01	-5.90502616E+00	7.41351916E-03	-1.89304798E-02
-1.17836654E+01	6.39648950E-01	7.39798110E-03	-1.90087557E-02
-9.92368121E+00	7.19757560E+00	7.38226441E-03	-1.90876650E-02
-7.32386142E+00	1.30406613E+01	7.36636589E-03	-1.91672175E-02
-4.22266723E+00	1.75120737E+01	7.35028225E-03	-1.92474231E-02
-8.76045517E-01	2.01031406E+01	7.33401014E-03	-1.93282918E-02
2.46045261E+00	2.05137043E+01	7.31754610E-03	-1.94098341E-02
5.54594795E+00	1.86884547E+01	7.30088662E-03	-1.94920604E-02
8.16510485E+00	1.48246517E+01	7.28402807E-03	-1.95749818E-02
1.01364170E+01	9.35013575E+00	7.26696675E-03	-1.96586091E-02
1.13189849E+01	2.87417013E+00	7.24969887E-03	-1.97429538E-02
1.16187380E+01	-3.88299968E+00	7.23222053E-03	-1.98280275E-02
1.09945960E+01	-1.01733803E+01	7.21452775E-03	-1.99138421E-02
9.46440007E+00	-1.53072310E+01	7.19661641E-03	-2.00004097E-02
7.10973006E+00	-1.87315230E+01	7.17848234E-03	-2.00877427E-02
4.07814751E+00	-2.00915621E+01	7.16012121E-03	-2.01758540E-02
5.81116447E-01	-1.92686321E+01	7.14152862E-03	-2.02647566E-02
-3.11403387E+00	-1.63895435E+01	7.12270002E-03	-2.03544639E-02
-6.69919458E+00	-1.18074538E+01	7.10363076E-03	-2.04449896E-02
-9.84777176E+00	-6.05683333E+00	7.08431606E-03	-2.05363477E-02
-1.22431627E+01	2.11473848E-01	7.06475102E-03	-2.06285528E-02
-1.36111300E+01	6.30687880E+00	7.04493060E-03	-2.07216194E-02
-1.37526836E+01	1.15779630E+01	7.02484963E-03	-2.08155629E-02
-1.25733412E+01	1.54842898E+01	7.00450279E-03	-2.09103988E-02
-1.01044392E+01	1.76528998E+01	6.98388462E-03	-2.10061429E-02
-6.51260964E+00	1.79134328E+01	6.96298950E-03	-2.11028117E-02
-2.09462999E+00	1.63086462E+01	6.94181168E-03	-2.12004220E-02
2.74350573E+00	1.30802079E+01	6.92034521E-03	-2.12989909E-02
7.52244660E+00	8.63263157E+00	6.89858401E-03	-2.13985361E-02
1.17373335E+01	3.48071149E+00	6.87652181E-03	-2.14990759E-02
1.49128059E+01	-1.81249234E+00	6.85415215E-03	-2.16006289E-02
1.66589439E+01	-6.69934181E+00	6.83146839E-03	-2.17032142E-02
1.67212620E+01	-1.07054927E+01	6.80846372E-03	-2.18068516E-02
1.50181001E+01	-1.34756671E+01	6.78513109E-03	-2.19115613E-02
1.16598921E+01	-1.48029529E+01	6.76146328E-03	-2.20173641E-02
6.94675129E+00	-1.46395756E+01	6.73745284E-03	-2.21242815E-02
1.34335986E+00	-1.30894923E+01	6.71309209E-03	-2.22323353E-02
-4.56700917E+00	-1.03853126E+01	6.68837313E-03	-2.23415483E-02
-1.01447635E+01	-6.85370371E+00	6.66328781E-03	-2.24519438E-02
-1.47656886E+01	-2.87440203E+00	6.63782774E-03	-2.25635457E-02
-1.78937007E+01	1.16184176E+00	6.61198426E-03	-2.26763788E-02
-1.91458007E+01	4.89156135E+00	6.58574846E-03	-2.27904684E-02
-1.83410176E+01	8.00937662E+00	6.55911114E-03	-2.29058407E-02
-1.55268477E+01	1.02890022E+01	6.53206279E-03	-2.30225226E-02
-1.09793041E+01	1.15937270E+01	6.50459363E-03	-2.31405421E-02
-5.17587248E+00	1.18770666E+01	6.47669355E-03	-2.32599277E-02
1.25597839E+00	1.11754018E+01	6.44835211E-03	-2.33807090E-02
7.60899046E+00	9.59507500E+00	6.41955854E-03	-2.35029164E-02
1.31768439E+01	7.29657392E+00	6.39030170E-03	-2.36265813E-02
1.73358143E+01	4.47813225E+00	6.36057010E-03	-2.37517363E-02
1.96175119E+01	1.36043563E+00	6.33035186E-03	-2.38784147E-02
1.97638503E+01	-1.82669524E+00	6.29963469E-03	-2.40066511E-02
1.77575123E+01	-4.85557996E+00	6.26840588E-03	-2.41364812E-02
1.38241552E+01	-7.51047668E+00	6.23665231E-03	-2.42679419E-02
8.40606199E+00	-9.59679359E+00	6.20436037E-03	-2.44010714E-02
2.11044265E+00	-1.09505686E+01	6.17151601E-03	-2.45359089E-02
-4.36131539E+00	-1.14486945E+01	6.13810465E-03	-2.46724952E-02
-1.02948523E+01	-1.10197350E+01	6.10411123E-03	-2.48108725E-02
-1.50446961E+01	-9.65443772E+00	6.06952012E-03	-2.49510844E-02
-1.81070021E+01	-7.41437549E+00	6.03431514E-03	-2.50931760E-02
-1.91746413E+01	-4.43670894E+00	5.99847952E-03	-2.52371940E-02
-1.81683915E+01	-9.32993817E-01	5.96199585E-03	-2.53831869E-02
-1.52410108E+01	2.81966817E+00	5.92484611E-03	-2.55312048E-02
-1.07543351E+01	6.49602637E+00	5.88701157E-03	-2.56812996E-02
-5.23281257E+00	9.74835886E+00	5.84847282E-03	-2.58335254E-02
7.00349938E-01	1.22388198E+01	5.80920968E-03	-2.59879379E-02
6.39633645E+00	1.36755276E+01	5.76920121E-03	-2.61445953E-02
1.12542187E+01	1.38483981E+01	5.72842564E-03	-2.63035577E-02
1.47861383E+01	1.26601266E+01	5.68686036E-03	-2.64648877E-02
1.66668604E+01	1.01477273E+01	5.64448185E-03	-2.66286503E-02
1.67625872E+01	6.49073316E+00	5.60126564E-03	-2.67949129E-02
1.51366591E+01	2.00349632E+00	5.55718627E-03	-2.69637460E-02
1.20326776E+01	-2.88912263E+00	5.51221726E-03	-2.71352223E-02
7.83827500E+00	-7.69125009E+00	5.46633099E-03	-2.73094181E-02
3.03489839E+00	-1.18871178E+01	5.41949872E-03	-2.74864124E-02
-1.85967216E+00	-1.49984090E+01	5.37169047E-03	-2.76662875E-02
-6.34892802E+00	-1.66411932E+01	5.32287501E-03	-2.78491295E-02
-1.00087099E+01	-1.65753664E+01	5.27301972E-03	-2.80350278E-02
-1.25264045E+01	-1.47399923E+01	5.22209059E-03	-2.82240758E-02
-1.37247764E+01	-1.12693234E+01	5.17005209E-03	-2.84163710E-02
-1.35691059E+01	-6.48643787E+00	5.11686710E-03	-2.86120150E-02
-1.21584443E+01	-8.74109841E-01	5.06249684E-03	-2.88111143E-02
-9.70363288E+00	4.97460665E+00	5.00690076E-03	-2.90137797E-02
-6.49604149E+00	1.04209201E+01	4.95003640E-03	-2.92201275E-02
-2.87164444E+00	1.48526882E+01	4.89185935E-03	-2.94302792E-02
8.24971785E-01	1.77560970E+01	4.83232311E-03	-2.96443620E-02
4.27270377E+00	1.87778710E+01	4.77137891E-03	-2.98625090E-02
7.19924412E+00	1.77701529E+01	4.70897565E-03	-3.00848600E-02
9.39805058E+00	1.48121304E+01	4.64505971E-03	-3.03115612E-02
1.07367490E+01	1.02052296E+01	4.57957483E-03	-3.05427664E-02
1.11578948E+01	4.44190464E+00	4.51246189E-03	-3.07786369E-02
1.06738168E+01	-1.84867059E+00	4.44365878E-03	-3.10193420E-02
9.35763038E+00	-7.97179190E+00	4.37310018E-03	-3.12650600E-02
7.33243492E+00	-1.32469062E+01	4.30071736E-03	-3.15159782E-02
4.76027451E+00	-1.70862564E+01	4.22643794E-03	-3.17722939E-02
1.83177416E+00	-1.90630110E+01	4.15018568E-03	-3.20342150E-02
-1.24336305E+00	-1.89606394E+01	4.07188018E-03	-3.23019606E-02
-4.24543485E+00	-1.67975725E+01	3.99143659E-03	-3.25757617E-02
-6.95420638E+00	-1.28242210E+01	3.90876536E-03	-3.28558626E-02
-9.15961968E+00	-7.49281026E+00	3.82377182E-03	-3.31425209E-02
-1.06742973E+01	-1.40381912E+00	3.73635589E-03	-3.34360095E-02
-1.13477971E+01	4.76436632E+00	3.64641161E-03	-3.37366170E-02
-1.10818130E+01	1.03339911E+01	3.55382679E-03	-3.40446490E-02
-9.84474527E+00	1.47051843E+01	3.45848248E-03	-3.43604297E-02
-7.68346537E+00	1.74227548E+01	3.36025245E-03	-3.46843031E-02
-4.72982491E+00	1.82247993E+01	3.25900267E-03	-3.50166343E-02
-1.19961726E+00	1.70677671E+01	3.15459069E-03	-3.53578119E-02
2.61766923E+00	1.41256108E+01	3.04686491E-03	-3.57082491E-02
6.37891435E+00	9.76385926E+00	2.93566392E-03	-3.60683862E-02
9.71650168E+00	4.49246083E+00	2.82081561E-03	-3.64386927E-02
1.22743245E+01	-1.09631198E+00	2.70213634E-03	-3.68196699E-02
1.37471214E+01	-6.39702669E+00	2.57942990E-03	-3.72118534E-02
1.39186149E+01	-1.08589084E+01	2.45248647E-03	-3.76158166E-02
1.26934815E+01	-1.40444161E+01	2.32108137E-03	-3.80321733E-02
1.01184133E+01	-1.56721626E+01	2.18497375E-03	-3.84615823E-02
6.38846348E+00	-1.56399677E+01	2.04390509E-03	-3.89047509E-02
1.83643117E+00	-1.40264527E+01	1.89759758E-03	-3.93624397E-02
-3.09493117E+00	-1.10722634E+01	1.74575224E-03	-3.98354679E-02
-7.89587306E+00	-7.14438851E+00	1.58804693E-03	-4.03247188E-02
-1.20436108E+01	-2.68885182E+00	1.42413400E-03	-4.08311465E-02
-1.50614086E+01	1.82192108E+00	1.25363772E-03	-4.13557830E-02
-1.65758115E+01	5.94059629E+00	1.07615146E-03	-4.18997463E-02
-1.63648549E+01	9.28948176E+00	8.91234332E-04	-4.24642498E-02
-1.43907954E+01	1.15936721E+01	6.98407618E-04	-4.30506124E-02
-1.08125234E+01	1.27001174E+01	4.97150548E-04	-4.36602706E-02
-5.97514672E+00	1.25819131E+01	2.86895613E-04	-4.42947918E-02
-3.77000267E-01	1.13289695E+01	6.70231926E-05	-4.49558894E-02
5.38280429E+00	9.12773726E+00	-1.63144561E-04	-4.56454409E-02
1.06706115E+01	6.23365885E+00	-4.04350727E-04	-4.63655072E-02
1.48906267E+01	2.94040232E+00	-6.57411652E-04	-4.71183561E-02
1.75548635E+01	-4.50275525E-01	-9.23226209E-04	-4.79064892E-02
1.83420627E+01	-3.65489698E+00	-1.20278649E-03	-4.87326722E-02
1.71381564E+01	-6.42876464E+00	-1.49719020E-03	-4.95999716E-02
1.40529800E+01	-8.57967121E+00	-1.80765510E-03	-5.05117961E-02
9.41076819E+00	-9.97499580E+00	-2.13553588E-03	-5.14719462E-02
3.71517897E+00	-1.05432245E+01	-2.48234391E-03	-5.24846720E-02
-2.40725620E+00	-1.02714346E+01	-2.84977063E-03	-5.35547420E-02
-8.27864855E+00	-9.20038425E+00	-3.23971509E-03	-5.46875246E-02
-1.32477287E+01	-7.41858610E+00	-3.65431685E-03	-5.58890856E-02
-1.67649317E+01	-5.05621337E+00	-4.09599524E-03	-5.71663054E-02
-1.84455633E+01	-2.27903769E+00	-4.56749664E-03	-5.85270206E-02
-1.81134768E+01	7.18011586E-01	-5.07195156E-03	-5.99801964E-02
-1.58200912E+01	3.71849464E+00	-5.61294427E-03	-6.15361371E-02
-1.18366250E+01	6.49426383E+00	-6.19459795E-03	-6.32067462E-02
-6.62070423E+00	8.81814579E+00	-6.82167982E-03	-6.50058494E-02
-7.61622677E-01	1.04796834E+01	-7.49973191E-03	-6.69495990E-02
5.08892364E+00	1.13033461E+01	-8.23523490E-03	-6.90569850E-02
1.02921387E+01	1.11677652E+01	-9.03581533E-03	-7.13504871E-02
1.42943982E+01	1.00237909E+01	-9.91051014E-03	-7.38569147E-02
1.66879792E+01	7.90867258E+00	-1.08701080E-02	-7.66085030E-02
1.72533406E+01	4.95357457E+00	-1.19275944E-02	-7.96443579E-02
1.59784651E+01	1.38202903E+00	-1.30987396E-02	-8.30123906E-02
1.30536868E+01	-2.50219929E+00	-1.44028852E-02	-8.67719425E-02
8.84344619E+00	-6.33809079E+00	-1.58640131E-02	-9.09974106E-02
3.83915170E+00	-9.73993756E+00	-1.75122201E-02	-9.57833439E-02
-1.40054926E+00	-1.23367119E+01	-1.93857919E-02	-1.01251761E-01
-6.31453449E+00	-1.38141325E+01	-2.15341763E-02	-1.07562903E-01
-1.04011857E+01	-1.39544465E+01	-2.40223450E-02	-1.14931465E-01
-1.32704820E+01	-1.26686853E+01	-2.69373560E-02	-1.23651862E-01
-1.46806727E+01	-1.00166049E+01	-3.03985119E-02	-1.34138989E-01
-1.45561694E+01	-6.21068873E+00	-3.45736068E-02	-1.46996809E-01
-1.29857570E+01	-1.60235732E+00	-3.97058764E-02	-1.63139770E-01
-1.02026582E+01	3.34930491E+00	-4.61605696E-02	-1.84021406E-01
-6.55005504E+00	8.12370351E+00	-5.45089839E-02	-2.12099330E-01
-2.43715736E+00	1.21950660E+01	-6.56859590E-02	-2.51880175E-01
1.70836753E+00	1.50926348E+01	-8.12839729E-02	-3.12605091E-01
5.48584938E+00	1.64575273E+01	-1.03956690E-01	-4.16612614E-01
8.55998696E+00	1.60890945E+01	-1.35401305E-01	-6.34590731E-01
1.06885179E+01	1.39745677E+01	-9.14363767E-02	-1.34655024E+00
1.17372470E+01	1.02976048E+01	3.84115726E+00	6.69413210E-01
1.16822499E+01	5.42381473E+00	5.57837832E-01	7.96942012E-01
1.06006497E+01	-1.35844336E-01	2.62753110E-01	4.51462778E-01
8.65257263E+00	-5.78008971E+00	1.71014287E-01	3.08290663E-01
6.05758909E+00	-1.08846333E+01	1.27468136E-01	2.30979088E-01
3.06909701E+00	-1.48739500E+01	1.02250847E-01	1.82696501E-01
-5.02517126E-02	-1.72888885E+01	8.58599362E-02	1.49693084E-01
-3.04972615E+00	-1.78418337E+01	7.43715520E-02	1.25704179E-01
-5.70690421E+00	-1.64525047E+01	6.58804384E-02	1.07473817E-01
-7.83888467E+00	-1.32597468E+01	5.93526854E-02	9.31439553E-02
-9.30879179E+00	-8.60757991E+00	5.41797278E-02	8.15775543E-02
-1.00286199E+01	-3.00691557E+00	4.99804170E-02	7.20400032E-02
-9.95969277E+00	2.92262846E+00	4.65040455E-02	6.40356478E-02
-9.11188719E+00	8.52391539E+00	4.35790279E-02	5.72179790E-02
-7.54235511E+00	1.31779523E+01	4.10840138E-02	5.13374799E-02
-5.35389908E+00	1.63749463E+01	3.89307802E-02	4.62099186E-02
-2.69255564E+00	1.77722507E+01	3.70536626E-02	4.16963122E-02
2.56521706E-01	1.72323379E+01	3.54027854E-02	3.76898408E-02
3.27599253E+00	1.48364250E+01	3.39395901E-02	3.41070540E-02
6.12705467E+00	1.08723913E+01	3.26338008E-02	3.08818112E-02
8.56447417E+00	5.79877704E+00	3.14613150E-02	2.79610153E-02
1.03556768E+01	1.89539549E-01	3.04027080E-02	2.53015477E-02
1.13027481E+01	-5.33349860E+00	2.94421511E-02	2.28680288E-02
1.12652866E+01	-1.01722229E+01	2.85666170E-02	2.06311564E-02
1.01813439E+01	-1.38192371E+01	2.77652867E-02	1.85664532E-02
8.08332022E+00	-1.59125057E+01	2.70291006E-02	1.66533128E-02
5.10579286E+00	-1.62715455E+01	2.63504154E-02	1.48742631E-02
1.48287368E+00	-1.49115167E+01	2.57227376E-02	1.32143914E-02
-2.46620803E+00	-1.20343583E+01	2.51405154E-02	1.16608918E-02
-6.36314391E+00	-7.99892597E+00	2.45989738E-02	1.02027054E-02
-9.80642297E+00	-3.27453982E+00	2.40939838E-02	8.83023171E-03
-1.24136966E+01	1.61584407E+00	2.36219562E-02	7.53509509E-03
-1.38660203E+01	6.15567587E+00	2.31797567E-02	6.30995529E-03
-1.39486207E+01	9.89089211E+00	2.27646360E-02	5.14835156E-03
-1.25827718E+01	1.24757380E+01	2.23741721E-02	4.04457433E-03
-9.84404396E+00	1.37036509E+01	2.20062235E-02	2.99355863E-03
-5.96357090E+00	1.35206234E+01	2.16588893E-02	1.99079518E-03
-1.31092397E+00	1.20207536E+01	2.13304768E-02	1.03225571E-03
3.64054468E+00	9.42585322E+00	2.10194733E-02	1.14330110E-04
8.36272002E+00	6.05275554E+00	2.07245231E-02	-7.66226941E-04
1.23309027E+01	2.27313594E+00	2.04444076E-02	-1.61234132E-03
1.50844868E+01	-1.52887989E+00	2.01780284E-02	-2.42665825E-03
1.62828098E+01	-4.99629612E+00	1.99243926E-02	-3.21157557E-03
1.57491078E+01	-7.83186120E+00	1.96826009E-02	-3.96927241E-03
1.34966948E+01	-9.82087955E+00	1.94518364E-02	-4.70173395E-03
9.73348385E+00	-1.08429238E+01	1.92313556E-02	-5.41077296E-03
4.84354252E+00	-1.08726789E+01	1.90204802E-02	-6.09804847E-03
-6.52798336E-01	-9.97145063E+00	1.88185903E-02	-6.76508215E-03
-6.15603695E+00	-8.27178380E+00	1.86251180E-02	-7.41327259E-03
-1.10552938E+01	-5.95807030E+00	1.84395421E-02	-8.04390791E-03
-1.47988189E+01	-3.24597946E+00	1.82613838E-02	-8.65817680E-03
-1.69587237E+01	-3.63080409E-01	1.80902019E-02	-9.25717831E-03
-1.72820101E+01	2.46771834E+00	1.79255895E-02	-9.84193054E-03
-1.57215458E+01	5.04114905E+00	1.77671706E-02	-1.04133783E-02
-1.24430299E+01	7.17902962E+00	1.76145974E-02	-1.09723999E-02
-7.80691514E+00	8.73682655E+00	1.74675475E-02	-1.15198134E-02
-2.32732942E+00	9.60829987E+00	1.73257217E-02	-1.20563819E-02
3.38713096E+00	9.72917270E+00	1.71888420E-02	-1.25828186E-02
8.70362762E+00	9.08044924E+00	1.70566497E-02	-1.30997909E-02
1.30378793E+01	7.69148064E+00	1.69289038E-02	-1.36079248E-02
1.59208038E+01	5.64228377E+00	1.68053794E-02	-1.41078079E-02
1.70510830E+01	3.06410212E+00	1.66858664E-02	-1.45999931E-02
1.63275207E+01	1.36899545E-01	1.65701686E-02	-1.50850012E-02
1.38576029E+01	-2.91750627E+00	1.64581020E-02	-1.55633237E-02
9.94161683E+00	-5.84759219E+00	1.63494945E-02	-1.60354251E-02
5.03467342E+00	-8.38978360E+00	1.62441843E-02	-1.65017451E-02
-3.08386437E-01	-1.02909095E+01	1.61420197E-02	-1.69627006E-02
-5.49825503E+00	-1.13337442E+01	1.60428582E-02	-1.74186874E-02
-9.97858931E+00	-1.13630096E+01	1.59465654E-02	-1.78700822E-02
-1.32875751E+01	-1.03085756E+01	1.58530149E-02	-1.83172437E-02
-1.51065524E+01	-8.20239134E+00	1.57620878E-02	-1.87605139E-02
-1.52904400E+01	-5.18598754E+00	1.56736714E-02	-1.92002202E-02
-1.38770962E+01	-1.50623483E+00	1.55876598E-02	-1.96366756E-02
-1.10754137E+01	2.50165195E+00	1.55039527E-02	-2.00701803E-02
-7.23452226E+00	6.44326071E+00	1.54224551E-02	-2.05010226E-02
-2.79863706E+00	9.90396398E+00	1.53430774E-02	-2.09294798E-02
1.74641394E+00	1.24938563E+01	1.52657345E-02	-2.13558192E-02
5.92828215E+00	1.38935938E+01	1.51903458E-02	-2.17802986E-02
9.33831424E+00	1.38955014E+01	1.51168349E-02	-2.22031675E-02
1.16713972E+01	1.24344563E+01	1.50451292E-02	-2.26246672E-02
1.27515629E+01	9.60395230E+00	1.49751597E-02	-2.30450321E-02
1.25414800E+01	5.65433235E+00	1.49068610E-02	-2.34644897E-02
1.11360482E+01	9.72265783E-01	1.48401707E-02	-2.38832616E-02
8.74220333E+00	-3.95711129E+00	1.47750295E-02	-2.43015638E-02
5.64851698E+00	-8.60168211E+00	1.47113809E-02	-2.47196073E-02
2.18905272E+00	-1.24418261E+01	1.46491711E-02	-2.51375986E-02
-1.29382780E+00	-1.50309643E+01	1.45883487E-02	-2.55557401E-02
-4.48341824E+00	-1.60498069E+01	1.45288649E-02	-2.59742304E-02
-7.11600421E+00	-1.53474274E+01	1.44706728E-02	-2.63932651E-02
-8.99945969E+00	-1.29636816E+01	1.44137277E-02	-2.68130367E-02
-1.00223560E+01	-9.12964227E+00	1.43579872E-02	-2.72337353E-02
-1.01541274E+01	-4.24535991E+00	1.43034103E-02	-2.76555487E-02
-9.43786055E+00	1.16293106E+00	1.42499580E-02	-2.80786630E-02
-7.97791525E+00	6.50143512E+00	1.41975930E-02	-2.85032629E-02
-5.92478061E+00	1.11764559E+01	1.41462795E-02	-2.89295318E-02
-3.45936395E+00	1.46630585E+01	1.40959832E-02	-2.93576523E-02
-7.78378803E-01	1.65664498E+01	1.40466714E-02	-2.97878064E-02
1.91820999E+00	1.66685859E+01	1.39983125E-02	-3.02201758E-02
4.43745791E+00	1.49542645E+01	1.39508763E-02	-3.06549424E-02
6.60180673E+00	1.16134405E+01	1.39043338E-02	-3.10922883E-02
8.25628390E+00	7.01941337E+00	1.38586571E-02	-3.15323961E-02
9.27533290E+00	1.68549310E+00	1.38138195E-02	-3.19754493E-02
9.56983092E+00	-3.79461088E+00	1.37697954E-02	-3.24216326E-02
9.09437404E+00	-8.81546202E+00	1.37265599E-02	-3.28711322E-02
7.85431446E+00	-1.28293487E+01	1.36840893E-02	-3.33241357E-02
5.91146158E+00	-1.54082131E+01	1.36423608E-02	-3.37808329E-02
3.38695334E+00	-1.62907671E+01	1.36013522E-02	-3.42414157E-02
4.59685370E-01	-1.54094109E+01	1.35610425E-02	-3.47060786E-02
-2.64107761E+00	-1.28941206E+01	1.35214112E-02	-3.51750188E-02
-5.64968490E+00	-9.05332519E+00	1.34824386E-02	-3.56484367E-02
-8.28455728E+00	-4.33458603E+00	1.34441058E-02	-3.61265359E-02
-1.02739295E+01	7.29726528E-01	1.34063945E-02	-3.66095239E-02
-1.13846162E+01	5.58489521E+00	1.33692869E-02	-3.70976118E-02
-1.14506517E+01	9.71681809E+00	1.33327663E-02	-3.75910155E-02
-1.03981267E+01	1.27080341E+01	1.32968160E-02	-3.80899549E-02
-8.26250584E+00	1.42804901E+01	1.32614203E-02	-3.85946554E-02
-5.19522939E+00	1.43205859E+01	1.32265639E-02	-3.91053474E-02
-1.45745494E+00	1.28843677E+01	1.31922319E-02	-3.96222668E-02
2.59971819E+00	1.01832365E+01	1.31584101E-02	-4.01456558E-02
6.56746138E+00	6.55286857E+00	1.31250848E-02	-4.06757629E-02
1.00210264E+01	2.40991612E+00	1.30922426E-02	-4.12128431E-02
1.25667869E+01	-1.79773625E+00	1.30598706E-02	-4.17571591E-02
1.38890877E+01	-5.64097877E+00	1.30279563E-02	-4.23089807E-02
1.37910761E+01	-8.75395039E+00	1.29964878E-02	-4.28685861E-02
1.22240361E+01	-1.08682708E+01	1.29654534E-02	-4.34362621E-02
9.30085903E+00	-1.18339207E+01	1.29348419E-02	-4.40123044E-02
5.29103648E+00	-1.16255264E+01	1.29046424E-02	-4.45970181E-02
5.96769019E-01	-1.03346767E+01	1.28748444E-02	-4.51907189E-02
-4.28783937E+00	-8.15052027E+00	1.28454378E-02	-4.57937329E-02
-8.83029227E+00	-5.33207926E+00	1.28164127E-02	-4.64063975E-02
-1.25199136E+01	-2.17633273E+00	1.27877598E-02	-4.70290621E-02
-1.49276656E+01	1.01384972E+00	1.27594697E-02	-4.76620889E-02
-1.57582563E+01	3.95835551E+00	1.27315338E-02	-4.83058532E-02
-1.48879323E+01	6.42241426E+00	1.27039435E-02	-4.89607447E-02
-1.23829388E+01	8.23163406E+00	1.26766905E-02	-4.96271678E-02
-8.49589438E+00	9.27919703E+00	1.26497671E-02	-5.03055428E-02
-3.64000899E+00	9.52597062E+00	1.26231655E-02	-5.09963068E-02
1.65617574E+00	8.99504872E+00	1.25968785E-02	-5.16999144E-02
6.80838454E+00	7.76262120E+00	1.25708990E-02	-5.24168390E-02
1.12435467E+01	5.94706872E+00	1.25452203E-02	-5.31475738E-02
1.44660797E+01	3.69784502E+00	1.25198360E-02	-5.38926329E-02
1.61155209E+01	1.18514980E+00	1.24947400E-02	-5.46525527E-02
1.60085148E+01	-1.40924673E+00	1.24699263E-02	-5.54278931E-02
1.41600507E+01	-3.90024752E+00	1.24453894E-02	-5.62192390E-02
1.07813838E+01	-6.10735188E+00	1.24211241E-02	-5.70272018E-02
6.25492792E+00	-7.86299179E+00	1.23971254E-02	-5.78524209E-02
1.08923147E+00	-9.02184127E+00	1.23733888E-02	-5.86955659E-02
-4.14043891E+00	-9.47122772E+00	1.23499098E-02	-5.95573377E-02
-8.85866877E+00	-9.14217759E+00	1.23266846E-02	-6.04384713E-02
-1.25555901E+01	-8.01999804E+00	1.23037095E-02	-6.13397374E-02
-1.48438859E+01	-6.15277705E+00	1.22809814E-02	-6.22619451E-02
-1.55004783E+01	-3.65591191E+00	1.22584972E-02	-6.32059443E-02
-1.44882602E+01	-7.10845872E-01	1.22362546E-02	-6.41726281E-02
-1.19557599E+01	2.44335382E+00	1.22142516E-02	-6.51629362E-02
-8.21535326E+00	5.52613512E+00	1.21924865E-02	-6.61778577E-02
-3.70322501E+00	8.23880907E+00	1.21709583E-02	-6.72184346E-02
1.07360965E+00	1.02934218E+01	1.21496664E-02	-6.82857657E-02
5.59652328E+00	1.14443682E+01	1.21286108E-02	-6.93810101E-02
9.39352799E+00	1.15191321E+01	1.21077919E-02	-7.05053921E-02
1.20897588E+01	1.04441414E+01	1.20872112E-02	-7.16602054E-02
1.34446202E+01	8.26186708E+00	1.20668704E-02	-7.28468186E-02
1.33718956E+01	5.13601937E+00	1.20467722E-02	-7.40666807E-02
1.19413632E+01	1.34294275E+00	1.20269202E-02	-7.53213267E-02
9.36276520E+00	-2.75104826E+00	1.20073189E-02	-7.66123851E-02
5.95505504E+00	-6.72482103E+00	1.19879736E-02	-7.79415844E-02
2.10543764E+00	-1.01467230E+01	1.19688908E-02	-7.93107613E-02
-1.77635986E+00	-1.26232269E+01	1.19500784E-02	-8.07218695E-02
-5.30296358E+00	-1.38462070E+01	1.19315454E-02	-8.21769889E-02
-8.14828806E+00	-1.36329126E+01	1.19133025E-02	-8.36783366E-02
-1.00765790E+01	-1.19532664E+01	1.18953618E-02	-8.52282778E-02
-1.09591531E+01	-8.94041465E+00	1.18777375E-02	-8.68293392E-02
-1.07781359E+01	-4.88236688E+00	1.18604457E-02	-8.84842226E-02
-9.61814145E+00	-1.94848749E-01	1.18435049E-02	-9.01958204E-02
-7.64819016E+00	4.62212919E+00	1.18269361E-02	-9.19672332E-02
-5.09707632E+00	9.03932862E+00	1.18107634E-02	-9.38017888E-02
-2.22577859E+00	1.25586689E+01	1.17950139E-02	-9.57030631E-02
6.99630838E-01	1.47717553E+01	1.17797184E-02	-9.76749044E-02
3.43171222E+00	1.54093702E+01	1.17649122E-02	-9.97214595E-02
5.76005169E+00	1.43756684E+01	1.17506350E-02	-1.01847203E-01
7.52339232E+00	1.17625653E+01	1.17369320E-02	-1.04056972E-01
8.61557159E+00	7.84216387E+00	1.17238545E-02	-1.06356001E-01
8.98613985E+00	3.03774789E+00	1.17114606E-02	-1.08749967E-01
8.63703919E+00	-2.12346985E+00	1.16998168E-02	-1.11245033E-01
7.61687922E+00	-7.07036050E+00	1.16889983E-02	-1.13847905E-01
6.01417557E+00	-1.12535351E+01	1.16790910E-02	-1.16565894E-01
3.95049433E+00	-1.42087742E+01	1.16701932E-02	-1.19406982E-01
1.57389117E+00	-1.56105931E+01	1.16624168E-02	-1.22379901E-01
-9.47515319E-01	-1.53094970E+01	1.16558902E-02	-1.25494228E-01
-3.43240945E+00	-1.33484772E+01	1.16507609E-02	-1.28760485E-01
-5.69433523E+00	-9.95685799E+00	1.16471983E-02	-1.32190264E-01
-7.55158893E+00	-5.52237841E+00	1.16453979E-02	-1.35796358E-01
-8.83921052E+00	-5.45048235E-01	1.16455856E-02	-1.39592929E-01
-9.42274817E+00	4.42149785E+00	1.16480234E-02	-1.43595694E-01
-9.21278826E+00	8.83397702E+00	1.16530158E-02	-1.47822142E-01
-8.17861194E+00	1.22210605E+01	1.16609182E-02	-1.52291793E-01
-6.35890191E+00	1.42353292E+01	1.16721466E-02	-1.57026502E-01
-3.86729973E+00	1.46896381E+01	1.16871897E-02	-1.62050820E-01
-8.90878171E-01	1.35739835E+01	1.17066245E-02	-1.67392419E-01
2.31974689E+00	1.10514339E+01	1.17311343E-02	-1.73082608E-01
5.46894395E+00	7.43426837E+00	1.17615328E-02	-1.79156950E-01
8.24230373E+00	3.14381895E+00	1.17987934E-02	-1.85656011E-01
1.03384110E+01	-1.34063812E+00	1.18440871E-02	-1.92626269E-01
1.15028825E+01	-5.53749028E+00	1.18988302E-02	-2.00121235E-01
1.15606568E+01	-9.01617397E+00	1.19647471E-02	-2.08202832E-01
1.04422698E+01	-1.14421966E+01	1.20439510E-02	-2.16943121E-01
8.20018138E+00	-1.26089693E+01	1.21390504E-02	-2.26426457E-01
5.01213699E+00	-1.24534717E+01	1.22532912E-02	-2.36752234E-01
1.16997306E+00	-1.10548919E+01	1.23907470E-02	-2.48038390E-01
-2.94595720E+00	-8.61748360E+00	1.25565786E-02	-2.60425942E-01
-6.90467538E+00	-5.44070271E+00	1.27573919E-02	-2.74084920E-01
-1.02709749E+01	-1.88099652E+00	1.30017396E-02	-2.89222236E-01
-1.26551519E+01	1.68970834E+00	1.33008347E-02	-3.06092251E-01
-1.37601388E+01	4.92378891E+00	1.36695849E-02	-3.25011205E-01
-1.34200883E+01	7.53159709E+00	1.41281229E-02	-3.46377240E-01
-1.16252170E+01	9.30578519E+00	1.47041195E-02	-3.70698751E-01
-8.52919597E+00	1.01345064E+01	1.54363723E-02	-3.98635364E-01
-4.43740979E+00	1.00032497E+01	1.63805330E-02	-4.31058668E-01
2.23259164E-01	8.98647554E+00	1.76185550E-02	-4.69144744E-01
4.95011441E+00	7.23131151E+00	1.92748790E-02	-5.14519772E-01
9.22074762E+00	4.93622694E+00	2.15454276E-02	-5.69497952E-01
1.25530443E+01	2.32778597E+00	2.47523634E-02	-6.37488041E-01
1.45619029E+01	-3.61695027E-01	2.94543341E-02	-7.23726369E-01
1.50057013E+01	-2.91338721E+00	3.66866735E-02	-8.36688932E-01
1.38166599E+01	-5.13673214E+00	4.85400119E-02	-9.91048538E-01
1.11111328E+01	-6.87931017E+00	6.97512969E-02	-1.21458076E+00
7.17827404E+00	-8.03213113E+00	1.12962323E-01	-1.56688479E+00
2.44817766E+00	-8.53125198E+00	2.21657887E-01	-2.20251002E+00
-2.55686605E+00	-8.35689563E+00	6.32600467E-01	-3.67438003E+00
-7.28224577E+00	-7.53120291E+00	5.49254536E+00	-9.36689548E+00
-1.12048814E+01	-6.11544331E+00	3.61476757E+00	7.84381626E+00
-1.38933889E+01	-4.20703510E+00	5.91715910E-01	3.34996307E+00
-1.50573418E+01	-1.93620610E+00	2.40275332E-01	2.08411441E+00
-1.45797667E+01	5.38306710E-01	1.35102105E-01	1.50928622E+00
-1.25290880E+01	3.03535566E+00	8.98177473E-02	1.18252786E+00
-9.14927682E+00	5.36008249E+00	6.61253954E-02	9.72046070E-01
-4.82963192E+00	7.31570356E+00	5.21200745E-02	8.25229702E-01
-5.80837036E-02	8.71829921E+00	4.31166999E-02	7.17014528E-01
4.63614220E+00	9.41381188E+00	3.69633124E-02	6.33955985E-01
8.74347795E+00	9.29572543E+00	3.25566841E-02	5.68199514E-01
1.18312683E+01	8.32129703E+00	2.92826563E-02	5.14850434E-01
1.35906356E+01	6.52388088E+00	2.67766581E-02	4.70700390E-01
1.38677036E+01	4.01892169E+00	2.48108376E-02	4.33559001E-01
1.26759770E+01	1.00165358E+00	2.32366417E-02	4.01879933E-01
1.01890619E+01	-2.26460619E+00	2.19537356E-02	3.74540457E-01
6.71531667E+00	-5.46951803E+00	2.08922895E-02	3.50705733E-01
2.65814523E+00	-8.28476731E+00	2.00024355E-02	3.29742113E-01
-1.53278005E+00	-1.03984440E+01	1.92477557E-02	3.11159989E-01
-5.41322528E+00	-1.15510479E+01	1.86011272E-02	2.94575076E-01
-8.59284209E+00	-1.15687736E+01	1.80419960E-02	2.79681534E-01
-1.07748864E+01	-1.03896412E+01	1.75545436E-02	2.66232935E-01
-1.17831040E+01	-8.07855386E+00	1.71264265E-02	2.54028499E-01
-1.15734745E+01	-4.82847422E+00	1.67478915E-02	2.42902997E-01
-1.02304786E+01	-9.46483327E-01	1.64111445E-02	2.32719217E-01
-7.94944185E+00	3.17464427E+00	1.61098926E-02	2.23362266E-01
-5.00806189E+00	7.09680748E+00	1.58390071E-02	2.14735212E-01
-1.73128353E+00	1.03846473E+01	1.55942716E-02	2.06755703E-01
1.54587926E+00	1.26558380E+01	1.53721921E-02	1.99353330E-01
4.51315142E+00	1.36275360E+01	1.51698521E-02	1.92467533E-01
6.91374133E+00	1.31530950E+01	1.49848003E-02	1.86045941E-01
8.56445731E+00	1.12441128E+01	1.48149634E-02	1.80043030E-01
9.36597529E+00	8.07450645E+00	1.46585775E-02	1.74419043E-01
9.30338750E+00	3.96544358E+00	1.45141334E-02	1.69139102E-01
8.43833244E+00	-6.47688285E-01	1.43803337E-02	1.64172482E-01
6.89484933E+00	-5.26280392E+00	1.42560571E-02	1.59492013E-01
4.84153089E+00	-9.36775666E+00	1.41403304E-02	1.55073578E-01
2.47255251E+00	-1.24994338E+01	1.40323051E-02	1.50895696E-01
-1.02139249E-02	-1.42981974E+01	1.39312388E-02	1.46939175E-01
-2.41242925E+00	-1.45509900E+01	1.38364790E-02	1.43186809E-01
-4.55904953E+00	-1.32177131E+01	1.37474506E-02	1.39623132E-01
-6.30255121E+00	-1.04374759E+01	1.36636446E-02	1.36234203E-01
-7.52813399E+00	-6.51375453E+00	1.35846093E-02	1.33007421E-01
-8.15675637E+00	-1.88009406E+00	1.35099424E-02	1.29931369E-01
-8.14691278E+00	2.94961363E+00	1.34392847E-02	1.26995677E-01
-7.49584954E+00	7.44033331E+00	1.33723146E-02	1.24190906E-01
-6.24050846E+00	1.10974609E+01	1.33087433E-02	1.21508446E-01
-4.45799209E+00	1.35233815E+01	1.32483109E-02	1.18940424E-01
-2.26488802E+00	1.44622708E+01	1.31907826E-02	1.16479631E-01
1.85508998E-01	1.38278839E+01	1.31359465E-02	1.14119451E-01
2.70909008E+00	1.17112037E+01	1.30836102E-02	1.11853800E-01
5.10071436E+00	8.36731554E+00	1.30335989E-02	1.09677076E-01
7.14814015E+00	4.18341323E+00	1.29857537E-02	1.07584114E-01
8.64964516E+00	-3.67897643E-01	1.29399295E-02	1.05570137E-01
9.43406817E+00	-4.78413153E+00	1.28959938E-02	1.03630728E-01
9.38125478E+00	-8.59048901E+00	1.28538253E-02	1.01761793E-01
8.44034688E+00	-1.13925880E+01	1.28133127E-02	9.99595313E-02
6.64314768E+00	-1.29182776E+01	1.27743538E-02	9.82204127E-02
4.11000304E+00	-1.30439698E+01	1.27368547E-02	9.65411509E-02
1.04628560E+00	-1.18029591E+01	1.27007286E-02	9.49186844E-02
-2.27140013E+00	-9.37547072E+00	1.26658956E-02	9.33501568E-02
-5.51887405E+00	-6.06240128E+00	1.26322818E-02	9.18329008E-02
-8.35608410E+00	-2.24658699E+00	1.25998187E-02	9.03644219E-02
-1.04637508E+01	1.65324201E+00	1.25684431E-02	8.89423852E-02
-1.15808595E+01	5.23005669E+00	1.25380960E-02	8.75646025E-02
-1.15383974E+01	8.13204601E+00	1.25087228E-02	8.62290212E-02
-1.02848106E+01	1.00972605E+01	1.24802725E-02	8.49337138E-02
-7.89936414E+00	1.09759673E+01	1.24526979E-02	8.36768686E-02
-4.59085896E+00	1.07390169E+01	1.24259548E-02	8.24567810E-02
-6.80871102E-01	9.47233407E+00	1.24000018E-02	8.12718460E-02
3.42739144E+00	7.35930381E+00	1.23748005E-02	8.01205506E-02
7.29161297E+00	4.65413109E+00	1.23503147E-02	7.90014676E-02
1.04796566E+01	1.65005775E+00	1.23265107E-02	7.79132495E-02
1.26198962E+01	-1.35344375E+00	1.23033568E-02	7.68546230E-02
1.34464725E+01	-4.08069346E+00	1.22808232E-02	7.58243841E-02
1.28337226E+01	-6.30401095E+00	1.22588821E-02	7.48213933E-02
1.08151632E+01	-7.86015608E+00	1.22375072E-02	7.38445712E-02
7.58417625E+00	-8.65826377E+00	1.22166738E-02	7.28928950E-02
3.47573906E+00	-8.67968667E+00	1.21963586E-02	7.19653946E-02
-1.06911150E+00	-7.97109641E+00	1.21765397E-02	7.10611489E-02
-5.55219693E+00	-6.63280139E+00	1.21571964E-02	7.01792836E-02
-9.47485734E+00	-4.80446608E+00	1.21383091E-02	6.93189673E-02
-1.23956379E+01	-2.65027672E+00	1.21198594E-02	6.84794096E-02
-1.39820393E+01	-3.45164203E-01	1.21018298E-02	6.76598583E-02
-1.40500006E+01	1.93691892E+00	1.20842038E-02	6.68595972E-02
-1.25862206E+01	4.03232840E+00	1.20669657E-02	6.60779438E-02
-9.75049238E+00	5.79489657E+00	1.20501007E-02	6.53142478E-02
-5.85766738E+00	7.10154789E+00	1.20335948E-02	6.45678886E-02
-1.34136541E+00	7.85709488E+00	1.20174346E-02	6.38382740E-02
3.29621073E+00	7.99881026E+00	1.20016074E-02	6.31248386E-02
7.54230100E+00	7.50101891E+00	1.19861011E-02	6.24270422E-02
1.09324649E+01	6.37947635E+00	1.19709044E-02	6.17443684E-02
1.31032631E+01	4.69481590E+00	1.19560062E-02	6.10763234E-02
1.38325201E+01	2.55397640E+00	1.19413963E-02	6.04224345E-02
1.30625340E+01	1.08371726E-01	1.19270647E-02	5.97822496E-02
1.09037431E+01	-2.45230295E+00	1.19130019E-02	5.91553353E-02
7.61878216E+00	-4.91130030E+00	1.18991991E-02	5.85412766E-02
3.58924385E+00	-7.04106972E+00	1.18856477E-02	5.79396754E-02
-7.30491526E-01	-8.62366410E+00	1.18723393E-02	5.73501501E-02
-4.86654070E+00	-9.47357369E+00	1.18592663E-02	5.67723346E-02
-8.37940349E+00	-9.46051862E+00	1.18464211E-02	5.62058773E-02
-1.09120723E+01	-8.52927158E+00	1.18337966E-02	5.56504407E-02
-1.22269080E+01	-6.71351296E+00	1.18213859E-02	5.51057006E-02
-1.22273897E+01	-4.14110327E+00	1.18091825E-02	5.45713454E-02
-1.09628353E+01	-1.02898262E+00	1.17971801E-02	5.40470754E-02
-8.61632627E+00	2.33290287E+00	1.17853727E-02	5.35326024E-02
-5.47808862E+00	5.60783711E+00	1.17737545E-02	5.30276493E-02
-1.90821395E+00	8.44647734E+00	1.17623201E-02	5.25319492E-02
1.70632590E+00	1.05253803E+01	1.17510640E-02	5.20452450E-02
4.99502813E+00	1.15854910E+01	1.17399813E-02	5.15672894E-02
7.64252907E+00	1.14658062E+01	1.17290669E-02	5.10978438E-02
9.41846235E+00	1.01276810E+01	1.17183163E-02	5.06366783E-02
1.01957380E+01	7.66612581E+00	1.17077249E-02	5.01835714E-02
9.95608748E+00	4.30587255E+00	1.16972884E-02	4.97383092E-02
8.78335138E+00	3.81796473E-01	1.16870026E-02	4.93006855E-02
6.84641906E+00	-3.69474687E+00	1.16768634E-02	4.88705013E-02
4.37479265E+00	-7.48024224E+00	1.16668670E-02	4.84475642E-02
1.63032585E+00	-1.05490506E+01	1.16570097E-02	4.80316888E-02
-1.12125029E+00	-1.25432779E+01	1.16472879E-02	4.76226957E-02
-3.63581885E+00	-1.32163744E+01	1.16376981E-02	4.72204117E-02
-5.71097765E+00	-1.24649259E+01	1.16282370E-02	4.68246692E-02
-7.19935075E+00	-1.03443843E+01	1.16189014E-02	4.64353064E-02
-8.01477353E+00	-7.06636578E+00	1.16096882E-02	4.60521666E-02
-8.13196495E+00	-2.97737377E+00	1.16005943E-02	4.56750984E-02
-7.58101091E+00	1.47888863E+00	1.15916169E-02	4.53039550E-02
-6.43837251E+00	5.81137067E+00	1.15827533E-02	4.49385946E-02
-4.81618290E+00	9.53786055E+00	1.15740006E-02	4.45788798E-02
-2.85134357E+00	1.22408041E+01	1.15653563E-02	4.42246774E-02
-6.95463856E-01	1.36160152E+01	1.15568178E-02	4.38758586E-02
1.49387744E+00	1.35083482E+01	1.15483828E-02	4.35322985E-02
3.56060428E+00	1.19299658E+01	1.15400489E-02	4.31938761E-02
5.35679977E+00	9.05895515E+00	1.15318138E-02	4.28604738E-02
6.74917092E+00	5.21845434E+00	1.15236752E-02	4.25319780E-02
7.62587102E+00	8.38837285E-01	1.15156311E-02	4.22082782E-02
7.90392481E+00	-3.59242848E+00	1.15076793E-02	4.18892675E-02
7.53704014E+00	-7.58716115E+00	1.14998180E-02	4.15748418E-02
6.52307485E+00	-1.07122834E+01	1.14920450E-02	4.12649004E-02
4.90998095E+00	-1.26384306E+01	1.14843586E-02	4.09593453E-02
2.79878446E+00	-1.31756730E+01	1.14767569E-02	4.06580815E-02
3.42164914E-01	-1.22923397E+01	1.14692381E-02	4.03610166E-02
-2.26248448E+00	-1.01150670E+01	1.14618006E-02	4.00680611E-02
-4.78602253E+00	-6.91051494E+00	1.14544426E-02	3.97791276E-02
-6.98621982E+00	-3.05140910E+00	1.14471626E-02	3.94941317E-02
-8.63083754E+00	1.02861243E+00	1.14399589E-02	3.92129909E-02
-9.52295033E+00	4.88565038E+00	1.14328301E-02	3.89356252E-02
-9.52564051E+00	8.11552919E+00	1.14257746E-02	3.86619568E-02
-8.58283368E+00	1.03972623E+01	1.14187911E-02	3.83919100E-02
-6.73312629E+00	1.15251710E+01	1.14118781E-02	3.81254112E-02
-4.11400988E+00	1.14264130E+01	1.14050342E-02	3.78623888E-02
-9.54889276E-01	1.01625897E+01	1.13982582E-02	3.76027730E-02
2.44138178E+00	7.91609179E+00	1.13915487E-02	3.73464960E-02
5.72722932E+00	4.96364089E+00	1.13849046E-02	3.70934918E-02
8.54667110E+00	1.64088367E+00	1.13783245E-02	3.68436959E-02
1.05753121E+01	-1.69727398E+00	1.13718073E-02	3.65970459E-02
1.15593383E+01	-4.71571265E+00	1.13653519E-02	3.63534806E-02
1.13486127E+01	-7.13307530E+00	1.13589571E-02	3.61129407E-02
9.91940482E+00	-8.74718205E+00	1.13526219E-02	3.58753681E-02
7.38333354E+00	-9.44971622E+00	1.13463451E-02	3.56407066E-02
3.98066498E+00	-9.22950130E+00	1.13401258E-02	3.54089010E-02
5.79928591E-02	-8.16513027E+00	1.13339629E-02	3.51798977E-02
-3.96769056E+00	-6.40891602E+00	1.13278554E-02	3.49536445E-02
-7.65471812E+00	-4.16496147E+00	1.13218024E-02	3.47300904E-02
-1.05870610E+01	-1.66452417E+00	1.13158030E-02	3.45091855E-02
-1.24232547E+01	8.58236175E-01	1.13098562E-02	3.42908815E-02
-1.29379296E+01	3.18752591E+00	1.13039612E-02	3.40751310E-02
-1.20506777E+01	5.14237377E+00	1.12981171E-02	3.38618878E-02
-9.83841697E+00	6.58736219E+00	1.12923230E-02	3.36511068E-02
-6.52937655E+00	7.43761949E+00	1.12865781E-02	3.34427440E-02
-2.47906290E+00	7.65880588E+00	1.12808816E-02	3.32367566E-02
1.86919044E+00	7.26332083E+00	1.12752328E-02	3.30331024E-02
6.03454113E+00	6.30415274E+00	1.12696307E-02	3.28317407E-02
9.55387489E+00	4.86769195E+00	1.12640748E-02	3.26326314E-02
1.20353448E+01	3.06649397E+00	1.12585643E-02	3.24357354E-02
1.32037574E+01	1.03250847E+00	1.12530984E-02	3.22410146E-02
1.29323209E+01	-1.08920243E+00	1.12476765E-02	3.20484318E-02
1.12569346E+01	-3.14663087E+00	1.12422979E-02	3.18579504E-02
8.37134076E+00	-4.98746402E+00	1.12369618E-02	3.16695348E-02
4.60380707E+00	-6.46676756E+00	1.12316678E-02	3.14831503E-02
3.78263816E-01	-7.45602434E+00	1.12264150E-02	3.12987629E-02
-3.83530838E+00	-7.85339719E+00	1.12212029E-02	3.11163392E-02
-7.57518709E+00	-7.59454350E+00	1.12160309E-02	3.09358468E-02
-1.04403716E+01	-6.66278562E+00	1.12108984E-02	3.07572538E-02
-1.21349940E+01	-5.09705679E+00	1.12058048E-02	3.05805291E-02
-1.24995690E+01	-2.99590017E+00	1.12007495E-02	3.04056424E-02
-1.15256865E+01	-5.15966121E-01	1.11957320E-02	3.02325637E-02
-9.35284220E+00	2.13605439E+00	1.11907518E-02	3.00612640E-02
-6.24830619E+00	4.71834637E+00	1.11858082E-02	2.98917149E-02
-2.57295196E+00	6.97506048E+00	1.11809008E-02	2.97238883E-02
1.26242893E+00	8.66188674E+00	1.11760290E-02	2.95577570E-02
4.84482120E+00	9.57352156E+00	1.11711924E-02	2.93932942E-02
7.80492017E+00	9.56980378E+00	1.11663904E-02	2.92304738E-02
9.85600186E+00	8.59705737E+00	1.11616226E-02	2.90692703E-02
1.08215267E+01	6.70141475E+00	1.11568885E-02	2.89096583E-02
1.06488464E+01	4.03161555E+00	1.11521877E-02	2.87516135E-02
9.40820111E+00	8.29920365E-01	1.11475197E-02	2.85951118E-02
7.27801342E+00	-2.58878223E+00	1.11428839E-02	2.84401295E-02
4.51907214E+00	-5.86804587E+00	1.11382802E-02	2.82866436E-02
1.44135996E+00	-8.64803156E+00	1.11337078E-02	2.81346315E-02
-1.63210575E+00	-1.06065414E+01	1.11291666E-02	2.79840710E-02
-4.40002921E+00	-1.14980373E+01	1.11246560E-02	2.78349403E-02
-6.61233263E+00	-1.11857105E+01	1.11201756E-02	2.76872182E-02
-8.09151262E+00	-9.66226824E+00	1.11157251E-02	2.75408838E-02
-8.74423311E+00	-7.05630158E+00	1.11113041E-02	2.73959167E-02
-8.56287702E+00	-3.62277179E+00	1.11069122E-02	2.72522967E-02
-7.61802474E+00	2.81910629E-01	1.11025489E-02	2.71100043E-02
-6.04381304E+00	4.23778029E+00	1.10982141E-02	2.69690201E-02
-4.01874275E+00	7.80802862E+00	1.10939072E-02	2.68293253E-02
-1.74469976E+00	1.05891289E+01	1.10896279E-02	2.66909013E-02
5.73250041E-01	1.22583738E+01	1.10853760E-02	2.65537298E-02
2.74425973E+00	1.26129796E+01	1.10811510E-02	2.64177932E-02
4.60499617E+00	1.15958126E+01	1.10769526E-02	2.62830738E-02
6.02833252E+00	9.30434627E+00	1.10727805E-02	2.61495545E-02
6.92766949E+00	5.98147226E+00	1.10686344E-02	2.60172185E-02
7.25766260E+00	1.98900903E+00	1.10645139E-02	2.58860491E-02
7.01242504E+00	-2.23309816E+00	1.10604188E-02	2.57560303E-02
6.22229591E+00	-6.21709718E+00	1.10563487E-02	2.56271460E-02
4.95004209E+00	-9.52127054E+00	1.10523034E-02	2.54993806E-02
3.28697596E+00	-1.17808366E+01	1.10482825E-02	2.53727188E-02
1.34902245E+00	-1.27497934E+01	1.10442857E-02	2.52471455E-02
-7.27630065E-01	-1.23287017E+01	1.10403129E-02	2.51226460E-02
-2.79191179E+00	-1.05751361E+01	1.10363636E-02	2.49992056E-02
-4.68493888E+00	-7.69567511E+00	1.10324377E-02	2.48768102E-02
-6.24921576E+00	-4.02056113E+00	1.10285348E-02	2.47554458E-02
-7.34000618E+00	3.57345967E-02	1.10246547E-02	2.46350985E-02
-7.83835055E+00	4.02313487E+00	1.10207971E-02	2.45157549E-02
-7.66461491E+00	7.50782015E+00	1.10169618E-02	2.43974016E-02
-6.79095204E+00	1.01211055E+01	1.10131485E-02	2.42800258E-02
-5.25075348E+00	1.15996008E+01	1.10093570E-02	2.41636145E-02
-3.14316243E+00	1.18121241E+01	1.10055870E-02	2.40481552E-02
-6.31047550E-01	1.07705654E+01	1.10018383E-02	2.39336354E-02
2.06850361E+00	8.62393024E+00	1.09981107E-02	2.38200432E-02
4.70119321E+00	5.63685212E+00	1.09944039E-02	2.37073664E-02
6.99898276E+00	2.15569200E+00	1.09907176E-02	2.35955934E-02
8.70793042E+00	-1.43327866E+00	1.09870517E-02	2.34847126E-02
9.61742597E+00	-4.74835529E+00	1.09834060E-02	2.33747127E-02
9.58730426E+00	-7.45420544E+00	1.09797802E-02	2.32655826E-02
8.56921259E+00	-9.29625898E+00	1.09761741E-02	2.31573112E-02
6.61900081E+00	-1.01240908E+01	1.09725875E-02	2.30498878E-02
3.89778203E+00	-9.90173673E+00	1.09690202E-02	2.29433019E-02
6.60591001E-01	-8.70458600E+00	1.09654720E-02	2.28375429E-02
-2.76690599E+00	-6.70413080E+00	1.09619427E-02	2.27326007E-02
-6.02161567E+00	-4.14322543E+00	1.09584320E-02	2.26284651E-02
-8.74268617E+00	-1.30544496E+00	1.09549399E-02	2.25251262E-02
-1.06131400E+01	1.51745059E+00	1.09514660E-02	2.24225744E-02
-1.13984561E+01	4.05606480E+00	1.09480103E-02	2.23207999E-02
-1.09771997E+01	6.08865084E+00	1.09445725E-02	2.22197935E-02
-9.35956090E+00	7.45882759E+00	1.09411524E-02	2.21195457E-02
-6.69099742E+00	8.08458633E+00	1.09377499E-02	2.20200474E-02
-3.23993609E+00	7.95863976E+00	1.09343648E-02	2.19212897E-02
6.29552584E-01	7.14121241E+00	1.09309969E-02	2.18232638E-02
4.49727628E+00	5.74714403E+00	1.09276460E-02	2.17259608E-02
7.93419448E+00	3.92959525E+00	1.09243120E-02	2.16293723E-02
1.05519054E+01	1.86268700E+00	1.09209947E-02	2.15334898E-02
1.20483910E+01	-2.74887995E-01	1.09176939E-02	2.14383050E-02
1.22443953E+01	-2.31378534E+00	1.09144095E-02	2.13438098E-02
1.11058645E+01	-4.10463512E+00	1.09111413E-02	2.12499961E-02
8.74952423E+00	-5.52522007E+00	1.09078891E-02	2.11568560E-02
5.43071323E+00	-6.48460603E+00	1.09046528E-02	2.10643817E-02
1.51477239E+00	-6.92497711E+00	1.09014323E-02	2.09725655E-02
-2.56467824E+00	-6.82203534E+00	1.08982273E-02	2.08813999E-02
-6.35560943E+00	-6.18469475E+00	1.08950378E-02	2.07908774E-02
-9.43962104E+00	-5.05448584E+00	1.08918636E-02	2.07009907E-02
-1.14799030E+01	-3.50467589E+00	1.08887044E-02	2.06117327E-02
-1.22593878E+01	-1.63870877E+00	1.08855603E-02	2.05230961E-02
-1.17045933E+01	4.12722464E-01	1.08824311E-02	2.04350739E-02
-9.89243524E+00	2.49675484E+00	1.08793165E-02	2.03476594E-02
-7.03939915E+00	4.44623315E+00	1.08762166E-02	2.02608457E-02
-3.47461432E+00	6.09066166E+00	1.08731310E-02	2.01746260E-02
3.99688341E-01	7.26995330E+00	1.08700598E-02	2.00889939E-02
4.15538526E+00	7.85005724E+00	1.08670028E-02	2.00039428E-02
7.38756008E+00	7.73893128E+00	1.08639597E-02	1.99194664E-02
9.75962857E+00	6.90086300E+00	1.08609306E-02	1.98355582E-02
1.10392632E+01	5.36694156E+00	1.08579153E-02	1.97522122E-02
1.11211629E+01	3.23961431E+00	1.08549137E-02	1.96694221E-02
1.00344348E+01	6.89751671E-01	1.08519255E-02	1.95871820E-02
7.93429887E+00	-2.05454457E+00	1.08489508E-02	1.95054858E-02
5.07972789E+00	-4.72711239E+00	1.08459894E-02	1.94243278E-02
1.80026719E+00	-7.04946677E+00	1.08430412E-02	1.93437022E-02
-1.54356593E+00	-8.76062418E+00	1.08401060E-02	1.92636033E-02
-4.60134868E+00	-9.64770743E+00	1.08371837E-02	1.91840254E-02
-7.07041795E+00	-9.57357780E+00	1.08342743E-02	1.91049630E-02
-8.72595658E+00	-8.49777604E+00	1.08313775E-02	1.90264106E-02
-9.44049254E+00	-6.48760270E+00	1.08284934E-02	1.89483630E-02
-9.19127590E+00	-3.71719460E+00	1.08256218E-02	1.88708147E-02
-8.05556562E+00	-4.53846692E-01	1.08227625E-02	1.87937606E-02
-6.19531094E+00	2.96758037E+00	1.08199155E-02	1.87171955E-02
-3.83386793E+00	6.17974468E+00	1.08170806E-02	1.86411143E-02
-1.22812129E+00	8.82362002E+00	1.08142579E-02	1.85655120E-02
1.36037966E+00	1.05902908E+01	1.08114470E-02	1.84903836E-02
3.69190532E+00	1.12586640E+01	1.08086480E-02	1.84157243E-02
5.56993645E+00	1.07242946E+01	1.08058608E-02	1.83415292E-02
6.85568131E+00	9.01543552E+00	1.08030852E-02	1.82677937E-02
7.47500043E+00	6.29387428E+00	1.08003212E-02	1.81945130E-02
7.41804714E+00	2.83993877E+00	1.07975686E-02	1.81216825E-02
6.73278252E+00	-9.76986214E-01	1.07948274E-02	1.80492977E-02
5.51409515E+00	-4.73924358E+00	1.07920974E-02	1.79773540E-02
3.89049633E+00	-8.02831194E+00	1.07893786E-02	1.79058471E-02
2.01027661E+00	-1.04732291E+01	1.07866709E-02	1.78347725E-02
2.86542418E-02	-1.17941859E+01	1.07839741E-02	1.77641259E-02
-1.90308274E+00	-1.18359424E+01	1.07812883E-02	1.76939032E-02
-3.64602770E+00	-1.05869022E+01	1.07786132E-02	1.76241000E-02
-5.07981804E+00	-8.18139995E+00	1.07759488E-02	1.75547122E-02
-6.10700718E+00	-4.88480623E+00	1.07732951E-02	1.74857357E-02
-6.65631143E+00	-1.06316266E+00	1.07706519E-02	1.74171666E-02
-6.68533842E+00	2.85903271E+00	1.07680192E-02	1.73490008E-02
-6.18314960E+00	6.44781535E+00	1.07653968E-02	1.72812343E-02
-5.17262977E+00	9.30962540E+00	1.07627847E-02	1.72138633E-02
-3.71222834E+00	1.11360860E+01	1.07601828E-02	1.71468840E-02
-1.89630216E+00	1.17383812E+01	1.07575910E-02	1.70802925E-02
1.46878989E-01	1.10672477E+01	1.07550092E-02	1.70140852E-02
2.26034598E+00	9.21639965E+00	1.07524374E-02	1.69482583E-02
4.26744052E+00	6.40925532E+00	1.07498755E-02	1.68828082E-02
5.98467836E+00	2.97086911E+00	1.07473233E-02	1.68177313E-02
7.23785615E+00	-7.11271717E-01	1.07447809E-02	1.67530241E-02
7.88009162E+00	-4.23265968E+00	1.07422481E-02	1.66886830E-02
7.80987531E+00	-7.21784216E+00	1.07397249E-02	1.66247046E-02
6.98681280E+00	-9.36169490E+00	1.07372112E-02	1.65610855E-02
5.44264825E+00	-1.04611890E+01	1.07347069E-02	1.64978222E-02
3.28543618E+00	-1.04342629E+01	1.07322119E-02	1.64349116E-02
6.95371164E-01	-9.32410174E+00	1.07297262E-02	1.63723502E-02
-2.08826653E+00	-7.28895781E+00	1.07272497E-02	1.63101348E-02
-4.78844880E+00	-4.57938662E+00	1.07247823E-02	1.62482622E-02
-7.11823682E+00	-1.50619638E+00	1.07223240E-02	1.61867293E-02
-8.81228008E+00	1.59664534E+00	1.07198747E-02	1.61255328E-02
-9.65838155E+00	4.40953812E+00	1.07174342E-02	1.60646698E-02
-9.52520399E+00	6.66082749E+00	1.07150027E-02	1.60041372E-02
-8.38237148E+00	8.15281619E+00	1.07125799E-02	1.59439318E-02
-6.30992021E+00	8.77775261E+00	1.07101658E-02	1.58840509E-02
-3.49521035E+00	8.52273086E+00	1.07077604E-02	1.58244913E-02
-2.16896631E-01	7.46385771E+00	1.07053635E-02	1.57652502E-02
3.18281532E+00	5.75130315E+00	1.07029752E-02	1.57063248E-02
6.33484016E+00	3.58780094E+00	1.07005954E-02	1.56477121E-02
8.88474895E+00	1.20370082E+00	1.06982239E-02	1.55894093E-02
1.05342995E+01	-1.16824048E+00	1.06958607E-02	1.55314138E-02
1.10778792E+01	-3.31547802E+00	1.06935059E-02	1.54737227E-02
1.04292153E+01	-5.06352619E+00	1.06911592E-02	1.54163334E-02
8.63476028E+00	-6.28773220E+00	1.06888207E-02	1.53592431E-02
5.87170566E+00	-6.91861122E+00	1.06864902E-02	1.53024493E-02
2.43043970E+00	-6.94123690E+00	1.06841678E-02	1.52459492E-02
-1.31680803E+00	-6.38983956E+00	1.06818533E-02	1.51897403E-02
-4.95763170E+00	-5.33914904E+00	1.06795468E-02	1.51338202E-02
-8.08657163E+00	-3.89410546E+00	1.06772481E-02	1.50781861E-02
-1.03520809E+01	-2.17937408E+00	1.06749572E-02	1.50228357E-02
-1.14976602E+01	-3.29711401E-01	1.06726740E-02	1.49677664E-02
-1.13921382E+01	1.51826453E+00	1.06703985E-02	1.49129759E-02
-1.00453653E+01	3.23283519E+00	1.06681307E-02	1.48584617E-02
-7.60735960E+00	4.69279485E+00	1.06658704E-02	1.48042215E-02
-4.35097185E+00	5.79244396E+00	1.06636176E-02	1.47502528E-02
-6.40153153E-01	6.44648740E+00	1.06613723E-02	1.46965534E-02
3.11232555E+00	6.59515733E+00	1.06591344E-02	1.46431209E-02
6.49258246E+00	6.20952758E+00	1.06569038E-02	1.45899531E-02
9.13301368E+00	5.29656794E+00	1.06546806E-02	1.45370477E-02
1.07537076E+01	3.90310406E+00	1.06524645E-02	1.44844025E-02
1.11930288E+01	2.11759864E+00	1.06502557E-02	1.44320153E-02
1.04239066E+01	6.86305271E-02	1.06480541E-02	1.43798839E-02
8.55416390E+00	-2.08084025E+00	1.06458595E-02	1.43280062E-02
5.81119588E+00	-4.14387478E+00	1.06436720E-02	1.42763800E-02
2.51319889E+00	-5.92442520E+00	1.06414915E-02	1.42250032E-02
-9.69273930E-01	-7.23571862E+00	1.06393179E-02	1.41738738E-02
-4.25659361E+00	-7.92046679E+00	1.06371512E-02	1.41229897E-02
-7.00290438E+00	-7.87062890E+00	1.06349914E-02	1.40723488E-02
-8.93351026E+00	-7.04413747E+00	1.06328384E-02	1.40219491E-02
-9.87262082E+00	-5.47603130E+00	1.06306922E-02	1.39717887E-02
-9.75861624E+00	-3.28186111E+00	1.06285526E-02	1.39218656E-02
-8.64562516E+00	-6.52018477E-01	1.06264197E-02	1.38721778E-02
-6.69191794E+00	2.16329260E+00	1.06242935E-02	1.38227234E-02
-4.13718085E+00	4.87750319E+00	1.06221738E-02	1.37735005E-02
-1.27195961E+00	7.19740122E+00	1.06200606E-02	1.37245071E-02
1.59669438E+00	8.85596544E+00	1.06179539E-02	1.36757415E-02
4.17914576E+00	9.64447891E+00	1.06158537E-02	1.36272018E-02
6.23278024E+00	9.43988726E+00	1.06137598E-02	1.35788862E-02
7.58421621E+00	8.22369178E+00	1.06116723E-02	1.35307928E-02
8.14218051E+00	6.08950926E+00	1.06095911E-02	1.34829199E-02
7.90039584E+00	3.23770387E+00	1.06075162E-02	1.34352656E-02
6.93109049E+00	-4.29467593E-02	1.06054475E-02	1.33878283E-02
5.37081232E+00	-3.40494621E+00	1.06033850E-02	1.33406062E-02
3.40098158E+00	-6.48001480E+00	1.06013286E-02	1.32935977E-02
1.22597662E+00	-8.92096962E+00	1.05992783E-02	1.32468009E-02
-9.48497226E-01	-1.04425828E+01	1.05972341E-02	1.32002142E-02
-2.93440761E+00	-1.08563975E+01	1.05951959E-02	1.31538360E-02
-4.57608039E+00	-1.00950681E+01	1.05931637E-02	1.31076646E-02
-5.75968901E+00	-8.22296746E+00	1.05911374E-02	1.30616984E-02
-6.41747261E+00	-5.43142515E+00	1.05891170E-02	1.30159358E-02
-6.52729339E+00	-2.01883235E+00	1.05871025E-02	1.29703752E-02
-6.10861940E+00	1.64226702E+00	1.05850937E-02	1.29250149E-02
-5.21623341E+00	5.14733146E+00	1.05830908E-02	1.28798535E-02
-3.93292306E+00	8.10625480E+00	1.05810936E-02	1.28348894E-02
-2.36214541E+00	1.01885202E+01	1.05791021E-02	1.27901211E-02
-6.21259597E-01	1.11616234E+01	1.05771163E-02	1.27455471E-02
1.16451603E+00	1.09181039E+01	1.05751361E-02	1.27011658E-02
2.86764309E+00	9.48790513E+00	1.05731615E-02	1.26569758E-02
4.36375393E+00	7.03457888E+00	1.05711925E-02	1.26129755E-02
5.53759091E+00	3.83583055E+00	1.05692290E-02	1.25691637E-02
6.28973165E+00	2.50817304E-01	1.05672709E-02	1.25255387E-02
6.54410934E+00	-3.32178648E+00	1.05653184E-02	1.24820992E-02
6.25591003E+00	-6.48985191E+00	1.05633712E-02	1.24388438E-02
5.41899700E+00	-8.91243883E+00	1.05614294E-02	1.23957711E-02
4.07167575E+00	-1.03377260E+01	1.05594930E-02	1.23528797E-02
2.29946229E+00	-1.06298423E+01	1.05575618E-02	1.23101682E-02
2.33612687E-01	-9.78165124E+00	1.05556360E-02	1.22676353E-02
-1.95546692E+00	-7.91231113E+00	1.05537154E-02	1.22252796E-02
-4.07021118E+00	-5.25031312E+00	1.05517999E-02	1.21830998E-02
-5.90280450E+00	-2.10443685E+00	1.05498897E-02	1.21410946E-02
-7.25570706E+00	1.17355004E+00	1.05479846E-02	1.20992627E-02
-7.96375364E+00	4.22975603E+00	1.05460846E-02	1.20576028E-02
-7.91524481E+00	6.74764800E+00	1.05441897E-02	1.20161135E-02
-7.06922839E+00	8.48157585E+00	1.05422999E-02	1.19747938E-02
-5.46633277E+00	9.28068632E+00	1.05404150E-02	1.19336422E-02
-3.23107560E+00	9.10090708E+00	1.05385352E-02	1.18926575E-02
-5.64488257E-01	8.00423995E+00	1.05366603E-02	1.18518386E-02
2.27293516E+00	6.14617307E+00	1.05347903E-02	1.18111842E-02
4.98668249E+00	3.75340427E+00	1.05329252E-02	1.17706931E-02
7.27957533E+00	1.09509359E+00	1.05310649E-02	1.17303641E-02
8.88558037E+00	-1.54857859E+00	1.05292095E-02	1.16901960E-02
9.60206558E+00	-3.91672475E+00	1.05273589E-02	1.16501876E-02
9.31641767E+00	-5.79354791E+00	1.05255130E-02	1.16103378E-02
8.02340571E+00	-7.02706673E+00	1.05236719E-02	1.15706455E-02
5.83064844E+00	-7.53929380E+00	1.05218354E-02	1.15311094E-02
2.95091337E+00	-7.32756748E+00	1.05200037E-02	1.14917286E-02
-3.18419281E-01	-6.45783742E+00	1.05181766E-02	1.14525017E-02
-3.62676060E+00	-5.05158817E+00	1.05163541E-02	1.14134279E-02
-6.60916995E+00	-3.26865309E+00	1.05145362E-02	1.13745058E-02
-8.92818701E+00	-1.28837504E+00	1.05127229E-02	1.13357345E-02
-1.03136369E+01	7.08579431E-01	1.05109141E-02	1.12971129E-02
-1.05955060E+01	2.55588824E+00	1.05091098E-02	1.12586399E-02
-9.72571596E+00	4.11349687E+00	1.05073100E-02	1.12203145E-02
-7.78590167E+00	5.27527942E+00	1.05055147E-02	1.11821356E-02
-4.97997423E+00	5.97258454E+00	1.05037237E-02	1.11441021E-02
-1.61211368E+00	6.17433045E+00	1.05019372E-02	1.11062131E-02
1.94735349E+00	5.88461489E+00	1.05001550E-02	1.10684675E-02
5.30420949E+00	5.13887054E+00	1.04983772E-02	1.10308643E-02
8.08570847E+00	3.99944194E+00	1.04966037E-02	1.09934025E-02
9.98360527E+00	2.55114787E+00	1.04948345E-02	1.09560812E-02
1.07896691E+01	8.97007237E-01	1.04930695E-02	1.09188993E-02
1.04194149E+01	-8.46057676E-01	1.04913088E-02	1.08818558E-02
8.92123232E+00	-2.55198225E+00	1.04895523E-02	1.08449499E-02
6.46988994E+00	-4.09131047E+00	1.04878000E-02	1.08081805E-02
3.34530854E+00	-5.33834694E+00	1.04860518E-02	1.07715467E-02
-1.00712628E-01	-6.17982265E+00	1.04843078E-02	1.07350476E-02
-3.48569346E+00	-6.52475735E+00	1.04825679E-02	1.06986821E-02
-6.44056486E+00	-6.31472582E+00	1.04808320E-02	1.06624495E-02
-8.65135788E+00	-5.53331175E+00	1.04791003E-02	1.06263488E-02
-9.89358911E+00	-4.21326180E+00	1.04773725E-02	1.05903791E-02
-1.00554376E+01	-2.43981078E+00	1.04756488E-02	1.05545394E-02
-9.14726768E+00	-3.48880008E-01	1.04739291E-02	1.05188290E-02
-7.29677410E+00	1.88064546E+00	1.04722133E-02	1.04832468E-02
-4.73079158E+00	4.04063083E+00	1.04705015E-02	1.04477921E-02
-1.74638623E+00	5.91261292E+00	1.04687935E-02	1.04124640E-02
1.32495419E+00	7.29028604E+00	1.04670895E-02	1.03772616E-02
4.15553620E+00	8.00318116E+00	1.04653894E-02	1.03421840E-02
6.45749450E+00	7.93869651E+00	1.04636931E-02	1.03072305E-02
8.01253679E+00	7.05952458E+00	1.04620006E-02	1.02724001E-02
8.69226022E+00	5.41381480E+00	1.04603119E-02	1.02376921E-02
8.46720856E+00	3.13610848E+00	1.04586270E-02	1.02031056E-02
7.40430319E+00	4.38115842E-01	1.04569459E-02	1.01686398E-02
5.65370328E+00	-2.41034683E+00	1.04552684E-02	1.01342939E-02
3.42735176E+00	-5.10863790E+00	1.04535947E-02	1.01000671E-02
9.72299385E-01	-7.35798631E+00	1.04519247E-02	1.00659586E-02
-1.45771219E+00	-8.89591380E+00	1.04502584E-02	1.00319677E-02
-3.62900892E+00	-9.52824229E+00	1.04485957E-02	9.99809343E-03
-5.35018856E+00	-9.15461321E+00	1.04469366E-02	9.96433515E-03
-6.48770218E+00	-7.78405199E+00	1.04452811E-02	9.93069207E-03
-6.97375831E+00	-5.53820072E+00	1.04436292E-02	9.89716341E-03
-6.80654141E+00	-2.64129036E+00	1.04419809E-02	9.86374842E-03
-6.04367050E+00	6.02445083E-01	1.04403361E-02	9.83044636E-03
-4.79052720E+00	3.84160740E+00	1.04386949E-02	9.79725648E-03
-3.18548042E+00	6.71705785E+00	1.04370571E-02	9.76417804E-03
-1.38410470E+00	8.90332060E+00	1.04354228E-02	9.73121032E-03
4.55741638E-01	1.01469858E+01	1.04337919E-02	9.69835258E-03
2.18657241E+00	1.02973820E+01	1.04321645E-02	9.66560412E-03
3.68084577E+00	9.32564445E+00	1.04305406E-02	9.63296421E-03
4.83724015E+00	7.32967056E+00	1.04289200E-02	9.60043216E-03
5.58393984E+00	4.52416050E+00	1.04273027E-02	9.56800725E-03
5.87958796E+00	1.21677077E+00	1.04256889E-02	9.53568880E-03
5.71270764E+00	-2.22686729E+00	1.04240784E-02	9.50347612E-03
5.10032489E+00	-5.42512133E+00	1.04224712E-02	9.47136852E-03
4.08628869E+00	-8.02430152E+00	1.04208673E-02	9.43936533E-03
2.73944442E+00	-9.73929792E+00	1.04192666E-02	9.40746587E-03
1.15146549E+00	-1.03860440E+01	1.04176693E-02	9.37566947E-03
-5.66128875E-01	-9.90195377E+00	1.04160752E-02	9.34397548E-03
-2.28636938E+00	-8.35197360E+00	1.04144843E-02	9.31238323E-03
-3.87318239E+00	-5.91966428E+00	1.04128966E-02	9.28089208E-03
-5.18996339E+00	-2.88456395E+00	1.04113121E-02	9.24950138E-03
-6.11023668E+00	4.11265462E-01	1.04097307E-02	9.21821049E-03
-6.52975226E+00	3.60333577E+00	1.04081525E-02	9.18701878E-03
-6.37886908E+00	6.34657428E+00	1.04065775E-02	9.15592560E-03
-5.63368080E+00	8.35390562E+00	1.04050055E-02	9.12493035E-03
-4.32414874E+00	9.42708931E+00	1.04034366E-02	9.09403240E-03
-2.53758132E+00	9.47639144E+00	1.04018709E-02	9.06323113E-03
-4.16165516E-01	8.52712597E+00	1.04003081E-02	9.03252593E-03
1.85210963E+00	6.71275598E+00	1.03987484E-02	9.00191620E-03
4.04896499E+00	4.25588149E+00	1.03971918E-02	8.97140134E-03
5.94668457E+00	1.43985039E+00	1.03956381E-02	8.94098075E-03
7.33233928E+00	-1.42525767E+00	1.03940875E-02	8.91065383E-03
8.03271712E+00	-4.03802192E+00	1.03925398E-02	8.88042001E-03
7.93690695E+00	-6.13824230E+00	1.03909950E-02	8.85027869E-03
7.01348514E+00	-7.53303832E+00	1.03894532E-02	8.82022931E-03
5.31967995E+00	-8.11384140E+00	1.03879143E-02	8.79027129E-03
3.00071097E+00	-7.86289864E+00	1.03863783E-02	8.76040406E-03
2.78634848E-01	-6.84926129E+00	1.03848452E-02	8.73062705E-03
-2.56866431E+00	-5.21549815E+00	1.03833150E-02	8.70093971E-03
-5.23638886E+00	-3.15739504E+00	1.03817876E-02	8.67134147E-03
-7.42655900E+00	-8.99559287E-01	1.03802631E-02	8.64183180E-03
-8.88267855E+00	1.32991730E+00	1.03787414E-02	8.61241014E-03
-9.42112350E+00	3.32276906E+00	1.03772224E-02	8.58307595E-03
-8.95524616E+00	4.90942120E+00	1.03757063E-02	8.55382868E-03
-7.50892393E+00	5.97179272E+00	1.03741930E-02	8.52466782E-03
-5.21747326E+00	6.44934936E+00	1.03726824E-02	8.49559281E-03
-2.31535552E+00	6.33862896E+00	1.03711745E-02	8.46660315E-03
8.88263464E-01	5.68722989E+00	1.03696694E-02	8.43769830E-03
4.04348764E+00	4.58378489E+00	1.03681669E-02	8.40887775E-03
6.79932298E+00	3.14568815E+00	1.03666672E-02	8.38014098E-03
8.84429018E+00	1.50629983E+00	1.03651702E-02	8.35148748E-03
9.94311476E+00	-1.96935874E-01	1.03636758E-02	8.32291675E-03
9.96498323E+00	-1.83247823E+00	1.03621840E-02	8.29442827E-03
8.89982373E+00	-3.28232503E+00	1.03606949E-02	8.26602156E-03
6.86050079E+00	-4.44732740E+00	1.03592084E-02	8.23769612E-03
4.07052841E+00	-5.25058776E+00	1.03577245E-02	8.20945145E-03
8.38685387E-01	-5.63953916E+00	1.03562432E-02	8.18128707E-03
-2.47646532E+00	-5.58730314E+00	1.03547645E-02	8.15320249E-03
-5.50790417E+00	-5.09374592E+00	1.03532883E-02	8.12519723E-03
-7.92236382E+00	-4.18635312E+00	1.03518147E-02	8.09727081E-03
-9.45835867E+00	-2.92070059E+00	1.03503436E-02	8.06942276E-03
-9.95551329E+00	-1.37999833E+00	1.03488750E-02	8.04165261E-03
-9.37176605E+00	3.26992105E-01	1.03474089E-02	8.01395989E-03
-7.78654066E+00	2.07036458E+00	1.03459453E-02	7.98634414E-03
-5.38971305E+00	3.70629283E+00	1.03444841E-02	7.95880489E-03
-2.45793317E+00	5.08717607E+00	1.03430255E-02	7.93134170E-03
6.78630644E-01	6.07429008E+00	1.03415692E-02	7.90395410E-03
3.67495968E+00	6.55196421E+00	1.03401154E-02	7.87664164E-03
6.21054493E+00	6.44179998E+00	1.03386640E-02	7.84940389E-03
8.02476367E+00	5.71510212E+00	1.03372150E-02	7.82224039E-03
8.94422054E+00	4.40159330E+00	1.03357684E-02	7.79515071E-03
8.89910815E+00	2.59267906E+00	1.03343242E-02	7.76813441E-03
7.92707669E+00	4.38025165E-01	1.03328823E-02	7.74119104E-03
6.16467117E+00	-1.86503658E+00	1.03314428E-02	7.71432019E-03
3.82789267E+00	-4.08883653E+00	1.03300056E-02	7.68752143E-03
1.18468047E+00	-5.99802395E+00	1.03285707E-02	7.66079432E-03
-1.47705440E+00	-7.37527428E+00	1.03271382E-02	7.63413845E-03
-3.88187235E+00	-8.04712914E+00	1.03257079E-02	7.60755339E-03
-5.79592570E+00	-7.90675688E+00	1.03242799E-02	7.58103874E-03
-7.04959182E+00	-6.93054380E+00	1.03228542E-02	7.55459408E-03
-7.55144578E+00	-5.18597876E+00	1.03214307E-02	7.52821899E-03
-7.29259556E+00	-2.82923096E+00	1.03200095E-02	7.50191307E-03
-6.34163758E+00	-9.20367206E-02	1.03185905E-02	7.47567593E-03
-4.83159808E+00	2.74114273E+00	1.03171737E-02	7.44950714E-03
-2.94107167E+00	5.36343148E+00	1.03157591E-02	7.42340632E-03
-8.72260101E-01	7.47998234E+00	1.03143467E-02	7.39737307E-03
1.17128471E+00	8.84252603E+00	1.03129364E-02	7.37140700E-03
3.00467821E+00	9.27979834E+00	1.03115284E-02	7.34550771E-03
4.47751562E+00	8.71995602E+00	1.03101225E-02	7.31967482E-03
5.48427481E+00	7.20194721E+00	1.03087187E-02	7.29390795E-03
5.96893326E+00	4.87407825E+00	1.03073171E-02	7.26820670E-03
5.92419229E+00	1.97956316E+00	1.03059175E-02	7.24257070E-03
5.38630730E+00	-1.16954078E+00	1.03045201E-02	7.21699958E-03
4.42689491E+00	-4.22712630E+00	1.03031248E-02	7.19149296E-03
3.14319795E+00	-6.85252321E+00	1.03017315E-02	7.16605046E-03
1.64815549E+00	-8.74998334E+00	1.03003403E-02	7.14067172E-03
6.13013294E-02	-9.70338832E+00	1.02989512E-02	7.11535636E-03
-1.49891526E+00	-9.60192898E+00	1.02975641E-02	7.09010404E-03
-2.92123610E+00	-8.45357140E+00	1.02961791E-02	7.06491437E-03
-4.10634576E+00	-6.38460171E+00	1.02947960E-02	7.03978701E-03
-4.97071192E+00	-3.62524416E+00	1.02934150E-02	7.01472160E-03
-5.45000583E+00	-4.83057096E-01	1.02920359E-02	6.98971777E-03
-5.50246622E+00	2.69268908E+00	1.02906589E-02	6.96477518E-03
-5.11230363E+00	5.55135086E+00	1.02892838E-02	6.93989349E-03
-4.29290392E+00	7.78111065E+00	1.02879107E-02	6.91507233E-03
-3.08926308E+00	9.14423277E+00	1.02865395E-02	6.89031137E-03
-1.57885253E+00	9.50322605E+00	1.02851703E-02	6.86561026E-03
1.29955905E-01	8.83492409E+00	1.02838029E-02	6.84096866E-03
1.90264391E+00	7.23101225E+00	1.02824375E-02	6.81638624E-03
3.58688136E+00	4.88520529E+00	1.02810741E-02	6.79186265E-03
5.02433877E+00	2.06889734E+00	1.02797125E-02	6.76739756E-03
6.06527508E+00	-9.01538844E-01	1.02783527E-02	6.74299065E-03
6.58460073E+00	-3.70169902E+00	1.02769949E-02	6.71864157E-03
6.49762780E+00	-6.03584418E+00	1.02756389E-02	6.69435001E-03
5.77343864E+00	-7.66902784E+00	1.02742848E-02	6.67011563E-03
4.44380551E+00	-8.45104202E+00	1.02729325E-02	6.64593812E-03
2.60591015E+00	-8.32969981E+00	1.02715820E-02	6.62181716E-03
4.17730812E-01	-7.35236482E+00	1.02702333E-02	6.59775241E-03
-1.91417803E+00	-5.65610579E+00	1.02688865E-02	6.57374358E-03
-4.15379590E+00	-3.44820751E+00	1.02675414E-02	6.54979033E-03
-6.05992656E+00	-9.79838853E-01	1.02661982E-02	6.52589237E-03
-7.41310979E+00	1.48365664E+00	1.02648567E-02	6.50204937E-03
-8.04202599E+00	3.69218832E+00	1.02635169E-02	6.47826103E-03
-7.84607412E+00	5.43667896E+00	1.02621789E-02	6.45452705E-03
-6.81104769E+00	6.56845276E+00	1.02608427E-02	6.43084711E-03
-5.01550713E+00	7.01051618E+00	1.02595082E-02	6.40722092E-03
-2.62648415E+00	6.76011291E+00	1.02581754E-02	6.38364816E-03
1.15565139E-01	5.88303899E+00	1.02568443E-02	6.36012856E-03
2.92127849E+00	4.50115169E+00	1.02555149E-02	6.33666180E-03
5.48383020E+00	2.77518440E+00	1.02541872E-02	6.31324759E-03
7.51375644E+00	8.85319813E-01	1.02528612E-02	6.28988564E-03
8.77304178E+00	-9.88038714E-01	1.02515369E-02	6.26657565E-03
9.10427524E+00	-2.68118808E+00	1.02502142E-02	6.24331734E-03
8.45115158E+00	-4.06019858E+00	1.02488932E-02	6.22011042E-03
6.86755389E+00	-5.02930102E+00	1.02475738E-02	6.19695460E-03
4.51379753E+00	-5.53446811E+00	1.02462561E-02	6.17384959E-03
1.64017641E+00	-5.56269584E+00	1.02449399E-02	6.15079512E-03
-1.44046629E+00	-5.13794055E+00	1.02436254E-02	6.12779091E-03
-4.38802497E+00	-4.31489266E+00	1.02423125E-02	6.10483667E-03
-6.87413163E+00	-3.17176276E+00	1.02410012E-02	6.08193213E-03
-8.62020627E+00	-1.80305253E+00	1.02396914E-02	6.05907700E-03
-9.42995761E+00	-3.12946188E-01	1.02383832E-02	6.03627103E-03
-9.21237763E+00	1.19042936E+00	1.02370766E-02	6.01351393E-03
-7.99241781E+00	2.59997890E+00	1.02357716E-02	5.99080543E-03
-5.90803892E+00	3.81419406E+00	1.02344680E-02	5.96814527E-03
-3.19399605E+00	4.74172009E+00	1.02331661E-02	5.94553318E-03
-1.54345036E-01	5.30627873E+00	1.02318656E-02	5.92296889E-03
2.87297279E+00	5.45205412E+00	1.02305667E-02	5.90045213E-03
5.55516699E+00	5.14931477E+00	1.02292692E-02	5.87798265E-03
7.60255518E+00	4.39968915E+00	1.02279733E-02	5.85556019E-03
8.80093089E+00	3.24021984E+00	1.02266788E-02	5.83318448E-03
9.03458140E+00	1.74516842E+00	1.02253858E-02	5.81085527E-03
8.29739933E+00	2.45850493E-02	1.02240943E-02	5.78857230E-03
6.69103116E+00	-1.78108424E+00	1.02228043E-02	5.76633531E-03
4.41060457E+00	-3.51062112E+00	1.02215157E-02	5.74414406E-03
1.72006793E+00	-4.99555517E+00	1.02202285E-02	5.72199829E-03
-1.07962529E+00	-6.07658705E+00	1.02189428E-02	5.69989775E-03
-3.68549299E+00	-6.62131048E+00	1.02176585E-02	5.67784219E-03
-5.82642658E+00	-6.54117579E+00	1.02163756E-02	5.65583137E-03
-7.29207654E+00	-5.80543481E+00	1.02150941E-02	5.63386504E-03
-7.95354994E+00	-4.44991436E+00	1.02138140E-02	5.61194295E-03
-7.77388012E+00	-2.57890176E+00	1.02125353E-02	5.59006486E-03
-6.80756152E+00	-3.59156494E-01	1.02112580E-02	5.56823054E-03
-5.18979745E+00	1.99399093E+00	1.02099820E-02	5.54643973E-03
-3.11731144E+00	4.23744934E+00	1.02087074E-02	5.52469221E-03
-8.23475783E-01	6.12608569E+00	1.02074342E-02	5.50298773E-03
1.44898360E+00	7.44054547E+00	1.02061623E-02	5.48132606E-03
3.47438266E+00	8.01387992E+00	1.02048917E-02	5.45970697E-03
5.06660768E+00	7.75360513E+00	1.02036225E-02	5.43813022E-03
6.09551212E+00	6.65618254E+00	1.02023545E-02	5.41659557E-03
6.49584971E+00	4.81169619E+00	1.02010879E-02	5.39510281E-03
6.26843371E+00	2.39762507E+00	1.01998226E-02	5.37365169E-03
5.47418064E+00	-3.38064328E-01	1.01985586E-02	5.35224200E-03
4.22248707E+00	-3.10291910E+00	1.01972958E-02	5.33087350E-03
2.65590851E+00	-5.59229227E+00	1.01960344E-02	5.30954597E-03
9.33315015E-01	-7.52422070E+00	1.01947742E-02	5.28825919E-03
-7.86408422E-01	-8.67272312E+00	1.01935152E-02	5.26701293E-03
-2.35841815E+00	-8.89541262E+00	1.01922576E-02	5.24580698E-03
-3.66257703E+00	-8.15190477E+00	1.01910011E-02	5.22464110E-03
-4.61020875E+00	-6.51055528E+00	1.01897459E-02	5.20351509E-03
-5.14702250E+00	-4.14245321E+00	1.01884919E-02	5.18242873E-03
-5.25277226E+00	-1.30315468E+00	1.01872391E-02	5.16138179E-03
-4.93851672E+00	1.69583115E+00	1.01859876E-02	5.14037407E-03
-4.24244044E+00	4.52249578E+00	1.01847372E-02	5.11940535E-03
-3.22509532E+00	6.86252044E+00	1.01834880E-02	5.09847541E-03
-1.96467052E+00	8.45561998E+00	1.01822401E-02	5.07758405E-03
-5.52568324E-01	9.12565853E+00	1.01809932E-02	5.05673106E-03
9.10766170E-01	8.80090178E+00	1.01797476E-02	5.03591622E-03
2.32006487E+00	7.52197679E+00	1.01785031E-02	5.01513932E-03
3.56992588E+00	5.43661952E+00	1.01772598E-02	4.99440017E-03
4.56034317E+00	2.78191120E+00	1.01760176E-02	4.97369855E-03
5.20324036E+00	-1.43771605E-01	1.01747766E-02	4.95303427E-03
5.42984490E+00	-3.01563346E+00	1.01735366E-02	4.93240710E-03
5.19835773E+00	-5.51991299E+00	1.01722978E-02	4.91181686E-03
4.50102074E+00	-7.38941119E+00	1.01710601E-02	4.89126335E-03
3.36944162E+00	-8.43290703E+00	1.01698236E-02	4.87074635E-03
1.87697249E+00	-8.55509985E+00	1.01685881E-02	4.85026568E-03
1.37094711E-01	-7.76494559E+00	1.01673537E-02	4.82982113E-03
-1.70285810E+00	-6.17171696E+00	1.01661204E-02	4.80941251E-03
-3.47273911E+00	-3.96962407E+00	1.01648881E-02	4.78903962E-03
-4.99480685E+00	-1.41319064E+00	1.01636570E-02	4.76870227E-03
-6.10184123E+00	1.21337772E+00	1.01624268E-02	4.74840025E-03
-6.65627146E+00	3.62899377E+00	1.01611978E-02	4.72813339E-03
-6.56802790E+00	5.58671483E+00	1.01599698E-02	4.70790149E-03
-5.80871483E+00	6.89944271E+00	1.01587428E-02	4.68770435E-03
-4.41991804E+00	7.45755930E+00	1.01575168E-02	4.66754178E-03
-2.51401163E+00	7.23687360E+00	1.01562919E-02	4.64741361E-03
-2.66660697E-01	6.29651417E+00	1.01550680E-02	4.62731964E-03
2.09876502E+00	4.76763323E+00	1.01538451E-02	4.60725967E-03
4.33357736E+00	2.83483917E+00	1.01526231E-02	4.58723354E-03
6.19068437E+00	7.13016920E-01	1.01514022E-02	4.56724105E-03
7.45301367E+00	-1.37744556E+00	1.01501823E-02	4.54728201E-03
7.96003065E+00	-3.23405331E+00	1.01489633E-02	4.52735625E-03
7.62897081E+00	-4.69166954E+00	1.01477453E-02	4.50746359E-03
6.46788676E+00	-5.63620237E+00	1.01465283E-02	4.48760383E-03
4.57849749E+00	-6.01154297E+00	1.01453122E-02	4.46777681E-03
2.14802021E+00	-5.81970276E+00	1.01440970E-02	4.44798234E-03
-5.69481399E-01	-5.11492638E+00	1.01428829E-02	4.42822025E-03
-3.28035855E+00	-3.99319438E+00	1.01416696E-02	4.40849035E-03
-5.68422457E+00	-2.57890427E+00	1.01404573E-02	4.38879247E-03
-7.50856366E+00	-1.01060651E+00	1.01392458E-02	4.36912644E-03
-8.54094073E+00	5.72507663E-01	1.01380353E-02	4.34949207E-03
-8.65483775E+00	2.04205879E+00	1.01368257E-02	4.32988921E-03
-7.82583905E+00	3.28907886E+00	1.01356170E-02	4.31031766E-03
-6.13601627E+00	4.22950715E+00	1.01344092E-02	4.29077727E-03
-3.76578651E+00	4.80681055E+00	1.01332023E-02	4.27126785E-03
-9.74055005E-01	4.99230026E+00	1.01319962E-02	4.25178925E-03
1.93109012E+00	4.78388131E+00	1.01307910E-02	4.23234128E-03
4.62767713E+00	4.20395158E+00	1.01295867E-02	4.21292379E-03
6.81692836E+00	3.29698898E+00	1.01283832E-02	4.19353660E-03
8.25766441E+00	2.12708732E+00	1.01271806E-02	4.17417954E-03
8.79390358E+00	7.75394387E-01	1.01259788E-02	4.15485246E-03
8.37236401E+00	-6.62852835E-01	1.01247778E-02	4.13555518E-03
7.04782364E+00	-2.08214656E+00	1.01235777E-02	4.11628754E-03
4.97579038E+00	-3.37182268E+00	1.01223784E-02	4.09704938E-03
2.39348913E+00	-4.42274094E+00	1.01211799E-02	4.07784053E-03
-4.08415028E-01	-5.13548759E+00	1.01199822E-02	4.05866083E-03
-3.11984426E+00	-5.42965875E+00	1.01187853E-02	4.03951012E-03
-5.44693341E+00	-5.25337464E+00	1.01175892E-02	4.02038824E-03
-7.14498884E+00	-4.59184232E+00	1.01163939E-02	4.00129503E-03
-8.04493625E+00	-3.47360553E+00	1.01151993E-02	3.98223033E-03
-8.07030091E+00	-1.97315320E+00	1.01140056E-02	3.96319398E-03
-7.24299492E+00	-2.08827393E-01	1.01128126E-02	3.94418582E-03
-5.67759523E+00	1.66453588E+00	1.01116203E-02	3.92520571E-03
-3.56519960E+00	3.46813723E+00	1.01104288E-02	3.90625347E-03
-1.14916619E+00	5.01607516E+00	1.01092381E-02	3.88732897E-03
1.30407107E+00	6.13497746E+00	1.01080481E-02	3.86843203E-03
3.53546637E+00	6.68426307E+00	1.01068588E-02	3.84956251E-03
5.32147960E+00	6.57455748E+00	1.01056702E-02	3.83072026E-03
6.49669152E+00	5.78176398E+00	1.01044824E-02	3.81190512E-03
6.96859757E+00	4.35462057E+00	1.01032953E-02	3.79311694E-03
6.72334083E+00	2.41422948E+00	1.01021089E-02	3.77435557E-03
5.82231410E+00	1.44967188E-01	1.01009231E-02	3.75562086E-03
4.39066472E+00	-2.22274489E+00	1.00997381E-02	3.73691266E-03
2.59963472E+00	-4.43624178E+00	1.00985538E-02	3.71823082E-03
6.45259295E-01	-6.24847148E+00	1.00973701E-02	3.69957519E-03
-1.27382625E+00	-7.44671346E+00	1.00961871E-02	3.68094563E-03
-2.97686133E+00	-7.87867234E+00	1.00950048E-02	3.66234199E-03
-4.31756613E+00	-7.47260831E+00	1.00938231E-02	3.64376412E-03
-5.19541910E+00	-6.24875680E+00	1.00926421E-02	3.62521188E-03
-5.56095489E+00	-4.32026590E+00	1.00914617E-02	3.60668512E-03
-5.41523617E+00	-1.88312591E+00	1.00902820E-02	3.58818369E-03
-4.80434349E+00	8.04073112E-01	1.00891029E-02	3.56970746E-03
-3.81021767E+00	3.44841751E+00	1.00879244E-02	3.55125629E-03
-2.53943207E+00	5.75577284E+00	1.00867466E-02	3.53283002E-03
-1.11146071E+00	7.46481567E+00	1.00855693E-02	3.51442852E-03
3.52225242E-01	8.37788575E+00	1.00843927E-02	3.49605165E-03
1.73728944E+00	8.38485635E+00	1.00832167E-02	3.47769926E-03
2.94341098E+00	7.47701475E+00	1.00820412E-02	3.45937122E-03
3.88888133E+00	5.74913337E+00	1.00808664E-02	3.44106739E-03
4.51324148E+00	3.38934665E+00	1.00796921E-02	3.42278762E-03
4.77849211E+00	6.57948059E-01	1.00785184E-02	3.40453179E-03
4.66945068E+00	-2.14240608E+00	1.00773453E-02	3.38629975E-03
4.19371121E+00	-4.70153203E+00	1.00761727E-02	3.36809137E-03
3.38142887E+00	-6.73741333E+00	1.00750007E-02	3.34990650E-03
2.28486419E+00	-8.02847241E+00	1.00738293E-02	3.33174503E-03
9.77354546E-01	-8.43857009E+00	1.00726584E-02	3.31360680E-03
-4.48796903E-01	-7.93179569E+00	1.00714880E-02	3.29549169E-03
-1.88606211E+00	-6.57538255E+00	1.00703182E-02	3.27739956E-03
-3.21747710E+00	-4.53055076E+00	1.00691489E-02	3.25933029E-03
-4.32461183E+00	-2.03255234E+00	1.00679801E-02	3.24128372E-03
-5.09745165E+00	6.37512962E-01	1.00668118E-02	3.22325975E-03
-5.44547050E+00	3.18559281E+00	1.00656440E-02	3.20525822E-03
-5.30875971E+00	5.33827572E+00	1.00644768E-02	3.18727902E-03
-4.66778024E+00	6.87308597E+00	1.00633100E-02	3.16932201E-03
-3.55020132E+00	7.64199448E+00	1.00621437E-02	3.15138706E-03
-2.03342164E+00	7.58558941E+00	1.00609779E-02	3.13347404E-03
-2.41748686E-01	6.73656696E+00	1.00598126E-02	3.11558282E-03
1.66219290E+00	5.21254347E+00	1.00586477E-02	3.09771328E-03
3.49151143E+00	3.19947993E+00	1.00574833E-02	3.07986529E-03
5.05345487E+00	9.28086368E-01	1.00563194E-02	3.06203872E-03
6.17035142E+00	-1.35369106E+00	1.00551559E-02	3.04423344E-03
6.70072158E+00	-3.40868322E+00	1.00539929E-02	3.02644933E-03
6.55793884E+00	-5.03572090E+00	1.00528303E-02	3.00868626E-03
5.72389449E+00	-6.08930592E+00	1.00516681E-02	2.99094411E-03
4.25555713E+00	-6.49181133E+00	1.00505064E-02	2.97322274E-03
2.28307292E+00	-6.23732001E+00	1.00493451E-02	2.95552205E-03
-9.53138277E-04	-5.38728163E+00	1.00481842E-02	2.93784190E-03
-2.36024477E+00	-4.05913866E+00	1.00470237E-02	2.92018217E-03
-4.53988003E+00	-2.40982294E+00	1.00458636E-02	2.90254274E-03
-6.29482180E+00	-6.16473214E-01	1.00447039E-02	2.88492349E-03
-7.41862751E+00	1.14316575E+00	1.00435446E-02	2.86732428E-03
-7.76882484E+00	2.70841606E+00	1.00423857E-02	2.84974502E-03
-7.28570101E+00	3.94964716E+00	1.00412271E-02	2.83218556E-03
-6.00194623E+00	4.77745849E+00	1.00400690E-02	2.81464580E-03
-4.04164279E+00	5.14668668E+00	1.00389112E-02	2.79712561E-03
-1.60837279E+00	5.05554667E+00	1.00377538E-02	2.77962487E-03
1.03642953E+00	4.54076955E+00	1.00365967E-02	2.76214346E-03
3.60250773E+00	3.66995320E+00	1.00354400E-02	2.74468127E-03
5.80384398E+00	2.53246773E+00	1.00342836E-02	2.72723818E-03
7.39182568E+00	1.23016482E+00	1.00331275E-02	2.70981407E-03
8.18450472E+00	-1.31126992E-01	1.00319718E-02	2.69240882E-03
8.08835521E+00	-1.44871234E+00	1.00308165E-02	2.67502232E-03
7.10981387E+00	-2.62853441E+00	1.00296614E-02	2.65765445E-03
5.35511882E+00	-3.58921249E+00	1.00285066E-02	2.64030509E-03
3.01839120E+00	-4.26498171E+00	1.00273522E-02	2.62297413E-03
3.59349541E-01	-4.60798854E+00	1.00261981E-02	2.60566145E-03
-2.32667746E+00	-4.59032553E+00	1.00250442E-02	2.58836695E-03
-4.74283061E+00	-4.20599150E+00	1.00238907E-02	2.57109050E-03
-6.62479249E+00	-3.47269186E+00	1.00227374E-02	2.55383199E-03
-7.77077623E+00	-2.43311571E+00	1.00215844E-02	2.53659131E-03
-8.06388700E+00	-1.15511210E+00	1.00204317E-02	2.51936835E-03
-7.48428094E+00	2.69901407E-01	1.00192793E-02	2.50216299E-03
-6.10982479E+00	1.73089269E+00	1.00181271E-02	2.48497512E-03
-4.10537970E+00	3.10388427E+00	1.00169752E-02	2.46780463E-03
-1.70221369E+00	4.26130453E+00	1.00158235E-02	2.45065141E-03
8.29786607E-01	5.08351348E+00	1.00146720E-02	2.43351534E-03
3.21362638E+00	5.47151152E+00	1.00135208E-02	2.41639633E-03
5.19660083E+00	5.35943270E+00	1.00123699E-02	2.39929425E-03
6.57787728E+00	4.72517789E+00	1.00112192E-02	2.38220900E-03
7.22914286E+00	3.59752142E+00	1.00100686E-02	2.36514046E-03
7.10615190E+00	2.05825882E+00	1.00089183E-02	2.34808854E-03
6.25019287E+00	2.38447854E-01	1.00077683E-02	2.33105312E-03
4.77975364E+00	-1.69151896E+00	1.00066184E-02	2.31403409E-03
2.87383344E+00	-3.53746690E+00	1.00054687E-02	2.29703135E-03
7.49283697E-01	-5.10125797E+00	1.00043192E-02	2.28004478E-03
-1.36484890E+00	-6.20281182E+00	1.00031699E-02	2.26307429E-03
-3.25281600E+00	-6.70177921E+00	1.00020207E-02	2.24611976E-03
-4.73455293E+00	-6.51614252E+00	1.00008718E-02	2.22918108E-03
-5.68258167E+00	-5.63519775E+00	9.99972301E-03	2.21225816E-03
-6.03188694E+00	-4.12491038E+00	9.99857439E-03	2.19535089E-03
-5.78218493E+00	-2.12448015E+00	9.99742593E-03	2.17845915E-03
-4.99296753E+00	1.65997166E-01	9.99627761E-03	2.16158286E-03
-3.77254147E+00	2.50575404E+00	9.99512945E-03	2.14472189E-03
-2.26289058E+00	4.63938578E+00	9.99398143E-03	2.12787615E-03
-6.22507688E-01	6.32577971E+00	9.99283354E-03	2.11104554E-03
9.90646270E-01	7.36652254E+00	9.99168578E-03	2.09422994E-03
2.43416894E+00	7.63029091E+00	9.99053814E-03	2.07742927E-03
3.59282822E+00	7.07009883E+00	9.98939062E-03	2.06064340E-03
4.38597099E+00	5.73106102E+00	9.98824321E-03	2.04387225E-03
4.77057824E+00	3.74744162E+00	9.98709591E-03	2.02711571E-03
4.74038319E+00	1.32905876E+00	9.98594871E-03	2.01037368E-03
4.32188920E+00	-1.26155795E+00	9.98480160E-03	1.99364605E-03
3.56835209E+00	-3.73868043E+00	9.98365459E-03	1.97693272E-03
2.55281566E+00	-5.82611180E+00	9.98250765E-03	1.96023360E-03
1.36113381E+00	-7.28922371E+00	9.98136080E-03	1.94354859E-03
8.56292460E-02	-7.96242423E+00	9.98021401E-03	1.92687757E-03
-1.18030199E+00	-7.76870025E+00	9.97906730E-03	1.91022046E-03
-2.34665584E+00	-6.72882666E+00	9.97792064E-03	1.89357715E-03
-3.33061259E+00	-4.95909234E+00	9.97677404E-03	1.87694755E-03
-4.06002752E+00	-2.65779915E+00	9.97562748E-03	1.86033155E-03
-4.47695846E+00	-8.21672653E-02	9.97448098E-03	1.84372906E-03
-4.54140303E+00	2.48154941E+00	9.97333450E-03	1.82713997E-03
-4.23515954E+00	4.75111779E+00	9.97218806E-03	1.81056420E-03
-3.56543422E+00	6.48057140E+00	9.97104165E-03	1.79400163E-03
-2.56756432E+00	7.48780878E+00	9.96989526E-03	1.77745218E-03
-1.30607677E+00	7.67432274E+00	9.96874888E-03	1.76091574E-03
1.26694648E-01	7.03484768E+00	9.96760252E-03	1.74439223E-03
1.61503090E+00	5.65597902E+00	9.96645615E-03	1.72788154E-03
3.02753864E+00	3.70417890E+00	9.96530979E-03	1.71138357E-03
4.22792886E+00	1.40486014E+00	9.96416341E-03	1.69489823E-03
5.08811224E+00	-9.84723725E-01	9.96301703E-03	1.67842543E-03
5.50235994E+00	-3.20538579E+00	9.96187062E-03	1.66196507E-03
5.40089740E+00	-5.02508768E+00	9.96072419E-03	1.64551704E-03
4.76111379E+00	-6.26380377E+00	9.95957773E-03	1.62908127E-03
3.61463605E+00	-6.81141832E+00	9.95843123E-03	1.61265765E-03
2.04885156E+00	-6.63686464E+00	9.95728470E-03	1.59624608E-03
2.02044002E-01	-5.78785419E+00	9.95613811E-03	1.57984648E-03
-1.74792789E+00	-4.38171091E+00	9.95499147E-03	1.56345875E-03
-3.60062730E+00	-2.58886976E+00	9.95384478E-03	1.54708280E-03
-5.15410634E+00	-6.11392769E-01	9.95269801E-03	1.53071853E-03
-6.22776272E+00	1.34068951E+00	9.95155118E-03	1.51436585E-03
-6.68428700E+00	3.07232695E+00	9.95040428E-03	1.49802466E-03
-6.44791534E+00	4.42309466E+00	9.94925729E-03	1.48169487E-03
-5.51648461E+00	5.28153330E+00	9.94811021E-03	1.46537640E-03
-3.96541973E+00	5.59298580E+00	9.94696304E-03	1.44906914E-03
-1.94270186E+00	5.36061903E+00	9.94581578E-03	1.43277301E-03
3.45039182E-01	4.64016953E+00	9.94466840E-03	1.41648791E-03
2.65403215E+00	3.52965588E+00	9.94352092E-03	1.40021376E-03
4.73017514E+00	2.15577445E+00	9.94237333E-03	1.38395045E-03
6.33808699E+00	6.58897088E-01	9.94122561E-03	1.36769791E-03
7.28893465E+00	-8.21482854E-01	9.94007776E-03	1.35145603E-03
7.46360123E+00	-2.15931778E+00	9.93892979E-03	1.33522473E-03
6.82823114E+00	-3.25152264E+00	9.93778167E-03	1.31900392E-03
5.44005317E+00	-4.02393085E+00	9.93663341E-03	1.30279350E-03
3.44253826E+00	-4.43371982E+00	9.93548500E-03	1.28659339E-03
1.05025201E+00	-4.46878283E+00	9.93433643E-03	1.27040350E-03
-1.47495280E+00	-4.14481872E+00	9.93318771E-03	1.25422374E-03
-3.85365893E+00	-3.50102483E+00	9.93203881E-03	1.23805401E-03
-5.82100753E+00	-2.59521796E+00	9.93088975E-03	1.22189423E-03
-7.15737063E+00	-1.49900782E+00	9.92974050E-03	1.20574431E-03
-7.71386756E+00	-2.93364930E-01	9.92859108E-03	1.18960416E-03
-7.42963235E+00	9.35370482E-01	9.92744146E-03	1.17347369E-03
-6.33874200E+00	2.09923448E+00	9.92629164E-03	1.15735281E-03
-4.56598237E+00	3.11247179E+00	9.92514163E-03	1.14124144E-03
-2.31199747E+00	3.89578594E+00	9.92399141E-03	1.12513949E-03
1.70336127E-01	4.38120134E+00	9.92284097E-03	1.10904687E-03
2.60540946E+00	4.51748544E+00	9.92169032E-03	1.09296348E-03
4.72666811E+00	4.27577616E+00	9.92053944E-03	1.07688925E-03
6.30686470E+00	3.65476596E+00	9.91938834E-03	1.06082409E-03
7.18320181E+00	2.68457921E+00	9.91823699E-03	1.04476791E-03
7.27447618E+00	1.42840256E+00	9.91708541E-03	1.02872062E-03
6.58836742E+00	-1.89731156E-02	9.91593358E-03	1.01268213E-03
5.21825470E+00	-1.53625806E+00	9.91478149E-03	9.96652370E-04
3.33023097E+00	-2.98453413E+00	9.91362915E-03	9.80631238E-04
1.14215192E+00	-4.21946403E+00	9.91247654E-03	9.64618653E-04
-1.10253844E+00	-5.10584557E+00	9.91132367E-03	9.48614529E-04
-3.16293025E+00	-5.53301799E+00	9.91017051E-03	9.32618780E-04
-4.82733430E+00	-5.42928481E+00	9.90901707E-03	9.16631319E-04
-5.93546460E+00	-4.77340415E+00	9.90786335E-03	9.00652063E-04
-6.39373233E+00	-3.60135493E+00	9.90670933E-03	8.84680925E-04
-6.18221411E+00	-2.00701898E+00	9.90555502E-03	8.68717820E-04
-5.35293688E+00	-1.36088290E-01	9.90440040E-03	8.52762664E-04
-4.02018790E+00	1.82666520E+00	9.90324546E-03	8.36815370E-04
-2.34447508E+00	3.67573619E+00	9.90209021E-03	8.20875856E-04
-5.12421196E-01	5.20701201E+00	9.90093464E-03	8.04944035E-04
1.28479539E+00	6.24121092E+00	9.89977874E-03	7.89019825E-04
2.87186187E+00	6.64582229E+00	9.89862251E-03	7.73103139E-04
4.10636775E+00	6.35274692E+00	9.89746593E-03	7.57193896E-04
4.89081207E+00	5.36921582E+00	9.89630901E-03	7.41292009E-04
5.17869441E+00	3.78028625E+00	9.89515174E-03	7.25397397E-04
4.97460487E+00	1.74219447E+00	9.89399411E-03	7.09509975E-04
4.32896282E+00	-5.33033420E-01	9.89283611E-03	6.93629659E-04
3.32862768E+00	-2.80019181E+00	9.89167775E-03	6.77756367E-04
2.08495458E+00	-4.80823817E+00	9.89051901E-03	6.61890014E-04
7.20966833E-01	-6.32919516E+00	9.88935989E-03	6.46030519E-04
-6.40820790E-01	-7.18514060E+00	9.88820038E-03	6.30177798E-04
-1.88872247E+00	-7.26994902E+00	9.88704048E-03	6.14331768E-04
-2.92958788E+00	-6.56301439E+00	9.88588018E-03	5.98492347E-04
-3.69362114E+00	-5.13311507E+00	9.88471947E-03	5.82659452E-04
-4.13647776E+00	-3.13176752E+00	9.88355836E-03	5.66833001E-04
-4.23913348E+00	-7.76705177E-01	9.88239683E-03	5.51012912E-04
-4.00619615E+00	1.67265128E+00	9.88123487E-03	5.35199102E-04
-3.46334558E+00	3.94485578E+00	9.88007249E-03	5.19391489E-04
-2.65445732E+00	5.78769616E+00	9.87890967E-03	5.03589992E-04
-1.63873857E+00	6.99729724E+00	9.87774641E-03	4.87794528E-04
-4.87937938E-01	7.44156543E+00	9.87658270E-03	4.72005016E-04
7.16548047E-01	7.07516311E+00	9.87541854E-03	4.56221376E-04
1.88700320E+00	5.94424360E+00	9.87425392E-03	4.40443524E-04
2.93351693E+00	4.18043794E+00	9.87308884E-03	4.24671380E-04
3.76916189E+00	1.98490164E+00	9.87192329E-03	4.08904862E-04
4.31625006E+00	-3.95565157E-01	9.87075726E-03	3.93143891E-04
4.51338338E+00	-2.69736892E+00	9.86959075E-03	3.77388384E-04
4.32268433E+00	-4.67042930E+00	9.86842374E-03	3.61638260E-04
3.73631147E+00	-6.10631028E+00	9.86725625E-03	3.45893440E-04
2.78120015E+00	-6.86088353E+00	9.86608825E-03	3.30153842E-04
1.52097118E+00	-6.86897261E+00	9.86491974E-03	3.14419385E-04
5.41441891E-02	-6.14946506E+00	9.86375073E-03	2.98689991E-04
-1.49182822E+00	-4.80057908E+00	9.86258119E-03	2.82965577E-04
-2.97066542E+00	-2.98617275E+00	9.86141113E-03	2.67246064E-04
