jMRUI Data Textfile

Filename: /Users/kayigwe/Desktop/TE26_BASISSET/converter/sample_basis_sets/JMRUI/GABA.txt

PointsInDataset: 2048
DatasetsInFile: 1
SamplingInterval: 2.500000E-01
ZeroOrderPhase: 0.000000E+00
BeginTime: 0.000000E+00
TransmitterFrequency: 1.232618E+08
MagneticField: 2.895033E+00
TypeOfNucleus: 0.000000E+00
NameOfPatient: GABA
DateOfExperiment: 20260523
Spectrometer: Unknown
AdditionalInfo: Converted by basis_set_converter


Signal and FFT
sig(real)	sig(imag)	fft(real)	fft(imag)
Signal 1 out of 1 in file
4.50546548E+01	-3.73345671E+00	1.08175665E-02	1.87267747E-03
3.93676578E+01	-2.27229139E+01	1.08167082E-02	1.85536652E-03
2.58379678E+01	-3.72890991E+01	1.08158504E-02	1.83806750E-03
7.32765150E+00	-4.43470479E+01	1.08149931E-02	1.82078031E-03
-1.22005328E+01	-4.24950352E+01	1.08141362E-02	1.80350486E-03
-2.86088876E+01	-3.23298027E+01	1.08132798E-02	1.78624105E-03
-3.85450501E+01	-1.62810935E+01	1.08124237E-02	1.76898880E-03
-4.02010869E+01	1.98935832E+00	1.08115682E-02	1.75174801E-03
-3.36885465E+01	1.84709307E+01	1.08107130E-02	1.73451859E-03
-2.09451741E+01	2.97478051E+01	1.08098583E-02	1.71730044E-03
-5.20736791E+00	3.37708696E+01	1.08090040E-02	1.70009347E-03
9.81007507E+00	3.02736208E+01	1.08081501E-02	1.68289759E-03
2.08161335E+01	2.07415470E+01	1.08072966E-02	1.66571271E-03
2.57027552E+01	7.95867501E+00	1.08064435E-02	1.64853873E-03
2.39794012E+01	-4.74010658E+00	1.08055908E-02	1.63137557E-03
1.67891762E+01	-1.43133052E+01	1.08047386E-02	1.61422313E-03
6.52145705E+00	-1.87394915E+01	1.08038867E-02	1.59708132E-03
-3.86318820E+00	-1.74506738E+01	1.08030352E-02	1.57995005E-03
-1.16125199E+01	-1.13783201E+01	1.08021841E-02	1.56282923E-03
-1.48653229E+01	-2.62017634E+00	1.08013333E-02	1.54571877E-03
-1.30701409E+01	6.16831330E+00	1.08004830E-02	1.52861858E-03
-7.04816750E+00	1.24894182E+01	1.07996330E-02	1.51152856E-03
1.29643406E+00	1.46382501E+01	1.07987834E-02	1.49444864E-03
9.52593533E+00	1.21007904E+01	1.07979341E-02	1.47737871E-03
1.53242013E+01	5.62692227E+00	1.07970852E-02	1.46031869E-03
1.70853128E+01	-3.02166918E+00	1.07962367E-02	1.44326849E-03
1.42903116E+01	-1.15660017E+01	1.07953885E-02	1.42622803E-03
7.58943453E+00	-1.78072213E+01	1.07945407E-02	1.40919720E-03
-1.41268075E+00	-2.01700205E+01	1.07936932E-02	1.39217593E-03
-1.05957019E+01	-1.80591456E+01	1.07928461E-02	1.37516412E-03
-1.78613430E+01	-1.19526752E+01	1.07919992E-02	1.35816169E-03
-2.16292946E+01	-3.22799021E+00	1.07911528E-02	1.34116855E-03
-2.11719820E+01	6.21573715E+00	1.07903066E-02	1.32418461E-03
-1.67193631E+01	1.44285973E+01	1.07894608E-02	1.30720977E-03
-9.32909735E+00	1.98507357E+01	1.07886152E-02	1.29024397E-03
-5.77071377E-01	2.16184993E+01	1.07877700E-02	1.27328710E-03
7.83698313E+00	1.96762855E+01	1.07869251E-02	1.25633908E-03
1.44630365E+01	1.46902852E+01	1.07860805E-02	1.23939983E-03
1.83657215E+01	7.81120940E+00	1.07852363E-02	1.22246925E-03
1.92322267E+01	3.65711932E-01	1.07843923E-02	1.20554726E-03
1.73222296E+01	-6.43651739E+00	1.07835486E-02	1.18863377E-03
1.33007467E+01	-1.17104392E+01	1.07827052E-02	1.17172870E-03
8.01956189E+00	-1.49830469E+01	1.07818621E-02	1.15483196E-03
2.31543273E+00	-1.61650106E+01	1.07810192E-02	1.13794346E-03
-3.12462628E+00	-1.54436972E+01	1.07801767E-02	1.12106312E-03
-7.81131257E+00	-1.31510672E+01	1.07793344E-02	1.10419085E-03
-1.14269807E+01	-9.65687021E+00	1.07784924E-02	1.08732657E-03
-1.37618704E+01	-5.31801187E+00	1.07776506E-02	1.07047019E-03
-1.46566974E+01	-4.86991776E-01	1.07768091E-02	1.05362163E-03
-1.39862577E+01	4.44386446E+00	1.07759679E-02	1.03678080E-03
-1.16964135E+01	9.00093785E+00	1.07751269E-02	1.01994761E-03
-7.88020010E+00	1.26284961E+01	1.07742862E-02	1.00312198E-03
-2.85756085E+00	1.47502369E+01	1.07734457E-02	9.86303835E-04
2.78478886E+00	1.48890060E+01	1.07726054E-02	9.69493077E-04
8.22831026E+00	1.28139689E+01	1.07717654E-02	9.52689627E-04
1.25444493E+01	8.66685138E+00	1.07709256E-02	9.35893400E-04
1.48852537E+01	3.01687258E+00	1.07700861E-02	9.19104312E-04
1.46972766E+01	-3.19047671E+00	1.07692468E-02	9.02322279E-04
1.18978271E+01	-8.79642392E+00	1.07684077E-02	8.85547218E-04
6.95530593E+00	-1.26747958E+01	1.07675688E-02	8.68779044E-04
8.36736675E-01	-1.40027597E+01	1.07667301E-02	8.52017674E-04
-5.17950970E+00	-1.24840944E+01	1.07658917E-02	8.35263025E-04
-9.78905829E+00	-8.45870441E+00	1.07650534E-02	8.18515013E-04
-1.19769376E+01	-2.85811772E+00	1.07642154E-02	8.01773555E-04
-1.12809799E+01	2.99363744E+00	1.07633775E-02	7.85038568E-04
-7.92941769E+00	7.69176462E+00	1.07625398E-02	7.68309969E-04
-2.80838841E+00	1.00995002E+01	1.07617024E-02	7.51587676E-04
2.74143805E+00	9.64397059E+00	1.07608651E-02	7.34871605E-04
7.25393830E+00	6.47863398E+00	1.07600280E-02	7.18161675E-04
9.51138065E+00	1.46378401E+00	1.07591910E-02	7.01457802E-04
8.86676993E+00	-4.03698086E+00	1.07583543E-02	6.84759905E-04
5.42844454E+00	-8.49768316E+00	1.07575177E-02	6.68067901E-04
5.41235183E-02	-1.06237658E+01	1.07566813E-02	6.51381708E-04
-5.84989018E+00	-9.69773050E+00	1.07558450E-02	6.34701244E-04
-1.06777061E+01	-5.78539338E+00	1.07550089E-02	6.18026428E-04
-1.30345572E+01	2.54372203E-01	1.07541729E-02	6.01357177E-04
-1.21047669E+01	6.96375773E+00	1.07533371E-02	5.84693411E-04
-7.88149403E+00	1.26387773E+01	1.07525015E-02	5.68035046E-04
-1.19668973E+00	1.57538172E+01	1.07516660E-02	5.51382003E-04
6.46005075E+00	1.53514590E+01	1.07508306E-02	5.34734199E-04
1.32914342E+01	1.12985984E+01	1.07499954E-02	5.18091554E-04
1.76257472E+01	4.34279925E+00	1.07491602E-02	5.01453986E-04
1.83264394E+01	-4.04731448E+00	1.07483253E-02	4.84821414E-04
1.50765171E+01	-1.20198198E+01	1.07474904E-02	4.68193758E-04
8.46734650E+00	-1.77732348E+01	1.07466557E-02	4.51570936E-04
-1.29954164E-01	-1.99805367E+01	1.07458210E-02	4.34952868E-04
-8.87874424E+00	-1.81007904E+01	1.07449865E-02	4.18339472E-04
-1.58998323E+01	-1.25042016E+01	1.07441521E-02	4.01730670E-04
-1.97008946E+01	-4.38277332E+00	1.07433178E-02	3.85126379E-04
-1.95102463E+01	4.52891390E+00	1.07424836E-02	3.68526521E-04
-1.54380493E+01	1.23531100E+01	1.07416494E-02	3.51931013E-04
-8.43129452E+00	1.74917791E+01	1.07408154E-02	3.35339777E-04
-3.90356457E-02	1.89734892E+01	1.07399815E-02	3.18752732E-04
7.95118330E+00	1.66461975E+01	1.07391476E-02	3.02169797E-04
1.39166226E+01	1.11771860E+01	1.07383138E-02	2.85590894E-04
1.67476719E+01	3.86841652E+00	1.07374801E-02	2.69015941E-04
1.60637855E+01	-3.66150914E+00	1.07366465E-02	2.52444860E-04
1.22544736E+01	-9.84900837E+00	1.07358129E-02	2.35877571E-04
6.34589559E+00	-1.35228978E+01	1.07349794E-02	2.19313993E-04
-2.65901086E-01	-1.41327633E+01	1.07341460E-02	2.02754047E-04
-6.14575519E+00	-1.18235917E+01	1.07333126E-02	1.86197654E-04
-1.01347368E+01	-7.35049996E+00	1.07324793E-02	1.69644734E-04
-1.15798953E+01	-1.86470945E+00	1.07316460E-02	1.53095208E-04
-1.04332747E+01	3.37085169E+00	1.07308128E-02	1.36548996E-04
-7.20868232E+00	7.26648570E+00	1.07299796E-02	1.20006020E-04
-2.81821249E+00	9.12716033E+00	1.07291464E-02	1.03466199E-04
1.66400015E+00	8.76657754E+00	1.07283133E-02	8.69294551E-05
5.25119743E+00	6.49850981E+00	1.07274802E-02	7.03957089E-05
7.24981043E+00	3.01933904E+00	1.07266471E-02	5.38648813E-05
7.38050946E+00	-7.81141967E-01	1.07258140E-02	3.73368934E-05
5.79673384E+00	-4.03144055E+00	1.07249810E-02	2.08116661E-05
3.00779310E+00	-6.06379405E+00	1.07241480E-02	4.28912070E-06
-2.66035516E-01	-6.53599087E+00	1.07233150E-02	-1.22308217E-05
-3.26734257E+00	-5.47073927E+00	1.07224819E-02	-2.87482398E-05
-5.36389600E+00	-3.21406383E+00	1.07216489E-02	-4.52632125E-05
-6.16675470E+00	-3.31443775E-01	1.07208159E-02	-6.17758184E-05
-5.58537296E+00	2.52893882E+00	1.07199829E-02	-7.82861361E-05
-3.81672941E+00	4.77380793E+00	1.07191499E-02	-9.47942442E-05
-1.27945882E+00	5.97583895E+00	1.07183168E-02	-1.11300221E-04
1.48676538E+00	5.94030626E+00	1.07174838E-02	-1.27804146E-04
3.93291069E+00	4.72101019E+00	1.07166507E-02	-1.44306096E-04
5.60158475E+00	2.58971237E+00	1.07158176E-02	-1.60806151E-04
6.20132972E+00	-2.91268846E-02	1.07149844E-02	-1.77304389E-04
5.64557296E+00	-2.64277071E+00	1.07141513E-02	-1.93800888E-04
4.05472347E+00	-4.77803823E+00	1.07133180E-02	-2.10295726E-04
1.72550028E+00	-6.05908800E+00	1.07124848E-02	-2.26788982E-04
-9.24811012E-01	-6.26522375E+00	1.07116515E-02	-2.43280735E-04
-3.42962855E+00	-5.36253558E+00	1.07108182E-02	-2.59771061E-04
-5.34967099E+00	-3.50661019E+00	1.07099848E-02	-2.76260040E-04
-6.34469017E+00	-1.01660744E+00	1.07091513E-02	-2.92747750E-04
-6.23061547E+00	1.67603981E+00	1.07083178E-02	-3.09234269E-04
-5.01348250E+00	4.09796941E+00	1.07074842E-02	-3.25719674E-04
-2.89366061E+00	5.81384061E+00	1.07066506E-02	-3.42204045E-04
-2.37436343E-01	6.50383664E+00	1.07058168E-02	-3.58687459E-04
2.48205905E+00	6.02536742E+00	1.07049830E-02	-3.75169995E-04
4.76684968E+00	4.44651509E+00	1.07041492E-02	-3.91651729E-04
6.18589217E+00	2.04237833E+00	1.07033152E-02	-4.08132742E-04
6.45980635E+00	-7.48332636E-01	1.07024811E-02	-4.24613109E-04
5.52112903E+00	-3.40125900E+00	1.07016470E-02	-4.41092911E-04
3.53587281E+00	-5.40586393E+00	1.07008128E-02	-4.57572223E-04
8.79044176E-01	-6.36742457E+00	1.06999784E-02	-4.74051126E-04
-1.93386230E+00	-6.09028853E+00	1.06991440E-02	-4.90529696E-04
-4.34752023E+00	-4.62354486E+00	1.06983094E-02	-5.07008011E-04
-5.87971703E+00	-2.25725458E+00	1.06974748E-02	-5.23486150E-04
-6.22273354E+00	5.32313535E-01	1.06966400E-02	-5.39964190E-04
-5.31059363E+00	3.17863304E+00	1.06958051E-02	-5.56442210E-04
-3.33624816E+00	5.14250486E+00	1.06949701E-02	-5.72920288E-04
-7.13435377E-01	6.02605772E+00	1.06941349E-02	-5.89398500E-04
2.00968690E+00	5.65791984E+00	1.06932996E-02	-6.05876927E-04
4.26691304E+00	4.13018046E+00	1.06924642E-02	-6.22355644E-04
5.59494989E+00	1.77830343E+00	1.06916287E-02	-6.38834731E-04
5.73212425E+00	-8.92014165E-01	1.06907930E-02	-6.55314266E-04
4.67279679E+00	-3.31494606E+00	1.06899571E-02	-6.71794326E-04
2.66541482E+00	-4.98703513E+00	1.06891212E-02	-6.88274989E-04
1.54956158E-01	-5.57471315E+00	1.06882850E-02	-7.04756334E-04
-2.31684910E+00	-4.98301837E+00	1.06874487E-02	-7.21238439E-04
-4.23067454E+00	-3.37073691E+00	1.06866122E-02	-7.37721381E-04
-5.20121567E+00	-1.10956533E+00	1.06857756E-02	-7.54205238E-04
-5.05656485E+00	1.30237054E+00	1.06849388E-02	-7.70690090E-04
-3.86850072E+00	3.35220327E+00	1.06841018E-02	-7.87176013E-04
-1.92840110E+00	4.62362546E+00	1.06832647E-02	-8.03663087E-04
3.24071538E-01	4.88308135E+00	1.06824273E-02	-8.20151388E-04
2.40196121E+00	4.12263109E+00	1.06815898E-02	-8.36640996E-04
3.87812175E+00	2.55170683E+00	1.06807521E-02	-8.53131989E-04
4.47446620E+00	5.41775604E-01	1.06799142E-02	-8.69624444E-04
4.11446147E+00	-1.46170416E+00	1.06790761E-02	-8.86118440E-04
2.92908148E+00	-3.03902039E+00	1.06782377E-02	-9.02614056E-04
1.21730255E+00	-3.88508217E+00	1.06773992E-02	-9.19111369E-04
-6.27725306E-01	-3.86849317E+00	1.06765605E-02	-9.35610459E-04
-2.20871083E+00	-3.04955377E+00	1.06757216E-02	-9.52111402E-04
-3.20981461E+00	-1.65566102E+00	1.06748824E-02	-9.68614279E-04
-3.45939366E+00	-2.20577994E-02	1.06740430E-02	-9.85119167E-04
-2.95766658E+00	1.48700633E+00	1.06732034E-02	-1.00162614E-03
-1.86554206E+00	2.55833016E+00	1.06723636E-02	-1.01813529E-03
-4.59574618E-01	2.99362036E+00	1.06715235E-02	-1.03464668E-03
9.34968532E-01	2.74445287E+00	1.06706832E-02	-1.05116040E-03
2.01704633E+00	1.91277167E+00	1.06698426E-02	-1.06767652E-03
2.57273914E+00	7.19178610E-01	1.06690018E-02	-1.08419513E-03
2.51535953E+00	-5.51990591E-01	1.06681608E-02	-1.10071629E-03
1.89582397E+00	-1.61751253E+00	1.06673195E-02	-1.11724010E-03
8.83148290E-01	-2.25562287E+00	1.06664779E-02	-1.13376663E-03
-2.78759766E-01	-2.34945186E+00	1.06656361E-02	-1.15029595E-03
-1.32732347E+00	-1.90559468E+00	1.06647940E-02	-1.16682815E-03
-2.03792048E+00	-1.04562439E+00	1.06639516E-02	-1.18336331E-03
-2.26912565E+00	2.58864030E-02	1.06631090E-02	-1.19990151E-03
-1.98797726E+00	1.06869645E+00	1.06622661E-02	-1.21644281E-03
-1.27135643E+00	1.85887935E+00	1.06614229E-02	-1.23298731E-03
-2.84686394E-01	2.23455483E+00	1.06605794E-02	-1.24953509E-03
7.56349834E-01	2.12645697E+00	1.06597356E-02	-1.26608621E-03
1.63234079E+00	1.56805025E+00	1.06588915E-02	-1.28264077E-03
2.16509946E+00	6.84318108E-01	1.06580472E-02	-1.29919884E-03
2.25212019E+00	-3.37361707E-01	1.06572025E-02	-1.31576050E-03
1.88422043E+00	-1.28749383E+00	1.06563575E-02	-1.33232583E-03
1.14372282E+00	-1.97731024E+00	1.06555122E-02	-1.34889491E-03
1.84511800E-01	-2.27555726E+00	1.06546666E-02	-1.36546781E-03
-8.01200869E-01	-2.13224167E+00	1.06538207E-02	-1.38204463E-03
-1.62219485E+00	-1.58527592E+00	1.06529744E-02	-1.39862544E-03
-2.12559714E+00	-7.49534505E-01	1.06521279E-02	-1.41521031E-03
-2.22501188E+00	2.08672239E-01	1.06512810E-02	-1.43179934E-03
-1.91434243E+00	1.10596768E+00	1.06504337E-02	-1.44839259E-03
-1.26531072E+00	1.77791998E+00	1.06495861E-02	-1.46499015E-03
-4.10013606E-01	2.10953784E+00	1.06487382E-02	-1.48159210E-03
4.87244163E-01	2.05457199E+00	1.06478899E-02	-1.49819853E-03
1.26270566E+00	1.64048742E+00	1.06470413E-02	-1.51480950E-03
1.78382129E+00	9.59010664E-01	1.06461923E-02	-1.53142510E-03
1.97196659E+00	1.45036299E-01	1.06453429E-02	-1.54804542E-03
1.81335014E+00	-6.51190122E-01	1.06444932E-02	-1.56467052E-03
1.35687790E+00	-1.29271177E+00	1.06436431E-02	-1.58130050E-03
7.00435056E-01	-1.67971806E+00	1.06427927E-02	-1.59793544E-03
-3.07709416E-02	-1.76443840E+00	1.06419418E-02	-1.61457541E-03
-7.08915357E-01	-1.55505182E+00	1.06410906E-02	-1.63122049E-03
-1.22629366E+00	-1.10896922E+00	1.06402390E-02	-1.64787077E-03
-1.51199688E+00	-5.17909773E-01	1.06393870E-02	-1.66452633E-03
-1.54009569E+00	1.11465307E-01	1.06385346E-02	-1.68118725E-03
-1.32887434E+00	6.77192186E-01	1.06376818E-02	-1.69785362E-03
-9.32469517E-01	1.09825342E+00	1.06368286E-02	-1.71452550E-03
-4.27551524E-01	1.32496626E+00	1.06359750E-02	-1.73120299E-03
1.01769804E-01	1.34256485E+00	1.06351210E-02	-1.74788617E-03
5.77835281E-01	1.16850280E+00	1.06342666E-02	-1.76457511E-03
9.39928427E-01	8.45105063E-01	1.06334117E-02	-1.78126990E-03
1.15026516E+00	4.29747691E-01	1.06325565E-02	-1.79797063E-03
1.19546752E+00	-1.52762465E-02	1.06317008E-02	-1.81467737E-03
1.08434891E+00	-4.31517014E-01	1.06308446E-02	-1.83139021E-03
8.43289016E-01	-7.70775746E-01	1.06299880E-02	-1.84810923E-03
5.10523059E-01	-9.98899624E-01	1.06291310E-02	-1.86483451E-03
1.30408973E-01	-1.09725334E+00	1.06282736E-02	-1.88156613E-03
-2.51676884E-01	-1.06243893E+00	1.06274156E-02	-1.89830419E-03
-5.93565126E-01	-9.04859229E-01	1.06265573E-02	-1.91504875E-03
-8.59659490E-01	-6.46564878E-01	1.06256984E-02	-1.93179991E-03
-1.02355568E+00	-3.18610639E-01	1.06248391E-02	-1.94855774E-03
-1.06996660E+00	4.20151650E-02	1.06239794E-02	-1.96532234E-03
-9.95877467E-01	3.95867242E-01	1.06231192E-02	-1.98209378E-03
-8.10746254E-01	7.04823034E-01	1.06222584E-02	-1.99887215E-03
-5.35553081E-01	9.35904817E-01	1.06213972E-02	-2.01565752E-03
-2.00613507E-01	1.06473036E+00	1.06205356E-02	-2.03245000E-03
1.57721015E-01	1.07810839E+00	1.06196734E-02	-2.04924965E-03
5.01114120E-01	9.75355761E-01	1.06188107E-02	-2.06605657E-03
7.93500477E-01	7.68103293E-01	1.06179476E-02	-2.08287083E-03
1.00493496E+00	4.78626919E-01	1.06170839E-02	-2.09969253E-03
1.11450511E+00	1.37012221E-01	1.06162197E-02	-2.11652175E-03
1.11198318E+00	-2.22348376E-01	1.06153550E-02	-2.13335856E-03
9.98160677E-01	-5.64368262E-01	1.06144898E-02	-2.15020306E-03
7.84052617E-01	-8.56514739E-01	1.06136241E-02	-2.16705534E-03
4.89309695E-01	-1.07140221E+00	1.06127578E-02	-2.18391547E-03
1.40199032E-01	-1.18865247E+00	1.06118911E-02	-2.20078354E-03
-2.32576530E-01	-1.19610734E+00	1.06110237E-02	-2.21765964E-03
-5.96098884E-01	-1.09054022E+00	1.06101559E-02	-2.23454386E-03
-9.17502817E-01	-8.77965005E-01	1.06092875E-02	-2.25143627E-03
-1.16634739E+00	-5.73524233E-01	1.06084185E-02	-2.26833697E-03
-1.31708679E+00	-2.00823132E-01	1.06075490E-02	-2.28524604E-03
-1.35149694E+00	2.09462954E-01	1.06066789E-02	-2.30216357E-03
-1.26076116E+00	6.21804367E-01	1.06058083E-02	-2.31908964E-03
-1.04683525E+00	9.98771261E-01	1.06049371E-02	-2.33602435E-03
-7.22759417E-01	1.30441781E+00	1.06040654E-02	-2.35296777E-03
-3.11773571E-01	1.50761628E+00	1.06031930E-02	-2.36992000E-03
1.54631551E-01	1.58482587E+00	1.06023201E-02	-2.38688112E-03
6.39330150E-01	1.52192321E+00	1.06014466E-02	-2.40385121E-03
1.10230849E+00	1.31500903E+00	1.06005725E-02	-2.42083038E-03
1.50307308E+00	9.70438771E-01	1.05996978E-02	-2.43781870E-03
1.80252427E+00	5.04565469E-01	1.05988225E-02	-2.45481626E-03
1.96449824E+00	-5.62958159E-02	1.05979466E-02	-2.47182316E-03
1.95754785E+00	-6.75430569E-01	1.05970701E-02	-2.48883947E-03
1.75768743E+00	-1.30505500E+00	1.05961930E-02	-2.50586529E-03
1.35263260E+00	-1.88622620E+00	1.05953152E-02	-2.52290070E-03
7.47492178E-01	-2.35056769E+00	1.05944369E-02	-2.53994580E-03
-2.89746964E-02	-2.62508776E+00	1.05935579E-02	-2.55700068E-03
-9.19290166E-01	-2.64087584E+00	1.05926782E-02	-2.57406542E-03
-1.83569933E+00	-2.34543914E+00	1.05917980E-02	-2.59114011E-03
-2.66440399E+00	-1.71707956E+00	1.05909171E-02	-2.60822484E-03
-3.27704328E+00	-7.78371945E-01	1.05900355E-02	-2.62531970E-03
-3.54929442E+00	3.95061759E-01	1.05891533E-02	-2.64242479E-03
-3.38441885E+00	1.67427022E+00	1.05882704E-02	-2.65954019E-03
-2.73756718E+00	2.88783666E+00	1.05873869E-02	-2.67666599E-03
-1.63529172E+00	3.84435031E+00	1.05865027E-02	-2.69380229E-03
-1.84547349E-01	4.36408348E+00	1.05856179E-02	-2.71094916E-03
1.43319921E+00	4.31460627E+00	1.05847323E-02	-2.72810672E-03
2.98434928E+00	3.64300377E+00	1.05838461E-02	-2.74527504E-03
4.21990540E+00	2.39681343E+00	1.05829592E-02	-2.76245422E-03
4.92058175E+00	7.27190762E-01	1.05820716E-02	-2.77964435E-03
4.94138423E+00	-1.12891504E+00	1.05811833E-02	-2.79684552E-03
4.24564592E+00	-2.88622377E+00	1.05802943E-02	-2.81405783E-03
2.91977157E+00	-4.26203025E+00	1.05794046E-02	-2.83128136E-03
1.16355883E+00	-5.03047929E+00	1.05785142E-02	-2.84851621E-03
-7.43738933E-01	-5.06834571E+00	1.05776230E-02	-2.86576247E-03
-2.49566059E+00	-4.38144964E+00	1.05767312E-02	-2.88302024E-03
-3.81833026E+00	-3.10463489E+00	1.05758386E-02	-2.90028960E-03
-4.52451548E+00	-1.47411044E+00	1.05749453E-02	-2.91757066E-03
-4.54930419E+00	2.22445982E-01	1.05740513E-02	-2.93486351E-03
-3.95861415E+00	1.70695424E+00	1.05731565E-02	-2.95216823E-03
-2.92805942E+00	2.76890109E+00	1.05722609E-02	-2.96948493E-03
-1.69697632E+00	3.30621288E+00	1.05713646E-02	-2.98681369E-03
-5.08810840E-01	3.33890787E+00	1.05704676E-02	-3.00415462E-03
4.47142412E-01	2.99207840E+00	1.05695698E-02	-3.02150781E-03
1.07762526E+00	2.45261695E+00	1.05686712E-02	-3.03887335E-03
1.39982925E+00	1.91112919E+00	1.05677719E-02	-3.05625134E-03
1.52428923E+00	1.50475467E+00	1.05668718E-02	-3.07364188E-03
1.61064794E+00	1.27685197E+00	1.05659709E-02	-3.09104505E-03
1.80830998E+00	1.16543006E+00	1.05650692E-02	-3.10846096E-03
2.19871532E+00	1.02469665E+00	1.05641667E-02	-3.12588971E-03
2.75632401E+00	6.75003440E-01	1.05632634E-02	-3.14333139E-03
3.34107970E+00	-3.18166563E-02	1.05623593E-02	-3.16078609E-03
3.72702367E+00	-1.14990230E+00	1.05614544E-02	-3.17825393E-03
3.66185407E+00	-2.59826950E+00	1.05605487E-02	-3.19573498E-03
2.94314749E+00	-4.15521232E+00	1.05596422E-02	-3.21322935E-03
1.49119637E+00	-5.49346981E+00	1.05587348E-02	-3.23073715E-03
-6.02279034E-01	-6.25063522E+00	1.05578266E-02	-3.24825846E-03
-3.06542163E+00	-6.11925309E+00	1.05569176E-02	-3.26579338E-03
-5.48396451E+00	-4.93451671E+00	1.05560077E-02	-3.28334202E-03
-7.38005788E+00	-2.73638588E+00	1.05550970E-02	-3.30090448E-03
-8.31575468E+00	2.12116677E-01	1.05541855E-02	-3.31848085E-03
-7.99723310E+00	3.45868396E+00	1.05532730E-02	-3.33607123E-03
-6.35411676E+00	6.44315612E+00	1.05523598E-02	-3.35367573E-03
-3.57301378E+00	8.60999103E+00	1.05514456E-02	-3.37129444E-03
-7.46802417E-02	9.52662789E+00	1.05505306E-02	-3.38892747E-03
3.56241249E+00	8.98006123E+00	1.05496147E-02	-3.40657491E-03
6.71618200E+00	7.02825648E+00	1.05486979E-02	-3.42423687E-03
8.84723301E+00	3.99330597E+00	1.05477802E-02	-3.44191346E-03
9.60842876E+00	3.96980708E-01	1.05468616E-02	-3.45960476E-03
8.91248121E+00	-3.14684184E+00	1.05459422E-02	-3.47731089E-03
6.94226043E+00	-6.05800682E+00	1.05450218E-02	-3.49503194E-03
4.10231030E+00	-7.90502213E+00	1.05441005E-02	-3.51276802E-03
9.24200213E-01	-8.48291790E+00	1.05431783E-02	-3.53051924E-03
-2.05075708E+00	-7.83728085E+00	1.05422551E-02	-3.54828569E-03
-4.38300684E+00	-6.23123331E+00	1.05413311E-02	-3.56606748E-03
-5.81440434E+00	-4.06621716E+00	1.05404061E-02	-3.58386472E-03
-6.29884974E+00	-1.77847220E+00	1.05394801E-02	-3.60167750E-03
-5.97980031E+00	2.61754474E-01	1.05385532E-02	-3.61950594E-03
-5.12429991E+00	1.82322098E+00	1.05376254E-02	-3.63735014E-03
-4.03396210E+00	2.84235422E+00	1.05366966E-02	-3.65521020E-03
-2.95837795E+00	3.40358142E+00	1.05357668E-02	-3.67308623E-03
-2.03445698E+00	3.68058898E+00	1.05348361E-02	-3.69097834E-03
-1.26692110E+00	3.85806952E+00	1.05339043E-02	-3.70888664E-03
-5.52944259E-01	4.05812302E+00	1.05329716E-02	-3.72681122E-03
2.58795103E-01	4.29322480E+00	1.05320380E-02	-3.74475220E-03
1.29406386E+00	4.45930444E+00	1.05311033E-02	-3.76270969E-03
2.58741946E+00	4.37042903E+00	1.05301676E-02	-3.78068378E-03
4.04557481E+00	3.82429026E+00	1.05292309E-02	-3.79867460E-03
5.45174887E+00	2.67863535E+00	1.05282932E-02	-3.81668226E-03
6.51093244E+00	9.15496778E-01	1.05273545E-02	-3.83470685E-03
6.92403310E+00	-1.32654487E+00	1.05264148E-02	-3.85274848E-03
6.47037685E+00	-3.76279330E+00	1.05254740E-02	-3.87080728E-03
5.07543296E+00	-6.01420819E+00	1.05245322E-02	-3.88888335E-03
2.84460265E+00	-7.68749328E+00	1.05235893E-02	-3.90697679E-03
5.32895049E-02	-8.46255356E+00	1.05226454E-02	-3.92508773E-03
-2.90447236E+00	-8.16442224E+00	1.05217005E-02	-3.94321627E-03
-5.59529335E+00	-6.80127317E+00	1.05207545E-02	-3.96136252E-03
-7.63281840E+00	-4.55973698E+00	1.05198074E-02	-3.97952659E-03
-8.74923292E+00	-1.76058445E+00	1.05188593E-02	-3.99770861E-03
-8.83495276E+00	1.21154791E+00	1.05179100E-02	-4.01590867E-03
-7.93929908E+00	3.98441483E+00	1.05169597E-02	-4.03412690E-03
-6.23637160E+00	6.26020594E+00	1.05160083E-02	-4.05236340E-03
-3.96996185E+00	7.84896570E+00	1.05150558E-02	-4.07061830E-03
-1.39628950E+00	8.66887083E+00	1.05141022E-02	-4.08889171E-03
1.25784858E+00	8.71968697E+00	1.05131475E-02	-4.10718373E-03
3.81079453E+00	8.04405552E+00	1.05121916E-02	-4.12549449E-03
6.11516928E+00	6.69438773E+00	1.05112347E-02	-4.14382411E-03
8.03030168E+00	4.71999491E+00	1.05102766E-02	-4.16217269E-03
9.39466480E+00	2.18059699E+00	1.05093173E-02	-4.18054035E-03
1.00159607E+01	-8.18763944E-01	1.05083570E-02	-4.19892722E-03
9.69084862E+00	-4.08642343E+00	1.05073954E-02	-4.21733341E-03
8.25558318E+00	-7.31684563E+00	1.05064328E-02	-4.23575904E-03
5.65627395E+00	-1.00963828E+01	1.05054689E-02	-4.25420422E-03
2.01720963E+00	-1.19524340E+01	1.05045039E-02	-4.27266907E-03
-2.31858956E+00	-1.24428429E+01	1.05035377E-02	-4.29115372E-03
-6.79859137E+00	-1.12677330E+01	1.05025704E-02	-4.30965828E-03
-1.07300561E+01	-8.37487062E+00	1.05016018E-02	-4.32818287E-03
-1.34029512E+01	-4.02601705E+00	1.05006321E-02	-4.34672762E-03
-1.42427159E+01	1.20236688E+00	1.04996611E-02	-4.36529264E-03
-1.29565490E+01	6.49595341E+00	1.04986889E-02	-4.38387806E-03
-9.63334246E+00	1.09486102E+01	1.04977155E-02	-4.40248400E-03
-4.76489250E+00	1.37490925E+01	1.04967409E-02	-4.42111057E-03
8.26450663E-01	1.43652557E+01	1.04957651E-02	-4.43975791E-03
6.14500217E+00	1.26786747E+01	1.04947880E-02	-4.45842613E-03
1.02317215E+01	9.03117334E+00	1.04938097E-02	-4.47711537E-03
1.23781122E+01	4.16468777E+00	1.04928302E-02	-4.49582573E-03
1.22903696E+01	-9.37505436E-01	1.04918493E-02	-4.51455736E-03
1.01594174E+01	-5.27371350E+00	1.04908672E-02	-4.53331037E-03
6.61439390E+00	-8.05741860E+00	1.04898839E-02	-4.55208489E-03
2.56652335E+00	-8.90221034E+00	1.04888992E-02	-4.57088105E-03
-1.02042066E+00	-7.90849766E+00	1.04879133E-02	-4.58969897E-03
-3.37567047E+00	-5.62608482E+00	1.04869261E-02	-4.60853878E-03
-4.11880412E+00	-2.89858204E+00	1.04859376E-02	-4.62740061E-03
-3.35477197E+00	-6.27513744E-01	1.04849478E-02	-4.64628458E-03
-1.63777446E+00	4.82795254E-01	1.04839566E-02	-4.66519083E-03
1.90565705E-01	1.30696957E-01	1.04829641E-02	-4.68411948E-03
1.24887731E+00	-1.48525297E+00	1.04819704E-02	-4.70307067E-03
8.84508645E-01	-3.70814373E+00	1.04809752E-02	-4.72204451E-03
-1.11093664E+00	-5.59866181E+00	1.04799788E-02	-4.74104116E-03
-4.40174614E+00	-6.20288624E+00	1.04789809E-02	-4.76006073E-03
-8.15811907E+00	-4.84241516E+00	1.04779818E-02	-4.77910336E-03
-1.12510504E+01	-1.34763458E+00	1.04769812E-02	-4.79816917E-03
-1.25473507E+01	3.83375175E+00	1.04759793E-02	-4.81725831E-03
-1.12305396E+01	9.69063972E+00	1.04749760E-02	-4.83637091E-03
-7.06239040E+00	1.48608613E+01	1.04739713E-02	-4.85550710E-03
-5.11246497E-01	1.79553172E+01	1.04729652E-02	-4.87466702E-03
7.29524074E+00	1.79151811E+01	1.04719577E-02	-4.89385079E-03
1.47911874E+01	1.43108038E+01	1.04709488E-02	-4.91305856E-03
2.03201242E+01	7.50183543E+00	1.04699385E-02	-4.93229047E-03
2.25271004E+01	-1.38952608E+00	1.04689268E-02	-4.95154664E-03
2.06983808E+01	-1.06941806E+01	1.04679136E-02	-4.97082722E-03
1.49617275E+01	-1.85545802E+01	1.04668990E-02	-4.99013235E-03
6.29281560E+00	-2.33422739E+01	1.04658829E-02	-5.00946216E-03
-3.67931838E+00	-2.40337096E+01	1.04648654E-02	-5.02881680E-03
-1.30247196E+01	-2.04517343E+01	1.04638464E-02	-5.04819639E-03
-1.99397068E+01	-1.33122152E+01	1.04628259E-02	-5.06760110E-03
-2.31461876E+01	-4.06297733E+00	1.04618040E-02	-5.08703104E-03
-2.21668344E+01	5.44631836E+00	1.04607805E-02	-5.10648637E-03
-1.74106074E+01	1.33828620E+01	1.04597556E-02	-5.12596723E-03
-1.00504410E+01	1.83359515E+01	1.04587291E-02	-5.14547376E-03
-1.72664372E+00	1.96112399E+01	1.04577012E-02	-5.16500611E-03
5.84764373E+00	1.73455128E+01	1.04566717E-02	-5.18456441E-03
1.12797107E+01	1.24197018E+01	1.04556407E-02	-5.20414882E-03
1.37928220E+01	6.19895518E+00	1.04546082E-02	-5.22375948E-03
1.33550163E+01	1.71352510E-01	1.04535741E-02	-5.24339653E-03
1.06166788E+01	-4.41974724E+00	1.04525384E-02	-5.26306013E-03
6.68217457E+00	-6.85646315E+00	1.04515012E-02	-5.28275041E-03
2.78266878E+00	-7.07292473E+00	1.04504624E-02	-5.30246753E-03
-5.96819144E-02	-5.60303982E+00	1.04494221E-02	-5.32221164E-03
-1.28737857E+00	-3.37290344E+00	1.04483801E-02	-5.34198288E-03
-9.19171433E-01	-1.40147721E+00	1.04473366E-02	-5.36178141E-03
5.05162488E-01	-4.95113717E-01	1.04462914E-02	-5.38160737E-03
2.12369733E+00	-1.01974362E+00	1.04452447E-02	-5.40146093E-03
3.03356951E+00	-2.81019130E+00	1.04441963E-02	-5.42134222E-03
2.57293492E+00	-5.23635582E+00	1.04431463E-02	-5.44125140E-03
5.24751722E-01	-7.40214033E+00	1.04420946E-02	-5.46118862E-03
-2.81229594E+00	-8.41715575E+00	1.04410413E-02	-5.48115405E-03
-6.70187897E+00	-7.66299811E+00	1.04399863E-02	-5.50114783E-03
-1.01714490E+01	-4.97983752E+00	1.04389297E-02	-5.52117012E-03
-1.22779499E+01	-7.23437259E-01	1.04378714E-02	-5.54122108E-03
-1.23628033E+01	4.31982532E+00	1.04368114E-02	-5.56130086E-03
-1.02265808E+01	9.13267157E+00	1.04357497E-02	-5.58140962E-03
-6.17841529E+00	1.27233524E+01	1.04346864E-02	-5.60154752E-03
-9.51520844E-01	1.43673356E+01	1.04336213E-02	-5.62171472E-03
4.48642961E+00	1.37698854E+01	1.04325545E-02	-5.64191138E-03
9.17154115E+00	1.11101161E+01	1.04314859E-02	-5.66213766E-03
1.23634336E+01	6.96215639E+00	1.04304156E-02	-5.68239371E-03
1.36884226E+01	2.12379346E+00	1.04293436E-02	-5.70267971E-03
1.31734703E+01	-2.59269299E+00	1.04282698E-02	-5.72299582E-03
1.11719236E+01	-6.54560729E+00	1.04271943E-02	-5.74334220E-03
8.21380754E+00	-9.37443348E+00	1.04261169E-02	-5.76371900E-03
4.83378422E+00	-1.10117039E+01	1.04250378E-02	-5.78412641E-03
1.43299366E+00	-1.16043101E+01	1.04239569E-02	-5.80456459E-03
-1.78366742E+00	-1.13809737E+01	1.04228742E-02	-5.82503369E-03
-4.78077850E+00	-1.05184459E+01	1.04217897E-02	-5.84553390E-03
-7.59358873E+00	-9.05729455E+00	1.04207033E-02	-5.86606537E-03
-1.02000238E+01	-6.89948448E+00	1.04196152E-02	-5.88662829E-03
-1.24174220E+01	-3.89026578E+00	1.04185251E-02	-5.90722281E-03
-1.38707964E+01	4.43630747E-02	1.04174333E-02	-5.92784911E-03
-1.40559363E+01	4.75600102E+00	1.04163395E-02	-5.94850736E-03
-1.24878576E+01	9.78570355E+00	1.04152439E-02	-5.96919773E-03
-8.89322107E+00	1.43742090E+01	1.04141464E-02	-5.98992040E-03
-3.38473271E+00	1.75864363E+01	1.04130470E-02	-6.01067554E-03
3.44646071E+00	1.85293715E+01	1.04119457E-02	-6.03146333E-03
1.05658427E+01	1.66089635E+01	1.04108426E-02	-6.05228394E-03
1.66688047E+01	1.17521678E+01	1.04097374E-02	-6.07313755E-03
2.04614679E+01	4.52186384E+00	1.04086304E-02	-6.09402433E-03
2.09824196E+01	-3.92387720E+00	1.04075214E-02	-6.11494448E-03
1.78794163E+01	-1.20362799E+01	1.04064104E-02	-6.13589815E-03
1.15593627E+01	-1.82059123E+01	1.04052975E-02	-6.15688555E-03
3.15812747E+00	-2.11410516E+01	1.04041827E-02	-6.17790684E-03
-5.67757102E+00	-2.01971328E+01	1.04030658E-02	-6.19896221E-03
-1.31528453E+01	-1.55660587E+01	1.04019469E-02	-6.22005184E-03
-1.77461129E+01	-8.26603295E+00	1.04008261E-02	-6.24117592E-03
-1.85823434E+01	7.71471419E-02	1.03997032E-02	-6.26233464E-03
-1.56580445E+01	7.61081231E+00	1.03985783E-02	-6.28352817E-03
-9.85265225E+00	1.27058783E+01	1.03974513E-02	-6.30475670E-03
-2.71512854E+00	1.43619549E+01	1.03963223E-02	-6.32602043E-03
3.92589075E+00	1.24594371E+01	1.03951913E-02	-6.34731954E-03
8.43118921E+00	7.78775066E+00	1.03940582E-02	-6.36865422E-03
9.77766004E+00	1.83626511E+00	1.03929230E-02	-6.39002467E-03
7.82846181E+00	-3.60264558E+00	1.03917857E-02	-6.41143106E-03
3.37100717E+00	-6.91723906E+00	1.03906463E-02	-6.43287361E-03
-2.09282213E+00	-7.11954804E+00	1.03895048E-02	-6.45435250E-03
-6.75388561E+00	-4.12826266E+00	1.03883612E-02	-6.47586792E-03
-8.99583005E+00	1.18861507E+00	1.03872154E-02	-6.49742007E-03
-7.85578278E+00	7.22899809E+00	1.03860675E-02	-6.51900916E-03
-3.32064152E+00	1.20788532E+01	1.03849174E-02	-6.54063536E-03
3.62531487E+00	1.40336295E+01	1.03837652E-02	-6.56229890E-03
1.12215325E+01	1.20821173E+01	1.03826107E-02	-6.58399996E-03
1.73700274E+01	6.22244693E+00	1.03814541E-02	-6.60573874E-03
2.01820040E+01	-2.47874068E+00	1.03802953E-02	-6.62751546E-03
1.84912302E+01	-1.21072100E+01	1.03791343E-02	-6.64933030E-03
1.21987283E+01	-2.03523230E+01	1.03779710E-02	-6.67118348E-03
2.35461201E+00	-2.50774786E+01	1.03768055E-02	-6.69307520E-03
-9.05056241E+00	-2.48656986E+01	1.03756377E-02	-6.71500567E-03
-1.95379588E+01	-1.94003206E+01	1.03744677E-02	-6.73697510E-03
-2.67259833E+01	-9.58121352E+00	1.03732954E-02	-6.75898368E-03
-2.89038060E+01	2.65655776E+00	1.03721208E-02	-6.78103165E-03
-2.54495683E+01	1.47793484E+01	1.03709439E-02	-6.80311919E-03
-1.69887677E+01	2.42399241E+01	1.03697647E-02	-6.82524653E-03
-5.25375815E+00	2.90667148E+01	1.03685832E-02	-6.84741388E-03
7.31963610E+00	2.83129159E+01	1.03673993E-02	-6.86962146E-03
1.81571432E+01	2.22574138E+01	1.03662131E-02	-6.89186947E-03
2.51326922E+01	1.23128216E+01	1.03650246E-02	-6.91415814E-03
2.70339879E+01	6.69501417E-01	1.03638336E-02	-6.93648768E-03
2.37977501E+01	-1.02307750E+01	1.03626403E-02	-6.95885832E-03
1.64655920E+01	-1.82583328E+01	1.03614445E-02	-6.98127027E-03
6.88242331E+00	-2.20583242E+01	1.03602464E-02	-7.00372375E-03
-2.77764197E+00	-2.13050267E+01	1.03590458E-02	-7.02621900E-03
-1.05336079E+01	-1.66965274E+01	1.03578428E-02	-7.04875622E-03
-1.50377165E+01	-9.70582692E+00	1.03566373E-02	-7.07133565E-03
-1.58302436E+01	-2.16461010E+00	1.03554294E-02	-7.09395751E-03
-1.33582313E+01	4.20616306E+00	1.03542190E-02	-7.11662203E-03
-8.77019751E+00	8.19798081E+00	1.03530061E-02	-7.13932944E-03
-3.55519598E+00	9.35275841E+00	1.03517907E-02	-7.16207997E-03
8.69936563E-01	7.98933142E+00	1.03505728E-02	-7.18487385E-03
3.51499148E+00	5.02866087E+00	1.03493523E-02	-7.20771132E-03
4.02526303E+00	1.67969284E+00	1.03481293E-02	-7.23059260E-03
2.70223261E+00	-9.20039189E-01	1.03469038E-02	-7.25351794E-03
3.46416069E-01	-2.00991481E+00	1.03456756E-02	-7.27648756E-03
-2.02052973E+00	-1.38048181E+00	1.03444449E-02	-7.29950172E-03
-3.46913156E+00	6.19693872E-01	1.03432116E-02	-7.32256064E-03
-3.42241478E+00	3.23255090E+00	1.03419757E-02	-7.34566457E-03
-1.79603082E+00	5.54082782E+00	1.03407371E-02	-7.36881376E-03
1.01071108E+00	6.74263320E+00	1.03394959E-02	-7.39200843E-03
4.25824151E+00	6.37208209E+00	1.03382521E-02	-7.41524885E-03
7.09353962E+00	4.40898195E+00	1.03370055E-02	-7.43853525E-03
8.78998462E+00	1.25625948E+00	1.03357563E-02	-7.46186789E-03
8.93193195E+00	-2.39704360E+00	1.03345044E-02	-7.48524701E-03
7.49716565E+00	-5.77825724E+00	1.03332498E-02	-7.50867286E-03
4.82379427E+00	-8.23548582E+00	1.03319924E-02	-7.53214570E-03
1.48297616E+00	-9.38545687E+00	1.03307323E-02	-7.55566578E-03
-1.89530599E+00	-9.16839698E+00	1.03294695E-02	-7.57923335E-03
-4.78653019E+00	-7.80486991E+00	1.03282038E-02	-7.60284867E-03
-6.87755348E+00	-5.68010267E+00	1.03269354E-02	-7.62651201E-03
-8.08871852E+00	-3.20178268E+00	1.03256642E-02	-7.65022361E-03
-8.51628109E+00	-6.81765927E-01	1.03243902E-02	-7.67398374E-03
-8.32579662E+00	1.72010195E+00	1.03231133E-02	-7.69779267E-03
-7.64212677E+00	3.97622410E+00	1.03218336E-02	-7.72165065E-03
-6.48069320E+00	6.10995423E+00	1.03205510E-02	-7.74555795E-03
-4.74812663E+00	8.08987820E+00	1.03192655E-02	-7.76951485E-03
-2.31409804E+00	9.74645791E+00	1.03179771E-02	-7.79352160E-03
8.71379191E-01	1.07511060E+01	1.03166859E-02	-7.81757849E-03
4.66032541E+00	1.06765872E+01	1.03153917E-02	-7.84168577E-03
8.63861191E+00	9.12862683E+00	1.03140945E-02	-7.86584373E-03
1.21445977E+01	5.91106751E+00	1.03127944E-02	-7.89005265E-03
1.43857719E+01	1.16999891E+00	1.03114913E-02	-7.91431279E-03
1.46322910E+01	-4.53785781E+00	1.03101852E-02	-7.93862443E-03
1.24378658E+01	-1.02894621E+01	1.03088761E-02	-7.96298787E-03
7.82313692E+00	-1.49581185E+01	1.03075640E-02	-7.98740337E-03
1.36016390E+00	-1.74640987E+01	1.03062489E-02	-8.01187123E-03
-5.88078886E+00	-1.70527129E+01	1.03049307E-02	-8.03639173E-03
-1.25248093E+01	-1.35246116E+01	1.03036094E-02	-8.06096515E-03
-1.71888746E+01	-7.34921406E+00	1.03022850E-02	-8.08559179E-03
-1.88115992E+01	3.81346477E-01	1.03009575E-02	-8.11027194E-03
-1.69314264E+01	8.15984274E+00	1.02996269E-02	-8.13500588E-03
-1.18361689E+01	1.43913779E+01	1.02982931E-02	-8.15979392E-03
-4.53624436E+00	1.77638333E+01	1.02969562E-02	-8.18463635E-03
3.44196196E+00	1.75685441E+01	1.02956161E-02	-8.20953347E-03
1.03988977E+01	1.38866911E+01	1.02942728E-02	-8.23448557E-03
1.48594320E+01	7.58822177E+00	1.02929263E-02	-8.25949296E-03
1.59263749E+01	1.36860308E-01	1.02915766E-02	-8.28455595E-03
1.34991712E+01	-6.75516218E+00	1.02902236E-02	-8.30967484E-03
8.29927156E+00	-1.15389372E+01	1.02888673E-02	-8.33484993E-03
1.69214350E+00	-1.32044008E+01	1.02875078E-02	-8.36008153E-03
-4.65197718E+00	-1.15240240E+01	1.02861450E-02	-8.38536997E-03
-9.17438290E+00	-7.10154066E+00	1.02847788E-02	-8.41071554E-03
-1.08162101E+01	-1.21188544E+00	1.02834093E-02	-8.43611857E-03
-9.27995916E+00	4.52801650E+00	1.02820364E-02	-8.46157937E-03
-5.09728808E+00	8.57430089E+00	1.02806602E-02	-8.48709827E-03
5.14446580E-01	9.85137121E+00	1.02792806E-02	-8.51267558E-03
5.97030470E+00	8.02642082E+00	1.02778975E-02	-8.53831162E-03
9.72916978E+00	3.59329734E+00	1.02765110E-02	-8.56400673E-03
1.06932921E+01	-2.25538993E+00	1.02751211E-02	-8.58976122E-03
8.49411013E+00	-7.93484006E+00	1.02737277E-02	-8.61557544E-03
3.59190927E+00	-1.18747720E+01	1.02723308E-02	-8.64144970E-03
-2.83534836E+00	-1.29226705E+01	1.02709303E-02	-8.66738435E-03
-9.18500085E+00	-1.06415451E+01	1.02695264E-02	-8.69337972E-03
-1.38296910E+01	-5.42773008E+00	1.02681189E-02	-8.71943615E-03
-1.55233962E+01	1.57962714E+00	1.02667078E-02	-8.74555397E-03
-1.37121876E+01	8.77309942E+00	1.02652931E-02	-8.77173354E-03
-8.67368032E+00	1.44655980E+01	1.02638749E-02	-8.79797519E-03
-1.45301310E+00	1.72959244E+01	1.02624529E-02	-8.82427928E-03
6.38581367E+00	1.65517970E+01	1.02610274E-02	-8.85064614E-03
1.31293698E+01	1.23334346E+01	1.02595981E-02	-8.87707614E-03
1.73131734E+01	5.52181218E+00	1.02581652E-02	-8.90356963E-03
1.80528147E+01	-2.43565356E+00	1.02567286E-02	-8.93012696E-03
1.52311043E+01	-9.86538433E+00	1.02552882E-02	-8.95674849E-03
9.50209708E+00	-1.52489955E+01	1.02538440E-02	-8.98343459E-03
2.11842848E+00	-1.75544873E+01	1.02523961E-02	-9.01018561E-03
-5.36967409E+00	-1.64422191E+01	1.02509444E-02	-9.03700192E-03
-1.14672656E+01	-1.23042187E+01	1.02494888E-02	-9.06388389E-03
-1.50549773E+01	-6.13719615E+00	1.02480294E-02	-9.09083189E-03
-1.56051210E+01	7.11128383E-01	1.02465662E-02	-9.11784629E-03
-1.32512817E+01	6.85558961E+00	1.02450990E-02	-9.14492747E-03
-8.70652290E+00	1.11710162E+01	1.02436280E-02	-9.17207580E-03
-3.06114503E+00	1.30072387E+01	1.02421530E-02	-9.19929167E-03
2.48352574E+00	1.22802053E+01	1.02406740E-02	-9.22657546E-03
6.87903951E+00	9.43039437E+00	1.02391911E-02	-9.25392756E-03
9.43211032E+00	5.27148118E+00	1.02377042E-02	-9.28134834E-03
9.90649051E+00	7.75370741E-01	1.02362132E-02	-9.30883822E-03
8.51330273E+00	-3.15061099E+00	1.02347182E-02	-9.33639756E-03
5.80596397E+00	-5.84337008E+00	1.02332192E-02	-9.36402678E-03
2.51598880E+00	-6.98603697E+00	1.02317160E-02	-9.39172628E-03
-6.25180690E-01	-6.62052567E+00	1.02302087E-02	-9.41949644E-03
-3.03642301E+00	-5.08141165E+00	1.02286973E-02	-9.44733769E-03
-4.38032813E+00	-2.87856310E+00	1.02271817E-02	-9.47525041E-03
-4.58883392E+00	-5.63392364E-01	1.02256619E-02	-9.50323504E-03
-3.82796681E+00	1.38875736E+00	1.02241379E-02	-9.53129197E-03
-2.42147546E+00	2.65756225E+00	1.02226097E-02	-9.55942162E-03
-7.58668989E-01	3.10920230E+00	1.02210772E-02	-9.58762441E-03
7.90260207E-01	2.78470664E+00	1.02195404E-02	-9.61590076E-03
1.93573538E+00	1.85854785E+00	1.02179993E-02	-9.64425110E-03
2.50128923E+00	5.84149172E-01	1.02164538E-02	-9.67267586E-03
2.42998593E+00	-7.59232793E-01	1.02149040E-02	-9.70117546E-03
1.77291473E+00	-1.90950881E+00	1.02133498E-02	-9.72975033E-03
6.68711836E-01	-2.65238575E+00	1.02117912E-02	-9.75840091E-03
-6.79698999E-01	-2.84208042E+00	1.02102281E-02	-9.78712765E-03
-2.02929967E+00	-2.41604065E+00	1.02086606E-02	-9.81593098E-03
-3.12383267E+00	-1.40582110E+00	1.02070885E-02	-9.84481135E-03
-3.72606355E+00	5.73923166E-02	1.02055120E-02	-9.87376921E-03
-3.65607672E+00	1.74752340E+00	1.02039309E-02	-9.90280501E-03
-2.83180041E+00	3.36465396E+00	1.02023452E-02	-9.93191920E-03
-1.30313966E+00	4.57611806E+00	1.02007549E-02	-9.96111224E-03
7.31799367E-01	5.07587396E+00	1.01991600E-02	-9.99038459E-03
2.93905768E+00	4.65327278E+00	1.01975604E-02	-1.00197367E-02
4.89518804E+00	3.25611283E+00	1.01959562E-02	-1.00491691E-02
6.16442465E+00	1.03006795E+00	1.01943472E-02	-1.00786822E-02
6.39366600E+00	-1.68107958E+00	1.01927335E-02	-1.01082765E-02
5.40441152E+00	-4.38228350E+00	1.01911150E-02	-1.01379525E-02
3.25766872E+00	-6.51753409E+00	1.01894917E-02	-1.01677106E-02
2.71156767E-01	-7.58761734E+00	1.01878636E-02	-1.01975513E-02
-3.02222247E+00	-7.26964899E+00	1.01862307E-02	-1.02274752E-02
-5.97170228E+00	-5.50884813E+00	1.01845928E-02	-1.02574827E-02
-7.94399927E+00	-2.55674425E+00	1.01829500E-02	-1.02875743E-02
-8.46731684E+00	1.05895449E+00	1.01813023E-02	-1.03177505E-02
-7.34968702E+00	4.63163117E+00	1.01796496E-02	-1.03480118E-02
-4.74093903E+00	7.42197267E+00	1.01779919E-02	-1.03783588E-02
-1.11939285E+00	8.82137329E+00	1.01763292E-02	-1.04087918E-02
2.79820068E+00	8.49445868E+00	1.01746614E-02	-1.04393116E-02
6.20614696E+00	6.46563583E+00	1.01729885E-02	-1.04699184E-02
8.38600866E+00	3.12653979E+00	1.01713105E-02	-1.05006130E-02
8.86893315E+00	-8.40486188E-01	1.01696273E-02	-1.05313958E-02
7.54544039E+00	-4.60759373E+00	1.01679389E-02	-1.05622673E-02
4.69553592E+00	-7.38304527E+00	1.01662453E-02	-1.05932281E-02
9.30496588E-01	-8.58749455E+00	1.01645464E-02	-1.06242787E-02
-2.94137231E+00	-7.98373153E+00	1.01628423E-02	-1.06554197E-02
-6.09446298E+00	-5.72927509E+00	1.01611328E-02	-1.06866515E-02
-7.86952700E+00	-2.33929258E+00	1.01594180E-02	-1.07179748E-02
-7.91871300E+00	1.43148633E+00	1.01576978E-02	-1.07493901E-02
-6.27864606E+00	4.76010910E+00	1.01559722E-02	-1.07808980E-02
-3.35538389E+00	6.93991075E+00	1.01542411E-02	-1.08124990E-02
1.74049039E-01	7.53548111E+00	1.01525045E-02	-1.08441936E-02
3.51938983E+00	6.47295594E+00	1.01507624E-02	-1.08759825E-02
5.95659677E+00	4.04629141E+00	1.01490148E-02	-1.09078663E-02
6.98731749E+00	8.40211826E-01	1.01472616E-02	-1.09398454E-02
6.44241486E+00	-2.41012202E+00	1.01455027E-02	-1.09719206E-02
4.50767103E+00	-4.98860604E+00	1.01437382E-02	-1.10040923E-02
1.66854163E+00	-6.35713319E+00	1.01419680E-02	-1.10363612E-02
-1.41036269E+00	-6.26817523E+00	1.01401920E-02	-1.10687279E-02
-4.04098938E+00	-4.80731519E+00	1.01384103E-02	-1.11011929E-02
-5.66589310E+00	-2.35915208E+00	1.01366228E-02	-1.11337569E-02
-5.97584701E+00	4.92151330E-01	1.01348295E-02	-1.11664206E-02
-4.96626649E+00	3.10204303E+00	1.01330302E-02	-1.11991844E-02
-2.92289680E+00	4.91113904E+00	1.01312251E-02	-1.12320490E-02
-3.43766148E-01	5.56419713E+00	1.01294140E-02	-1.12650151E-02
2.18161229E+00	4.97742577E+00	1.01275969E-02	-1.12980833E-02
4.10645471E+00	3.34215146E+00	1.01257738E-02	-1.13312542E-02
5.04382790E+00	1.06784024E+00	1.01239446E-02	-1.13645284E-02
4.84193772E+00	-1.31924021E+00	1.01221094E-02	-1.13979066E-02
3.60374501E+00	-3.29671435E+00	1.01202679E-02	-1.14313895E-02
1.65024991E+00	-4.45861959E+00	1.01184203E-02	-1.14649777E-02
-5.60884826E-01	-4.59596294E+00	1.01165665E-02	-1.14986719E-02
-2.54088999E+00	-3.73017375E+00	1.01147064E-02	-1.15324727E-02
-3.87548805E+00	-2.09554839E+00	1.01128400E-02	-1.15663808E-02
-4.30822878E+00	-7.79203016E-02	1.01109673E-02	-1.16003969E-02
-3.78567369E+00	1.87456475E+00	1.01090881E-02	-1.16345216E-02
-2.45772829E+00	3.34813647E+00	1.01072026E-02	-1.16687557E-02
-6.36174014E-01	4.04721020E+00	1.01053106E-02	-1.17030998E-02
1.27731117E+00	3.84921752E+00	1.01034121E-02	-1.17375547E-02
2.87715001E+00	2.82144059E+00	1.01015070E-02	-1.17721210E-02
3.83592936E+00	1.19904091E+00	1.00995953E-02	-1.18067995E-02
3.96674145E+00	-6.68927049E-01	1.00976770E-02	-1.18415908E-02
3.25498363E+00	-2.39312124E+00	1.00957520E-02	-1.18764957E-02
1.85533492E+00	-3.62195421E+00	1.00938203E-02	-1.19115149E-02
5.63762651E-02	-4.10911933E+00	1.00918819E-02	-1.19466492E-02
-1.77893010E+00	-3.75853360E+00	1.00899366E-02	-1.19818993E-02
-3.28482122E+00	-2.63940841E+00	1.00879844E-02	-1.20172659E-02
-4.16277519E+00	-9.69863043E-01	1.00860254E-02	-1.20527497E-02
-4.23729843E+00	9.26875639E-01	1.00840594E-02	-1.20883516E-02
-3.48771753E+00	2.68497605E+00	1.00820864E-02	-1.21240723E-02
-2.05072447E+00	3.96546473E+00	1.00801064E-02	-1.21599126E-02
-1.93672328E-01	4.51992434E+00	1.00781192E-02	-1.21958733E-02
1.73621333E+00	4.23687986E+00	1.00761250E-02	-1.22319550E-02
3.37727768E+00	3.16247126E+00	1.00741235E-02	-1.22681587E-02
4.42145391E+00	1.49163091E+00	1.00721149E-02	-1.23044851E-02
4.67222386E+00	-4.68662847E-01	1.00700989E-02	-1.23409350E-02
4.08161106E+00	-2.35730638E+00	1.00680757E-02	-1.23775092E-02
2.75907111E+00	-3.82735163E+00	1.00660450E-02	-1.24142085E-02
9.50370858E-01	-4.61168949E+00	1.00640070E-02	-1.24510339E-02
-1.00970161E+00	-4.57345713E+00	1.00619614E-02	-1.24879860E-02
-2.76177915E+00	-3.73125612E+00	1.00599083E-02	-1.25250657E-02
-3.99095536E+00	-2.25408697E+00	1.00578477E-02	-1.25622739E-02
-4.48676274E+00	-4.26887242E-01	1.00557794E-02	-1.25996114E-02
-4.18208985E+00	1.40648367E+00	1.00537035E-02	-1.26370791E-02
-3.16322017E+00	2.91129335E+00	1.00516198E-02	-1.26746778E-02
-1.64907729E+00	3.82714073E+00	1.00495283E-02	-1.27124085E-02
5.58356016E-02	4.01697569E+00	1.00474290E-02	-1.27502719E-02
1.62478672E+00	3.48998553E+00	1.00453218E-02	-1.27882691E-02
2.77502202E+00	2.39396346E+00	1.00432066E-02	-1.28264008E-02
3.32286922E+00	9.79318096E-01	1.00410835E-02	-1.28646679E-02
3.21631039E+00	-4.57037694E-01	1.00389522E-02	-1.29030715E-02
2.53863174E+00	-1.63542907E+00	1.00368129E-02	-1.29416124E-02
1.48318253E+00	-2.35084572E+00	1.00346654E-02	-1.29802915E-02
3.05628838E-01	-2.51177141E+00	1.00325097E-02	-1.30191098E-02
-7.35072693E-01	-2.15253346E+00	1.00303457E-02	-1.30580681E-02
-1.43352472E+00	-1.41739242E+00	1.00281734E-02	-1.30971676E-02
-1.67996567E+00	-5.20983188E-01	1.00259927E-02	-1.31364090E-02
-1.47868265E+00	3.05078540E-01	1.00238035E-02	-1.31757935E-02
-9.39518737E-01	8.66774376E-01	1.00216058E-02	-1.32153219E-02
-2.45475839E-01	1.05093345E+00	1.00193995E-02	-1.32549952E-02
3.95207044E-01	8.47651367E-01	1.00171846E-02	-1.32948145E-02
8.00831122E-01	3.47483304E-01	1.00149610E-02	-1.33347807E-02
8.59704967E-01	-2.85019152E-01	1.00127286E-02	-1.33748949E-02
5.55462647E-01	-8.54447235E-01	1.00104875E-02	-1.34151581E-02
-3.10861384E-02	-1.18374828E+00	1.00082374E-02	-1.34555712E-02
-7.43299961E-01	-1.15785519E+00	1.00059784E-02	-1.34961354E-02
-1.38763281E+00	-7.51736480E-01	1.00037104E-02	-1.35368517E-02
-1.78067185E+00	-3.67675212E-02	1.00014333E-02	-1.35777211E-02
-1.79325489E+00	8.35525714E-01	9.99914708E-03	-1.36187447E-02
-1.38164543E+00	1.66812244E+00	9.99685166E-03	-1.36599237E-02
-5.98981543E-01	2.26330905E+00	9.99454697E-03	-1.37012589E-02
4.15146584E-01	2.46736108E+00	9.99223295E-03	-1.37427517E-02
1.46420389E+00	2.20519983E+00	9.98990952E-03	-1.37844030E-02
2.33640772E+00	1.49765936E+00	9.98757663E-03	-1.38262140E-02
2.84930621E+00	4.58049392E-01	9.98523420E-03	-1.38681858E-02
2.88765284E+00	-7.30713334E-01	9.98288216E-03	-1.39103196E-02
2.42679846E+00	-1.85303957E+00	9.98052044E-03	-1.39526165E-02
1.53719916E+00	-2.70356189E+00	9.97814898E-03	-1.39950776E-02
3.69767373E-01	-3.12700218E+00	9.97576770E-03	-1.40377042E-02
-8.74250415E-01	-3.04707375E+00	9.97337653E-03	-1.40804973E-02
-1.98222443E+00	-2.47910943E+00	9.97097540E-03	-1.41234582E-02
-2.76985492E+00	-1.52466080E+00	9.96856423E-03	-1.41665882E-02
-3.11388386E+00	-3.49995828E-01	9.96614295E-03	-1.42098883E-02
-2.97187494E+00	8.46526017E-01	9.96371149E-03	-1.42533598E-02
-2.38601403E+00	1.87136406E+00	9.96126976E-03	-1.42970041E-02
-1.47115783E+00	2.56976548E+00	9.95881771E-03	-1.43408222E-02
-3.90357411E-01	2.85060608E+00	9.95635524E-03	-1.43848155E-02
6.76755534E-01	2.69806966E+00	9.95388228E-03	-1.44289852E-02
1.56635410E+00	2.16890128E+00	9.95139876E-03	-1.44733326E-02
2.15751017E+00	1.37677994E+00	9.94890459E-03	-1.45178591E-02
2.38936326E+00	4.67674515E-01	9.94639969E-03	-1.45625658E-02
2.26593891E+00	-4.08527537E-01	9.94388399E-03	-1.46074542E-02
1.84871133E+00	-1.12450490E+00	9.94135740E-03	-1.46525256E-02
1.23934178E+00	-1.59525664E+00	9.93881984E-03	-1.46977812E-02
5.56744456E-01	-1.78793750E+00	9.93627122E-03	-1.47432226E-02
-8.65634386E-02	-1.72076223E+00	9.93371147E-03	-1.47888510E-02
-6.04095151E-01	-1.45221611E+00	9.93114050E-03	-1.48346678E-02
-9.47443504E-01	-1.06368104E+00	9.92855823E-03	-1.48806744E-02
-1.10901190E+00	-6.39717838E-01	9.92596456E-03	-1.49268722E-02
-1.11579424E+00	-2.50428484E-01	9.92335941E-03	-1.49732628E-02
-1.01648727E+00	6.04527565E-02	9.92074269E-03	-1.50198473E-02
-8.65542163E-01	2.79628182E-01	9.91811432E-03	-1.50666275E-02
-7.08216241E-01	4.20296232E-01	9.91547420E-03	-1.51136046E-02
-5.70187118E-01	5.11931843E-01	9.91282225E-03	-1.51607803E-02
-4.53975303E-01	5.86937606E-01	9.91015837E-03	-1.52081559E-02
-3.42609715E-01	6.67931470E-01	9.90748247E-03	-1.52557330E-02
-2.09104422E-01	7.59112407E-01	9.90479445E-03	-1.53035132E-02
-2.88482570E-02	8.43970332E-01	9.90209423E-03	-1.53514979E-02
2.08699460E-01	8.89877317E-01	9.89938170E-03	-1.53996887E-02
4.92390522E-01	8.58248208E-01	9.89665677E-03	-1.54480872E-02
7.88132840E-01	7.17457144E-01	9.89391935E-03	-1.54966950E-02
1.04459157E+00	4.54924861E-01	9.89116933E-03	-1.55455137E-02
1.20458117E+00	8.49505101E-02	9.88840662E-03	-1.55945449E-02
1.21933729E+00	-3.50084627E-01	9.88563112E-03	-1.56437902E-02
1.06202430E+00	-7.85830953E-01	9.88284271E-03	-1.56932513E-02
7.36933057E-01	-1.14820817E+00	9.88004132E-03	-1.57429298E-02
2.81835822E-01	-1.36897332E+00	9.87722681E-03	-1.57928275E-02
-2.37365560E-01	-1.40092244E+00	9.87439911E-03	-1.58429461E-02
-7.38661188E-01	-1.22905491E+00	9.87155809E-03	-1.58932872E-02
-1.13994064E+00	-8.74978054E-01	9.86870366E-03	-1.59438526E-02
-1.37532825E+00	-3.93455057E-01	9.86583570E-03	-1.59946440E-02
-1.40812644E+00	1.38116543E-01	9.86295410E-03	-1.60456633E-02
-1.23750214E+00	6.34845604E-01	9.86005876E-03	-1.60969123E-02
-8.97587970E-01	1.02063029E+00	9.85714957E-03	-1.61483926E-02
-4.49484473E-01	1.24195769E+00	9.85422641E-03	-1.62001062E-02
3.17232074E-02	1.27633339E+00	9.85128916E-03	-1.62520550E-02
4.71783740E-01	1.13386016E+00	9.84833772E-03	-1.63042407E-02
8.10569875E-01	8.52172763E-01	9.84537197E-03	-1.63566653E-02
1.01109999E+00	4.86464117E-01	9.84239178E-03	-1.64093307E-02
1.06280063E+00	9.73271141E-02	9.83939705E-03	-1.64622388E-02
9.79036338E-01	-2.60632240E-01	9.83638765E-03	-1.65153916E-02
7.90304225E-01	-5.46986617E-01	9.83336347E-03	-1.65687909E-02
5.35368641E-01	-7.39157721E-01	9.83032437E-03	-1.66224389E-02
2.52802465E-01	-8.31563834E-01	9.82727023E-03	-1.66763376E-02
-2.50867717E-02	-8.31418047E-01	9.82420094E-03	-1.67304888E-02
-2.74941772E-01	-7.53064913E-01	9.82111636E-03	-1.67848948E-02
-4.81789770E-01	-6.12836150E-01	9.81801636E-03	-1.68395576E-02
-6.36332180E-01	-4.25904746E-01	9.81490082E-03	-1.68944793E-02
-7.31717255E-01	-2.05717956E-01	9.81176961E-03	-1.69496620E-02
-7.61375820E-01	3.44055625E-02	9.80862259E-03	-1.70051079E-02
-7.18935664E-01	2.78708480E-01	9.80545963E-03	-1.70608191E-02
-6.00353647E-01	5.06982613E-01	9.80228060E-03	-1.71167978E-02
-4.07506136E-01	6.94434386E-01	9.79908536E-03	-1.71730463E-02
-1.51844061E-01	8.14093233E-01	9.79587376E-03	-1.72295667E-02
1.43454356E-01	8.41531714E-01	9.79264568E-03	-1.72863613E-02
4.44059989E-01	7.60813215E-01	9.78940097E-03	-1.73434326E-02
7.08275210E-01	5.70037782E-01	9.78613948E-03	-1.74007826E-02
8.93563832E-01	2.84787072E-01	9.78286108E-03	-1.74584138E-02
9.64525212E-01	-6.17992445E-02	9.77956562E-03	-1.75163286E-02
9.00500293E-01	-4.22772214E-01	9.77625295E-03	-1.75745294E-02
7.00969368E-01	-7.44441183E-01	9.77292291E-03	-1.76330185E-02
3.87360274E-01	-9.75405695E-01	9.76957537E-03	-1.76917984E-02
7.01340621E-04	-1.07569073E+00	9.76621016E-03	-1.77508717E-02
-4.04498103E-01	-1.02408520E+00	9.76282713E-03	-1.78102407E-02
-7.68926094E-01	-8.22204697E-01	9.75942614E-03	-1.78699080E-02
-1.03798422E+00	-4.94549855E-01	9.75600700E-03	-1.79298763E-02
-1.17034188E+00	-8.47002519E-02	9.75256958E-03	-1.79901480E-02
-1.14406125E+00	3.51455265E-01	9.74911371E-03	-1.80507259E-02
-9.59442795E-01	7.54074273E-01	9.74563921E-03	-1.81116124E-02
-6.38452994E-01	1.06781181E+00	9.74214594E-03	-1.81728104E-02
-2.21211279E-01	1.24909605E+00	9.73863371E-03	-1.82343226E-02
2.39603499E-01	1.27139033E+00	9.73510237E-03	-1.82961516E-02
6.85459286E-01	1.12808513E+00	9.73155173E-03	-1.83583003E-02
1.05893810E+00	8.33049774E-01	9.72798163E-03	-1.84207714E-02
1.31033582E+00	4.19081125E-01	9.72439189E-03	-1.84835679E-02
1.40346378E+00	-6.54763903E-02	9.72078234E-03	-1.85466925E-02
1.32030292E+00	-5.61716522E-01	9.71715279E-03	-1.86101482E-02
1.06411196E+00	-1.00655957E+00	9.71350306E-03	-1.86739380E-02
6.60481447E-01	-1.34022913E+00	9.70983297E-03	-1.87380647E-02
1.55782308E-01	-1.51423047E+00	9.70614233E-03	-1.88025315E-02
-3.87392453E-01	-1.49887461E+00	9.70243095E-03	-1.88673413E-02
-8.97781291E-01	-1.28907052E+00	9.69869865E-03	-1.89324972E-02
-1.30535155E+00	-9.07012842E-01	9.69494523E-03	-1.89980024E-02
-1.55217025E+00	-4.00665628E-01	9.69117049E-03	-1.90638600E-02
-1.60230563E+00	1.62377643E-01	9.68737424E-03	-1.91300733E-02
-1.44862671E+00	7.05090483E-01	9.68355627E-03	-1.91966453E-02
-1.11471813E+00	1.15363932E+00	9.67971639E-03	-1.92635795E-02
-6.51030397E-01	1.44998672E+00	9.67585439E-03	-1.93308792E-02
-1.25675087E-01	1.56172104E+00	9.67197007E-03	-1.93985476E-02
3.88364088E-01	1.48676409E+00	9.66806320E-03	-1.94665882E-02
8.26787893E-01	1.25169770E+00	9.66413359E-03	-1.95350045E-02
1.14510409E+00	9.03997329E-01	9.66018100E-03	-1.96037998E-02
1.32457768E+00	5.00071754E-01	9.65620524E-03	-1.96729778E-02
1.37153876E+00	9.22196146E-02	9.65220607E-03	-1.97425419E-02
1.31035981E+00	-2.81966048E-01	9.64818327E-03	-1.98124959E-02
1.17223443E+00	-6.04783275E-01	9.64413662E-03	-1.98828433E-02
9.83214681E-01	-8.76714390E-01	9.64006589E-03	-1.99535879E-02
7.55354605E-01	-1.10837638E+00	9.63597084E-03	-2.00247333E-02
4.84062682E-01	-1.30870345E+00	9.63185123E-03	-2.00962835E-02
1.53005078E-01	-1.47334587E+00	9.62770685E-03	-2.01682422E-02
-2.54440928E-01	-1.57757731E+00	9.62353743E-03	-2.02406134E-02
-7.40456680E-01	-1.57700807E+00	9.61934274E-03	-2.03134009E-02
-1.27955725E+00	-1.41726945E+00	9.61512253E-03	-2.03866089E-02
-1.81186281E+00	-1.05108761E+00	9.61087654E-03	-2.04602412E-02
-2.24656086E+00	-4.58558650E-01	9.60660454E-03	-2.05343020E-02
-2.47667005E+00	3.35237483E-01	9.60230625E-03	-2.06087955E-02
-2.40296210E+00	1.25129075E+00	9.59798142E-03	-2.06837259E-02
-1.96184695E+00	2.16078784E+00	9.59362979E-03	-2.07590973E-02
-1.15008026E+00	2.90363948E+00	9.58925108E-03	-2.08349143E-02
-3.89862848E-02	3.31889588E+00	9.58484504E-03	-2.09111810E-02
1.22726201E+00	3.28093614E+00	9.58041137E-03	-2.09879019E-02
2.45120900E+00	2.73297849E+00	9.57594981E-03	-2.10650816E-02
3.41698182E+00	1.70914685E+00	9.57146008E-03	-2.11427245E-02
3.93368863E+00	3.38315956E-01	9.56694189E-03	-2.12208352E-02
3.87774820E+00	-1.17309290E+00	9.56239494E-03	-2.12994185E-02
3.22396421E+00	-2.57717535E+00	9.55781895E-03	-2.13784791E-02
2.05714519E+00	-3.63243395E+00	9.55321363E-03	-2.14580217E-02
5.60285535E-01	-4.15307679E+00	9.54857866E-03	-2.15380512E-02
-1.01919433E+00	-4.04835108E+00	9.54391375E-03	-2.16185725E-02
-2.41824873E+00	-3.34239688E+00	9.53921859E-03	-2.16995907E-02
-3.41122706E+00	-2.16944166E+00	9.53449286E-03	-2.17811107E-02
-3.85492800E+00	-7.44964026E-01	9.52973624E-03	-2.18631377E-02
-3.71514746E+00	6.80700881E-01	9.52494842E-03	-2.19456770E-02
-3.06851843E+00	1.87546321E+00	9.52012907E-03	-2.20287336E-02
-2.07943597E+00	2.67269568E+00	9.51527786E-03	-2.21123131E-02
-9.58009520E-01	3.00139078E+00	9.51039445E-03	-2.21964209E-02
9.03004944E-02	2.89236086E+00	9.50547850E-03	-2.22810623E-02
9.10678882E-01	2.45966962E+00	9.50052968E-03	-2.23662430E-02
1.42913872E+00	1.86281830E+00	9.49554762E-03	-2.24519686E-02
1.65967174E+00	1.26013487E+00	9.49053197E-03	-2.25382449E-02
1.68728802E+00	7.66010430E-01	9.48548239E-03	-2.26250776E-02
1.63231954E+00	4.23474592E-01	9.48039849E-03	-2.27124726E-02
1.60640705E+00	1.99364937E-01	9.47527992E-03	-2.28004360E-02
1.67285545E+00	3.11915525E-03	9.47012630E-03	-2.28889738E-02
1.82287889E+00	-2.76347509E-01	9.46493724E-03	-2.29780920E-02
1.97492536E+00	-7.26352088E-01	9.45971237E-03	-2.30677970E-02
1.99789343E+00	-1.37170120E+00	9.45445129E-03	-2.31580951E-02
1.75232702E+00	-2.15322344E+00	9.44915361E-03	-2.32489926E-02
1.13841708E+00	-2.93081846E+00	9.44381892E-03	-2.33404961E-02
1.37310109E-01	-3.51167579E+00	9.43844682E-03	-2.34326122E-02
-1.16648645E+00	-3.69736592E+00	9.43303689E-03	-2.35253476E-02
-2.58917255E+00	-3.33806114E+00	9.42758872E-03	-2.36187091E-02
-3.87895800E+00	-2.37969879E+00	9.42210187E-03	-2.37127036E-02
-4.76815477E+00	-8.91168786E-01	9.41657591E-03	-2.38073380E-02
-5.03392491E+00	9.36681283E-01	9.41101042E-03	-2.39026196E-02
-4.55290155E+00	2.82146671E+00	9.40540493E-03	-2.39985554E-02
-3.33602698E+00	4.44294139E+00	9.39975901E-03	-2.40951529E-02
-1.53459241E+00	5.50782642E+00	9.39407218E-03	-2.41924194E-02
5.84572724E-01	5.81078592E+00	9.38834400E-03	-2.42903625E-02
2.68932945E+00	5.27741815E+00	9.38257397E-03	-2.43889899E-02
4.44636761E+00	3.97953185E+00	9.37676164E-03	-2.44883092E-02
5.58462152E+00	2.11973370E+00	9.37090650E-03	-2.45883286E-02
5.94390349E+00	-1.03107521E-02	9.36500807E-03	-2.46890558E-02
5.49872558E+00	-2.08756044E+00	9.35906585E-03	-2.47904991E-02
4.35362065E+00	-3.81764084E+00	9.35307932E-03	-2.48926668E-02
2.71320213E+00	-4.98398804E+00	9.34704797E-03	-2.49955671E-02
8.35896125E-01	-5.47644895E+00	9.34097128E-03	-2.50992088E-02
-1.01667975E+00	-5.29546621E+00	9.33484871E-03	-2.52036004E-02
-2.62297103E+00	-4.53426039E+00	9.32867972E-03	-2.53087506E-02
-3.82891556E+00	-3.34650173E+00	9.32246377E-03	-2.54146686E-02
-4.55625001E+00	-1.90954501E+00	9.31620029E-03	-2.55213632E-02
-4.79388047E+00	-3.92862341E-01	9.30988872E-03	-2.56288438E-02
-4.57872534E+00	1.06178220E+00	9.30352849E-03	-2.57371197E-02
-3.97427078E+00	2.34649582E+00	9.29711901E-03	-2.58462005E-02
-3.05416123E+00	3.38247974E+00	9.29065969E-03	-2.59560958E-02
-1.89497544E+00	4.11025123E+00	9.28414993E-03	-2.60668154E-02
-5.78079627E-01	4.48166132E+00	9.27758910E-03	-2.61783694E-02
8.03424256E-01	4.45884397E+00	9.27097660E-03	-2.62907679E-02
2.13882106E+00	4.02171588E+00	9.26431179E-03	-2.64040212E-02
3.30090190E+00	3.18153195E+00	9.25759403E-03	-2.65181399E-02
4.15741921E+00	1.99474455E+00	9.25082266E-03	-2.66331345E-02
4.59214318E+00	5.70199963E-01	9.24399703E-03	-2.67490160E-02
4.53061099E+00	-9.35944134E-01	9.23711645E-03	-2.68657954E-02
3.96285410E+00	-2.33960045E+00	9.23018026E-03	-2.69834838E-02
2.95502811E+00	-3.45970298E+00	9.22318774E-03	-2.71020928E-02
1.64427631E+00	-4.15362886E+00	9.21613819E-03	-2.72216338E-02
2.15755654E-01	-4.34751330E+00	9.20903090E-03	-2.73421188E-02
-1.13379119E+00	-4.05227571E+00	9.20186513E-03	-2.74635597E-02
-2.23693102E+00	-3.35956826E+00	9.19464015E-03	-2.75859686E-02
-2.98972164E+00	-2.41741266E+00	9.18735519E-03	-2.77093581E-02
-3.36912011E+00	-1.39141638E+00	9.18000949E-03	-2.78337407E-02
-3.42791447E+00	-4.22265068E-01	9.17260227E-03	-2.79591294E-02
-3.26796464E+00	4.07947737E-01	9.16513274E-03	-2.80855371E-02
-2.99930022E+00	1.08989225E+00	9.15760009E-03	-2.82129773E-02
-2.69757293E+00	1.67639411E+00	9.15000350E-03	-2.83414634E-02
-2.37380842E+00	2.24923903E+00	9.14234213E-03	-2.84710093E-02
-1.96760374E+00	2.87300951E+00	9.13461514E-03	-2.86016289E-02
-1.36837205E+00	3.55065179E+00	9.12682166E-03	-2.87333367E-02
-4.60630692E-01	4.19643054E+00	9.11896082E-03	-2.88661470E-02
8.18888730E-01	4.63810278E+00	9.11103172E-03	-2.90000748E-02
2.42981888E+00	4.65225081E+00	9.10303346E-03	-2.91351351E-02
4.20042136E+00	4.02675898E+00	9.09496511E-03	-2.92713432E-02
5.83661182E+00	2.63518498E+00	9.08682572E-03	-2.94087149E-02
6.97142627E+00	5.02075824E-01	9.07861436E-03	-2.95472660E-02
7.24707371E+00	-2.16187574E+00	9.07033003E-03	-2.96870128E-02
6.41118871E+00	-4.96996911E+00	9.06197176E-03	-2.98279718E-02
4.40248913E+00	-7.41911094E+00	9.05353853E-03	-2.99701598E-02
1.40095644E+00	-8.98980684E+00	9.04502932E-03	-3.01135940E-02
-2.17552544E+00	-9.26533666E+00	9.03644308E-03	-3.02582919E-02
-5.73371641E+00	-8.04147673E+00	9.02777875E-03	-3.04042714E-02
-8.61732852E+00	-5.39776087E+00	9.01903525E-03	-3.05515505E-02
-1.02458534E+01	-1.70861802E+00	9.01021148E-03	-3.07001478E-02
-1.02479090E+01	2.41363198E+00	9.00130631E-03	-3.08500821E-02
-8.55609153E+00	6.23522069E+00	8.99231861E-03	-3.10013728E-02
-5.43780869E+00	9.05254938E+00	8.98324722E-03	-3.11540393E-02
-1.45107284E+00	1.03444925E+01	8.97409094E-03	-3.13081018E-02
2.66766494E+00	9.88895968E+00	8.96484858E-03	-3.14635806E-02
6.15941929E+00	7.81454788E+00	8.95551890E-03	-3.16204966E-02
8.40639771E+00	4.57308555E+00	8.94610067E-03	-3.17788709E-02
9.06462799E+00	8.37968616E-01	8.93659260E-03	-3.19387252E-02
8.13332028E+00	-2.64837098E+00	8.92699340E-03	-3.21000815E-02
5.94386803E+00	-5.24152458E+00	8.91730174E-03	-3.22629626E-02
3.07110836E+00	-6.53628631E+00	8.90751629E-03	-3.24273912E-02
1.88846348E-01	-6.44766238E+00	8.89763566E-03	-3.25933910E-02
-2.09430819E+00	-5.21233820E+00	8.88765848E-03	-3.27609858E-02
-3.37775352E+00	-3.31124144E+00	8.87758330E-03	-3.29302002E-02
-3.55479850E+00	-1.33383408E+00	8.86740868E-03	-3.31010591E-02
-2.82073941E+00	1.80436488E-01	8.85713315E-03	-3.32735880E-02
-1.60228662E+00	8.82389170E-01	8.84675519E-03	-3.34478129E-02
-4.27867376E-01	6.98858651E-01	8.83627328E-03	-3.36237605E-02
2.26365891E-01	-1.57908283E-01	8.82568584E-03	-3.38014579E-02
7.37594874E-02	-1.25899259E+00	8.81499129E-03	-3.39809328E-02
-8.98943267E-01	-2.08691034E+00	8.80418799E-03	-3.41622137E-02
-2.42349448E+00	-2.18866992E+00	8.79327429E-03	-3.43453294E-02
-4.02028512E+00	-1.31273171E+00	8.78224851E-03	-3.45303097E-02
-5.12852577E+00	5.07034293E-01	8.77110891E-03	-3.47171847E-02
-5.26233374E+00	2.94346242E+00	8.75985373E-03	-3.49059854E-02
-4.15160935E+00	5.44745152E+00	8.74848120E-03	-3.50967434E-02
-1.83034673E+00	7.38101296E+00	8.73698948E-03	-3.52894910E-02
1.35147795E+00	8.17830230E+00	8.72537671E-03	-3.54842614E-02
4.79663199E+00	7.49356819E+00	8.71364099E-03	-3.56810884E-02
7.79348277E+00	5.29823442E+00	8.70178037E-03	-3.58800065E-02
9.68020140E+00	1.90231415E+00	8.68979289E-03	-3.60810512E-02
9.99977373E+00	-2.10543313E+00	8.67767653E-03	-3.62842586E-02
8.60795190E+00	-5.98380459E+00	8.66542923E-03	-3.64896659E-02
5.70850844E+00	-9.00083312E+00	8.65304888E-03	-3.66973110E-02
1.80859051E+00	-1.05916716E+01	8.64053335E-03	-3.69072328E-02
-2.39327499E+00	-1.04754938E+01	8.62788046E-03	-3.71194709E-02
-6.15800875E+00	-8.70546511E+00	8.61508797E-03	-3.73340662E-02
-8.85890380E+00	-5.64313970E+00	8.60215361E-03	-3.75510602E-02
-1.01012452E+01	-1.86732866E+00	8.58907505E-03	-3.77704959E-02
-9.78333911E+00	1.95729976E+00	8.57584993E-03	-3.79924168E-02
-8.08952598E+00	5.21863199E+00	8.56247583E-03	-3.82168679E-02
-5.42293966E+00	7.47016920E+00	8.54895027E-03	-3.84438951E-02
-2.29974092E+00	8.49538432E+00	8.53527074E-03	-3.86735456E-02
7.66147863E-01	8.31426262E+00	8.52143467E-03	-3.89058675E-02
3.35960469E+00	7.13824104E+00	8.50743943E-03	-3.91409105E-02
5.22207633E+00	5.29200055E+00	8.49328234E-03	-3.93787254E-02
6.26307842E+00	3.12664540E+00	8.47896066E-03	-3.96193641E-02
6.53121951E+00	9.47568020E-01	8.46447160E-03	-3.98628803E-02
6.16068155E+00	-1.02727178E+00	8.44981231E-03	-4.01093286E-02
5.31347623E+00	-2.67409921E+00	8.43497987E-03	-4.03587654E-02
4.13565220E+00	-3.94174307E+00	8.41997131E-03	-4.06112484E-02
2.73816175E+00	-4.81619288E+00	8.40478360E-03	-4.08668370E-02
1.20304416E+00	-5.28811424E+00	8.38941363E-03	-4.11255921E-02
-3.93677796E-01	-5.33666437E+00	8.37385824E-03	-4.13875762E-02
-1.95650590E+00	-4.93515483E+00	8.35811420E-03	-4.16528536E-02
-3.35662754E+00	-4.07481088E+00	8.34217820E-03	-4.19214904E-02
-4.43887956E+00	-2.79528285E+00	8.32604688E-03	-4.21935543E-02
-5.05019793E+00	-1.20725065E+00	8.30971679E-03	-4.24691152E-02
-5.08135093E+00	5.05437114E-01	8.29318442E-03	-4.27482448E-02
-4.50753695E+00	2.10979562E+00	8.27644617E-03	-4.30310169E-02
-3.41211351E+00	3.37026044E+00	8.25949839E-03	-4.33175074E-02
-1.98196075E+00	4.10539404E+00	8.24233732E-03	-4.36077942E-02
-4.71597758E-01	4.23728378E+00	8.22495916E-03	-4.39019578E-02
8.56493231E-01	3.81665788E+00	8.20735999E-03	-4.42000810E-02
1.79916466E+00	3.01298959E+00	8.18953583E-03	-4.45022487E-02
2.26723635E+00	2.06919109E+00	8.17148262E-03	-4.48085488E-02
2.30931751E+00	1.23184008E+00	8.15319619E-03	-4.51190715E-02
2.09482889E+00	6.76659740E-01	8.13467232E-03	-4.54339100E-02
1.85824758E+00	4.52209987E-01	8.11590666E-03	-4.57531602E-02
1.81896612E+00	4.61021020E-01	8.09689481E-03	-4.60769210E-02
2.10005262E+00	4.87358816E-01	8.07763224E-03	-4.64052944E-02
2.67161544E+00	2.67090628E-01	8.05811436E-03	-4.67383855E-02
3.33919208E+00	-4.18354656E-01	8.03833646E-03	-4.70763030E-02
3.78562629E+00	-1.65105307E+00	8.01829376E-03	-4.74191588E-02
3.65936922E+00	-3.31749153E+00	7.99798134E-03	-4.77670687E-02
2.68740334E+00	-5.10333146E+00	7.97739423E-03	-4.81201520E-02
7.81457236E-01	-6.55014669E+00	7.95652730E-03	-4.84785321E-02
-1.89497254E+00	-7.16478858E+00	7.93537537E-03	-4.88423367E-02
-4.92310511E+00	-6.55581172E+00	7.91393311E-03	-4.92116976E-02
-7.69736529E+00	-4.56116308E+00	7.89219510E-03	-4.95867514E-02
-9.55489355E+00	-1.33042141E+00	7.87015582E-03	-4.99676399E-02
-9.93716517E+00	2.66584360E+00	7.84780984E-03	-5.03545115E-02
-8.54354456E+00	6.70947029E+00	7.82515403E-03	-5.07475277E-02
-5.43551998E+00	9.97925247E+00	7.80230099E-03	-5.11469162E-02
-1.06035595E+00	1.17352521E+01	7.77892194E-03	-5.15523942E-02
3.81813436E+00	1.14988889E+01	7.75525881E-03	-5.19647682E-02
8.27069625E+00	9.18313561E+00	7.73128271E-03	-5.23839039E-02
1.14029957E+01	5.13735742E+00	7.70696551E-03	-5.28099980E-02
1.25584600E+01	9.12342345E-02	7.68229516E-03	-5.32432373E-02
1.14741495E+01	-4.99304223E+00	7.65725189E-03	-5.36838038E-02
8.35012013E+00	-9.12781423E+00	7.63169634E-03	-5.41318444E-02
3.81303057E+00	-1.15180213E+01	7.60615266E-03	-5.45883018E-02
-1.21954997E+00	-1.17381321E+01	7.58008977E-03	-5.50519808E-02
-5.74306355E+00	-9.82496118E+00	7.55357692E-03	-5.55240234E-02
-8.88985383E+00	-6.26351673E+00	7.52667547E-03	-5.60045266E-02
-1.01194946E+01	-1.86913017E+00	7.49937298E-03	-5.64937184E-02
-9.33013856E+00	2.40541791E+00	7.47166169E-03	-5.69918468E-02
-6.86497475E+00	5.69071467E+00	7.44353084E-03	-5.74991732E-02
-3.41384779E+00	7.39587841E+00	7.41496784E-03	-5.80159708E-02
1.64092872E-01	7.33138807E+00	7.38595678E-03	-5.85425241E-02
3.05173920E+00	5.73145009E+00	7.35647536E-03	-5.90791287E-02
4.66679650E+00	3.17315734E+00	7.32648806E-03	-5.96260909E-02
4.78913628E+00	4.15386435E-01	7.29592801E-03	-6.01837266E-02
3.59329513E+00	-1.80015815E+00	7.26463806E-03	-6.07523595E-02
1.58116409E+00	-2.93496411E+00	7.23210099E-03	-6.13323451E-02
-5.64903177E-01	-2.78063862E+00	7.19505849E-03	-6.19251721E-02
-2.16887863E+00	-1.49678044E+00	7.17966363E-03	-6.25406292E-02
-2.73916135E+00	4.46803049E-01	7.14296650E-03	-6.31480753E-02
-2.09307698E+00	2.40574204E+00	7.10753065E-03	-6.37764480E-02
-3.97818420E-01	3.73765592E+00	7.06967318E-03	-6.44250610E-02
1.88002471E+00	3.97345275E+00	7.04317078E-03	-6.50790253E-02
4.10081286E+00	2.94002612E+00	7.00882663E-03	-6.57492060E-02
5.61988367E+00	8.04699741E-01	6.97987081E-03	-6.64303368E-02
5.95371899E+00	-1.96751153E+00	6.93163887E-03	-6.71407460E-02
4.90271346E+00	-4.73055816E+00	6.89789857E-03	-6.78567721E-02
2.60139003E+00	-6.81669262E+00	6.86030532E-03	-6.85926857E-02
-5.13915464E-01	-7.69788315E+00	6.82687975E-03	-6.93573637E-02
-3.80908136E+00	-7.10992043E+00	6.80514180E-03	-7.01155864E-02
-6.60004133E+00	-5.11080362E+00	6.75559865E-03	-7.08990592E-02
-8.30729634E+00	-2.06242804E+00	6.71422141E-03	-7.17116504E-02
-8.58041992E+00	1.45626622E+00	6.68678180E-03	-7.25658954E-02
-7.36533836E+00	4.78060531E+00	6.65161833E-03	-7.33715507E-02
-4.90264122E+00	7.30295091E+00	6.60459897E-03	-7.42463347E-02
-1.66234843E+00	8.59373411E+00	6.56291265E-03	-7.51417206E-02
1.76501133E+00	8.47545825E+00	6.52172187E-03	-7.60600617E-02
4.79285522E+00	7.03769410E+00	6.48061713E-03	-7.70030547E-02
6.94972475E+00	4.59598364E+00	6.43940281E-03	-7.79719508E-02
7.95477131E+00	1.61012690E+00	6.39808037E-03	-7.89680946E-02
7.74618880E+00	-1.41537385E+00	6.35695027E-03	-7.99930968E-02
6.46359123E+00	-4.02513653E+00	6.32194368E-03	-8.10468443E-02
4.39565141E+00	-5.88248764E+00	6.27203374E-03	-8.21282451E-02
1.91019495E+00	-6.80513778E+00	6.22979181E-03	-8.32477795E-02
-6.15511702E-01	-6.76694429E+00	6.18772615E-03	-8.44009337E-02
-2.85061683E+00	-5.87354526E+00	6.14579702E-03	-8.55901882E-02
-4.54578743E+00	-4.32370417E+00	6.10409972E-03	-8.68171994E-02
-5.54767455E+00	-2.36805101E+00	6.06155522E-03	-8.80841060E-02
-5.79793694E+00	-2.73415698E-01	6.02014613E-03	-8.93995919E-02
-5.32393721E+00	1.70407684E+00	5.99091423E-03	-9.07443246E-02
-4.22696006E+00	3.33848387E+00	5.94209012E-03	-9.21478830E-02
-2.67045446E+00	4.44980073E+00	5.90747513E-03	-9.36006203E-02
-8.67114932E-01	4.91929729E+00	5.87000757E-03	-9.50970457E-02
9.38673524E-01	4.70503443E+00	5.82526249E-03	-9.66639187E-02
2.49629983E+00	3.85454411E+00	5.79302162E-03	-9.82891587E-02
3.58280647E+00	2.50888478E+00	5.75809374E-03	-9.99674371E-02
4.04134633E+00	8.91840991E-01	5.72321859E-03	-1.01719866E-01
3.81616605E+00	-7.19431484E-01	5.69075697E-03	-1.03543437E-01
2.97381982E+00	-2.04097051E+00	5.65897694E-03	-1.05442841E-01
1.70134264E+00	-2.83837275E+00	5.62602382E-03	-1.07422593E-01
2.76675400E-01	-2.98051764E+00	5.58744209E-03	-1.09486776E-01
-9.86220322E-01	-2.47617266E+00	5.53045115E-03	-1.11638245E-01
-1.80735263E+00	-1.48115121E+00	5.40478163E-03	-1.13879202E-01
-2.00961428E+00	-2.69980795E-01	4.79172128E-03	-1.16432207E-01
-1.56837949E+00	8.24922699E-01	6.04432815E-03	-1.19239370E-01
-6.26521917E-01	1.49419050E+00	5.74182788E-03	-1.21444320E-01
5.32678570E-01	1.53318540E+00	4.82822333E-03	-1.24010511E-01
1.55155439E+00	9.02813631E-01	5.11370754E-03	-1.28777105E-01
2.08889970E+00	-2.48583078E-01	6.53688042E-03	-1.30985853E-01
1.91355152E+00	-1.61138218E+00	6.47632180E-03	-1.33479961E-01
9.76002518E-01	-2.78580727E+00	3.87660103E-03	-1.38618758E-01
-5.62705278E-01	-3.38262241E+00	6.63226751E-03	-1.42515506E-01
-2.35567780E+00	-3.12892994E+00	7.26820214E-03	-1.46150954E-01
-3.94583449E+00	-1.95152509E+00	8.03413346E-03	-1.49708526E-01
-4.87625835E+00	-1.43629271E-02	3.48517110E-03	-1.53638140E-01
-4.80880046E+00	2.30271558E+00	7.03234133E-03	-1.61323340E-01
-3.62078589E+00	4.48226683E+00	8.35828734E-03	-1.66723887E-01
-1.45367458E+00	5.98791904E+00	9.83839052E-03	-1.72226356E-01
1.30144606E+00	6.39555585E+00	6.40024154E-03	-1.78550246E-01
4.08123122E+00	5.50459653E+00	9.74111429E-03	-1.87860433E-01
6.27403786E+00	3.40059582E+00	1.15451463E-02	-1.96411678E-01
7.36182116E+00	4.51515120E-01	1.35828217E-02	-2.06404370E-01
7.04582631E+00	-2.76401358E+00	1.64048821E-02	-2.17018082E-01
5.32491521E+00	-5.58127344E+00	1.93880320E-02	-2.29608391E-01
2.50624280E+00	-7.39831398E+00	2.35473597E-02	-2.44396767E-01
-8.55855707E-01	-7.81393346E+00	2.92963092E-02	-2.61961196E-01
-4.07949120E+00	-6.72172995E+00	3.74810807E-02	-2.83252099E-01
-6.50576491E+00	-4.33741563E+00	4.96395573E-02	-3.09746367E-01
-7.64500664E+00	-1.15250989E+00	6.88025444E-02	-3.43886959E-01
-7.28445443E+00	2.17484127E+00	1.01774279E-01	-3.90089315E-01
-5.53243069E+00	4.96620571E+00	1.67213981E-01	-4.57013159E-01
-2.78936008E+00	6.67202784E+00	3.38524630E-01	-5.62727930E-01
3.46581272E-01	6.98904792E+00	1.24140191E+00	-4.48623054E-01
3.21610444E+00	5.91951138E+00	-5.53837939E-01	3.99588609E-01
5.24521571E+00	3.75998925E+00	-3.50688267E-01	-4.32085128E-01
6.06745388E+00	1.02448119E+00	-6.31183816E-02	-1.03661148E+00
5.59474161E+00	-1.67827987E+00	2.31355745E+00	-1.27385094E+00
4.02262084E+00	-3.78340592E+00	7.35111296E-01	1.08176042E+00
1.77152559E+00	-4.89188857E+00	-1.62287564E-01	5.47204587E-01
-6.19421266E-01	-4.84894949E+00	-5.37002263E-01	1.17804535E-02
-2.61934720E+00	-3.76303992E+00	9.39059342E-01	-2.07320147E+00
-3.82313974E+00	-1.96443039E+00	7.00300499E-01	3.31498658E-01
-4.03323720E+00	8.35906617E-02	3.33124615E-01	2.65930423E-01
-3.28925522E+00	1.89768846E+00	2.12503767E-01	2.02007993E-01
-1.84210950E+00	3.08428388E+00	1.53000013E-01	1.55766719E-01
-8.23276099E-02	3.42140799E+00	1.18081662E-01	1.20655991E-01
1.55789541E+00	2.89601163E+00	9.52950941E-02	9.27889406E-02
2.70476562E+00	1.69158454E+00	7.93918508E-02	6.99423890E-02
3.12233896E+00	1.32699162E-01	6.74370004E-02	5.06509056E-02
2.75514794E+00	-1.39763837E+00	5.86871609E-02	3.33879729E-02
1.72751764E+00	-2.54714148E+00	5.14347611E-02	1.91994459E-02
3.03400926E-01	-3.06958711E+00	4.48464664E-02	6.12332315E-03
-1.18098060E+00	-2.87100616E+00	3.98041234E-02	-7.61467424E-03
-2.39458154E+00	-2.01931436E+00	3.65772116E-02	-1.87985167E-02
-3.08148672E+00	-7.18729682E-01	3.29614318E-02	-2.92784357E-02
-3.10928488E+00	7.42213440E-01	2.95509888E-02	-3.94467403E-02
-2.48793408E+00	2.05560476E+00	2.56757773E-02	-4.96917958E-02
-1.35828550E+00	2.95746442E+00	2.31164073E-02	-5.91970652E-02
4.42523930E-02	3.27694151E+00	1.59058084E-02	-6.91725918E-02
1.44116087E+00	2.96334191E+00	2.34734563E-02	-8.45312528E-02
2.56598612E+00	2.08829687E+00	1.91675028E-02	-9.14519914E-02
3.21273393E+00	8.25411875E-01	1.50582069E-02	-9.96835740E-02
3.26968770E+00	-5.86552310E-01	8.05506362E-03	-1.13344419E-01
2.73447207E+00	-1.88897629E+00	1.53960443E-02	-1.29777085E-01
1.70980598E+00	-2.84895373E+00	1.30100763E-02	-1.38327516E-01
3.82367063E-01	-3.29803696E+00	9.64042105E-03	-1.49573327E-01
-1.01077197E+00	-3.15891393E+00	7.00897453E-03	-1.64808941E-01
-2.22256029E+00	-2.45689230E+00	7.02517318E-03	-1.82283499E-01
-3.03727949E+00	-1.31513792E+00	5.16873932E-03	-1.98914239E-01
-3.30692315E+00	6.54616723E-02	2.98978446E-03	-2.18347946E-01
-2.97737107E+00	1.43913613E+00	6.25138964E-04	-2.40952794E-01
-2.10009236E+00	2.55639674E+00	-1.92980451E-03	-2.67669701E-01
-8.26700359E-01	3.20764332E+00	-4.67557960E-03	-3.00008138E-01
6.14065135E-01	3.26229025E+00	-7.56357090E-03	-3.40386477E-01
1.95453709E+00	2.69630462E+00	-1.03800348E-02	-3.93340067E-01
2.93609486E+00	1.60209507E+00	-1.20913717E-02	-4.67570514E-01
3.35890117E+00	1.77140839E-01	-8.37013137E-03	-5.85092534E-01
3.12392852E+00	-1.30856219E+00	3.43116900E-02	-8.26479764E-01
2.25811568E+00	-2.56181739E+00	9.44752548E-01	-9.87910673E-01
9.15894941E-01	-3.32379728E+00	5.41513618E-01	1.29879100E-01
-6.45374925E-01	-3.42458083E+00	7.87701034E-02	-5.64892052E-01
-2.11308535E+00	-2.82280418E+00	2.96232201E-01	-1.43426539E+00
-3.18174599E+00	-1.62068435E+00	3.29559493E+00	-1.01498001E+00
-3.61754980E+00	-4.93030575E-02	6.18704482E-01	1.25987733E+00
-3.31108833E+00	1.57466351E+00	5.33602411E-02	3.15227160E-01
-2.30578887E+00	2.91298826E+00	1.80580279E-02	-7.29469906E-01
-7.94337119E-01	3.67763220E+00	2.31279607E+00	3.45589597E-01
9.17780267E-01	3.69451150E+00	5.75470832E-01	8.07267015E-01
2.47494877E+00	2.94458118E+00	3.36292417E-01	5.38013467E-01
3.54726048E+00	1.57202855E+00	2.54914899E-01	4.00657136E-01
3.90283362E+00	-1.43468964E-01	2.15140247E-01	3.11387269E-01
3.46011371E+00	-1.84525554E+00	1.93239270E-01	2.46115802E-01
2.30775098E+00	-3.17650276E+00	1.81648994E-01	1.94371089E-01
6.86830594E-01	-3.85823745E+00	1.75860889E-01	1.50378544E-01
-1.06114127E+00	-3.75084184E+00	1.76064603E-01	1.11177209E-01
-2.56906862E+00	-2.88479319E+00	1.81381668E-01	7.44482403E-02
-3.52502197E+00	-1.45336696E+00	1.93384153E-01	3.84248223E-02
-3.74048670E+00	2.31190684E-01	2.16455619E-01	1.15835164E-03
-3.19048127E+00	1.80800204E+00	2.58112369E-01	-3.88159668E-02
-2.01645080E+00	2.94819821E+00	3.67620431E-01	-6.91689003E-02
-4.91536081E-01	3.42728343E+00	2.85652653E-01	2.59084077E-01
1.04340508E+00	3.17268027E+00	2.72417731E-02	-8.47862343E-02
2.25789745E+00	2.27585194E+00	3.10729026E-01	-3.15515758E-01
2.90582690E+00	9.66796810E-01	1.03454012E+00	-3.73087958E-01
2.87829142E+00	-4.42465547E-01	1.00724076E+00	8.08946158E-01
2.22355780E+00	-1.63166440E+00	-3.10626245E-01	3.88705122E-01
1.13028835E+00	-2.34579312E+00	-6.87062553E-02	-3.00572884E-01
-1.21117036E-01	-2.45131118E+00	8.15849206E-01	-7.28242449E-01
-1.22687535E+00	-1.96244550E+00	1.50191646E+00	1.07615078E+00
-1.93139611E+00	-1.03233399E+00	2.32322128E-03	8.50116048E-01
-2.08531398E+00	8.78731112E-02	-1.11066967E-01	2.86430286E-01
-1.67687852E+00	1.11144164E+00	2.87808535E-01	-1.77086936E-01
-8.30229276E-01	1.78480048E+00	7.94642729E-01	7.31666250E-01
2.27988008E-01	1.94641735E+00	1.51813048E-01	6.14600349E-01
1.22489695E+00	1.56245415E+00	5.03253105E-02	4.43023372E-01
1.90678975E+00	7.31699842E-01	1.45393685E-01	3.26400450E-01
2.09827016E+00	-3.40355529E-01	1.38163936E-01	4.55017799E-01
1.74177014E+00	-1.39134188E+00	5.91027020E-02	3.84493405E-01
9.09071886E-01	-2.16356215E+00	4.04809461E-02	3.42587143E-01
-2.16834713E-01	-2.46292861E+00	3.13969566E-02	3.12678798E-01
-1.38445989E+00	-2.20211415E+00	2.64216622E-02	2.89601334E-01
-2.33069674E+00	-1.41885084E+00	2.30264571E-02	2.70705504E-01
-2.83879715E+00	-2.66238473E-01	2.07772957E-02	2.54465664E-01
-2.78472371E+00	1.02175868E+00	1.95752316E-02	2.41632772E-01
-2.16231511E+00	2.18118395E+00	1.81314820E-02	2.29563071E-01
-1.08276735E+00	2.97377595E+00	1.71795471E-02	2.19041561E-01
2.50333146E-01	3.23550373E+00	1.64748243E-02	2.09582197E-01
1.58408721E+00	2.90816267E+00	1.60142118E-02	2.01296492E-01
2.66771928E+00	2.04836028E+00	1.55269621E-02	1.93652408E-01
3.30149470E+00	8.13239604E-01	1.50585847E-02	1.86853671E-01
3.37345585E+00	-5.72924725E-01	1.43354164E-02	1.79661516E-01
2.87741992E+00	-1.86355023E+00	1.46480868E-02	1.73846624E-01
1.90986749E+00	-2.83655534E+00	1.45271046E-02	1.68469327E-01
6.47664572E-01	-3.33401969E+00	1.44046113E-02	1.63418430E-01
-6.87876789E-01	-3.28763846E+00	1.43120230E-02	1.58690933E-01
-1.87291582E+00	-2.72617788E+00	1.42613587E-02	1.54261976E-01
-2.72078424E+00	-1.76483572E+00	1.43058125E-02	1.50117153E-01
-3.11236024E+00	-5.79785098E-01	1.45596082E-02	1.46741555E-01
-3.01230815E+00	6.26368572E-01	1.34992263E-02	1.42855943E-01
-2.46934615E+00	1.66131542E+00	1.36329215E-02	1.39165346E-01
-1.60173000E+00	2.37523471E+00	1.36499866E-02	1.35828116E-01
-5.71676518E-01	2.68309930E+00	1.36390212E-02	1.32683591E-01
4.45895360E-01	2.57392138E+00	1.36193033E-02	1.29698203E-01
1.29435415E+00	2.10631953E+00	1.35972866E-02	1.26845721E-01
1.86062709E+00	1.39223661E+00	1.35963381E-02	1.24059179E-01
2.09070663E+00	5.72584378E-01	1.38490639E-02	1.21841292E-01
1.99334623E+00	-2.10247717E-01	1.35896621E-02	1.19299556E-01
1.63212581E+00	-8.37846795E-01	1.35461110E-02	1.16920284E-01
1.10813796E+00	-1.23469583E+00	1.35189528E-02	1.14661661E-01
5.37121596E-01	-1.37749163E+00	1.34932872E-02	1.12506222E-01
2.57007980E-02	-1.29371357E+00	1.34627357E-02	1.10407879E-01
-3.48652188E-01	-1.05035751E+00	1.34592645E-02	1.08430982E-01
-5.50199713E-01	-7.35589826E-01	1.34413805E-02	1.06526090E-01
-5.87911018E-01	-4.37363736E-01	1.34125021E-02	1.04702311E-01
-5.08635949E-01	-2.23534059E-01	1.33984342E-02	1.02874197E-01
-3.82283880E-01	-1.27607121E-01	1.33960437E-02	1.01186457E-01
-2.82439524E-01	-1.43034373E-01	1.33820409E-02	9.95449539E-02
-2.66780072E-01	-2.27131442E-01	1.33655089E-02	9.79694195E-02
-3.61690873E-01	-3.13637360E-01	1.33424609E-02	9.64007444E-02
-5.54580976E-01	-3.31044335E-01	1.33346900E-02	9.49209404E-02
-7.95739943E-01	-2.22528335E-01	1.33214205E-02	9.34837646E-02
-1.00948691E+00	3.71118132E-02	1.33077905E-02	9.20911017E-02
-1.11228093E+00	4.31528617E-01	1.32942200E-02	9.07414117E-02
-1.03384118E+00	9.02468238E-01	1.32808429E-02	8.94328252E-02
-7.36533175E-01	1.35946856E+00	1.32677863E-02	8.81635244E-02
-2.28509087E-01	1.69787047E+00	1.32553105E-02	8.69319345E-02
4.32679593E-01	1.82149212E+00	1.32434341E-02	8.57365753E-02
1.14729487E+00	1.66515631E+00	1.32353318E-02	8.45787118E-02
1.79042902E+00	1.21211992E+00	1.32029211E-02	8.35016319E-02
2.23564586E+00	5.02381792E-01	1.31794527E-02	8.23381929E-02
2.38054118E+00	-3.70338849E-01	1.31751712E-02	8.12686259E-02
2.16896011E+00	-1.27283461E+00	1.31651587E-02	8.02279406E-02
1.60515342E+00	-2.05538559E+00	1.31540048E-02	7.92140686E-02
7.56697090E-01	-2.57913785E+00	1.31434147E-02	7.82255653E-02
-2.54776640E-01	-2.74254314E+00	1.31354345E-02	7.72598290E-02
-1.27354067E+00	-2.50160387E+00	1.31355936E-02	7.63351504E-02
-2.13676554E+00	-1.87982483E+00	1.31079878E-02	7.54565495E-02
-2.70344253E+00	-9.65767943E-01	1.30826908E-02	7.45372068E-02
-2.87971682E+00	1.01470913E-01	1.30721369E-02	7.36619172E-02
-2.63579037E+00	1.15618285E+00	1.30607849E-02	7.28103660E-02
-2.01119184E+00	2.03486178E+00	1.30493611E-02	7.19798586E-02
-1.10746987E+00	2.60448716E+00	1.30384626E-02	7.11697667E-02
-6.97902403E-02	2.78499385E+00	1.30287649E-02	7.03842056E-02
9.38976583E-01	2.56182775E+00	1.29966982E-02	6.96007506E-02
1.76671541E+00	1.98644588E+00	1.29898557E-02	6.88403154E-02
2.29772454E+00	1.16496159E+00	1.29814933E-02	6.80985976E-02
2.47088319E+00	2.37392263E-01	1.29708285E-02	6.73738536E-02
2.28719444E+00	-6.48304888E-01	1.29597367E-02	6.66645751E-02
1.80569775E+00	-1.36234897E+00	1.29488411E-02	6.59702003E-02
1.12901319E+00	-1.81447831E+00	1.29391751E-02	6.52902801E-02
3.81741633E-01	-1.96668750E+00	1.29382568E-02	6.46297349E-02
-3.13779707E-01	-1.83534238E+00	1.29033847E-02	6.39803727E-02
-8.59515415E-01	-1.48282174E+00	1.28951520E-02	6.33367528E-02
-1.19733683E+00	-1.00091331E+00	1.28846536E-02	6.27095953E-02
-1.31542597E+00	-4.89769578E-01	1.28735720E-02	6.20953388E-02
-1.24469877E+00	-3.69954275E-02	1.28623033E-02	6.14932272E-02
-1.04657579E+00	2.98752509E-01	1.28509787E-02	6.09027998E-02
-7.95220109E-01	4.96380372E-01	1.28396544E-02	6.03236727E-02
-5.58465927E-01	5.71696722E-01	1.28283587E-02	5.97554966E-02
-3.81840240E-01	5.68077933E-01	1.28171078E-02	5.91979438E-02
-2.79290888E-01	5.41005837E-01	1.28059104E-02	5.86507003E-02
-2.32637249E-01	5.40399996E-01	1.27947747E-02	5.81134702E-02
-1.99696714E-01	5.95158416E-01	1.27837042E-02	5.75859676E-02
-1.28965382E-01	7.03798749E-01	1.27727021E-02	5.70679185E-02
2.28813827E-02	8.33650712E-01	1.27617706E-02	5.65590597E-02
2.75167559E-01	9.28996186E-01	1.27509113E-02	5.60591380E-02
6.13282923E-01	9.26346335E-01	1.27401256E-02	5.55679100E-02
9.87530930E-01	7.73200641E-01	1.27294142E-02	5.50851413E-02
1.32158431E+00	4.45604304E-01	1.27187779E-02	5.46106058E-02
1.52901864E+00	-4.01115651E-02	1.27082172E-02	5.41440861E-02
1.53430354E+00	-6.24826153E-01	1.26977324E-02	5.36853722E-02
1.29332283E+00	-1.21469348E+00	1.26873236E-02	5.32342618E-02
8.08321448E-01	-1.69859269E+00	1.26769911E-02	5.27905597E-02
1.33233054E-01	-1.97142845E+00	1.26667348E-02	5.23540773E-02
-6.32570434E-01	-1.95813173E+00	1.26565547E-02	5.19246326E-02
-1.36140641E+00	-1.63275980E+00	1.26464506E-02	5.15020500E-02
-1.92197119E+00	-1.02796666E+00	1.26364224E-02	5.10861595E-02
-2.20634122E+00	-2.32154359E-01	1.26264699E-02	5.06767970E-02
-2.15327324E+00	6.25621953E-01	1.26165928E-02	5.02738039E-02
-1.76242773E+00	1.40007979E+00	1.26067909E-02	4.98770266E-02
-1.09606879E+00	1.95830700E+00	1.25970638E-02	4.94863165E-02
-2.67588287E-01	2.20628857E+00	1.25874116E-02	4.91015300E-02
5.80791080E-01	2.10748463E+00	1.25778322E-02	4.87225298E-02
1.30627836E+00	1.68933771E+00	1.25683271E-02	4.83491774E-02
1.79350708E+00	1.03633355E+00	1.25588953E-02	4.79813449E-02
1.97610825E+00	2.71321980E-01	1.25495363E-02	4.76189056E-02
1.84725500E+00	-4.70521390E-01	1.25402496E-02	4.72617368E-02
1.45719479E+00	-1.06909833E+00	1.25310346E-02	4.69097198E-02
8.98847695E-01	-1.44199954E+00	1.25218906E-02	4.65627391E-02
2.85295993E-01	-1.55748578E+00	1.25128234E-02	4.62206825E-02
-2.75254374E-01	-1.43545461E+00	1.25038186E-02	4.58834473E-02
-7.01114328E-01	-1.13697190E+00	1.24948858E-02	4.55509210E-02
-9.50551067E-01	-7.45667361E-01	1.24860226E-02	4.52230044E-02
-1.02449611E+00	-3.46091132E-01	1.24772283E-02	4.48995985E-02
-9.58806290E-01	-4.57069555E-03	1.24685024E-02	4.45806072E-02
-8.08980442E-01	2.42878613E-01	1.24598441E-02	4.42659371E-02
-6.31985033E-01	3.93151844E-01	1.24512530E-02	4.39554975E-02
-4.70294353E-01	4.69379083E-01	1.24427285E-02	4.36492003E-02
-3.42327864E-01	5.07670640E-01	1.24342701E-02	4.33469597E-02
-2.41458574E-01	5.41619436E-01	1.24258771E-02	4.30486924E-02
-1.43246315E-01	5.89288882E-01	1.24175491E-02	4.27543176E-02
-1.82180569E-02	6.46484617E-01	1.24092854E-02	4.24637563E-02
1.53992020E-01	6.88146117E-01	1.24010855E-02	4.21769321E-02
3.73619298E-01	6.77264656E-01	1.23929488E-02	4.18937703E-02
6.16351810E-01	5.78520645E-01	1.23848748E-02	4.16141984E-02
8.37040861E-01	3.72449430E-01	1.23768629E-02	4.13381459E-02
9.80673121E-01	6.57661883E-02	1.23689125E-02	4.10655439E-02
9.97603058E-01	-3.05453467E-01	1.23610230E-02	4.07963256E-02
8.58756548E-01	-6.81036244E-01	1.23531940E-02	4.05304258E-02
5.66430911E-01	-9.89336464E-01	1.23454248E-02	4.02677810E-02
1.57453916E-01	-1.16405007E+00	1.23377149E-02	4.00083293E-02
-3.02492817E-01	-1.16081626E+00	1.23300636E-02	3.97520105E-02
-7.32196935E-01	-9.69180780E-01	1.23224706E-02	3.94987658E-02
-1.05262632E+00	-6.16675706E-01	1.23149352E-02	3.92485380E-02
-1.20457749E+00	-1.63830226E-01	1.23074568E-02	3.90012712E-02
-1.16181623E+00	3.08700142E-01	1.23000350E-02	3.87569111E-02
-9.36455530E-01	7.17657912E-01	1.22926691E-02	3.85154044E-02
-5.75357250E-01	9.94972835E-01	1.22853587E-02	3.82766995E-02
-1.48672247E-01	1.10144722E+00	1.22781031E-02	3.80407459E-02
2.66382545E-01	1.03314320E+00	1.22709020E-02	3.78074941E-02
6.02301798E-01	8.19265663E-01	1.22637546E-02	3.75768962E-02
8.14458555E-01	5.12579126E-01	1.22566606E-02	3.73489051E-02
8.87646996E-01	1.75280409E-01	1.22496194E-02	3.71234751E-02
8.34902878E-01	-1.35730197E-01	1.22426304E-02	3.69005613E-02
6.89629699E-01	-3.80333029E-01	1.22356932E-02	3.66801201E-02
4.93800282E-01	-5.40730353E-01	1.22288072E-02	3.64621087E-02
2.85886749E-01	-6.20189974E-01	1.22219720E-02	3.62464856E-02
9.19766984E-02	-6.36129207E-01	1.22151870E-02	3.60332099E-02
-7.76480950E-02	-6.10245800E-01	1.22084517E-02	3.58222418E-02
-2.25989566E-01	-5.59106468E-01	1.22017657E-02	3.56135425E-02
-3.62254262E-01	-4.88262227E-01	1.21951285E-02	3.54070740E-02
-4.92989840E-01	-3.91698716E-01	1.21885395E-02	3.52027990E-02
-6.14710886E-01	-2.56642300E-01	1.21819984E-02	3.50006813E-02
-7.10765182E-01	-7.19724097E-02	1.21755045E-02	3.48006854E-02
-7.53809925E-01	1.62728923E-01	1.21690575E-02	3.46027764E-02
-7.13445061E-01	4.30759646E-01	1.21626569E-02	3.44069205E-02
-5.66836366E-01	6.97067158E-01	1.21563022E-02	3.42130845E-02
-3.09071967E-01	9.13234770E-01	1.21499930E-02	3.40212357E-02
4.01317177E-02	1.02782552E+00	1.21437288E-02	3.38313424E-02
4.35870127E-01	9.99524551E-01	1.21375092E-02	3.36433736E-02
8.14469618E-01	8.09517190E-01	1.21313336E-02	3.34572986E-02
1.10575126E+00	4.69537737E-01	1.21252018E-02	3.32730878E-02
1.24829564E+00	2.30430063E-02	1.21191132E-02	3.30907120E-02
1.20390535E+00	-4.61268689E-01	1.21130675E-02	3.29101425E-02
9.67532945E-01	-9.02347330E-01	1.21070641E-02	3.27313514E-02
5.70034009E-01	-1.22312424E+00	1.21011027E-02	3.25543114E-02
7.29186961E-02	-1.36638658E+00	1.20951828E-02	3.23789955E-02
-4.43688915E-01	-1.30639501E+00	1.20893041E-02	3.22053776E-02
-8.96975044E-01	-1.05355355E+00	1.20834662E-02	3.20334318E-02
-1.21743100E+00	-6.51235445E-01	1.20776685E-02	3.18631331E-02
-1.36122519E+00	-1.65849112E-01	1.20719108E-02	3.16944566E-02
-1.31634177E+00	3.27150958E-01	1.20661927E-02	3.15273782E-02
-1.10159167E+00	7.57770776E-01	1.20605136E-02	3.13618742E-02
-7.59454765E-01	1.07311544E+00	1.20548734E-02	3.11979212E-02
-3.45181562E-01	1.24382118E+00	1.20492715E-02	3.10354966E-02
8.47215840E-02	1.26454269E+00	1.20437076E-02	3.08745780E-02
4.81730656E-01	1.14942442E+00	1.20381813E-02	3.07151434E-02
8.10405542E-01	9.24730820E-01	1.20326923E-02	3.05571714E-02
1.04897371E+00	6.21294505E-01	1.20272401E-02	3.04006409E-02
1.18646309E+00	2.69064850E-01	1.20218245E-02	3.02455314E-02
1.21842102E+00	-1.05029640E-01	1.20164451E-02	3.00918224E-02
1.14346256E+00	-4.76076031E-01	1.20111015E-02	2.99394943E-02
9.62299599E-01	-8.18431648E-01	1.20057933E-02	2.97885273E-02
6.79732348E-01	-1.10331331E+00	1.20005203E-02	2.96389026E-02
3.08743596E-01	-1.29868367E+00	1.19952820E-02	2.94906012E-02
-1.25213864E-01	-1.37253525E+00	1.19900782E-02	2.93436048E-02
-5.82033772E-01	-1.29934188E+00	1.19849085E-02	2.91978952E-02
-1.00873706E+00	-1.06808792E+00	1.19797726E-02	2.90534549E-02
-1.34592007E+00	-6.89364026E-01	1.19746701E-02	2.89102663E-02
-1.53804130E+00	-1.98872113E-01	1.19696007E-02	2.87683123E-02
-1.54529032E+00	3.44582716E-01	1.19645641E-02	2.86275763E-02
-1.35393308E+00	8.67093738E-01	1.19595600E-02	2.84880416E-02
-9.82069059E-01	1.29238573E+00	1.19545881E-02	2.83496923E-02
-4.78719698E-01	1.55649796E+00	1.19496481E-02	2.82125123E-02
8.41429475E-02	1.62082039E+00	1.19447396E-02	2.80764861E-02
6.25090921E-01	1.48006790E+00	1.19398624E-02	2.79415983E-02
1.06911800E+00	1.16295991E+00	1.19350161E-02	2.78078339E-02
1.36197287E+00	7.25258159E-01	1.19302005E-02	2.76751782E-02
1.47932094E+00	2.36882949E-01	1.19254153E-02	2.75436166E-02
1.42845476E+00	-2.33521505E-01	1.19206602E-02	2.74131348E-02
1.24231236E+00	-6.32469045E-01	1.19159348E-02	2.72837189E-02
9.67720912E-01	-9.30289072E-01	1.19112390E-02	2.71553550E-02
6.51429584E-01	-1.12239717E+00	1.19065724E-02	2.70280297E-02
3.28126301E-01	-1.22319249E+00	1.19019348E-02	2.69017296E-02
1.40284564E-02	-1.25481448E+00	1.18973259E-02	2.67764416E-02
-2.92065952E-01	-1.23459221E+00	1.18927454E-02	2.66521529E-02
-6.00711875E-01	-1.16549971E+00	1.18881931E-02	2.65288509E-02
-9.19464344E-01	-1.03309833E+00	1.18836686E-02	2.64065232E-02
-1.24051227E+00	-8.10496045E-01	1.18791718E-02	2.62851574E-02
-1.53287324E+00	-4.70315464E-01	1.18747023E-02	2.61647417E-02
-1.74262316E+00	-2.70924819E-04	1.18702600E-02	2.60452642E-02
-1.80237945E+00	5.82562627E-01	1.18658445E-02	2.59267134E-02
-1.64844712E+00	1.22384279E+00	1.18614557E-02	2.58090777E-02
-1.24146776E+00	1.83409225E+00	1.18570932E-02	2.56923460E-02
-5.84850848E-01	2.30195914E+00	1.18527569E-02	2.55765072E-02
2.64764288E-01	2.51655870E+00	1.18484464E-02	2.54615504E-02
1.19915644E+00	2.39402728E+00	1.18441616E-02	2.53474651E-02
2.07351340E+00	1.90172671E+00	1.18399022E-02	2.52342405E-02
2.73252106E+00	1.07351656E+00	1.18356680E-02	2.51218665E-02
3.04217990E+00	1.12692183E-02	1.18314588E-02	2.50103328E-02
2.92007028E+00	-1.12903913E+00	1.18272743E-02	2.48996294E-02
2.35667220E+00	-2.16454620E+00	1.18231142E-02	2.47897465E-02
1.42213159E+00	-2.92048199E+00	1.18189785E-02	2.46806743E-02
2.56160102E-01	-3.26519236E+00	1.18148668E-02	2.45724033E-02
-9.57250627E-01	-3.13719436E+00	1.18107790E-02	2.44649240E-02
-2.02493850E+00	-2.55794763E+00	1.18067148E-02	2.43582274E-02
-2.78172560E+00	-1.62732219E+00	1.18026740E-02	2.42523042E-02
-3.12131947E+00	-5.02815513E-01	1.17986564E-02	2.41471454E-02
-3.01418207E+00	6.32609348E-01	1.17946618E-02	2.40427423E-02
-2.50875991E+00	1.60659798E+00	1.17906900E-02	2.39390862E-02
-1.71647645E+00	2.28920031E+00	1.17867408E-02	2.38361684E-02
-7.84704365E-01	2.61350229E+00	1.17828140E-02	2.37339806E-02
1.35405570E-01	2.58116986E+00	1.17789093E-02	2.36325145E-02
9.18506693E-01	2.25280355E+00	1.17750267E-02	2.35317620E-02
1.48542861E+00	1.72668042E+00	1.17711658E-02	2.34317148E-02
1.81043952E+00	1.11205409E+00	1.17673266E-02	2.33323652E-02
1.91506174E+00	5.04067233E-01	1.17635088E-02	2.32337053E-02
1.85154337E+00	-3.36526220E-02	1.17597122E-02	2.31357274E-02
1.68150744E+00	-4.75146475E-01	1.17559366E-02	2.30384239E-02
1.45610793E+00	-8.26746587E-01	1.17521820E-02	2.29417875E-02
1.20308318E+00	-1.11304194E+00	1.17484479E-02	2.28458106E-02
9.23754422E-01	-1.35923686E+00	1.17447344E-02	2.27504861E-02
5.99977433E-01	-1.57561215E+00	1.17410412E-02	2.26558069E-02
2.08184125E-01	-1.74883552E+00	1.17373681E-02	2.25617659E-02
-2.64269469E-01	-1.84262759E+00	1.17337151E-02	2.24683561E-02
-8.05718587E-01	-1.80745243E+00	1.17300818E-02	2.23755707E-02
-1.37402278E+00	-1.59627972E+00	1.17264681E-02	2.22834030E-02
-1.89970515E+00	-1.18177576E+00	1.17228739E-02	2.21918464E-02
-2.29782307E+00	-5.69945280E-01	1.17192989E-02	2.21008943E-02
-2.48559312E+00	1.93707263E-01	1.17157431E-02	2.20105402E-02
-2.40129616E+00	1.02735812E+00	1.17122063E-02	2.19207778E-02
-2.01975718E+00	1.82477505E+00	1.17086883E-02	2.18316009E-02
-1.36071147E+00	2.47316867E+00	1.17051889E-02	2.17430032E-02
-4.88275369E-01	2.87287753E+00	1.17017080E-02	2.16549786E-02
4.98049532E-01	2.95461104E+00	1.16982454E-02	2.15675212E-02
1.47851487E+00	2.69089376E+00	1.16948010E-02	2.14806250E-02
2.33098120E+00	2.10000126E+00	1.16913746E-02	2.13942842E-02
2.94795935E+00	1.24251685E+00	1.16879660E-02	2.13084930E-02
3.25008501E+00	2.12137214E-01	1.16845752E-02	2.12232457E-02
3.19457642E+00	-8.76853736E-01	1.16812020E-02	2.11385368E-02
2.77857225E+00	-1.90304208E+00	1.16778461E-02	2.10543606E-02
2.03820995E+00	-2.75052532E+00	1.16745076E-02	2.09707118E-02
1.04464382E+00	-3.31991169E+00	1.16711862E-02	2.08875850E-02
-1.02063518E-01	-3.53761811E+00	1.16678818E-02	2.08049748E-02
-1.28085659E+00	-3.36370481E+00	1.16645942E-02	2.07228761E-02
-2.35966280E+00	-2.79821667E+00	1.16613234E-02	2.06412836E-02
-3.20784511E+00	-1.88532752E+00	1.16580691E-02	2.05601924E-02
-3.71109967E+00	-7.13865862E-01	1.16548313E-02	2.04795973E-02
-3.78776295E+00	5.87533850E-01	1.16516097E-02	2.03994933E-02
-3.40425137E+00	1.86202535E+00	1.16484044E-02	2.03198757E-02
-2.58636301E+00	2.94306291E+00	1.16452150E-02	2.02407396E-02
-1.42291704E+00	3.67820013E+00	1.16420416E-02	2.01620802E-02
-5.90120908E-02	3.95461661E+00	1.16388840E-02	2.00838928E-02
1.32194229E+00	3.72138981E+00	1.16357420E-02	2.00061727E-02
2.52567806E+00	3.00318460E+00	1.16326155E-02	1.99289155E-02
3.37960371E+00	1.90109532E+00	1.16295045E-02	1.98521165E-02
3.76406667E+00	5.78786429E-01	1.16264087E-02	1.97757714E-02
3.63541210E+00	-7.64639244E-01	1.16233280E-02	1.96998756E-02
3.03506707E+00	-1.93026109E+00	1.16202624E-02	1.96244250E-02
2.08167019E+00	-2.75615909E+00	1.16172117E-02	1.95494151E-02
9.47106935E-01	-3.14725720E+00	1.16141758E-02	1.94748417E-02
-1.78736218E-01	-3.09116007E+00	1.16111546E-02	1.94007007E-02
-1.12667480E+00	-2.65598407E+00	1.16081479E-02	1.93269880E-02
-1.78137154E+00	-1.97043916E+00	1.16051557E-02	1.92536994E-02
-2.10098108E+00	-1.19084285E+00	1.16021778E-02	1.91808309E-02
-2.11853798E+00	-4.63167221E-01	1.15992141E-02	1.91083786E-02
-1.92489435E+00	1.10334785E-01	1.15962645E-02	1.90363385E-02
-1.63779756E+00	4.91392722E-01	1.15933289E-02	1.89647068E-02
-1.36542652E+00	7.07654615E-01	1.15904072E-02	1.88934796E-02
-1.17432801E+00	8.35895195E-01	1.15874992E-02	1.88226531E-02
-1.07068895E+00	9.71172221E-01	1.15846049E-02	1.87522237E-02
-1.00041762E+00	1.19057611E+00	1.15817242E-02	1.86821876E-02
-8.68437122E-01	1.52196021E+00	1.15788569E-02	1.86125412E-02
-5.72236315E-01	1.92699771E+00	1.15760030E-02	1.85432808E-02
-4.05266353E-02	2.30426693E+00	1.15731623E-02	1.84744031E-02
7.33998841E-01	2.51271583E+00	1.15703348E-02	1.84059043E-02
1.67772506E+00	2.41018792E+00	1.15675203E-02	1.83377812E-02
2.64108254E+00	1.89723013E+00	1.15647187E-02	1.82700301E-02
3.42586440E+00	9.54393261E-01	1.15619300E-02	1.82026479E-02
3.82932140E+00	-3.37694625E-01	1.15591540E-02	1.81356310E-02
3.69467594E+00	-1.80223349E+00	1.15563907E-02	1.80689763E-02
2.95544120E+00	-3.19497730E+00	1.15536399E-02	1.80026804E-02
1.66187762E+00	-4.25226736E+00	1.15509015E-02	1.79367402E-02
-1.80938185E-02	-4.74770450E+00	1.15481756E-02	1.78711524E-02
-1.82513642E+00	-4.54420003E+00	1.15454619E-02	1.78059139E-02
-3.45688850E+00	-3.62883205E+00	1.15427603E-02	1.77410216E-02
-4.62798137E+00	-2.12177269E+00	1.15400709E-02	1.76764723E-02
-5.12818612E+00	-2.56601982E-01	1.15373934E-02	1.76122632E-02
-4.86549746E+00	1.66392598E+00	1.15347278E-02	1.75483912E-02
-3.88447786E+00	3.32683824E+00	1.15320740E-02	1.74848532E-02
-2.35601010E+00	4.46944748E+00	1.15294320E-02	1.74216464E-02
-5.41270216E-01	4.92810016E+00	1.15268016E-02	1.73587679E-02
1.26142604E+00	4.66491248E+00	1.15241827E-02	1.72962148E-02
2.77464836E+00	3.76763861E+00	1.15215753E-02	1.72339843E-02
3.79194418E+00	2.42416338E+00	1.15189793E-02	1.71720735E-02
4.20971321E+00	8.78809872E-01	1.15163945E-02	1.71104798E-02
4.03540908E+00	-6.18670780E-01	1.15138210E-02	1.70492003E-02
3.37244204E+00	-1.85970631E+00	1.15112586E-02	1.69882324E-02
2.38748450E+00	-2.70940116E+00	1.15087072E-02	1.69275734E-02
1.26941637E+00	-3.11941694E+00	1.15061668E-02	1.68672207E-02
1.90131981E-01	-3.12090129E+00	1.15036373E-02	1.68071716E-02
-7.24186436E-01	-2.80190237E+00	1.15011186E-02	1.67474235E-02
-1.40631482E+00	-2.27689348E+00	1.14986106E-02	1.66879740E-02
-1.84520690E+00	-1.65695617E+00	1.14961132E-02	1.66288204E-02
-2.07074042E+00	-1.02780175E+00	1.14936264E-02	1.65699603E-02
-2.13222916E+00	-4.39735445E-01	1.14911501E-02	1.65113912E-02
-2.07763688E+00	9.01171266E-02	1.14886842E-02	1.64531106E-02
-1.93916015E+00	5.66391788E-01	1.14862286E-02	1.63951162E-02
-1.72817296E+00	1.00004852E+00	1.14837833E-02	1.63374056E-02
-1.43935763E+00	1.39445308E+00	1.14813482E-02	1.62799763E-02
-1.06114291E+00	1.73723620E+00	1.14789233E-02	1.62228261E-02
-5.88067254E-01	1.99982467E+00	1.14765083E-02	1.61659527E-02
-3.06893440E-02	2.14391513E+00	1.14741033E-02	1.61093537E-02
5.79997516E-01	2.13210079E+00	1.14717083E-02	1.60530269E-02
1.19459061E+00	1.93893171E+00	1.14693230E-02	1.59969700E-02
1.75257231E+00	1.55904944E+00	1.14669475E-02	1.59411809E-02
2.19225587E+00	1.01041749E+00	1.14645817E-02	1.58856574E-02
2.46038268E+00	3.32492372E-01	1.14622256E-02	1.58303972E-02
2.51905828E+00	-4.19228762E-01	1.14598789E-02	1.57753983E-02
2.34910474E+00	-1.18002696E+00	1.14575418E-02	1.57206585E-02
1.95040747E+00	-1.88206276E+00	1.14552141E-02	1.56661758E-02
1.34084752E+00	-2.45868610E+00	1.14528957E-02	1.56119480E-02
5.55544049E-01	-2.84725741E+00	1.14505866E-02	1.55579731E-02
-3.52654813E-01	-2.99191617E+00	1.14482868E-02	1.55042491E-02
-1.31187504E+00	-2.84809869E+00	1.14459961E-02	1.54507739E-02
-2.23094559E+00	-2.38996500E+00	1.14437145E-02	1.53975457E-02
-3.00274685E+00	-1.62039138E+00	1.14414419E-02	1.53445623E-02
-3.51344986E+00	-5.81329382E-01	1.14391783E-02	1.52918219E-02
-3.65841689E+00	6.39162488E-01	1.14369236E-02	1.52393226E-02
-3.36319705E+00	1.90736212E+00	1.14346777E-02	1.51870623E-02
-2.60557717E+00	3.05495663E+00	1.14324406E-02	1.51350394E-02
-1.43289907E+00	3.90150574E+00	1.14302123E-02	1.50832518E-02
3.14236880E-02	4.28579302E+00	1.14279926E-02	1.50316977E-02
1.59668912E+00	4.10033094E+00	1.14257815E-02	1.49803753E-02
3.03024137E+00	3.32110880E+00	1.14235789E-02	1.49292828E-02
4.09638974E+00	2.02438783E+00	1.14213848E-02	1.48784185E-02
4.60185854E+00	3.84325557E-01	1.14191992E-02	1.48277804E-02
4.43795589E+00	-1.35080529E+00	1.14170219E-02	1.47773669E-02
3.60916565E+00	-2.90092142E+00	1.14148529E-02	1.47271763E-02
2.24005220E+00	-4.00711348E+00	1.14126922E-02	1.46772067E-02
5.56901619E-01	-4.48403107E+00	1.14105397E-02	1.46274566E-02
-1.15359749E+00	-4.25954701E+00	1.14083953E-02	1.45779242E-02
-2.60056067E+00	-3.39177204E+00	1.14062590E-02	1.45286079E-02
-3.54780166E+00	-2.05836486E+00	1.14041308E-02	1.44795060E-02
-3.86191931E+00	-5.19534342E-01	1.14020105E-02	1.44306168E-02
-3.53812456E+00	9.37429192E-01	1.13998981E-02	1.43819388E-02
-2.69736940E+00	2.05950298E+00	1.13977936E-02	1.43334704E-02
-1.55516242E+00	2.68080719E+00	1.13956970E-02	1.42852099E-02
-3.69389731E-01	2.75444957E+00	1.13936081E-02	1.42371558E-02
6.20279006E-01	2.35579052E+00	1.13915269E-02	1.41893066E-02
1.24663595E+00	1.65659512E+00	1.13894534E-02	1.41416607E-02
1.44959595E+00	8.76796350E-01	1.13873875E-02	1.40942165E-02
1.28295208E+00	2.26223735E-01	1.13853291E-02	1.40469726E-02
8.91989466E-01	-1.48828424E-01	1.13832783E-02	1.39999275E-02
4.68167000E-01	-2.00601898E-01	1.13812349E-02	1.39530796E-02
1.92955376E-01	1.23548377E-02	1.13791989E-02	1.39064276E-02
1.85690608E-01	3.46360337E-01	1.13771703E-02	1.38599700E-02
4.69222087E-01	6.16883314E-01	1.13751491E-02	1.38137052E-02
9.62464704E-01	6.54052347E-01	1.13731351E-02	1.37676320E-02
1.50190840E+00	3.54546580E-01	1.13711283E-02	1.37217489E-02
1.88652963E+00	-2.84072901E-01	1.13691286E-02	1.36760545E-02
1.93437118E+00	-1.15598577E+00	1.13671361E-02	1.36305474E-02
1.53592228E+00	-2.06907876E+00	1.13651507E-02	1.35852262E-02
6.90155266E-01	-2.79100327E+00	1.13631723E-02	1.35400897E-02
-4.86533477E-01	-3.10777975E+00	1.13612009E-02	1.34951364E-02
-1.78132084E+00	-2.88008808E+00	1.13592364E-02	1.34503650E-02
-2.93110262E+00	-2.08288654E+00	1.13572789E-02	1.34057741E-02
-3.68261246E+00	-8.18168731E-01	1.13553282E-02	1.33613626E-02
-3.85182688E+00	7.02602426E-01	1.13533843E-02	1.33171291E-02
-3.36819274E+00	2.20230428E+00	1.13514471E-02	1.32730723E-02
-2.29305732E+00	3.39770556E+00	1.13495167E-02	1.32291909E-02
-8.08103997E-01	4.06055939E+00	1.13475929E-02	1.31854837E-02
8.23083739E-01	4.06593570E+00	1.13456758E-02	1.31419494E-02
2.31085459E+00	3.41690838E+00	1.13437653E-02	1.30985869E-02
3.39941802E+00	2.24068285E+00	1.13418613E-02	1.30553948E-02
3.91713436E+00	7.58183001E-01	1.13399638E-02	1.30123719E-02
3.80634939E+00	-7.64755519E-01	1.13380728E-02	1.29695172E-02
3.12733922E+00	-2.07260345E+00	1.13361883E-02	1.29268293E-02
2.03730500E+00	-2.96907257E+00	1.13343101E-02	1.28843071E-02
7.51075981E-01	-3.34947018E+00	1.13324382E-02	1.28419494E-02
-5.06136898E-01	-3.21088068E+00	1.13305726E-02	1.27997551E-02
-1.54271919E+00	-2.64024700E+00	1.13287134E-02	1.27577230E-02
-2.23207010E+00	-1.78555399E+00	1.13268603E-02	1.27158520E-02
-2.52616440E+00	-8.18662754E-01	1.13250134E-02	1.26741410E-02
-2.45082623E+00	1.00772558E-01	1.13231727E-02	1.26325888E-02
-2.08667453E+00	8.52432837E-01	1.13213380E-02	1.25911943E-02
-1.54253786E+00	1.36896702E+00	1.13195095E-02	1.25499565E-02
-9.28854233E-01	1.63561833E+00	1.13176869E-02	1.25088742E-02
-3.37237399E-01	1.67889801E+00	1.13158704E-02	1.24679464E-02
1.70369250E-01	1.54955626E+00	1.13140598E-02	1.24271720E-02
5.62758457E-01	1.30550040E+00	1.13122551E-02	1.23865499E-02
8.33263779E-01	9.99052833E-01	1.13104564E-02	1.23460792E-02
9.90296942E-01	6.70633562E-01	1.13086634E-02	1.23057587E-02
1.04858156E+00	3.48446958E-01	1.13068763E-02	1.22655874E-02
1.02374017E+00	5.18693190E-02	1.13050949E-02	1.22255644E-02
9.30917161E-01	-2.04495687E-01	1.13033193E-02	1.21856885E-02
7.86245636E-01	-4.08601804E-01	1.13015494E-02	1.21459589E-02
6.08855236E-01	-5.51647842E-01	1.12997851E-02	1.21063744E-02
4.21119343E-01	-6.30993935E-01	1.12980265E-02	1.20669342E-02
2.45882876E-01	-6.53301315E-01	1.12962734E-02	1.20276372E-02
1.01048027E-01	-6.35489705E-01	1.12945260E-02	1.19884825E-02
-6.53884167E-03	-6.01806762E-01	1.12927840E-02	1.19494691E-02
-8.51036979E-02	-5.76866216E-01	1.12910476E-02	1.19105961E-02
-1.57327553E-01	-5.76365177E-01	1.12893166E-02	1.18718625E-02
-2.53930598E-01	-5.98628441E-01	1.12875910E-02	1.18332674E-02
-4.02373522E-01	-6.20545336E-01	1.12858709E-02	1.17948098E-02
-6.13685047E-01	-6.00579920E-01	1.12841561E-02	1.17564889E-02
-8.71767881E-01	-4.89502735E-01	1.12824466E-02	1.17183037E-02
-1.12955263E+00	-2.46881060E-01	1.12807424E-02	1.16802533E-02
-1.31487888E+00	1.41001188E-01	1.12790435E-02	1.16423368E-02
-1.34628759E+00	6.47415872E-01	1.12773498E-02	1.16045534E-02
-1.15573753E+00	1.20093575E+00	1.12756613E-02	1.15669022E-02
-7.12567292E-01	1.69386124E+00	1.12739780E-02	1.15293822E-02
-4.17146812E-02	2.00317580E+00	1.12722998E-02	1.14919927E-02
7.70158200E-01	2.02010757E+00	1.12706267E-02	1.14547327E-02
1.58437883E+00	1.68128740E+00	1.12689587E-02	1.14176014E-02
2.23554436E+00	9.93077298E-01	1.12672958E-02	1.13805980E-02
2.56769589E+00	4.14788857E-02	1.12656379E-02	1.13437216E-02
2.47315847E+00	-1.01690342E+00	1.12639849E-02	1.13069714E-02
1.92418763E+00	-1.98273945E+00	1.12623369E-02	1.12703466E-02
9.88477255E-01	-2.65554999E+00	1.12606939E-02	1.12338464E-02
-1.77006730E-01	-2.87975684E+00	1.12590557E-02	1.11974699E-02
-1.35424070E+00	-2.58402860E+00	1.12574224E-02	1.11612163E-02
-2.30913810E+00	-1.80360176E+00	1.12557939E-02	1.11250849E-02
-2.84341237E+00	-6.78870600E-01	1.12541703E-02	1.10890749E-02
-2.84103726E+00	5.70884275E-01	1.12525514E-02	1.10531855E-02
-2.29770262E+00	1.69358373E+00	1.12509373E-02	1.10174158E-02
-1.32533317E+00	2.46001592E+00	1.12493279E-02	1.09817652E-02
-1.29585272E-01	2.71602218E+00	1.12477232E-02	1.09462328E-02
1.03515895E+00	2.41851852E+00	1.12461232E-02	1.09108180E-02
1.92309136E+00	1.64624909E+00	1.12445278E-02	1.08755199E-02
2.35306776E+00	5.82139520E-01	1.12429371E-02	1.08403378E-02
2.24998810E+00	-5.28978936E-01	1.12413509E-02	1.08052710E-02
1.66134067E+00	-1.43739957E+00	1.12397693E-02	1.07703188E-02
7.44737382E-01	-1.94670525E+00	1.12381922E-02	1.07354803E-02
-2.70664202E-01	-1.95904494E+00	1.12366196E-02	1.07007550E-02
-1.13954201E+00	-1.49657614E+00	1.12350515E-02	1.06661420E-02
-1.65914126E+00	-6.93941883E-01	1.12334879E-02	1.06316406E-02
-1.71708834E+00	2.36243077E-01	1.12319287E-02	1.05972503E-02
-1.31674104E+00	1.05630534E+00	1.12303739E-02	1.05629702E-02
-5.74108103E-01	1.56176262E+00	1.12288235E-02	1.05287996E-02
3.12598784E-01	1.63063651E+00	1.12272774E-02	1.04947380E-02
1.11300174E+00	1.25188863E+00	1.12257357E-02	1.04607845E-02
1.62167755E+00	5.26308758E-01	1.12241982E-02	1.04269385E-02
1.70828173E+00	-3.59957195E-01	1.12226651E-02	1.03931994E-02
1.34852188E+00	-1.18233232E+00	1.12211362E-02	1.03595665E-02
6.28727726E-01	-1.73337075E+00	1.12196115E-02	1.03260391E-02
-2.76629182E-01	-1.87323326E+00	1.12180910E-02	1.02926166E-02
-1.14847419E+00	-1.56286587E+00	1.12165747E-02	1.02592982E-02
-1.77671109E+00	-8.72157421E-01	1.12150626E-02	1.02260835E-02
-2.01062945E+00	3.83662028E-02	1.12135546E-02	1.01929716E-02
-1.79401666E+00	9.57273835E-01	1.12120507E-02	1.01599621E-02
-1.17688659E+00	1.67327782E+00	1.12105509E-02	1.01270542E-02
-3.01629767E-01	2.02503456E+00	1.12090551E-02	1.00942473E-02
6.32366284E-01	1.93781415E+00	1.12075634E-02	1.00615408E-02
1.41652562E+00	1.43870442E+00	1.12060757E-02	1.00289342E-02
1.88155544E+00	6.47457442E-01	1.12045920E-02	9.99642667E-03
1.93509606E+00	-2.53979532E-01	1.12031123E-02	9.96401776E-03
1.58010400E+00	-1.06524706E+00	1.12016365E-02	9.93170682E-03
9.10461035E-01	-1.61384887E+00	1.12001646E-02	9.89949325E-03
8.58528643E-02	-1.79300213E+00	1.11986967E-02	9.86737646E-03
-7.07249211E-01	-1.58266413E+00	1.11972326E-02	9.83535587E-03
-1.29875894E+00	-1.04972524E+00	1.11957724E-02	9.80343088E-03
-1.57211834E+00	-3.28456405E-01	1.11943160E-02	9.77160091E-03
-1.48723492E+00	4.13159403E-01	1.11928634E-02	9.73986540E-03
-1.08484175E+00	1.01265310E+00	1.11914146E-02	9.70822377E-03
-4.72493996E-01	1.34857081E+00	1.11899696E-02	9.67667545E-03
2.03369668E-01	1.36447312E+00	1.11885284E-02	9.64521988E-03
7.92003351E-01	1.07686503E+00	1.11870909E-02	9.61385650E-03
1.17132516E+00	5.66512343E-01	1.11856570E-02	9.58258476E-03
1.27208529E+00	-4.35832477E-02	1.11842269E-02	9.55140410E-03
1.08864978E+00	-6.17552607E-01	1.11828005E-02	9.52031399E-03
6.75246547E-01	-1.03628153E+00	1.11813777E-02	9.48931387E-03
1.29874358E-01	-1.22083838E+00	1.11799585E-02	9.45840321E-03
-4.29424643E-01	-1.14530400E+00	1.11785429E-02	9.42758148E-03
-8.90076166E-01	-8.37417574E-01	1.11771309E-02	9.39684815E-03
-1.16672452E+00	-3.68291708E-01	1.11757225E-02	9.36620268E-03
-1.21519497E+00	1.65356526E-01	1.11743176E-02	9.33564456E-03
-1.03684883E+00	6.61890830E-01	1.11729163E-02	9.30517327E-03
-6.73797722E-01	1.03385116E+00	1.11715184E-02	9.27478830E-03
-1.97258316E-01	1.22200153E+00	1.11701241E-02	9.24448912E-03
3.07676597E-01	1.20249572E+00	1.11687332E-02	9.21427524E-03
7.57485520E-01	9.87037304E-01	1.11673457E-02	9.18414615E-03
1.08317711E+00	6.17283336E-01	1.11659617E-02	9.15410136E-03
1.23913537E+00	1.55519397E-01	1.11645811E-02	9.12414035E-03
1.20736186E+00	-3.26228839E-01	1.11632039E-02	9.09426265E-03
9.97512590E-01	-7.56842545E-01	1.11618301E-02	9.06446776E-03
6.43607776E-01	-1.07531532E+00	1.11604596E-02	9.03475520E-03
1.98378120E-01	-1.23790229E+00	1.11590925E-02	9.00512449E-03
-2.73953476E-01	-1.22297664E+00	1.11577286E-02	8.97557513E-03
-7.05867137E-01	-1.03347740E+00	1.11563681E-02	8.94610667E-03
-1.03521265E+00	-6.96772970E-01	1.11550109E-02	8.91671863E-03
-1.21371780E+00	-2.61691157E-01	1.11536569E-02	8.88741053E-03
-1.21442802E+00	2.07447084E-01	1.11523062E-02	8.85818192E-03
-1.03688578E+00	6.39602352E-01	1.11509587E-02	8.82903233E-03
-7.08777035E-01	9.67815259E-01	1.11496144E-02	8.79996130E-03
-2.83055114E-01	1.14054779E+00	1.11482733E-02	8.77096838E-03
1.69749024E-01	1.13152798E+00	1.11469353E-02	8.74205312E-03
5.73301718E-01	9.45884480E-01	1.11456006E-02	8.71321506E-03
8.59495873E-01	6.20739669E-01	1.11442689E-02	8.68445375E-03
9.82033326E-01	2.19388972E-01	1.11429404E-02	8.65576877E-03
9.26525345E-01	-1.80427677E-01	1.11416150E-02	8.62715966E-03
7.14472746E-01	-5.02172279E-01	1.11402927E-02	8.59862599E-03
3.99622589E-01	-6.86886855E-01	1.11389735E-02	8.57016732E-03
5.68710631E-02	-7.06574749E-01	1.11376573E-02	8.54178323E-03
-2.34286179E-01	-5.71198773E-01	1.11363442E-02	8.51347329E-03
-4.08230735E-01	-3.27149195E-01	1.11350341E-02	8.48523707E-03
-4.29315591E-01	-4.69422813E-02	1.11337270E-02	8.45707415E-03
-3.01500141E-01	1.87944753E-01	1.11324228E-02	8.42898411E-03
-6.87322822E-02	3.07347472E-01	1.11311217E-02	8.40096653E-03
1.94624894E-01	2.70989705E-01	1.11298235E-02	8.37302101E-03
4.01595831E-01	8.06317258E-02	1.11285283E-02	8.34514713E-03
4.74726914E-01	-2.17665551E-01	1.11272359E-02	8.31734448E-03
3.67309427E-01	-5.42388837E-01	1.11259465E-02	8.28961265E-03
7.83242349E-02	-7.95076846E-01	1.11246600E-02	8.26195126E-03
-3.43051761E-01	-8.84529709E-01	1.11233764E-02	8.23435988E-03
-8.05221622E-01	-7.51104194E-01	1.11220956E-02	8.20683814E-03
-1.19316005E+00	-3.85097648E-01	1.11208177E-02	8.17938564E-03
-1.39473712E+00	1.65699371E-01	1.11195426E-02	8.15200197E-03
-1.32846802E+00	8.01859487E-01	1.11182703E-02	8.12468677E-03
-9.66090919E-01	1.39106626E+00	1.11170009E-02	8.09743963E-03
-3.44245448E-01	1.79610741E+00	1.11157342E-02	8.07026017E-03
4.38184647E-01	1.90606479E+00	1.11144703E-02	8.04314802E-03
1.23728307E+00	1.66358563E+00	1.11132091E-02	8.01610280E-03
1.89267602E+00	1.08169767E+00	1.11119507E-02	7.98912412E-03
2.26148728E+00	2.45776265E-01	1.11106951E-02	7.96221162E-03
2.25019814E+00	-7.00472070E-01	1.11094421E-02	7.93536492E-03
1.83713929E+00	-1.58251321E+00	1.11081918E-02	7.90858366E-03
1.08023875E+00	-2.23031540E+00	1.11069442E-02	7.88186747E-03
1.07841091E-01	-2.51390254E+00	1.11056993E-02	7.85521598E-03
-9.05817805E-01	-2.37128710E+00	1.11044571E-02	7.82862884E-03
-1.77541323E+00	-1.82249077E+00	1.11032175E-02	7.80210568E-03
-2.34216002E+00	-9.66374455E-01	1.11019805E-02	7.77564616E-03
-2.50609618E+00	3.92010660E-02	1.11007461E-02	7.74924990E-03
-2.24598094E+00	1.00964562E+00	1.10995144E-02	7.72291657E-03
-1.62249890E+00	1.77132444E+00	1.10982852E-02	7.69664581E-03
-7.64177893E-01	2.19644484E+00	1.10970586E-02	7.67043727E-03
1.60725779E-01	2.22759735E+00	1.10958345E-02	7.64429061E-03
9.80027516E-01	1.88677530E+00	1.10946130E-02	7.61820549E-03
1.55312081E+00	1.26722512E+00	1.10933940E-02	7.59218156E-03
1.79840677E+00	5.10345421E-01	1.10921776E-02	7.56621848E-03
1.70682805E+00	-2.26834588E-01	1.10909636E-02	7.54031593E-03
1.33895041E+00	-8.06067006E-01	1.10897522E-02	7.51447356E-03
8.06825425E-01	-1.13641454E+00	1.10885432E-02	7.48869105E-03
2.45302852E-01	-1.19067154E+00	1.10873367E-02	7.46296806E-03
-2.20250950E-01	-1.00640183E+00	1.10861326E-02	7.43730426E-03
-5.02243511E-01	-6.71963138E-01	1.10849310E-02	7.41169933E-03
-5.68719715E-01	-3.01366257E-01	1.10837318E-02	7.38615294E-03
-4.46987737E-01	-4.31731815E-03	1.10825350E-02	7.36066478E-03
-2.12656602E-01	1.41251749E-01	1.10813406E-02	7.33523452E-03
3.27999671E-02	1.07644030E-01	1.10801486E-02	7.30986185E-03
1.90183235E-01	-7.73639280E-02	1.10789590E-02	7.28454644E-03
1.89407907E-01	-3.39462188E-01	1.10777718E-02	7.25928800E-03
8.48631750E-03	-5.78461215E-01	1.10765869E-02	7.23408619E-03
-3.19894245E-01	-6.95421756E-01	1.10754043E-02	7.20894072E-03
-7.15705261E-01	-6.19542397E-01	1.10742241E-02	7.18385127E-03
-1.07096865E+00	-3.28225007E-01	1.10730461E-02	7.15881754E-03
-1.27648552E+00	1.44564860E-01	1.10718705E-02	7.13383923E-03
-1.24947053E+00	7.13697689E-01	1.10706972E-02	7.10891603E-03
-9.55489338E-01	1.26082154E+00	1.10695261E-02	7.08404764E-03
-4.19477160E-01	1.66068435E+00	1.10683573E-02	7.05923376E-03
2.76802491E-01	1.80974619E+00	1.10671908E-02	7.03447410E-03
1.01034447E+00	1.65050393E+00	1.10660265E-02	7.00976837E-03
1.64203353E+00	1.18599025E+00	1.10648644E-02	6.98511626E-03
2.04569111E+00	4.81199632E-01	1.10637045E-02	6.96051749E-03
2.13460428E+00	-3.48821106E-01	1.10625469E-02	6.93597176E-03
1.87977611E+00	-1.16150533E+00	1.10613915E-02	6.91147880E-03
1.31608717E+00	-1.81492280E+00	1.10602382E-02	6.88703830E-03
5.35301979E-01	-2.19546070E+00	1.10590871E-02	6.86265000E-03
-3.32257695E-01	-2.23922464E+00	1.10579382E-02	6.83831360E-03
-1.14317903E+00	-1.94292221E+00	1.10567914E-02	6.81402883E-03
-1.76802486E+00	-1.36242320E+00	1.10556467E-02	6.78979540E-03
-2.11439854E+00	-5.99898507E-01	1.10545042E-02	6.76561305E-03
-2.14156916E+00	2.17198754E-01	1.10533638E-02	6.74148148E-03
-1.86428004E+00	9.60541478E-01	1.10522255E-02	6.71740043E-03
-1.34580126E+00	1.52359292E+00	1.10510893E-02	6.69336963E-03
-6.82529196E-01	1.83817240E+00	1.10499551E-02	6.66938879E-03
1.60071496E-02	1.88222934E+00	1.10488231E-02	6.64545767E-03
6.47296661E-01	1.67823072E+00	1.10476931E-02	6.62157598E-03
1.13216482E+00	1.28358991E+00	1.10465651E-02	6.59774346E-03
1.42454561E+00	7.76059961E-01	1.10454392E-02	6.57395985E-03
1.51371654E+00	2.37694696E-01	1.10443153E-02	6.55022487E-03
1.41973782E+00	-2.59221738E-01	1.10431935E-02	6.52653828E-03
1.18417201E+00	-6.61811621E-01	1.10420736E-02	6.50289981E-03
8.58837124E-01	-9.40701761E-01	1.10409558E-02	6.47930920E-03
4.95288939E-01	-1.08888492E+00	1.10398399E-02	6.45576620E-03
1.37052419E-01	-1.11675646E+00	1.10387260E-02	6.43227055E-03
-1.84418550E-01	-1.04532284E+00	1.10376141E-02	6.40882199E-03
-4.50165924E-01	-8.99572021E-01	1.10365041E-02	6.38542027E-03
-6.51507003E-01	-7.03491505E-01	1.10353960E-02	6.36206514E-03
-7.86576228E-01	-4.77429691E-01	1.10342899E-02	6.33875636E-03
-8.57005848E-01	-2.37679610E-01	1.10331858E-02	6.31549367E-03
-8.65709857E-01	2.44891561E-03	1.10320835E-02	6.29227682E-03
-8.16124266E-01	2.31069864E-01	1.10309831E-02	6.26910558E-03
-7.12661702E-01	4.36574956E-01	1.10298847E-02	6.24597969E-03
-5.61741476E-01	6.07423477E-01	1.10287881E-02	6.22289891E-03
-3.72656028E-01	7.32899777E-01	1.10276934E-02	6.19986301E-03
-1.57723222E-01	8.04448529E-01	1.10266005E-02	6.17687174E-03
6.84508260E-02	8.16985240E-01	1.10255096E-02	6.15392487E-03
2.90368737E-01	7.69632694E-01	1.10244204E-02	6.13102215E-03
4.93190804E-01	6.65612038E-01	1.10233331E-02	6.10816335E-03
6.63879778E-01	5.11400102E-01	1.10222476E-02	6.08534824E-03
7.91583104E-01	3.15596000E-01	1.10211640E-02	6.06257658E-03
8.67261169E-01	8.80829721E-02	1.10200821E-02	6.03984815E-03
8.82963303E-01	-1.60043942E-01	1.10190020E-02	6.01716270E-03
8.31411641E-01	-4.15662459E-01	1.10179238E-02	5.99452002E-03
7.06553991E-01	-6.62264592E-01	1.10168473E-02	5.97191986E-03
5.05452425E-01	-8.78813490E-01	1.10157725E-02	5.94936202E-03
2.31350511E-01	-1.03976315E+00	1.10146996E-02	5.92684625E-03
-1.02833375E-01	-1.11704077E+00	1.10136283E-02	5.90437234E-03
-4.71802230E-01	-1.08429726E+00	1.10125589E-02	5.88194007E-03
-8.37323522E-01	-9.22997618E-01	1.10114911E-02	5.85954920E-03
-1.15088818E+00	-6.29152825E-01	1.10104251E-02	5.83719953E-03
-1.35994911E+00	-2.18931793E-01	1.10093608E-02	5.81489082E-03
-1.41712689E+00	2.68749632E-01	1.10082982E-02	5.79262287E-03
-1.29077335E+00	7.74169914E-01	1.10072373E-02	5.77039545E-03
-9.74554731E-01	1.22387619E+00	1.10061780E-02	5.74820836E-03
-4.93506333E-01	1.54226082E+00	1.10051205E-02	5.72606137E-03
9.55478453E-02	1.66574200E+00	1.10040646E-02	5.70395427E-03
7.10253658E-01	1.55669017E+00	1.10030104E-02	5.68188685E-03
1.25522777E+00	1.21388385E+00	1.10019578E-02	5.65985889E-03
1.63880850E+00	6.76687831E-01	1.10009069E-02	5.63787020E-03
1.79082337E+00	2.13012948E-02	1.09998576E-02	5.61592055E-03
1.67756321E+00	-6.50895414E-01	1.09988099E-02	5.59400974E-03
1.31044690E+00	-1.23103436E+00	1.09977639E-02	5.57213757E-03
7.46025824E-01	-1.62309361E+00	1.09967194E-02	5.55030382E-03
7.67910163E-02	-1.76262871E+00	1.09956766E-02	5.52850830E-03
-5.85692346E-01	-1.62977110E+00	1.09946354E-02	5.50675080E-03
-1.13198046E+00	-1.25345784E+00	1.09935957E-02	5.48503111E-03
-1.47581593E+00	-7.05723637E-01	1.09925576E-02	5.46334905E-03
-1.57049083E+00	-8.71045086E-02	1.09915211E-02	5.44170439E-03
-1.41690013E+00	4.93752155E-01	1.09904861E-02	5.42009695E-03
-1.06151949E+00	9.41808495E-01	1.09894527E-02	5.39852654E-03
-5.84837251E-01	1.19388791E+00	1.09884208E-02	5.37699294E-03
-8.29700110E-02	1.22945589E+00	1.09873904E-02	5.35549596E-03
3.53243954E-01	1.07168751E+00	1.09863616E-02	5.33403542E-03
6.56842646E-01	7.78879576E-01	1.09853343E-02	5.31261111E-03
7.96829349E-01	4.28544824E-01	1.09843085E-02	5.29122284E-03
7.81199550E-01	9.82198689E-02	1.09832842E-02	5.26987042E-03
6.50606872E-01	-1.52292658E-01	1.09822614E-02	5.24855367E-03
4.64665769E-01	-2.93014285E-01	1.09812401E-02	5.22727238E-03
2.84650666E-01	-3.27512821E-01	1.09802202E-02	5.20602636E-03
1.57137268E-01	-2.87740625E-01	1.09792019E-02	5.18481544E-03
1.02751001E-01	-2.21748208E-01	1.09781849E-02	5.16363943E-03
1.12748859E-01	-1.77815283E-01	1.09771695E-02	5.14249813E-03
1.54045208E-01	-1.89379205E-01	1.09761554E-02	5.12139136E-03
1.81053297E-01	-2.64827001E-01	1.09751429E-02	5.10031894E-03
1.50934740E-01	-3.84845142E-01	1.09741317E-02	5.07928068E-03
3.79887341E-02	-5.07959121E-01	1.09731220E-02	5.05827641E-03
-1.56812223E-01	-5.82688564E-01	1.09721137E-02	5.03730593E-03
-4.03804377E-01	-5.62973118E-01	1.09711067E-02	5.01636907E-03
-6.50771501E-01	-4.22651713E-01	1.09701012E-02	4.99546566E-03
-8.35695673E-01	-1.65026102E-01	1.09690971E-02	4.97459550E-03
-9.02809028E-01	1.75164307E-01	1.09680944E-02	4.95375842E-03
-8.17748454E-01	5.38033828E-01	1.09670930E-02	4.93295424E-03
-5.77833899E-01	8.51620442E-01	1.09660930E-02	4.91218280E-03
-2.14748650E-01	1.04848154E+00	1.09650944E-02	4.89144390E-03
2.11143027E-01	1.08165608E+00	1.09640971E-02	4.87073739E-03
6.23469290E-01	9.36012944E-01	1.09631012E-02	4.85006308E-03
9.46388189E-01	6.32207520E-01	1.09621066E-02	4.82942079E-03
1.12093917E+00	2.22364608E-01	1.09611133E-02	4.80881037E-03
1.11729145E+00	-2.21314072E-01	1.09601214E-02	4.78823164E-03
9.40101550E-01	-6.22099311E-01	1.09591308E-02	4.76768442E-03
6.25996898E-01	-9.14602080E-01	1.09581415E-02	4.74716855E-03
2.34189486E-01	-1.05721492E+00	1.09571535E-02	4.72668385E-03
-1.67133350E-01	-1.03843092E+00	1.09561668E-02	4.70623017E-03
-5.15114063E-01	-8.76032963E-01	1.09551813E-02	4.68580733E-03
-7.63781870E-01	-6.10000291E-01	1.09541972E-02	4.66541517E-03
-8.90395614E-01	-2.91496226E-01	1.09532143E-02	4.64505352E-03
-8.95670913E-01	2.89116105E-02	1.09522327E-02	4.62472222E-03
-7.98682412E-01	3.10765285E-01	1.09512524E-02	4.60442110E-03
-6.28576948E-01	5.28872603E-01	1.09502733E-02	4.58414999E-03
-4.15871996E-01	6.73466664E-01	1.09492955E-02	4.56390875E-03
-1.85901968E-01	7.46252274E-01	1.09483189E-02	4.54369720E-03
4.39810344E-02	7.54365158E-01	1.09473435E-02	4.52351518E-03
2.63225294E-01	7.04711365E-01	1.09463694E-02	4.50336254E-03
4.64057499E-01	6.00789717E-01	1.09453965E-02	4.48323911E-03
6.36695311E-01	4.43068488E-01	1.09444248E-02	4.46314474E-03
7.66084790E-01	2.32627148E-01	1.09434543E-02	4.44307926E-03
8.31889473E-01	-2.34792885E-02	1.09424850E-02	4.42304253E-03
8.12293303E-01	-3.07420137E-01	1.09415169E-02	4.40303437E-03
6.90778934E-01	-5.88627900E-01	1.09405499E-02	4.38305465E-03
4.63849380E-01	-8.26165085E-01	1.09395842E-02	4.36310320E-03
1.47063307E-01	-9.75569737E-01	1.09386196E-02	4.34317987E-03
-2.23030768E-01	-9.98836729E-01	1.09376562E-02	4.32328450E-03
-5.92472938E-01	-8.75000508E-01	1.09366940E-02	4.30341694E-03
-8.98866912E-01	-6.08279018E-01	1.09357329E-02	4.28357705E-03
-1.08401503E+00	-2.31110625E-01	1.09347730E-02	4.26376466E-03
-1.10724033E+00	1.99394038E-01	1.09338141E-02	4.24397963E-03
-9.55953651E-01	6.11358440E-01	1.09328565E-02	4.22422180E-03
-6.50498297E-01	9.32422635E-01	1.09318999E-02	4.20449103E-03
-2.41633026E-01	1.10511160E+00	1.09309445E-02	4.18478717E-03
1.99138763E-01	1.09952539E+00	1.09299902E-02	4.16511007E-03
5.94314177E-01	9.20112360E-01	1.09290370E-02	4.14545958E-03
8.76749457E-01	6.04699469E-01	1.09280849E-02	4.12583556E-03
1.00367219E+00	2.15893357E-01	1.09271339E-02	4.10623785E-03
9.64926688E-01	-1.73084281E-01	1.09261839E-02	4.08666632E-03
7.83482168E-01	-4.94630604E-01	1.09252351E-02	4.06712082E-03
5.08214461E-01	-7.01046907E-01	1.09242873E-02	4.04760120E-03
2.00953089E-01	-7.73395073E-01	1.09233407E-02	4.02810732E-03
-7.87668055E-02	-7.22901045E-01	1.09223950E-02	4.00863904E-03
-2.87285424E-01	-5.84862351E-01	1.09214505E-02	3.98919621E-03
-4.05310031E-01	-4.06985579E-01	1.09205069E-02	3.96977870E-03
-4.39345133E-01	-2.35502289E-01	1.09195645E-02	3.95038635E-03
-4.16046419E-01	-1.02906144E-01	1.09186230E-02	3.93101904E-03
-3.71409581E-01	-2.05944748E-02	1.09176826E-02	3.91167662E-03
-3.38072146E-01	2.17505032E-02	1.09167433E-02	3.89235895E-03
-3.34445624E-01	5.01335723E-02	1.09158049E-02	3.87306589E-03
-3.58796950E-01	9.55347407E-02	1.09148676E-02	3.85379730E-03
-3.89939924E-01	1.81774030E-01	1.09139312E-02	3.83455305E-03
-3.94292758E-01	3.15583939E-01	1.09129959E-02	3.81533300E-03
-3.37239060E-01	4.81872799E-01	1.09120616E-02	3.79613701E-03
-1.95499513E-01	6.45685229E-01	1.09111282E-02	3.77696495E-03
3.30856002E-02	7.60476019E-01	1.09101959E-02	3.75781668E-03
3.25270949E-01	7.80536172E-01	1.09092645E-02	3.73869207E-03
6.35034620E-01	6.74231564E-01	1.09083341E-02	3.71959097E-03
9.02663258E-01	4.34451869E-01	1.09074047E-02	3.70051327E-03
1.06809398E+00	8.33802880E-02	1.09064762E-02	3.68145882E-03
1.08517135E+00	-3.29823345E-01	1.09055487E-02	3.66242749E-03
9.33233271E-01	-7.37994120E-01	1.09046221E-02	3.64341916E-03
6.23138999E-01	-1.06945837E+00	1.09036965E-02	3.62443368E-03
1.96285874E-01	-1.26281587E+00	1.09027718E-02	3.60547093E-03
-2.83072996E-01	-1.27952386E+00	1.09018481E-02	3.58653077E-03
-7.40276215E-01	-1.11144973E+00	1.09009252E-02	3.56761308E-03
-1.10447473E+00	-7.81897250E-01	1.09000033E-02	3.54871773E-03
-1.32138694E+00	-3.40249608E-01	1.08990823E-02	3.52984459E-03
-1.36193121E+00	1.48133900E-01	1.08981623E-02	3.51099353E-03
-1.22528029E+00	6.14165826E-01	1.08972431E-02	3.49216442E-03
-9.36338737E-01	9.96598545E-01	1.08963248E-02	3.47335714E-03
-5.38946684E-01	1.25060347E+00	1.08954075E-02	3.45457155E-03
-8.69246125E-02	1.35209784E+00	1.08944910E-02	3.43580754E-03
3.64778411E-01	1.29778832E+00	1.08935754E-02	3.41706497E-03
7.67052898E-01	1.10195417E+00	1.08926606E-02	3.39834372E-03
1.08083247E+00	7.91582522E-01	1.08917468E-02	3.37964367E-03
1.27864622E+00	4.01475284E-01	1.08908338E-02	3.36096469E-03
1.34439999E+00	-2.95605697E-02	1.08899216E-02	3.34230665E-03
1.27257954E+00	-4.61121354E-01	1.08890104E-02	3.32366944E-03
1.06786606E+00	-8.52671003E-01	1.08880999E-02	3.30505293E-03
7.45551336E-01	-1.16499259E+00	1.08871904E-02	3.28645700E-03
3.32387115E-01	-1.36256339E+00	1.08862816E-02	3.26788152E-03
-1.33102905E-01	-1.41732665E+00	1.08853737E-02	3.24932638E-03
-6.02029341E-01	-1.31356976E+00	1.08844666E-02	3.23079145E-03
-1.01914415E+00	-1.05283425E+00	1.08835604E-02	3.21227661E-03
-1.32958617E+00	-6.57279478E-01	1.08826549E-02	3.19378174E-03
-1.48753505E+00	-1.69919463E-01	1.08817503E-02	3.17530673E-03
-1.46506926E+00	3.49282542E-01	1.08808465E-02	3.15685145E-03
-1.25905254E+00	8.31465939E-01	1.08799434E-02	3.13841578E-03
-8.94009939E-01	1.20989339E+00	1.08790412E-02	3.11999961E-03
-4.19723992E-01	1.43176462E+00	1.08781398E-02	3.10160282E-03
9.64854969E-02	1.46815809E+00	1.08772391E-02	3.08322528E-03
5.81463870E-01	1.31964634E+00	1.08763392E-02	3.06486689E-03
9.69451458E-01	1.01603709E+00	1.08754402E-02	3.04652753E-03
1.21385448E+00	6.10083226E-01	1.08745418E-02	3.02820707E-03
1.29481278E+00	1.66514562E-01	1.08736443E-02	3.00990541E-03
1.22080642E+00	-2.51042665E-01	1.08727475E-02	2.99162243E-03
1.02402960E+00	-5.92126482E-01	1.08718514E-02	2.97335801E-03
7.50851244E-01	-8.27605796E-01	1.08709561E-02	2.95511204E-03
4.49941036E-01	-9.52111082E-01	1.08700616E-02	2.93688440E-03
1.61211872E-01	-9.80424248E-01	1.08691678E-02	2.91867498E-03
-9.15535873E-02	-9.39147226E-01	1.08682747E-02	2.90048368E-03
-3.02595964E-01	-8.56231016E-01	1.08673823E-02	2.88231036E-03
-4.80364803E-01	-7.51491917E-01	1.08664907E-02	2.86415493E-03
-6.39403531E-01	-6.30910638E-01	1.08655998E-02	2.84601726E-03
-7.90581900E-01	-4.86387297E-01	1.08647096E-02	2.82789726E-03
-9.32820879E-01	-3.01017926E-01	1.08638201E-02	2.80979480E-03
-1.04905894E+00	-5.83114950E-02	1.08629314E-02	2.79170977E-03
-1.10801879E+00	2.47457916E-01	1.08620433E-02	2.77364207E-03
-1.07167044E+00	6.03022470E-01	1.08611559E-02	2.75559158E-03
-9.06604560E-01	9.72816710E-01	1.08602692E-02	2.73755819E-03
-5.96294613E-01	1.30214131E+00	1.08593832E-02	2.71954180E-03
-1.50783565E-01	1.52660732E+00	1.08584979E-02	2.70154229E-03
3.89183010E-01	1.58593276E+00	1.08576132E-02	2.68355956E-03
9.55255667E-01	1.43887745E+00	1.08567292E-02	2.66559350E-03
1.46170691E+00	1.07561893E+00	1.08558459E-02	2.64764400E-03
1.82087308E+00	5.24326379E-01	1.08549633E-02	2.62971095E-03
1.96053588E+00	-1.50027087E-01	1.08540813E-02	2.61179424E-03
1.83938943E+00	-8.54786309E-01	1.08531999E-02	2.59389377E-03
1.45708992E+00	-1.48499792E+00	1.08523192E-02	2.57600943E-03
8.56567841E-01	-1.94193753E+00	1.08514391E-02	2.55814111E-03
1.17995135E-01	-2.15095556E+00	1.08505597E-02	2.54028871E-03
-6.54382498E-01	-2.07499985E+00	1.08496809E-02	2.52245212E-03
-1.34984673E+00	-1.72116922E+00	1.08488027E-02	2.50463124E-03
-1.86970626E+00	-1.13919122E+00	1.08479252E-02	2.48682596E-03
-2.14313810E+00	-4.12416674E-01	1.08470482E-02	2.46903618E-03
-2.13755289E+00	3.56613619E-01	1.08461719E-02	2.45126179E-03
-1.86194060E+00	1.06305520E+00	1.08452962E-02	2.43350269E-03
-1.36313256E+00	1.61590216E+00	1.08444211E-02	2.41575878E-03
-7.16256067E-01	1.95063726E+00	1.08435466E-02	2.39802994E-03
-1.15879537E-02	2.03658726E+00	1.08426726E-02	2.38031609E-03
6.59608827E-01	1.87835474E+00	1.08417993E-02	2.36261711E-03
1.21785343E+00	1.51182206E+00	1.08409266E-02	2.34493290E-03
1.60500218E+00	9.96074511E-01	1.08400544E-02	2.32726337E-03
1.78959220E+00	4.03048159E-01	1.08391828E-02	2.30960840E-03
1.76781286E+00	-1.93237666E-01	1.08383118E-02	2.29196790E-03
1.56063682E+00	-7.26269968E-01	1.08374413E-02	2.27434177E-03
1.20809985E+00	-1.14432056E+00	1.08365714E-02	2.25672991E-03
7.61927784E-01	-1.41480048E+00	1.08357021E-02	2.23913221E-03
2.77713145E-01	-1.52555932E+00	1.08348333E-02	2.22154857E-03
-1.92290755E-01	-1.48339078E+00	1.08339651E-02	2.20397890E-03
-6.04905225E-01	-1.31029993E+00	1.08330974E-02	2.18642309E-03
-9.29698333E-01	-1.03829613E+00	1.08322302E-02	2.16888105E-03
-1.15029815E+00	-7.03607901E-01	1.08313636E-02	2.15135268E-03
-1.26338546E+00	-3.41263956E-01	1.08304975E-02	2.13383787E-03
-1.27576270E+00	1.90814949E-02	1.08296319E-02	2.11633653E-03
-1.20023851E+00	3.55410996E-01	1.08287668E-02	2.09884856E-03
-1.05132052E+00	6.53390576E-01	1.08279023E-02	2.08137387E-03
-8.41789977E-01	9.04382062E-01	1.08270383E-02	2.06391235E-03
-5.81069109E-01	1.10211687E+00	1.08261748E-02	2.04646390E-03
-2.75872318E-01	1.23914199E+00	1.08253117E-02	2.02902844E-03
6.69876784E-02	1.30432550E+00	1.08244492E-02	2.01160586E-03
4.36449350E-01	1.28254712E+00	1.08235872E-02	1.99419607E-03
8.13075147E-01	1.15718046E+00	1.08227257E-02	1.97679896E-03
1.16655933E+00	9.15184695E-01	1.08218646E-02	1.95941445E-03
1.45628528E+00	5.53750703E-01	1.08210040E-02	1.94204244E-03
1.63569073E+00	8.67347833E-02	1.08201439E-02	1.92468283E-03
1.66020241E+00	-4.51201296E-01	1.08192843E-02	1.90733553E-03
1.49740038E+00	-1.00458660E+00	1.08184251E-02	1.89000044E-03
