jMRUI Data Textfile

Filename: /Users/kayigwe/Desktop/TE26_BASISSET/converter/sample_basis_sets/JMRUI/Glc.txt

PointsInDataset: 2048
DatasetsInFile: 1
SamplingInterval: 2.500000E-01
ZeroOrderPhase: 0.000000E+00
BeginTime: 0.000000E+00
TransmitterFrequency: 1.232618E+08
MagneticField: 2.895033E+00
TypeOfNucleus: 0.000000E+00
NameOfPatient: Glc
DateOfExperiment: 20260523
Spectrometer: Unknown
AdditionalInfo: Converted by basis_set_converter


Signal and FFT
sig(real)	sig(imag)	fft(real)	fft(imag)
Signal 1 out of 1 in file
5.61383767E+01	-5.83641782E+00	1.38075169E-02	2.47333323E-04
5.39136345E+01	-1.66224528E+01	1.38058169E-02	2.26094444E-04
4.93569707E+01	-2.66726298E+01	1.38041175E-02	2.04861868E-04
4.26901079E+01	-3.55015603E+01	1.38024186E-02	1.83635491E-04
3.42394092E+01	-4.26876651E+01	1.38007202E-02	1.62415209E-04
2.44179459E+01	-4.78953786E+01	1.37990223E-02	1.41200920E-04
1.37028761E+01	-5.08924143E+01	1.37973249E-02	1.19992522E-04
2.60947808E+00	-5.15611310E+01	1.37956279E-02	9.87899118E-05
-8.33663286E+00	-4.99033987E+01	1.37939314E-02	7.75929865E-05
-1.86274820E+01	-4.60387575E+01	1.37922354E-02	5.64016439E-05
-2.77992920E+01	-4.01960632E+01	1.37905399E-02	3.52157817E-05
-3.54561123E+01	-3.26992007E+01	1.37888448E-02	1.40352978E-05
-4.12892087E+01	-2.39477873E+01	1.37871501E-02	-7.13991005E-06
-4.50911785E+01	-1.43940740E+01	1.37854559E-02	-2.83099438E-05
-4.67640856E+01	-4.51745533E+00	1.37837620E-02	-4.94749053E-05
-4.63212850E+01	5.20188730E+00	1.37820686E-02	-7.06348965E-05
-4.38829830E+01	1.43086639E+01	1.37803756E-02	-9.17900190E-05
-3.96659590E+01	2.23960079E+01	1.37786830E-02	-1.12940374E-04
-3.39682056E+01	2.91255580E+01	1.37769908E-02	-1.34086064E-04
-2.71495330E+01	3.42430249E+01	1.37752990E-02	-1.55227190E-04
-1.96093920E+01	3.75884781E+01	1.37736075E-02	-1.76363853E-04
-1.17633024E+01	3.91009272E+01	1.37719164E-02	-1.97496155E-04
-4.01931409E+00	3.88171248E+01	1.37702257E-02	-2.18624197E-04
3.24412115E+00	3.68648682E+01	1.37685353E-02	-2.39748079E-04
9.69761739E+00	3.34514013E+01	1.37668453E-02	-2.60867903E-04
1.50766181E+01	2.88477874E+01	1.37651555E-02	-2.81983770E-04
1.91926723E+01	2.33703409E+01	1.37634662E-02	-3.03095781E-04
2.19397411E+01	1.73603393E+01	1.37617771E-02	-3.24204036E-04
2.32953736E+01	1.11632965E+01	1.37600883E-02	-3.45308636E-04
2.33169072E+01	5.10905333E+00	1.37583999E-02	-3.66409683E-04
2.21331479E+01	-5.06159299E-01	1.37567117E-02	-3.87507276E-04
1.99322409E+01	-5.43469816E+00	1.37550238E-02	-4.08601516E-04
1.69466459E+01	-9.48876343E+00	1.37533362E-02	-4.29692503E-04
1.34362692E+01	-1.25474308E+01	1.37516488E-02	-4.50780338E-04
9.67087266E+00	-1.45592406E+01	1.37499618E-02	-4.71865122E-04
5.91287141E+00	-1.55404096E+01	1.37482749E-02	-4.92946954E-04
2.40155939E+00	-1.55689952E+01	1.37465883E-02	-5.14025935E-04
-6.60336380E-01	-1.47755829E+01	1.37449020E-02	-5.35102165E-04
-3.11705816E+00	-1.33312488E+01	1.37432159E-02	-5.56175744E-04
-4.86668543E+00	-1.14336899E+01	1.37415300E-02	-5.77246772E-04
-5.86422066E+00	-9.29247978E+00	1.37398443E-02	-5.98315349E-04
-6.12089288E+00	-7.11441801E+00	1.37381588E-02	-6.19381575E-04
-5.69991499E+00	-5.08988842E+00	1.37364735E-02	-6.40445551E-04
-4.70914013E+00	-3.38103088E+00	1.37347884E-02	-6.61507375E-04
-3.29123415E+00	-2.11238036E+00	1.37331035E-02	-6.82567148E-04
-1.61210552E+00	-1.36443912E+00	1.37314188E-02	-7.03624970E-04
1.51594413E-01	-1.17044226E+00	1.37297342E-02	-7.24680941E-04
1.82507000E+00	-1.51636437E+00	1.37280498E-02	-7.45735159E-04
3.24728358E+00	-2.34401138E+00	1.37263655E-02	-7.66787726E-04
4.28144880E+00	-3.55685761E+00	1.37246814E-02	-7.87838740E-04
4.82352476E+00	-5.02813531E+00	1.37229974E-02	-8.08888301E-04
4.80827344E+00	-6.61056928E+00	1.37213135E-02	-8.29936509E-04
4.21261388E+00	-8.14707846E+00	1.37196297E-02	-8.50983464E-04
3.05618440E+00	-9.48174077E+00	1.37179461E-02	-8.72029264E-04
1.39919837E+00	-1.04703364E+01	1.37162626E-02	-8.93074010E-04
-6.62162726E-01	-1.09898438E+01	1.37145791E-02	-9.14117801E-04
-3.00243959E+00	-1.09463565E+01	1.37128957E-02	-9.35160737E-04
-5.47518505E+00	-1.02810083E+01	1.37112124E-02	-9.56202917E-04
-7.92229979E+00	-8.97363335E+00	1.37095292E-02	-9.77244441E-04
-1.01838265E+01	-7.04403098E+00	1.37078461E-02	-9.98285407E-04
-1.21076189E+01	-4.55085191E+00	1.37061630E-02	-1.01932592E-03
-1.35583364E+01	-1.58825592E+00	1.37044799E-02	-1.04036607E-03
-1.44252842E+01	1.71939046E+00	1.37027969E-02	-1.06140596E-03
-1.46287026E+01	5.22441231E+00	1.37011139E-02	-1.08244569E-03
-1.41242180E+01	8.76388702E+00	1.36994309E-02	-1.10348537E-03
-1.29052798E+01	1.21683931E+01	1.36977480E-02	-1.12452508E-03
-1.10035239E+01	1.52709593E+01	1.36960650E-02	-1.14556493E-03
-8.48711568E+00	1.79157407E+01	1.36943821E-02	-1.16660502E-03
-5.45722570E+00	1.99659856E+01	1.36926991E-02	-1.18764545E-03
-2.04287865E+00	2.13109131E+01	1.36910161E-02	-1.20868632E-03
1.60551499E+00	2.18711980E+01	1.36893331E-02	-1.22972773E-03
5.32358627E+00	2.16028345E+01	1.36876501E-02	-1.25076977E-03
8.94100699E+00	2.04992470E+01	1.36859670E-02	-1.27181254E-03
1.22896651E+01	1.85915959E+01	1.36842839E-02	-1.29285615E-03
1.52116300E+01	1.59473167E+01	1.36826007E-02	-1.31390070E-03
1.75665483E+01	1.26670050E+01	1.36809175E-02	-1.33494628E-03
1.92381492E+01	8.87982900E+00	1.36792341E-02	-1.35599300E-03
2.01395905E+01	4.73770618E+00	1.36775507E-02	-1.37704095E-03
2.02174342E+01	4.08525283E-01	1.36758672E-02	-1.39809023E-03
1.94541034E+01	-3.93127536E+00	1.36741836E-02	-1.41914094E-03
1.78687407E+01	-8.10444543E+00	1.36725000E-02	-1.44019319E-03
1.55164521E+01	-1.19406435E+01	1.36708161E-02	-1.46124707E-03
1.24859853E+01	-1.52838163E+01	1.36691322E-02	-1.48230268E-03
8.89595449E+00	-1.79989306E+01	1.36674482E-02	-1.50336013E-03
4.88977529E+00	-1.99777802E+01	1.36657640E-02	-1.52441950E-03
6.29527585E-01	-2.11436296E+01	1.36640796E-02	-1.54548091E-03
-3.71099835E+00	-2.14545018E+01	1.36623951E-02	-1.56654445E-03
-7.95378184E+00	-2.09049697E+01	1.36607105E-02	-1.58761021E-03
-1.19242652E+01	-1.95263714E+01	1.36590257E-02	-1.60867831E-03
-1.54589357E+01	-1.73854295E+01	1.36573407E-02	-1.62974884E-03
-1.84124717E+01	-1.45813227E+01	1.36556555E-02	-1.65082191E-03
-2.06641388E+01	-1.12413186E+01	1.36539701E-02	-1.67189760E-03
-2.21231506E+01	-7.51514315E+00	1.36522846E-02	-1.69297602E-03
-2.27327420E+01	-3.56831940E+00	1.36505988E-02	-1.71405728E-03
-2.24727561E+01	4.25244055E-01	1.36489128E-02	-1.73514146E-03
-2.13606058E+01	4.29108933E+00	1.36472266E-02	-1.75622868E-03
-1.94505380E+01	7.86212022E+00	1.36455401E-02	-1.77731903E-03
-1.68312096E+01	1.09862230E+01	1.36438534E-02	-1.79841262E-03
-1.36216576E+01	1.35332363E+01	1.36421665E-02	-1.81950953E-03
-9.96582878E+00	1.54009289E+01	1.36404793E-02	-1.84060988E-03
-6.02590585E+00	1.65196849E+01	1.36387918E-02	-1.86171377E-03
-1.97473414E+00	1.68556480E+01	1.36371041E-02	-1.88282129E-03
2.01229587E+00	1.64121494E+01	1.36354161E-02	-1.90393254E-03
5.76551694E+00	1.52293232E+01	1.36337278E-02	-1.92504763E-03
9.12899439E+00	1.33819058E+01	1.36320392E-02	-1.94616666E-03
1.19678696E+01	1.09753077E+01	1.36303503E-02	-1.96728973E-03
1.41746566E+01	8.14013905E+00	1.36286611E-02	-1.98841694E-03
1.56741580E+01	5.02545618E+00	1.36269715E-02	-2.00954838E-03
1.64267322E+01	1.79106934E+00	1.36252817E-02	-2.03068417E-03
1.64297297E+01	-1.40069084E+00	1.36235915E-02	-2.05182440E-03
1.57170101E+01	-4.39331438E+00	1.36219009E-02	-2.07296918E-03
1.43565568E+01	-7.04411392E+00	1.36202100E-02	-2.09411860E-03
1.24463104E+01	-9.23145341E+00	1.36185188E-02	-2.11527277E-03
1.01084435E+01	-1.08608067E+01	1.36168272E-02	-2.13643179E-03
7.48238883E+00	-1.18693098E+01	1.36151352E-02	-2.15759576E-03
4.71700575E+00	-1.22285535E+01	1.36134428E-02	-2.17876478E-03
1.96232303E+00	-1.19454592E+01	1.36117500E-02	-2.19993896E-03
-6.38676960E-01	-1.10611904E+01	1.36100568E-02	-2.22111839E-03
-2.95776746E+00	-9.64816616E+00	1.36083632E-02	-2.24230318E-03
-4.88824177E+00	-7.80535023E+00	1.36066692E-02	-2.26349343E-03
-6.35034843E+00	-5.65209530E+00	1.36049748E-02	-2.28468924E-03
-7.29508986E+00	-3.32090299E+00	1.36032799E-02	-2.30589072E-03
-7.70617319E+00	-9.49527988E-01	1.36015846E-02	-2.32709797E-03
-7.60001181E+00	1.32710733E+00	1.35998889E-02	-2.34831109E-03
-7.02379268E+00	3.38470998E+00	1.35981927E-02	-2.36953018E-03
-6.05174004E+00	5.11666474E+00	1.35964960E-02	-2.39075535E-03
-4.77981517E+00	6.43991933E+00	1.35947988E-02	-2.41198670E-03
-3.31918562E+00	7.29936318E+00	1.35931012E-02	-2.43322433E-03
-1.78887122E+00	7.67044890E+00	1.35914031E-02	-2.45446835E-03
-3.08022889E-01	7.55991350E+00	1.35897044E-02	-2.47571885E-03
1.01168882E+00	7.00457316E+00	1.35880053E-02	-2.49697595E-03
2.07310780E+00	6.06828356E+00	1.35863057E-02	-2.51823974E-03
2.79961884E+00	4.83727035E+00	1.35846055E-02	-2.53951034E-03
3.13980117E+00	3.41413353E+00	1.35829048E-02	-2.56078783E-03
3.07043034E+00	1.91091010E+00	1.35812035E-02	-2.58207234E-03
2.59765448E+00	4.41635206E-01	1.35795018E-02	-2.60336395E-03
1.75628487E+00	-8.85129230E-01	1.35777994E-02	-2.62466279E-03
6.07259372E-01	-1.97333072E+00	1.35760965E-02	-2.64596894E-03
-7.66549469E-01	-2.74558934E+00	1.35743930E-02	-2.66728252E-03
-2.26590739E+00	-3.14810745E+00	1.35726889E-02	-2.68860363E-03
-3.78181323E+00	-3.15402638E+00	1.35709843E-02	-2.70993237E-03
-5.20269497E+00	-2.76502939E+00	1.35692790E-02	-2.73126886E-03
-6.42175097E+00	-2.01110141E+00	1.35675732E-02	-2.75261318E-03
-7.34397420E+00	-9.48471554E-01	1.35658667E-02	-2.77396546E-03
-7.89241968E+00	3.44122066E-01	1.35641596E-02	-2.79532579E-03
-8.01332527E+00	1.77060181E+00	1.35624518E-02	-2.81669429E-03
-7.67976934E+00	3.22382319E+00	1.35607435E-02	-2.83807105E-03
-6.89364203E+00	4.59255304E+00	1.35590345E-02	-2.85945619E-03
-5.68581255E+00	5.76871397E+00	1.35573248E-02	-2.88084980E-03
-4.11448722E+00	6.65444251E+00	1.35556144E-02	-2.90225200E-03
-2.26186481E+00	7.16852254E+00	1.35539034E-02	-2.92366289E-03
-2.29299830E-01	7.25179704E+00	1.35521917E-02	-2.94508258E-03
1.86872563E+00	6.87122662E+00	1.35504793E-02	-2.96651117E-03
3.91144978E+00	6.02234854E+00	1.35487662E-02	-2.98794878E-03
5.77907976E+00	4.72998928E+00	1.35470524E-02	-3.00939550E-03
7.36000081E+00	3.04719106E+00	1.35453379E-02	-3.03085145E-03
8.55751120E+00	1.05242154E+00	1.35436227E-02	-3.05231674E-03
9.29568052E+00	-1.15476113E+00	1.35419067E-02	-3.07379146E-03
9.52398446E+00	-3.45932380E+00	1.35401900E-02	-3.09527574E-03
9.22044567E+00	-5.73731589E+00	1.35384726E-02	-3.11676967E-03
8.39310155E+00	-7.86297694E+00	1.35367543E-02	-3.13827337E-03
7.07972095E+00	-9.71597296E+00	1.35350354E-02	-3.15978694E-03
5.34579559E+00	-1.11883366E+01	1.35333156E-02	-3.18131050E-03
3.28093391E+00	-1.21907074E+01	1.35315950E-02	-3.20284414E-03
9.93876695E-01	-1.26575144E+01	1.35298737E-02	-3.22438799E-03
-1.39356791E+00	-1.25508067E+01	1.35281516E-02	-3.24594215E-03
-3.75331309E+00	-1.18625227E+01	1.35264286E-02	-3.26750672E-03
-5.95811135E+00	-1.06150776E+01	1.35247048E-02	-3.28908183E-03
-7.88859360E+00	-8.86025022E+00	1.35229802E-02	-3.31066757E-03
-9.43983072E+00	-6.67644514E+00	1.35212548E-02	-3.33226406E-03
-1.05270521E+01	-4.16450047E+00	1.35195285E-02	-3.35387141E-03
-1.10902084E+01	-1.44228900E+00	1.35178014E-02	-3.37548973E-03
-1.10971369E+01	1.36157282E+00	1.35160734E-02	-3.39711912E-03
-1.05451676E+01	4.11454933E+00	1.35143445E-02	-3.41875971E-03
-9.46110380E+00	6.68716012E+00	1.35126147E-02	-3.44041160E-03
-7.89959539E+00	8.95971892E+00	1.35108841E-02	-3.46207491E-03
-5.94002014E+00	1.08284713E+01	1.35091526E-02	-3.48374973E-03
-3.68206335E+00	1.22108052E+01	1.35074201E-02	-3.50543620E-03
-1.24025808E+00	1.30492641E+01	1.35056867E-02	-3.52713441E-03
1.26220065E+00	1.33141671E+01	1.35039524E-02	-3.54884449E-03
3.70001972E+00	1.30047149E+01	1.35022172E-02	-3.57056653E-03
5.95238812E+00	1.21485510E+01	1.35004811E-02	-3.59230066E-03
7.90921777E+00	1.07998295E+01	1.34987439E-02	-3.61404700E-03
9.47671505E+00	9.03592132E+00	1.34970059E-02	-3.63580564E-03
1.05819959E+01	6.95296199E+00	1.34952668E-02	-3.65757671E-03
1.11765154E+01	4.66050329E+00	1.34935268E-02	-3.67936032E-03
1.12381517E+01	2.27557207E+00	1.34917858E-02	-3.70115658E-03
1.07718589E+01	-8.35336079E-02	1.34900438E-02	-3.72296561E-03
9.80888548E+00	-2.30337498E+00	1.34883008E-02	-3.74478752E-03
8.40462684E+00	-4.28110482E+00	1.34865567E-02	-3.76662242E-03
6.63525819E+00	-5.92950528E+00	1.34848117E-02	-3.78847044E-03
4.59335089E+00	-7.18107921E+00	1.34830656E-02	-3.81033169E-03
2.38272855E+00	-7.99099923E+00	1.34813184E-02	-3.83220628E-03
1.12852356E-01	-8.33878444E+00	1.34795703E-02	-3.85409432E-03
-2.10695568E+00	-8.22864549E+00	1.34778210E-02	-3.87599594E-03
-4.17314131E+00	-7.68851178E+00	1.34760707E-02	-3.89791125E-03
-5.99310316E+00	-6.76782385E+00	1.34743193E-02	-3.91984037E-03
-7.48966934E+00	-5.53423902E+00	1.34725668E-02	-3.94178341E-03
-8.60464414E+00	-4.06945232E+00	1.34708133E-02	-3.96374049E-03
-9.30125833E+00	-2.46437803E+00	1.34690586E-02	-3.98571173E-03
-9.56541818E+00	-8.13965710E-01	1.34673028E-02	-4.00769725E-03
-9.40571561E+00	7.88061981E-01	1.34655459E-02	-4.02969716E-03
-8.85222814E+00	2.25426419E+00	1.34637878E-02	-4.05171158E-03
-7.95420230E+00	3.50806151E+00	1.34620286E-02	-4.07374064E-03
-6.77677125E+00	4.48760350E+00	1.34602682E-02	-4.09578444E-03
-5.39690677E+00	5.14873052E+00	1.34585067E-02	-4.11784311E-03
-3.89884230E+00	5.46688929E+00	1.34567440E-02	-4.13991678E-03
-2.36922778E+00	5.43792069E+00	1.34549802E-02	-4.16200555E-03
-8.92285933E-01	5.07770132E+00	1.34532151E-02	-4.18410955E-03
4.54765341E-01	4.42068268E+00	1.34514488E-02	-4.20622890E-03
1.60577967E+00	3.51743119E+00	1.34496814E-02	-4.22836372E-03
2.50902546E+00	2.43132474E+00	1.34479127E-02	-4.25051412E-03
3.12963647E+00	1.23460493E+00	1.34461427E-02	-4.27268025E-03
3.45105258E+00	4.01605689E-03	1.34443716E-02	-4.29486220E-03
3.47539077E+00	-1.18371916E+00	1.34425992E-02	-4.31706011E-03
3.22274644E+00	-2.25633209E+00	1.34408255E-02	-4.33927410E-03
2.72948419E+00	-3.15010292E+00	1.34390505E-02	-4.36150430E-03
2.04563201E+00	-3.81339362E+00	1.34372743E-02	-4.38375081E-03
1.23154133E+00	-4.20942970E+00	1.34354968E-02	-4.40601377E-03
3.54013441E-01	-4.31818543E+00	1.34337180E-02	-4.42829331E-03
-5.17879703E-01	-4.13727873E+00	1.34319379E-02	-4.45058954E-03
-1.31703829E+00	-3.68183874E+00	1.34301565E-02	-4.47290258E-03
-1.98239839E+00	-2.98336644E+00	1.34283737E-02	-4.49523258E-03
-2.46258659E+00	-2.08766504E+00	1.34265896E-02	-4.51757964E-03
-2.71896115E+00	-1.05196818E+00	1.34248042E-02	-4.53994389E-03
-2.72787166E+00	5.85622795E-02	1.34230174E-02	-4.56232547E-03
-2.48201497E+00	1.17476324E+00	1.34212292E-02	-4.58472450E-03
-1.99081715E+00	2.22759435E+00	1.34194397E-02	-4.60714109E-03
-1.27982701E+00	3.15222201E+00	1.34176488E-02	-4.62957539E-03
-3.89162491E-01	3.89183029E+00	1.34158565E-02	-4.65202751E-03
6.28894956E-01	4.40094311E+00	1.34140627E-02	-4.67449759E-03
1.71301575E+00	4.64807049E+00	1.34122676E-02	-4.69698576E-03
2.79646507E+00	4.61753160E+00	1.34104710E-02	-4.71949213E-03
3.81106242E+00	4.31035425E+00	1.34086730E-02	-4.74201684E-03
4.69122974E+00	3.74420344E+00	1.34068735E-02	-4.76456003E-03
5.37789593E+00	2.95234662E+00	1.34050726E-02	-4.78712181E-03
5.82203457E+00	1.98171776E+00	1.34032702E-02	-4.80970232E-03
5.98763295E+00	8.90193145E-01	1.34014664E-02	-4.83230169E-03
5.85392325E+00	-2.56764383E-01	1.33996610E-02	-4.85492005E-03
5.41674869E+00	-1.38990030E+00	1.33978542E-02	-4.87755753E-03
4.68898644E+00	-2.44018613E+00	1.33960458E-02	-4.90021426E-03
3.70000243E+00	-3.34283147E+00	1.33942360E-02	-4.92289038E-03
2.49416756E+00	-4.04106245E+00	1.33924245E-02	-4.94558601E-03
1.12851745E+00	-4.48945239E+00	1.33906116E-02	-4.96830129E-03
-3.30313913E-01	-4.65661565E+00	1.33887971E-02	-4.99103636E-03
-1.80971596E+00	-4.52711173E+00	1.33869810E-02	-5.01379134E-03
-3.23507681E+00	-4.10245080E+00	1.33851634E-02	-5.03656637E-03
-4.53389051E+00	-3.40114233E+00	1.33833442E-02	-5.05936159E-03
-5.63976699E+00	-2.45778183E+00	1.33815234E-02	-5.08217712E-03
-6.49612114E+00	-1.32122437E+00	1.33797010E-02	-5.10501311E-03
-7.05933459E+00	-5.19446155E-02	1.33778770E-02	-5.12786969E-03
-7.30121310E+00	1.28127166E+00	1.33760513E-02	-5.15074700E-03
-7.21060106E+00	2.60512221E+00	1.33742240E-02	-5.17364517E-03
-6.79406097E+00	3.84585946E+00	1.33723951E-02	-5.19656434E-03
-6.07557726E+00	4.93341250E+00	1.33705645E-02	-5.21950465E-03
-5.09529747E+00	5.80533134E+00	1.33687322E-02	-5.24246624E-03
-3.90737680E+00	6.41033338E+00	1.33668983E-02	-5.26544924E-03
-2.57704168E+00	6.71125374E+00	1.33650627E-02	-5.28845379E-03
-1.17703097E+00	6.68723281E+00	1.33632253E-02	-5.31148004E-03
2.16391393E-01	6.33501580E+00	1.33613863E-02	-5.33452812E-03
1.52763485E+00	5.66928723E+00	1.33595455E-02	-5.35759817E-03
2.68596127E+00	4.72201579E+00	1.33577030E-02	-5.38069034E-03
3.62941442E+00	3.54083912E+00	1.33558588E-02	-5.40380476E-03
4.30828198E+00	2.18657077E+00	1.33540127E-02	-5.42694157E-03
4.68789669E+00	7.29960305E-01	1.33521650E-02	-5.45010093E-03
4.75061807E+00	-7.52121093E-01	1.33503154E-02	-5.47328297E-03
4.49687989E+00	-2.18086413E+00	1.33484641E-02	-5.49648783E-03
3.94523917E+00	-3.47984708E+00	1.33466109E-02	-5.51971566E-03
3.13141609E+00	-4.57926709E+00	1.33447560E-02	-5.54296661E-03
2.10636985E+00	-5.41984332E+00	1.33428992E-02	-5.56624081E-03
9.33508512E-01	-5.95617437E+00	1.33410405E-02	-5.58953842E-03
-3.14820937E-01	-6.15935963E+00	1.33391801E-02	-5.61285957E-03
-1.56137462E+00	-6.01873301E+00	1.33373177E-02	-5.63620442E-03
-2.72836746E+00	-5.54260387E+00	1.33354535E-02	-5.65957311E-03
-3.74190421E+00	-4.75795388E+00	1.33335875E-02	-5.68296580E-03
-4.53624028E+00	-3.70909461E+00	1.33317195E-02	-5.70638261E-03
-5.05763370E+00	-2.45534824E+00	1.33298496E-02	-5.72982372E-03
-5.26756834E+00	-1.06786807E+00	1.33279778E-02	-5.75328926E-03
-5.14516085E+00	3.74235254E-01	1.33261041E-02	-5.77677938E-03
-4.68860585E+00	1.78825557E+00	1.33242284E-02	-5.80029424E-03
-3.91556559E+00	3.09250461E+00	1.33223508E-02	-5.82383398E-03
-2.86246697E+00	4.21092339E+00	1.33204712E-02	-5.84739876E-03
-1.58272950E+00	5.07743405E+00	1.33185896E-02	-5.87098872E-03
-1.44007600E-01	5.63978527E+00	1.33167061E-02	-5.89460403E-03
1.37541318E+00	5.86266867E+00	1.33148205E-02	-5.91824483E-03
2.89087622E+00	5.72992088E+00	1.33129329E-02	-5.94191127E-03
4.31604097E+00	5.24567412E+00	1.33110433E-02	-5.96560352E-03
5.56773956E+00	4.43437506E+00	1.33091517E-02	-5.98932172E-03
6.57073161E+00	3.33965405E+00	1.33072580E-02	-6.01306603E-03
7.26208678E+00	2.02209153E+00	1.33053623E-02	-6.03683661E-03
7.59494108E+00	5.55991719E-01	1.33034645E-02	-6.06063361E-03
7.54140406E+00	-9.74668284E-01	1.33015646E-02	-6.08445718E-03
7.09443830E+00	-2.48089577E+00	1.32996626E-02	-6.10830750E-03
6.26858826E+00	-3.87368966E+00	1.32977584E-02	-6.13218471E-03
5.09949901E+00	-5.06911698E+00	1.32958522E-02	-6.15608897E-03
3.64223397E+00	-5.99316890E+00	1.32939438E-02	-6.18002045E-03
1.96846969E+00	-6.58611486E+00	1.32920333E-02	-6.20397930E-03
1.62711834E-01	-6.80609734E+00	1.32901206E-02	-6.22796568E-03
-1.68226459E+00	-6.63174963E+00	1.32882058E-02	-6.25197976E-03
-3.47049946E+00	-6.06367243E+00	1.32862887E-02	-6.27602170E-03
-5.10817080E+00	-5.12466853E+00	1.32843695E-02	-6.30009166E-03
-6.50885297E+00	-3.85870616E+00	1.32824480E-02	-6.32418980E-03
-7.59840542E+00	-2.32865519E+00	1.32805243E-02	-6.34831629E-03
-8.31920464E+00	-6.12913225E-01	1.32785984E-02	-6.37247128E-03
-8.63346680E+00	1.19889457E+00	1.32766702E-02	-6.39665496E-03
-8.52545854E+00	3.01090090E+00	1.32747398E-02	-6.42086748E-03
-8.00245680E+00	4.72638247E+00	1.32728071E-02	-6.44510900E-03
-7.09439076E+00	6.25323495E+00	1.32708721E-02	-6.46937971E-03
-5.85217663E+00	7.50921605E+00	1.32689348E-02	-6.49367976E-03
-4.34483397E+00	8.42664624E+00	1.32669952E-02	-6.51800932E-03
-2.65554592E+00	8.95628600E+00	1.32650532E-02	-6.54236856E-03
-8.76890473E-01	9.07015501E+00	1.32631089E-02	-6.56675765E-03
8.94478283E-01	8.76312043E+00	1.32611623E-02	-6.59117677E-03
2.56338473E+00	8.05315406E+00	1.32592132E-02	-6.61562608E-03
4.04159145E+00	6.98023821E+00	1.32572618E-02	-6.64010576E-03
5.25283715E+00	5.60398169E+00	1.32553080E-02	-6.66461598E-03
6.13714974E+00	4.00008638E+00	1.32533518E-02	-6.68915691E-03
6.65417451E+00	2.25587570E+00	1.32513931E-02	-6.71372873E-03
6.78531642E+00	4.65154401E-01	1.32494321E-02	-6.73833161E-03
6.53456835E+00	-1.27728846E+00	1.32474685E-02	-6.76296572E-03
5.92797729E+00	-2.88119929E+00	1.32455025E-02	-6.78763125E-03
5.01178540E+00	-4.26606589E+00	1.32435341E-02	-6.81232838E-03
3.84936467E+00	-5.36569251E+00	1.32415631E-02	-6.83705727E-03
2.51713959E+00	-6.13186585E+00	1.32395896E-02	-6.86181811E-03
1.09975502E+00	-6.53689134E+00	1.32376136E-02	-6.88661108E-03
-3.15206048E-01	-6.57484949E+00	1.32356350E-02	-6.91143636E-03
-1.64262301E+00	-6.26150356E+00	1.32336540E-02	-6.93629412E-03
-2.80501745E+00	-5.63287476E+00	1.32316703E-02	-6.96118456E-03
-3.73718901E+00	-4.74258569E+00	1.32296841E-02	-6.98610785E-03
-4.39001971E+00	-3.65815051E+00	1.32276952E-02	-7.01106418E-03
-4.73321370E+00	-2.45645665E+00	1.32257038E-02	-7.03605373E-03
-4.75680918E+00	-1.21873320E+00	1.32237097E-02	-7.06107668E-03
-4.47137881E+00	-2.53320006E-02	1.32217130E-02	-7.08613323E-03
-3.90692049E+00	1.04934256E+00	1.32197137E-02	-7.11122356E-03
-3.11052477E+00	1.94143164E+00	1.32177117E-02	-7.13634785E-03
-2.14298433E+00	2.60145754E+00	1.32157070E-02	-7.16150630E-03
-1.07457801E+00	2.99715923E+00	1.32136996E-02	-7.18669910E-03
1.96861498E-02	3.11515726E+00	1.32116895E-02	-7.21192643E-03
1.06505159E+00	2.96135680E+00	1.32096766E-02	-7.23718848E-03
1.99188943E+00	2.56008074E+00	1.32076611E-02	-7.26248545E-03
2.74015207E+00	1.95200944E+00	1.32056427E-02	-7.28781753E-03
3.26311794E+00	1.19108128E+00	1.32036216E-02	-7.31318492E-03
3.53019174E+00	3.40575458E-01	1.32015978E-02	-7.33858780E-03
3.52859010E+00	-5.31349943E-01	1.31995711E-02	-7.36402637E-03
3.26381951E+00	-1.35635894E+00	1.31975416E-02	-7.38950084E-03
2.75893520E+00	-2.07056034E+00	1.31955092E-02	-7.41501139E-03
2.05265157E+00	-2.61874467E+00	1.31934740E-02	-7.44055822E-03
1.19645115E+00	-2.95795845E+00	1.31914360E-02	-7.46614154E-03
2.50903821E-01	-3.06018823E+00	1.31893951E-02	-7.49176154E-03
-7.18541793E-01	-2.91399051E+00	1.31873512E-02	-7.51741842E-03
-1.64600175E+00	-2.52497811E+00	1.31853045E-02	-7.54311239E-03
-2.46953130E+00	-1.91515299E+00	1.31832549E-02	-7.56884365E-03
-3.13513711E+00	-1.12115404E+00	1.31812023E-02	-7.59461239E-03
-3.60016421E+00	-1.91561462E-01	1.31791467E-02	-7.62041884E-03
-3.83584276E+00	8.16538846E-01	1.31770882E-02	-7.64626318E-03
-3.82884195E+00	1.84148107E+00	1.31750266E-02	-7.67214564E-03
-3.58174983E+00	2.82115687E+00	1.31729621E-02	-7.69806640E-03
-3.11247396E+00	3.69707751E+00	1.31708945E-02	-7.72402569E-03
-2.45263255E+00	4.41808577E+00	1.31688239E-02	-7.75002372E-03
-1.64507404E+00	4.94347322E+00	1.31667503E-02	-7.77606069E-03
-7.40720451E-01	5.24530618E+00	1.31646735E-02	-7.80213681E-03
2.05027980E-01	5.30982377E+00	1.31625937E-02	-7.82825230E-03
1.13606513E+00	5.13784016E+00	1.31605108E-02	-7.85440737E-03
1.99926113E+00	4.74415505E+00	1.31584248E-02	-7.88060223E-03
2.74780141E+00	4.15604622E+00	1.31563356E-02	-7.90683711E-03
3.34396135E+00	3.41098100E+00	1.31542432E-02	-7.93311221E-03
3.76114246E+00	2.55373477E+00	1.31521477E-02	-7.95942775E-03
3.98505424E+00	1.63314139E+00	1.31500490E-02	-7.98578396E-03
4.01399111E+00	6.98719424E-01	1.31479471E-02	-8.01218106E-03
3.85822121E+00	-2.02580892E-01	1.31458419E-02	-8.03861925E-03
3.53856768E+00	-1.02928210E+00	1.31437336E-02	-8.06509877E-03
3.08431979E+00	-1.74774105E+00	1.31416219E-02	-8.09161984E-03
2.53065565E+00	-2.33381997E+00	1.31395070E-02	-8.11818268E-03
1.91578814E+00	-2.77377599E+00	1.31373888E-02	-8.14478752E-03
1.27805880E+00	-3.06433979E+00	1.31352672E-02	-8.17143458E-03
6.53200162E-01	-3.21201628E+00	1.31331424E-02	-8.19812410E-03
7.19660161E-02	-3.23169769E+00	1.31310142E-02	-8.22485629E-03
-4.41705957E-01	-3.14472901E+00	1.31288826E-02	-8.25163139E-03
-8.71882247E-01	-2.97660253E+00	1.31267476E-02	-8.27844963E-03
-1.21110967E+00	-2.75448064E+00	1.31246093E-02	-8.30531125E-03
-1.46017517E+00	-2.50475213E+00	1.31224675E-02	-8.33221647E-03
-1.62720144E+00	-2.25081756E+00	1.31203223E-02	-8.35916553E-03
-1.72618155E+00	-2.01127373E+00	1.31181736E-02	-8.38615866E-03
-1.77509730E+00	-1.79862989E+00	1.31160214E-02	-8.41319611E-03
-1.79379478E+00	-1.61864087E+00	1.31138658E-02	-8.44027810E-03
-1.80180504E+00	-1.47028924E+00	1.31117066E-02	-8.46740489E-03
-1.81629662E+00	-1.34639482E+00	1.31095439E-02	-8.49457670E-03
-1.85033052E+00	-1.23477848E+00	1.31073777E-02	-8.52179379E-03
-1.91155867E+00	-1.11986353E+00	1.31052078E-02	-8.54905638E-03
-2.00146679E+00	-9.84564197E-01	1.31030344E-02	-8.57636474E-03
-2.11521468E+00	-8.12290312E-01	1.31008574E-02	-8.60371910E-03
-2.24207612E+00	-5.88891374E-01	1.30986768E-02	-8.63111970E-03
-2.36643036E+00	-3.04371272E-01	1.30964925E-02	-8.65856681E-03
-2.46921187E+00	4.57725793E-02	1.30943045E-02	-8.68606066E-03
-2.52968822E+00	4.59698278E-01	1.30921129E-02	-8.71360151E-03
-2.52741048E+00	9.28926664E-01	1.30899175E-02	-8.74118960E-03
-2.44416835E+00	1.43862915E+00	1.30877185E-02	-8.76882520E-03
-2.26578396E+00	1.96846984E+00	1.30855156E-02	-8.79650856E-03
-1.98359395E+00	2.49392977E+00	1.30833091E-02	-8.82423992E-03
-1.59549704E+00	2.98800180E+00	1.30810987E-02	-8.85201956E-03
-1.10648194E+00	3.42311543E+00	1.30788845E-02	-8.87984772E-03
-5.28594461E-01	3.77313318E+00	1.30766665E-02	-8.90772467E-03
1.19650463E-01	4.01525627E+00	1.30744447E-02	-8.93565067E-03
8.14360126E-01	4.13168692E+00	1.30722190E-02	-8.96362598E-03
1.52776648E+00	4.11091649E+00	1.30699894E-02	-8.99165087E-03
2.23001448E+00	3.94854154E+00	1.30677559E-02	-9.01972559E-03
2.89108960E+00	3.64755024E+00	1.30655184E-02	-9.04785043E-03
3.48272855E+00	3.21806631E+00	1.30632770E-02	-9.07602564E-03
3.98016150E+00	2.67658302E+00	1.30610317E-02	-9.10425149E-03
4.36355090E+00	2.04476113E+00	1.30587824E-02	-9.13252826E-03
4.61902020E+00	1.34790043E+00	1.30565290E-02	-9.16085622E-03
4.73920274E+00	6.13218793E-01	1.30542716E-02	-9.18923565E-03
4.72328335E+00	-1.31913257E-01	1.30520102E-02	-9.21766681E-03
4.57654963E+00	-8.61634685E-01	1.30497446E-02	-9.24614999E-03
4.30951202E+00	-1.55301721E+00	1.30474750E-02	-9.27468547E-03
3.93668853E+00	-2.18713861E+00	1.30452013E-02	-9.30327352E-03
3.47517772E+00	-2.74972895E+00	1.30429234E-02	-9.33191443E-03
2.94316012E+00	-3.23135301E+00	1.30406413E-02	-9.36060848E-03
2.35847202E+00	-3.62713603E+00	1.30383551E-02	-9.38935595E-03
1.73738658E+00	-3.93608270E+00	1.30360646E-02	-9.41815714E-03
1.09371517E+00	-4.16007757E+00	1.30337700E-02	-9.44701232E-03
4.38310161E-01	-4.30268534E+00	1.30314710E-02	-9.47592180E-03
-2.20989717E-01	-4.36788902E+00	1.30291678E-02	-9.50488585E-03
-8.78974434E-01	-4.35891066E+00	1.30268603E-02	-9.53390478E-03
-1.53228563E+00	-4.27725272E+00	1.30245485E-02	-9.56297887E-03
-2.17833599E+00	-4.12207821E+00	1.30222323E-02	-9.59210843E-03
-2.81404719E+00	-3.89001646E+00	1.30199117E-02	-9.62129376E-03
-3.43455160E+00	-3.57544052E+00	1.30175868E-02	-9.65053514E-03
-4.03201334E+00	-3.17121627E+00	1.30152574E-02	-9.67983288E-03
-4.59472023E+00	-2.66987491E+00	1.30129237E-02	-9.70918730E-03
-5.10658018E+00	-2.06511504E+00	1.30105854E-02	-9.73859868E-03
-5.54712410E+00	-1.35350146E+00	1.30082427E-02	-9.76806734E-03
-5.89207522E+00	-5.36198845E-01	1.30058954E-02	-9.79759358E-03
-6.11449484E+00	3.79437341E-01	1.30035436E-02	-9.82717772E-03
-6.18646104E+00	1.37859092E+00	1.30011873E-02	-9.85682006E-03
-6.08118399E+00	2.43819952E+00	1.29988263E-02	-9.88652092E-03
-5.77541415E+00	3.52678671E+00	1.29964608E-02	-9.91628062E-03
-5.25196182E+00	4.60500161E+00	1.29940906E-02	-9.94609947E-03
-4.50212146E+00	5.62690218E+00	1.29917158E-02	-9.97597779E-03
-3.52778570E+00	6.54195849E+00	1.29893363E-02	-1.00059159E-02
-2.34304162E+00	7.29769054E+00	1.29869521E-02	-1.00359141E-02
-9.75068217E-01	7.84279707E+00	1.29845631E-02	-1.00659728E-02
5.35804760E-01	8.13058146E+00	1.29821694E-02	-1.00960922E-02
2.13696093E+00	8.12244291E+00	1.29797709E-02	-1.01262728E-02
3.76530360E+00	7.79117958E+00	1.29773676E-02	-1.01565147E-02
5.34995337E+00	7.12384685E+00	1.29749595E-02	-1.01868184E-02
6.81571627E+00	6.12392992E+00	1.29725465E-02	-1.02171842E-02
8.08713663E+00	4.81262516E+00	1.29701286E-02	-1.02476124E-02
9.09289545E+00	3.22907707E+00	1.29677058E-02	-1.02781034E-02
9.77027594E+00	1.42948371E+00	1.29652781E-02	-1.03086575E-02
1.00693975E+01	-5.14940844E-01	1.29628454E-02	-1.03392750E-02
9.95692075E+00	-2.52107830E+00	1.29604077E-02	-1.03699563E-02
9.41894683E+00	-4.49794559E+00	1.29579650E-02	-1.04007018E-02
8.46287930E+00	-6.35144395E+00	1.29555172E-02	-1.04315118E-02
7.11807522E+00	-7.98954149E+00	1.29530644E-02	-1.04623865E-02
5.43518935E+00	-9.32757241E+00	1.29506064E-02	-1.04933265E-02
3.48419917E+00	-1.02933156E+01	1.29481434E-02	-1.05243320E-02
1.35118679E+00	-1.08315183E+01	1.29456751E-02	-1.05554034E-02
-8.65960386E-01	-1.09075572E+01	1.29432017E-02	-1.05865411E-02
-3.06269171E+00	-1.05099756E+01	1.29407231E-02	-1.06177454E-02
-5.13347681E+00	-9.65170435E+00	1.29382393E-02	-1.06490167E-02
-6.97768605E+00	-8.36985617E+00	1.29357501E-02	-1.06803553E-02
-8.50530268E+00	-6.72407189E+00	1.29332557E-02	-1.07117616E-02
-9.64210446E+00	-4.79349499E+00	1.29307560E-02	-1.07432360E-02
-1.03339813E+01	-2.67253967E+00	1.29282509E-02	-1.07747789E-02
-1.05501060E+01	-4.65699972E-01	1.29257404E-02	-1.08063906E-02
-1.02847460E+01	1.71828676E+00	1.29232245E-02	-1.08380715E-02
-9.55759105E+00	3.77256318E+00	1.29207031E-02	-1.08698220E-02
-8.41256540E+00	5.59818101E+00	1.29181763E-02	-1.09016425E-02
-6.91519249E+00	7.10965841E+00	1.29156440E-02	-1.09335333E-02
-5.14867460E+00	8.23971656E+00	1.29131062E-02	-1.09654949E-02
-3.20893315E+00	8.94289890E+00	1.29105628E-02	-1.09975276E-02
-1.19892370E+00	9.19784847E+00	1.29080138E-02	-1.10296318E-02
7.77413411E-01	9.00810621E+00	1.29054591E-02	-1.10618079E-02
2.62118295E+00	8.40139006E+00	1.29028989E-02	-1.10940564E-02
4.24416452E+00	7.42741331E+00	1.29003329E-02	-1.11263775E-02
5.57368956E+00	6.15439633E+00	1.28977612E-02	-1.11587718E-02
6.55646503E+00	4.66450970E+00	1.28951838E-02	-1.11912395E-02
7.16111522E+00	3.04855499E+00	1.28926006E-02	-1.12237812E-02
7.37929946E+00	1.40023588E+00	1.28900116E-02	-1.12563972E-02
7.22535935E+00	-1.89604309E-01	1.28874168E-02	-1.12890880E-02
6.73454684E+00	-1.63840600E+00	1.28848160E-02	-1.13218539E-02
5.95997769E+00	-2.87663253E+00	1.28822094E-02	-1.13546953E-02
4.96853759E+00	-3.85153094E+00	1.28795968E-02	-1.13876128E-02
3.83603383E+00	-4.52969072E+00	1.28769783E-02	-1.14206066E-02
2.64193122E+00	-4.89826081E+00	1.28743538E-02	-1.14536773E-02
1.46403182E+00	-4.96477850E+00	1.28717232E-02	-1.14868253E-02
3.73455396E-01	-4.75565786E+00	1.28690866E-02	-1.15200509E-02
-5.69750720E-01	-4.31347525E+00	1.28664438E-02	-1.15533547E-02
-1.32009301E+00	-3.69326836E+00	1.28637949E-02	-1.15867370E-02
-1.84899328E+00	-2.95812742E+00	1.28611399E-02	-1.16201983E-02
-2.14590054E+00	-2.17439968E+00	1.28584786E-02	-1.16537391E-02
-2.21811209E+00	-1.40684754E+00	1.28558111E-02	-1.16873597E-02
-2.08935275E+00	-7.14095739E-01	1.28531374E-02	-1.17210607E-02
-1.79724582E+00	-1.44675665E-01	1.28504573E-02	-1.17548424E-02
-1.38988307E+00	2.66074138E-01	1.28477709E-02	-1.17887054E-02
-9.21759085E-01	4.98057622E-01	1.28450781E-02	-1.18226500E-02
-4.49373077E-01	5.47305259E-01	1.28423789E-02	-1.18566769E-02
-2.68179432E-02	4.25660803E-01	1.28396732E-02	-1.18907863E-02
2.98330621E-01	1.59323798E-01	1.28369611E-02	-1.19249788E-02
4.88540084E-01	-2.13620132E-01	1.28342424E-02	-1.19592548E-02
5.19024962E-01	-6.46481035E-01	1.28315172E-02	-1.19936148E-02
3.79454578E-01	-1.08780573E+00	1.28287854E-02	-1.20280594E-02
7.45646224E-02	-1.48549184E+00	1.28260469E-02	-1.20625889E-02
-3.76348245E-01	-1.79087545E+00	1.28233018E-02	-1.20972038E-02
-9.40990522E-01	-1.96250170E+00	1.28205500E-02	-1.21319047E-02
-1.57656337E+00	-1.96931602E+00	1.28177915E-02	-1.21666920E-02
-2.23298791E+00	-1.79306011E+00	1.28150261E-02	-1.22015661E-02
-2.85662348E+00	-1.42971742E+00	1.28122540E-02	-1.22365277E-02
-3.39420875E+00	-8.89922224E-01	1.28094749E-02	-1.22715772E-02
-3.79674580E+00	-1.98321091E-01	1.28066890E-02	-1.23067151E-02
-4.02305741E+00	6.08051773E-01	1.28038962E-02	-1.23419419E-02
-4.04277618E+00	1.48225639E+00	1.28010964E-02	-1.23772581E-02
-3.83856903E+00	2.37060096E+00	1.27982895E-02	-1.24126642E-02
-3.40745726E+00	3.21624064E+00	1.27954757E-02	-1.24481607E-02
-2.76115812E+00	3.96296841E+00	1.27926547E-02	-1.24837482E-02
-1.92544198E+00	4.55893847E+00	1.27898266E-02	-1.25194271E-02
-9.38566596E-01	4.96007327E+00	1.27869913E-02	-1.25551981E-02
1.51089281E-01	5.13293319E+00	1.27841488E-02	-1.25910616E-02
1.28802006E+00	5.05686983E+00	1.27812991E-02	-1.26270181E-02
2.41300482E+00	4.72533690E+00	1.27784420E-02	-1.26630682E-02
3.46670424E+00	4.14629273E+00	1.27755776E-02	-1.26992125E-02
4.39320555E+00	3.34169056E+00	1.27727059E-02	-1.27354514E-02
5.14328946E+00	2.34611334E+00	1.27698267E-02	-1.27717855E-02
5.67721852E+00	1.20466437E+00	1.27669401E-02	-1.28082155E-02
5.96688543E+00	-2.97303325E-02	1.27640459E-02	-1.28447417E-02
5.99720713E+00	-1.29941918E+00	1.27611442E-02	-1.28813648E-02
5.76670459E+00	-2.54531454E+00	1.27582349E-02	-1.29180854E-02
5.28726315E+00	-3.71016358E+00	1.27553180E-02	-1.29549040E-02
4.58312148E+00	-4.74159982E+00	1.27523934E-02	-1.29918212E-02
3.68918492E+00	-5.59479822E+00	1.27494611E-02	-1.30288375E-02
2.64879725E+00	-6.23459062E+00	1.27465210E-02	-1.30659536E-02
1.51113286E+00	-6.63694027E+00	1.27435731E-02	-1.31031699E-02
3.28386848E-01	-6.78972056E+00	1.27406173E-02	-1.31404872E-02
-8.47056950E-01	-6.69279036E+00	1.27376537E-02	-1.31779060E-02
-1.96530936E+00	-6.35740360E+00	1.27346821E-02	-1.32154269E-02
-2.98136029E+00	-5.80503051E+00	1.27317025E-02	-1.32530505E-02
-3.85704279E+00	-5.06569991E+00	1.27287148E-02	-1.32907773E-02
-4.56249061E+00	-4.17599451E+00	1.27257191E-02	-1.33286081E-02
-5.07704162E+00	-3.17684361E+00	1.27227152E-02	-1.33665434E-02
-5.38957812E+00	-2.11125856E+00	1.27197032E-02	-1.34045838E-02
-5.49833165E+00	-1.02214852E+00	1.27166829E-02	-1.34427300E-02
-5.41021171E+00	4.96633788E-02	1.27136543E-02	-1.34809825E-02
-5.13974239E+00	1.06712689E+00	1.27106175E-02	-1.35193421E-02
-4.70770816E+00	1.99828636E+00	1.27075722E-02	-1.35578092E-02
-4.13961856E+00	2.81719939E+00	1.27045185E-02	-1.35963847E-02
-3.46410135E+00	3.50444459E+00	1.27014564E-02	-1.36350691E-02
-2.71132622E+00	4.04723831E+00	1.26983857E-02	-1.36738631E-02
-1.91154713E+00	4.43920316E+00	1.26953065E-02	-1.37127673E-02
-1.09383246E+00	4.67984904E+00	1.26922186E-02	-1.37517824E-02
-2.85030585E-01	4.77383844E+00	1.26891221E-02	-1.37909091E-02
4.91003967E-01	4.73011226E+00	1.26860168E-02	-1.38301479E-02
1.21392023E+00	4.56095080E+00	1.26829028E-02	-1.38694997E-02
1.86713170E+00	4.28103714E+00	1.26797799E-02	-1.39089650E-02
2.43785879E+00	3.90657885E+00	1.26766481E-02	-1.39485446E-02
2.91699387E+00	3.45452958E+00	1.26735075E-02	-1.39882392E-02
3.29883496E+00	2.94193662E+00	1.26703578E-02	-1.40280493E-02
3.58073533E+00	2.38542524E+00	1.26671991E-02	-1.40679758E-02
3.76271188E+00	1.80081693E+00	1.26640313E-02	-1.41080194E-02
3.84704897E+00	1.20286800E+00	1.26608543E-02	-1.41481807E-02
3.83792410E+00	6.05106905E-01	1.26576682E-02	-1.41884604E-02
3.74107242E+00	1.97455092E-02	1.26544728E-02	-1.42288594E-02
3.56349628E+00	-5.42361278E-01	1.26512681E-02	-1.42693782E-02
3.31321739E+00	-1.07172977E+00	1.26480540E-02	-1.43100177E-02
2.99906282E+00	-1.56025263E+00	1.26448305E-02	-1.43507786E-02
2.63047148E+00	-2.00120483E+00	1.26415975E-02	-1.43916616E-02
2.21730745E+00	-2.38925309E+00	1.26383550E-02	-1.44326674E-02
1.76966772E+00	-2.72046464E+00	1.26351028E-02	-1.44737969E-02
1.29767654E+00	-2.99230558E+00	1.26318411E-02	-1.45150507E-02
8.11264191E-01	-3.20361622E+00	1.26285696E-02	-1.45564297E-02
3.19934563E-01	-3.35454990E+00	1.26252883E-02	-1.45979346E-02
-1.67467370E-01	-3.44646397E+00	1.26219972E-02	-1.46395662E-02
-6.42972070E-01	-3.48175593E+00	1.26186963E-02	-1.46813253E-02
-1.09966619E+00	-3.46364444E+00	1.26153853E-02	-1.47232126E-02
-1.53181701E+00	-3.39590202E+00	1.26120644E-02	-1.47652290E-02
-1.93492194E+00	-3.28255458E+00	1.26087334E-02	-1.48073753E-02
-2.30566900E+00	-3.12756963E+00	1.26053922E-02	-1.48496522E-02
-2.64180176E+00	-2.93456061E+00	1.26020409E-02	-1.48920606E-02
-2.94189100E+00	-2.70653766E+00	1.25986793E-02	-1.49346013E-02
-3.20502557E+00	-2.44573505E+00	1.25953074E-02	-1.49772752E-02
-3.43044516E+00	-2.15354188E+00	1.25919251E-02	-1.50200830E-02
-3.61714651E+00	-1.83055607E+00	1.25885324E-02	-1.50630256E-02
-3.76350154E+00	-1.47677180E+00	1.25851291E-02	-1.51061038E-02
-3.86692965E+00	-1.09189864E+00	1.25817153E-02	-1.51493186E-02
-3.92366666E+00	-6.75797665E-01	1.25782908E-02	-1.51926707E-02
-3.92866870E+00	-2.29006365E-01	1.25748556E-02	-1.52361611E-02
-3.87568154E+00	2.46687679E-01	1.25714097E-02	-1.52797905E-02
-3.75749396E+00	7.47674056E-01	1.25679529E-02	-1.53235600E-02
-3.56637940E+00	1.26800364E+00	1.25644852E-02	-1.53674703E-02
-3.29471338E+00	1.79898724E+00	1.25610065E-02	-1.54115224E-02
-2.93573739E+00	2.32896340E+00	1.25575167E-02	-1.54557172E-02
-2.48442368E+00	2.84328205E+00	1.25540159E-02	-1.55000555E-02
-1.93838143E+00	3.32453799E+00	1.25505039E-02	-1.55445384E-02
-1.29873474E+00	3.75307130E+00	1.25469806E-02	-1.55891666E-02
-5.70897312E-01	4.10773258E+00	1.25434460E-02	-1.56339413E-02
2.34831398E-01	4.36688930E+00	1.25399000E-02	-1.56788632E-02
1.10291737E+00	4.50962899E+00	1.25363425E-02	-1.57239333E-02
2.01254799E+00	4.51709510E+00	1.25327735E-02	-1.57691527E-02
2.93793268E+00	4.37387579E+00	1.25291929E-02	-1.58145222E-02
3.84896685E+00	4.06935453E+00	1.25256006E-02	-1.58600429E-02
4.71225319E+00	3.59892582E+00	1.25219965E-02	-1.59057156E-02
5.49244853E+00	2.96498113E+00	1.25183806E-02	-1.59515415E-02
6.15387947E+00	2.17757821E+00	1.25147528E-02	-1.59975214E-02
6.66234678E+00	1.25472186E+00	1.25111130E-02	-1.60436565E-02
6.98702025E+00	2.22205490E-01	1.25074611E-02	-1.60899476E-02
7.10231259E+00	-8.87011636E-01	1.25037971E-02	-1.61363959E-02
6.98961494E+00	-2.03388754E+00	1.25001209E-02	-1.61830024E-02
6.63877834E+00	-3.17480709E+00	1.24964324E-02	-1.62297680E-02
6.04923500E+00	-4.26345436E+00	1.24927315E-02	-1.62766939E-02
5.23067012E+00	-5.25295798E+00	1.24890181E-02	-1.63237811E-02
4.20317899E+00	-6.09819742E+00	1.24852923E-02	-1.63710306E-02
2.99687268E+00	-6.75814324E+00	1.24815538E-02	-1.64184436E-02
1.65092847E+00	-7.19809632E+00	1.24778026E-02	-1.64660210E-02
2.12114793E-01	-7.39169199E+00	1.24740386E-02	-1.65137641E-02
-1.26714653E+00	-7.32254413E+00	1.24702617E-02	-1.65616739E-02
-2.73108749E+00	-6.98542208E+00	1.24664719E-02	-1.66097515E-02
-4.12315268E+00	-6.38687789E+00	1.24626691E-02	-1.66579981E-02
-5.38867314E+00	-5.54527188E+00	1.24588532E-02	-1.67064147E-02
-6.47750888E+00	-4.49017944E+00	1.24550240E-02	-1.67550025E-02
-7.34651202E+00	-3.26119775E+00	1.24511816E-02	-1.68037627E-02
-7.96167067E+00	-1.90620743E+00	1.24473258E-02	-1.68526963E-02
-8.29980988E+00	-4.79176473E-01	1.24434565E-02	-1.69018047E-02
-8.34975058E+00	9.62377673E-01	1.24395737E-02	-1.69510889E-02
-8.11285766E+00	2.36013126E+00	1.24356772E-02	-1.70005502E-02
-7.60294369E+00	3.65775273E+00	1.24317670E-02	-1.70501897E-02
-6.84553184E+00	4.80360262E+00	1.24278430E-02	-1.71000087E-02
-5.87651843E+00	5.75318654E+00	1.24239051E-02	-1.71500083E-02
-4.74031082E+00	6.47122659E+00	1.24199531E-02	-1.72001899E-02
-3.48754576E+00	6.93323951E+00	1.24159871E-02	-1.72505546E-02
-2.17251748E+00	7.12653843E+00	1.24120068E-02	-1.73011037E-02
-8.50460364E-01	7.05060902E+00	1.24080123E-02	-1.73518385E-02
4.25162000E-01	6.71684747E+00	1.24040034E-02	-1.74027602E-02
1.60521170E+00	6.14768455E+00	1.23999800E-02	-1.74538702E-02
2.64713686E+00	5.37515517E+00	1.23959420E-02	-1.75051696E-02
3.51681823E+00	4.43900394E+00	1.23918893E-02	-1.75566600E-02
4.18990906E+00	3.38444239E+00	1.23878219E-02	-1.76083425E-02
4.65260635E+00	2.25969157E+00	1.23837396E-02	-1.76602185E-02
4.90182638E+00	1.11345309E+00	1.23796423E-02	-1.77122893E-02
4.94479240E+00	-7.54732521E-03	1.23755299E-02	-1.77645563E-02
4.79807695E+00	-1.06080764E+00	1.23714024E-02	-1.78170209E-02
4.48617189E+00	-2.00996836E+00	1.23672595E-02	-1.78696845E-02
4.03968511E+00	-2.82630475E+00	1.23631013E-02	-1.79225484E-02
3.49328199E+00	-3.48972296E+00	1.23589276E-02	-1.79756140E-02
2.88350134E+00	-3.98922167E+00	1.23547383E-02	-1.80288828E-02
2.24657868E+00	-4.32281439E+00	1.23505332E-02	-1.80823563E-02
1.61640539E+00	-4.49693922E+00	1.23463124E-02	-1.81360358E-02
1.02273941E+00	-4.52541333E+00	1.23420756E-02	-1.81899228E-02
4.89764390E-01	-4.42801425E+00	1.23378228E-02	-1.82440188E-02
3.50696168E-02	-4.22879022E+00	1.23335538E-02	-1.82983253E-02
-3.30904974E-01	-3.95421431E+00	1.23292686E-02	-1.83528437E-02
-6.04944455E-01	-3.63130282E+00	1.23249670E-02	-1.84075757E-02
-7.90670833E-01	-3.28581603E+00	1.23206490E-02	-1.84625227E-02
-8.97734910E-01	-2.94065038E+00	1.23163143E-02	-1.85176862E-02
-9.40656279E-01	-2.61451517E+00	1.23119629E-02	-1.85730679E-02
-9.37399184E-01	-2.32096628E+00	1.23075947E-02	-1.86286693E-02
-9.07785548E-01	-2.06784430E+00	1.23032095E-02	-1.86844920E-02
-8.71853389E-01	-1.85713774E+00	1.22988073E-02	-1.87405375E-02
-8.48268864E-01	-1.68526459E+00	1.22943878E-02	-1.87968076E-02
-8.52893541E-01	-1.54373924E+00	1.22899511E-02	-1.88533038E-02
-8.97595776E-01	-1.42016853E+00	1.22854969E-02	-1.89100278E-02
-9.89377231E-01	-1.29950132E+00	1.22810252E-02	-1.89669813E-02
-1.12986384E+00	-1.16544215E+00	1.22765357E-02	-1.90241659E-02
-1.31518634E+00	-1.00193122E+00	1.22720285E-02	-1.90815833E-02
-1.53625047E+00	-7.94591261E-01	1.22675033E-02	-1.91392353E-02
-1.77937234E+00	-5.32045911E-01	1.22629601E-02	-1.91971236E-02
-2.02723226E+00	-2.07024384E-01	1.22583987E-02	-1.92552499E-02
-2.26008134E+00	1.82817812E-01	1.22538189E-02	-1.93136160E-02
-2.45712051E+00	6.34413431E-01	1.22492207E-02	-1.93722236E-02
-2.59796236E+00	1.13916298E+00	1.22446039E-02	-1.94310746E-02
-2.66408261E+00	1.68318577E+00	1.22399684E-02	-1.94901708E-02
-2.64016973E+00	2.24792631E+00	1.22353140E-02	-1.95495140E-02
-2.51528886E+00	2.81107812E+00	1.22306407E-02	-1.96091061E-02
-2.28378838E+00	3.34776849E+00	1.22259482E-02	-1.96689490E-02
-1.94589386E+00	3.83193219E+00	1.22212364E-02	-1.97290444E-02
-1.50795337E+00	4.23779193E+00	1.22165052E-02	-1.97893944E-02
-9.82319228E-01	4.54135737E+00	1.22117544E-02	-1.98500009E-02
-3.86872845E-01	4.72185443E+00	1.22069840E-02	-1.99108657E-02
2.55779846E-01	4.76300141E+00	1.22021937E-02	-1.99719909E-02
9.19395913E-01	4.65405781E+00	1.21973834E-02	-2.00333785E-02
1.57540368E+00	4.39058581E+00	1.21925530E-02	-2.00950305E-02
2.19435729E+00	3.97488088E+00	1.21877023E-02	-2.01569488E-02
2.74745570E+00	3.41604754E+00	1.21828312E-02	-2.02191356E-02
3.20804117E+00	2.72971616E+00	1.21779394E-02	-2.02815928E-02
3.55299473E+00	1.93741699E+00	1.21730270E-02	-2.03443226E-02
3.76395237E+00	1.06564653E+00	1.21680936E-02	-2.04073272E-02
3.82827696E+00	1.44677675E-01	1.21631392E-02	-2.04706085E-02
3.73973477E+00	-7.92821162E-01	1.21581635E-02	-2.05341689E-02
3.49884300E+00	-1.71328349E+00	1.21531665E-02	-2.05980103E-02
3.11287252E+00	-2.58377882E+00	1.21481480E-02	-2.06621352E-02
2.59550970E+00	-3.37350291E+00	1.21431078E-02	-2.07265455E-02
1.96619919E+00	-4.05514731E+00	1.21380457E-02	-2.07912437E-02
1.24920670E+00	-4.60607925E+00	1.21329616E-02	-2.08562320E-02
4.72455149E-01	-5.00927475E+00	1.21278553E-02	-2.09215126E-02
-3.33801499E-01	-5.25396170E+00	1.21227267E-02	-2.09870879E-02
-1.13839463E+00	-5.33594684E+00	1.21175755E-02	-2.10529602E-02
-1.91067277E+00	-5.25761753E+00	1.21124016E-02	-2.11191318E-02
-2.62187453E+00	-5.02762726E+00	1.21072048E-02	-2.11856053E-02
-3.24637379E+00	-4.66029018E+00	1.21019850E-02	-2.12523829E-02
-3.76273678E+00	-4.17472512E+00	1.20967420E-02	-2.13194671E-02
-4.15454259E+00	-3.59380146E+00	1.20914755E-02	-2.13868603E-02
-4.41093280E+00	-2.94294846E+00	1.20861855E-02	-2.14545652E-02
-4.52687169E+00	-2.24889467E+00	1.20808717E-02	-2.15225841E-02
-4.50311459E+00	-1.53840561E+00	1.20755339E-02	-2.15909196E-02
-4.34589788E+00	-8.37085520E-01	1.20701720E-02	-2.16595743E-02
-4.06637868E+00	-1.68302616E-01	1.20647857E-02	-2.17285508E-02
-3.67986496E+00	4.47711511E-01	1.20593750E-02	-2.17978518E-02
-3.20488637E+00	9.94549752E-01	1.20539395E-02	-2.18674797E-02
-2.66216281E+00	1.46007933E+00	1.20484791E-02	-2.19374375E-02
-2.07353087E+00	1.83664286E+00	1.20429936E-02	-2.20077277E-02
-1.46088783E+00	2.12101437E+00	1.20374828E-02	-2.20783532E-02
-8.45208917E-01	2.31412756E+00	1.20319465E-02	-2.21493166E-02
-2.45686712E-01	2.42060593E+00	1.20263844E-02	-2.22206208E-02
3.20967894E-01	2.44813416E+00	1.20207965E-02	-2.22922687E-02
8.41035261E-01	2.40671717E+00	1.20151825E-02	-2.23642630E-02
1.30409159E+00	2.30787769E+00	1.20095421E-02	-2.24366067E-02
1.70310597E+00	2.16384369E+00	1.20038752E-02	-2.25093028E-02
2.03433980E+00	1.98677494E+00	1.19981815E-02	-2.25823541E-02
2.29706968E+00	1.78807289E+00	1.19924609E-02	-2.26557637E-02
2.49316440E+00	1.57781039E+00	1.19867131E-02	-2.27295346E-02
2.62655384E+00	1.36430821E+00	1.19809379E-02	-2.28036699E-02
2.70263193E+00	1.15387494E+00	1.19751350E-02	-2.28781727E-02
2.72763764E+00	9.50715230E-01	1.19693043E-02	-2.29530461E-02
2.70805672E+00	7.57000653E-01	1.19634455E-02	-2.30282933E-02
2.65008308E+00	5.73087055E-01	1.19575584E-02	-2.31039175E-02
2.55917279E+00	3.97853792E-01	1.19516428E-02	-2.31799219E-02
2.43971565E+00	2.29133362E-01	1.19456984E-02	-2.32563098E-02
2.29484027E+00	6.41955886E-02	1.19397250E-02	-2.33330846E-02
2.12635897E+00	-9.97515029E-02	1.19337223E-02	-2.34102496E-02
1.93484899E+00	-2.65081461E-01	1.19276902E-02	-2.34878081E-02
1.71985763E+00	-4.33324322E-01	1.19216283E-02	-2.35657637E-02
1.48021085E+00	-6.04826247E-01	1.19155364E-02	-2.36441198E-02
1.21439891E+00	-7.78516862E-01	1.19094143E-02	-2.37228799E-02
9.21007948E-01	-9.51799551E-01	1.19032617E-02	-2.38020475E-02
5.99164488E-01	-1.12057148E+00	1.18970784E-02	-2.38816264E-02
2.48959434E-01	-1.27937166E+00	1.18908640E-02	-2.39616201E-02
-1.28179623E-01	-1.42164715E+00	1.18846184E-02	-2.40420323E-02
-5.29195386E-01	-1.54012032E+00	1.18783413E-02	-2.41228667E-02
-9.49209322E-01	-1.62723416E+00	1.18720323E-02	-2.42041272E-02
-1.38144740E+00	-1.67564790E+00	1.18656913E-02	-2.42858175E-02
-1.81729169E+00	-1.67875296E+00	1.18593180E-02	-2.43679415E-02
-2.24645906E+00	-1.63117775E+00	1.18529121E-02	-2.44505031E-02
-2.65730081E+00	-1.52925115E+00	1.18464732E-02	-2.45335063E-02
-3.03721039E+00	-1.37139656E+00	1.18400012E-02	-2.46169551E-02
-3.37312060E+00	-1.15843237E+00	1.18334958E-02	-2.47008535E-02
-3.65206652E+00	-8.93759545E-01	1.18269565E-02	-2.47852057E-02
-3.86178728E+00	-5.83422876E-01	1.18203833E-02	-2.48700158E-02
-3.99133743E+00	-2.36038476E-01	1.18137757E-02	-2.49552881E-02
-4.03167802E+00	1.37413250E-01	1.18071335E-02	-2.50410267E-02
-3.97621795E+00	5.23923720E-01	1.18004564E-02	-2.51272361E-02
-3.82127808E+00	9.08909898E-01	1.17937440E-02	-2.52139205E-02
-3.56645369E+00	1.27676871E+00	1.17869960E-02	-2.53010844E-02
-3.21485444E+00	1.61151049E+00	1.17802122E-02	-2.53887323E-02
-2.77320602E+00	1.89744596E+00	1.17733923E-02	-2.54768687E-02
-2.25180285E+00	2.11989825E+00	1.17665358E-02	-2.55654982E-02
-1.66430706E+00	2.26590968E+00	1.17596425E-02	-2.56546254E-02
-1.02739491E+00	2.32491206E+00	1.17527121E-02	-2.57442552E-02
-3.60258276E-01	2.28932947E+00	1.17457442E-02	-2.58343922E-02
3.16025324E-01	2.15508413E+00	1.17387385E-02	-2.59250412E-02
9.79234354E-01	1.92197807E+00	1.17316947E-02	-2.60162073E-02
1.60683146E+00	1.59392737E+00	1.17246123E-02	-2.61078952E-02
2.17684800E+00	1.17903013E+00	1.17174911E-02	-2.62001101E-02
2.66879043E+00	6.89455375E-01	1.17103308E-02	-2.62928571E-02
3.06453116E+00	1.41146816E-01	1.17031309E-02	-2.63861412E-02
3.34914428E+00	-4.46657100E-01	1.16958911E-02	-2.64799677E-02
3.51164644E+00	-1.05207713E+00	1.16886110E-02	-2.65743420E-02
3.54560442E+00	-1.65140300E+00	1.16812904E-02	-2.66692693E-02
3.44957396E+00	-2.22003236E+00	1.16739287E-02	-2.67647551E-02
3.22733984E+00	-2.73350417E+00	1.16665256E-02	-2.68608050E-02
2.88793386E+00	-3.16858476E+00	1.16590808E-02	-2.69574244E-02
2.44541652E+00	-3.50435880E+00	1.16515938E-02	-2.70546190E-02
1.91841829E+00	-3.72327381E+00	1.16440644E-02	-2.71523946E-02
1.32944825E+00	-3.81208470E+00	1.16364920E-02	-2.72507570E-02
7.03989676E-01	-3.76264627E+00	1.16288762E-02	-2.73497120E-02
6.94147730E-02	-3.57250506E+00	1.16212168E-02	-2.74492656E-02
-5.46237944E-01	-3.24524896E+00	1.16135132E-02	-2.75494239E-02
-1.11556964E+00	-2.79058231E+00	1.16057651E-02	-2.76501930E-02
-1.61314862E+00	-2.22410685E+00	1.15979720E-02	-2.77515791E-02
-2.01679206E+00	-1.56680288E+00	1.15901335E-02	-2.78535886E-02
-2.30873277E+00	-8.44220939E-01	1.15822492E-02	-2.79562277E-02
-2.47660389E+00	-8.54108228E-02	1.15743186E-02	-2.80595030E-02
-2.51418008E+00	6.78369405E-01	1.15663413E-02	-2.81634211E-02
-2.42182395E+00	1.41510659E+00	1.15583169E-02	-2.82679885E-02
-2.20659987E+00	2.09357781E+00	1.15502450E-02	-2.83732121E-02
-1.88203410E+00	2.68490865E+00	1.15421249E-02	-2.84790988E-02
-1.46751935E+00	3.16405988E+00	1.15339564E-02	-2.85856554E-02
-9.87382220E-01	3.51115806E+00	1.15257389E-02	-2.86928890E-02
-4.69652274E-01	3.71258996E+00	1.15174720E-02	-2.88008068E-02
5.54088292E-02	3.76179055E+00	1.15091551E-02	-2.89094159E-02
5.56943169E-01	3.65966913E+00	1.15007878E-02	-2.90187239E-02
1.00520907E+00	3.41463671E+00	1.14923696E-02	-2.91287381E-02
1.37327365E+00	3.04221982E+00	1.14839000E-02	-2.92394661E-02
1.63858577E+00	2.56427009E+00	1.14753786E-02	-2.93509156E-02
1.78433322E+00	2.00780332E+00	1.14668047E-02	-2.94630943E-02
1.80049692E+00	1.40352551E+00	1.14581779E-02	-2.95760103E-02
1.68453048E+00	7.84124223E-01	1.14494976E-02	-2.96896715E-02
1.44161351E+00	1.82420929E-01	1.14407633E-02	-2.98040861E-02
1.08445189E+00	-3.70508639E-01	1.14319746E-02	-2.99192624E-02
6.32624862E-01	-8.47133431E-01	1.14231307E-02	-3.00352087E-02
1.11507436E-01	-1.22507440E+00	1.14142313E-02	-3.01519337E-02
-4.49176324E-01	-1.48841788E+00	1.14052757E-02	-3.02694458E-02
-1.01708866E+00	-1.62864826E+00	1.13962633E-02	-3.03877540E-02
-1.55920123E+00	-1.64513486E+00	1.13871937E-02	-3.05068671E-02
-2.04379041E+00	-1.54513447E+00	1.13780661E-02	-3.06267943E-02
-2.44238163E+00	-1.34330060E+00	1.13688801E-02	-3.07475446E-02
-2.73151977E+00	-1.06072221E+00	1.13596351E-02	-3.08691275E-02
-2.89425065E+00	-7.23544911E-01	1.13503303E-02	-3.09915525E-02
-2.92121459E+00	-3.61256089E-01	1.13409653E-02	-3.11148291E-02
-2.81127573E+00	-4.73865192E-03	1.13315394E-02	-3.12389672E-02
-2.57163918E+00	3.15784551E-01	1.13220520E-02	-3.13639767E-02
-2.21744001E+00	5.72784006E-01	1.13125024E-02	-3.14898677E-02
-1.77082253E+00	7.43301728E-01	1.13028900E-02	-3.16166506E-02
-1.25956143E+00	8.10549141E-01	1.12932142E-02	-3.17443356E-02
-7.15307493E-01	7.65115536E-01	1.12834743E-02	-3.18729335E-02
-1.71566660E-01	6.05701564E-01	1.12736695E-02	-3.20024549E-02
3.38459399E-01	3.39322124E-01	1.12637994E-02	-3.21329109E-02
7.84031844E-01	-1.90429121E-02	1.12538630E-02	-3.22643126E-02
1.13889069E+00	-4.47335419E-01	1.12438599E-02	-3.23966713E-02
1.38299394E+00	-9.17792576E-01	1.12337892E-02	-3.25299984E-02
1.50386165E+00	-1.39872341E+00	1.12236503E-02	-3.26643057E-02
1.49743155E+00	-1.85657637E+00	1.12134423E-02	-3.27996051E-02
1.36836348E+00	-2.25816481E+00	1.12031647E-02	-3.29359086E-02
1.12976630E+00	-2.57290474E+00	1.11928166E-02	-3.30732286E-02
8.02358752E-01	-2.77491629E+00	1.11823973E-02	-3.32115775E-02
4.13113626E-01	-2.84484730E+00	1.11719061E-02	-3.33509680E-02
-6.53005453E-03	-2.77129401E+00	1.11613420E-02	-3.34914132E-02
-4.22772468E-01	-2.55171918E+00	1.11507045E-02	-3.36329261E-02
-8.01739031E-01	-2.19279999E+00	1.11399926E-02	-3.37755202E-02
-1.11179647E+00	-1.71017569E+00	1.11292056E-02	-3.39192090E-02
-1.32574471E+00	-1.12760400E+00	1.11183427E-02	-3.40640064E-02
-1.42273717E+00	-4.75575325E-01	1.11074030E-02	-3.42099266E-02
-1.38979874E+00	2.10529944E-01	1.10963857E-02	-3.43569839E-02
-1.22283622E+00	8.92624592E-01	1.10852899E-02	-3.45051929E-02
-9.27069369E-01	1.53229793E+00	1.10741148E-02	-3.46545685E-02
-5.16848229E-01	2.09324486E+00	1.10628595E-02	-3.48051258E-02
-1.48633999E-02	2.54358191E+00	1.10515232E-02	-3.49568802E-02
5.49203834E-01	2.85789809E+00	1.10401048E-02	-3.51098476E-02
1.14050710E+00	3.01890484E+00	1.10286036E-02	-3.52640438E-02
1.72121979E+00	3.01857555E+00	1.10170186E-02	-3.54194851E-02
2.25293840E+00	2.85869791E+00	1.10053488E-02	-3.55761883E-02
2.69914856E+00	2.55080119E+00	1.09935933E-02	-3.57341700E-02
3.02759337E+00	2.11546132E+00	1.09817513E-02	-3.58934477E-02
3.21238958E+00	1.58102746E+00	1.09698215E-02	-3.60540388E-02
3.23575371E+00	9.81852066E-01	1.09578032E-02	-3.62159613E-02
3.08922554E+00	3.56138292E-01	1.09456953E-02	-3.63792334E-02
2.77430935E+00	-2.56456054E-01	1.09334968E-02	-3.65438736E-02
2.30249141E+00	-8.17303713E-01	1.09212066E-02	-3.67099009E-02
1.69463305E+00	-1.29122264E+00	1.09088238E-02	-3.68773347E-02
9.79778862E-01	-1.64866594E+00	1.08963472E-02	-3.70461947E-02
1.93457589E-01	-1.86754845E+00	1.08837759E-02	-3.72165009E-02
-6.24414756E-01	-1.93459577E+00	1.08711086E-02	-3.73882739E-02
-1.43189511E+00	-1.84613371E+00	1.08583444E-02	-3.75615346E-02
-2.18748689E+00	-1.60827268E+00	1.08454821E-02	-3.77363043E-02
-2.85257110E+00	-1.23648130E+00	1.08325205E-02	-3.79126048E-02
-3.39364398E+00	-7.54582691E-01	1.08194586E-02	-3.80904584E-02
-3.78422463E+00	-1.93243406E-01	1.08062952E-02	-3.82698876E-02
-4.00631888E+00	4.11943572E-01	1.07930292E-02	-3.84509158E-02
-4.05135619E+00	1.02265628E+00	1.07796592E-02	-3.86335665E-02
-3.92055095E+00	1.60018060E+00	1.07661842E-02	-3.88178639E-02
-3.62467689E+00	2.10773939E+00	1.07526029E-02	-3.90038327E-02
-3.18328066E+00	2.51267047E+00	1.07389140E-02	-3.91914981E-02
-2.62339506E+00	2.78832304E+00	1.07251164E-02	-3.93808858E-02
-1.97784208E+00	2.91556281E+00	1.07112088E-02	-3.95720221E-02
-1.28323906E+00	2.88380381E+00	1.06971898E-02	-3.97649340E-02
-5.77836222E-01	2.69151669E+00	1.06830582E-02	-3.99596489E-02
1.00679921E-01	2.34619712E+00	1.06688127E-02	-4.01561949E-02
7.17285246E-01	1.86381232E+00	1.06544520E-02	-4.03546009E-02
1.24149776E+00	1.26777474E+00	1.06399746E-02	-4.05548961E-02
1.64893554E+00	5.87519251E-01	1.06253793E-02	-4.07571107E-02
1.92247403E+00	-1.43218718E-01	1.06106647E-02	-4.09612754E-02
2.05295163E+00	-8.88312806E-01	1.05958293E-02	-4.11674218E-02
2.03940239E+00	-1.61122568E+00	1.05808718E-02	-4.13755820E-02
1.88882405E+00	-2.27694337E+00	1.05657907E-02	-4.15857891E-02
1.61551712E+00	-2.85375690E+00	1.05505846E-02	-4.17980769E-02
1.24005398E+00	-3.31479916E+00	1.05352520E-02	-4.20124800E-02
7.87955577E-01	-3.63926466E+00	1.05197915E-02	-4.22290338E-02
2.88165138E-01	-3.81326315E+00	1.05042016E-02	-4.24477746E-02
-2.28585824E-01	-3.83028219E+00	1.04884808E-02	-4.26687398E-02
-7.31424575E-01	-3.69125810E+00	1.04726275E-02	-4.28919675E-02
-1.19090935E+00	-3.40427676E+00	1.04566403E-02	-4.31174968E-02
-1.58044996E+00	-2.98394469E+00	1.04405176E-02	-4.33453679E-02
-1.87751537E+00	-2.45048521E+00	1.04242578E-02	-4.35756220E-02
-2.06458378E+00	-1.82862446E+00	1.04078593E-02	-4.38083013E-02
-2.12980936E+00	-1.14633663E+00	1.03913206E-02	-4.40434492E-02
-2.06739682E+00	-4.33517513E-01	1.03746401E-02	-4.42811104E-02
-1.87769116E+00	2.79348630E-01	1.03578162E-02	-4.45213304E-02
-1.56700291E+00	9.62471481E-01	1.03408473E-02	-4.47641564E-02
-1.14719887E+00	1.58793898E+00	1.03237317E-02	-4.50096365E-02
-6.35095131E-01	2.13076697E+00	1.03064678E-02	-4.52578205E-02
-5.16914021E-02	2.56978865E+00	1.02890539E-02	-4.55087594E-02
5.78713691E-01	2.88836857E+00	1.02714885E-02	-4.57625056E-02
1.22948956E+00	3.07493402E+00	1.02537699E-02	-4.60191133E-02
1.87268966E+00	3.12332358E+00	1.02358964E-02	-4.62786379E-02
2.48008804E+00	3.03295617E+00	1.02178663E-02	-4.65411366E-02
3.02421205E+00	2.80882654E+00	1.01996781E-02	-4.68066685E-02
3.47935025E+00	2.46133332E+00	1.01813301E-02	-4.70752943E-02
3.82251681E+00	2.00594520E+00	1.01628206E-02	-4.73470765E-02
4.03435344E+00	1.46271003E+00	1.01441480E-02	-4.76220796E-02
4.09994947E+00	8.55611301E-01	1.01253107E-02	-4.79003702E-02
4.00955770E+00	2.11777128E-01	1.01063070E-02	-4.81820170E-02
3.75918080E+00	-4.39450268E-01	1.00871355E-02	-4.84670909E-02
3.35100042E+00	-1.06757230E+00	1.00677944E-02	-4.87556651E-02
2.79361888E+00	-1.64209984E+00	1.00482823E-02	-4.90478153E-02
2.10208363E+00	-2.13379960E+00	1.00285977E-02	-4.93436195E-02
1.29766723E+00	-2.51598425E+00	1.00087391E-02	-4.96431587E-02
4.07381264E-01	-2.76579929E+00	9.98870498E-03	-4.99465165E-02
-5.36788093E-01	-2.86545103E+00	9.96849403E-03	-5.02537795E-02
-1.49892268E+00	-2.80331271E+00	9.94810488E-03	-5.05650375E-02
-2.44047770E+00	-2.57484193E+00	9.92753626E-03	-5.08803832E-02
-3.32181692E+00	-2.18324242E+00	9.90678696E-03	-5.11999131E-02
-4.10392683E+00	-1.63980817E+00	9.88585585E-03	-5.15237271E-02
-4.75024095E+00	-9.63897880E-01	9.86474187E-03	-5.18519289E-02
-5.22849030E+00	-1.82502887E-01	9.84344407E-03	-5.21846263E-02
-5.51248362E+00	6.70608314E-01	9.82196162E-03	-5.25219312E-02
-5.58371442E+00	1.55616212E+00	9.80029379E-03	-5.28639601E-02
-5.43269098E+00	2.43103552E+00	9.77844000E-03	-5.32108340E-02
-5.05989170E+00	3.25023562E+00	9.75639981E-03	-5.35626791E-02
-4.47626167E+00	3.96911751E+00	9.73417296E-03	-5.39196269E-02
-3.70318675E+00	4.54573243E+00	9.71175936E-03	-5.42818143E-02
-2.77190824E+00	4.94318086E+00	9.68915916E-03	-5.46493845E-02
-1.72237242E+00	5.13183466E+00	9.66637270E-03	-5.50224868E-02
-6.01543978E-01	5.09128995E+00	9.64340061E-03	-5.54012773E-02
5.38752748E-01	4.81191910E+00	9.62024379E-03	-5.57859193E-02
1.64436693E+00	4.29590598E+00	9.59690346E-03	-5.61765838E-02
2.66160176E+00	3.55767332E+00	9.57338120E-03	-5.65734499E-02
3.54009212E+00	2.62364308E+00	9.54967897E-03	-5.69767057E-02
4.23561451E+00	1.53130895E+00	9.52579916E-03	-5.73865485E-02
4.71265996E+00	3.27641861E-01	9.50174466E-03	-5.78031856E-02
4.94660628E+00	-9.33108145E-01	9.47751889E-03	-5.82268352E-02
4.92534376E+00	-2.19210920E+00	9.45312586E-03	-5.86577270E-02
4.65023548E+00	-3.38900393E+00	9.42857025E-03	-5.90961035E-02
4.13633013E+00	-4.46515592E+00	9.40385749E-03	-5.95422203E-02
3.41178891E+00	-5.36689875E+00	9.37899381E-03	-5.99963478E-02
2.51653545E+00	-6.04859262E+00	9.35398639E-03	-6.04587719E-02
1.50018725E+00	-6.47529871E+00	9.32884341E-03	-6.09297959E-02
4.19373935E-01	-6.62489893E+00	9.30357421E-03	-6.14097412E-02
-6.65410741E-01	-6.48951817E+00	9.27818943E-03	-6.18989497E-02
-1.69324216E+00	-6.07614577E+00	9.25270113E-03	-6.23977849E-02
-2.60628007E+00	-5.40640054E+00	9.22712299E-03	-6.29066343E-02
-3.35315203E+00	-4.51543615E+00	9.20147052E-03	-6.34259117E-02
-3.89199479E+00	-3.45003771E+00	9.17576127E-03	-6.39560592E-02
-4.19296063E+00	-2.26601269E+00	9.15001503E-03	-6.44975506E-02
-4.24002592E+00	-1.02502560E+00	9.12425432E-03	-6.50508942E-02
-4.03198043E+00	2.08936079E-01	9.09850449E-03	-6.56166364E-02
-3.58252636E+00	1.37325116E+00	9.07279427E-03	-6.61953658E-02
-2.91947143E+00	2.41028267E+00	9.04715609E-03	-6.67877179E-02
-2.08305823E+00	3.27069967E+00	9.02162663E-03	-6.73943810E-02
-1.12352758E+00	3.91629472E+00	8.99625816E-03	-6.80160944E-02
-9.80635615E-02	4.32211887E+00	8.97107226E-03	-6.86536718E-02
9.32690904E-01	4.47779848E+00	8.94614501E-03	-6.93080042E-02
1.90833045E+00	4.38794958E+00	8.92154032E-03	-6.99800222E-02
2.77236290E+00	4.07166301E+00	8.89730668E-03	-7.06708167E-02
3.47563164E+00	3.56109352E+00	8.87353970E-03	-7.13815324E-02
3.97926787E+00	2.89924361E+00	8.85033781E-03	-7.21134374E-02
4.25698544E+00	2.13708529E+00	8.82778884E-03	-7.28679457E-02
4.29657331E+00	1.33020598E+00	8.80602481E-03	-7.36466188E-02
4.10049272E+00	5.35195430E-01	8.78518469E-03	-7.44511916E-02
3.68554420E+00	-1.93992539E-01	8.76543577E-03	-7.52835983E-02
3.08163021E+00	-8.09468969E-01	8.74695774E-03	-7.61460138E-02
2.32969787E+00	-1.27240877E+00	8.72998080E-03	-7.70408837E-02
1.47899964E+00	-1.55542848E+00	8.71476425E-03	-7.79709533E-02
5.83853687E-01	-1.64419283E+00	8.70161275E-03	-7.89393647E-02
-2.99882527E-01	-1.53815177E+00	8.69088489E-03	-7.99496862E-02
-1.11839444E+00	-1.25036725E+00	8.68306542E-03	-8.10059935E-02
-1.82331512E+00	-8.06449163E-01	8.67857103E-03	-8.21129748E-02
-2.37473286E+00	-2.42678789E-01	8.67806465E-03	-8.32761797E-02
-2.74360985E+00	3.96549328E-01	8.68240103E-03	-8.45019007E-02
-2.91346068E+00	1.06179191E+00	8.69253708E-03	-8.57975595E-02
-2.88118971E+00	1.70192096E+00	8.70963380E-03	-8.71718066E-02
-2.65704299E+00	2.26756255E+00	8.73485278E-03	-8.86351885E-02
-2.26368921E+00	2.71438290E+00	8.77110405E-03	-9.01999018E-02
-1.73450200E+00	3.00600709E+00	8.82023609E-03	-9.18795314E-02
-1.11116738E+00	3.11638228E+00	8.88580012E-03	-9.36893779E-02
-4.40783741E-01	3.03143666E+00	8.97189910E-03	-9.56376908E-02
2.27347314E-01	2.74993392E+00	9.03120494E-03	-9.76398402E-02
8.45022972E-01	2.28347738E+00	8.97234100E-03	-1.00516999E-01
1.36831498E+00	1.65567552E+00	9.32363418E-03	-1.03115820E-01
1.76041182E+00	9.00535530E-01	9.61212265E-03	-1.06112533E-01
1.99394548E+00	6.02018398E-02	1.00437279E-02	-1.09473691E-01
2.05265820E+00	-8.17801728E-01	9.36856674E-03	-1.13091050E-01
1.93231108E+00	-1.68363769E+00	1.03777409E-02	-1.18602608E-01
1.64078832E+00	-2.48832270E+00	1.12060858E-02	-1.24500807E-01
1.19740558E+00	-3.18678871E+00	1.22808586E-02	-1.31893421E-01
6.31482976E-01	-3.74064002E+00	1.38796164E-02	-1.41546492E-01
-1.97084088E-02	-4.12043247E+00	1.64838799E-02	-1.54831752E-01
-7.13478987E-01	-4.30733681E+00	2.12347751E-02	-1.74613889E-01
-1.40455560E+00	-4.29409144E+00	3.16979361E-02	-2.07842608E-01
-2.04802652E+00	-4.08519931E+00	6.50162310E-02	-2.77914101E-01
-2.60220123E+00	-3.69637449E+00	3.85625292E-01	-4.67028410E-01
-3.03120012E+00	-3.15329344E+00	4.74587507E-02	6.29489219E-02
-3.30711175E+00	-2.48975055E+00	3.66043456E-01	-3.77947139E-01
-3.41158819E+00	-1.74535410E+00	1.02173042E-01	1.85135433E-01
-3.33678963E+00	-9.62925478E-01	2.96804798E-02	6.64577269E-02
-3.08563507E+00	-1.85779169E-01	1.59401613E-02	2.05481963E-02
-2.67136295E+00	5.44936145E-01	1.09373423E-02	-4.35309281E-03
-2.11645133E+00	1.19266494E+00	8.57235529E-03	-2.03072691E-02
-1.45098783E+00	1.72749091E+00	7.23461673E-03	-3.15931492E-02
-7.10613311E-01	2.12768223E+00	6.39881122E-03	-4.01096608E-02
6.58128855E-02	2.38065390E+00	5.79696851E-03	-4.68218615E-02
8.38664712E-01	2.48330662E+00	5.15079692E-03	-5.22272417E-02
1.56995492E+00	2.44174446E+00	4.99039171E-03	-5.82517396E-02
2.22553999E+00	2.27041503E+00	5.06500054E-03	-6.16422075E-02
2.77698929E+00	1.99075251E+00	4.82352788E-03	-6.51196820E-02
3.20301092E+00	1.62943402E+00	4.59265782E-03	-6.82796247E-02
3.49036043E+00	1.21638109E+00	3.95926241E-03	-7.13384475E-02
3.63419597E+00	7.82649696E-01	4.27233903E-03	-7.42008779E-02
3.63788220E+00	3.58353774E-01	4.11308972E-03	-7.66773112E-02
3.51228160E+00	-2.92414265E-02	3.85999384E-03	-7.92108989E-02
3.27460483E+00	-3.57337188E-01	3.82350422E-03	-8.14178165E-02
2.94691781E+00	-6.08836142E-01	3.68623707E-03	-8.36200979E-02
2.55442182E+00	-7.73130026E-01	3.44126599E-03	-8.56387804E-02
2.12363288E+00	-8.46409523E-01	3.32771358E-03	-8.78390536E-02
1.68058710E+00	-8.31499156E-01	3.12450692E-03	-8.98534898E-02
1.24919095E+00	-7.37252298E-01	3.08737200E-03	-9.17907384E-02
8.49819691E-01	-5.77569572E-01	3.00216341E-03	-9.36328641E-02
4.98244961E-01	-3.70126445E-01	2.86264875E-03	-9.53596833E-02
2.04946178E-01	-1.34911426E-01	2.77433977E-03	-9.70918120E-02
-2.51686155E-02	1.07315856E-01	2.62804658E-03	-9.85883960E-02
-1.92636188E-01	3.36537408E-01	2.59576028E-03	-1.00158173E-01
-3.02937038E-01	5.34858702E-01	2.77204514E-03	-1.01297493E-01
-3.65675030E-01	6.87671908E-01	2.73338332E-03	-1.02086203E-01
-3.93511909E-01	7.84532235E-01	3.46297316E-03	-1.02147084E-01
-4.00943729E-01	8.19702167E-01	4.99979658E-03	-1.00073182E-01
-4.03012399E-01	7.92343258E-01	8.88724417E-03	-9.06137651E-02
-4.14045041E-01	7.06360155E-01	-2.12090984E-02	-1.36499319E-02
-4.46506986E-01	5.69924742E-01	-4.94005354E-02	-1.38652053E-01
-5.10041931E-01	3.94728407E-01	-3.31074255E-02	-1.32475257E-01
-6.10756130E-01	1.95026073E-01	-4.32599656E-02	-1.31764642E-01
-7.50783977E-01	-1.34539029E-02	-1.14085026E-01	-2.10445694E-01
-9.28151436E-01	-2.14655029E-01	3.88304695E-02	-1.65836607E-01
-1.13693301E+00	-3.93315000E-01	1.81647274E-02	-1.48246763E-01
-1.36767880E+00	-5.35992795E-01	1.11198506E-02	-1.46141895E-01
-1.60807168E+00	-6.31938669E-01	7.58411093E-03	-1.46811707E-01
-1.84376212E+00	-6.73758892E-01	5.63833611E-03	-1.48880269E-01
-2.05931959E+00	-6.57843121E-01	4.27415490E-03	-1.50681676E-01
-2.23923560E+00	-5.84539204E-01	3.08089554E-03	-1.53334401E-01
-2.36891442E+00	-4.58076979E-01	2.47384740E-03	-1.56130744E-01
-2.43559165E+00	-2.86257984E-01	1.65567810E-03	-1.59064501E-01
-2.42912933E+00	-7.99410994E-02	1.03479193E-03	-1.62247797E-01
-2.34264683E+00	1.47635653E-01	3.42938710E-04	-1.65582375E-01
-2.17295891E+00	3.81650135E-01	-3.28196786E-04	-1.69184971E-01
-1.92080559E+00	6.06557521E-01	-8.63219370E-04	-1.73190489E-01
-1.59087085E+00	8.06967680E-01	-1.53596870E-03	-1.77226368E-01
-1.19159921E+00	9.68491001E-01	-1.72561413E-03	-1.81483115E-01
-7.34828934E-01	1.07851051E+00	-2.35991246E-03	-1.85854165E-01
-2.35268680E-01	1.12684534E+00	-2.91787651E-03	-1.90399043E-01
2.90150089E-01	1.10627877E+00	-3.53026468E-03	-1.95719891E-01
8.23009374E-01	1.01293302E+00	-4.02546485E-03	-2.00843717E-01
1.34419303E+00	8.46481254E-01	-4.63576299E-03	-2.06353549E-01
1.83469155E+00	6.10195244E-01	-5.29149942E-03	-2.12238711E-01
2.27638989E+00	3.10834193E-01	-5.99226419E-03	-2.18512711E-01
2.65280838E+00	-4.16144532E-02	-6.74052972E-03	-2.25211347E-01
2.94977087E+00	-4.34326675E-01	-7.46289630E-03	-2.32528477E-01
3.15597840E+00	-8.52147461E-01	-8.26305735E-03	-2.39983206E-01
3.26347128E+00	-1.27818947E+00	-9.28938240E-03	-2.48261043E-01
3.26796607E+00	-1.69450258E+00	-1.00634654E-02	-2.57413276E-01
3.16905805E+00	-2.08279118E+00	-1.11563032E-02	-2.66864356E-01
2.97028301E+00	-2.42515575E+00	-1.23389047E-02	-2.77710438E-01
2.67903547E+00	-2.70483460E+00	-1.35641718E-02	-2.89219015E-01
2.30634381E+00	-2.90692160E+00	-1.51652242E-02	-3.01762665E-01
1.86650607E+00	-3.01903533E+00	-1.63760554E-02	-3.16459467E-01
1.37659384E+00	-3.03191537E+00	-1.80674478E-02	-3.32312942E-01
8.55835988E-01	-2.93992126E+00	-2.00433650E-02	-3.50341928E-01
3.24898287E-01	-2.74141147E+00	-2.24612457E-02	-3.71685539E-01
-1.94919978E-01	-2.43898067E+00	-2.50141898E-02	-3.96679883E-01
-6.82546508E-01	-2.03953752E+00	-2.79972290E-02	-4.27320998E-01
-1.11802277E+00	-1.55420866E+00	-2.91725493E-02	-4.66989889E-01
-1.48338211E+00	-9.98061060E-01	-3.54513345E-02	-5.20796516E-01
-1.76348106E+00	-3.89641281E-01	-3.31477048E-02	-6.19530609E-01
-1.94674403E+00	2.49661055E-01	2.18717031E-01	-8.52579325E-01
-2.02578163E+00	8.96409575E-01	3.84057515E-01	-4.29648718E-01
-1.99784568E+00	1.52605165E+00	5.20272134E-02	-5.15910828E-01
-1.86508818E+00	2.11394838E+00	1.01219845E-01	-7.23715825E-01
-1.63459936E+00	2.63646109E+00	2.35325886E-01	-7.80911900E-01
-1.31820922E+00	3.07204456E+00	5.13167941E-02	-9.11460279E-01
-9.32048316E-01	3.40229297E+00	5.70534542E-01	-1.69915011E+00
-4.95876627E-01	3.61288255E+00	1.54869440E+00	-6.46097932E-01
-3.22025943E-02	3.69435661E+00	2.72942453E-01	-2.35206019E-01
4.34772202E-01	3.64270363E+00	5.06510932E-01	-1.05670562E+00
8.80335143E-01	3.45968714E+00	1.52100157E+00	-9.56072124E-01
1.28051367E+00	3.15289778E+00	1.70340357E+00	2.76724433E-01
1.61333029E+00	2.73551196E+00	9.16195288E-01	1.41913051E-01
1.85999251E+00	2.22575739E+00	9.06397303E-01	5.99699927E-02
2.00594910E+00	1.64610281E+00	7.49248884E-01	-1.34608731E-01
2.04174836E+00	1.02220599E+00	6.94323815E-01	6.00533950E-02
1.96364284E+00	3.81669609E-01	3.47237512E-01	4.74257571E-01
1.77389778E+00	-2.47331756E-01	1.48489568E-01	2.05152301E-01
1.48077586E+00	-8.37480660E-01	2.29918016E-01	-2.68114978E-02
1.09818977E+00	-1.36372268E+00	2.43500420E-01	-1.59913262E-01
6.45033044E-01	-1.80456892E+00	8.51989969E-01	-2.56608637E-01
1.44219593E-01	-2.14321860E+00	3.38554537E-01	2.62458528E-01
-3.78519340E-01	-2.36843359E+00	1.48621268E-01	8.47486701E-03
-8.96016180E-01	-2.47511019E+00	1.23980047E-01	-2.16152984E-01
-1.38114886E+00	-2.46451003E+00	3.48356385E-01	-5.68685507E-01
-1.80833857E+00	-2.34413211E+00	3.41892058E-01	-1.03664483E-02
-2.15497569E+00	-2.12722905E+00	3.39775604E-01	-5.44741845E-01
-2.40268894E+00	-1.83199254E+00	3.76367401E-01	-1.05963914E-01
-2.53838068E+00	-1.48045341E+00	4.25080762E-01	-4.37185298E-01
-2.55496476E+00	-1.09715982E+00	7.57452023E-01	-6.48311136E-01
-2.45176029E+00	-7.07711499E-01	4.55181428E-01	-4.00470113E-01
-2.23451541E+00	-3.37237418E-01	9.65409743E-01	-7.39456688E-01
-1.91505771E+00	-8.90870128E-03	1.10651948E+00	-4.38446073E-01
-1.51059061E+00	2.57423020E-01	2.12005413E+00	-7.73339802E-01
-1.04267725E+00	4.46378910E-01	2.25913220E+00	1.33692385E+00
-5.35972663E-01	5.47927503E-01	8.59476410E-01	9.40080380E-01
-1.67810644E-02	5.57927332E-01	7.36280661E-01	1.12854774E+00
4.88474203E-01	4.78304983E-01	4.62271419E-01	7.05661667E-01
9.54774816E-01	3.16858715E-01	3.14276051E-01	8.32693979E-01
1.35993300E+00	8.67012074E-02	2.00050946E-01	5.19654137E-01
1.68583203E+00	-1.94622403E-01	3.31104284E-01	4.27443505E-01
1.91940701E+00	-5.06284713E-01	3.87715103E-01	4.16795518E-01
2.05330793E+00	-8.25521355E-01	4.65473053E-01	7.13289687E-01
2.08620701E+00	-1.12908632E+00	1.26423811E-01	6.51335450E-01
2.02273499E+00	-1.39472571E+00	1.00070157E-01	4.27671896E-01
1.87305422E+00	-1.60257774E+00	1.49189965E-01	2.75622592E-01
1.65209945E+00	-1.73641202E+00	6.88884359E-01	3.31340218E-01
1.37853741E+00	-1.78463207E+00	2.66882267E-01	7.42220047E-01
1.07351388E+00	-1.74098049E+00	1.32445576E-01	5.57821109E-01
7.59269086E-01	-1.60490538E+00	1.13418568E-01	4.72029212E-01
4.57710128E-01	-1.38156878E+00	1.95189385E-01	2.94950526E-01
1.89030333E-01	-1.08150014E+00	1.80535352E-01	5.14778356E-01
-2.95384994E-02	-7.19920609E-01	9.47986540E-02	4.60205747E-01
-1.84764632E-01	-3.15783932E-01	6.73063341E-02	4.15636173E-01
-2.68183669E-01	1.09402583E-01	5.74969317E-02	3.84070469E-01
-2.76550613E-01	5.32901059E-01	5.33513045E-02	3.60203554E-01
-2.11953292E-01	9.32125751E-01	4.66295229E-02	3.40028399E-01
-8.15855061E-02	1.28599893E+00	4.43626467E-02	3.21981052E-01
1.02800274E-01	1.57619635E+00	4.17880929E-02	3.07788918E-01
3.25721008E-01	1.78820715E+00	3.97326183E-02	2.94397591E-01
5.69015320E-01	1.91214569E+00	3.81677226E-02	2.82035208E-01
8.13050168E-01	1.94326973E+00	3.69436513E-02	2.71096234E-01
1.03800387E+00	1.88217821E+00	3.58907701E-02	2.61207830E-01
1.22514403E+00	1.73468254E+00	3.49549235E-02	2.52164372E-01
1.35802099E+00	1.51136550E+00	3.41182006E-02	2.43838616E-01
1.42350404E+00	1.22686108E+00	3.33621506E-02	2.36130468E-01
1.41259912E+00	8.98904895E-01	3.26751176E-02	2.28964735E-01
1.32100151E+00	5.47217983E-01	3.20468824E-02	2.22277822E-01
1.14935429E+00	1.92295537E-01	3.14690117E-02	2.16018267E-01
9.03202352E-01	-1.45823881E-01	3.09344266E-02	2.10140556E-01
5.92650434E-01	-4.48733630E-01	3.04380725E-02	2.04607560E-01
2.31751741E-01	-7.00709191E-01	2.99753575E-02	1.99386742E-01
-1.62330603E-01	-8.89573105E-01	2.95423887E-02	1.94449828E-01
-5.70334253E-01	-1.00732736E+00	2.91360318E-02	1.89772258E-01
-9.72016498E-01	-1.05052138E+00	2.87535620E-02	1.85332361E-01
-1.34731244E+00	-1.02034057E+00	2.83927666E-02	1.81111088E-01
-1.67746323E+00	-9.22417713E-01	2.80514343E-02	1.77091413E-01
-1.94604874E+00	-7.66386178E-01	2.77279092E-02	1.73258162E-01
-2.13986679E+00	-5.65208455E-01	2.74206592E-02	1.69597754E-01
-2.24961173E+00	-3.34326295E-01	2.71283382E-02	1.66097974E-01
-2.27031853E+00	-9.06875851E-02	2.68497672E-02	1.62747819E-01
-2.20155338E+00	1.48289311E-01	2.65838684E-02	1.59537278E-01
-2.04734724E+00	3.65751331E-01	2.63297117E-02	1.56457289E-01
-1.81588380E+00	5.46386326E-01	2.60864515E-02	1.53499590E-01
-1.51896732E+00	6.77283792E-01	2.58533296E-02	1.50656635E-01
-1.17130741E+00	7.48634660E-01	2.56296615E-02	1.47921516E-01
-7.89667202E-01	7.54235045E-01	2.54148276E-02	1.45287893E-01
-3.91927205E-01	6.91771464E-01	2.52082654E-02	1.42749934E-01
3.87972128E-03	5.62878475E-01	2.50094626E-02	1.40302266E-01
3.80507712E-01	3.72973019E-01	2.48179513E-02	1.37939925E-01
7.22360401E-01	1.30882369E-01	2.46333030E-02	1.35658321E-01
1.01623193E+00	-1.51706383E-01	2.44551246E-02	1.33453197E-01
1.25189050E+00	-4.60938371E-01	2.42830544E-02	1.31320604E-01
1.42247879E+00	-7.81581105E-01	2.41167587E-02	1.29256868E-01
1.52471693E+00	-1.09786558E+00	2.39559296E-02	1.27258568E-01
1.55890537E+00	-1.39433029E+00	2.38002820E-02	1.25322514E-01
1.52873604E+00	-1.65662190E+00	2.36495509E-02	1.23445728E-01
1.44093062E+00	-1.87221073E+00	2.35034912E-02	1.21625421E-01
1.30473326E+00	-2.03098555E+00	2.33618741E-02	1.19858987E-01
1.13129200E+00	-2.12570048E+00	2.32244861E-02	1.18143979E-01
9.32967421E-01	-2.15225592E+00	2.30911287E-02	1.16478101E-01
7.22609673E-01	-2.10980522E+00	2.29616161E-02	1.14859197E-01
5.12844355E-01	-2.00068880E+00	2.28357735E-02	1.13285237E-01
3.15405786E-01	-1.83020643E+00	2.27134382E-02	1.11754311E-01
1.40551560E-01	-1.60624681E+00	2.25944572E-02	1.10264618E-01
-3.41360192E-03	-1.33880033E+00	2.24786861E-02	1.08814459E-01
-1.10483982E-01	-1.03938599E+00	2.23659869E-02	1.07402232E-01
-1.77156275E-01	-7.20426698E-01	2.22562346E-02	1.06026400E-01
-2.02485939E-01	-3.94608298E-01	2.21493131E-02	1.04685554E-01
-1.88000353E-01	-7.42570424E-02	2.20451110E-02	1.03378322E-01
-1.37480285E-01	2.29232458E-01	2.19435216E-02	1.02103433E-01
-5.66278428E-02	5.05890891E-01	2.18444152E-02	1.00859648E-01
4.73554991E-02	7.47567133E-01	2.17477615E-02	9.96458203E-02
1.66253320E-01	9.48204453E-01	2.16533591E-02	9.84608246E-02
2.91351395E-01	1.10399116E+00	2.15612358E-02	9.73037150E-02
4.13957290E-01	1.21338410E+00	2.14711830E-02	9.61730890E-02
5.25893292E-01	1.27701041E+00	2.13836209E-02	9.50688034E-02
6.19936236E-01	1.29745941E+00	2.12975114E-02	9.39894228E-02
6.90181836E-01	1.27898213E+00	2.12133052E-02	9.29338724E-02
7.32316298E-01	1.22712020E+00	2.11312060E-02	9.19015789E-02
7.43783861E-01	1.14828908E+00	2.10507821E-02	9.08915915E-02
7.23845328E-01	1.04934189E+00	2.09726275E-02	8.99038962E-02
6.73529047E-01	9.37140186E-01	2.08955027E-02	8.89370727E-02
5.95481953E-01	8.18156602E-01	2.08201034E-02	8.79904920E-02
4.93733826E-01	6.98131079E-01	2.07463905E-02	8.70635431E-02
3.73392508E-01	5.81798690E-01	2.06741837E-02	8.61556964E-02
2.40291271E-01	4.72701787E-01	2.06034418E-02	8.52664497E-02
1.00611651E-01	3.73093699E-01	2.05341002E-02	8.43949914E-02
-3.94943110E-02	2.83935290E-01	2.04661380E-02	8.35408987E-02
-1.74259232E-01	2.04979849E-01	2.03995465E-02	8.27035878E-02
-2.98611957E-01	1.34936410E-01	2.03342573E-02	8.18826464E-02
-4.08427953E-01	7.16969092E-02	2.02702152E-02	8.10775346E-02
-5.00705367E-01	1.26089856E-02	2.02073899E-02	8.02877970E-02
-5.73658733E-01	-4.52262066E-02	2.01457293E-02	7.95129370E-02
-6.26727873E-01	-1.04652817E-01	2.00852628E-02	7.87526016E-02
-6.60505119E-01	-1.68177025E-01	2.00258984E-02	7.80063432E-02
-6.76589291E-01	-2.37721158E-01	1.99676186E-02	7.72737627E-02
-6.77379462E-01	-3.14431687E-01	1.99103954E-02	7.65544812E-02
-6.65825247E-01	-3.98553475E-01	1.98541973E-02	7.58481294E-02
-6.45152845E-01	-4.89377812E-01	1.97989972E-02	7.51543528E-02
-6.18587232E-01	-5.85266483E-01	1.97447681E-02	7.44728102E-02
-5.89090619E-01	-6.83748712E-01	1.96914840E-02	7.38031732E-02
-5.59135706E-01	-7.81682732E-01	1.96391190E-02	7.31451249E-02
-5.30529307E-01	-8.75469254E-01	1.95876488E-02	7.24983585E-02
-5.04298003E-01	-9.61300576E-01	1.95370503E-02	7.18625796E-02
-4.80642732E-01	-1.03542671E+00	1.94873002E-02	7.12375037E-02
-4.58964049E-01	-1.09441890E+00	1.94383779E-02	7.06228544E-02
-4.37954562E-01	-1.13541127E+00	1.93902616E-02	7.00183689E-02
-4.15750080E-01	-1.15630318E+00	1.93429302E-02	6.94237897E-02
-3.90126754E-01	-1.15590782E+00	1.92963646E-02	6.88388689E-02
-3.58728154E-01	-1.13403663E+00	1.92505456E-02	6.82633667E-02
-3.19304139E-01	-1.09151407E+00	1.92054556E-02	6.76970516E-02
-2.69942586E-01	-1.03012211E+00	1.91610762E-02	6.71397014E-02
-2.09275760E-01	-9.52479463E-01	1.91173901E-02	6.65910980E-02
-1.36645100E-01	-8.61864863E-01	1.90743810E-02	6.60510323E-02
-5.22114624E-02	-7.61998207E-01	1.90320325E-02	6.55193013E-02
4.29979275E-02	-6.56796129E-01	1.89903292E-02	6.49957086E-02
1.47109668E-01	-5.50120485E-01	1.89492561E-02	6.44800641E-02
2.57490226E-01	-4.45538520E-01	1.89087984E-02	6.39721834E-02
3.70891457E-01	-3.46112502E-01	1.88689420E-02	6.34718879E-02
4.83644645E-01	-2.54234141E-01	1.88296734E-02	6.29790047E-02
5.91888374E-01	-1.71515575E-01	1.87909790E-02	6.24933658E-02
6.91812916E-01	-9.87442390E-02	1.87528461E-02	6.20148086E-02
7.79902547E-01	-3.59038761E-02	1.87152622E-02	6.15431752E-02
8.53157357E-01	1.77411929E-02	1.86782151E-02	6.10783126E-02
9.09277680E-01	6.35064117E-02	1.86416930E-02	6.06200719E-02
9.46797200E-01	1.03104139E-01	1.86056846E-02	6.01683092E-02
9.65154727E-01	1.38433183E-01	1.85701788E-02	5.97228841E-02
9.64699445E-01	1.71358447E-01	1.85351648E-02	5.92836609E-02
9.46629595E-01	2.03499189E-01	1.85006321E-02	5.88505072E-02
9.12869777E-01	2.36043662E-01	1.84665705E-02	5.84232949E-02
8.65896847E-01	2.69605833E-01	1.84329703E-02	5.80018991E-02
8.08528459E-01	3.04136471E-01	1.83998219E-02	5.75861986E-02
7.43691225E-01	3.38896566E-01	1.83671158E-02	5.71760756E-02
6.74187143E-01	3.72496013E-01	1.83348430E-02	5.67714155E-02
6.02477088E-01	4.02995211E-01	1.83029948E-02	5.63721068E-02
5.30498873E-01	4.28062104E-01	1.82715625E-02	5.59780411E-02
4.59534732E-01	4.45172598E-01	1.82405378E-02	5.55891129E-02
3.90139174E-01	4.51838623E-01	1.82099126E-02	5.52052196E-02
3.22133440E-01	4.45845638E-01	1.81796790E-02	5.48262612E-02
2.54667526E-01	4.25480318E-01	1.81498292E-02	5.44521405E-02
1.86345347E-01	3.89729600E-01	1.81203558E-02	5.40827628E-02
1.15403557E-01	3.38434174E-01	1.80912516E-02	5.37180358E-02
3.99301660E-02	2.72382747E-01	1.80625093E-02	5.33578697E-02
-4.18942475E-02	1.93337725E-01	1.80341221E-02	5.30021770E-02
-1.31551927E-01	1.03988081E-01	1.80060832E-02	5.26508724E-02
-2.29959723E-01	7.83060893E-03	1.79783861E-02	5.23038728E-02
-3.37276084E-01	-9.10137920E-02	1.79510243E-02	5.19610972E-02
-4.52759708E-01	-1.88037197E-01	1.79239916E-02	5.16224666E-02
-5.74692604E-01	-2.78619373E-01	1.78972819E-02	5.12879040E-02
-7.00375738E-01	-3.58321410E-01	1.78708893E-02	5.09573343E-02
-8.26200101E-01	-4.23177948E-01	1.78448079E-02	5.06306842E-02
-9.47790596E-01	-4.69967541E-01	1.78190322E-02	5.03078824E-02
-1.06021475E+00	-4.96442087E-01	1.77935566E-02	4.99888590E-02
-1.15824362E+00	-5.01498989E-01	1.77683757E-02	4.96735461E-02
-1.23664823E+00	-4.85283635E-01	1.77434843E-02	4.93618773E-02
-1.29051259E+00	-4.49214553E-01	1.77188772E-02	4.90537877E-02
-1.31554280E+00	-3.95928888E-01	1.76945495E-02	4.87492141E-02
-1.30835198E+00	-3.29151222E-01	1.76704962E-02	4.84480947E-02
-1.26670273E+00	-2.53493868E-01	1.76467126E-02	4.81503692E-02
-1.18969121E+00	-1.74201202E-01	1.76231940E-02	4.78559786E-02
-1.07786116E+00	-9.68540869E-02	1.75999359E-02	4.75648654E-02
-9.33240825E-01	-2.70527689E-02	1.75769338E-02	4.72769733E-02
-7.59300409E-01	2.99024290E-02	1.75541834E-02	4.69922474E-02
-5.60833162E-01	6.93135870E-02	1.75316804E-02	4.67106340E-02
-3.43767320E-01	8.73534469E-02	1.75094206E-02	4.64320806E-02
-1.14920405E-01	8.12847388E-02	1.74874000E-02	4.61565358E-02
1.18289780E-01	4.96193972E-02	1.74656147E-02	4.58839496E-02
3.48161117E-01	-7.78942956E-03	1.74440607E-02	4.56142729E-02
5.67033061E-01	-8.97253845E-02	1.74227343E-02	4.53474577E-02
7.67605744E-01	-1.93655537E-01	1.74016317E-02	4.50834572E-02
9.43237033E-01	-3.15840481E-01	1.73807493E-02	4.48222253E-02
1.08820451E+00	-4.51499600E-01	1.73600836E-02	4.45637174E-02
1.19792221E+00	-5.95020851E-01	1.73396310E-02	4.43078894E-02
1.26910512E+00	-7.40203064E-01	1.73193883E-02	4.40546983E-02
1.29987768E+00	-8.80518188E-01	1.72993519E-02	4.38041022E-02
1.28982552E+00	-1.00938132E+00	1.72795188E-02	4.35560599E-02
1.23999239E+00	-1.12041733E+00	1.72598856E-02	4.33105310E-02
1.15282604E+00	-1.20771456E+00	1.72404493E-02	4.30674762E-02
1.03207856E+00	-1.26605763E+00	1.72212069E-02	4.28268568E-02
8.82667043E-01	-1.29113366E+00	1.72021552E-02	4.25886350E-02
7.10500997E-01	-1.27970749E+00	1.71832914E-02	4.23527738E-02
5.22282324E-01	-1.22976323E+00	1.71646127E-02	4.21192369E-02
3.25283426E-01	-1.14061023E+00	1.71461161E-02	4.18879888E-02
1.27108225E-01	-1.01295230E+00	1.71277990E-02	4.16589947E-02
-6.45595253E-02	-8.48918756E-01	1.71096586E-02	4.14322205E-02
-2.42216460E-01	-6.52056176E-01	1.70916923E-02	4.12076328E-02
-3.98804010E-01	-4.27278903E-01	1.70738975E-02	4.09851988E-02
-5.27971964E-01	-1.80776387E-01	1.70562716E-02	4.07648865E-02
-6.24335111E-01	8.01247892E-02	1.70388122E-02	4.05466644E-02
-6.83715489E-01	3.47145858E-01	1.70215168E-02	4.03305017E-02
-7.03361249E-01	6.11288507E-01	1.70043831E-02	4.01163681E-02
-6.82131691E-01	8.63114195E-01	1.69874086E-02	3.99042341E-02
-6.20636951E-01	1.09306679E+00	1.69705910E-02	3.96940705E-02
-5.21320307E-01	1.29183217E+00	1.69539282E-02	3.94858489E-02
-3.88471485E-01	1.45072490E+00	1.69374179E-02	3.92795414E-02
-2.28160717E-01	1.56208879E+00	1.69210579E-02	3.90751205E-02
-4.80859235E-02	1.61969418E+00	1.69048461E-02	3.88725593E-02
1.42670937E-01	1.61911231E+00	1.68887803E-02	3.86718315E-02
3.33977488E-01	1.55804476E+00	1.68728587E-02	3.84729113E-02
5.15068109E-01	1.43658526E+00	1.68570790E-02	3.82757731E-02
6.75032125E-01	1.25739156E+00	1.68414394E-02	3.80803921E-02
8.03354359E-01	1.02574773E+00	1.68259379E-02	3.78867438E-02
8.90483627E-01	7.49501071E-01	1.68105726E-02	3.76948043E-02
9.28400008E-01	4.38863650E-01	1.67953417E-02	3.75045499E-02
9.11148272E-01	1.06075786E-01	1.67802432E-02	3.73159576E-02
8.35303396E-01	-2.35063080E-01	1.67652755E-02	3.71290047E-02
7.00334681E-01	-5.69781730E-01	1.67504367E-02	3.69436688E-02
5.08838050E-01	-8.83019544E-01	1.67357250E-02	3.67599282E-02
2.66611480E-01	-1.16017257E+00	1.67211389E-02	3.65777612E-02
-1.74438358E-02	-1.38786512E+00	1.67066766E-02	3.63971468E-02
-3.31604516E-01	-1.55470389E+00	1.66923365E-02	3.62180642E-02
-6.61785245E-01	-1.65196914E+00	1.66781169E-02	3.60404932E-02
-9.92163751E-01	-1.67419797E+00	1.66640162E-02	3.58644137E-02
-1.30594453E+00	-1.61961821E+00	1.66500330E-02	3.56898060E-02
-1.58622467E+00	-1.49039786E+00	1.66361657E-02	3.55166509E-02
-1.81691639E+00	-1.29268439E+00	1.66224127E-02	3.53449293E-02
-1.98367414E+00	-1.03641983E+00	1.66087726E-02	3.51746227E-02
-2.07477092E+00	-7.34930549E-01	1.65952439E-02	3.50057127E-02
-2.08186845E+00	-4.04305214E-01	1.65818253E-02	3.48381814E-02
-2.00062926E+00	-6.25879773E-02	1.65685152E-02	3.46720110E-02
-1.83112629E+00	2.71172821E-01	1.65553123E-02	3.45071842E-02
-1.57801614E+00	5.77969224E-01	1.65422153E-02	3.43436838E-02
-1.25045525E+00	8.39912147E-01	1.65292229E-02	3.41814931E-02
-8.61753628E-01	1.04127979E+00	1.65163336E-02	3.40205955E-02
-4.28777205E-01	1.16947134E+00	1.65035463E-02	3.38609749E-02
2.88741846E-02	1.21580489E+00	1.64908596E-02	3.37026151E-02
4.89870945E-01	1.17610622E+00	1.64782723E-02	3.35455006E-02
9.32284918E-01	1.05104657E+00	1.64657831E-02	3.33896159E-02
1.33478292E+00	8.46201899E-01	1.64533910E-02	3.32349457E-02
1.67781214E+00	5.71823338E-01	1.64410946E-02	3.30814752E-02
1.94470552E+00	2.42326058E-01	1.64288928E-02	3.29291896E-02
2.12263868E+00	-1.24477974E-01	1.64167845E-02	3.27780745E-02
2.20337767E+00	-5.08361223E-01	1.64047685E-02	3.26281157E-02
2.18376892E+00	-8.87819350E-01	1.63928437E-02	3.24792992E-02
2.06593809E+00	-1.24130004E+00	1.63810091E-02	3.23316111E-02
1.85718244E+00	-1.54844772E+00	1.63692635E-02	3.21850381E-02
1.56956031E+00	-1.79128797E+00	1.63576059E-02	3.20395666E-02
1.21920081E+00	-1.95527831E+00	1.63460352E-02	3.18951837E-02
8.25374251E-01	-2.03015993E+00	1.63345504E-02	3.17518764E-02
4.09379721E-01	-2.01055700E+00	1.63231506E-02	3.16096319E-02
-6.68228384E-03	-1.89628591E+00	1.63118346E-02	3.14684379E-02
-4.01176501E-01	-1.69235521E+00	1.63006016E-02	3.13282819E-02
-7.54160787E-01	-1.40865660E+00	1.62894506E-02	3.11891518E-02
-1.04849967E+00	-1.05936713E+00	1.62783805E-02	3.10510358E-02
-1.27079558E+00	-6.62101079E-01	1.62673906E-02	3.09139221E-02
-1.41208182E+00	-2.36866020E-01	1.62564798E-02	3.07777990E-02
-1.46823693E+00	1.95110415E-01	1.62456472E-02	3.06426553E-02
-1.44009853E+00	6.12608504E-01	1.62348920E-02	3.05084797E-02
-1.33327425E+00	9.95621987E-01	1.62242133E-02	3.03752611E-02
-1.15766713E+00	1.32646628E+00	1.62136102E-02	3.02429887E-02
-9.26750975E-01	1.59072183E+00	1.62030819E-02	3.01116517E-02
-6.56647161E-01	1.77795677E+00	1.61926275E-02	2.99812397E-02
-3.65066207E-01	1.88218855E+00	1.61822462E-02	2.98517422E-02
-7.01851910E-02	1.90206189E+00	1.61719372E-02	2.97231489E-02
2.10465224E-01	1.84073967E+00	1.61616996E-02	2.95954499E-02
4.61032772E-01	1.70552230E+00	1.61515327E-02	2.94686350E-02
6.68230327E-01	1.50722881E+00	1.61414358E-02	2.93426947E-02
8.22024634E-01	1.25938766E+00	1.61314080E-02	2.92176192E-02
9.16089018E-01	9.77296950E-01	1.61214485E-02	2.90933989E-02
9.47999211E-01	6.77020301E-01	1.61115567E-02	2.89700247E-02
9.19169525E-01	3.74387133E-01	1.61017318E-02	2.88474871E-02
8.34544483E-01	8.40633352E-02	1.60919731E-02	2.87257771E-02
7.02077324E-01	-1.81248944E-01	1.60822798E-02	2.86048858E-02
5.32040427E-01	-4.11434741E-01	1.60726513E-02	2.84848043E-02
3.36222741E-01	-5.99379557E-01	1.60630869E-02	2.83655239E-02
1.27075069E-01	-7.41155198E-01	1.60535858E-02	2.82470360E-02
-8.31346927E-02	-8.35977798E-01	1.60441474E-02	2.81293322E-02
-2.83097643E-01	-8.85953971E-01	1.60347711E-02	2.80124041E-02
-4.63120018E-01	-8.95645687E-01	1.60254562E-02	2.78962435E-02
-6.15619201E-01	-8.71496307E-01	1.60162020E-02	2.77808422E-02
-7.35433002E-01	-8.21168512E-01	1.60070079E-02	2.76661923E-02
-8.19930769E-01	-7.52849060E-01	1.59978733E-02	2.75522859E-02
-8.68930339E-01	-6.74575168E-01	1.59887975E-02	2.74391152E-02
-8.84439467E-01	-5.93633046E-01	1.59797799E-02	2.73266726E-02
-8.70252972E-01	-5.16071063E-01	1.59708201E-02	2.72149505E-02
-8.31446649E-01	-4.46358992E-01	1.59619172E-02	2.71039414E-02
-7.73815193E-01	-3.87211669E-01	1.59530708E-02	2.69936379E-02
-7.03303630E-01	-3.39581270E-01	1.59442803E-02	2.68840329E-02
-6.25480019E-01	-3.02808468E-01	1.59355451E-02	2.67751192E-02
-5.45091625E-01	-2.74909998E-01	1.59268647E-02	2.66668897E-02
-4.65737996E-01	-2.52969657E-01	1.59182384E-02	2.65593374E-02
-3.89683122E-01	-2.33592324E-01	1.59096658E-02	2.64524555E-02
-3.17816110E-01	-2.13376635E-01	1.59011463E-02	2.63462372E-02
-2.49756632E-01	-1.89361846E-01	1.58926793E-02	2.62406758E-02
-1.84088876E-01	-1.59408005E-01	1.58842644E-02	2.61357647E-02
-1.18696863E-01	-1.22475556E-01	1.58759011E-02	2.60314975E-02
-5.11656605E-02	-7.87801442E-02	1.58675887E-02	2.59278676E-02
2.07921232E-02	-2.98100374E-02	1.58593269E-02	2.58248688E-02
9.89267894E-02	2.17939833E-02	1.58511150E-02	2.57224948E-02
1.84099106E-01	7.24840406E-02	1.58429527E-02	2.56207394E-02
2.76019653E-01	1.18152520E-01	1.58348394E-02	2.55195966E-02
3.73106200E-01	1.54548929E-01	1.58267747E-02	2.54190602E-02
4.72474722E-01	1.77727598E-01	1.58187580E-02	2.53191245E-02
5.70067673E-01	1.84484653E-01	1.58107890E-02	2.52197835E-02
6.60910894E-01	1.72743409E-01	1.58028670E-02	2.51210315E-02
7.39478969E-01	1.41851465E-01	1.57949918E-02	2.50228627E-02
8.00138957E-01	9.27601605E-02	1.57871629E-02	2.49252715E-02
8.37635123E-01	2.80668724E-02	1.57793797E-02	2.48282524E-02
8.47572991E-01	-4.80877610E-02	1.57716419E-02	2.47317998E-02
8.26860349E-01	-1.30263265E-01	1.57639490E-02	2.46359084E-02
7.74065602E-01	-2.12086903E-01	1.57563007E-02	2.45405728E-02
6.89660047E-01	-2.86718072E-01	1.57486964E-02	2.44457876E-02
5.76119637E-01	-3.47373512E-01	1.57411357E-02	2.43515478E-02
4.37872940E-01	-3.87871553E-01	1.57336184E-02	2.42578481E-02
2.81094375E-01	-4.03151186E-01	1.57261438E-02	2.41646834E-02
1.13354411E-01	-3.89722932E-01	1.57187118E-02	2.40720488E-02
-5.68497471E-02	-3.46013166E-01	1.57113217E-02	2.39799392E-02
-2.20649408E-01	-2.72571444E-01	1.57039734E-02	2.38883498E-02
-3.69404491E-01	-1.72120764E-01	1.56966663E-02	2.37972757E-02
-4.95303077E-01	-4.94429082E-02	1.56894000E-02	2.37067121E-02
-5.91914294E-01	8.88960984E-02	1.56821743E-02	2.36166544E-02
-6.54651339E-01	2.34962650E-01	1.56749888E-02	2.35270978E-02
-6.81107788E-01	3.79985157E-01	1.56678430E-02	2.34380377E-02
-6.71239715E-01	5.14958152E-01	1.56607366E-02	2.33494696E-02
-6.27377683E-01	6.31276136E-01	1.56536693E-02	2.32613890E-02
-5.54065664E-01	7.21349539E-01	1.56466407E-02	2.31737915E-02
-4.57737180E-01	7.79155960E-01	1.56396504E-02	2.30866726E-02
-3.46251570E-01	8.00684344E-01	1.56326981E-02	2.30000281E-02
-2.28324195E-01	7.84237538E-01	1.56257835E-02	2.29138536E-02
-1.12892717E-01	7.30569182E-01	1.56189061E-02	2.28281449E-02
-8.46677046E-03	6.42843389E-01	1.56120658E-02	2.27428978E-02
7.74901679E-02	5.26419026E-01	1.56052621E-02	2.26581082E-02
1.39100112E-01	3.88473809E-01	1.55984948E-02	2.25737720E-02
1.72490343E-01	2.37495631E-01	1.55917634E-02	2.24898852E-02
1.76061860E-01	8.26787341E-02	1.55850678E-02	2.24064438E-02
1.50586150E-01	-6.67303490E-02	1.55784075E-02	2.23234438E-02
9.91230002E-02	-2.02088235E-01	1.55717822E-02	2.22408813E-02
2.67656466E-02	-3.15962509E-01	1.55651918E-02	2.21587526E-02
-5.97672648E-02	-4.02646475E-01	1.55586357E-02	2.20770537E-02
-1.52661778E-01	-4.58542461E-01	1.55521139E-02	2.19957810E-02
-2.43620361E-01	-4.82385249E-01	1.55456258E-02	2.19149306E-02
-3.24508642E-01	-4.75289395E-01	1.55391713E-02	2.18344990E-02
-3.87987891E-01	-4.40617537E-01	1.55327501E-02	2.17544825E-02
-4.28085114E-01	-3.83680418E-01	1.55263619E-02	2.16748775E-02
-4.40657432E-01	-3.11292086E-01	1.55200064E-02	2.15956804E-02
-4.23715523E-01	-2.31214660E-01	1.55136832E-02	2.15168878E-02
-3.77581691E-01	-1.51535382E-01	1.55073923E-02	2.14384961E-02
-3.04870735E-01	-8.00236656E-02	1.55011331E-02	2.13605020E-02
-2.10295313E-01	-2.35172382E-02	1.54949056E-02	2.12829020E-02
-1.00310793E-01	1.26158794E-02	1.54887094E-02	2.12056929E-02
1.73732239E-02	2.48987527E-02	1.54825442E-02	2.11288711E-02
1.34377479E-01	1.20184506E-02	1.54764099E-02	2.10524336E-02
2.42289311E-01	-2.50699306E-02	1.54703061E-02	2.09763771E-02
3.33302362E-01	-8.32156694E-02	1.54642325E-02	2.09006982E-02
4.00811378E-01	-1.57315374E-01	1.54581890E-02	2.08253940E-02
4.39917269E-01	-2.40707698E-01	1.54521753E-02	2.07504611E-02
4.47804529E-01	-3.25689612E-01	1.54461911E-02	2.06758966E-02
4.23962811E-01	-4.04114913E-01	1.54402361E-02	2.06016974E-02
3.70236301E-01	-4.68029621E-01	1.54343103E-02	2.05278604E-02
2.90697506E-01	-5.10296255E-01	1.54284132E-02	2.04543826E-02
1.91355221E-01	-5.25160045E-01	1.54225446E-02	2.03812610E-02
7.97188104E-02	-5.08714644E-01	1.54167044E-02	2.03084928E-02
-3.57485012E-02	-4.59232627E-01	1.54108923E-02	2.02360750E-02
-1.46246511E-01	-3.77336321E-01	1.54051081E-02	2.01640047E-02
-2.43279369E-01	-2.65996511E-01	1.53993515E-02	2.00922791E-02
-3.19274091E-01	-1.30359415E-01	1.53936223E-02	2.00208954E-02
-3.68131052E-01	2.25849805E-02	1.53879203E-02	1.99498508E-02
-3.85666631E-01	1.84468496E-01	1.53822453E-02	1.98791426E-02
-3.69916453E-01	3.46109885E-01	1.53765970E-02	1.98087680E-02
-3.21278248E-01	4.98138122E-01	1.53709753E-02	1.97387243E-02
-2.42485275E-01	6.31628601E-01	1.53653798E-02	1.96690089E-02
-1.38413794E-01	7.38706531E-01	1.53598105E-02	1.95996191E-02
-1.57400872E-02	8.13074730E-01	1.53542671E-02	1.95305523E-02
1.17526662E-01	8.50429031E-01	1.53487494E-02	1.94618060E-02
2.52600730E-01	8.48733197E-01	1.53432572E-02	1.93933775E-02
3.80524570E-01	8.08335781E-01	1.53377903E-02	1.93252644E-02
4.92778209E-01	7.31923098E-01	1.53323485E-02	1.92574642E-02
5.81850056E-01	6.24314358E-01	1.53269315E-02	1.91899743E-02
6.41729486E-01	4.92116272E-01	1.53215393E-02	1.91227924E-02
6.68287988E-01	3.43264155E-01	1.53161715E-02	1.90559159E-02
6.59524450E-01	1.86484126E-01	1.53108281E-02	1.89893426E-02
6.15660463E-01	3.07158271E-02	1.53055088E-02	1.89230700E-02
5.39082690E-01	-1.15463072E-01	1.53002134E-02	1.88570958E-02
4.34140413E-01	-2.44370571E-01	1.52949418E-02	1.87914176E-02
3.06816579E-01	-3.49676371E-01	1.52896937E-02	1.87260331E-02
1.64299187E-01	-4.26751031E-01	1.52844690E-02	1.86609401E-02
1.44862567E-02	-4.72887688E-01	1.52792675E-02	1.85961364E-02
-1.34538747E-01	-4.87385629E-01	1.52740891E-02	1.85316196E-02
-2.75023259E-01	-4.71495373E-01	1.52689334E-02	1.84673876E-02
-4.00017950E-01	-4.28234959E-01	1.52638005E-02	1.84034381E-02
-5.03773826E-01	-3.62096066E-01	1.52586900E-02	1.83397690E-02
-5.82039595E-01	-2.78665896E-01	1.52536018E-02	1.82763783E-02
-6.32243071E-01	-1.84195739E-01	1.52485358E-02	1.82132636E-02
-6.53549642E-01	-8.51497265E-02	1.52434918E-02	1.81504230E-02
-6.46800124E-01	1.22328688E-02	1.52384696E-02	1.80878544E-02
-6.14339167E-01	1.02331014E-01	1.52334691E-02	1.80255556E-02
-5.59752925E-01	1.80465060E-01	1.52284900E-02	1.79635247E-02
-4.87540550E-01	2.43130346E-01	1.52235323E-02	1.79017596E-02
-4.02747699E-01	2.88129787E-01	1.52185957E-02	1.78402584E-02
-3.10591613E-01	3.14602268E-01	1.52136802E-02	1.77790190E-02
-2.16106250E-01	3.22951917E-01	1.52087855E-02	1.77180395E-02
-1.23832742E-01	3.14690682E-01	1.52039115E-02	1.76573179E-02
-3.75753769E-02	2.92212746E-01	1.51990580E-02	1.75968524E-02
3.97631210E-02	2.58523584E-01	1.51942249E-02	1.75366410E-02
1.06260453E-01	2.16948691E-01	1.51894121E-02	1.74766818E-02
1.60968589E-01	1.70847135E-01	1.51846194E-02	1.74169730E-02
2.03830368E-01	1.23353078E-01	1.51798465E-02	1.73575127E-02
2.35532577E-01	7.71646155E-02	1.51750935E-02	1.72982991E-02
2.57313759E-01	3.43940598E-02	1.51703602E-02	1.72393303E-02
2.70747711E-01	-3.51240404E-03	1.51656463E-02	1.71806046E-02
2.77524453E-01	-3.57843115E-02	1.51609518E-02	1.71221202E-02
2.79249333E-01	-6.22707676E-02	1.51562765E-02	1.70638754E-02
2.77278051E-01	-8.33292116E-02	1.51516203E-02	1.70058683E-02
2.72601056E-01	-9.96742262E-02	1.51469831E-02	1.69480972E-02
2.65785408E-01	-1.12204460E-01	1.51423646E-02	1.68905605E-02
2.56976336E-01	-1.21826933E-01	1.51377648E-02	1.68332565E-02
2.45954816E-01	-1.29297383E-01	1.51331836E-02	1.67761833E-02
2.32242153E-01	-1.35093062E-01	1.51286208E-02	1.67193395E-02
2.15238166E-01	-1.39330599E-01	1.51240762E-02	1.66627233E-02
1.94376569E-01	-1.41736787E-01	1.51195497E-02	1.66063332E-02
1.69279700E-01	-1.41674659E-01	1.51150413E-02	1.65501674E-02
1.39895018E-01	-1.38221664E-01	1.51105508E-02	1.64942244E-02
1.06597708E-01	-1.30291525E-01	1.51060780E-02	1.64385025E-02
7.02470948E-02	-1.16786981E-01	1.51016228E-02	1.63830003E-02
3.21890849E-02	-9.67674700E-02	1.50971851E-02	1.63277162E-02
-5.79792344E-03	-6.96140965E-02	1.50927648E-02	1.62726486E-02
-4.16107045E-02	-3.51742411E-02	1.50883618E-02	1.62177959E-02
-7.29742416E-02	6.13027663E-03	1.50839759E-02	1.61631567E-02
-9.76273590E-02	5.32444519E-02	1.50796070E-02	1.61087295E-02
-1.13524721E-01	1.04479426E-01	1.50752550E-02	1.60545127E-02
-1.19036926E-01	1.57573391E-01	1.50709198E-02	1.60005049E-02
-1.13129982E-01	2.09811987E-01	1.50666012E-02	1.59467046E-02
-9.55066757E-02	2.58200635E-01	1.50622992E-02	1.58931105E-02
-6.66951153E-02	2.99676304E-01	1.50580136E-02	1.58397209E-02
-2.80738575E-02	3.31342273E-01	1.50537443E-02	1.57865346E-02
1.81718505E-02	3.50706846E-01	1.50494912E-02	1.57335501E-02
6.91624729E-02	3.55905923E-01	1.50452542E-02	1.56807659E-02
1.21499183E-01	3.45889996E-01	1.50410332E-02	1.56281808E-02
1.71489966E-01	3.20558431E-01	1.50368280E-02	1.55757934E-02
2.15410745E-01	2.80827641E-01	1.50326386E-02	1.55236022E-02
2.49782069E-01	2.28624759E-01	1.50284648E-02	1.54716059E-02
2.71640037E-01	1.66804138E-01	1.50243066E-02	1.54198033E-02
2.78779993E-01	9.89901199E-02	1.50201638E-02	1.53681929E-02
2.69953039E-01	2.93554441E-02	1.50160364E-02	1.53167735E-02
2.44998628E-01	-3.76500043E-02	1.50119242E-02	1.52655437E-02
2.04901034E-01	-9.76011770E-02	1.50078271E-02	1.52145023E-02
1.51763095E-01	-1.46408791E-01	1.50037450E-02	1.51636480E-02
8.86968313E-02	-1.80616236E-01	1.49996778E-02	1.51129795E-02
1.96368766E-02	-1.97660057E-01	1.49956255E-02	1.50624955E-02
-5.09114022E-02	-1.96073911E-01	1.49915879E-02	1.50121949E-02
-1.18172057E-01	-1.75619765E-01	1.49875648E-02	1.49620763E-02
-1.77426067E-01	-1.37335231E-01	1.49835563E-02	1.49121386E-02
-2.24342928E-01	-8.34919814E-02	1.49795623E-02	1.48623805E-02
-2.55292389E-01	-1.74666639E-02	1.49755825E-02	1.48128008E-02
-2.67613599E-01	5.64678628E-02	1.49716170E-02	1.47633984E-02
-2.59821721E-01	1.33417250E-01	1.49676656E-02	1.47141720E-02
-2.31736455E-01	2.08187726E-01	1.49637283E-02	1.46651205E-02
-1.84522391E-01	2.75633336E-01	1.49598049E-02	1.46162427E-02
-1.20637377E-01	3.31004247E-01	1.49558954E-02	1.45675375E-02
-4.36916370E-02	3.70271817E-01	1.49519996E-02	1.45190037E-02
4.17732830E-02	3.90407691E-01	1.49481175E-02	1.44706402E-02
1.30570967E-01	3.89597425E-01	1.49442490E-02	1.44224458E-02
2.17202596E-01	3.67373684E-01	1.49403940E-02	1.43744195E-02
2.96212852E-01	3.24659782E-01	1.49365524E-02	1.43265601E-02
3.62545074E-01	2.63720534E-01	1.49327241E-02	1.42788666E-02
4.11871665E-01	1.88023887E-01	1.49289090E-02	1.42313378E-02
4.40877549E-01	1.02022890E-01	1.49251071E-02	1.41839727E-02
4.47477893E-01	1.08729996E-02	1.49213182E-02	1.41367703E-02
4.30955939E-01	-7.98960419E-02	1.49175423E-02	1.40897293E-02
3.92012389E-01	-1.64731598E-01	1.49137793E-02	1.40428489E-02
3.32723852E-01	-2.38409396E-01	1.49100291E-02	1.39961279E-02
2.56414040E-01	-2.96361562E-01	1.49062916E-02	1.39495653E-02
1.67447146E-01	-3.34960315E-01	1.49025668E-02	1.39031602E-02
7.09578813E-02	-3.51739532E-01	1.48988545E-02	1.38569114E-02
-2.74634891E-02	-3.45540892E-01	1.48951547E-02	1.38108179E-02
-1.22110184E-01	-3.16576593E-01	1.48914673E-02	1.37648789E-02
-2.07500057E-01	-2.66406315E-01	1.48877922E-02	1.37190932E-02
-2.78697329E-01	-1.97831766E-01	1.48841294E-02	1.36734599E-02
-3.31595287E-01	-1.14717413E-01	1.48804787E-02	1.36279780E-02
-3.63143440E-01	-2.17505165E-02	1.48768401E-02	1.35826466E-02
-3.71506784E-01	7.58429808E-02	1.48732135E-02	1.35374647E-02
-3.56149568E-01	1.72607921E-01	1.48695988E-02	1.34924313E-02
-3.17841073E-01	2.63175086E-01	1.48659960E-02	1.34475455E-02
-2.58585900E-01	3.42562843E-01	1.48624049E-02	1.34028063E-02
-1.81485873E-01	4.06447780E-01	1.48588256E-02	1.33582129E-02
-9.05445632E-02	4.51389582E-01	1.48552579E-02	1.33137642E-02
9.57159638E-03	4.74998985E-01	1.48517017E-02	1.32694595E-02
1.13799774E-01	4.76041703E-01	1.48481571E-02	1.32252977E-02
2.16958186E-01	4.54475523E-01	1.48446238E-02	1.31812780E-02
3.14018339E-01	4.11421949E-01	1.48411019E-02	1.31373995E-02
4.00357248E-01	3.49077521E-01	1.48375913E-02	1.30936613E-02
4.71977060E-01	2.70573165E-01	1.48340918E-02	1.30500625E-02
5.25682326E-01	1.79792259E-01	1.48306035E-02	1.30066022E-02
5.59208384E-01	8.11596262E-02	1.48271262E-02	1.29632797E-02
5.71297626E-01	-2.05857413E-02	1.48236600E-02	1.29200939E-02
5.61723578E-01	-1.20621706E-01	1.48202046E-02	1.28770441E-02
5.31265552E-01	-2.14266213E-01	1.48167601E-02	1.28341295E-02
4.81638974E-01	-2.97182807E-01	1.48133264E-02	1.27913491E-02
4.15388163E-01	-3.65560473E-01	1.48099034E-02	1.27487022E-02
3.35749426E-01	-4.16262075E-01	1.48064911E-02	1.27061879E-02
2.46492750E-01	-4.46937829E-01	1.48030893E-02	1.26638054E-02
1.51750251E-01	-4.56102286E-01	1.47996981E-02	1.26215539E-02
5.58389226E-02	-4.43175072E-01	1.47963173E-02	1.25794326E-02
-3.69156244E-02	-4.08486950E-01	1.47929470E-02	1.25374407E-02
-1.22348832E-01	-3.53253760E-01	1.47895869E-02	1.24955774E-02
-1.96615744E-01	-2.79521339E-01	1.47862372E-02	1.24538419E-02
-2.56334868E-01	-1.90084719E-01	1.47828976E-02	1.24122334E-02
-2.98714584E-01	-8.83849033E-02	1.47795682E-02	1.23707512E-02
-3.21659862E-01	2.16136677E-02	1.47762488E-02	1.23293944E-02
-3.23857352E-01	1.35562011E-01	1.47729395E-02	1.22881623E-02
-3.04836999E-01	2.48879024E-01	1.47696401E-02	1.22470542E-02
-2.65008277E-01	3.56914492E-01	1.47663506E-02	1.22060694E-02
-2.05669088E-01	4.55119470E-01	1.47630710E-02	1.21652069E-02
-1.28985322E-01	5.39220251E-01	1.47598011E-02	1.21244662E-02
-3.79393231E-02	6.05391459E-01	1.47565410E-02	1.20838464E-02
6.37540604E-02	6.50422893E-01	1.47532905E-02	1.20433469E-02
1.71764311E-01	6.71873951E-01	1.47500496E-02	1.20029669E-02
2.81294215E-01	6.68208690E-01	1.47468183E-02	1.19627057E-02
3.87258691E-01	6.38904129E-01	1.47435965E-02	1.19225626E-02
4.84489294E-01	5.84524351E-01	1.47403840E-02	1.18825369E-02
5.67958258E-01	5.06753388E-01	1.47371810E-02	1.18426279E-02
6.33013852E-01	4.08380955E-01	1.47339873E-02	1.18028348E-02
6.75617008E-01	2.93236750E-01	1.47308028E-02	1.17631570E-02
6.92567662E-01	1.66071292E-01	1.47276276E-02	1.17235938E-02
6.81708303E-01	3.23840539E-02	1.47244615E-02	1.16841445E-02
6.42091993E-01	-1.01797247E-01	1.47213045E-02	1.16448085E-02
5.74102671E-01	-2.30179066E-01	1.47181565E-02	1.16055850E-02
4.79517079E-01	-3.46495777E-01	1.47150175E-02	1.15664734E-02
3.61499936E-01	-4.44821497E-01	1.47118875E-02	1.15274730E-02
2.24527187E-01	-5.19884389E-01	1.47087664E-02	1.14885832E-02
7.42359488E-02	-5.67366325E-01	1.47056540E-02	1.14498033E-02
-8.27959703E-02	-5.84170184E-01	1.47025505E-02	1.14111327E-02
-2.39333646E-01	-5.68637652E-01	1.46994557E-02	1.13725707E-02
-3.87820059E-01	-5.20702055E-01	1.46963696E-02	1.13341167E-02
-5.20747000E-01	-4.41963581E-01	1.46932921E-02	1.12957700E-02
-6.31043128E-01	-3.35678086E-01	1.46902231E-02	1.12575301E-02
-7.12458236E-01	-2.06655331E-01	1.46871627E-02	1.12193962E-02
-7.59921820E-01	-6.10676880E-02	1.46841108E-02	1.11813678E-02
-7.69854345E-01	9.38242148E-02	1.46810673E-02	1.11434443E-02
-7.40411373E-01	2.50017129E-01	1.46780322E-02	1.11056250E-02
-6.71643755E-01	3.99165496E-01	1.46750054E-02	1.10679093E-02
-5.65561349E-01	5.33015829E-01	1.46719868E-02	1.10302967E-02
-4.26092967E-01	6.43851675E-01	1.46689765E-02	1.09927865E-02
-2.58941134E-01	7.24924157E-01	1.46659744E-02	1.09553782E-02
-7.13364173E-02	7.70843074E-01	1.46629805E-02	1.09180710E-02
1.28297812E-01	7.77905068E-01	1.46599946E-02	1.08808646E-02
3.30753726E-01	7.44338415E-01	1.46570167E-02	1.08437582E-02
5.26499298E-01	6.70448391E-01	1.46540469E-02	1.08067513E-02
7.06165745E-01	5.58652614E-01	1.46510850E-02	1.07698433E-02
8.61035295E-01	4.13402037E-01	1.46481310E-02	1.07330336E-02
9.83501960E-01	2.40989892E-01	1.46451849E-02	1.06963218E-02
1.06747910E+00	4.92574527E-02	1.46422465E-02	1.06597072E-02
1.10873042E+00	-1.52788341E-01	1.46393160E-02	1.06231892E-02
1.10510506E+00	-3.55425086E-01	1.46363932E-02	1.05867673E-02
1.05666323E+00	-5.48708508E-01	1.46334780E-02	1.05504410E-02
9.65684493E-01	-7.22982372E-01	1.46305705E-02	1.05142097E-02
8.36558274E-01	-8.69376569E-01	1.46276706E-02	1.04780729E-02
6.75562271E-01	-9.80265916E-01	1.46247782E-02	1.04420299E-02
4.90541314E-01	-1.04966447E+00	1.46218933E-02	1.04060804E-02
2.90504625E-01	-1.07353397E+00	1.46190159E-02	1.03702237E-02
8.51640234E-02	-1.04998996E+00	1.46161459E-02	1.03344594E-02
-1.15561265E-01	-9.79395220E-01	1.46132833E-02	1.02987868E-02
-3.02045934E-01	-8.64336488E-01	1.46104281E-02	1.02632055E-02
-4.65438869E-01	-7.09487140E-01	1.46075801E-02	1.02277150E-02
-5.98096827E-01	-5.21364832E-01	1.46047394E-02	1.01923147E-02
-6.93949064E-01	-3.07998787E-01	1.46019059E-02	1.01570042E-02
-7.48774842E-01	-7.85261232E-02	1.45990795E-02	1.01217829E-02
-7.60380995E-01	1.57259931E-01	1.45962603E-02	1.00866503E-02
-7.28672653E-01	3.89385061E-01	1.45934482E-02	1.00516059E-02
-6.55616266E-01	6.08166709E-01	1.45906431E-02	1.00166492E-02
-5.45100077E-01	8.04660257E-01	1.45878451E-02	9.98177982E-03
-4.02702535E-01	9.71056400E-01	1.45850540E-02	9.94699714E-03
-2.35383829E-01	1.10101101E+00	1.45822698E-02	9.91230070E-03
-5.11192058E-02	1.18989322E+00	1.45794926E-02	9.87769004E-03
1.41504889E-01	1.23494239E+00	1.45767222E-02	9.84316465E-03
3.33709803E-01	1.23533003E+00	1.45739586E-02	9.80872407E-03
5.16937005E-01	1.19212779E+00	1.45712018E-02	9.77436783E-03
6.83233414E-01	1.10818767E+00	1.45684517E-02	9.74009544E-03
8.25591917E-01	9.87944808E-01	1.45657084E-02	9.70590644E-03
9.38232578E-01	8.37156534E-01	1.45629717E-02	9.67180037E-03
1.01681398E+00	6.62593959E-01	1.45602416E-02	9.63777676E-03
1.05856836E+00	4.71703685E-01	1.45575181E-02	9.60383516E-03
1.06235851E+00	2.72257544E-01	1.45548012E-02	9.56997510E-03
1.02865836E+00	7.20076990E-02	1.45520908E-02	9.53619613E-03
9.59462990E-01	-1.21637141E-01	1.45493869E-02	9.50249780E-03
8.58136744E-01	-3.01900818E-01	1.45466894E-02	9.46887967E-03
7.29210379E-01	-4.62883320E-01	1.45439983E-02	9.43534129E-03
5.78139987E-01	-5.99751101E-01	1.45413137E-02	9.40188222E-03
4.11040958E-01	-7.08869500E-01	1.45386353E-02	9.36850201E-03
2.34410448E-01	-7.87875728E-01	1.45359633E-02	9.33520023E-03
5.48511296E-02	-8.35693736E-01	1.45332975E-02	9.30197646E-03
-1.21192128E-01	-8.52494754E-01	1.45306380E-02	9.26883025E-03
-2.87672612E-01	-8.39609356E-01	1.45279846E-02	9.23576118E-03
-4.39150957E-01	-7.99398455E-01	1.45253375E-02	9.20276882E-03
-5.70967009E-01	-7.35091674E-01	1.45226964E-02	9.16985276E-03
-6.79370251E-01	-6.50602152E-01	1.45200615E-02	9.13701257E-03
-7.61606644E-01	-5.50326962E-01	1.45174326E-02	9.10424783E-03
-8.15961615E-01	-4.38942109E-01	1.45148098E-02	9.07155813E-03
-8.41760559E-01	-3.21200559E-01	1.45121930E-02	9.03894306E-03
-8.39329659E-01	-2.01740975E-01	1.45095821E-02	9.00640221E-03
-8.09921066E-01	-8.49138999E-02	1.45069772E-02	8.97393517E-03
-7.55607431E-01	2.53689020E-02	1.45043781E-02	8.94154153E-03
-6.79151582E-01	1.25757403E-01	1.45017850E-02	8.90922091E-03
-5.83857696E-01	2.13555208E-01	1.44991977E-02	8.87697289E-03
-4.73410709E-01	2.86778258E-01	1.44966162E-02	8.84479707E-03
-3.51710878E-01	3.44179480E-01	1.44940404E-02	8.81269308E-03
-2.22710441E-01	3.85239777E-01	1.44914704E-02	8.78066050E-03
-9.02591073E-02	4.10127067E-01	1.44889061E-02	8.74869896E-03
4.20353108E-02	4.19626284E-01	1.44863475E-02	8.71680807E-03
1.70925436E-01	4.15044504E-01	1.44837946E-02	8.68498744E-03
2.93617252E-01	3.98096439E-01	1.44812472E-02	8.65323668E-03
4.07833761E-01	3.70776499E-01	1.44787055E-02	8.62155543E-03
5.11847053E-01	3.35224382E-01	1.44761693E-02	8.58994330E-03
6.04478055E-01	2.93591574E-01	1.44736386E-02	8.55839992E-03
6.85064886E-01	2.47916317E-01	1.44711134E-02	8.52692491E-03
7.53402506E-01	2.00014272E-01	1.44685937E-02	8.49551790E-03
8.09658091E-01	1.51391474E-01	1.44660795E-02	8.46417852E-03
8.54268104E-01	1.03184997E-01	1.44635706E-02	8.43290642E-03
8.87824412E-01	5.61352599E-02	1.44610672E-02	8.40170122E-03
9.10957712E-01	1.05920116E-02	1.44585690E-02	8.37056256E-03
9.24227046E-01	-3.34461272E-02	1.44560762E-02	8.33949008E-03
9.28024114E-01	-7.62609321E-02	1.44535887E-02	8.30848342E-03
9.22500463E-01	-1.18317335E-01	1.44511065E-02	8.27754224E-03
9.07524348E-01	-1.60146458E-01	1.44486295E-02	8.24666617E-03
8.82672278E-01	-2.02217509E-01	1.44461577E-02	8.21585487E-03
8.47257951E-01	-2.44808435E-01	1.44436911E-02	8.18510798E-03
8.00398638E-01	-2.87885953E-01	1.44412296E-02	8.15442516E-03
7.41116220E-01	-3.31005553E-01	1.44387733E-02	8.12380606E-03
6.68467275E-01	-3.73241325E-01	1.44363220E-02	8.09325034E-03
5.81693929E-01	-4.13153902E-01	1.44338759E-02	8.06275767E-03
4.80385009E-01	-4.48802619E-01	1.44314347E-02	8.03232769E-03
3.64635380E-01	-4.77805091E-01	1.44289986E-02	8.00196007E-03
2.35190513E-01	-4.97444194E-01	1.44265675E-02	7.97165449E-03
9.35633334E-02	-5.04818928E-01	1.44241413E-02	7.94141060E-03
-5.78886268E-02	-4.97032131E-01	1.44217201E-02	7.91122808E-03
-2.15935905E-01	-4.71404837E-01	1.44193038E-02	7.88110659E-03
-3.76506985E-01	-4.25704335E-01	1.44168923E-02	7.85104580E-03
-5.34779338E-01	-3.58371008E-01	1.44144858E-02	7.82104540E-03
-6.85331645E-01	-2.68727982E-01	1.44120840E-02	7.79110506E-03
-8.22353020E-01	-1.57157592E-01	1.44096871E-02	7.76122446E-03
-9.39900901E-01	-2.52297537E-02	1.44072949E-02	7.73140328E-03
-1.03219538E+00	1.24230504E-01	1.44049075E-02	7.70164119E-03
-1.09393452E+00	2.87145931E-01	1.44025248E-02	7.67193789E-03
-1.12061280E+00	4.58265971E-01	1.44001468E-02	7.64229306E-03
-1.10882341E+00	6.31322754E-01	1.43977735E-02	7.61270639E-03
-1.05652499E+00	7.99260317E-01	1.43954049E-02	7.58317756E-03
-9.63254624E-01	9.54528377E-01	1.43930409E-02	7.55370627E-03
-8.30270926E-01	1.08942744E+00	1.43906814E-02	7.52429221E-03
-6.60614830E-01	1.19648814E+00	1.43883266E-02	7.49493507E-03
-4.59079870E-01	1.26886481E+00	1.43859763E-02	7.46563455E-03
-2.32088883E-01	1.30072144E+00	1.43836305E-02	7.43639036E-03
1.25205031E-02	1.28758775E+00	1.43812893E-02	7.40720218E-03
2.65793789E-01	1.22666383E+00	1.43789525E-02	7.37806972E-03
5.18027963E-01	1.11705440E+00	1.43766202E-02	7.34899269E-03
7.59192863E-01	9.59916686E-01	1.43742923E-02	7.31997078E-03
9.79384550E-01	7.58510887E-01	1.43719689E-02	7.29100371E-03
1.16928741E+00	5.18147196E-01	1.43696498E-02	7.26209117E-03
1.32062066E+00	2.46029168E-01	1.43673351E-02	7.23323289E-03
1.42654544E+00	-4.90009701E-02	1.43650247E-02	7.20442858E-03
1.48201047E+00	-3.56803963E-01	1.43627187E-02	7.17567793E-03
1.48401750E+00	-6.66356020E-01	1.43604169E-02	7.14698068E-03
1.43179191E+00	-9.66212082E-01	1.43581194E-02	7.11833653E-03
1.32684906E+00	-1.24499691E+00	1.43558262E-02	7.08974520E-03
1.17295254E+00	-1.49189949E+00	1.43535372E-02	7.06120642E-03
9.75966310E-01	-1.69714613E+00	1.43512524E-02	7.03271990E-03
7.43608349E-01	-1.85242893E+00	1.43489718E-02	7.00428536E-03
4.85118557E-01	-1.95126878E+00	1.43466953E-02	6.97590253E-03
2.10857963E-01	-1.98929583E+00	1.43444230E-02	6.94757114E-03
-6.81404234E-02	-1.96443488E+00	1.43421548E-02	6.91929090E-03
-3.40646734E-01	-1.87698826E+00	1.43398907E-02	6.89106155E-03
-5.95712196E-01	-1.72961423E+00	1.43376306E-02	6.86288282E-03
-8.23127294E-01	-1.52720415E+00	1.43353746E-02	6.83475444E-03
-1.01383928E+00	-1.27666669E+00	1.43331227E-02	6.80667613E-03
-1.16031099E+00	-9.86631610E-01	1.43308747E-02	6.77864764E-03
-1.25680640E+00	-6.67089013E-01	1.43286308E-02	6.75066870E-03
-1.29959301E+00	-3.28982440E-01	1.43263908E-02	6.72273905E-03
-1.28705491E+00	1.62246392E-02	1.43241547E-02	6.69485842E-03
-1.21971587E+00	3.56989120E-01	1.43219226E-02	6.66702655E-03
-1.10017515E+00	6.82116431E-01	1.43196943E-02	6.63924319E-03
-9.32963287E-01	9.81159403E-01	1.43174700E-02	6.61150807E-03
-7.24327794E-01	1.24477318E+00	1.43152495E-02	6.58382094E-03
-4.81961296E-01	1.46501452E+00	1.43130329E-02	6.55618155E-03
-2.14686148E-01	1.63557710E+00	1.43108200E-02	6.52858964E-03
6.78897911E-02	1.75195795E+00	1.43086110E-02	6.50104495E-03
3.55731579E-01	1.81155314E+00	1.43064058E-02	6.47354724E-03
6.38735935E-01	1.81368413E+00	1.43042043E-02	6.44609626E-03
9.07077752E-01	1.75955828E+00	1.43020066E-02	6.41869176E-03
1.15153347E+00	1.65216959E+00	1.42998125E-02	6.39133349E-03
1.36377233E+00	1.49614642E+00	1.42976222E-02	6.36402120E-03
1.53660850E+00	1.29755486E+00	1.42954356E-02	6.33675465E-03
1.66420892E+00	1.06366587E+00	1.42932526E-02	6.30953360E-03
1.74225353E+00	8.02695207E-01	1.42910733E-02	6.28235780E-03
1.76804594E+00	5.23524576E-01	1.42888976E-02	6.25522702E-03
1.74057400E+00	2.35412022E-01	1.42867255E-02	6.22814101E-03
1.66052065E+00	-5.23006460E-02	1.42845569E-02	6.20109953E-03
1.53022630E+00	-3.30476228E-01	1.42823920E-02	6.17410235E-03
1.35360468E+00	-5.90459505E-01	1.42802306E-02	6.14714924E-03
1.13601460E+00	-8.24337110E-01	1.42780727E-02	6.12023995E-03
8.84090984E-01	-1.02517370E+00	1.42759183E-02	6.09337425E-03
6.05538926E-01	-1.18721842E+00	1.42737674E-02	6.06655191E-03
3.08895475E-01	-1.30607602E+00	1.42716200E-02	6.03977269E-03
3.26478268E-03	-1.37883723E+00	1.42694760E-02	6.01303638E-03
-3.01966790E-01	-1.40416366E+00	1.42673355E-02	5.98634273E-03
-5.97427934E-01	-1.38232335E+00	1.42651984E-02	5.95969153E-03
-8.74063347E-01	-1.31517407E+00	1.42630647E-02	5.93308253E-03
-1.12342883E+00	-1.20609311E+00	1.42609344E-02	5.90651553E-03
-1.33797037E+00	-1.05985394E+00	1.42588074E-02	5.87999028E-03
-1.51127685E+00	-8.82452247E-01	1.42566838E-02	5.85350658E-03
-1.63829616E+00	-6.80885912E-01	1.42545635E-02	5.82706419E-03
-1.71550531E+00	-4.62896023E-01	1.42524465E-02	5.80066290E-03
-1.74102655E+00	-2.36677831E-01	1.42503328E-02	5.77430248E-03
-1.71468326E+00	-1.05727484E-02	1.42482223E-02	5.74798272E-03
-1.63799177E+00	2.07246197E-01	1.42461152E-02	5.72170339E-03
-1.51408835E+00	4.09082048E-01	1.42440112E-02	5.69546429E-03
-1.34759338E+00	5.88001132E-01	1.42419105E-02	5.66926519E-03
-1.14441789E+00	7.38086694E-01	1.42398130E-02	5.64310587E-03
-9.11521016E-01	8.54647164E-01	1.42377187E-02	5.61698613E-03
-6.56629137E-01	9.34369310E-01	1.42356275E-02	5.59090576E-03
-3.87929937E-01	9.75409247E-01	1.42335395E-02	5.56486453E-03
-1.13756049E-01	9.77417493E-01	1.42314546E-02	5.53886224E-03
1.57726541E-01	9.41497837E-01	1.42293729E-02	5.51289868E-03
4.18810370E-01	8.70103387E-01	1.42272942E-02	5.48697364E-03
6.62504902E-01	7.66876698E-01	1.42252187E-02	5.46108691E-03
8.82749828E-01	6.36443983E-01	1.42231462E-02	5.43523828E-03
1.07457443E+00	4.84175887E-01	1.42210767E-02	5.40942756E-03
1.23419760E+00	3.15929009E-01	1.42190103E-02	5.38365452E-03
1.35906676E+00	1.37783116E-01	1.42169469E-02	5.35791898E-03
1.44783794E+00	-4.42112634E-02	1.42148865E-02	5.33222072E-03
1.50030260E+00	-2.24261397E-01	1.42128291E-02	5.30655954E-03
1.51727021E+00	-3.97025762E-01	1.42107747E-02	5.28093525E-03
1.50041796E+00	-5.57763911E-01	1.42087232E-02	5.25534763E-03
1.45212052E+00	-7.02437874E-01	1.42066747E-02	5.22979650E-03
1.37527349E+00	-8.27763905E-01	1.42046291E-02	5.20428166E-03
1.27312351E+00	-9.31217146E-01	1.42025864E-02	5.17880289E-03
1.14911679E+00	-1.01099525E+00	1.42005465E-02	5.15336002E-03
1.00677527E+00	-1.06594986E+00	1.41985096E-02	5.12795284E-03
8.49606495E-01	-1.09549706E+00	1.41964755E-02	5.10258116E-03
6.81049908E-01	-1.09951882E+00	1.41944443E-02	5.07724478E-03
5.04458395E-01	-1.07826776E+00	1.41924159E-02	5.05194352E-03
3.23110425E-01	-1.03228640E+00	1.41903902E-02	5.02667717E-03
1.40244916E-01	-9.62350007E-01	1.41883674E-02	5.00144555E-03
-4.08914135E-02	-8.69439295E-01	1.41863474E-02	4.97624846E-03
-2.16995938E-01	-7.54745782E-01	1.41843302E-02	4.95108573E-03
-3.84673391E-01	-6.19708640E-01	1.41823157E-02	4.92595714E-03
-5.40421834E-01	-4.66078138E-01	1.41803039E-02	4.90086253E-03
-6.80650766E-01	-2.95997210E-01	1.41782948E-02	4.87580170E-03
-8.01737896E-01	-1.12089847E-01	1.41762885E-02	4.85077447E-03
-9.00127389E-01	8.24569552E-02	1.41742849E-02	4.82578064E-03
-9.72468180E-01	2.83831698E-01	1.41722839E-02	4.80082005E-03
-1.01578658E+00	4.87570947E-01	1.41702856E-02	4.77589249E-03
-1.02768319E+00	6.88577749E-01	1.41682899E-02	4.75099779E-03
-1.00654056E+00	8.81194777E-01	1.41662969E-02	4.72613576E-03
-9.51725200E-01	1.05933707E+00	1.41643065E-02	4.70130623E-03
-8.63766200E-01	1.21668447E+00	1.41623187E-02	4.67650901E-03
-7.44492365E-01	1.34692877E+00	1.41603334E-02	4.65174393E-03
-5.97111182E-01	1.44406528E+00	1.41583508E-02	4.62701079E-03
-4.26215702E-01	1.50271403E+00	1.41563707E-02	4.60230944E-03
-2.37709507E-01	1.51845142E+00	1.41543932E-02	4.57763968E-03
-3.86451288E-02	1.48813085E+00	1.41524182E-02	4.55300133E-03
1.63022776E-01	1.41016911E+00	1.41504457E-02	4.52839424E-03
3.58761897E-01	1.28477578E+00	1.41484757E-02	4.50381821E-03
5.39850630E-01	1.11410492E+00	1.41465082E-02	4.47927307E-03
6.97810977E-01	9.02311970E-01	1.41445432E-02	4.45475866E-03
8.24862076E-01	6.55503815E-01	1.41425806E-02	4.43027479E-03
9.14367303E-01	3.81576613E-01	1.41406205E-02	4.40582129E-03
9.61246489E-01	8.99427763E-02	1.41386628E-02	4.38139799E-03
9.62325239E-01	-2.08843835E-01	1.41367076E-02	4.35700473E-03
9.16595836E-01	-5.03548295E-01	1.41347547E-02	4.33264132E-03
8.25368503E-01	-7.82777837E-01	1.41328043E-02	4.30830761E-03
6.92297834E-01	-1.03553987E+00	1.41308562E-02	4.28400341E-03
5.23276490E-01	-1.25180312E+00	1.41289105E-02	4.25972857E-03
3.26196427E-01	-1.42302841E+00	1.41269671E-02	4.23548291E-03
1.10586447E-01	-1.54263627E+00	1.41250261E-02	4.21126627E-03
-1.12856900E-01	-1.60638099E+00	1.41230874E-02	4.18707848E-03
-3.32820587E-01	-1.61260560E+00	1.41211510E-02	4.16291937E-03
-5.37977992E-01	-1.56235890E+00	1.41192169E-02	4.13878879E-03
-7.17608545E-01	-1.45936366E+00	1.41172851E-02	4.11468656E-03
-8.62197174E-01	-1.30983419E+00	1.41153556E-02	4.09061252E-03
-9.63976810E-01	-1.12215075E+00	1.41134284E-02	4.06656652E-03
-1.01737987E+00	-9.06407712E-01	1.41115033E-02	4.04254838E-03
-1.01936950E+00	-6.73860229E-01	1.41095806E-02	4.01855794E-03
-9.69628462E-01	-4.36301523E-01	1.41076600E-02	3.99459505E-03
-8.70591798E-01	-2.05407364E-01	1.41057417E-02	3.97065954E-03
-7.27319336E-01	7.91275700E-03	1.41038255E-02	3.94675126E-03
-5.47213865E-01	1.94118278E-01	1.41019115E-02	3.92287004E-03
-3.39600721E-01	3.45557002E-01	1.40999997E-02	3.89901572E-03
-1.15193451E-01	4.56869135E-01	1.40980901E-02	3.87518815E-03
1.14522376E-01	5.25250819E-01	1.40961826E-02	3.85138717E-03
3.37949685E-01	5.50560792E-01	1.40942772E-02	3.82761263E-03
5.44044156E-01	5.35263681E-01	1.40923739E-02	3.80386436E-03
7.22941220E-01	4.84213871E-01	1.40904728E-02	3.78014222E-03
8.66507003E-01	4.04294063E-01	1.40885737E-02	3.75644603E-03
9.68779198E-01	3.03931999E-01	1.40866768E-02	3.73277567E-03
1.02627086E+00	1.92526664E-01	1.40847819E-02	3.70913095E-03
1.03811893E+00	7.98211012E-02	1.40828890E-02	3.68551175E-03
1.00606922E+00	-2.47376515E-02	1.40809982E-02	3.66191789E-03
9.34300382E-01	-1.12610232E-01	1.40791095E-02	3.63834924E-03
8.29099445E-01	-1.76708991E-01	1.40772227E-02	3.61480563E-03
6.98411367E-01	-2.11839707E-01	1.40753380E-02	3.59128692E-03
5.51292977E-01	-2.15013179E-01	1.40734553E-02	3.56779296E-03
3.97307708E-01	-1.85607586E-01	1.40715745E-02	3.54432359E-03
2.45901184E-01	-1.25372460E-01	1.40696957E-02	3.52087867E-03
1.05798611E-01	-3.82756265E-02	1.40678189E-02	3.49745805E-03
-1.55368799E-02	6.97951267E-02	1.40659440E-02	3.47406157E-03
-1.12350171E-01	1.91454352E-01	1.40640711E-02	3.45068910E-03
-1.80916355E-01	3.18335834E-01	1.40622001E-02	3.42734049E-03
-2.19719670E-01	4.41668616E-01	1.40603310E-02	3.40401558E-03
-2.29479476E-01	5.52873079E-01	1.40584638E-02	3.38071423E-03
-2.13023933E-01	6.44136989E-01	1.40565985E-02	3.35743631E-03
-1.75022277E-01	7.08933162E-01	1.40547351E-02	3.33418165E-03
-1.21596052E-01	7.42444689E-01	1.40528735E-02	3.31095012E-03
-5.98375664E-02	7.41870224E-01	1.40510138E-02	3.28774157E-03
2.73012991E-03	7.06590243E-01	1.40491560E-02	3.26455586E-03
5.87139000E-02	6.38184745E-01	1.40472999E-02	3.24139284E-03
1.01392972E-01	5.40303069E-01	1.40454457E-02	3.21825238E-03
1.25206042E-01	4.18396480E-01	1.40435933E-02	3.19513433E-03
1.26150086E-01	2.79333437E-01	1.40417427E-02	3.17203855E-03
1.02064387E-01	1.30925143E-01	1.40398939E-02	3.14896489E-03
5.27814302E-02	-1.86051729E-02	1.40380469E-02	3.12591322E-03
-1.98643001E-02	-1.61172387E-01	1.40362016E-02	3.10288340E-03
-1.12168704E-01	-2.89361281E-01	1.40343581E-02	3.07987529E-03
-2.18821017E-01	-3.96903963E-01	1.40325163E-02	3.05688874E-03
-3.33277806E-01	-4.79071069E-01	1.40306763E-02	3.03392363E-03
-4.48221042E-01	-5.32951186E-01	1.40288379E-02	3.01097980E-03
-5.56067775E-01	-5.57600954E-01	1.40270013E-02	2.98805713E-03
-6.49495687E-01	-5.54057428E-01	1.40251664E-02	2.96515547E-03
-7.21948129E-01	-5.25213858E-01	1.40233331E-02	2.94227469E-03
-7.68083983E-01	-4.75569470E-01	1.40215016E-02	2.91941465E-03
-7.84141922E-01	-4.10872364E-01	1.40196717E-02	2.89657522E-03
-7.68194817E-01	-3.37681805E-01	1.40178434E-02	2.87375625E-03
-7.20277903E-01	-2.62881400E-01	1.40160168E-02	2.85095763E-03
-6.42383179E-01	-1.93177662E-01	1.40141919E-02	2.82817920E-03
-5.38321791E-01	-1.34619001E-01	1.40123685E-02	2.80542084E-03
-4.13465237E-01	-9.21683525E-02	1.40105468E-02	2.78268240E-03
-2.74384401E-01	-6.93584631E-02	1.40087267E-02	2.75996377E-03
-1.28412237E-01	-6.80527865E-02	1.40069081E-02	2.73726480E-03
1.68391794E-02	-8.83273028E-02	1.40050912E-02	2.71458537E-03
1.53973765E-01	-1.28479999E-01	1.40032758E-02	2.69192533E-03
2.76284864E-01	-1.85165814E-01	1.40014619E-02	2.66928456E-03
3.78175122E-01	-2.53646172E-01	1.39996496E-02	2.64666293E-03
4.55495030E-01	-3.28134461E-01	1.39978389E-02	2.62406031E-03
5.05778392E-01	-4.02212369E-01	1.39960296E-02	2.60147656E-03
5.28360345E-01	-4.69287475E-01	1.39942219E-02	2.57891155E-03
5.24371885E-01	-5.23059983E-01	1.39924157E-02	2.55636516E-03
4.96613401E-01	-5.57966346E-01	1.39906110E-02	2.53383726E-03
4.49318030E-01	-5.69569529E-01	1.39888078E-02	2.51132771E-03
3.87823002E-01	-5.54869787E-01	1.39870060E-02	2.48883639E-03
3.18173202E-01	-5.12515718E-01	1.39852057E-02	2.46636316E-03
2.46685371E-01	-4.42902455E-01	1.39834069E-02	2.44390791E-03
1.79503596E-01	-3.48151908E-01	1.39816095E-02	2.42147051E-03
1.22176740E-01	-2.31978076E-01	1.39798135E-02	2.39905082E-03
7.92863686E-02	-9.94483426E-02	1.39780190E-02	2.37664872E-03
5.41497067E-02	4.33414070E-02	1.39762258E-02	2.35426408E-03
4.86164228E-02	1.89654430E-01	1.39744341E-02	2.33189678E-03
6.29712120E-02	3.32536237E-01	1.39726438E-02	2.30954669E-03
9.59465242E-02	4.65244004E-01	1.39708548E-02	2.28721369E-03
1.44842059E-01	5.81653286E-01	1.39690672E-02	2.26489765E-03
2.05740291E-01	6.76615234E-01	1.39672810E-02	2.24259844E-03
2.73800851E-01	7.46241513E-01	1.39654962E-02	2.22031595E-03
3.43611456E-01	7.88099692E-01	1.39637127E-02	2.19805005E-03
4.09569678E-01	8.01308422E-01	1.39619305E-02	2.17580061E-03
4.66268265E-01	7.86529010E-01	1.39601496E-02	2.15356751E-03
5.08857156E-01	7.45857250E-01	1.39583701E-02	2.13135063E-03
5.33357640E-01	6.82626231E-01	1.39565918E-02	2.10914984E-03
5.36908111E-01	6.01136820E-01	1.39548149E-02	2.08696503E-03
5.17926242E-01	5.06337083E-01	1.39530392E-02	2.06479607E-03
4.76178753E-01	4.03474935E-01	1.39512648E-02	2.04264284E-03
4.12756789E-01	2.97749464E-01	1.39494917E-02	2.02050522E-03
3.29961747E-01	1.93985696E-01	1.39477198E-02	1.99838308E-03
2.31112708E-01	9.63551079E-02	1.39459492E-02	1.97627631E-03
1.20292039E-01	8.16016189E-03	1.39441798E-02	1.95418479E-03
2.04974783E-03	-6.83041310E-02	1.39424116E-02	1.93210840E-03
-1.18910334E-01	-1.31804717E-01	1.39406446E-02	1.91004701E-03
-2.38038779E-01	-1.82140668E-01	1.39388789E-02	1.88800050E-03
-3.51220473E-01	-2.20034988E-01	1.39371143E-02	1.86596877E-03
-4.55006229E-01	-2.46959832E-01	1.39353510E-02	1.84395168E-03
-5.46780285E-01	-2.64911745E-01	1.39335888E-02	1.82194913E-03
-6.24853154E-01	-2.76157010E-01	1.39318278E-02	1.79996098E-03
-6.88475279E-01	-2.82969078E-01	1.39300679E-02	1.77798713E-03
-7.37773235E-01	-2.87380304E-01	1.39283092E-02	1.75602746E-03
-7.73616208E-01	-2.90968648E-01	1.39265516E-02	1.73408184E-03
-7.97425928E-01	-2.94697007E-01	1.39247952E-02	1.71215017E-03
-8.10947516E-01	-2.98818374E-01	1.39230399E-02	1.69023232E-03
-8.16001700E-01	-3.02854655E-01	1.39212857E-02	1.66832819E-03
-8.14240208E-01	-3.05650969E-01	1.39195326E-02	1.64643764E-03
-8.06925839E-01	-3.05501122E-01	1.39177806E-02	1.62456057E-03
-7.94756742E-01	-3.00334143E-01	1.39160297E-02	1.60269686E-03
-7.77750948E-01	-2.87946690E-01	1.39142798E-02	1.58084639E-03
-7.55202449E-01	-2.66262222E-01	1.39125310E-02	1.55900906E-03
-7.25714483E-01	-2.33595339E-01	1.39107833E-02	1.53718474E-03
-6.87309526E-01	-1.88898792E-01	1.39090366E-02	1.51537332E-03
-6.37609319E-01	-1.31971517E-01	1.39072910E-02	1.49357468E-03
-5.74072492E-01	-6.36085171E-02	1.39055464E-02	1.47178872E-03
-4.94272422E-01	1.43226179E-02	1.39038028E-02	1.45001531E-03
-3.96194258E-01	9.88885960E-02	1.39020602E-02	1.42825435E-03
-2.78527841E-01	1.86184704E-01	1.39003186E-02	1.40650572E-03
-1.40932709E-01	2.71514043E-01	1.38985780E-02	1.38476931E-03
1.57474055E-02	3.49642848E-01	1.38968384E-02	1.36304500E-03
1.89340296E-01	4.15117110E-01	1.38950998E-02	1.34133268E-03
3.76286547E-01	4.62620697E-01	1.38933622E-02	1.31963224E-03
5.71676098E-01	4.87351497E-01	1.38916255E-02	1.29794357E-03
7.69383403E-01	4.85389939E-01	1.38898897E-02	1.27626655E-03
9.62297721E-01	4.54033860E-01	1.38881549E-02	1.25460108E-03
1.14263827E+00	3.92075122E-01	1.38864210E-02	1.23294704E-03
1.30233782E+00	2.99996467E-01	1.38846880E-02	1.21130432E-03
1.43347305E+00	1.80071808E-01	1.38829560E-02	1.18967281E-03
1.52871607E+00	3.63590509E-02	1.38812248E-02	1.16805240E-03
1.58177934E+00	-1.25418687E-01	1.38794946E-02	1.14644297E-03
1.58782569E+00	-2.98100409E-01	1.38777652E-02	1.12484442E-03
1.54381647E+00	-4.73412938E-01	1.38760367E-02	1.10325664E-03
1.44877428E+00	-6.42378243E-01	1.38743091E-02	1.08167952E-03
1.30394121E+00	-7.95779988E-01	1.38725823E-02	1.06011294E-03
1.11281990E+00	-9.24662731E-01	1.38708564E-02	1.03855681E-03
8.81091362E-01	-1.02083453E+00	1.38691314E-02	1.01701100E-03
6.16411428E-01	-1.07734297E+00	1.38674071E-02	9.95475407E-04
3.28094629E-01	-1.08889580E+00	1.38656837E-02	9.73949928E-04
2.67016777E-02	-1.05220027E+00	1.38639611E-02	9.52434450E-04
-2.76447539E-01	-9.66199837E-01	1.38622393E-02	9.30928865E-04
-5.69808746E-01	-8.32193096E-01	1.38605183E-02	9.09433065E-04
-8.42166149E-01	-6.53826423E-01	1.38587981E-02	8.87946941E-04
-1.08317246E+00	-4.36959605E-01	1.38570787E-02	8.66470386E-04
-1.28384583E+00	-1.89411120E-01	1.38553600E-02	8.45003291E-04
-1.43699605E+00	7.94030619E-02	1.38536422E-02	8.23545549E-04
-1.53755650E+00	3.58917048E-01	1.38519250E-02	8.02097052E-04
-1.58280405E+00	6.37923807E-01	1.38502086E-02	7.80657694E-04
-1.57245581E+00	9.05116609E-01	1.38484930E-02	7.59227367E-04
-1.50863888E+00	1.14963286E+00	1.38467781E-02	7.37805965E-04
-1.39573658E+00	1.36157025E+00	1.38450639E-02	7.16393379E-04
-1.24012220E+00	1.53244724E+00	1.38433504E-02	6.94989505E-04
-1.04979700E+00	1.65558343E+00	1.38416376E-02	6.73594235E-04
-8.33955004E-01	1.72638059E+00	1.38399255E-02	6.52207463E-04
-6.02500609E-01	1.74249137E+00	1.38382141E-02	6.30829084E-04
-3.65546993E-01	1.70386940E+00	1.38365034E-02	6.09458991E-04
-1.32923903E-01	1.61270154E+00	1.38347934E-02	5.88097078E-04
8.62783137E-02	1.47323026E+00	1.38330840E-02	5.66743240E-04
2.84104460E-01	1.29147963E+00	1.38313752E-02	5.45397372E-04
4.54050602E-01	1.07490431E+00	1.38296672E-02	5.24059368E-04
5.91286555E-01	8.31983994E-01	1.38279597E-02	5.02729123E-04
6.92776994E-01	5.71788698E-01	1.38262529E-02	4.81406532E-04
7.57299839E-01	3.03540303E-01	1.38245467E-02	4.60091491E-04
7.85366888E-01	3.61952081E-02	1.38228411E-02	4.38783894E-04
7.79057326E-01	-2.21929874E-01	1.38211361E-02	4.17483637E-04
7.41779578E-01	-4.63470619E-01	1.38194317E-02	3.96190616E-04
6.77980489E-01	-6.82252828E-01	1.38177279E-02	3.74904726E-04
5.92823052E-01	-8.73447152E-01	1.38160246E-02	3.53625863E-04
4.91854530E-01	-1.03363851E+00	1.38143220E-02	3.32353923E-04
3.80686064E-01	-1.16081349E+00	1.38126199E-02	3.11088803E-04
2.64702663E-01	-1.25427396E+00	1.38109183E-02	2.89830399E-04
1.48819161E-01	-1.31448963E+00	1.38092173E-02	2.68578607E-04
