jMRUI Data Textfile

Filename: /Users/kayigwe/Desktop/TE26_BASISSET/converter/sample_basis_sets/JMRUI/Gln.txt

PointsInDataset: 2048
DatasetsInFile: 1
SamplingInterval: 2.500000E-01
ZeroOrderPhase: 0.000000E+00
BeginTime: 0.000000E+00
TransmitterFrequency: 1.232618E+08
MagneticField: 2.895033E+00
TypeOfNucleus: 0.000000E+00
NameOfPatient: Gln
DateOfExperiment: 20260523
Spectrometer: Unknown
AdditionalInfo: Converted by basis_set_converter


Signal and FFT
sig(real)	sig(imag)	fft(real)	fft(imag)
Signal 1 out of 1 in file
5.80704901E+01	-6.39464639E+00	1.48201250E-02	-2.11344289E-04
5.27610285E+01	-1.55736157E+01	1.48179844E-02	-2.34893086E-04
3.72838312E+01	-2.21416253E+01	1.48158449E-02	-2.58436493E-04
1.49538794E+01	-2.51274201E+01	1.48137064E-02	-2.81974637E-04
-9.41152358E+00	-2.41526673E+01	1.48115689E-02	-3.05507647E-04
-3.06021712E+01	-1.94802199E+01	1.48094324E-02	-3.29035649E-04
-4.42080057E+01	-1.19789111E+01	1.48072969E-02	-3.52558772E-04
-4.76094417E+01	-3.00587969E+00	1.48051624E-02	-3.76077142E-04
-4.05315512E+01	5.78905033E+00	1.48030288E-02	-3.99590886E-04
-2.50390512E+01	1.27236526E+01	1.48008962E-02	-4.23100133E-04
-4.98787671E+00	1.63803921E+01	1.47987645E-02	-4.46605009E-04
1.49193140E+01	1.58954018E+01	1.47966337E-02	-4.70105642E-04
3.02351900E+01	1.11812949E+01	1.47945038E-02	-4.93602157E-04
3.77599168E+01	3.02393957E+00	1.47923749E-02	-5.17094682E-04
3.61944312E+01	-6.99192040E+00	1.47902468E-02	-5.40583345E-04
2.63191747E+01	-1.67414073E+01	1.47881196E-02	-5.64068270E-04
1.06848232E+01	-2.39721618E+01	1.47859933E-02	-5.87549586E-04
-7.07979834E+00	-2.67957073E+01	1.47838679E-02	-6.11027418E-04
-2.31521977E+01	-2.41497304E+01	1.47817433E-02	-6.34501894E-04
-3.43704396E+01	-1.61148878E+01	1.47796195E-02	-6.57973139E-04
-3.88598915E+01	-3.99156003E+00	1.47774966E-02	-6.81441281E-04
-3.63077207E+01	9.90760338E+00	1.47753745E-02	-7.04906444E-04
-2.78576195E+01	2.27250095E+01	1.47732531E-02	-7.28368757E-04
-1.56922016E+01	3.16914968E+01	1.47711326E-02	-7.51828344E-04
-2.43884977E+00	3.47806962E+01	1.47690129E-02	-7.75285333E-04
9.43869431E+00	3.12222354E+01	1.47668939E-02	-7.98739849E-04
1.81186807E+01	2.17363636E+01	1.47647757E-02	-8.22192018E-04
2.26781367E+01	8.41558277E+00	1.47626582E-02	-8.45641967E-04
2.31060573E+01	-5.73432455E+00	1.47605415E-02	-8.69089822E-04
2.01162021E+01	-1.74929697E+01	1.47584255E-02	-8.92535707E-04
1.48462607E+01	-2.41964898E+01	1.47563102E-02	-9.15979751E-04
8.54273419E+00	-2.43887512E+01	1.47541957E-02	-9.39422078E-04
2.31326688E+00	-1.81848931E+01	1.47520818E-02	-9.62862814E-04
-3.01003742E+00	-7.24921065E+00	1.47499686E-02	-9.86302086E-04
-6.89684072E+00	5.61306380E+00	1.47478561E-02	-1.00974002E-03
-9.07000171E+00	1.71505631E+01	1.47457442E-02	-1.03317674E-03
-9.43384206E+00	2.44720842E+01	1.47436330E-02	-1.05661237E-03
-8.02486005E+00	2.57588830E+01	1.47415225E-02	-1.08004704E-03
-5.00740267E+00	2.07010614E+01	1.47394126E-02	-1.10348088E-03
-7.07044157E-01	1.05480009E+01	1.47373033E-02	-1.12691401E-03
4.34995332E+00	-2.23605192E+00	1.47351946E-02	-1.15034655E-03
9.43223610E+00	-1.46168314E+01	1.47330865E-02	-1.17377864E-03
1.36661081E+01	-2.37632757E+01	1.47309790E-02	-1.19721039E-03
1.61731247E+01	-2.77459945E+01	1.47288720E-02	-1.22064194E-03
1.62593309E+01	-2.59814160E+01	1.47267657E-02	-1.24407340E-03
1.36069809E+01	-1.93133575E+01	1.47246599E-02	-1.26750492E-03
8.40854973E+00	-9.72284134E+00	1.47225546E-02	-1.29093660E-03
1.39187149E+00	2.43595674E-01	1.47204499E-02	-1.31436859E-03
-6.28729795E+00	8.16424950E+00	1.47183457E-02	-1.33780099E-03
-1.32710664E+01	1.23620055E+01	1.47162420E-02	-1.36123395E-03
-1.82927130E+01	1.22903043E+01	1.47141388E-02	-1.38466758E-03
-2.04632885E+01	8.59215553E+00	1.47120361E-02	-1.40810201E-03
-1.94750885E+01	2.83250959E+00	1.47099339E-02	-1.43153737E-03
-1.56661223E+01	-3.00547843E+00	1.47078321E-02	-1.45497378E-03
-9.92734425E+00	-7.10794304E+00	1.47057309E-02	-1.47841138E-03
-3.47806212E+00	-8.33235676E+00	1.47036300E-02	-1.50185028E-03
2.42856425E+00	-6.48645440E+00	1.47015296E-02	-1.52529061E-03
6.78974663E+00	-2.31584213E+00	1.46994297E-02	-1.54873250E-03
9.05227677E+00	2.78142975E+00	1.46973301E-02	-1.57217608E-03
9.17931599E+00	7.21690231E+00	1.46952310E-02	-1.59562146E-03
7.57794878E+00	9.70635281E+00	1.46931323E-02	-1.61906879E-03
4.92180410E+00	9.64892317E+00	1.46910339E-02	-1.64251818E-03
1.93191670E+00	7.28189011E+00	1.46889360E-02	-1.66596976E-03
-8.13180295E-01	3.57229025E+00	1.46868383E-02	-1.68942365E-03
-2.98237012E+00	-1.13857203E-01	1.46847411E-02	-1.71287999E-03
-4.48893996E+00	-2.45854826E+00	1.46826442E-02	-1.73633891E-03
-5.39597047E+00	-2.61639729E+00	1.46805476E-02	-1.75980052E-03
-5.77888062E+00	-4.87633915E-01	1.46784514E-02	-1.78326495E-03
-5.60840373E+00	3.24210459E+00	1.46763554E-02	-1.80673234E-03
-4.70871681E+00	7.30574028E+00	1.46742598E-02	-1.83020281E-03
-2.81635448E+00	1.02399395E+01	1.46721645E-02	-1.85367648E-03
2.74484146E-01	1.08354117E+01	1.46700694E-02	-1.87715348E-03
4.53188892E+00	8.51764363E+00	1.46679746E-02	-1.90063395E-03
9.54423071E+00	3.54472126E+00	1.46658801E-02	-1.92411800E-03
1.44853567E+01	-3.03674468E+00	1.46637858E-02	-1.94760577E-03
1.82270544E+01	-9.66558658E+00	1.46616918E-02	-1.97109739E-03
1.95920316E+01	-1.46913011E+01	1.46595980E-02	-1.99459297E-03
1.76903408E+01	-1.68288954E+01	1.46575044E-02	-2.01809265E-03
1.22447999E+01	-1.55144263E+01	1.46554111E-02	-2.04159656E-03
3.80003272E+00	-1.10620997E+01	1.46533179E-02	-2.06510483E-03
-6.26865525E+00	-4.58132210E+00	1.46512249E-02	-2.08861758E-03
-1.59799794E+01	2.31980352E+00	1.46491321E-02	-2.11213494E-03
-2.31722448E+01	7.95914760E+00	1.46470395E-02	-2.13565704E-03
-2.60340470E+01	1.10148291E+01	1.46449470E-02	-2.15918401E-03
-2.36037068E+01	1.08517238E+01	1.46428546E-02	-2.18271598E-03
-1.60966130E+01	7.65680990E+00	1.46407624E-02	-2.20625307E-03
-4.95541989E+00	2.35578449E+00	1.46386704E-02	-2.22979542E-03
7.41357259E+00	-3.65570727E+00	1.46365784E-02	-2.25334315E-03
1.81711152E+01	-8.88443453E+00	1.46344865E-02	-2.27689640E-03
2.47204224E+01	-1.21108274E+01	1.46323948E-02	-2.30045529E-03
2.53588542E+01	-1.26621036E+01	1.46303031E-02	-2.32401995E-03
1.97351475E+01	-1.05244851E+01	1.46282115E-02	-2.34759051E-03
8.98552662E+00	-6.28086034E+00	1.46261200E-02	-2.37116711E-03
-4.49803083E+00	-9.09074326E-01	1.46240285E-02	-2.39474987E-03
-1.76190063E+01	4.48962551E+00	1.46219371E-02	-2.41833892E-03
-2.73139551E+01	8.95146802E+00	1.46198456E-02	-2.44193440E-03
-3.12923464E+01	1.18334219E+01	1.46177543E-02	-2.46553642E-03
-2.85913610E+01	1.28836797E+01	1.46156629E-02	-2.48914513E-03
-1.98047292E+01	1.22026527E+01	1.46135715E-02	-2.51276066E-03
-6.92841302E+00	1.01301554E+01	1.46114801E-02	-2.53638313E-03
7.13530239E+00	7.11094940E+00	1.46093887E-02	-2.56001268E-03
1.92863873E+01	3.58749097E+00	1.46072973E-02	-2.58364944E-03
2.69667173E+01	-5.14104701E-02	1.46052058E-02	-2.60729353E-03
2.87448734E+01	-3.46569896E+00	1.46031143E-02	-2.63094510E-03
2.46046158E+01	-6.32820459E+00	1.46010227E-02	-2.65460427E-03
1.58759345E+01	-8.29623080E+00	1.45989310E-02	-2.67827118E-03
4.84154681E+00	-9.02489507E+00	1.45968393E-02	-2.70194596E-03
-5.86624850E+00	-8.23664156E+00	1.45947474E-02	-2.72562873E-03
-1.39149303E+01	-5.83317263E+00	1.45926555E-02	-2.74931964E-03
-1.78006774E+01	-2.01039926E+00	1.45905635E-02	-2.77301882E-03
-1.71312748E+01	2.67569221E+00	1.45884713E-02	-2.79672639E-03
-1.26096561E+01	7.33780913E+00	1.45863790E-02	-2.82044250E-03
-5.74695468E+00	1.09007426E+01	1.45842865E-02	-2.84416727E-03
1.59685542E+00	1.23418569E+01	1.45821939E-02	-2.86790085E-03
7.70875072E+00	1.09736289E+01	1.45801011E-02	-2.89164336E-03
1.14209163E+01	6.68867161E+00	1.45780082E-02	-2.91539493E-03
1.23163497E+01	8.60187365E-02	1.45759150E-02	-2.93915571E-03
1.07089734E+01	-7.57817645E+00	1.45738217E-02	-2.96292583E-03
7.43180967E+00	-1.46269804E+01	1.45717282E-02	-2.98670542E-03
3.51785468E+00	-1.93432730E+01	1.45696344E-02	-3.01049462E-03
-1.19736452E-01	-2.04047040E+01	1.45675404E-02	-3.03429356E-03
-2.91309556E+00	-1.72581401E+01	1.45654462E-02	-3.05810238E-03
-4.71490817E+00	-1.03252214E+01	1.45633517E-02	-3.08192122E-03
-5.72078948E+00	-9.69054222E-01	1.45612569E-02	-3.10575021E-03
-6.28570229E+00	8.78664793E+00	1.45591619E-02	-3.12958948E-03
-6.71220026E+00	1.67268764E+01	1.45570666E-02	-3.15343918E-03
-7.09159274E+00	2.09888442E+01	1.45549711E-02	-3.17729944E-03
-7.25520922E+00	2.05393514E+01	1.45528752E-02	-3.20117040E-03
-6.85073542E+00	1.54573099E+01	1.45507790E-02	-3.22505220E-03
-5.51260465E+00	6.94039955E+00	1.45486825E-02	-3.24894496E-03
-3.06099491E+00	-2.97363101E+00	1.45465856E-02	-3.27284885E-03
3.47610647E-01	-1.19043628E+01	1.45444884E-02	-3.29676398E-03
4.18038182E+00	-1.77184585E+01	1.45423908E-02	-3.32069050E-03
7.62413319E+00	-1.90590757E+01	1.45402929E-02	-3.34462855E-03
9.79664199E+00	-1.56770226E+01	1.45381946E-02	-3.36857827E-03
1.00118158E+01	-8.47798857E+00	1.45360959E-02	-3.39253979E-03
8.01536903E+00	7.24257670E-01	1.45339969E-02	-3.41651326E-03
4.11222089E+00	9.68071068E+00	1.45318974E-02	-3.44049882E-03
-8.63029227E-01	1.62788709E+01	1.45297975E-02	-3.46449660E-03
-5.73442429E+00	1.90622070E+01	1.45276971E-02	-3.48850676E-03
-9.28458861E+00	1.75634701E+01	1.45255964E-02	-3.51252942E-03
-1.05830357E+01	1.23712815E+01	1.45234951E-02	-3.53656473E-03
-9.24798186E+00	4.92330742E+00	1.45213934E-02	-3.56061284E-03
-5.56369446E+00	-2.90708695E+00	1.45192913E-02	-3.58467388E-03
-4.16137466E-01	-9.31096527E+00	1.45171886E-02	-3.60874799E-03
4.93776012E+00	-1.29930146E+01	1.45150855E-02	-3.63283533E-03
9.20323484E+00	-1.34529057E+01	1.45129819E-02	-3.65693603E-03
1.13891550E+01	-1.10343258E+01	1.45108777E-02	-3.68105023E-03
1.10613584E+01	-6.74519682E+00	1.45087730E-02	-3.70517809E-03
8.43745030E+00	-1.91621955E+00	1.45066678E-02	-3.72931974E-03
4.29934849E+00	2.19390887E+00	1.45045621E-02	-3.75347533E-03
-2.46841528E-01	4.73041452E+00	1.45024557E-02	-3.77764500E-03
-4.09011722E+00	5.42164199E+00	1.45003489E-02	-3.80182890E-03
-6.41808330E+00	4.56690844E+00	1.44982414E-02	-3.82602717E-03
-6.91694619E+00	2.85425453E+00	1.44961333E-02	-3.85023996E-03
-5.81366332E+00	1.07949633E+00	1.44940247E-02	-3.87446742E-03
-3.75501126E+00	-1.36304455E-01	1.44919154E-02	-3.89870970E-03
-1.56799791E+00	-5.39451079E-01	1.44898055E-02	-3.92296693E-03
1.89262912E-02	-2.88854503E-01	1.44876950E-02	-3.94723927E-03
6.04586977E-01	1.52605717E-01	1.44855838E-02	-3.97152687E-03
2.22601444E-01	2.35791763E-01	1.44834720E-02	-3.99582987E-03
-7.03266535E-01	-4.28171960E-01	1.44813595E-02	-4.02014842E-03
-1.53738158E+00	-1.88139253E+00	1.44792463E-02	-4.04448267E-03
-1.68239165E+00	-3.76080084E+00	1.44771325E-02	-4.06883278E-03
-8.16178744E-01	-5.39273186E+00	1.44750179E-02	-4.09319888E-03
9.65517043E-01	-6.01364514E+00	1.44729027E-02	-4.11758114E-03
3.15177456E+00	-5.04646806E+00	1.44707867E-02	-4.14197969E-03
4.96844424E+00	-2.34056056E+00	1.44686700E-02	-4.16639470E-03
5.63420508E+00	1.70878398E+00	1.44665525E-02	-4.19082632E-03
4.63981505E+00	6.21004007E+00	1.44644343E-02	-4.21527469E-03
1.95887980E+00	9.99091516E+00	1.44623153E-02	-4.23973997E-03
-1.88337733E+00	1.19231549E+01	1.44601955E-02	-4.26422231E-03
-5.91478262E+00	1.12630074E+01	1.44580750E-02	-4.28872187E-03
-8.97229234E+00	7.90410216E+00	1.44559537E-02	-4.31323879E-03
-1.00389321E+01	2.46129108E+00	1.44538315E-02	-4.33777324E-03
-8.56259072E+00	-3.84870525E+00	1.44517085E-02	-4.36232537E-03
-4.65859955E+00	-9.50492211E+00	1.44495847E-02	-4.38689532E-03
8.71126426E-01	-1.30797522E+01	1.44474601E-02	-4.41148327E-03
6.71740688E+00	-1.36266312E+01	1.44453346E-02	-4.43608936E-03
1.13982446E+01	-1.09478491E+01	1.44432082E-02	-4.46071376E-03
1.36579146E+01	-5.66450287E+00	1.44410810E-02	-4.48535661E-03
1.28185429E+01	9.34373264E-01	1.44389529E-02	-4.51001808E-03
8.98278101E+00	7.22423751E+00	1.44368238E-02	-4.53469832E-03
3.02674471E+00	1.16683985E+01	1.44346939E-02	-4.55939749E-03
-3.61873146E+00	1.32160658E+01	1.44325630E-02	-4.58411576E-03
-9.34027632E+00	1.15664028E+01	1.44304312E-02	-4.60885328E-03
-1.27653880E+01	7.22827958E+00	1.44282985E-02	-4.63361021E-03
-1.31199922E+01	1.36335864E+00	1.44261648E-02	-4.65838671E-03
-1.04217249E+01	-4.53924803E+00	1.44240301E-02	-4.68318294E-03
-5.45725582E+00	-9.06272617E+00	1.44218945E-02	-4.70799907E-03
4.46797395E-01	-1.12246489E+01	1.44197579E-02	-4.73283526E-03
5.79189556E+00	-1.07036914E+01	1.44176202E-02	-4.75769166E-03
9.30919403E+00	-7.87507452E+00	1.44154816E-02	-4.78256845E-03
1.02823103E+01	-3.65528100E+00	1.44133419E-02	-4.80746579E-03
8.70413128E+00	7.89206109E-01	1.44112012E-02	-4.83238383E-03
5.23040628E+00	4.37821755E+00	1.44090595E-02	-4.85732276E-03
9.52261264E-01	6.40024355E+00	1.44069167E-02	-4.88228272E-03
-2.93887764E+00	6.66320789E+00	1.44047728E-02	-4.90726389E-03
-5.49208328E+00	5.47957167E+00	1.44026278E-02	-4.93226644E-03
-6.24402819E+00	3.50339990E+00	1.44004817E-02	-4.95729053E-03
-5.30479544E+00	1.48102033E+00	1.43983346E-02	-4.98233632E-03
-3.26581591E+00	-1.02796955E-05	1.43961863E-02	-5.00740400E-03
-9.67757729E-01	-6.83164839E-01	1.43940369E-02	-5.03249372E-03
7.92521397E-01	-6.85379568E-01	1.43918863E-02	-5.05760566E-03
1.52095918E+00	-4.03267885E-01	1.43897346E-02	-5.08273999E-03
1.17006976E+00	-3.22113473E-01	1.43875817E-02	-5.10789687E-03
1.25182083E-01	-7.98277479E-01	1.43854277E-02	-5.13307648E-03
-9.57853372E-01	-1.89356729E+00	1.43832724E-02	-5.15827900E-03
-1.40671305E+00	-3.32195234E+00	1.43811160E-02	-5.18350458E-03
-7.92337511E-01	-4.53073801E+00	1.43789584E-02	-5.20875342E-03
8.93444593E-01	-4.89230213E+00	1.43767995E-02	-5.23402567E-03
3.20389167E+00	-3.94365871E+00	1.43746394E-02	-5.25932152E-03
5.36226614E+00	-1.59217029E+00	1.43724780E-02	-5.28464115E-03
6.50947234E+00	1.78679093E+00	1.43703154E-02	-5.30998472E-03
5.99736982E+00	5.40232075E+00	1.43681515E-02	-5.33535241E-03
3.63356294E+00	8.24558795E+00	1.43659863E-02	-5.36074440E-03
-2.04302565E-01	9.38005392E+00	1.43638198E-02	-5.38616088E-03
-4.62841421E+00	8.23893537E+00	1.43616520E-02	-5.41160201E-03
-8.46555946E+00	4.83714129E+00	1.43594829E-02	-5.43706798E-03
-1.05859418E+01	-1.73853432E-01	1.43573125E-02	-5.46255896E-03
-1.02408877E+01	-5.63549058E+00	1.43551407E-02	-5.48807514E-03
-7.30803933E+00	-1.01688330E+01	1.43529675E-02	-5.51361671E-03
-2.36689707E+00	-1.25430042E+01	1.43507930E-02	-5.53918383E-03
3.42438443E+00	-1.20223957E+01	1.43486171E-02	-5.56477670E-03
8.62222906E+00	-8.59188154E+00	1.43464398E-02	-5.59039549E-03
1.18816895E+01	-2.99126182E+00	1.43442611E-02	-5.61604040E-03
1.23240194E+01	3.45689459E+00	1.43420810E-02	-5.64171160E-03
9.78335789E+00	9.18311625E+00	1.43398994E-02	-5.66740929E-03
4.86140707E+00	1.27803239E+01	1.43377164E-02	-5.69313365E-03
-1.22686971E+00	1.33741997E+01	1.43355320E-02	-5.71888486E-03
-6.97424020E+00	1.08521840E+01	1.43333460E-02	-5.74466312E-03
-1.09794690E+01	5.88787980E+00	1.43311586E-02	-5.77046862E-03
-1.23121220E+01	-2.45034296E-01	1.43289697E-02	-5.79630153E-03
-1.07437222E+01	-6.01641495E+00	1.43267793E-02	-5.82216207E-03
-6.78417633E+00	-1.00443574E+01	1.43245874E-02	-5.84805040E-03
-1.51840195E+00	-1.14489243E+01	1.43223939E-02	-5.87396674E-03
3.70546356E+00	-1.00592589E+01	1.43201989E-02	-5.89991126E-03
7.64441043E+00	-6.42178847E+00	1.43180023E-02	-5.92588417E-03
9.48055422E+00	-1.61457305E+00	1.43158041E-02	-5.95188566E-03
9.00549201E+00	3.07264673E+00	1.43136044E-02	-5.97791592E-03
6.62411661E+00	6.49723569E+00	1.43114031E-02	-6.00397516E-03
3.18706734E+00	7.95852216E+00	1.43092001E-02	-6.03006356E-03
-2.89530186E-01	7.34870171E+00	1.43069955E-02	-6.05618132E-03
-2.92808180E+00	5.12505005E+00	1.43047893E-02	-6.08232865E-03
-4.22572624E+00	2.12255308E+00	1.43025815E-02	-6.10850574E-03
-4.15619599E+00	-7.27775493E-01	1.43003719E-02	-6.13471280E-03
-3.11515150E+00	-2.68470685E+00	1.42981607E-02	-6.16095002E-03
-1.73635655E+00	-3.39977176E+00	1.42959478E-02	-6.18721761E-03
-6.45445462E-01	-2.97998922E+00	1.42937332E-02	-6.21351577E-03
-2.35270262E-01	-1.89910218E+00	1.42915169E-02	-6.23984471E-03
-5.36977491E-01	-7.94218483E-01	1.42892989E-02	-6.26620462E-03
-1.22760789E+00	-2.19930001E-01	1.42870791E-02	-6.29259572E-03
-1.76899841E+00	-4.43487289E-01	1.42848575E-02	-6.31901821E-03
-1.62883926E+00	-1.34923426E+00	1.42826342E-02	-6.34547231E-03
-5.06919318E-01	-2.48345742E+00	1.42804091E-02	-6.37195821E-03
1.51319282E+00	-3.22400813E+00	1.42781822E-02	-6.39847613E-03
3.94348801E+00	-3.01743324E+00	1.42759535E-02	-6.42502628E-03
6.01613486E+00	-1.60315959E+00	1.42737230E-02	-6.45160887E-03
6.91974723E+00	8.53005389E-01	1.42714906E-02	-6.47822412E-03
6.07525420E+00	3.76581910E+00	1.42692564E-02	-6.50487223E-03
3.36279461E+00	6.28311936E+00	1.42670203E-02	-6.53155343E-03
-7.77813314E-01	7.54164618E+00	1.42647823E-02	-6.55826792E-03
-5.41442672E+00	6.94870886E+00	1.42625424E-02	-6.58501593E-03
-9.34871313E+00	4.40057056E+00	1.42603007E-02	-6.61179766E-03
-1.14423784E+01	3.64470116E-01	1.42580570E-02	-6.63861335E-03
-1.09512336E+01	-4.20938122E+00	1.42558113E-02	-6.66546321E-03
-7.76805324E+00	-8.12834758E+00	1.42535637E-02	-6.69234746E-03
-2.49795377E+00	-1.02855702E+01	1.42513142E-02	-6.71926632E-03
3.66370672E+00	-9.98184678E+00	1.42490626E-02	-6.74622002E-03
9.22437712E+00	-7.14571241E+00	1.42468091E-02	-6.77320877E-03
1.27815212E+01	-2.38337346E+00	1.42445536E-02	-6.80023281E-03
1.33981317E+01	3.16168086E+00	1.42422960E-02	-6.82729237E-03
1.08616796E+01	8.10438008E+00	1.42400365E-02	-6.85438765E-03
5.75276502E+00	1.11881879E+01	1.42377748E-02	-6.88151891E-03
-6.97706113E-01	1.16258632E+01	1.42355111E-02	-6.90868636E-03
-6.92505017E+00	9.31425014E+00	1.42332453E-02	-6.93589024E-03
-1.14348917E+01	4.86180916E+00	1.42309774E-02	-6.96313078E-03
-1.31847136E+01	-5.79109032E-01	1.42287075E-02	-6.99040821E-03
-1.18400220E+01	-5.62752607E+00	1.42264353E-02	-7.01772276E-03
-7.83839122E+00	-9.04707749E+00	1.42241611E-02	-7.04507467E-03
-2.24898190E+00	-1.00719074E+01	1.42218847E-02	-7.07246418E-03
3.52812242E+00	-8.59468954E+00	1.42196061E-02	-7.09989153E-03
8.13550942E+00	-5.16708216E+00	1.42173254E-02	-7.12735695E-03
1.06006308E+01	-8.17612069E-01	1.42150424E-02	-7.15486068E-03
1.05552407E+01	3.25565010E+00	1.42127572E-02	-7.18240297E-03
8.27917335E+00	6.02556770E+00	1.42104699E-02	-7.20998406E-03
4.56755190E+00	6.91045280E+00	1.42081802E-02	-7.23760419E-03
4.70507882E-01	5.90572760E+00	1.42058883E-02	-7.26526360E-03
-3.01205385E+00	3.54027559E+00	1.42035942E-02	-7.29296255E-03
-5.19038401E+00	6.78054122E-01	1.42012977E-02	-7.32070128E-03
-5.82850604E+00	-1.76884537E+00	1.41989989E-02	-7.34848004E-03
-5.13988990E+00	-3.12487453E+00	1.41966978E-02	-7.37629908E-03
-3.65033531E+00	-3.14606403E+00	1.41943944E-02	-7.40415865E-03
-1.98286072E+00	-2.06804826E+00	1.41920887E-02	-7.43205901E-03
-6.39983190E-01	-4.96755549E-01	1.41897805E-02	-7.46000040E-03
1.45372779E-01	8.19095156E-01	1.41874700E-02	-7.48798309E-03
4.45812775E-01	1.25789663E+00	1.41851571E-02	-7.51600733E-03
5.57817580E-01	5.49014672E-01	1.41828418E-02	-7.54407338E-03
8.38291539E-01	-1.12269767E+00	1.41805240E-02	-7.57218150E-03
1.52244575E+00	-3.16690207E+00	1.41782038E-02	-7.60033195E-03
2.59183100E+00	-4.77816738E+00	1.41758811E-02	-7.62852499E-03
3.74364484E+00	-5.20745820E+00	1.41735560E-02	-7.65676090E-03
4.47720434E+00	-4.02843313E+00	1.41712283E-02	-7.68503992E-03
4.27223030E+00	-1.31196643E+00	1.41688982E-02	-7.71336233E-03
2.79989887E+00	2.35093443E+00	1.41665655E-02	-7.74172840E-03
9.27820108E-02	5.99175715E+00	1.41642303E-02	-7.77013840E-03
-3.39078248E+00	8.53543961E+00	1.41618925E-02	-7.79859260E-03
-6.84098117E+00	9.12158706E+00	1.41595521E-02	-7.82709127E-03
-9.29865508E+00	7.37996957E+00	1.41572092E-02	-7.85563469E-03
-9.93167558E+00	3.57511901E+00	1.41548636E-02	-7.88422313E-03
-8.30406479E+00	-1.42845399E+00	1.41525154E-02	-7.91285687E-03
-4.55279196E+00	-6.37693964E+00	1.41501646E-02	-7.94153619E-03
5.89893835E-01	-9.95840228E+00	1.41478111E-02	-7.97026137E-03
5.94732604E+00	-1.11625862E+01	1.41454550E-02	-7.99903269E-03
1.01898622E+01	-9.56742371E+00	1.41430961E-02	-8.02785044E-03
1.21903780E+01	-5.46980887E+00	1.41407345E-02	-8.05671489E-03
1.13443971E+01	1.78282233E-01	1.41383702E-02	-8.08562635E-03
7.76118606E+00	6.01230697E+00	1.41360032E-02	-8.11458509E-03
2.26574278E+00	1.06098844E+01	1.41336334E-02	-8.14359141E-03
-3.79609005E+00	1.28600061E+01	1.41312608E-02	-8.17264560E-03
-8.90105767E+00	1.22457098E+01	1.41288854E-02	-8.20174795E-03
-1.17486164E+01	8.96460342E+00	1.41265072E-02	-8.23089876E-03
-1.16078809E+01	3.85805719E+00	1.41241262E-02	-8.26009832E-03
-8.51470235E+00	-1.82635068E+00	1.41217423E-02	-8.28934694E-03
-3.26314918E+00	-6.76903616E+00	1.41193556E-02	-8.31864492E-03
2.80711554E+00	-9.91479641E+00	1.41169660E-02	-8.34799255E-03
8.16895154E+00	-1.07201488E+01	1.41145734E-02	-8.37739014E-03
1.15121631E+01	-9.24944571E+00	1.41121780E-02	-8.40683800E-03
1.20826545E+01	-6.10318692E+00	1.41097796E-02	-8.43633644E-03
9.86407496E+00	-2.21021116E+00	1.41073783E-02	-8.46588576E-03
5.55504079E+00	1.44785920E+00	1.41049739E-02	-8.49548628E-03
3.53157086E-01	4.09675092E+00	1.41025666E-02	-8.52513831E-03
-4.38884999E+00	5.34161524E+00	1.41001563E-02	-8.55484216E-03
-7.53504862E+00	5.20997002E+00	1.40977429E-02	-8.58459816E-03
-8.46113861E+00	4.06649076E+00	1.40953265E-02	-8.61440662E-03
-7.19209320E+00	2.43982994E+00	1.40929070E-02	-8.64426786E-03
-4.34998916E+00	8.25961947E-01	1.40904845E-02	-8.67418221E-03
-9.35141476E-01	-4.65000657E-01	1.40880588E-02	-8.70414999E-03
1.98882858E+00	-1.37090199E+00	1.40856300E-02	-8.73417153E-03
3.60982683E+00	-2.03503922E+00	1.40831980E-02	-8.76424716E-03
3.58933310E+00	-2.68287183E+00	1.40807629E-02	-8.79437720E-03
2.12978695E+00	-3.46989662E+00	1.40783247E-02	-8.82456200E-03
-1.26177856E-01	-4.36235055E+00	1.40758832E-02	-8.85480188E-03
-2.32701610E+00	-5.10051765E+00	1.40734385E-02	-8.88509718E-03
-3.69796594E+00	-5.26486853E+00	1.40709905E-02	-8.91544825E-03
-3.79057400E+00	-4.42783223E+00	1.40685393E-02	-8.94585543E-03
-2.61892054E+00	-2.34119890E+00	1.40660848E-02	-8.97631905E-03
-6.42238784E-01	9.07797086E-01	1.40636270E-02	-9.00683946E-03
1.39775816E+00	4.83346523E+00	1.40611659E-02	-9.03741702E-03
2.73112953E+00	8.61688883E+00	1.40587015E-02	-9.06805207E-03
2.82352372E+00	1.12943519E+01	1.40562337E-02	-9.09874497E-03
1.56488371E+00	1.20225098E+01	1.40537625E-02	-9.12949607E-03
-6.78000607E-01	1.03445645E+01	1.40512879E-02	-9.16030572E-03
-3.16357933E+00	6.37454644E+00	1.40488099E-02	-9.19117429E-03
-5.00239792E+00	8.35224711E-01	1.40463284E-02	-9.22210213E-03
-5.43954020E+00	-5.07523261E+00	1.40438435E-02	-9.25308962E-03
-4.10527856E+00	-9.96308241E+00	1.40413551E-02	-9.28413712E-03
-1.15508224E+00	-1.25955109E+01	1.40388633E-02	-9.31524499E-03
2.74711019E+00	-1.22373945E+01	1.40363678E-02	-9.34641361E-03
6.60133148E+00	-8.87241727E+00	1.40338689E-02	-9.37764336E-03
9.35146090E+00	-3.24119901E+00	1.40313663E-02	-9.40893460E-03
1.01911371E+01	3.32177304E+00	1.40288602E-02	-9.44028771E-03
8.80536213E+00	9.21462873E+00	1.40263505E-02	-9.47170309E-03
5.47543911E+00	1.29734839E+01	1.40238372E-02	-9.50318110E-03
1.01450479E+00	1.36483678E+01	1.40213202E-02	-9.53472214E-03
-3.44959899E+00	1.10478054E+01	1.40187995E-02	-9.56632660E-03
-6.78271692E+00	5.78537358E+00	1.40162751E-02	-9.59799486E-03
-8.15601168E+00	-8.84213841E-01	1.40137470E-02	-9.62972732E-03
-7.27200659E+00	-7.39405146E+00	1.40112152E-02	-9.66152438E-03
-4.44131133E+00	-1.22685341E+01	1.40086796E-02	-9.69338644E-03
-4.89732617E-01	-1.44915238E+01	1.40061402E-02	-9.72531389E-03
3.47569281E+00	-1.37409832E+01	1.40035971E-02	-9.75730714E-03
6.37333173E+00	-1.04309786E+01	1.40010501E-02	-9.78936661E-03
7.43846363E+00	-5.55701419E+00	1.39984992E-02	-9.82149270E-03
6.41829388E+00	-3.95639175E-01	1.39959445E-02	-9.85368581E-03
3.61891678E+00	3.85165235E+00	1.39933858E-02	-9.88594638E-03
-2.03378882E-01	6.36800347E+00	1.39908233E-02	-9.91827482E-03
-4.06924259E+00	6.89967821E+00	1.39882568E-02	-9.95067154E-03
-7.05211412E+00	5.76051479E+00	1.39856864E-02	-9.98313698E-03
-8.52211415E+00	3.67225481E+00	1.39831119E-02	-1.00156716E-02
-8.29042065E+00	1.49877335E+00	1.39805335E-02	-1.00482757E-02
-6.61906616E+00	-3.85978676E-02	1.39779510E-02	-1.00809499E-02
-4.10253536E+00	-5.75568891E-01	1.39753644E-02	-1.01136945E-02
-1.46514698E+00	-1.85490782E-01	1.39727738E-02	-1.01465099E-02
6.59262821E-01	6.93302430E-01	1.39701791E-02	-1.01793967E-02
1.89766035E+00	1.45334065E+00	1.39675802E-02	-1.02123553E-02
2.21014195E+00	1.56783425E+00	1.39649772E-02	-1.02453861E-02
1.84993145E+00	8.08441411E-01	1.39623700E-02	-1.02784896E-02
1.23325940E+00	-6.44336776E-01	1.39597585E-02	-1.03116662E-02
7.69114424E-01	-2.23860891E+00	1.39571429E-02	-1.03449163E-02
7.09276370E-01	-3.22868191E+00	1.39545230E-02	-1.03782405E-02
1.06924756E+00	-2.93854078E+00	1.39518988E-02	-1.04116393E-02
1.64438636E+00	-1.02670460E+00	1.39492703E-02	-1.04451130E-02
2.11169551E+00	2.33630374E+00	1.39466375E-02	-1.04786621E-02
2.17765790E+00	6.44297072E+00	1.39440004E-02	-1.05122872E-02
1.71626319E+00	1.01964411E+01	1.39413588E-02	-1.05459887E-02
8.44392064E-01	1.23979834E+01	1.39387129E-02	-1.05797671E-02
-9.68512370E-02	1.20963939E+01	1.39360625E-02	-1.06136229E-02
-6.53416263E-01	8.89819057E+00	1.39334076E-02	-1.06475565E-02
-4.27334607E-01	3.14359117E+00	1.39307483E-02	-1.06815685E-02
7.54067034E-01	-4.11217020E+00	1.39280845E-02	-1.07156593E-02
2.73030904E+00	-1.13190560E+01	1.39254161E-02	-1.07498295E-02
5.00594894E+00	-1.68034246E+01	1.39227431E-02	-1.07840796E-02
6.86652378E+00	-1.91949536E+01	1.39200656E-02	-1.08184100E-02
7.58495650E+00	-1.77950891E+01	1.39173834E-02	-1.08528213E-02
6.65864063E+00	-1.27855112E+01	1.39146966E-02	-1.08873140E-02
4.00235455E+00	-5.21623717E+00	1.39120052E-02	-1.09218886E-02
3.03523757E-02	3.22866332E+00	1.39093090E-02	-1.09565457E-02
-4.40889369E+00	1.06303577E+01	1.39066081E-02	-1.09912857E-02
-8.23810480E+00	1.52980797E+01	1.39039025E-02	-1.10261092E-02
-1.04452604E+01	1.61773294E+01	1.39011920E-02	-1.10610167E-02
-1.03837221E+01	1.31002535E+01	1.38984768E-02	-1.10960088E-02
-7.98827488E+00	6.81716211E+00	1.38957567E-02	-1.11310860E-02
-3.83648861E+00	-1.19445726E+00	1.38930317E-02	-1.11662489E-02
9.73152882E-01	-9.09023672E+00	1.38903019E-02	-1.12014980E-02
5.10200287E+00	-1.50942818E+01	1.38875671E-02	-1.12368339E-02
7.33817713E+00	-1.79004158E+01	1.38848274E-02	-1.12722571E-02
6.94780429E+00	-1.69441973E+01	1.38820827E-02	-1.13077682E-02
3.90829884E+00	-1.24883922E+01	1.38793329E-02	-1.13433678E-02
-1.04911868E+00	-5.51469995E+00	1.38765782E-02	-1.13790564E-02
-6.60846666E+00	2.53716392E+00	1.38738183E-02	-1.14148346E-02
-1.12104298E+01	1.01081542E+01	1.38710534E-02	-1.14507031E-02
-1.34761692E+01	1.58500522E+01	1.38682833E-02	-1.14866623E-02
-1.25969022E+01	1.88727196E+01	1.38655081E-02	-1.15227129E-02
-8.57862096E+00	1.88637697E+01	1.38627276E-02	-1.15588555E-02
-2.26903420E+00	1.60733620E+01	1.38599420E-02	-1.15950906E-02
4.84676880E+00	1.11906479E+01	1.38571511E-02	-1.16314190E-02
1.10308361E+01	5.15966690E+00	1.38543549E-02	-1.16678411E-02
1.47544659E+01	-1.01304305E+00	1.38515534E-02	-1.17043576E-02
1.51118036E+01	-6.41781347E+00	1.38487465E-02	-1.17409692E-02
1.20703281E+01	-1.03472522E+01	1.38459343E-02	-1.17776765E-02
6.48738632E+00	-1.23482144E+01	1.38431166E-02	-1.18144800E-02
-1.14076847E-01	-1.22358250E+01	1.38402935E-02	-1.18513805E-02
-5.95104293E+00	-1.00891165E+01	1.38374649E-02	-1.18883785E-02
-9.45744118E+00	-6.24121543E+00	1.38346309E-02	-1.19254748E-02
-9.70300340E+00	-1.26407155E+00	1.38317912E-02	-1.19626699E-02
-6.64026802E+00	4.06471007E+00	1.38289460E-02	-1.19999645E-02
-1.11340246E+00	8.83071618E+00	1.38260952E-02	-1.20373594E-02
5.37206380E+00	1.20995080E+01	1.38232388E-02	-1.20748550E-02
1.10543109E+01	1.30778065E+01	1.38203767E-02	-1.21124523E-02
1.43839499E+01	1.12945287E+01	1.38175088E-02	-1.21501517E-02
1.44294747E+01	6.75875947E+00	1.38146353E-02	-1.21879540E-02
1.11118046E+01	4.40653289E-02	1.38117559E-02	-1.22258599E-02
5.20868563E+00	-7.74318043E+00	1.38088708E-02	-1.22638701E-02
-1.86667791E+00	-1.51293106E+01	1.38059798E-02	-1.23019853E-02
-8.44749444E+00	-2.05552034E+01	1.38030829E-02	-1.23402062E-02
-1.30490612E+01	-2.27204422E+01	1.38001801E-02	-1.23785335E-02
-1.47404933E+01	-2.09095503E+01	1.37972713E-02	-1.24169679E-02
-1.33562224E+01	-1.52135658E+01	1.37943566E-02	-1.24555102E-02
-9.49797609E+00	-6.57787369E+00	1.37914358E-02	-1.24941610E-02
-4.33656617E+00	3.35354846E+00	1.37885090E-02	-1.25329212E-02
7.23615252E-01	1.25757511E+01	1.37855761E-02	-1.25717915E-02
4.42060676E+00	1.91704299E+01	1.37826370E-02	-1.26107726E-02
5.94893476E+00	2.17572932E+01	1.37796918E-02	-1.26498652E-02
5.13202772E+00	1.98351334E+01	1.37767404E-02	-1.26890702E-02
2.41672660E+00	1.39211804E+01	1.37737827E-02	-1.27283884E-02
-1.29553954E+00	5.44574897E+00	1.37708188E-02	-1.27678204E-02
-4.92279644E+00	-3.57868807E+00	1.37678485E-02	-1.28073671E-02
-7.49923547E+00	-1.10355977E+01	1.37648718E-02	-1.28470294E-02
-8.41243139E+00	-1.52111388E+01	1.37618888E-02	-1.28868078E-02
-7.52236645E+00	-1.52016184E+01	1.37588993E-02	-1.29267034E-02
-5.14177973E+00	-1.11182058E+01	1.37559034E-02	-1.29667168E-02
-1.89825640E+00	-4.03780761E+00	1.37529010E-02	-1.30068490E-02
1.47004294E+00	4.28471008E+00	1.37498919E-02	-1.30471007E-02
4.31954945E+00	1.18655222E+01	1.37468763E-02	-1.30874728E-02
6.24884587E+00	1.69833969E+01	1.37438541E-02	-1.31279662E-02
7.15385518E+00	1.85861280E+01	1.37408252E-02	-1.31685816E-02
7.18783389E+00	1.65096739E+01	1.37377896E-02	-1.32093199E-02
6.65298140E+00	1.14604828E+01	1.37347472E-02	-1.32501820E-02
5.86873395E+00	4.77641710E+00	1.37316980E-02	-1.32911688E-02
5.06380519E+00	-1.95927284E+00	1.37286420E-02	-1.33322811E-02
4.32537739E+00	-7.33964135E+00	1.37255791E-02	-1.33735199E-02
3.61517261E+00	-1.04752932E+01	1.37225092E-02	-1.34148861E-02
2.83703888E+00	-1.11668422E+01	1.37194324E-02	-1.34563804E-02
1.92280360E+00	-9.87190879E+00	1.37163486E-02	-1.34980040E-02
8.98300111E-01	-7.49016868E+00	1.37132578E-02	-1.35397576E-02
-9.91553776E-02	-5.04114663E+00	1.37101598E-02	-1.35816422E-02
-8.60702458E-01	-3.33704875E+00	1.37070547E-02	-1.36236588E-02
-1.18909734E+00	-2.74951153E+00	1.37039424E-02	-1.36658083E-02
-9.92961666E-01	-3.13650142E+00	1.37008229E-02	-1.37080917E-02
-3.53681921E-01	-3.94407294E+00	1.36976961E-02	-1.37505099E-02
4.65645171E-01	-4.44305315E+00	1.36945620E-02	-1.37930639E-02
1.08025658E+00	-4.01943177E+00	1.36914206E-02	-1.38357547E-02
1.09902603E+00	-2.42158226E+00	1.36882717E-02	-1.38785832E-02
2.59861769E-01	1.18089144E-01	1.36851153E-02	-1.39215506E-02
-1.46039882E+00	2.92945633E+00	1.36819515E-02	-1.39646578E-02
-3.80243317E+00	5.10802929E+00	1.36787801E-02	-1.40079058E-02
-6.26888813E+00	5.81405811E+00	1.36756011E-02	-1.40512956E-02
-8.25064320E+00	4.57401268E+00	1.36724144E-02	-1.40948284E-02
-9.20096313E+00	1.48720996E+00	1.36692201E-02	-1.41385051E-02
-8.80529615E+00	-2.73375339E+00	1.36660180E-02	-1.41823269E-02
-7.09212179E+00	-6.91183457E+00	1.36628081E-02	-1.42262947E-02
-4.44553538E+00	-9.71014197E+00	1.36595904E-02	-1.42704097E-02
-1.50917744E+00	-1.00105980E+01	1.36563648E-02	-1.43146730E-02
9.94929205E-01	-7.25953022E+00	1.36531312E-02	-1.43590857E-02
2.48071987E+00	-1.67823090E+00	1.36498897E-02	-1.44036489E-02
2.68028922E+00	5.72865530E+00	1.36466401E-02	-1.44483637E-02
1.73520730E+00	1.33791614E+01	1.36433824E-02	-1.44932312E-02
1.63666327E-01	1.94871074E+01	1.36401165E-02	-1.45382527E-02
-1.29257128E+00	2.25074978E+01	1.36368425E-02	-1.45834293E-02
-1.89954470E+00	2.15375127E+01	1.36335602E-02	-1.46287621E-02
-1.17219018E+00	1.65662767E+01	1.36302696E-02	-1.46742523E-02
9.50078083E-01	8.50556350E+00	1.36269706E-02	-1.47199012E-02
4.05208070E+00	-1.00909184E+00	1.36236633E-02	-1.47657099E-02
7.33910629E+00	-9.99747629E+00	1.36203474E-02	-1.48116797E-02
9.85934004E+00	-1.65982658E+01	1.36170231E-02	-1.48578118E-02
1.07909210E+01	-1.95008712E+01	1.36136901E-02	-1.49041074E-02
9.70869984E+00	-1.82395855E+01	1.36103486E-02	-1.49505678E-02
6.74723322E+00	-1.32814421E+01	1.36069983E-02	-1.49971943E-02
2.60356367E+00	-5.89296824E+00	1.36036393E-02	-1.50439882E-02
-1.63112018E+00	2.17359999E+00	1.36002715E-02	-1.50909507E-02
-4.77068007E+00	9.09163282E+00	1.35968948E-02	-1.51380832E-02
-5.88218220E+00	1.33668104E+01	1.35935092E-02	-1.51853870E-02
-4.58191506E+00	1.41447968E+01	1.35901147E-02	-1.52328634E-02
-1.18815289E+00	1.13562061E+01	1.35867111E-02	-1.52805139E-02
3.32299414E+00	5.67921906E+00	1.35832984E-02	-1.53283397E-02
7.55725462E+00	-1.65494814E+00	1.35798765E-02	-1.53763422E-02
1.00788263E+01	-9.15452608E+00	1.35764454E-02	-1.54245229E-02
9.82272381E+00	-1.53828615E+01	1.35730051E-02	-1.54728831E-02
6.42643504E+00	-1.92272176E+01	1.35695554E-02	-1.55214243E-02
3.82221474E-01	-2.00717039E+01	1.35660963E-02	-1.55701480E-02
-7.04188161E+00	-1.78548275E+01	1.35626277E-02	-1.56190555E-02
-1.41010447E+01	-1.30209013E+01	1.35591496E-02	-1.56681484E-02
-1.90190000E+01	-6.39496483E+00	1.35556619E-02	-1.57174281E-02
-2.04625931E+01	9.80920578E-01	1.35521646E-02	-1.57668962E-02
-1.79163011E+01	8.01563306E+00	1.35486575E-02	-1.58165542E-02
-1.18511528E+01	1.37178697E+01	1.35451407E-02	-1.58664036E-02
-3.63602062E+00	1.73153034E+01	1.35416139E-02	-1.59164459E-02
4.79166019E+00	1.83424337E+01	1.35380773E-02	-1.59666828E-02
1.14129926E+01	1.66981794E+01	1.35345307E-02	-1.60171159E-02
1.46456766E+01	1.26710290E+01	1.35309740E-02	-1.60677466E-02
1.37560547E+01	6.92396362E+00	1.35274072E-02	-1.61185768E-02
9.05512277E+00	4.28223393E-01	1.35238302E-02	-1.61696080E-02
1.82533277E+00	-5.66164999E+00	1.35202429E-02	-1.62208418E-02
-6.00366107E+00	-1.01877622E+01	1.35166453E-02	-1.62722800E-02
-1.23457430E+01	-1.22030072E+01	1.35130373E-02	-1.63239243E-02
-1.54874527E+01	-1.11810802E+01	1.35094188E-02	-1.63757764E-02
-1.45182970E+01	-7.17290885E+00	1.35057898E-02	-1.64278379E-02
-9.55254608E+00	-8.61253732E-01	1.35021501E-02	-1.64801108E-02
-1.68892907E+00	6.51852330E+00	1.34984998E-02	-1.65325967E-02
7.27614552E+00	1.33942103E+01	1.34948386E-02	-1.65852975E-02
1.53027061E+01	1.81760145E+01	1.34911666E-02	-1.66382150E-02
2.06085516E+01	1.96140708E+01	1.34874837E-02	-1.66913509E-02
2.20895037E+01	1.71101607E+01	1.34837898E-02	-1.67447073E-02
1.95559983E+01	1.09016767E+01	1.34800848E-02	-1.67982860E-02
1.37349544E+01	2.06059795E+00	1.34763687E-02	-1.68520888E-02
6.04839969E+00	-7.70697252E+00	1.34726413E-02	-1.69061177E-02
-1.76324138E+00	-1.64246754E+01	1.34689026E-02	-1.69603747E-02
-8.06968254E+00	-2.22923617E+01	1.34651525E-02	-1.70148617E-02
-1.17211639E+01	-2.41081201E+01	1.34613909E-02	-1.70695808E-02
-1.22733977E+01	-2.15595423E+01	1.34576177E-02	-1.71245339E-02
-1.00236348E+01	-1.53069273E+01	1.34538330E-02	-1.71797232E-02
-5.86623019E+00	-6.83192580E+00	1.34500364E-02	-1.72351506E-02
-1.02133867E+00	1.91516523E+00	1.34462281E-02	-1.72908183E-02
3.28261145E+00	8.98353261E+00	1.34424079E-02	-1.73467283E-02
6.08897865E+00	1.28882359E+01	1.34385757E-02	-1.74028830E-02
6.89134951E+00	1.29569275E+01	1.34347314E-02	-1.74592843E-02
5.68069917E+00	9.46947718E+00	1.34308749E-02	-1.75159346E-02
2.86988685E+00	3.55702414E+00	1.34270063E-02	-1.75728360E-02
-8.65029394E-01	-3.11001110E+00	1.34231252E-02	-1.76299908E-02
-4.77165346E+00	-8.76042884E+00	1.34192318E-02	-1.76874013E-02
-8.18370429E+00	-1.19707075E+01	1.34153258E-02	-1.77450698E-02
-1.06237758E+01	-1.20064687E+01	1.34114072E-02	-1.78029987E-02
-1.18359963E+01	-8.97115387E+00	1.34074759E-02	-1.78611902E-02
-1.17617527E+01	-3.72996439E+00	1.34035318E-02	-1.79196469E-02
-1.04864002E+01	2.36145394E+00	1.33995748E-02	-1.79783711E-02
-8.18700270E+00	7.84218350E+00	1.33956048E-02	-1.80373653E-02
-5.10150693E+00	1.15355141E+01	1.33916217E-02	-1.80966320E-02
-1.52329155E+00	1.28361754E+01	1.33876255E-02	-1.81561737E-02
2.19118651E+00	1.18214089E+01	1.33836159E-02	-1.82159930E-02
5.62328002E+00	9.16437277E+00	1.33795929E-02	-1.82760924E-02
8.32188378E+00	5.88520710E+00	1.33755565E-02	-1.83364747E-02
9.87064229E+00	3.02003825E+00	1.33715064E-02	-1.83971423E-02
9.98356280E+00	1.30864471E+00	1.33674427E-02	-1.84580981E-02
8.60306656E+00	9.92142035E-01	1.33633652E-02	-1.85193448E-02
5.96533097E+00	1.77627722E+00	1.33592737E-02	-1.85808851E-02
2.60082108E+00	2.96478554E+00	1.33551682E-02	-1.86427218E-02
-7.46434024E-01	3.71607514E+00	1.33510486E-02	-1.87048578E-02
-3.27310542E+00	3.34035064E+00	1.33469148E-02	-1.87672959E-02
-4.31144010E+00	1.54360153E+00	1.33427666E-02	-1.88300391E-02
-3.51400617E+00	-1.45755299E+00	1.33386039E-02	-1.88930903E-02
-9.73842543E-01	-4.98594501E+00	1.33344267E-02	-1.89564524E-02
2.76149357E+00	-8.10399180E+00	1.33302348E-02	-1.90201286E-02
6.79645349E+00	-9.90311481E+00	1.33260281E-02	-1.90841219E-02
1.00952395E+01	-9.79419174E+00	1.33218065E-02	-1.91484354E-02
1.17406799E+01	-7.70980587E+00	1.33175698E-02	-1.92130723E-02
1.11760905E+01	-4.15477410E+00	1.33133180E-02	-1.92780357E-02
8.36277947E+00	-8.61612551E-02	1.33090508E-02	-1.93433289E-02
3.80631046E+00	3.34552872E+00	1.33047683E-02	-1.94089553E-02
-1.56037743E+00	5.12093428E+00	1.33004703E-02	-1.94749181E-02
-6.60907350E+00	4.64902425E+00	1.32961566E-02	-1.95412207E-02
-1.03025685E+01	1.95069287E+00	1.32918271E-02	-1.96078666E-02
-1.19574972E+01	-2.32549133E+00	1.32874817E-02	-1.96748592E-02
-1.14114816E+01	-7.06206143E+00	1.32831202E-02	-1.97422021E-02
-9.04846682E+00	-1.09632343E+01	1.32787426E-02	-1.98098988E-02
-5.67589323E+00	-1.28975521E+01	1.32743487E-02	-1.98779530E-02
-2.28932713E+00	-1.21986376E+01	1.32699383E-02	-1.99463684E-02
2.07865504E-01	-8.84249807E+00	1.32655114E-02	-2.00151486E-02
1.24970309E+00	-3.45484433E+00	1.32610677E-02	-2.00842975E-02
7.48281682E-01	2.85075732E+00	1.32566072E-02	-2.01538190E-02
-9.08389681E-01	8.75704984E+00	1.32521297E-02	-2.02237168E-02
-2.99761817E+00	1.30709097E+01	1.32476351E-02	-2.02939951E-02
-4.69762586E+00	1.50071141E+01	1.32431232E-02	-2.03646577E-02
-5.34532293E+00	1.43557864E+01	1.32385938E-02	-2.04357088E-02
-4.63818067E+00	1.14959473E+01	1.32340468E-02	-2.05071525E-02
-2.71967144E+00	7.26096989E+00	1.32294822E-02	-2.05789931E-02
-1.23499003E-01	2.70117616E+00	1.32248996E-02	-2.06512346E-02
2.40489566E+00	-1.18660344E+00	1.32202990E-02	-2.07238816E-02
4.15333839E+00	-3.68908255E+00	1.32156802E-02	-2.07969384E-02
4.67749012E+00	-4.50989808E+00	1.32110431E-02	-2.08704094E-02
3.95072646E+00	-3.78165187E+00	1.32063874E-02	-2.09442992E-02
2.38059545E+00	-1.96792351E+00	1.32017131E-02	-2.10186123E-02
6.83954874E-01	3.03924181E-01	1.31970199E-02	-2.10933535E-02
-3.43197846E-01	2.42348599E+00	1.31923077E-02	-2.11685274E-02
-9.15284369E-02	3.93905080E+00	1.31875764E-02	-2.12441389E-02
1.64286632E+00	4.62643502E+00	1.31828257E-02	-2.13201928E-02
4.55738554E+00	4.47815728E+00	1.31780554E-02	-2.13966942E-02
7.89633308E+00	3.63256501E+00	1.31732655E-02	-2.14736481E-02
1.06496264E+01	2.27966034E+00	1.31684557E-02	-2.15510595E-02
1.18431298E+01	5.83299006E-01	1.31636259E-02	-2.16289338E-02
1.08372897E+01	-1.35189389E+00	1.31587758E-02	-2.17072761E-02
7.54514125E+00	-3.46140461E+00	1.31539053E-02	-2.17860919E-02
2.50138856E+00	-5.66460981E+00	1.31490142E-02	-2.18653866E-02
-3.24437678E+00	-7.80267689E+00	1.31441023E-02	-2.19451658E-02
-8.38688875E+00	-9.60562582E+00	1.31391694E-02	-2.20254351E-02
-1.17086056E+01	-1.07135843E+01	1.31342153E-02	-2.21062002E-02
-1.24129250E+01	-1.07567569E+01	1.31292398E-02	-2.21874670E-02
-1.03532960E+01	-9.47469756E+00	1.31242427E-02	-2.22692414E-02
-6.09159459E+00	-6.83663359E+00	1.31192239E-02	-2.23515294E-02
-7.65771245E-01	-3.11793247E+00	1.31141830E-02	-2.24343371E-02
4.20034340E+00	1.10343252E+00	1.31091200E-02	-2.25176708E-02
7.46804143E+00	5.04419960E+00	1.31040345E-02	-2.26015368E-02
8.13564389E+00	7.89124906E+00	1.30989263E-02	-2.26859415E-02
5.97628480E+00	9.01217020E+00	1.30937954E-02	-2.27708914E-02
1.49777330E+00	8.14191468E+00	1.30886413E-02	-2.28563933E-02
-4.19056206E+00	5.48764910E+00	1.30834639E-02	-2.29424540E-02
-9.66670633E+00	1.71317700E+00	1.30782631E-02	-2.30290802E-02
-1.35616150E+01	-2.20313744E+00	1.30730384E-02	-2.31162790E-02
-1.49036367E+01	-5.20633063E+00	1.30677897E-02	-2.32040576E-02
-1.33516660E+01	-6.43818833E+00	1.30625168E-02	-2.32924232E-02
-9.25940299E+00	-5.47174984E+00	1.30572195E-02	-2.33813832E-02
-3.56026499E+00	-2.44001779E+00	1.30518973E-02	-2.34709452E-02
2.48911401E+00	1.98102963E+00	1.30465503E-02	-2.35611167E-02
7.63273326E+00	6.73541523E+00	1.30411779E-02	-2.36519057E-02
1.09180825E+01	1.06554049E+01	1.30357801E-02	-2.37433199E-02
1.19003010E+01	1.27637734E+01	1.30303566E-02	-2.38353675E-02
1.07013655E+01	1.25279440E+01	1.30249070E-02	-2.39280568E-02
7.92040181E+00	9.99611688E+00	1.30194311E-02	-2.40213961E-02
4.43196288E+00	5.77779806E+00	1.30139287E-02	-2.41153939E-02
1.13677063E+00	8.74422976E-01	1.30083994E-02	-2.42100589E-02
-1.26315147E+00	-3.59230851E+00	1.30028430E-02	-2.43054001E-02
-2.40666817E+00	-6.67829274E+00	1.29972592E-02	-2.44014263E-02
-2.30409065E+00	-7.85820509E+00	1.29916477E-02	-2.44981469E-02
-1.26243775E+00	-7.14402605E+00	1.29860082E-02	-2.45955711E-02
2.57988553E-01	-5.05059109E+00	1.29803403E-02	-2.46937085E-02
1.80266487E+00	-2.42188788E+00	1.29746439E-02	-2.47925689E-02
3.04598625E+00	-1.71433882E-01	1.29689185E-02	-2.48921622E-02
3.84463746E+00	9.86240457E-01	1.29631639E-02	-2.49924984E-02
4.21456072E+00	7.34982546E-01	1.29573797E-02	-2.50935879E-02
4.25216362E+00	-7.68951188E-01	1.29515657E-02	-2.51954412E-02
4.03870459E+00	-2.96650336E+00	1.29457214E-02	-2.52980690E-02
3.57032474E+00	-5.08455577E+00	1.29398465E-02	-2.54014822E-02
2.74424509E+00	-6.38436113E+00	1.29339408E-02	-2.55056921E-02
1.40869133E+00	-6.39341672E+00	1.29280037E-02	-2.56107099E-02
-5.41717566E-01	-5.05066791E+00	1.29220351E-02	-2.57165473E-02
-3.06298621E+00	-2.72198052E+00	1.29160344E-02	-2.58232161E-02
-5.89537093E+00	-8.25365034E-02	1.29100014E-02	-2.59307284E-02
-8.56823883E+00	2.09678797E+00	1.29039357E-02	-2.60390965E-02
-1.04879375E+01	3.19302633E+00	1.28978368E-02	-2.61483330E-02
-1.10915799E+01	2.92975562E+00	1.28917045E-02	-2.62584509E-02
-1.00242440E+01	1.46954756E+00	1.28855382E-02	-2.63694631E-02
-7.28391147E+00	-6.28788602E-01	1.28793377E-02	-2.64813831E-02
-3.28267021E+00	-2.57627081E+00	1.28731024E-02	-2.65942246E-02
1.20596571E+00	-3.59385247E+00	1.28668319E-02	-2.67080015E-02
5.21104558E+00	-3.15470459E+00	1.28605259E-02	-2.68227281E-02
7.80244914E+00	-1.15570605E+00	1.28541839E-02	-2.69384191E-02
8.34083108E+00	2.03410508E+00	1.28478055E-02	-2.70550893E-02
6.66834735E+00	5.66404129E+00	1.28413901E-02	-2.71727539E-02
3.18167996E+00	8.80606701E+00	1.28349374E-02	-2.72914285E-02
-1.24071822E+00	1.06140844E+01	1.28284468E-02	-2.74111291E-02
-5.44508600E+00	1.05631614E+01	1.28219179E-02	-2.75318718E-02
-8.29200538E+00	8.59955580E+00	1.28153502E-02	-2.76536734E-02
-8.95329609E+00	5.15855239E+00	1.28087432E-02	-2.77765508E-02
-7.13559542E+00	1.04569597E+00	1.28020964E-02	-2.79005214E-02
-3.16816185E+00	-2.78349158E+00	1.27954093E-02	-2.80256031E-02
2.07144093E+00	-5.48141632E+00	1.27886813E-02	-2.81518140E-02
7.37598227E+00	-6.53027554E+00	1.27819119E-02	-2.82791727E-02
1.15140200E+01	-5.86608115E+00	1.27751005E-02	-2.84076984E-02
1.35407026E+01	-3.87269644E+00	1.27682467E-02	-2.85374105E-02
1.30310877E+01	-1.25211181E+00	1.27613497E-02	-2.86683291E-02
1.01747924E+01	1.18723054E+00	1.27544091E-02	-2.88004745E-02
5.70926791E+00	2.75992649E+00	1.27474242E-02	-2.89338678E-02
7.13313354E-01	3.08402895E+00	1.27403944E-02	-2.90685304E-02
-3.67994003E+00	2.16266727E+00	1.27333191E-02	-2.92044843E-02
-6.57097646E+00	3.48544680E-01	1.27261976E-02	-2.93417519E-02
-7.50548718E+00	-1.79119212E+00	1.27190294E-02	-2.94803565E-02
-6.55617399E+00	-3.66295816E+00	1.27118136E-02	-2.96203215E-02
-4.25941272E+00	-4.82690010E+00	1.27045497E-02	-2.97616714E-02
-1.43247110E+00	-5.11375103E+00	1.26972370E-02	-2.99044309E-02
1.07086345E+00	-4.64521568E+00	1.26898747E-02	-3.00486255E-02
2.59408746E+00	-3.75680947E+00	1.26824622E-02	-3.01942814E-02
2.83613283E+00	-2.85364241E+00	1.26749986E-02	-3.03414254E-02
1.89439097E+00	-2.25072855E+00	1.26674832E-02	-3.04900850E-02
1.89058345E-01	-2.05343769E+00	1.26599152E-02	-3.06402885E-02
-1.69953453E+00	-2.11953802E+00	1.26522938E-02	-3.07920649E-02
-3.22491913E+00	-2.11652153E+00	1.26446183E-02	-3.09454439E-02
-4.03806872E+00	-1.65548931E+00	1.26368877E-02	-3.11004561E-02
-4.07190898E+00	-4.56250832E-01	1.26291013E-02	-3.12571328E-02
-3.52563732E+00	1.51384972E+00	1.26212581E-02	-3.14155064E-02
-2.76071086E+00	3.97833792E+00	1.26133573E-02	-3.15756100E-02
-2.14835482E+00	6.39468550E+00	1.26053978E-02	-3.17374776E-02
-1.92279115E+00	8.09609433E+00	1.25973789E-02	-3.19011441E-02
-2.09086671E+00	8.49310887E+00	1.25892994E-02	-3.20666457E-02
-2.42882377E+00	7.27422994E+00	1.25811585E-02	-3.22340193E-02
-2.56720441E+00	4.54103879E+00	1.25729551E-02	-3.24033029E-02
-2.13495587E+00	8.29782926E-01	1.25646881E-02	-3.25745358E-02
-9.13346579E-01	-2.99642351E+00	1.25563566E-02	-3.27477582E-02
1.05407016E+00	-5.96199573E+00	1.25479593E-02	-3.29230116E-02
3.43597740E+00	-7.24356614E+00	1.25394952E-02	-3.31003387E-02
5.68605716E+00	-6.41059288E+00	1.25309631E-02	-3.32797836E-02
7.19581706E+00	-3.57084797E+00	1.25223619E-02	-3.34613914E-02
7.48232123E+00	6.25840613E-01	1.25136902E-02	-3.36452089E-02
6.35231725E+00	5.13331197E+00	1.25049469E-02	-3.38312842E-02
3.98906715E+00	8.76961248E+00	1.24961307E-02	-3.40196669E-02
9.30090924E-01	1.05241387E+01	1.24872402E-02	-3.42104080E-02
-2.06340651E+00	9.82830025E+00	1.24782741E-02	-3.44035605E-02
-4.21127555E+00	6.71504006E+00	1.24692309E-02	-3.45991786E-02
-4.93526106E+00	1.82215498E+00	1.24601094E-02	-3.47973185E-02
-4.03096360E+00	-3.76309677E+00	1.24509079E-02	-3.49980382E-02
-1.73852403E+00	-8.77713465E+00	1.24416249E-02	-3.52013975E-02
1.31172511E+00	-1.20978659E+01	1.24322589E-02	-3.54074583E-02
4.26603875E+00	-1.30223862E+01	1.24228083E-02	-3.56162843E-02
6.28058805E+00	-1.14316590E+01	1.24132714E-02	-3.58279418E-02
6.75526194E+00	-7.80112518E+00	1.24036465E-02	-3.60424988E-02
5.50092884E+00	-3.05881632E+00	1.23939318E-02	-3.62600259E-02
2.79193306E+00	1.66624505E+00	1.23841256E-02	-3.64805962E-02
-7.11324066E-01	5.33433261E+00	1.23742259E-02	-3.67042852E-02
-4.14723520E+00	7.24530641E+00	1.23642307E-02	-3.69311711E-02
-6.69172492E+00	7.18469532E+00	1.23541382E-02	-3.71613350E-02
-7.78203474E+00	5.43313455E+00	1.23439463E-02	-3.73948605E-02
-7.26169373E+00	2.64612542E+00	1.23336528E-02	-3.76318348E-02
-5.40652467E+00	-3.53440473E-01	1.23232555E-02	-3.78723479E-02
-2.82686008E+00	-2.80603063E+00	1.23127522E-02	-3.81164933E-02
-2.77512728E-01	-4.20355993E+00	1.23021405E-02	-3.83643678E-02
1.56637077E+00	-4.38610113E+00	1.22914180E-02	-3.86160722E-02
2.30049984E+00	-3.52889631E+00	1.22805822E-02	-3.88717107E-02
1.89381062E+00	-2.03522293E+00	1.22696306E-02	-3.91313920E-02
6.73966773E-01	-3.77668952E-01	1.22585604E-02	-3.93952288E-02
-7.96183109E-01	1.05736585E+00	1.22473689E-02	-3.96633381E-02
-1.91034253E+00	2.07265844E+00	1.22360532E-02	-3.99358418E-02
-2.21767785E+00	2.68214468E+00	1.22246103E-02	-4.02128666E-02
-1.56660461E+00	3.05223770E+00	1.22130373E-02	-4.04945446E-02
-1.49039397E-01	3.39020373E+00	1.22013307E-02	-4.07810130E-02
1.56781557E+00	3.82443727E+00	1.21894875E-02	-4.10724150E-02
2.99973448E+00	4.32300526E+00	1.21775041E-02	-4.13688996E-02
3.64302200E+00	4.68252443E+00	1.21653769E-02	-4.16706226E-02
3.24803631E+00	4.59417017E+00	1.21531024E-02	-4.19777461E-02
1.91248561E+00	3.76578504E+00	1.21406766E-02	-4.22904395E-02
6.30230972E-02	2.05789951E+00	1.21280956E-02	-4.26088798E-02
-1.67153548E+00	-4.15875297E-01	1.21153552E-02	-4.29332518E-02
-2.65782641E+00	-3.26443347E+00	1.21024512E-02	-4.32637487E-02
-2.46575960E+00	-5.88791935E+00	1.20893790E-02	-4.36005728E-02
-1.02123210E+00	-7.62677396E+00	1.20761340E-02	-4.39439357E-02
1.34618249E+00	-7.95079146E+00	1.20627113E-02	-4.42940590E-02
3.97940747E+00	-6.63195292E+00	1.20491059E-02	-4.46511750E-02
6.07521940E+00	-3.84585376E+00	1.20353126E-02	-4.50155271E-02
6.91945288E+00	-1.64909324E-01	1.20213258E-02	-4.53873711E-02
6.10690488E+00	3.56283940E+00	1.20071399E-02	-4.57669751E-02
3.67943830E+00	6.42156192E+00	1.19927488E-02	-4.61546212E-02
1.38432207E-01	7.66733949E+00	1.19781464E-02	-4.65506056E-02
-3.67609341E+00	6.93321549E+00	1.19633261E-02	-4.69552403E-02
-6.80822137E+00	4.34055243E+00	1.19482812E-02	-4.73688536E-02
-8.44878845E+00	4.82586358E-01	1.19330045E-02	-4.77917914E-02
-8.16322390E+00	-3.71853136E+00	1.19174886E-02	-4.82244187E-02
-6.01878256E+00	-7.24425287E+00	1.19017258E-02	-4.86671204E-02
-2.57355792E+00	-9.23923305E+00	1.18857080E-02	-4.91203032E-02
1.27102565E+00	-9.22763338E+00	1.18694266E-02	-4.95843970E-02
4.51351107E+00	-7.22785141E+00	1.18528727E-02	-5.00598566E-02
6.32337112E+00	-3.73599140E+00	1.18360370E-02	-5.05471637E-02
6.26370500E+00	4.14833288E-01	1.18189096E-02	-5.10468287E-02
4.40374191E+00	4.27799154E+00	1.18014803E-02	-5.15593934E-02
1.29088640E+00	7.03631848E+00	1.17837384E-02	-5.20854329E-02
-2.20791112E+00	8.19786461E+00	1.17656723E-02	-5.26255587E-02
-5.14888374E+00	7.69339629E+00	1.17472704E-02	-5.31804217E-02
-6.76875360E+00	5.85448646E+00	1.17285199E-02	-5.37507150E-02
-6.68442096E+00	3.28594473E+00	1.17094079E-02	-5.43371782E-02
-4.98090135E+00	6.75899117E-01	1.16899203E-02	-5.49406007E-02
-2.16655907E+00	-1.39753090E+00	1.16700428E-02	-5.55618268E-02
9.86926149E-01	-2.60656648E+00	1.16497598E-02	-5.62017599E-02
3.67008926E+00	-2.92405857E+00	1.16290553E-02	-5.68613686E-02
5.25992690E+00	-2.57644424E+00	1.16079123E-02	-5.75416920E-02
5.47896962E+00	-1.92278728E+00	1.15863128E-02	-5.82438474E-02
4.44669540E+00	-1.30542565E+00	1.15642379E-02	-5.89690370E-02
2.61391517E+00	-9.24550407E-01	1.15416678E-02	-5.97185569E-02
6.05468561E-01	-7.78729244E-01	1.15185814E-02	-6.04938062E-02
-9.77468105E-01	-6.89562612E-01	1.14949566E-02	-6.12962979E-02
-1.73441266E+00	-3.99172156E-01	1.14707702E-02	-6.21276712E-02
-1.56979590E+00	2.96309482E-01	1.14459976E-02	-6.29897046E-02
-6.96525358E-01	1.42729084E+00	1.14206130E-02	-6.38843316E-02
4.57037410E-01	2.79179921E+00	1.13945892E-02	-6.48136587E-02
1.40302435E+00	3.98412525E+00	1.13678977E-02	-6.57799846E-02
1.76098011E+00	4.50876579E+00	1.13405087E-02	-6.67858241E-02
1.38214103E+00	3.94752489E+00	1.13123907E-02	-6.78339336E-02
3.92550689E-01	2.12692504E+00	1.12835111E-02	-6.89273421E-02
-8.56717705E-01	-7.71383607E-01	1.12538359E-02	-7.00693858E-02
-1.91403424E+00	-4.20059149E+00	1.12233299E-02	-7.12637489E-02
-2.38452507E+00	-7.35368687E+00	1.11919566E-02	-7.25145111E-02
-2.06830703E+00	-9.36276767E+00	1.11596791E-02	-7.38262027E-02
-1.03426180E+00	-9.54101933E+00	1.11264597E-02	-7.52038695E-02
3.95105434E-01	-7.59859281E+00	1.10922609E-02	-7.66531496E-02
1.74354276E+00	-3.76639734E+00	1.10570459E-02	-7.81803641E-02
2.53419812E+00	1.21546404E+00	1.10207799E-02	-7.97926250E-02
2.44723099E+00	6.25115765E+00	1.09834312E-02	-8.14979648E-02
1.43115758E+00	1.01505723E+01	1.09449730E-02	-8.33054919E-02
-2.68675890E-01	1.19324054E+01	1.09053864E-02	-8.52255799E-02
-2.17529784E+00	1.10877867E+01	1.08646636E-02	-8.72700969E-02
-3.72036163E+00	7.73111606E+00	1.08228131E-02	-8.94526881E-02
-4.41693133E+00	2.59344273E+00	1.07798659E-02	-9.17891251E-02
-4.01147685E+00	-3.14441321E+00	1.07358854E-02	-9.42977403E-02
-2.56747230E+00	-8.13829550E+00	1.06909797E-02	-9.69999743E-02
-4.53597408E-01	-1.12130669E+01	1.06453198E-02	-9.99210692E-02
1.76124954E+00	-1.16541933E+01	1.05991654E-02	-1.03090957E-01
3.47509901E+00	-9.38243286E+00	1.05529005E-02	-1.06545409E-01
4.23169195E+00	-4.96678416E+00	1.05070862E-02	-1.10327548E-01
3.85630367E+00	5.25879663E-01	1.04625363E-02	-1.14489841E-01
2.50676545E+00	5.80283819E+00	1.04204309E-02	-1.19096800E-01
6.23599706E-01	9.66627582E+00	1.03824861E-02	-1.24228662E-01
-1.20589073E+00	1.12988818E+01	1.03512146E-02	-1.29986514E-01
-2.42814895E+00	1.04423842E+01	1.03303341E-02	-1.36499564E-01
-2.69306044E+00	7.42807264E+00	1.03254232E-02	-1.43935681E-01
-1.96036147E+00	3.05921840E+00	1.03450033E-02	-1.52517072E-01
-5.09516351E-01	-1.61557911E+00	1.04023819E-02	-1.62544251E-01
1.15051720E+00	-5.57246336E+00	1.05189166E-02	-1.74433930E-01
2.44416109E+00	-8.05284540E+00	1.07300514E-02	-1.88781258E-01
2.91438003E+00	-8.71452846E+00	1.10970940E-02	-2.06466843E-01
2.37224547E+00	-7.66233619E+00	1.17317295E-02	-2.28851205E-01
9.63316695E-01	-5.36253066E+00	1.28513153E-02	-2.58152998E-01
-8.71538544E-01	-2.47682498E+00	1.49171427E-02	-2.98250883E-01
-2.53072055E+00	3.29375437E-01	1.90308519E-02	-3.56587339E-01
-3.44175044E+00	2.54836112E+00	2.83118920E-02	-4.49451501E-01
-3.24816855E+00	3.92005711E+00	5.43222157E-02	-6.20446011E-01
-1.93475639E+00	4.43539378E+00	1.67921670E-01	-1.03507372E+00
1.50045363E-01	4.26619052E+00	2.04875696E+00	-2.67583740E+00
2.38501660E+00	3.65619038E+00	6.92837875E-01	1.60522697E+00
4.05625931E+00	2.81645091E+00	1.55107649E-01	7.06743073E-01
4.57438926E+00	1.86192794E+00	7.57991213E-02	4.31135967E-01
3.66379460E+00	8.07703459E-01	4.94816583E-02	3.00592166E-01
1.46541914E+00	-3.80399040E-01	3.73440985E-02	2.24486315E-01
-1.48118133E+00	-1.70686632E+00	3.06424252E-02	1.74504868E-01
-4.37560291E+00	-3.07608342E+00	2.64961983E-02	1.39027157E-01
-6.37755397E+00	-4.26452079E+00	2.37216264E-02	1.12415545E-01
-6.84874566E+00	-4.95411357E+00	2.17553958E-02	9.16058910E-02
-5.54566403E+00	-4.82252050E+00	2.02998250E-02	7.47892625E-02
-2.70584416E+00	-3.66340453E+00	1.91846965E-02	6.08280767E-02
1.00003834E+00	-1.49552861E+00	1.83065028E-02	4.89700702E-02
4.63970639E+00	1.38138624E+00	1.75991240E-02	3.86967826E-02
7.26819425E+00	4.41243949E+00	1.70185904E-02	2.96381048E-02
8.18512295E+00	6.89895678E+00	1.65346741E-02	2.15215326E-02
7.12822160E+00	8.17175586E+00	1.61260132E-02	1.41406859E-02
4.34851750E+00	7.78021085E+00	1.57771638E-02	7.33501989E-03
5.45798588E-01	5.64167053E+00	1.54767539E-02	9.76291165E-04
-3.31777280E+00	2.10301988E+00	1.52162942E-02	-5.04077311E-03
-6.27393881E+00	-2.11131111E+00	1.49893932E-02	-1.08051272E-02
-7.60342330E+00	-6.05890592E+00	1.47912318E-02	-1.63943287E-02
-7.01987505E+00	-8.80881972E+00	1.46182087E-02	-2.18783424E-02
-4.73365556E+00	-9.68108972E+00	1.44677052E-02	-2.73226443E-02
-1.38086483E+00	-8.43073671E+00	1.43379363E-02	-3.27909264E-02
2.15914503E+00	-5.32370876E+00	1.42278715E-02	-3.83476434E-02
5.00411607E+00	-1.08071997E+00	1.41372163E-02	-4.40606181E-02
6.49903533E+00	3.29895200E+00	1.40664556E-02	-5.00039299E-02
6.37336805E+00	6.78819732E+00	1.40169707E-02	-5.62613524E-02
4.78564759E+00	8.59069954E+00	1.39912518E-02	-6.29306939E-02
2.24919351E+00	8.33822356E+00	1.39932472E-02	-7.01295414E-02
-5.33310728E-01	6.17414472E+00	1.40289239E-02	-7.80031681E-02
-2.87412304E+00	2.70228348E+00	1.41071642E-02	-8.67357952E-02
-4.28311256E+00	-1.18271517E+00	1.42412283E-02	-9.65671619E-02
-4.57809980E+00	-4.53497302E+00	1.44512017E-02	-1.07817719E-01
-3.89647273E+00	-6.60028788E+00	1.47682407E-02	-1.20928314E-01
-2.61264042E+00	-6.99662613E+00	1.52422648E-02	-1.36525265E-01
-1.19392601E+00	-5.78590223E+00	1.59566564E-02	-1.55532129E-01
-4.42332454E-02	-3.42277275E+00	1.70582416E-02	-1.79372648E-01
6.14446209E-01	-6.01282243E-01	1.88235964E-02	-2.10365316E-01
7.87534472E-01	1.95184349E+00	2.18216904E-02	-2.52559559E-01
6.70620491E-01	3.67559700E+00	2.73715853E-02	-3.13720050E-01
5.47273689E-01	4.30868816E+00	3.91040304E-02	-4.10829249E-01
6.60666125E-01	3.92485978E+00	7.01139409E-02	-5.89300234E-01
1.10550792E+00	2.86632402E+00	1.98529356E-01	-1.02110815E+00
1.77908730E+00	1.60290354E+00	2.22047583E+00	-2.69523634E+00
2.40967382E+00	5.65656925E-01	6.82947840E-01	1.74526019E+00
2.65391139E+00	9.20390752E-03	1.45135843E-01	7.98672818E-01
2.23075335E+00	-5.46063399E-02	6.86636319E-02	5.09892393E-01
1.04583378E+00	1.66366360E-01	4.40935718E-02	3.73410953E-01
-7.38490429E-01	3.45381280E-01	3.30831225E-02	2.94044496E-01
-2.71601306E+00	1.78429819E-01	2.71573940E-02	2.42104381E-01
-4.33492080E+00	-4.83419729E-01	2.35734146E-02	2.05416343E-01
-5.05589745E+00	-1.55772336E+00	2.12224084E-02	1.78078491E-01
-4.52365411E+00	-2.73864221E+00	1.95849564E-02	1.56885782E-01
-2.69838618E+00	-3.58950329E+00	1.83906150E-02	1.39948397E-01
9.68860585E-02	-3.69177446E+00	1.74868963E-02	1.26080106E-01
3.23357941E+00	-2.80237851E+00	1.67822901E-02	1.14498762E-01
5.92906919E+00	-9.66413742E-01	1.62190540E-02	1.04667742E-01
7.45323890E+00	1.45559780E+00	1.57592174E-02	9.62065897E-02
7.33270685E+00	3.86125107E+00	1.53769324E-02	8.88380327E-02
5.49376947E+00	5.56450955E+00	1.50540781E-02	8.23551973E-02
2.30088327E+00	5.99500155E+00	1.47776249E-02	7.66005769E-02
-1.52363898E+00	4.87958161E+00	1.45379954E-02	7.14521150E-02
-5.07939785E+00	2.34975870E+00	1.43280116E-02	6.68137472E-02
-7.51919774E+00	-1.06174288E+00	1.41422010E-02	6.26088176E-02
-8.26873283E+00	-4.54054723E+00	1.39763270E-02	5.87754015E-02
-7.17433356E+00	-7.19743329E+00	1.38270642E-02	5.52629187E-02
-4.53846950E+00	-8.30683615E+00	1.36917699E-02	5.20296413E-02
-1.03419024E+00	-7.51039145E+00	1.35683202E-02	4.90408307E-02
2.47650252E+00	-4.92693143E+00	1.34549904E-02	4.62673271E-02
5.16899476E+00	-1.13555577E+00	1.33503669E-02	4.36844678E-02
6.46436675E+00	2.96631763E+00	1.32532807E-02	4.12712473E-02
6.16359157E+00	6.39277835E+00	1.31627576E-02	3.90096603E-02
4.47403679E+00	8.32496919E+00	1.30779795E-02	3.68841808E-02
1.92614467E+00	8.32266842E+00	1.29982547E-02	3.48813465E-02
-7.90752440E-01	6.43439257E+00	1.29229947E-02	3.29894244E-02
-3.02289203E+00	3.17686894E+00	1.28516956E-02	3.11981396E-02
-4.32012174E+00	-6.08875721E-01	1.27839237E-02	2.94984533E-02
-4.53157805E+00	-3.98357799E+00	1.27193036E-02	2.78823805E-02
-3.80693436E+00	-6.15480497E+00	1.26575087E-02	2.63428396E-02
-2.51055595E+00	-6.67411075E+00	1.25982537E-02	2.48735259E-02
-1.08176464E+00	-5.53450402E+00	1.25412882E-02	2.34688073E-02
1.11039571E-01	-3.14577999E+00	1.24863914E-02	2.21236352E-02
8.75557962E-01	-2.00069537E-01	1.24333677E-02	2.08334702E-02
1.22885825E+00	2.52989780E+00	1.23820437E-02	1.95942180E-02
1.35256252E+00	4.40036994E+00	1.23322645E-02	1.84021755E-02
1.49011318E+00	5.05526214E+00	1.22838915E-02	1.72539844E-02
1.82539833E+00	4.49282044E+00	1.22368003E-02	1.61465909E-02
2.38785100E+00	3.02783246E+00	1.21908789E-02	1.50772113E-02
3.01983610E+00	1.16795846E+00	1.21460261E-02	1.40433022E-02
3.42070736E+00	-5.53209526E-01	1.21021500E-02	1.30425345E-02
3.25526298E+00	-1.73356434E+00	1.20591671E-02	1.20727704E-02
2.29111223E+00	-2.20375040E+00	1.20170016E-02	1.11320439E-02
5.17370260E-01	-2.04568318E+00	1.19755839E-02	1.02185431E-02
-1.79960302E+00	-1.52897352E+00	1.19348502E-02	9.33059502E-03
-4.14956280E+00	-9.91732780E-01	1.18947421E-02	8.46665179E-03
-5.89928297E+00	-7.08660645E-01	1.18552055E-02	7.62527897E-03
-6.47066678E+00	-7.91490717E-01	1.18161908E-02	6.80514472E-03
-5.52494356E+00	-1.15448634E+00	1.17776518E-02	6.00501033E-03
-3.09593295E+00	-1.55500815E+00	1.17395457E-02	5.22372183E-03
3.73149292E-01	-1.69365351E+00	1.17018326E-02	4.46020240E-03
4.10874681E+00	-1.33834147E+00	1.16644756E-02	3.71344564E-03
7.18785469E+00	-4.28443218E-01	1.16274398E-02	2.98250946E-03
8.77577088E+00	8.78711491E-01	1.15906928E-02	2.26651065E-03
8.35660083E+00	2.23786186E+00	1.15542040E-02	1.56461994E-03
5.89120034E+00	3.21597514E+00	1.15179448E-02	8.76057574E-04
1.85491005E+00	3.43237080E+00	1.14818881E-02	2.00089257E-04
-2.86059606E+00	2.69410898E+00	1.14460082E-02	-4.63977460E-04
-7.15961912E+00	1.08148098E+00	1.14102809E-02	-1.11679651E-03
-1.00149438E+01	-1.04749268E+00	1.13746831E-02	-1.75898633E-03
-1.07288348E+01	-3.14017306E+00	1.13391930E-02	-2.39113259E-03
-9.11277836E+00	-4.59921190E+00	1.13037897E-02	-3.01379071E-03
-5.53756545E+00	-4.95659697E+00	1.12684531E-02	-3.62748816E-03
-8.40144074E-01	-4.01984708E+00	1.12331642E-02	-4.23272656E-03
3.88775419E+00	-1.94478093E+00	1.11979045E-02	-4.82998361E-03
7.57266800E+00	7.90153943E-01	1.11626564E-02	-5.41971485E-03
9.42184374E+00	3.50424576E+00	1.11274029E-02	-6.00235533E-03
9.10700090E+00	5.49744071E+00	1.10921275E-02	-6.57832107E-03
6.82410558E+00	6.24426611E+00	1.10568142E-02	-7.14801049E-03
3.21836410E+00	5.54276308E+00	1.10214476E-02	-7.71180569E-03
-7.99931894E-01	3.57456621E+00	1.09860127E-02	-8.27007364E-03
-4.29498333E+00	8.57570621E-01	1.09504947E-02	-8.82316730E-03
-6.53457165E+00	-1.89627622E+00	1.09148795E-02	-9.37142664E-03
-7.14929269E+00	-3.97782050E+00	1.08791530E-02	-9.91517962E-03
-6.18524205E+00	-4.87588935E+00	1.08433014E-02	-1.04547431E-02
-4.04510143E+00	-4.41493074E+00	1.08073114E-02	-1.09904237E-02
-1.34373060E+00	-2.79602983E+00	1.07711696E-02	-1.15225184E-02
1.27389749E+00	-5.30493064E-01	1.07348630E-02	-1.20513157E-02
3.29807361E+00	1.71345420E+00	1.06983787E-02	-1.25770959E-02
4.45847036E+00	3.30516021E+00	1.06617039E-02	-1.31001321E-02
4.74465780E+00	3.83001928E+00	1.06248259E-02	-1.36206904E-02
4.34795394E+00	3.20018853E+00	1.05877321E-02	-1.41390310E-02
3.55328066E+00	1.66654970E+00	1.05504101E-02	-1.46554085E-02
2.62273672E+00	-2.69366250E-01	1.05128474E-02	-1.51700724E-02
1.71140929E+00	-2.01501208E+00	1.04750315E-02	-1.56832678E-02
8.41581685E-01	-3.06863441E+00	1.04369500E-02	-1.61952357E-02
-6.08457933E-02	-3.16803751E+00	1.03985905E-02	-1.67062137E-02
-1.08661725E+00	-2.36192585E+00	1.03599404E-02	-1.72164363E-02
-2.25448453E+00	-9.83589164E-01	1.03209874E-02	-1.77261355E-02
-3.45132619E+00	4.63275090E-01	1.02817187E-02	-1.82355410E-02
-4.42858060E+00	1.47002256E+00	1.02421218E-02	-1.87448810E-02
-4.86246912E+00	1.68780838E+00	1.02021839E-02	-1.92543823E-02
-4.46206525E+00	1.04020618E+00	1.01618921E-02	-1.97642709E-02
-3.09034250E+00	-2.51360557E-01	1.01212334E-02	-2.02747723E-02
-8.55419753E-01	-1.73734817E+00	1.00801948E-02	-2.07861121E-02
1.86460172E+00	-2.88342872E+00	1.00387628E-02	-2.12985162E-02
4.48094961E+00	-3.24294375E+00	9.99692416E-03	-2.18122116E-02
6.32935285E+00	-2.60467838E+00	9.95466508E-03	-2.23274262E-02
6.84760634E+00	-1.06936162E+00	9.91197178E-03	-2.28443898E-02
5.74575613E+00	9.70124720E-01	9.86883019E-03	-2.33633343E-02
3.11725500E+00	2.94041974E+00	9.82522602E-03	-2.38844940E-02
-5.46735727E-01	4.25849513E+00	9.78114475E-03	-2.44081066E-02
-4.45169381E+00	4.51026066E+00	9.73657160E-03	-2.49344129E-02
-7.68362656E+00	3.58248804E+00	9.69149150E-03	-2.54636580E-02
-9.43665301E+00	1.70698070E+00	9.64588912E-03	-2.59960913E-02
-9.22388650E+00	-5.98080994E-01	9.59974884E-03	-2.65319673E-02
-7.01352361E+00	-2.67385965E+00	9.55305470E-03	-2.70715461E-02
-3.25095508E+00	-3.91149678E+00	9.50579044E-03	-2.76150939E-02
1.24185505E+00	-3.93154590E+00	9.45793948E-03	-2.81628836E-02
5.46504685E+00	-2.69881310E+00	9.40948486E-03	-2.87151956E-02
8.48598469E+00	-5.37923424E-01	9.36040929E-03	-2.92723183E-02
9.66644091E+00	1.95589880E+00	9.31069511E-03	-2.98345489E-02
8.81251005E+00	4.08538563E+00	9.26032427E-03	-3.04021942E-02
6.20930303E+00	5.25014167E+00	9.20927836E-03	-3.09755712E-02
2.53404860E+00	5.11787902E+00	9.15753855E-03	-3.15550083E-02
-1.32600047E+00	3.71803510E+00	9.10508564E-03	-3.21408459E-02
-4.49972785E+00	1.43070898E+00	9.05190001E-03	-3.27334375E-02
-6.34133716E+00	-1.12532152E+00	8.99796165E-03	-3.33331509E-02
-6.56881423E+00	-3.27212303E+00	8.94325015E-03	-3.39403692E-02
-5.29983408E+00	-4.46667269E+00	8.88774470E-03	-3.45554920E-02
-2.98305730E+00	-4.45262955E+00	8.83142409E-03	-3.51789370E-02
-2.51592448E-01	-3.32597040E+00	8.77426674E-03	-3.58111411E-02
2.25496175E+00	-1.49652148E+00	8.71625073E-03	-3.64525622E-02
4.04830269E+00	4.41614333E-01	8.65735375E-03	-3.71036808E-02
4.88753063E+00	1.89092497E+00	8.59755324E-03	-3.77650020E-02
4.79364723E+00	2.42814197E+00	8.53682631E-03	-3.84370573E-02
3.98852580E+00	1.92586587E+00	8.47514986E-03	-3.91204071E-02
2.78674273E+00	5.82793853E-01	8.41250061E-03	-3.98156429E-02
1.48059230E+00	-1.14498757E+00	8.34885517E-03	-4.05233902E-02
2.56946898E-01	-2.68938676E+00	8.28419006E-03	-4.12443112E-02
-8.29471450E-01	-3.54730795E+00	8.21848189E-03	-4.19791082E-02
-1.82331467E+00	-3.43518822E+00	8.15170734E-03	-4.27285272E-02
-2.79478756E+00	-2.37435102E+00	8.08384333E-03	-4.34933617E-02
-3.75770538E+00	-6.81853197E-01	8.01486705E-03	-4.42744575E-02
-4.61496371E+00	1.12961717E+00	7.94475604E-03	-4.50727172E-02
-5.15687617E+00	2.51163542E+00	7.87348814E-03	-4.58891061E-02
-5.11842597E+00	3.05057325E+00	7.80104130E-03	-4.67246587E-02
-4.27921453E+00	2.59659830E+00	7.72739299E-03	-4.75804860E-02
-2.57231092E+00	1.31176096E+00	7.65251892E-03	-4.84577849E-02
-1.61473867E-01	-3.77550135E-01	7.57638981E-03	-4.93578499E-02
2.54688969E+00	-1.90947290E+00	7.49896376E-03	-5.02820923E-02
4.97173904E+00	-2.75792612E+00	7.42016576E-03	-5.12320758E-02
6.49470425E+00	-2.59451709E+00	7.33982415E-03	-5.22096185E-02
6.63203147E+00	-1.39218707E+00	7.25742274E-03	-5.32172623E-02
5.19177298E+00	5.60789505E-01	7.17133174E-03	-5.42634173E-02
2.36653746E+00	2.74092733E+00	7.12479806E-03	-5.53170113E-02
-1.27275733E+00	4.54008902E+00	7.01730541E-03	-5.64159557E-02
-4.88991930E+00	5.44183700E+00	6.93135808E-03	-5.75622209E-02
-7.58019573E+00	5.17141615E+00	6.84445286E-03	-5.87448018E-02
-8.60161609E+00	3.77528752E+00	6.75691607E-03	-5.99701838E-02
-7.57888894E+00	1.60728240E+00	6.66873904E-03	-6.12416543E-02
-4.62207907E+00	-7.73769627E-01	6.57992579E-03	-6.25626684E-02
-3.23353427E-01	-2.76402858E+00	6.49042083E-03	-6.39368681E-02
4.37259447E+00	-3.88477159E+00	6.39934276E-03	-6.53675353E-02
8.39418717E+00	-3.91294142E+00	6.29363095E-03	-6.68727476E-02
1.08072760E+01	-2.93495713E+00	6.22407762E-03	-6.84318506E-02
1.10489475E+01	-1.31001964E+00	6.13272589E-03	-7.00606518E-02
9.06881603E+00	4.43808531E-01	6.02704273E-03	-7.17672581E-02
5.34013657E+00	1.80494244E+00	5.95613430E-03	-7.35682186E-02
7.37900415E-01	2.39790894E+00	5.85135737E-03	-7.54178210E-02
-3.68329191E+00	2.09324518E+00	5.67536994E-03	-7.73022878E-02
-6.95227918E+00	1.02991682E+00	4.87288653E-03	-7.90727756E-02
-8.41594766E+00	-4.43217350E-01	5.72114444E-03	-8.27678474E-02
-7.88505377E+00	-1.88566823E+00	5.71436395E-03	-8.45193049E-02
-5.65622941E+00	-2.90452231E+00	3.90489695E-03	-8.75631170E-02
-2.40940651E+00	-3.27064817E+00	5.67762134E-03	-9.06305608E-02
9.86630321E-01	-2.97656331E+00	5.75647324E-03	-9.33133502E-02
3.70450386E+00	-2.22006829E+00	5.04998434E-03	-9.53340631E-02
5.16126606E+00	-1.32179792E+00	5.43378126E-03	-1.00813376E-01
5.14191334E+00	-6.05862824E-01	5.96392299E-03	-1.04672507E-01
3.81598018E+00	-2.84155520E-01	6.66976671E-03	-1.08670126E-01
1.65109371E+00	-3.83133229E-01	4.40660779E-03	-1.12306077E-01
-7.44113638E-01	-7.37589114E-01	5.66117300E-03	-1.18524439E-01
-2.79769846E+00	-1.05366668E+00	6.39049510E-03	-1.25932888E-01
-4.12052998E+00	-1.02027055E+00	7.48628983E-03	-1.33048660E-01
-4.58190393E+00	-4.31493578E-01	8.72765852E-03	-1.41281977E-01
-4.29966016E+00	7.21896445E-01	1.03748380E-02	-1.51040183E-01
-3.55679542E+00	2.22483533E+00	1.28019612E-02	-1.62674764E-01
-2.67825572E+00	3.68712929E+00	1.63928760E-02	-1.76873103E-01
-1.91159871E+00	4.65751893E+00	2.20229425E-02	-1.94688978E-01
-1.35093612E+00	4.76891612E+00	3.07665123E-02	-2.18134386E-01
-9.26895531E-01	3.86925933E+00	4.68050987E-02	-2.50321725E-01
-4.61981649E-01	2.09464811E+00	8.02611201E-02	-2.98444492E-01
2.31672616E-01	-1.42570883E-01	1.71032655E-01	-3.78863845E-01
1.24940218E+00	-2.25283321E+00	6.79207607E-01	-4.35432581E-01
2.52476454E+00	-3.63059513E+00	-3.13925488E-01	2.16152264E-01
3.82128080E+00	-3.83244874E+00	-2.16730346E-01	-3.82308375E-01
4.79171626E+00	-2.71937957E+00	1.44311793E-01	-1.06824520E+00
5.08812774E+00	-5.18726010E-01	9.80741063E-01	9.55394033E-01
4.48760579E+00	2.21662966E+00	-2.99219017E-02	3.42489796E-01
2.99140112E+00	4.74485980E+00	-2.15813309E-01	-2.07127238E-01
8.61525327E-01	6.33225605E+00	8.00920097E-01	3.05968857E-02
-1.42275494E+00	6.45663837E+00	2.94526908E-01	2.33772925E-01
-3.28136363E+00	4.95950408E+00	1.59409766E-01	1.79453705E-01
-4.19209868E+00	2.10248476E+00	1.08675256E-01	1.38623116E-01
-3.84593659E+00	-1.49004122E+00	8.20124773E-02	1.09262306E-01
-2.25193538E+00	-4.98839198E+00	6.58195623E-02	8.74978035E-02
2.42361974E-01	-7.57287732E+00	5.50770269E-02	7.08908278E-02
3.02541621E+00	-8.64809205E+00	4.71731716E-02	5.73212132E-02
5.37388300E+00	-7.99733908E+00	4.12139635E-02	4.60653614E-02
6.64205694E+00	-5.83499439E+00	3.66455330E-02	3.63270000E-02
6.43620858E+00	-2.74322147E+00	3.30440418E-02	2.81677265E-02
4.72462144E+00	4.88267013E-01	3.00224515E-02	2.09898059E-02
1.85165214E+00	3.07397881E+00	2.73524309E-02	1.46178236E-02
-1.54899254E+00	4.43695814E+00	2.53368285E-02	8.84612131E-03
-4.71813926E+00	4.34998439E+00	2.33270290E-02	3.89327059E-03
-6.96686938E+00	2.97699670E+00	2.10672766E-02	-3.93418458E-04
-7.85009640E+00	8.07054611E-01	1.45059811E-02	-7.01161516E-03
-7.27086930E+00	-1.49645140E+00	1.78738499E-02	-1.39811010E-02
-5.48853281E+00	-3.28558004E+00	1.89263732E-02	-1.53791398E-02
-3.03151913E+00	-4.10164068E+00	1.73451158E-02	-1.73709585E-02
-5.42430450E-01	-3.78497637E+00	1.20562419E-02	-2.34135576E-02
1.39862815E+00	-2.49327444E+00	1.53955752E-02	-2.77257679E-02
2.42197721E+00	-6.28751183E-01	1.49411545E-02	-3.02660672E-02
2.44734205E+00	1.29884328E+00	1.42738600E-02	-3.31428172E-02
1.67537921E+00	2.82890375E+00	1.35640416E-02	-3.61090434E-02
4.99665946E-01	3.67828144E+00	1.29522996E-02	-3.90382326E-02
-6.29801272E-01	3.80424079E+00	1.23306971E-02	-4.19406153E-02
-1.34756599E+00	3.38695303E+00	1.16753598E-02	-4.48101414E-02
-1.47490786E+00	2.74211808E+00	1.11347346E-02	-4.77593280E-02
-1.05405870E+00	2.19582831E+00	1.05823220E-02	-5.06159103E-02
-3.07792809E-01	1.96457810E+00	1.00356927E-02	-5.34825201E-02
4.58295026E-01	2.08026129E+00	9.49894311E-03	-5.63577657E-02
9.75659443E-01	2.38430358E+00	8.97022584E-03	-5.92490564E-02
1.11341754E+00	2.59188211E+00	8.44740290E-03	-6.21642473E-02
9.25490920E-01	2.40390913E+00	7.92855245E-03	-6.51113519E-02
6.28282944E-01	1.62849228E+00	7.41340139E-03	-6.80965441E-02
5.16286466E-01	2.69998102E-01	6.88216106E-03	-7.11338675E-02
8.44088601E-01	-1.44618503E+00	6.36349917E-03	-7.42312980E-02
1.71521594E+00	-3.12464244E+00	5.83717515E-03	-7.73935378E-02
3.01720105E+00	-4.31360573E+00	5.30405741E-03	-8.06318836E-02
4.42828555E+00	-4.64730451E+00	4.75912508E-03	-8.39570385E-02
5.49851820E+00	-3.97236859E+00	4.20406676E-03	-8.73802316E-02
5.78367278E+00	-2.41684159E+00	3.63516146E-03	-9.09123424E-02
4.99207322E+00	-3.76668028E-01	3.04993554E-03	-9.45659596E-02
3.09802399E+00	1.58085104E+00	2.44559738E-03	-9.83548245E-02
3.83469481E-01	2.87159077E+00	1.82132682E-03	-1.02296772E-01
-2.61026993E+00	3.06343374E+00	1.17048373E-03	-1.06396291E-01
-5.21216624E+00	2.00979248E+00	4.88908270E-04	-1.10685122E-01
-6.79888874E+00	-9.29224412E-02	-2.28258518E-04	-1.15179507E-01
-6.97034323E+00	-2.74338520E+00	-9.85893139E-04	-1.19904155E-01
-5.67210120E+00	-5.26099757E+00	-1.80645473E-03	-1.24890928E-01
-3.22700702E+00	-6.96546488E+00	-2.74559082E-03	-1.30218632E-01
-2.63311241E-01	-7.36050882E+00	-3.24966351E-03	-1.36883821E-01
2.44388551E+00	-6.27007656E+00	-3.95359112E-03	-1.41542173E-01
4.17585035E+00	-3.88852877E+00	-5.15804958E-03	-1.47828586E-01
4.46247618E+00	-7.30596636E-01	-6.07541680E-03	-1.55021746E-01
3.21013563E+00	2.50469381E+00	-7.17979516E-03	-1.61823182E-01
7.29174384E-01	5.11770949E+00	-8.48067760E-03	-1.69585773E-01
-2.34704799E+00	6.58808046E+00	-9.91658560E-03	-1.77980277E-01
-5.22940055E+00	6.70121975E+00	-1.20298871E-02	-1.87048665E-01
-7.18037157E+00	5.58804782E+00	-1.23464851E-02	-1.98704103E-01
-7.70465822E+00	3.66987304E+00	-1.39803299E-02	-2.09249567E-01
-6.67136951E+00	1.52752616E+00	-1.58606783E-02	-2.21548779E-01
-4.33611744E+00	-2.65227101E-01	-1.66485864E-02	-2.35388130E-01
-1.25976969E+00	-1.29526625E+00	-2.12358398E-02	-2.50604284E-01
1.85052139E+00	-1.40775105E+00	-2.35010786E-02	-2.69600961E-01
4.33149645E+00	-7.23079515E-01	-2.58285523E-02	-2.92344447E-01
5.73153562E+00	4.26688346E-01	-2.32487421E-02	-3.09972569E-01
5.91072802E+00	1.61788321E+00	-3.23081409E-02	-3.41753057E-01
5.04909413E+00	2.47192051E+00	-3.69058964E-02	-3.79941834E-01
3.56607278E+00	2.76572358E+00	-3.57660422E-02	-4.28941675E-01
1.97972603E+00	2.48318374E+00	-4.50896594E-02	-4.92394098E-01
7.50137606E-01	1.79499371E+00	-4.30207411E-02	-5.73447060E-01
1.53756386E-01	9.77574326E-01	-4.34048059E-02	-7.45688298E-01
2.23740352E-01	3.01162978E-01	1.44147940E-01	-1.23108814E+00
7.69652153E-01	-7.35917517E-02	5.71321988E-01	-6.91702337E-01
1.46501433E+00	-1.54798823E-01	2.72394572E-01	-3.32535484E-02
1.97089549E+00	-1.13774071E-01	4.53277352E-02	-7.03930036E-01
2.05395489E+00	-2.16242004E-01	1.01678855E+00	-1.61971315E+00
1.66092655E+00	-7.13370274E-01	1.82719682E+00	9.48483591E-02
9.26930797E-01	-1.73000431E+00	1.33194891E+00	3.02782036E-01
1.17178798E-01	-3.18972621E+00	1.31518516E-01	1.41797684E-01
-4.76517959E-01	-4.80563828E+00	6.16813913E-02	-9.86282213E-01
-6.48405916E-01	-6.14521466E+00	2.26402010E+00	7.09204420E-01
-3.61764266E-01	-6.75348826E+00	7.73503605E-01	7.47927559E-01
2.26863298E-01	-6.29880167E+00	3.59422622E-01	4.85052124E-01
8.11981658E-01	-4.69582092E+00	2.61804019E-01	3.03953571E-01
1.03920412E+00	-2.16484708E+00	2.52030870E-01	2.22446739E-01
6.29506148E-01	7.96193089E-01	2.08066462E-01	1.39874408E-01
-5.12782161E-01	3.52522896E+00	1.80144355E-01	6.00697673E-02
-2.24479794E+00	5.36707895E+00	1.95945526E-01	-1.55032757E-02
-4.20366553E+00	5.85533349E+00	1.98131869E-01	-6.76305488E-02
-5.89689353E+00	4.85280520E+00	2.12178660E-01	-1.72549156E-01
-6.84007032E+00	2.60796206E+00	3.25549728E-01	-3.33166018E-01
-6.70156545E+00	-2.92691642E-01	3.91026470E-01	-2.87777920E-01
-5.41028646E+00	-3.06722183E+00	8.67306737E-01	5.62536342E-01
-3.19230997E+00	-4.93949740E+00	9.26112687E-02	-2.31422150E-01
-5.22662776E-01	-5.34516445E+00	4.66118962E-01	-8.74785468E-01
1.99637130E+00	-4.08595701E+00	2.12692451E+00	2.63635562E-01
3.79684598E+00	-1.38935243E+00	8.89819241E-01	9.52595155E-01
4.50053677E+00	2.14374734E+00	-4.68455384E-02	4.23438085E-01
4.02303240E+00	5.68992687E+00	4.63561215E-01	-6.68694703E-02
2.59589983E+00	8.41234779E+00	1.51192771E+00	3.83124666E-01
6.99965210E-01	9.67188582E+00	8.59592164E-01	1.27083582E+00
-1.07134044E+00	9.18415224E+00	1.38842520E-01	7.45376765E-01
-2.17919175E+00	7.08176443E+00	3.36855471E-01	3.56134166E-01
-2.28890406E+00	3.86774546E+00	4.35604233E-01	5.10125099E-01
-1.35893665E+00	2.75791496E-01	1.04388031E-01	6.14909358E-01
3.55489151E-01	-2.92211840E+00	6.72117011E-02	5.01448919E-01
2.38376218E+00	-5.10752246E+00	6.41904528E-02	4.38832854E-01
4.18089947E+00	-5.95588885E+00	5.40712597E-02	3.96250397E-01
5.28565699E+00	-5.49133200E+00	4.70022946E-02	3.65960621E-01
5.44880954E+00	-4.04666827E+00	4.33589437E-02	3.37267303E-01
4.69437150E+00	-2.14647363E+00	4.15803935E-02	3.12637029E-01
3.29727806E+00	-3.51033217E-01	4.18376245E-02	2.96624958E-01
1.68651919E+00	8.92640850E-01	3.87286110E-02	2.80790161E-01
3.05181452E-01	1.35203092E+00	3.74049461E-02	2.65829556E-01
-5.28484580E-01	1.03883469E+00	3.63030904E-02	2.52810047E-01
-7.15790804E-01	1.66256933E-01	3.58200788E-02	2.41875923E-01
-3.99140657E-01	-9.45514884E-01	3.48778235E-02	2.31641590E-01
9.55710000E-02	-1.98120801E+00	3.42594423E-02	2.22474447E-01
3.76777982E-01	-2.72299651E+00	3.33359281E-02	2.15148881E-01
1.27390528E-01	-3.09628705E+00	3.26431160E-02	2.06256195E-01
-7.77881978E-01	-3.15887893E+00	3.15882122E-02	1.98964837E-01
-2.21642572E+00	-3.04332335E+00	3.14239942E-02	1.92301364E-01
-3.84243041E+00	-2.87776451E+00	3.10803364E-02	1.86206692E-01
-5.18685636E+00	-2.71684293E+00	3.07339035E-02	1.80524810E-01
-5.80327732E+00	-2.50952977E+00	3.04377287E-02	1.75191298E-01
-5.41504906E+00	-2.11680342E+00	3.04164386E-02	1.70125386E-01
-4.01752877E+00	-1.37364431E+00	2.95199498E-02	1.66586878E-01
-1.90152858E+00	-1.73135297E-01	2.91366460E-02	1.61646428E-01
4.12724128E-01	1.45881559E+00	2.88748593E-02	1.57427245E-01
2.31494206E+00	3.32818652E+00	2.86069127E-02	1.53499246E-01
3.27860278E+00	5.09510840E+00	2.83434541E-02	1.49798616E-01
3.01884763E+00	6.35300781E+00	2.80879495E-02	1.46297115E-01
1.58726890E+00	6.74426732E+00	2.78416288E-02	1.42975370E-01
-6.26348669E-01	6.07793036E+00	2.76046365E-02	1.39821009E-01
-2.98886626E+00	4.41129509E+00	2.73741115E-02	1.36812929E-01
-4.79084215E+00	2.06567670E+00	2.71539861E-02	1.33946178E-01
-5.44017677E+00	-4.34932378E-01	2.69418735E-02	1.31209043E-01
-4.62838607E+00	-2.49045340E+00	2.67374080E-02	1.28592210E-01
-2.42260553E+00	-3.58392237E+00	2.65401972E-02	1.26087394E-01
7.43063123E-01	-3.42873456E+00	2.63498557E-02	1.23687112E-01
4.17517881E+00	-2.06033697E+00	2.61660165E-02	1.21384572E-01
7.09830330E+00	1.57133671E-01	2.59883337E-02	1.19173584E-01
8.85360108E+00	2.61530949E+00	2.58164838E-02	1.17048493E-01
9.06482354E+00	4.61705179E+00	2.56501645E-02	1.15004118E-01
7.72755707E+00	5.56168300E+00	2.54890940E-02	1.13035700E-01
5.19954204E+00	5.10900168E+00	2.53330098E-02	1.11138862E-01
2.09752383E+00	3.27585174E+00	2.51816668E-02	1.09309565E-01
-8.68493557E-01	4.37203642E-01	2.50348365E-02	1.07544081E-01
-3.07671264E+00	-2.76974617E+00	2.48923055E-02	1.05838957E-01
-4.14151190E+00	-5.61263305E+00	2.47538746E-02	1.04190995E-01
-3.99025496E+00	-7.45613608E+00	2.46193581E-02	1.02597221E-01
-2.85289933E+00	-7.92619382E+00	2.44885835E-02	1.01054874E-01
-1.17345748E+00	-7.00108528E+00	2.43613964E-02	9.95613763E-02
5.26459235E-01	-5.00512402E+00	2.42377284E-02	9.81143406E-02
1.79047626E+00	-2.50842860E+00	2.41169301E-02	9.67117630E-02
2.33651099E+00	-1.62745867E-01	2.39995755E-02	9.53509412E-02
2.10488338E+00	1.47905503E+00	2.38852093E-02	9.40304060E-02
1.23844282E+00	2.10847274E+00	2.37736649E-02	9.27482909E-02
8.48398923E-03	1.73164286E+00	2.36648409E-02	9.15022264E-02
-1.28464851E+00	6.46777243E-01	2.35589337E-02	9.02917016E-02
-2.40227401E+00	-6.61523603E-01	2.34554520E-02	8.91145283E-02
-3.22141443E+00	-1.67741809E+00	2.33544208E-02	8.79693426E-02
-3.73878832E+00	-2.01114473E+00	2.32557557E-02	8.68547750E-02
-4.02952923E+00	-1.51181928E+00	2.31597285E-02	8.57697385E-02
-4.18097038E+00	-3.03422331E-01	2.30653028E-02	8.47128689E-02
-4.22976132E+00	1.26455782E+00	2.29732272E-02	8.36829569E-02
-4.12837440E+00	2.73448757E+00	2.28832274E-02	8.26790311E-02
-3.75561264E+00	3.68838586E+00	2.27951716E-02	8.17000812E-02
-2.96899716E+00	3.87999917E+00	2.27090585E-02	8.07450970E-02
-1.68061026E+00	3.31049806E+00	2.26247878E-02	7.98131990E-02
7.22713296E-02	2.22492613E+00	2.25422992E-02	7.89035102E-02
2.09090340E+00	1.03111621E+00	2.24615392E-02	7.80152030E-02
4.03250585E+00	1.66674851E-01	2.23824398E-02	7.71474934E-02
5.48351174E+00	-4.44095202E-02	2.23049759E-02	7.62996591E-02
6.07150532E+00	4.99240403E-01	2.22290063E-02	7.54709402E-02
5.58374987E+00	1.63612314E+00	2.21545883E-02	7.46606381E-02
4.05466565E+00	2.98371882E+00	2.20816054E-02	7.38678115E-02
1.79085622E+00	4.05082714E+00	2.20113159E-02	7.30932546E-02
-6.81000966E-01	4.38712483E+00	2.19426096E-02	7.23351280E-02
-2.73555076E+00	3.72504445E+00	2.18715217E-02	7.15933373E-02
-3.80993701E+00	2.07091852E+00	2.18038043E-02	7.08659786E-02
-3.56118260E+00	-2.82882546E-01	2.17385858E-02	7.01525705E-02
-1.97437539E+00	-2.82978319E+00	2.16750080E-02	6.94568824E-02
6.12181736E-01	-4.98489890E+00	2.16087027E-02	6.87752692E-02
3.57663393E+00	-6.24606282E+00	2.15461049E-02	6.81051174E-02
6.16336462E+00	-6.33351173E+00	2.14846045E-02	6.74487291E-02
7.67497658E+00	-5.26791078E+00	2.14241570E-02	6.68052197E-02
7.65536562E+00	-3.36435831E+00	2.13648173E-02	6.61741597E-02
6.01380356E+00	-1.14441767E+00	2.13065209E-02	6.55551602E-02
3.05517095E+00	8.08162010E-01	2.12492598E-02	6.49478287E-02
-5.93187275E-01	2.00648237E+00	2.11930851E-02	6.43518399E-02
-4.13915925E+00	2.18913934E+00	2.11380890E-02	6.37667831E-02
-6.82597196E+00	1.38290210E+00	2.10855656E-02	6.31936050E-02
-8.12093094E+00	-1.16418855E-01	2.10321241E-02	6.26296591E-02
-7.84241556E+00	-1.83687026E+00	2.09746262E-02	6.20781237E-02
-6.19219194E+00	-3.26803178E+00	2.09234008E-02	6.15326096E-02
-3.68657979E+00	-4.00257891E+00	2.08726827E-02	6.09977967E-02
-1.00793090E+00	-3.84127245E+00	2.08226711E-02	6.04723729E-02
1.18070238E+00	-2.83321352E+00	2.07734784E-02	5.99558316E-02
2.40591039E+00	-1.24337273E+00	2.07254397E-02	5.94474079E-02
2.49338868E+00	5.38817324E-01	2.06859692E-02	5.89505494E-02
1.58936682E+00	2.11921911E+00	2.06326450E-02	5.84606488E-02
9.27469463E-02	3.20960822E+00	2.05835002E-02	5.79832408E-02
-1.47790368E+00	3.69644133E+00	2.05370725E-02	5.75065387E-02
-2.64081408E+00	3.64968287E+00	2.04919782E-02	5.70391683E-02
-3.08444066E+00	3.27324385E+00	2.04475406E-02	5.65796037E-02
-2.74038947E+00	2.81699365E+00	2.04036862E-02	5.61273798E-02
-1.77809355E+00	2.48173349E+00	2.03603032E-02	5.56820249E-02
-5.27805355E-01	2.34952275E+00	2.03173719E-02	5.52414341E-02
6.40095177E-01	2.36222145E+00	2.02813530E-02	5.48157349E-02
1.43928266E+00	2.35428721E+00	2.02371461E-02	5.43910288E-02
1.75549057E+00	2.12726355E+00	2.01959181E-02	5.39728027E-02
1.67146367E+00	1.53907677E+00	2.01556047E-02	5.35610380E-02
1.42286216E+00	5.75889636E-01	2.01159584E-02	5.31554946E-02
1.30148538E+00	-6.20353535E-01	2.00769061E-02	5.27559943E-02
1.53906146E+00	-1.78106103E+00	2.00384137E-02	5.23623820E-02
2.21102593E+00	-2.59017076E+00	2.00004594E-02	5.19745146E-02
3.19331273E+00	-2.78932705E+00	1.99630269E-02	5.15922560E-02
4.18822842E+00	-2.27491596E+00	1.99261024E-02	5.12154763E-02
4.81325991E+00	-1.15351756E+00	1.98896738E-02	5.08440501E-02
4.72610122E+00	2.66042262E-01	1.98537295E-02	5.04778566E-02
3.74671011E+00	1.54664707E+00	1.98182591E-02	5.01167786E-02
1.93679864E+00	2.24448852E+00	1.97832522E-02	4.97607030E-02
-3.90884866E-01	2.04376525E+00	1.97486993E-02	4.94095199E-02
-2.74030537E+00	8.63794760E-01	1.97145910E-02	4.90631228E-02
-4.56029751E+00	-1.09597100E+00	1.96809180E-02	4.87214086E-02
-5.39752846E+00	-3.39048758E+00	1.96476718E-02	4.83842768E-02
-5.02998200E+00	-5.43759007E+00	1.96148438E-02	4.80516304E-02
-3.54105736E+00	-6.67244923E+00	1.95824258E-02	4.77233747E-02
-1.31069607E+00	-6.70527688E+00	1.95504096E-02	4.73994179E-02
1.07648707E+00	-5.43694877E+00	1.95187876E-02	4.70796709E-02
2.98217133E+00	-3.09791808E+00	1.94875521E-02	4.67640470E-02
3.88323846E+00	-1.96957514E-01	1.94566958E-02	4.64524619E-02
3.51194379E+00	2.60812026E+00	1.94262114E-02	4.61448336E-02
1.92851706E+00	4.68299983E+00	1.93960920E-02	4.58410825E-02
-4.93719128E-01	5.58495186E+00	1.93663307E-02	4.55411311E-02
-3.16614231E+00	5.17941921E+00	1.93369209E-02	4.52449038E-02
-5.43801285E+00	3.67225958E+00	1.93078561E-02	4.49523274E-02
-6.76267621E+00	1.54857109E+00	1.92791300E-02	4.46633303E-02
-6.83179623E+00	-5.64490114E-01	1.92507364E-02	4.43778430E-02
-5.64274571E+00	-2.07196293E+00	1.92226693E-02	4.40957977E-02
-3.48392038E+00	-2.57314169E+00	1.91949228E-02	4.38171285E-02
-8.46000826E-01	-1.96604463E+00	1.91674913E-02	4.35417710E-02
1.71274695E+00	-4.65786701E-01	1.91403691E-02	4.32696628E-02
3.70784737E+00	1.46668185E+00	1.91135509E-02	4.30007426E-02
4.83795901E+00	3.26327593E+00	1.90870312E-02	4.27349512E-02
5.03515009E+00	4.41371008E+00	1.90608048E-02	4.24722304E-02
4.44789551E+00	4.60865025E+00	1.90348668E-02	4.22125238E-02
3.36863124E+00	3.82031389E+00	1.90092121E-02	4.19557762E-02
2.13289808E+00	2.29877580E+00	1.89838360E-02	4.17019339E-02
1.02309572E+00	4.87320697E-01	1.89587336E-02	4.14509445E-02
2.05291266E-01	-1.11612434E+00	1.89339004E-02	4.12027566E-02
-2.85646124E-01	-2.10910330E+00	1.89093318E-02	4.09573205E-02
-5.14485020E-01	-2.30134677E+00	1.88850234E-02	4.07145874E-02
-5.85007988E-01	-1.76393993E+00	1.88609710E-02	4.04745097E-02
-5.76446189E-01	-7.97577178E-01	1.88371702E-02	4.02370410E-02
-5.02459044E-01	1.68991317E-01	1.88136170E-02	4.00021359E-02
-3.08555613E-01	7.18387743E-01	1.87903073E-02	3.97697502E-02
9.12907394E-02	5.78960119E-01	1.87672373E-02	3.95398406E-02
7.53540876E-01	-2.86909433E-01	1.87444029E-02	3.93123649E-02
1.64460643E+00	-1.66726202E+00	1.87218005E-02	3.90872818E-02
2.60768543E+00	-3.16236055E+00	1.86994263E-02	3.88645509E-02
3.37555288E+00	-4.30505683E+00	1.86772768E-02	3.86441329E-02
3.63257785E+00	-4.70339070E+00	1.86553483E-02	3.84259892E-02
3.11146834E+00	-4.16250273E+00	1.86336375E-02	3.82100821E-02
1.69597079E+00	-2.74921698E+00	1.86121409E-02	3.79963749E-02
-5.04998319E-01	-7.79805312E-01	1.85908552E-02	3.77848316E-02
-3.14103415E+00	1.26571557E+00	1.85697772E-02	3.75754169E-02
-5.67561509E+00	2.87771647E+00	1.85489037E-02	3.73680964E-02
-7.50579483E+00	3.66036322E+00	1.85282315E-02	3.71628365E-02
-8.11803493E+00	3.44269562E+00	1.85077576E-02	3.69596041E-02
-7.23815134E+00	2.32557256E+00	1.84874790E-02	3.67583671E-02
-4.93119333E+00	6.51665904E-01	1.84673928E-02	3.65590939E-02
-1.61801009E+00	-1.09187321E+00	1.84474961E-02	3.63617537E-02
2.00320908E+00	-2.40922119E+00	1.84277860E-02	3.61663161E-02
5.11580646E+00	-2.93088099E+00	1.84082599E-02	3.59727516E-02
6.98568283E+00	-2.50984433E+00	1.83889150E-02	3.57810313E-02
7.15227004E+00	-1.25316922E+00	1.83697486E-02	3.55911268E-02
5.55741696E+00	5.17373983E-01	1.83507583E-02	3.54030103E-02
2.57495429E+00	2.36134058E+00	1.83319413E-02	3.52166547E-02
-1.07058537E+00	3.84242730E+00	1.83132952E-02	3.50320332E-02
-4.47792674E+00	4.64191144E+00	1.82948176E-02	3.48491199E-02
-6.79208820E+00	4.63124289E+00	1.82765061E-02	3.46678890E-02
-7.41889069E+00	3.88611062E+00	1.82583583E-02	3.44883156E-02
-6.17483378E+00	2.64268061E+00	1.82403718E-02	3.43103752E-02
-3.33298824E+00	1.21388525E+00	1.82225445E-02	3.41340436E-02
4.46956375E-01	-1.05581042E-01	1.82048740E-02	3.39592974E-02
4.28566499E+00	-1.11560407E+00	1.81873583E-02	3.37861132E-02
7.30387072E+00	-1.74655424E+00	1.81699951E-02	3.36144687E-02
8.83725980E+00	-2.04766314E+00	1.81527823E-02	3.34443414E-02
8.59133719E+00	-2.13701327E+00	1.81357180E-02	3.32757096E-02
6.69823748E+00	-2.13472454E+00	1.81188000E-02	3.31085520E-02
3.66439745E+00	-2.10557779E+00	1.81020264E-02	3.29428476E-02
2.27147844E-01	-2.03279595E+00	1.80853952E-02	3.27785758E-02
-2.83843084E+00	-1.83265060E+00	1.80689045E-02	3.26157165E-02
-4.90981255E+00	-1.40411229E+00	1.80525524E-02	3.24542500E-02
-5.65539523E+00	-6.94199576E-01	1.80363370E-02	3.22941568E-02
-5.08848504E+00	2.47284156E-01	1.80202566E-02	3.21354178E-02
-3.52906390E+00	1.24771964E+00	1.80043094E-02	3.19780145E-02
-1.49087053E+00	2.03946361E+00	1.79884936E-02	3.18219284E-02
4.69710928E-01	2.33220903E+00	1.79728074E-02	3.16671416E-02
1.89889225E+00	1.91018065E+00	1.79572493E-02	3.15136364E-02
2.54611507E+00	7.23400101E-01	1.79418174E-02	3.13613955E-02
2.39726412E+00	-1.05930534E+00	1.79265103E-02	3.12104018E-02
1.63890801E+00	-3.05881392E+00	1.79113262E-02	3.10606386E-02
5.72064994E-01	-4.76153664E+00	1.78962637E-02	3.09120896E-02
-4.93019663E-01	-5.64750444E+00	1.78813211E-02	3.07647385E-02
-1.32709545E+00	-5.33778742E+00	1.78664969E-02	3.06185696E-02
-1.83120693E+00	-3.71920826E+00	1.78517897E-02	3.04735674E-02
-2.03464731E+00	-1.00734112E+00	1.78371979E-02	3.03297165E-02
-2.04878370E+00	2.27621148E+00	1.78227202E-02	3.01870019E-02
-1.99806259E+00	5.41310731E+00	1.78083550E-02	3.00454089E-02
-1.95570138E+00	7.66008276E+00	1.77941010E-02	2.99049231E-02
-1.90821455E+00	8.43991661E+00	1.77799569E-02	2.97655301E-02
-1.76146854E+00	7.50025397E+00	1.77659212E-02	2.96272161E-02
-1.38544730E+00	4.99533532E+00	1.77519926E-02	2.94899672E-02
-6.80610656E-01	1.46497559E+00	1.77381698E-02	2.93537700E-02
3.59559930E-01	-2.28764981E+00	1.77244516E-02	2.92186112E-02
1.61472549E+00	-5.39020464E+00	1.77108366E-02	2.90844777E-02
2.84826882E+00	-7.11786249E+00	1.76973237E-02	2.89513567E-02
3.76308214E+00	-7.07582249E+00	1.76839115E-02	2.88192356E-02
4.08759198E+00	-5.29933682E+00	1.76705989E-02	2.86881020E-02
3.66564540E+00	-2.24450465E+00	1.76573847E-02	2.85579437E-02
2.52072128E+00	1.32790282E+00	1.76442677E-02	2.84287487E-02
8.71313340E-01	4.54487594E+00	1.76312468E-02	2.83005052E-02
-9.11481290E-01	6.63911037E+00	1.76183208E-02	2.81732016E-02
-2.39541585E+00	7.13555979E+00	1.76054886E-02	2.80468265E-02
-3.20308345E+00	5.95899765E+00	1.75927492E-02	2.79213687E-02
-3.11915909E+00	3.43698715E+00	1.75801014E-02	2.77968171E-02
-2.15676043E+00	2.01087703E-01	1.75675442E-02	2.76731610E-02
-5.61800701E-01	-2.98397225E+00	1.75550766E-02	2.75503895E-02
1.24804664E+00	-5.41543018E+00	1.75426974E-02	2.74284922E-02
2.79392080E+00	-6.61982793E+00	1.75304058E-02	2.73074587E-02
3.66511962E+00	-6.45045771E+00	1.75182006E-02	2.71872789E-02
3.63044161E+00	-5.09391068E+00	1.75060810E-02	2.70679427E-02
2.69957588E+00	-2.99056671E+00	1.74940459E-02	2.69494404E-02
1.11694340E+00	-6.97002077E-01	1.74820943E-02	2.68317620E-02
-7.09948416E-01	1.26768869E+00	1.74702255E-02	2.67148982E-02
-2.32646257E+00	2.54830439E+00	1.74584383E-02	2.65988395E-02
-3.35708511E+00	3.02038697E+00	1.74467320E-02	2.64835767E-02
-3.60525292E+00	2.78483651E+00	1.74351056E-02	2.63691006E-02
-3.09828088E+00	2.09961862E+00	1.74235582E-02	2.62554022E-02
-2.06561418E+00	1.27565194E+00	1.74120889E-02	2.61424728E-02
-8.58732078E-01	5.72414152E-01	1.74006970E-02	2.60303036E-02
1.61564590E-01	1.25888055E-01	1.73893815E-02	2.59188860E-02
7.35314371E-01	-7.13481290E-02	1.73781416E-02	2.58082117E-02
7.77220756E-01	-1.36366759E-01	1.73669765E-02	2.56982722E-02
3.92106682E-01	-2.24752202E-01	1.73558854E-02	2.55890595E-02
-1.71558111E-01	-4.50065441E-01	1.73448675E-02	2.54805654E-02
-6.14109557E-01	-8.23985161E-01	1.73339220E-02	2.53727820E-02
-6.92688934E-01	-1.23924641E+00	1.73230481E-02	2.52657015E-02
-3.09410037E-01	-1.50227917E+00	1.73122450E-02	2.51593161E-02
4.49496782E-01	-1.40500242E+00	1.73015121E-02	2.50536183E-02
1.33726885E+00	-8.11250637E-01	1.72908485E-02	2.49486006E-02
2.02658857E+00	2.72640381E-01	1.72802536E-02	2.48442555E-02
2.22123580E+00	1.66948836E+00	1.72697265E-02	2.47405759E-02
1.76375643E+00	3.05865173E+00	1.72592667E-02	2.46375546E-02
7.03560514E-01	4.05489833E+00	1.72488733E-02	2.45351845E-02
-6.98827312E-01	4.31749697E+00	1.72385458E-02	2.44334586E-02
-2.03634034E+00	3.65740424E+00	1.72282834E-02	2.43323701E-02
-2.87222126E+00	2.10924742E+00	1.72180854E-02	2.42319123E-02
-2.87545971E+00	-5.60743520E-02	1.72079512E-02	2.41320784E-02
-1.93374580E+00	-2.38550768E+00	1.71978801E-02	2.40328619E-02
-2.07814707E-01	-4.35243551E+00	1.71878715E-02	2.39342563E-02
1.89280476E+00	-5.49104613E+00	1.71779247E-02	2.38362553E-02
3.80983875E+00	-5.51946319E+00	1.71680392E-02	2.37388525E-02
4.98653329E+00	-4.41701262E+00	1.71582143E-02	2.36420417E-02
5.02658945E+00	-2.43350797E+00	1.71484493E-02	2.35458168E-02
3.81600536E+00	-2.74310221E-02	1.71387437E-02	2.34501718E-02
1.57114853E+00	2.25018263E+00	1.71290969E-02	2.33551008E-02
-1.20357328E+00	3.89429482E+00	1.71195083E-02	2.32605977E-02
-3.83968004E+00	4.56917487E+00	1.71099773E-02	2.31666569E-02
-5.67799463E+00	4.18378778E+00	1.71005034E-02	2.30732727E-02
-6.24446932E+00	2.90077228E+00	1.70910859E-02	2.29804394E-02
-5.37990159E+00	1.07959960E+00	1.70817244E-02	2.28881514E-02
-3.28711062E+00	-8.27204494E-01	1.70724182E-02	2.27964033E-02
-4.81687649E-01	-2.39370818E+00	1.70631669E-02	2.27051897E-02
2.34096228E+00	-3.32233109E+00	1.70539699E-02	2.26145051E-02
4.48643221E+00	-3.50119912E+00	1.70448266E-02	2.25243445E-02
5.44099936E+00	-3.00523932E+00	1.70357366E-02	2.24347025E-02
5.00177184E+00	-2.04651147E+00	1.70266993E-02	2.23455740E-02
3.32289991E+00	-8.93942469E-01	1.70177143E-02	2.22569540E-02
8.66862891E-01	2.09777944E-01	1.70087810E-02	2.21688375E-02
-1.72404837E+00	1.10792972E+00	1.69998988E-02	2.20812196E-02
-3.79949619E+00	1.74973881E+00	1.69910675E-02	2.19940954E-02
-4.86871443E+00	2.16885143E+00	1.69822864E-02	2.19074601E-02
-4.71916786E+00	2.43308177E+00	1.69735550E-02	2.18213089E-02
-3.45637983E+00	2.58780699E+00	1.69648730E-02	2.17356373E-02
-1.45780757E+00	2.61691989E+00	1.69562398E-02	2.16504405E-02
7.42448957E-01	2.43825996E+00	1.69476550E-02	2.15657141E-02
2.60305605E+00	1.93729275E+00	1.69391181E-02	2.14814535E-02
3.71628062E+00	1.02794157E+00	1.69306287E-02	2.13976542E-02
3.90229465E+00	-2.82006600E-01	1.69221864E-02	2.13143120E-02
3.23424411E+00	-1.84749738E+00	1.69137907E-02	2.12314225E-02
1.99229632E+00	-3.38615996E+00	1.69054411E-02	2.11489814E-02
5.65162246E-01	-4.52977827E+00	1.68971373E-02	2.10669845E-02
-6.68632717E-01	-4.91824314E+00	1.68888788E-02	2.09854277E-02
-1.44390091E+00	-4.31118361E+00	1.68806652E-02	2.09043067E-02
-1.66774242E+00	-2.68343795E+00	1.68724961E-02	2.08236176E-02
-1.42094020E+00	-2.71630631E-01	1.68643711E-02	2.07433564E-02
-9.06792453E-01	2.44924030E+00	1.68562898E-02	2.06635190E-02
-3.68079519E-01	4.86102634E+00	1.68482518E-02	2.05841016E-02
-1.25188526E-03	6.34980325E+00	1.68402567E-02	2.05051003E-02
1.04241865E-01	6.46846383E+00	1.68323041E-02	2.04265114E-02
-1.65019416E-02	5.06999754E+00	1.68243937E-02	2.03483309E-02
-2.32223569E-01	2.37184865E+00	1.68165250E-02	2.02705553E-02
-3.77176169E-01	-1.07156027E+00	1.68086978E-02	2.01931807E-02
-3.22766472E-01	-4.48683987E+00	1.68009115E-02	2.01162037E-02
-3.31772148E-02	-7.06377430E+00	1.67931659E-02	2.00396205E-02
4.14937948E-01	-8.15632046E+00	1.67854606E-02	1.99634277E-02
8.55935562E-01	-7.45014989E+00	1.67777952E-02	1.98876218E-02
1.09407454E+00	-5.05155491E+00	1.67701694E-02	1.98121992E-02
9.77646447E-01	-1.47225602E+00	1.67625829E-02	1.97371566E-02
4.62461625E-01	2.48824934E+00	1.67550352E-02	1.96624906E-02
-3.58281065E-01	5.93402337E+00	1.67475262E-02	1.95881978E-02
-1.27004938E+00	8.08923227E+00	1.67400553E-02	1.95142749E-02
-1.99623207E+00	8.48460010E+00	1.67326224E-02	1.94407187E-02
-2.28329648E+00	7.06643391E+00	1.67252270E-02	1.93675260E-02
-1.98519857E+00	4.20142703E+00	1.67178688E-02	1.92946936E-02
-1.11941086E+00	5.77911862E-01	1.67105476E-02	1.92222182E-02
1.25145016E-01	-2.96891133E+00	1.67032629E-02	1.91500969E-02
1.43344469E+00	-5.66126048E+00	1.66960146E-02	1.90783265E-02
2.45147298E+00	-6.95992481E+00	1.66888022E-02	1.90069040E-02
2.88995217E+00	-6.67766784E+00	1.66816255E-02	1.89358264E-02
2.61334291E+00	-4.99984475E+00	1.66744842E-02	1.88650906E-02
1.68616938E+00	-2.41259509E+00	1.66673780E-02	1.87946939E-02
3.60907359E-01	4.36970590E-01	1.66603065E-02	1.87246332E-02
-9.90898604E-01	2.90797240E+00	1.66532696E-02	1.86549057E-02
-1.98520916E+00	4.51544871E+00	1.66462668E-02	1.85855086E-02
-2.33864150E+00	5.02579472E+00	1.66392979E-02	1.85164390E-02
-1.95425144E+00	4.47883377E+00	1.66323627E-02	1.84476942E-02
-9.53444770E-01	3.13893714E+00	1.66254608E-02	1.83792714E-02
3.56809228E-01	1.39670437E+00	1.66185919E-02	1.83111680E-02
1.57298649E+00	-3.45920214E-01	1.66117559E-02	1.82433812E-02
2.31462476E+00	-1.77331767E+00	1.66049524E-02	1.81759083E-02
2.33919535E+00	-2.71191926E+00	1.65981812E-02	1.81087469E-02
1.61762318E+00	-3.13479045E+00	1.65914419E-02	1.80418942E-02
3.47036581E-01	-3.12269539E+00	1.65847344E-02	1.79753476E-02
-1.10423689E+00	-2.80206098E+00	1.65780583E-02	1.79091048E-02
-2.30416455E+00	-2.28528491E+00	1.65714135E-02	1.78431631E-02
-2.88572546E+00	-1.63497935E+00	1.65647996E-02	1.77775201E-02
-2.65869276E+00	-8.62799993E-01	1.65582164E-02	1.77121733E-02
-1.67074437E+00	4.05066595E-02	1.65516637E-02	1.76471203E-02
-1.98732459E-01	1.05940390E+00	1.65451413E-02	1.75823587E-02
1.32855947E+00	2.11399403E+00	1.65386487E-02	1.75178860E-02
2.45444879E+00	3.04648339E+00	1.65321860E-02	1.74537001E-02
2.82923552E+00	3.64425972E+00	1.65257527E-02	1.73897984E-02
2.31624951E+00	3.69651492E+00	1.65193486E-02	1.73261788E-02
1.03733062E+00	3.06802895E+00	1.65129736E-02	1.72628390E-02
-6.56581089E-01	1.76536403E+00	1.65066274E-02	1.71997766E-02
-2.28225948E+00	-2.95991526E-02	1.65003098E-02	1.71369896E-02
-3.36111110E+00	-1.97558236E+00	1.64940205E-02	1.70744756E-02
-3.55692655E+00	-3.63949483E+00	1.64877593E-02	1.70122325E-02
-2.77462058E+00	-4.60138004E+00	1.64815260E-02	1.69502581E-02
-1.19116575E+00	-4.56920175E+00	1.64753204E-02	1.68885503E-02
7.90605221E-01	-3.47039854E+00	1.64691423E-02	1.68271070E-02
2.65243485E+00	-1.49141260E+00	1.64629914E-02	1.67659261E-02
3.90393479E+00	9.50309899E-01	1.64568675E-02	1.67050055E-02
4.21798288E+00	3.29866019E+00	1.64507705E-02	1.66443432E-02
3.51989895E+00	4.99366485E+00	1.64447000E-02	1.65839371E-02
2.00554472E+00	5.61371806E+00	1.64386560E-02	1.65237853E-02
8.40137658E-02	4.98672038E+00	1.64326382E-02	1.64638857E-02
-1.73786870E+00	3.23903373E+00	1.64266464E-02	1.64042364E-02
-2.99569596E+00	7.67650563E-01	1.64206805E-02	1.63448355E-02
-3.39232064E+00	-1.85807372E+00	1.64147401E-02	1.62856810E-02
-2.87262942E+00	-4.03932552E+00	1.64088251E-02	1.62267710E-02
-1.62861391E+00	-5.29721920E+00	1.64029354E-02	1.61681036E-02
-3.55539212E-02	-5.38882015E+00	1.63970706E-02	1.61096770E-02
1.46015208E+00	-4.35943372E+00	1.63912308E-02	1.60514893E-02
2.46773625E+00	-2.51868735E+00	1.63854155E-02	1.59935387E-02
2.75658577E+00	-3.49087553E-01	1.63796248E-02	1.59358234E-02
2.30955235E+00	1.62593066E+00	1.63738583E-02	1.58783416E-02
1.31213008E+00	2.97712961E+00	1.63681159E-02	1.58210914E-02
8.39374371E-02	3.47094916E+00	1.63623974E-02	1.57640712E-02
-1.02427811E+00	3.11147330E+00	1.63567027E-02	1.57072792E-02
-1.73562502E+00	2.11498042E+00	1.63510315E-02	1.56507137E-02
-1.92237421E+00	8.28738008E-01	1.63453837E-02	1.55943730E-02
-1.63030130E+00	-3.78906611E-01	1.63397592E-02	1.55382553E-02
-1.04730960E+00	-1.22327326E+00	1.63341576E-02	1.54823591E-02
-4.29046257E-01	-1.57257720E+00	1.63285790E-02	1.54266826E-02
-7.23243908E-03	-1.46373151E+00	1.63230230E-02	1.53712243E-02
8.89468759E-02	-1.06415801E+00	1.63174896E-02	1.53159824E-02
-1.26918386E-01	-5.95836560E-01	1.63119785E-02	1.52609555E-02
-5.08951969E-01	-2.48918475E-01	1.63064897E-02	1.52061418E-02
-8.35859803E-01	-1.14327853E-01	1.63010228E-02	1.51515398E-02
-8.94683532E-01	-1.57420059E-01	1.62955779E-02	1.50971480E-02
-5.63130610E-01	-2.40456362E-01	1.62901547E-02	1.50429648E-02
1.37532185E-01	-1.85035268E-01	1.62847530E-02	1.49889887E-02
1.03771423E+00	1.47965585E-01	1.62793728E-02	1.49352181E-02
1.86612432E+00	7.89573581E-01	1.62740138E-02	1.48816516E-02
2.33433133E+00	1.63043678E+00	1.62686759E-02	1.48282877E-02
2.23309352E+00	2.43877599E+00	1.62633590E-02	1.47751248E-02
1.50962066E+00	2.92575583E+00	1.62580628E-02	1.47221616E-02
2.99910648E-01	2.83933526E+00	1.62527873E-02	1.46693965E-02
-1.09646171E+00	2.05711552E+00	1.62475323E-02	1.46168282E-02
-2.29419417E+00	6.47260711E-01	1.62422977E-02	1.45644552E-02
-2.93134466E+00	-1.12503872E+00	1.62370832E-02	1.45122762E-02
-2.77790228E+00	-2.85217337E+00	1.62318889E-02	1.44602896E-02
-1.81115207E+00	-4.08768352E+00	1.62267144E-02	1.44084942E-02
-2.34087016E-01	-4.47084849E+00	1.62215597E-02	1.43568886E-02
1.57059135E+00	-3.83637870E+00	1.62164247E-02	1.43054714E-02
3.13949461E+00	-2.27585999E+00	1.62113092E-02	1.42542413E-02
4.05339971E+00	-1.30274970E-01	1.62062130E-02	1.42031969E-02
4.05272791E+00	2.08778520E+00	1.62011361E-02	1.41523369E-02
3.11067628E+00	3.82325539E+00	1.61960783E-02	1.41016601E-02
1.44291297E+00	4.62468840E+00	1.61910394E-02	1.40511651E-02
-5.49170324E-01	4.26705182E+00	1.61860194E-02	1.40008506E-02
-2.38567812E+00	2.81657414E+00	1.61810180E-02	1.39507155E-02
-3.63562629E+00	6.18605306E-01	1.61760353E-02	1.39007583E-02
-4.02880959E+00	-1.78927982E+00	1.61710709E-02	1.38509779E-02
-3.52129087E+00	-3.81586272E+00	1.61661249E-02	1.38013730E-02
-2.29743275E+00	-4.96902816E+00	1.61611971E-02	1.37519424E-02
-7.09848332E-01	-4.98125538E+00	1.61562873E-02	1.37026849E-02
8.23676089E-01	-3.87417951E+00	1.61513955E-02	1.36535993E-02
1.93551405E+00	-1.94569026E+00	1.61465214E-02	1.36046844E-02
2.40258924E+00	3.15376187E-01	1.61416651E-02	1.35559390E-02
2.19400488E+00	2.36204879E+00	1.61368263E-02	1.35073619E-02
1.46085655E+00	3.73214487E+00	1.61320050E-02	1.34589520E-02
4.74723795E-01	4.16220975E+00	1.61272010E-02	1.34107082E-02
-4.63671181E-01	3.64272068E+00	1.61224143E-02	1.33626292E-02
-1.11618522E+00	2.40226185E+00	1.61176446E-02	1.33147139E-02
-1.37121398E+00	8.28735409E-01	1.61128919E-02	1.32669613E-02
-1.26170021E+00	-6.47006490E-01	1.61081561E-02	1.32193702E-02
-9.34313418E-01	-1.67034660E+00	1.61034370E-02	1.31719395E-02
-5.82704708E-01	-2.05116347E+00	1.60987346E-02	1.31246682E-02
-3.69016417E-01	-1.79818367E+00	1.60940487E-02	1.30775550E-02
-3.61087057E-01	-1.09342101E+00	1.60893792E-02	1.30305991E-02
-5.07073919E-01	-2.18654720E-01	1.60847260E-02	1.29837992E-02
-6.56397186E-01	5.40549418E-01	1.60800890E-02	1.29371544E-02
-6.20118965E-01	9.82517968E-01	1.60754681E-02	1.28906636E-02
-2.50197793E-01	1.04241859E+00	1.60708632E-02	1.28443258E-02
4.90041079E-01	7.96291150E-01	1.60662742E-02	1.27981399E-02
1.48999281E+00	4.18103624E-01	1.60617009E-02	1.27521049E-02
2.50572528E+00	1.06676132E-01	1.60571433E-02	1.27062198E-02
3.22320120E+00	8.37574683E-03	1.60526013E-02	1.26604836E-02
3.35376650E+00	1.62005298E-01	1.60480747E-02	1.26148953E-02
2.73320480E+00	4.84307773E-01	1.60435635E-02	1.25694540E-02
1.39255107E+00	8.00671753E-01	1.60390675E-02	1.25241586E-02
-4.24350778E-01	9.10440773E-01	1.60345867E-02	1.24790082E-02
-2.30659538E+00	6.64571520E-01	1.60301210E-02	1.24340018E-02
-3.77647632E+00	2.89807750E-02	1.60256702E-02	1.23891384E-02
-4.41836794E+00	-8.88807233E-01	1.60212343E-02	1.23444172E-02
-4.00023894E+00	-1.86047429E+00	1.60168131E-02	1.22998372E-02
-2.55200802E+00	-2.60061388E+00	1.60124066E-02	1.22553974E-02
-3.75749719E-01	-2.85457317E+00	1.60080147E-02	1.22110969E-02
2.01869976E+00	-2.48315764E+00	1.60036373E-02	1.21669349E-02
4.03811916E+00	-1.51686944E+00	1.59992742E-02	1.21229104E-02
5.15813091E+00	-1.60933781E-01	1.59949255E-02	1.20790225E-02
5.06235195E+00	1.25292851E+00	1.59905909E-02	1.20352703E-02
3.73016048E+00	2.35565592E+00	1.59862705E-02	1.19916529E-02
1.44825328E+00	2.84560500E+00	1.59819641E-02	1.19481695E-02
-1.25820048E+00	2.57803122E+00	1.59776716E-02	1.19048193E-02
-3.75701676E+00	1.61213249E+00	1.59733929E-02	1.18616012E-02
-5.46814479E+00	2.00524326E-01	1.59691280E-02	1.18185145E-02
-6.00814785E+00	-1.27716679E+00	1.59648768E-02	1.17755583E-02
-5.28197384E+00	-2.41831333E+00	1.59606391E-02	1.17327318E-02
-3.49874373E+00	-2.90925285E+00	1.59564149E-02	1.16900342E-02
-1.10925080E+00	-2.61288521E+00	1.59522042E-02	1.16474646E-02
1.31595025E+00	-1.60646487E+00	1.59480067E-02	1.16050221E-02
3.23352291E+00	-1.58611636E-01	1.59438225E-02	1.15627061E-02
4.25952731E+00	1.34768353E+00	1.59396514E-02	1.15205156E-02
4.25261752E+00	2.52351630E+00	1.59354935E-02	1.14784499E-02
3.32903764E+00	3.08236762E+00	1.59313484E-02	1.14365081E-02
1.80987282E+00	2.91691927E+00	1.59272163E-02	1.13946896E-02
1.19631668E-01	2.12262666E+00	1.59230971E-02	1.13529934E-02
-1.33248206E+00	9.62226629E-01	1.59189905E-02	1.13114189E-02
-2.25456679E+00	-2.17125035E-01	1.59148967E-02	1.12699652E-02
-2.53050200E+00	-1.08854614E+00	1.59108154E-02	1.12286316E-02
-2.22271806E+00	-1.44035807E+00	1.59067466E-02	1.11874173E-02
-1.52433540E+00	-1.23315556E+00	1.59026902E-02	1.11463216E-02
-6.80405096E-01	-6.02825407E-01	1.58986462E-02	1.11053437E-02
9.42759125E-02	1.90029264E-01	1.58946145E-02	1.10644829E-02
6.74509053E-01	8.47500409E-01	1.58905950E-02	1.10237384E-02
1.04430685E+00	1.13085781E+00	1.58865876E-02	1.09831096E-02
1.27414285E+00	9.35945901E-01	1.58825922E-02	1.09425956E-02
1.46764241E+00	3.24231353E-01	1.58786088E-02	1.09021958E-02
1.69948726E+00	-4.99745528E-01	1.58746373E-02	1.08619095E-02
1.96868533E+00	-1.25696041E+00	1.58706777E-02	1.08217359E-02
2.18549886E+00	-1.68657648E+00	1.58667298E-02	1.07816744E-02
2.19823180E+00	-1.63317550E+00	1.58627935E-02	1.07417242E-02
1.85175742E+00	-1.10064733E+00	1.58588689E-02	1.07018846E-02
1.05784635E+00	-2.55164291E-01	1.58549558E-02	1.06621551E-02
-1.48013968E-01	6.24457692E-01	1.58510542E-02	1.06225348E-02
-1.58561788E+00	1.23416703E+00	1.58471640E-02	1.05830231E-02
-2.95654120E+00	1.34291443E+00	1.58432851E-02	1.05436194E-02
-3.91477062E+00	8.70914562E-01	1.58394175E-02	1.05043229E-02
-4.16329350E+00	-7.72331864E-02	1.58355611E-02	1.04651331E-02
-3.54866452E+00	-1.23620691E+00	1.58317158E-02	1.04260492E-02
-2.12403117E+00	-2.25470688E+00	1.58278815E-02	1.03870706E-02
-1.58660564E-01	-2.79969288E+00	1.58240583E-02	1.03481966E-02
1.91330256E+00	-2.65897312E+00	1.58202459E-02	1.03094267E-02
3.59450468E+00	-1.81079854E+00	1.58164444E-02	1.02707601E-02
4.45080461E+00	-4.38451649E-01	1.58126538E-02	1.02321963E-02
4.22836625E+00	1.11600409E+00	1.58088738E-02	1.01937346E-02
2.92854825E+00	2.44643499E+00	1.58051045E-02	1.01553744E-02
8.18423732E-01	3.19865228E+00	1.58013458E-02	1.01171151E-02
-1.62793699E+00	3.17373016E+00	1.57975976E-02	1.00789560E-02
-3.84327402E+00	2.38786325E+00	1.57938599E-02	1.00408966E-02
-5.30658844E+00	1.07046415E+00	1.57901327E-02	1.00029362E-02
-5.67158669E+00	-3.99741139E-01	1.57864157E-02	9.96507420E-03
-4.85042703E+00	-1.60254712E+00	1.57827091E-02	9.92731009E-03
-3.03133159E+00	-2.19684306E+00	1.57790127E-02	9.88964322E-03
-6.26657062E-01	-2.01875837E+00	1.57753264E-02	9.85207302E-03
1.83331839E+00	-1.12860639E+00	1.57716502E-02	9.81459890E-03
3.83158527E+00	2.07217362E-01	1.57679841E-02	9.77722027E-03
4.98566336E+00	1.59415576E+00	1.57643280E-02	9.73993657E-03
5.12820865E+00	2.62442564E+00	1.57606818E-02	9.70274722E-03
4.32870242E+00	2.99528959E+00	1.57570455E-02	9.66565165E-03
2.85485652E+00	2.59604001E+00	1.57534189E-02	9.62864931E-03
1.08872024E+00	1.53834108E+00	1.57498022E-02	9.59173962E-03
-5.76363978E-01	1.21313955E-01	1.57461951E-02	9.55492204E-03
-1.82877254E+00	-1.25800108E+00	1.57425976E-02	9.51819601E-03
-2.49790896E+00	-2.22211386E+00	1.57390098E-02	9.48156098E-03
-2.56806384E+00	-2.52367358E+00	1.57354314E-02	9.44501642E-03
-2.14947196E+00	-2.11656753E+00	1.57318625E-02	9.40856178E-03
-1.42155870E+00	-1.16675807E+00	1.57283031E-02	9.37219652E-03
-5.70009605E-01	-2.47848638E-05	1.57247530E-02	9.33592012E-03
2.61477597E-01	9.97519352E-01	1.57212122E-02	9.29973204E-03
9.91386789E-01	1.49634780E+00	1.57176806E-02	9.26363175E-03
1.59052478E+00	1.32304910E+00	1.57141583E-02	9.22761875E-03
2.05138370E+00	5.12937767E-01	1.57106451E-02	9.19169250E-03
2.35333069E+00	-6.99757746E-01	1.57071409E-02	9.15585249E-03
2.44118314E+00	-1.95108661E+00	1.57036458E-02	9.12009822E-03
2.22904146E+00	-2.85533809E+00	1.57001597E-02	9.08442917E-03
1.63093157E+00	-3.11977546E+00	1.56966826E-02	9.04884484E-03
6.08466261E-01	-2.63225586E+00	1.56932143E-02	9.01334474E-03
-7.82595622E-01	-1.49596898E+00	1.56897548E-02	8.97792835E-03
-2.36720803E+00	-1.18856073E-03	1.56863041E-02	8.94259520E-03
-3.86253706E+00	1.45753634E+00	1.56828622E-02	8.90734478E-03
-4.93020829E+00	2.49439817E+00	1.56794289E-02	8.87217662E-03
-5.25962670E+00	2.84254828E+00	1.56760042E-02	8.83709022E-03
-4.66067799E+00	2.42959391E+00	1.56725882E-02	8.80208511E-03
-3.13799360E+00	1.39685798E+00	1.56691806E-02	8.76716081E-03
-9.21198181E-01	5.74442888E-02	1.56657815E-02	8.73231685E-03
1.56388627E+00	-1.19406940E+00	1.56623909E-02	8.69755275E-03
3.78190009E+00	-1.99371029E+00	1.56590086E-02	8.66286805E-03
5.21402252E+00	-2.10955296E+00	1.56556347E-02	8.62826227E-03
5.49186922E+00	-1.50383241E+00	1.56522691E-02	8.59373497E-03
4.50279821E+00	-3.39001464E-01	1.56489117E-02	8.55928568E-03
2.43565427E+00	1.07245539E+00	1.56455625E-02	8.52491394E-03
-2.49349027E-01	2.35847496E+00	1.56422214E-02	8.49061931E-03
-2.92281716E+00	3.19109323E+00	1.56388885E-02	8.45640132E-03
-4.93666183E+00	3.37344705E+00	1.56355636E-02	8.42225955E-03
-5.78496328E+00	2.88614389E+00	1.56322467E-02	8.38819353E-03
-5.23316474E+00	1.88177102E+00	1.56289378E-02	8.35420284E-03
-3.38092353E+00	6.31839984E-01	1.56256368E-02	8.32028703E-03
-6.41004300E-01	-5.55912687E-01	1.56223436E-02	8.28644566E-03
2.36122348E+00	-1.42420763E+00	1.56190583E-02	8.25267831E-03
4.94192785E+00	-1.83146519E+00	1.56157808E-02	8.21898455E-03
6.52651530E+00	-1.77801926E+00	1.56125110E-02	8.18536394E-03
6.78734962E+00	-1.38847033E+00	1.56092489E-02	8.15181607E-03
5.71630908E+00	-8.58940269E-01	1.56059945E-02	8.11834050E-03
3.61482383E+00	-3.88214721E-01	1.56027477E-02	8.08493683E-03
1.00631117E+00	-1.15577922E-01	1.55995084E-02	8.05160464E-03
-1.50355429E+00	-8.46115166E-02	1.55962767E-02	8.01834352E-03
-3.38018620E+00	-2.42724553E-01	1.55930524E-02	7.98515304E-03
-4.28627191E+00	-4.73934111E-01	1.55898356E-02	7.95203281E-03
-4.14903593E+00	-6.51443871E-01	1.55866262E-02	7.91898241E-03
-3.15424428E+00	-6.90397706E-01	1.55834242E-02	7.88600146E-03
-1.67330330E+00	-5.81735621E-01	1.55802295E-02	7.85308953E-03
-1.47824955E-01	-3.95067311E-01	1.55770420E-02	7.82024625E-03
1.03363096E+00	-2.49528695E-01	1.55738618E-02	7.78747120E-03
1.63192027E+00	-2.63004822E-01	1.55706888E-02	7.75476400E-03
1.60197568E+00	-4.98068565E-01	1.55675229E-02	7.72212426E-03
1.07750241E+00	-9.24787216E-01	1.55643641E-02	7.68955158E-03
3.05512676E-01	-1.41547072E+00	1.55612125E-02	7.65704559E-03
-4.45294150E-01	-1.77600553E+00	1.55580678E-02	7.62460589E-03
-9.72025689E-01	-1.80595223E+00	1.55549302E-02	7.59223211E-03
-1.19390652E+00	-1.36914562E+00	1.55517995E-02	7.55992387E-03
-1.16172307E+00	-4.51641780E-01	1.55486757E-02	7.52768080E-03
-1.02048756E+00	8.13659036E-01	1.55455588E-02	7.49550250E-03
-9.40552310E-01	2.16700251E+00	1.55424488E-02	7.46338863E-03
-1.04223858E+00	3.28409540E+00	1.55393455E-02	7.43133880E-03
-1.34060254E+00	3.86482321E+00	1.55362491E-02	7.39935265E-03
-1.72989699E+00	3.72306151E+00	1.55331593E-02	7.36742981E-03
-2.01393714E+00	2.85026954E+00	1.55300763E-02	7.33556991E-03
-1.97321421E+00	1.43188496E+00	1.55269999E-02	7.30377261E-03
-1.44709404E+00	-1.91391701E-01	1.55239301E-02	7.27203754E-03
-4.03760953E-01	-1.60924794E+00	1.55208669E-02	7.24036434E-03
1.02643526E+00	-2.45183485E+00	1.55178102E-02	7.20875266E-03
2.56774097E+00	-2.49356154E+00	1.55147601E-02	7.17720214E-03
3.86399212E+00	-1.72051188E+00	1.55117164E-02	7.14571244E-03
4.57472092E+00	-3.40893992E-01	1.55086792E-02	7.11428321E-03
4.47486517E+00	1.26623126E+00	1.55056483E-02	7.08291410E-03
3.52829459E+00	2.65104897E+00	1.55026239E-02	7.05160476E-03
1.91204390E+00	3.41471416E+00	1.54996058E-02	7.02035486E-03
-1.80955703E-02	3.31879523E+00	1.54965939E-02	6.98916406E-03
-1.81313145E+00	2.35152195E+00	1.54935883E-02	6.95803201E-03
-3.04511545E+00	7.31876045E-01	1.54905890E-02	6.92695838E-03
-3.41896147E+00	-1.14989850E+00	1.54875959E-02	6.89594283E-03
-2.85094570E+00	-2.83871445E+00	1.54846089E-02	6.86498504E-03
-1.49207377E+00	-3.93797927E+00	1.54816280E-02	6.83408468E-03
3.10199863E-01	-4.21509944E+00	1.54786532E-02	6.80324141E-03
2.10132504E+00	-3.65966842E+00	1.54756845E-02	6.77245490E-03
3.43554524E+00	-2.47860670E+00	1.54727218E-02	6.74172484E-03
3.98691543E+00	-1.03073699E+00	1.54697652E-02	6.71105090E-03
3.62610355E+00	2.79366776E-01	1.54668144E-02	6.68043276E-03
2.44385284E+00	1.11698117E+00	1.54638696E-02	6.64987010E-03
7.17239868E-01	1.30879742E+00	1.54609307E-02	6.61936260E-03
-1.16935245E+00	8.84547771E-01	1.54579977E-02	6.58890995E-03
-2.82485256E+00	5.78703365E-02	1.54550705E-02	6.55851183E-03
-3.94547630E+00	-8.46356847E-01	1.54521491E-02	6.52816793E-03
-4.37752868E+00	-1.49531134E+00	1.54492334E-02	6.49787794E-03
-4.13498013E+00	-1.65058237E+00	1.54463235E-02	6.46764156E-03
-3.37162432E+00	-1.23886136E+00	1.54434193E-02	6.43745847E-03
-2.32059278E+00	-3.70253257E-01	1.54405208E-02	6.40732837E-03
-1.22226132E+00	7.00395994E-01	1.54376279E-02	6.37725096E-03
-2.62913001E-01	1.65643277E+00	1.54347406E-02	6.34722593E-03
4.59083258E-01	2.22053317E+00	1.54318589E-02	6.31725298E-03
9.33218213E-01	2.24263972E+00	1.54289828E-02	6.28733182E-03
1.20819285E+00	1.74750276E+00	1.54261122E-02	6.25746216E-03
1.34903274E+00	9.27096355E-01	1.54232470E-02	6.22764368E-03
1.39799225E+00	8.01086959E-02	1.54203874E-02	6.19787610E-03
1.35452709E+00	-4.83022069E-01	1.54175331E-02	6.16815914E-03
1.18157700E+00	-5.40367431E-01	1.54146843E-02	6.13849249E-03
8.34934510E-01	-3.30424475E-02	1.54118408E-02	6.10887587E-03
3.03226382E-01	9.09455306E-01	1.54090027E-02	6.07930899E-03
-3.58764847E-01	2.00184757E+00	1.54061699E-02	6.04979156E-03
-1.01930281E+00	2.88487154E+00	1.54033424E-02	6.02032331E-03
-1.48997956E+00	3.23250780E+00	1.54005201E-02	5.99090395E-03
-1.57473749E+00	2.85285671E+00	1.53977031E-02	5.96153319E-03
-1.13438937E+00	1.75229433E+00	1.53948912E-02	5.93221076E-03
-1.46211839E-01	1.43022575E-01	1.53920846E-02	5.90293638E-03
1.26262659E+00	-1.60938887E+00	1.53892831E-02	5.87370977E-03
2.82280857E+00	-3.08424518E+00	1.53864867E-02	5.84453066E-03
4.17508210E+00	-3.92196480E+00	1.53836953E-02	5.81539878E-03
4.95648316E+00	-3.92502825E+00	1.53809091E-02	5.78631384E-03
4.89852453E+00	-3.11455149E+00	1.53781278E-02	5.75727559E-03
3.90967518E+00	-1.72606487E+00	1.53753516E-02	5.72828374E-03
2.11686221E+00	-1.45503761E-01	1.53725804E-02	5.69933804E-03
-1.49111430E-01	1.19649141E+00	1.53698141E-02	5.67043821E-03
-2.42408985E+00	1.94207162E+00	1.53670527E-02	5.64158399E-03
-4.22086003E+00	1.90245978E+00	1.53642962E-02	5.61277512E-03
-5.15096364E+00	1.10637994E+00	1.53615446E-02	5.58401133E-03
-5.02531493E+00	-2.12082177E-01	1.53587978E-02	5.55529236E-03
-3.90565257E+00	-1.68157560E+00	1.53560559E-02	5.52661795E-03
-2.09167879E+00	-2.89724214E+00	1.53533187E-02	5.49798785E-03
-4.61542588E-02	-3.53030126E+00	1.53505864E-02	5.46940179E-03
1.72268153E+00	-3.41285190E+00	1.53478587E-02	5.44085952E-03
2.79010027E+00	-2.57528483E+00	1.53451358E-02	5.41236079E-03
2.92078188E+00	-1.22793102E+00	1.53424175E-02	5.38390533E-03
2.12351167E+00	3.05277874E-01	1.53397039E-02	5.35549290E-03
6.40810946E-01	1.68004969E+00	1.53369950E-02	5.32712326E-03
-1.12233935E+00	2.62410674E+00	1.53342907E-02	5.29879613E-03
-2.70985375E+00	3.00260813E+00	1.53315909E-02	5.27051129E-03
-3.73457284E+00	2.83976500E+00	1.53288957E-02	5.24226848E-03
-3.97402938E+00	2.29355939E+00	1.53262051E-02	5.21406746E-03
-3.41681759E+00	1.59449427E+00	1.53235189E-02	5.18590797E-03
-2.24917891E+00	9.69356247E-01	1.53208373E-02	5.15778978E-03
-7.88710111E-01	5.74184062E-01	1.53181601E-02	5.12971265E-03
6.13129549E-01	4.56300422E-01	1.53154873E-02	5.10167633E-03
1.67003177E+00	5.55006503E-01	1.53128190E-02	5.07368058E-03
2.23263622E+00	7.37757821E-01	1.53101550E-02	5.04572517E-03
2.31375969E+00	8.57419169E-01	1.53074955E-02	5.01780985E-03
2.06252807E+00	8.10022173E-01	1.53048402E-02	4.98993440E-03
1.69856505E+00	5.73140350E-01	1.53021893E-02	4.96209856E-03
1.42918383E+00	2.12166139E-01	1.52995427E-02	4.93430212E-03
1.37692955E+00	-1.47015283E-01	1.52969003E-02	4.90654483E-03
1.54063052E+00	-3.68902499E-01	1.52942622E-02	4.87882647E-03
1.80177038E+00	-3.64615989E-01	1.52916283E-02	4.85114679E-03
1.97310591E+00	-1.33247258E-01	1.52889987E-02	4.82350559E-03
1.87269847E+00	2.27224039E-01	1.52863732E-02	4.79590261E-03
1.39819789E+00	5.44992160E-01	1.52837518E-02	4.76833764E-03
5.75922395E-01	6.28923520E-01	1.52811346E-02	4.74081045E-03
-4.32869286E-01	3.35666153E-01	1.52785215E-02	4.71332081E-03
-1.37252593E+00	-3.72549098E-01	1.52759125E-02	4.68586850E-03
-1.96925942E+00	-1.39946197E+00	1.52733076E-02	4.65845330E-03
-2.02005088E+00	-2.52729814E+00	1.52707067E-02	4.63107498E-03
-1.46616774E+00	-3.46933950E+00	1.52681098E-02	4.60373332E-03
-4.26914863E-01	-3.94888346E+00	1.52655169E-02	4.57642809E-03
8.19398565E-01	-3.78192147E+00	1.52629280E-02	4.54915909E-03
1.90455929E+00	-2.93854115E+00	1.52603431E-02	4.52192609E-03
2.47149443E+00	-1.56333643E+00	1.52577621E-02	4.49472887E-03
2.27874306E+00	5.34017435E-02	1.52551850E-02	4.46756722E-03
1.27770105E+00	1.54757112E+00	1.52526118E-02	4.44044093E-03
-3.61079476E-01	2.57710232E+00	1.52500424E-02	4.41334976E-03
-2.28213317E+00	2.91500036E+00	1.52474769E-02	4.38629352E-03
-4.03220614E+00	2.51291239E+00	1.52449152E-02	4.35927200E-03
-5.17723397E+00	1.51648925E+00	1.52423574E-02	4.33228496E-03
-5.41718988E+00	2.27367941E-01	1.52398033E-02	4.30533222E-03
-4.66694939E+00	-9.78147619E-01	1.52372530E-02	4.27841355E-03
-3.08056425E+00	-1.75115882E+00	1.52347064E-02	4.25152875E-03
-1.01206826E+00	-1.86443359E+00	1.52321636E-02	4.22467761E-03
1.07636824E+00	-1.27252040E+00	1.52296244E-02	4.19785993E-03
2.73354610E+00	-1.21205901E-01	1.52270889E-02	4.17107549E-03
3.63292835E+00	1.29565043E+00	1.52245571E-02	4.14432409E-03
3.65025127E+00	2.61888255E+00	1.52220289E-02	4.11760552E-03
2.88502657E+00	3.52230839E+00	1.52195044E-02	4.09091959E-03
1.62198439E+00	3.79853998E+00	1.52169834E-02	4.06426608E-03
2.45323298E-01	3.40856768E+00	1.52144661E-02	4.03764481E-03
-8.68653233E-01	2.48244554E+00	1.52119522E-02	4.01105556E-03
-1.44988617E+00	1.27291743E+00	1.52094419E-02	3.98449813E-03
-1.39713908E+00	7.74214857E-02	1.52069352E-02	3.95797233E-03
-7.89461647E-01	-8.47418517E-01	1.52044319E-02	3.93147796E-03
1.53403728E-01	-1.35344216E+00	1.52019321E-02	3.90501482E-03
1.14686313E+00	-1.43172229E+00	1.51994358E-02	3.87858270E-03
1.92897547E+00	-1.19931873E+00	1.51969429E-02	3.85218143E-03
2.33296672E+00	-8.48560635E-01	1.51944535E-02	3.82581080E-03
2.32409716E+00	-5.76668262E-01	1.51919674E-02	3.79947061E-03
1.99221071E+00	-5.18964891E-01	1.51894847E-02	3.77316067E-03
1.50544127E+00	-7.06975629E-01	1.51870054E-02	3.74688080E-03
1.04246224E+00	-1.06409895E+00	1.51845294E-02	3.72063079E-03
7.26732843E-01	-1.43906570E+00	1.51820568E-02	3.69441045E-03
5.84678062E-01	-1.66504439E+00	1.51795875E-02	3.66821960E-03
5.41271464E-01	-1.62392614E+00	1.51771214E-02	3.64205805E-03
4.53852357E-01	-1.29366189E+00	1.51746586E-02	3.61592560E-03
1.72244364E-01	-7.62062166E-01	1.51721991E-02	3.58982207E-03
-3.95600338E-01	-2.01466026E-01	1.51697428E-02	3.56374726E-03
-1.23532935E+00	1.88336497E-01	1.51672897E-02	3.53770100E-03
-2.21290177E+00	2.50722715E-01	1.51648398E-02	3.51168310E-03
-3.10282583E+00	-6.69674718E-02	1.51623931E-02	3.48569337E-03
-3.65105720E+00	-6.83547025E-01	1.51599495E-02	3.45973162E-03
-3.65414061E+00	-1.39692867E+00	1.51575091E-02	3.43379767E-03
-3.03013440E+00	-1.93849090E+00	1.51550718E-02	3.40789134E-03
-1.85831095E+00	-2.05404534E+00	1.51526376E-02	3.38201245E-03
-3.73275717E-01	-1.58732614E+00	1.51502065E-02	3.35616081E-03
1.08751850E+00	-5.39838051E-01	1.51477785E-02	3.33033624E-03
2.16983875E+00	9.13118521E-01	1.51453535E-02	3.30453857E-03
2.59877535E+00	2.45795539E+00	1.51429316E-02	3.27876760E-03
2.25756252E+00	3.72219816E+00	1.51405126E-02	3.25302317E-03
1.22600324E+00	4.37650370E+00	1.51380967E-02	3.22730509E-03
-2.33567204E-01	4.23027900E+00	1.51356837E-02	3.20161319E-03
-1.74013080E+00	3.29256408E+00	1.51332738E-02	3.17594729E-03
-2.89089670E+00	1.77897717E+00	1.51308667E-02	3.15030721E-03
-3.36512120E+00	6.06215460E-02	1.51284626E-02	3.12469277E-03
-3.00671694E+00	-1.43240277E+00	1.51260614E-02	3.09910380E-03
-1.86352033E+00	-2.32675712E+00	1.51236631E-02	3.07354013E-03
-1.73252501E-01	-2.40857479E+00	1.51212676E-02	3.04800158E-03
1.69901179E+00	-1.68385561E+00	1.51188751E-02	3.02248798E-03
3.35392799E+00	-3.78829130E-01	1.51164853E-02	2.99699916E-03
4.45582085E+00	1.12060806E+00	1.51140984E-02	2.97153493E-03
4.80946291E+00	2.37400008E+00	1.51117143E-02	2.94609514E-03
4.39665670E+00	3.00686499E+00	1.51093330E-02	2.92067961E-03
3.36560156E+00	2.81303889E+00	1.51069545E-02	2.89528817E-03
1.97941691E+00	1.81029887E+00	1.51045788E-02	2.86992064E-03
5.41021938E-01	2.33953437E-01	1.51022057E-02	2.84457687E-03
-6.83192128E-01	-1.52935319E+00	1.50998354E-02	2.81925668E-03
-1.52006342E+00	-3.04853393E+00	1.50974679E-02	2.79395990E-03
-1.91348567E+00	-3.96526894E+00	1.50951030E-02	2.76868637E-03
-1.91305150E+00	-4.08862222E+00	1.50927408E-02	2.74343592E-03
-1.63596840E+00	-3.44103862E+00	1.50903812E-02	2.71820838E-03
-1.21796781E+00	-2.24392082E+00	1.50880243E-02	2.69300359E-03
-7.70612052E-01	-8.48370209E-01	1.50856701E-02	2.66782138E-03
-3.58281929E-01	3.67836248E-01	1.50833184E-02	2.64266159E-03
1.51229430E-04	1.10681216E+00	1.50809693E-02	2.61752404E-03
3.09451202E-01	1.23018531E+00	1.50786229E-02	2.59240859E-03
5.67842927E-01	7.89835764E-01	1.50762790E-02	2.56731506E-03
7.43276154E-01	2.51289688E-03	1.50739376E-02	2.54224330E-03
7.68164058E-01	-8.22431770E-01	1.50715988E-02	2.51719313E-03
5.57336034E-01	-1.37956429E+00	1.50692625E-02	2.49216441E-03
4.45664079E-02	-1.45904879E+00	1.50669287E-02	2.46715696E-03
-7.75133328E-01	-1.00662371E+00	1.50645974E-02	2.44217063E-03
-1.81427450E+00	-1.35087629E-01	1.50622685E-02	2.41720526E-03
-2.88769527E+00	9.14695926E-01	1.50599421E-02	2.39226068E-03
-3.74099415E+00	1.85022274E+00	1.50576182E-02	2.36733674E-03
-4.10932523E+00	2.41732113E+00	1.50552967E-02	2.34243329E-03
-3.79239004E+00	2.47630959E+00	1.50529776E-02	2.31755015E-03
-2.72414036E+00	2.04172430E+00	1.50506609E-02	2.29268718E-03
-1.01463978E+00	1.27441121E+00	1.50483466E-02	2.26784422E-03
1.05244264E+00	4.29314640E-01	1.50460346E-02	2.24302111E-03
3.07147660E+00	-2.24442607E-01	1.50437250E-02	2.21821769E-03
4.60617145E+00	-4.86548380E-01	1.50414177E-02	2.19343381E-03
5.29850281E+00	-2.86411438E-01	1.50391128E-02	2.16866931E-03
4.96629583E+00	2.96107528E-01	1.50368101E-02	2.14392404E-03
3.66158384E+00	1.05588129E+00	1.50345098E-02	2.11919784E-03
1.67110399E+00	1.72547308E+00	1.50322117E-02	2.09449057E-03
-5.44601824E-01	2.05650689E+00	1.50299159E-02	2.06980206E-03
-2.46015534E+00	1.89486408E+00	1.50276223E-02	2.04513216E-03
-3.61523084E+00	1.22733901E+00	1.50253310E-02	2.02048073E-03
-3.73148933E+00	1.86258391E-01	1.50230419E-02	1.99584760E-03
-2.78518915E+00	-9.88684994E-01	1.50207550E-02	1.97123263E-03
-1.01537818E+00	-2.01940593E+00	1.50184703E-02	1.94663567E-03
1.13537027E+00	-2.66833088E+00	1.50161877E-02	1.92205656E-03
3.13256619E+00	-2.80387606E+00	1.50139074E-02	1.89749515E-03
4.48446874E+00	-2.43368656E+00	1.50116291E-02	1.87295130E-03
4.86431466E+00	-1.69686989E+00	1.50093530E-02	1.84842485E-03
4.18813843E+00	-8.18858141E-01	1.50070790E-02	1.82391566E-03
2.62848484E+00	-4.34993364E-02	1.50048072E-02	1.79942358E-03
5.61875226E-01	4.36758273E-01	1.50025374E-02	1.77494845E-03
-1.53420370E+00	5.31931668E-01	1.50002697E-02	1.75049013E-03
-3.20577150E+00	2.72593545E-01	1.49980040E-02	1.72604847E-03
-4.13432059E+00	-2.08714350E-01	1.49957404E-02	1.70162332E-03
-4.20689992E+00	-7.25170363E-01	1.49934789E-02	1.67721454E-03
-3.52756743E+00	-1.09634418E+00	1.49912193E-02	1.65282199E-03
-2.37037115E+00	-1.20247245E+00	1.49889618E-02	1.62844550E-03
-1.09028920E+00	-1.01584890E+00	1.49867062E-02	1.60408495E-03
-1.95630014E-02	-6.00793683E-01	1.49844527E-02	1.57974018E-03
6.20407702E-01	-8.40476784E-02	1.49822010E-02	1.55541105E-03
7.67508962E-01	3.93107204E-01	1.49799514E-02	1.53109741E-03
5.16423481E-01	7.24167201E-01	1.49777037E-02	1.50679911E-03
6.95429623E-02	8.71419308E-01	1.49754579E-02	1.48251603E-03
-3.40693417E-01	8.73491744E-01	1.49732140E-02	1.45824800E-03
-5.32253333E-01	8.24490968E-01	1.49709720E-02	1.43399489E-03
-4.31307715E-01	8.32550221E-01	1.49687319E-02	1.40975656E-03
-9.00180927E-02	9.72743452E-01	1.49664937E-02	1.38553285E-03
3.39819135E-01	1.25143611E+00	1.49642573E-02	1.36132364E-03
6.67223309E-01	1.59550539E+00	1.49620228E-02	1.33712877E-03
7.35758630E-01	1.87159118E+00	1.49597901E-02	1.31294811E-03
4.85650757E-01	1.93028557E+00	1.49575592E-02	1.28878151E-03
-1.67842178E-02	1.66127822E+00	1.49553302E-02	1.26462883E-03
-5.92996941E-01	1.04092108E+00	1.49531029E-02	1.24048994E-03
-1.00607573E+00	1.55101909E-01	1.49508774E-02	1.21636468E-03
-1.03839248E+00	-8.12522281E-01	1.49486536E-02	1.19225293E-03
-5.68743714E-01	-1.62608175E+00	1.49464317E-02	1.16815454E-03
3.75886384E-01	-2.06488700E+00	1.49442114E-02	1.14406937E-03
1.61170110E+00	-1.99284163E+00	1.49419929E-02	1.11999728E-03
2.83762870E+00	-1.40808134E+00	1.49397761E-02	1.09593814E-03
3.71348805E+00	-4.55838988E-01	1.49375610E-02	1.07189180E-03
3.95524297E+00	6.02100354E-01	1.49353475E-02	1.04785813E-03
3.41999257E+00	1.45503734E+00	1.49331358E-02	1.02383698E-03
2.15553468E+00	1.83011744E+00	1.49309257E-02	9.99828224E-04
3.98973432E-01	1.57350888E+00	1.49287173E-02	9.75831719E-04
-1.47684360E+00	7.01733273E-01	1.49265105E-02	9.51847330E-04
-3.05543016E+00	-5.93379140E-01	1.49243053E-02	9.27874919E-04
-3.98261708E+00	-1.98966752E+00	1.49221017E-02	9.03914348E-04
-4.05758764E+00	-3.11861627E+00	1.49198997E-02	8.79965482E-04
-3.28428229E+00	-3.66564317E+00	1.49176994E-02	8.56028183E-04
-1.86945820E+00	-3.45856803E+00	1.49155005E-02	8.32102317E-04
-1.68423670E-01	-2.51875620E+00	1.49133033E-02	8.08187746E-04
1.40629377E+00	-1.05954725E+00	1.49111076E-02	7.84284337E-04
2.48836462E+00	5.68625617E-01	1.49089134E-02	7.60391952E-04
2.84562145E+00	1.97178180E+00	1.49067208E-02	7.36510457E-04
2.43016834E+00	2.81871836E+00	1.49045296E-02	7.12639718E-04
1.37937623E+00	2.93030425E+00	1.49023400E-02	6.88779599E-04
-2.97132359E-02	2.32655542E+00	1.49001519E-02	6.64929967E-04
-1.45763667E+00	1.21820536E+00	1.48979652E-02	6.41090686E-04
-2.58888503E+00	-5.47309804E-02	1.48957800E-02	6.17261624E-04
-3.20404227E+00	-1.11979205E+00	1.48935962E-02	5.93442645E-04
-3.22010236E+00	-1.67664124E+00	1.48914139E-02	5.69633618E-04
-2.69171720E+00	-1.57963535E+00	1.48892330E-02	5.45834408E-04
-1.77771965E+00	-8.75149766E-01	1.48870535E-02	5.22044883E-04
-6.86612162E-01	2.16402814E-01	1.48848754E-02	4.98264910E-04
3.80821375E-01	1.36791756E+00	1.48826987E-02	4.74494355E-04
1.27503600E+00	2.24219283E+00	1.48805234E-02	4.50733087E-04
1.91706100E+00	2.58944169E+00	1.48783494E-02	4.26980972E-04
2.29238705E+00	2.31747352E+00	1.48761768E-02	4.03237880E-04
2.42672938E+00	1.51461103E+00	1.48740055E-02	3.79503678E-04
2.35631903E+00	4.19451031E-01	1.48718356E-02	3.55778235E-04
2.10584156E+00	-6.52806289E-01	1.48696669E-02	3.32061419E-04
1.68282354E+00	-1.40513477E+00	1.48674996E-02	3.08353098E-04
1.08985025E+00	-1.64632880E+00	1.48653336E-02	2.84653141E-04
3.48201351E-01	-1.34573237E+00	1.48631689E-02	2.60961418E-04
-4.78857366E-01	-6.39280469E-01	1.48610054E-02	2.37277798E-04
-1.27579532E+00	2.14355775E-01	1.48588432E-02	2.13602150E-04
-1.88621213E+00	9.13954990E-01	1.48566822E-02	1.89934344E-04
-2.14686613E+00	1.20807128E+00	1.48545224E-02	1.66274248E-04
-1.93645675E+00	9.71926507E-01	1.48523639E-02	1.42621734E-04
-1.22436601E+00	2.46089784E-01	1.48502066E-02	1.18976671E-04
-1.02144543E-01	-7.74355316E-01	1.48480505E-02	9.53389292E-05
1.21619236E+00	-1.79673986E+00	1.48458956E-02	7.17083790E-05
2.43063348E+00	-2.51683819E+00	1.48437419E-02	4.80848909E-05
3.22286721E+00	-2.70854637E+00	1.48415893E-02	2.44683355E-05
3.33917182E+00	-2.29087314E+00	1.48394378E-02	8.58583481E-07
2.66598070E+00	-1.35276350E+00	1.48372876E-02	-2.27444942E-05
1.27546004E+00	-1.28772661E-01	1.48351384E-02	-4.63410265E-05
-5.74858584E-01	1.06699617E+00	1.48329904E-02	-6.99311423E-05
-2.49236900E+00	1.92923248E+00	1.48308434E-02	-9.35149703E-05
-4.03959199E+00	2.24638660E+00	1.48286976E-02	-1.17092639E-04
-4.84230753E+00	1.95799260E+00	1.48265528E-02	-1.40664277E-04
-4.68731165E+00	1.16848998E+00	1.48244091E-02	-1.64230013E-04
-3.58291444E+00	1.14545234E-01	1.48222665E-02	-1.87789974E-04
