jMRUI Data Textfile

Filename: /Users/kayigwe/Desktop/TE26_BASISSET/converter/sample_basis_sets/JMRUI/Glu.txt

PointsInDataset: 2048
DatasetsInFile: 1
SamplingInterval: 2.500000E-01
ZeroOrderPhase: 0.000000E+00
BeginTime: 0.000000E+00
TransmitterFrequency: 1.232618E+08
MagneticField: 2.895033E+00
TypeOfNucleus: 0.000000E+00
NameOfPatient: Glu
DateOfExperiment: 20260523
Spectrometer: Unknown
AdditionalInfo: Converted by basis_set_converter


Signal and FFT
sig(real)	sig(imag)	fft(real)	fft(imag)
Signal 1 out of 1 in file
4.33300274E+01	-3.23064797E+00	1.06675313E-02	1.44933224E-03
3.80486206E+01	-2.06388564E+01	1.06662347E-02	1.43242606E-03
2.57311033E+01	-3.39368630E+01	1.06649389E-02	1.41553100E-03
8.98785516E+00	-4.04148499E+01	1.06636439E-02	1.39864697E-03
-8.62804688E+00	-3.88507835E+01	1.06623497E-02	1.38177388E-03
-2.34077402E+01	-2.97750470E+01	1.06610563E-02	1.36491165E-03
-3.23059828E+01	-1.53433811E+01	1.06597636E-02	1.34806018E-03
-3.36087574E+01	1.15206144E+00	1.06584717E-02	1.33121937E-03
-2.72998165E+01	1.60219999E+01	1.06571806E-02	1.31438915E-03
-1.50457479E+01	2.60021050E+01	1.06558902E-02	1.29756942E-03
1.94157886E-01	2.89727585E+01	1.06546005E-02	1.28076009E-03
1.48423284E+01	2.44159836E+01	1.06533117E-02	1.26396106E-03
2.55074588E+01	1.35098498E+01	1.06520235E-02	1.24717227E-03
2.97373911E+01	-1.15654223E+00	1.06507360E-02	1.23039360E-03
2.65524081E+01	-1.61787244E+01	1.06494493E-02	1.21362498E-03
1.66427551E+01	-2.81054258E+01	1.06481633E-02	1.19686631E-03
2.19147933E+00	-3.42054889E+01	1.06468780E-02	1.18011752E-03
-1.36314693E+01	-3.30618408E+01	1.06455934E-02	1.16337850E-03
-2.73849340E+01	-2.48631422E+01	1.06443095E-02	1.14664917E-03
-3.61183297E+01	-1.13340854E+01	1.06430263E-02	1.12992944E-03
-3.80088796E+01	4.67242705E+00	1.06417437E-02	1.11321923E-03
-3.27354170E+01	1.98227612E+01	1.06404619E-02	1.09651845E-03
-2.15121610E+01	3.10399333E+01	1.06391807E-02	1.07982701E-03
-6.78390023E+00	3.61648605E+01	1.06379001E-02	1.06314482E-03
8.34033179E+00	3.43969782E+01	1.06366202E-02	1.04647180E-03
2.07818130E+01	2.64231818E+01	1.06353410E-02	1.02980786E-03
2.81570846E+01	1.42164103E+01	1.06340624E-02	1.01315291E-03
2.92671548E+01	5.59507379E-01	1.06327844E-02	9.96506874E-04
2.43089723E+01	-1.15906215E+01	1.06315070E-02	9.79869656E-04
1.47727393E+01	-1.97520397E+01	1.06302303E-02	9.63241172E-04
3.06001830E+00	-2.24360239E+01	1.06289542E-02	9.46621339E-04
-8.08157933E+00	-1.94253290E+01	1.06276787E-02	9.30010068E-04
-1.61743962E+01	-1.17612115E+01	1.06264038E-02	9.13407276E-04
-1.95390829E+01	-1.45499970E+00	1.06251294E-02	8.96812877E-04
-1.76226410E+01	8.99936418E+00	1.06238557E-02	8.80226786E-04
-1.10633229E+01	1.71946194E+01	1.06225826E-02	8.63648917E-04
-1.49116628E+00	2.13315705E+01	1.06213100E-02	8.47079186E-04
8.87814891E+00	2.05799933E+01	1.06200380E-02	8.30517509E-04
1.77554507E+01	1.52080934E+01	1.06187665E-02	8.13963801E-04
2.32774419E+01	6.46491363E+00	1.06174957E-02	7.97417977E-04
2.43840508E+01	-3.74406043E+00	1.06162253E-02	7.80879953E-04
2.09981066E+01	-1.33041941E+01	1.06149555E-02	7.64349645E-04
1.39803001E+01	-2.03557796E+01	1.06136863E-02	7.47826970E-04
4.88412419E+00	-2.36718025E+01	1.06124175E-02	7.31311844E-04
-4.42161595E+00	-2.28723582E+01	1.06111493E-02	7.14804183E-04
-1.21703065E+01	-1.84403865E+01	1.06098816E-02	6.98303904E-04
-1.70603599E+01	-1.15502220E+01	1.06086145E-02	6.81810922E-04
-1.84879975E+01	-3.76135628E+00	1.06073478E-02	6.65325157E-04
-1.66095467E+01	3.34417710E+00	1.06060816E-02	6.48846523E-04
-1.22342595E+01	8.49615980E+00	1.06048159E-02	6.32374939E-04
-6.58657546E+00	1.09711854E+01	1.06035507E-02	6.15910321E-04
-1.00264408E+00	1.06858246E+01	1.06022860E-02	5.99452588E-04
3.36525144E+00	8.14138723E+00	1.06010218E-02	5.83001656E-04
5.77161415E+00	4.24791364E+00	1.05997580E-02	5.66557444E-04
5.98626503E+00	7.96811007E-02	1.05984947E-02	5.50119869E-04
4.27724880E+00	-3.37535138E+00	1.05972318E-02	5.33688849E-04
1.28694936E+00	-5.41519504E+00	1.05959694E-02	5.17264302E-04
-2.15722827E+00	-5.73391554E+00	1.05947074E-02	5.00846146E-04
-5.24597135E+00	-4.42899108E+00	1.05934459E-02	4.84434300E-04
-7.35657122E+00	-1.91859910E+00	1.05921848E-02	4.68028683E-04
-8.15303463E+00	1.19875224E+00	1.05909241E-02	4.51629211E-04
-7.60515070E+00	4.30039544E+00	1.05896638E-02	4.35235806E-04
-5.93556979E+00	6.87179491E+00	1.05884040E-02	4.18848384E-04
-3.52059818E+00	8.58725031E+00	1.05871445E-02	4.02466866E-04
-7.78232723E-01	9.32891556E+00	1.05858854E-02	3.86091170E-04
1.92516288E+00	9.15201614E+00	1.05846268E-02	3.69721215E-04
4.32856706E+00	8.21759671E+00	1.05833685E-02	3.53356920E-04
6.28441164E+00	6.71980631E+00	1.05821106E-02	3.36998206E-04
7.72996652E+00	4.83179357E+00	1.05808531E-02	3.20644991E-04
8.64129130E+00	2.68438526E+00	1.05795959E-02	3.04297195E-04
8.99230054E+00	3.78376512E-01	1.05783391E-02	2.87954737E-04
8.73708678E+00	-1.98122562E+00	1.05770827E-02	2.71617538E-04
7.82337298E+00	-4.24845584E+00	1.05758266E-02	2.55285518E-04
6.23229368E+00	-6.21740341E+00	1.05745709E-02	2.38958595E-04
4.02872655E+00	-7.63494853E+00	1.05733155E-02	2.22636692E-04
1.40064347E+00	-8.24780347E+00	1.05720604E-02	2.06319726E-04
-1.33263831E+00	-7.87353357E+00	1.05708056E-02	1.90007620E-04
-3.75505174E+00	-6.47486474E+00	1.05695512E-02	1.73700293E-04
-5.42993934E+00	-4.21213937E+00	1.05682971E-02	1.57397666E-04
-6.00257144E+00	-1.45198680E+00	1.05670433E-02	1.41099659E-04
-5.30317876E+00	1.27934025E+00	1.05657897E-02	1.24806193E-04
-3.42070592E+00	3.39452481E+00	1.05645365E-02	1.08517189E-04
-7.21888561E-01	4.37664869E+00	1.05632836E-02	9.22325667E-05
2.19762622E+00	3.91285603E+00	1.05620309E-02	7.59522484E-05
4.62637235E+00	1.99522502E+00	1.05607786E-02	5.96761544E-05
5.89302115E+00	-1.04127297E+00	1.05595265E-02	4.34042059E-05
5.53039305E+00	-4.56046719E+00	1.05582746E-02	2.71363241E-05
3.40728363E+00	-7.74415187E+00	1.05570231E-02	1.08724301E-05
-2.07570593E-01	-9.76667078E+00	1.05557717E-02	-5.38755472E-06
-4.67103106E+00	-9.98714652E+00	1.05545207E-02	-2.16437090E-05
-9.08176106E+00	-8.11428092E+00	1.05532698E-02	-3.78961113E-05
-1.24661238E+01	-4.30212062E+00	1.05520192E-02	-5.41448401E-05
-1.39944813E+01	8.50854947E-01	1.05507688E-02	-7.03899738E-05
-1.31788351E+01	6.40542698E+00	1.05495187E-02	-8.66315907E-05
-1.00043587E+01	1.12700282E+01	1.05482687E-02	-1.02869769E-04
-4.96050075E+00	1.44346938E+01	1.05470190E-02	-1.19104587E-04
1.04071687E+00	1.51987545E+01	1.05457695E-02	-1.35336123E-04
6.84572771E+00	1.33395353E+01	1.05445202E-02	-1.51564455E-04
1.13025880E+01	9.18083079E+00	1.05432710E-02	-1.67789661E-04
1.35132361E+01	3.54155296E+00	1.05420221E-02	-1.84011819E-04
1.30378016E+01	-2.42809087E+00	1.05407733E-02	-2.00231006E-04
1.00030756E+01	-7.48943782E+00	1.05395247E-02	-2.16447301E-04
5.08778447E+00	-1.05846724E+01	1.05382763E-02	-2.32660782E-04
-6.15306552E-01	-1.10725739E+01	1.05370281E-02	-2.48871526E-04
-5.83239175E+00	-8.87685699E+00	1.05357800E-02	-2.65079610E-04
-9.38644906E+00	-4.51191415E+00	1.05345320E-02	-2.81285113E-04
-1.04584732E+01	1.02216868E+00	1.05332842E-02	-2.97488112E-04
-8.77337344E+00	6.45405736E+00	1.05320365E-02	-3.13688685E-04
-4.66786613E+00	1.05188125E+01	1.05307890E-02	-3.29886909E-04
9.76337565E-01	1.22376292E+01	1.05295416E-02	-3.46082861E-04
6.92070553E+00	1.11373986E+01	1.05282943E-02	-3.62276619E-04
1.18387580E+01	7.36069085E+00	1.05270471E-02	-3.78468261E-04
1.46066117E+01	1.64087258E+00	1.05258001E-02	-3.94657863E-04
1.45509612E+01	-4.85299136E+00	1.05245531E-02	-4.10845503E-04
1.15994550E+01	-1.07677681E+01	1.05233063E-02	-4.27031258E-04
6.29996588E+00	-1.48591731E+01	1.05220595E-02	-4.43215205E-04
-2.95681343E-01	-1.62614899E+01	1.05208128E-02	-4.59397422E-04
-6.85792264E+00	-1.46747706E+01	1.05195662E-02	-4.75577986E-04
-1.20657294E+01	-1.04285650E+01	1.05183197E-02	-4.91756973E-04
-1.48899688E+01	-4.40864741E+00	1.05170732E-02	-5.07934461E-04
-1.48118323E+01	2.13650442E+00	1.05158268E-02	-5.24110527E-04
-1.19290245E+01	7.86633690E+00	1.05145804E-02	-5.40285248E-04
-6.92747878E+00	1.16362008E+01	1.05133341E-02	-5.56458701E-04
-9.26129018E-01	1.27396829E+01	1.05120879E-02	-5.72630963E-04
4.76995169E+00	1.10529984E+01	1.05108417E-02	-5.88802110E-04
8.95307647E+00	7.05127915E+00	1.05095955E-02	-6.04972221E-04
1.07708900E+01	1.69506683E+00	1.05083493E-02	-6.21141370E-04
9.90302532E+00	-3.78624257E+00	1.05071032E-02	-6.37309637E-04
6.61945282E+00	-8.16516219E+00	1.05058571E-02	-6.53477097E-04
1.71000137E+00	-1.04812603E+01	1.05046110E-02	-6.69643827E-04
-3.69714270E+00	-1.02432178E+01	1.05033649E-02	-6.85809905E-04
-8.38629487E+00	-7.52523787E+00	1.05021187E-02	-7.01975406E-04
-1.13185917E+01	-2.93917916E+00	1.05008726E-02	-7.18140409E-04
-1.18521912E+01	2.50874063E+00	1.04996265E-02	-7.34304989E-04
-9.87172829E+00	7.64291330E+00	1.04983803E-02	-7.50469223E-04
-5.80127371E+00	1.13743049E+01	1.04971341E-02	-7.66633189E-04
-5.01012876E-01	1.29313154E+01	1.04958879E-02	-7.82796962E-04
4.92691686E+00	1.20163927E+01	1.04946416E-02	-7.98960621E-04
9.37901371E+00	8.85673906E+00	1.04933953E-02	-8.15124241E-04
1.19842569E+01	4.14131577E+00	1.04921490E-02	-8.31287900E-04
1.22811274E+01	-1.13881058E+00	1.04909026E-02	-8.47451674E-04
1.03015984E+01	-5.90937927E+00	1.04896561E-02	-8.63615640E-04
6.54717949E+00	-9.24214327E+00	1.04884096E-02	-8.79779875E-04
1.86590712E+00	-1.05448688E+01	1.04871629E-02	-8.95944455E-04
-2.73978597E+00	-9.67283737E+00	1.04859162E-02	-9.12109458E-04
-6.33059639E+00	-6.94091959E+00	1.04846695E-02	-9.28274960E-04
-8.22574320E+00	-3.03749534E+00	1.04834226E-02	-9.44441039E-04
-8.13532950E+00	1.13743964E+00	1.04821756E-02	-9.60607770E-04
-6.20398268E+00	4.67224402E+00	1.04809285E-02	-9.76775231E-04
-2.96021763E+00	6.83733489E+00	1.04796813E-02	-9.92943499E-04
8.13551072E-01	7.23152957E+00	1.04784340E-02	-1.00911265E-03
4.25905234E+00	5.85190272E+00	1.04771866E-02	-1.02528276E-03
6.62807111E+00	3.07575428E+00	1.04759391E-02	-1.04145391E-03
7.43622068E+00	-4.37354293E-01	1.04746914E-02	-1.05762617E-03
6.55334750E+00	-3.89880007E+00	1.04734436E-02	-1.07379963E-03
4.21441786E+00	-6.56402249E+00	1.04721956E-02	-1.08997435E-03
9.52539267E-01	-7.88775795E+00	1.04709475E-02	-1.10615042E-03
-2.52768523E+00	-7.62932045E+00	1.04696992E-02	-1.12232791E-03
-5.50649059E+00	-5.88819482E+00	1.04684507E-02	-1.13850690E-03
-7.40026615E+00	-3.06611546E+00	1.04672021E-02	-1.15468747E-03
-7.87611503E+00	2.32337679E-01	1.04659533E-02	-1.17086969E-03
-6.90750849E+00	3.33619450E+00	1.04647044E-02	-1.18705364E-03
-4.76266428E+00	5.65070154E+00	1.04634552E-02	-1.20323940E-03
-1.93203631E+00	6.77568621E+00	1.04622058E-02	-1.21942705E-03
9.86183392E-01	6.57624158E+00	1.04609563E-02	-1.23561665E-03
3.41592743E+00	5.19381683E+00	1.04597065E-02	-1.25180830E-03
4.92028044E+00	2.99913376E+00	1.04584566E-02	-1.26800206E-03
5.28198462E+00	5.00531322E-01	1.04572064E-02	-1.28419802E-03
4.53298018E+00	-1.77015892E+00	1.04559560E-02	-1.30039625E-03
2.93022449E+00	-3.36885063E+00	1.04547053E-02	-1.31659683E-03
8.86509693E-01	-4.02452979E+00	1.04534545E-02	-1.33279984E-03
-1.12616275E+00	-3.68268075E+00	1.04522034E-02	-1.34900535E-03
-2.67858088E+00	-2.50073071E+00	1.04509520E-02	-1.36521344E-03
-3.47008638E+00	-7.99908993E-01	1.04497004E-02	-1.38142419E-03
-3.38146701E+00	1.01329727E+00	1.04484485E-02	-1.39763769E-03
-2.48643224E+00	2.53754779E+00	1.04471964E-02	-1.41385399E-03
-1.02239453E+00	3.45930032E+00	1.04459440E-02	-1.43007319E-03
6.70321765E-01	3.61120834E+00	1.04446913E-02	-1.44629536E-03
2.22588517E+00	2.99607551E+00	1.04434383E-02	-1.46252058E-03
3.32976009E+00	1.77410358E+00	1.04421850E-02	-1.47874892E-03
3.77919139E+00	2.18922798E-01	1.04409315E-02	-1.49498047E-03
3.51628173E+00	-1.34612864E+00	1.04396776E-02	-1.51121531E-03
2.62910149E+00	-2.61689740E+00	1.04384235E-02	-1.52745350E-03
1.32318400E+00	-3.36805063E+00	1.04371690E-02	-1.54369513E-03
-1.28402218E-01	-3.49211827E+00	1.04359142E-02	-1.55994028E-03
-1.44455315E+00	-3.01174632E+00	1.04346591E-02	-1.57618903E-03
-2.39242145E+00	-2.06491595E+00	1.04334036E-02	-1.59244145E-03
-2.82946553E+00	-8.68359298E-01	1.04321478E-02	-1.60869763E-03
-2.72403769E+00	3.31665299E-01	1.04308917E-02	-1.62495764E-03
-2.15222111E+00	1.31033806E+00	1.04296352E-02	-1.64122155E-03
-1.27356955E+00	1.90668470E+00	1.04283783E-02	-1.65748946E-03
-2.92372271E-01	2.04973128E+00	1.04271211E-02	-1.67376143E-03
5.86639509E-01	1.76461009E+00	1.04258636E-02	-1.69003755E-03
1.19890595E+00	1.15911708E+00	1.04246056E-02	-1.70631790E-03
1.44926016E+00	3.95032523E-01	1.04233473E-02	-1.72260255E-03
1.32494984E+00	-3.48858607E-01	1.04220886E-02	-1.73889159E-03
8.91235214E-01	-9.14073258E-01	1.04208295E-02	-1.75518508E-03
2.71847831E-01	-1.19269471E+00	1.04195699E-02	-1.77148313E-03
-3.80641169E-01	-1.14520345E+00	1.04183100E-02	-1.78778579E-03
-9.17936235E-01	-8.03334043E-01	1.04170497E-02	-1.80409315E-03
-1.22584652E+00	-2.58522559E-01	1.04157890E-02	-1.82040530E-03
-1.24520537E+00	3.60738768E-01	1.04145278E-02	-1.83672230E-03
-9.80389173E-01	9.17413120E-01	1.04132662E-02	-1.85304425E-03
-4.94588831E-01	1.29429437E+00	1.04120041E-02	-1.86937122E-03
1.06388291E-01	1.41666461E+00	1.04107417E-02	-1.88570328E-03
6.97891403E-01	1.26511064E+00	1.04094787E-02	-1.90204053E-03
1.16263419E+00	8.76534245E-01	1.04082153E-02	-1.91838304E-03
1.41400658E+00	3.33804654E-01	1.04069515E-02	-1.93473088E-03
1.41200350E+00	-2.53295961E-01	1.04056872E-02	-1.95108415E-03
1.16895406E+00	-7.71598284E-01	1.04044224E-02	-1.96744292E-03
7.44379469E-01	-1.12761444E+00	1.04031571E-02	-1.98380728E-03
2.30497120E-01	-1.26551854E+00	1.04018914E-02	-2.00017729E-03
-2.68298845E-01	-1.17660578E+00	1.04006251E-02	-2.01655305E-03
-6.57556860E-01	-8.98634491E-01	1.03993584E-02	-2.03293464E-03
-8.71882767E-01	-5.05558502E-01	1.03980911E-02	-2.04932213E-03
-8.87195111E-01	-9.01046158E-02	1.03968234E-02	-2.06571560E-03
-7.23779244E-01	2.56942151E-01	1.03955551E-02	-2.08211515E-03
-4.39762360E-01	4.66289731E-01	1.03942863E-02	-2.09852084E-03
-1.16643716E-01	5.04404625E-01	1.03930169E-02	-2.11493277E-03
1.59837299E-01	3.79556816E-01	1.03917471E-02	-2.13135100E-03
3.19267514E-01	1.38501071E-01	1.03904767E-02	-2.14777563E-03
3.22289065E-01	-1.45325082E-01	1.03892057E-02	-2.16420674E-03
1.69088499E-01	-3.89378612E-01	1.03879342E-02	-2.18064441E-03
-1.01155920E-01	-5.21414074E-01	1.03866621E-02	-2.19708871E-03
-4.19677616E-01	-4.96379239E-01	1.03853894E-02	-2.21353974E-03
-7.04229936E-01	-3.07033473E-01	1.03841162E-02	-2.22999758E-03
-8.78264687E-01	1.40855356E-02	1.03828424E-02	-2.24646230E-03
-8.88856100E-01	4.01793953E-01	1.03815680E-02	-2.26293399E-03
-7.19313253E-01	7.72903361E-01	1.03802930E-02	-2.27941273E-03
-3.93599368E-01	1.04508758E+00	1.03790174E-02	-2.29589861E-03
2.84946346E-02	1.15571969E+00	1.03777412E-02	-2.31239171E-03
4.64395054E-01	1.07640075E+00	1.03764644E-02	-2.32889212E-03
8.27114537E-01	8.19840983E-01	1.03751869E-02	-2.34539990E-03
1.04481821E+00	4.37455016E-01	1.03739088E-02	-2.36191516E-03
1.07714527E+00	8.12193567E-03	1.03726301E-02	-2.37843797E-03
9.24531008E-01	-3.79427105E-01	1.03713508E-02	-2.39496841E-03
6.28320004E-01	-6.46651469E-01	1.03700708E-02	-2.41150658E-03
2.61529670E-01	-7.43126146E-01	1.03687902E-02	-2.42805255E-03
-8.77460374E-02	-6.58221344E-01	1.03675089E-02	-2.44460641E-03
-3.36593047E-01	-4.23774569E-01	1.03662269E-02	-2.46116824E-03
-4.26600653E-01	-1.07010786E-01	1.03649442E-02	-2.47773813E-03
-3.37800168E-01	2.04813333E-01	1.03636609E-02	-2.49431617E-03
-9.39282364E-02	4.24645671E-01	1.03623769E-02	-2.51090243E-03
2.42342415E-01	4.86185701E-01	1.03610922E-02	-2.52749700E-03
5.83286358E-01	3.60024669E-01	1.03598068E-02	-2.54409997E-03
8.36102001E-01	6.15902185E-02	1.03585207E-02	-2.56071143E-03
9.24514657E-01	-3.51083311E-01	1.03572338E-02	-2.57733145E-03
8.07090940E-01	-7.89447253E-01	1.03559463E-02	-2.59396013E-03
4.88014454E-01	-1.15382693E+00	1.03546580E-02	-2.61059755E-03
1.77156829E-02	-1.35583361E+00	1.03533690E-02	-2.62724380E-03
-5.16990516E-01	-1.33876676E+00	1.03520793E-02	-2.64389896E-03
-1.01123267E+00	-1.09134267E+00	1.03507888E-02	-2.66056311E-03
-1.36489764E+00	-6.51516155E-01	1.03494975E-02	-2.67723636E-03
-1.50487341E+00	-9.93466499E-02	1.03482055E-02	-2.69391878E-03
-1.40170546E+00	4.59685800E-01	1.03469127E-02	-2.71061045E-03
-1.07682986E+00	9.17334137E-01	1.03456192E-02	-2.72731148E-03
-5.98606442E-01	1.18622675E+00	1.03443249E-02	-2.74402193E-03
-6.78676914E-02	1.21921988E+00	1.03430297E-02	-2.76074192E-03
4.03934968E-01	1.02006818E+00	1.03417338E-02	-2.77747151E-03
7.19200392E-01	6.42911052E-01	1.03404371E-02	-2.79421079E-03
8.15826168E-01	1.80549720E-01	1.03391396E-02	-2.81095987E-03
6.81166700E-01	-2.55995442E-01	1.03378412E-02	-2.82771881E-03
3.55100281E-01	-5.62175699E-01	1.03365421E-02	-2.84448772E-03
-7.85896164E-02	-6.63383084E-01	1.03352421E-02	-2.86126669E-03
-5.10706627E-01	-5.31949390E-01	1.03339413E-02	-2.87805579E-03
-8.30972795E-01	-1.93826593E-01	1.03326396E-02	-2.89485512E-03
-9.52828956E-01	2.76627418E-01	1.03313371E-02	-2.91166477E-03
-8.33190640E-01	7.72694527E-01	1.03300337E-02	-2.92848483E-03
-4.82731851E-01	1.17869290E+00	1.03287294E-02	-2.94531539E-03
3.56531508E-02	1.39558968E+00	1.03274243E-02	-2.96215653E-03
6.19950572E-01	1.36317585E+00	1.03261183E-02	-2.97900835E-03
1.15086912E+00	1.07388322E+00	1.03248114E-02	-2.99587095E-03
1.51765780E+00	5.75150772E-01	1.03235036E-02	-3.01274440E-03
1.64223978E+00	-4.02356497E-02	1.03221950E-02	-3.02962880E-03
1.49635826E+00	-6.53757386E-01	1.03208854E-02	-3.04652425E-03
1.10795826E+00	-1.14646357E+00	1.03195749E-02	-3.06343082E-03
5.55389766E-01	-1.42443802E+00	1.03182635E-02	-3.08034862E-03
-4.93110216E-02	-1.43887646E+00	1.03169511E-02	-3.09727774E-03
-5.84415240E-01	-1.19640518E+00	1.03156378E-02	-3.11421827E-03
-9.44541804E-01	-7.57415971E-01	1.03143236E-02	-3.13117029E-03
-1.06308899E+00	-2.22813951E-01	1.03130084E-02	-3.14813391E-03
-9.26214222E-01	2.87904555E-01	1.03116923E-02	-3.16510922E-03
-5.75383046E-01	6.62461910E-01	1.03103752E-02	-3.18209630E-03
-9.80052916E-02	8.19905839E-01	1.03090571E-02	-3.19909525E-03
3.91746655E-01	7.27834564E-01	1.03077380E-02	-3.21610617E-03
7.77746249E-01	4.09090004E-01	1.03064180E-02	-3.23312915E-03
9.66988609E-01	-6.34348167E-02	1.03050970E-02	-3.25016428E-03
9.09571883E-01	-5.82670069E-01	1.03037749E-02	-3.26721166E-03
6.09366389E-01	-1.03045509E+00	1.03024519E-02	-3.28427138E-03
1.23180309E-01	-1.30287104E+00	1.03011278E-02	-3.30134354E-03
-4.51307320E-01	-1.33243586E+00	1.02998027E-02	-3.31842823E-03
-9.96207758E-01	-1.10250147E+00	1.02984766E-02	-3.33552554E-03
-1.39826315E+00	-6.50887927E-01	1.02971494E-02	-3.35263558E-03
-1.57262890E+00	-6.20781000E-02	1.02958212E-02	-3.36975843E-03
-1.48064313E+00	5.50309480E-01	1.02944920E-02	-3.38689420E-03
-1.13793620E+00	1.06705384E+00	1.02931616E-02	-3.40404297E-03
-6.11272818E-01	1.38795773E+00	1.02918302E-02	-3.42120486E-03
-4.85573624E-03	1.45248603E+00	1.02904978E-02	-3.43837995E-03
5.61031872E-01	1.25220961E+00	1.02891642E-02	-3.45556833E-03
9.74639539E-01	8.32561726E-01	1.02878295E-02	-3.47277012E-03
1.15559821E+00	2.83603669E-01	1.02864938E-02	-3.48998540E-03
1.07138628E+00	-2.78287015E-01	1.02851569E-02	-3.50721427E-03
7.44110703E-01	-7.34089265E-01	1.02838190E-02	-3.52445684E-03
2.46252650E-01	-9.86411226E-01	1.02824799E-02	-3.54171320E-03
-3.13777149E-01	-9.79505265E-01	1.02811396E-02	-3.55898344E-03
-8.13418166E-01	-7.11020648E-01	1.02797983E-02	-3.57626768E-03
-1.14077684E+00	-2.33114898E-01	1.02784557E-02	-3.59356600E-03
-1.21757544E+00	3.57375133E-01	1.02771121E-02	-3.61087851E-03
-1.01566572E+00	9.37863802E-01	1.02757672E-02	-3.62820531E-03
-5.63755815E-01	1.38441761E+00	1.02744212E-02	-3.64554649E-03
5.71341020E-02	1.59688490E+00	1.02730740E-02	-3.66290216E-03
7.28798893E-01	1.51979670E+00	1.02717257E-02	-3.68027243E-03
1.31879390E+00	1.15481048E+00	1.02703761E-02	-3.69765738E-03
1.70684629E+00	5.62022686E-01	1.02690253E-02	-3.71505713E-03
1.80958812E+00	-1.50419027E-01	1.02676734E-02	-3.73247176E-03
1.59864242E+00	-8.46697735E-01	1.02663202E-02	-3.74990140E-03
1.10823393E+00	-1.38997697E+00	1.02649657E-02	-3.76734613E-03
4.30421445E-01	-1.67021929E+00	1.02636101E-02	-3.78480607E-03
-3.01577203E-01	-1.62763965E+00	1.02622532E-02	-3.80228131E-03
-9.39108103E-01	-1.26688948E+00	1.02608950E-02	-3.81977196E-03
-1.34805348E+00	-6.58693912E-01	1.02595356E-02	-3.83727812E-03
-1.43716740E+00	7.19747228E-02	1.02581749E-02	-3.85479990E-03
-1.17891852E+00	7.69432267E-01	1.02568130E-02	-3.87233740E-03
-6.18192606E-01	1.27830106E+00	1.02554497E-02	-3.88989072E-03
1.33571181E-01	1.47602404E+00	1.02540852E-02	-3.90745997E-03
9.18383865E-01	1.30023951E+00	1.02527193E-02	-3.92504526E-03
1.56248119E+00	7.65055466E-01	1.02513522E-02	-3.94264670E-03
1.91206585E+00	-3.77890816E-02	1.02499837E-02	-3.96026438E-03
1.86682961E+00	-9.53979673E-01	1.02486139E-02	-3.97789842E-03
1.40409558E+00	-1.79567383E+00	1.02472428E-02	-3.99554891E-03
5.87956540E-01	-2.37923691E+00	1.02458703E-02	-4.01321598E-03
-4.39391244E-01	-2.56420373E+00	1.02444965E-02	-4.03089973E-03
-1.48331664E+00	-2.28528690E+00	1.02431213E-02	-4.04860026E-03
-2.33495799E+00	-1.57023317E+00	1.02417448E-02	-4.06631768E-03
-2.81455091E+00	-5.38912133E-01	1.02403669E-02	-4.08405210E-03
-2.81092501E+00	6.17240112E-01	1.02389876E-02	-4.10180364E-03
-2.30850326E+00	1.67213691E+00	1.02376069E-02	-4.11957240E-03
-1.39531441E+00	2.41131834E+00	1.02362247E-02	-4.13735848E-03
-2.49243933E-01	2.67816530E+00	1.02348412E-02	-4.15516201E-03
8.95709673E-01	2.41009687E+00	1.02334563E-02	-4.17298309E-03
1.79697855E+00	1.65639950E+00	1.02320699E-02	-4.19082184E-03
2.25523556E+00	5.72851163E-01	1.02306821E-02	-4.20867835E-03
2.15948462E+00	-6.06925978E-01	1.02292928E-02	-4.22655275E-03
1.51530849E+00	-1.61839565E+00	1.02279021E-02	-4.24444516E-03
4.49274118E-01	-2.22208628E+00	1.02265100E-02	-4.26235567E-03
-8.12680537E-01	-2.25692783E+00	1.02251163E-02	-4.28028440E-03
-1.98949734E+00	-1.67922616E+00	1.02237212E-02	-4.29823148E-03
-2.80339835E+00	-5.78089844E-01	1.02223245E-02	-4.31619700E-03
-3.04043837E+00	8.37200063E-01	1.02209264E-02	-4.33418109E-03
-2.60015550E+00	2.27648830E+00	1.02195268E-02	-4.35218386E-03
-1.52301626E+00	3.42744104E+00	1.02181256E-02	-4.37020543E-03
1.13376313E-02	4.02179723E+00	1.02167229E-02	-4.38824590E-03
1.71599068E+00	3.89514341E+00	1.02153187E-02	-4.40630540E-03
3.25322742E+00	3.02696097E+00	1.02139129E-02	-4.42438405E-03
4.30440711E+00	1.55141106E+00	1.02125056E-02	-4.44248196E-03
4.63867419E+00	-2.64715570E-01	1.02110967E-02	-4.46059924E-03
4.16558692E+00	-2.07346214E+00	1.02096863E-02	-4.47873602E-03
2.95963862E+00	-3.51662800E+00	1.02082742E-02	-4.49689241E-03
1.25027925E+00	-4.30157414E+00	1.02068606E-02	-4.51506853E-03
-6.21709440E-01	-4.26571712E+00	1.02054453E-02	-4.53326450E-03
-2.27329824E+00	-3.41536678E+00	1.02040284E-02	-4.55148045E-03
-3.35974909E+00	-1.92960453E+00	1.02026100E-02	-4.56971648E-03
-3.64962398E+00	-1.27146349E-01	1.02011899E-02	-4.58797272E-03
-3.07789151E+00	1.59792061E+00	1.01997681E-02	-4.60624930E-03
-1.76494705E+00	2.85870434E+00	1.01983447E-02	-4.62454633E-03
3.66667432E-03	3.35917490E+00	1.01969196E-02	-4.64286393E-03
1.83372752E+00	2.96094015E+00	1.01954929E-02	-4.66120223E-03
3.30396973E+00	1.71822230E+00	1.01940645E-02	-4.67956135E-03
4.05610215E+00	-1.27469701E-01	1.01926344E-02	-4.69794141E-03
3.87411766E+00	-2.19304627E+00	1.01912026E-02	-4.71634254E-03
2.73555312E+00	-4.03130788E+00	1.01897691E-02	-4.73476486E-03
8.22898949E-01	-5.22449444E+00	1.01883338E-02	-4.75320849E-03
-1.50841062E+00	-5.47434404E+00	1.01868969E-02	-4.77167356E-03
-3.79978016E+00	-4.66931751E+00	1.01854582E-02	-4.79016021E-03
-5.58312651E+00	-2.91403482E+00	1.01840177E-02	-4.80866854E-03
-6.47910338E+00	-5.13675814E-01	1.01825755E-02	-4.82719869E-03
-6.27909593E+00	2.08445904E+00	1.01811315E-02	-4.84575079E-03
-4.99317926E+00	4.38084214E+00	1.01796858E-02	-4.86432497E-03
-2.85308237E+00	5.92672260E+00	1.01782382E-02	-4.88292134E-03
-2.68534105E-01	6.41870578E+00	1.01767889E-02	-4.90154005E-03
2.25475868E+00	5.76471087E+00	1.01753377E-02	-4.92018122E-03
4.21893710E+00	4.10677455E+00	1.01738847E-02	-4.93884498E-03
5.23810660E+00	1.79503649E+00	1.01724299E-02	-4.95753146E-03
5.12076095E+00	-6.82520735E-01	1.01709733E-02	-4.97624079E-03
3.91272006E+00	-2.80055369E+00	1.01695148E-02	-4.99497310E-03
1.89082509E+00	-4.10639668E+00	1.01680544E-02	-5.01372853E-03
-4.92125880E-01	-4.31661698E+00	1.01665922E-02	-5.03250721E-03
-2.70041304E+00	-3.37951048E+00	1.01651280E-02	-5.05130927E-03
-4.22742669E+00	-1.48981641E+00	1.01636620E-02	-5.07013484E-03
-4.70341992E+00	9.48211960E-01	1.01621941E-02	-5.08898406E-03
-3.97625520E+00	3.40242487E+00	1.01607243E-02	-5.10785706E-03
-2.14776744E+00	5.32262140E+00	1.01592525E-02	-5.12675399E-03
4.42550748E-01	6.25599589E+00	1.01577788E-02	-5.14567496E-03
3.28388889E+00	5.94407396E+00	1.01563032E-02	-5.16462013E-03
5.79730379E+00	4.38059250E+00	1.01548256E-02	-5.18358963E-03
7.45468636E+00	1.81770197E+00	1.01533460E-02	-5.20258360E-03
7.88889122E+00	-1.28146871E+00	1.01518644E-02	-5.22160216E-03
6.97197688E+00	-4.33465525E+00	1.01503809E-02	-5.24064548E-03
4.84491421E+00	-6.75810805E+00	1.01488953E-02	-5.25971367E-03
1.89207560E+00	-8.08587683E+00	1.01474078E-02	-5.27880689E-03
-1.33473927E+00	-8.06598817E+00	1.01459182E-02	-5.29792527E-03
-4.22743580E+00	-6.71336808E+00	1.01444266E-02	-5.31706896E-03
-6.24517137E+00	-4.30819821E+00	1.01429329E-02	-5.33623809E-03
-7.02482410E+00	-1.33965571E+00	1.01414372E-02	-5.35543281E-03
-6.45543733E+00	1.59366520E+00	1.01399393E-02	-5.37465327E-03
-4.70103800E+00	3.90628858E+00	1.01384395E-02	-5.39389960E-03
-2.16685917E+00	5.14611517E+00	1.01369375E-02	-5.41317196E-03
5.84284722E-01	5.08752583E+00	1.01354334E-02	-5.43247048E-03
2.94836019E+00	3.77798512E+00	1.01339272E-02	-5.45179531E-03
4.40526544E+00	1.52837229E+00	1.01324189E-02	-5.47114660E-03
4.62693876E+00	-1.15110506E+00	1.01309084E-02	-5.49052449E-03
3.54607165E+00	-3.65629497E+00	1.01293958E-02	-5.50992914E-03
1.37119232E+00	-5.41410879E+00	1.01278810E-02	-5.52936069E-03
-1.45504321E+00	-6.00141423E+00	1.01263640E-02	-5.54881930E-03
-4.34579470E+00	-5.23334435E+00	1.01248449E-02	-5.56830510E-03
-6.68972517E+00	-3.20288347E+00	1.01233236E-02	-5.58781825E-03
-7.97585428E+00	-2.63655931E-01	1.01218000E-02	-5.60735891E-03
-7.89800734E+00	3.04045663E+00	1.01202742E-02	-5.62692722E-03
-6.41757699E+00	6.08434322E+00	1.01187462E-02	-5.64652333E-03
-3.77196290E+00	8.28696102E+00	1.01172159E-02	-5.66614741E-03
-4.27246822E-01	9.22733327E+00	1.01156834E-02	-5.68579960E-03
3.01493873E+00	8.72776399E+00	1.01141486E-02	-5.70548006E-03
5.93713512E+00	6.88767059E+00	1.01126115E-02	-5.72518894E-03
7.82794065E+00	4.06164942E+00	1.01110721E-02	-5.74492641E-03
8.38145317E+00	7.86787655E-01	1.01095304E-02	-5.76469261E-03
7.55453355E+00	-2.32554105E+00	1.01079864E-02	-5.78448770E-03
5.57095965E+00	-4.71119092E+00	1.01064401E-02	-5.80431185E-03
2.87242712E+00	-5.96352044E+00	1.01048914E-02	-5.82416521E-03
2.70538075E-02	-5.91056012E+00	1.01033403E-02	-5.84404794E-03
-2.38561810E+00	-4.64424924E+00	1.01017869E-02	-5.86396020E-03
-3.88979694E+00	-2.49680722E+00	1.01002311E-02	-5.88390216E-03
-4.20592377E+00	3.00390755E-02	1.00986729E-02	-5.90387398E-03
-3.30261820E+00	2.36800080E+00	1.00971122E-02	-5.92387581E-03
-1.39870033E+00	3.99635294E+00	1.00955492E-02	-5.94390783E-03
1.08401124E+00	4.54456533E+00	1.00939837E-02	-5.96397019E-03
3.60677265E+00	3.86361693E+00	1.00924157E-02	-5.98406307E-03
5.62119257E+00	2.05283766E+00	1.00908453E-02	-6.00418662E-03
6.67643242E+00	-5.61855582E-01	1.00892724E-02	-6.02434102E-03
6.50569702E+00	-3.49294722E+00	1.00876971E-02	-6.04452643E-03
5.07599757E+00	-6.18602461E+00	1.00861192E-02	-6.06474303E-03
2.59268065E+00	-8.12545290E+00	1.00845388E-02	-6.08499098E-03
-5.40950110E-01	-8.93082615E+00	1.00829558E-02	-6.10527044E-03
-3.80018359E+00	-8.42640998E+00	1.00813703E-02	-6.12558161E-03
-6.63646360E+00	-6.67142282E+00	1.00797823E-02	-6.14592463E-03
-8.57746447E+00	-3.94663744E+00	1.00781917E-02	-6.16629969E-03
-9.31136762E+00	-7.00907673E-01	1.00765985E-02	-6.18670697E-03
-8.74051380E+00	2.53166366E+00	1.00750027E-02	-6.20714662E-03
-6.99558235E+00	5.22831624E+00	1.00734043E-02	-6.22761884E-03
-4.40872197E+00	6.97045974E+00	1.00718032E-02	-6.24812380E-03
-1.45129543E+00	7.51641582E+00	1.00701995E-02	-6.26866167E-03
1.35212335E+00	6.84170205E+00	1.00685932E-02	-6.28923263E-03
3.51807539E+00	5.14037834E+00	1.00669841E-02	-6.30983686E-03
4.69035573E+00	2.78775325E+00	1.00653724E-02	-6.33047454E-03
4.70312136E+00	2.71282759E-01	1.00637580E-02	-6.35114586E-03
3.61017405E+00	-1.89823229E+00	1.00621409E-02	-6.37185098E-03
1.67535858E+00	-3.27980901E+00	1.00605210E-02	-6.39259010E-03
-6.74477191E-01	-3.58372228E+00	1.00588984E-02	-6.41336341E-03
-2.92622993E+00	-2.72697715E+00	1.00572730E-02	-6.43417107E-03
-4.57415634E+00	-8.52719188E-01	1.00556449E-02	-6.45501328E-03
-5.21437865E+00	1.69064361E+00	1.00540140E-02	-6.47589023E-03
-4.62367711E+00	4.40809774E+00	1.00523803E-02	-6.49680210E-03
-2.80806047E+00	6.74536200E+00	1.00507437E-02	-6.51774909E-03
-1.12377405E-02	8.19042853E+00	1.00491043E-02	-6.53873137E-03
3.32030801E+00	8.37162067E+00	1.00474621E-02	-6.55974914E-03
6.61137660E+00	7.13414753E+00	1.00458170E-02	-6.58080259E-03
9.25964486E+00	4.57997416E+00	1.00441690E-02	-6.60189192E-03
1.07474381E+01	1.06161384E+00	1.00425181E-02	-6.62301731E-03
1.07433080E+01	-2.87159458E+00	1.00408643E-02	-6.64417897E-03
9.17361042E+00	-6.56731389E+00	1.00392076E-02	-6.66537708E-03
6.24865048E+00	-9.38858553E+00	1.00375480E-02	-6.68661185E-03
2.43566455E+00	-1.08354055E+01	1.00358853E-02	-6.70788346E-03
-1.61926228E+00	-1.06460614E+01	1.00342197E-02	-6.72919212E-03
-5.20805080E+00	-8.85717658E+00	1.00325512E-02	-6.75053804E-03
-7.69542781E+00	-5.80818832E+00	1.00308796E-02	-6.77192140E-03
-8.64586167E+00	-2.08617295E+00	1.00292050E-02	-6.79334241E-03
-7.91672335E+00	1.58128834E+00	1.00275273E-02	-6.81480127E-03
-5.69697618E+00	4.46644049E+00	1.00258466E-02	-6.83629819E-03
-2.48056256E+00	5.98814630E+00	1.00241628E-02	-6.85783337E-03
1.02354272E+00	5.83544013E+00	1.00224759E-02	-6.87940702E-03
4.02939737E+00	4.04120114E+00	1.00207860E-02	-6.90101934E-03
5.83415784E+00	9.88161627E-01	1.00190929E-02	-6.92267055E-03
5.96796741E+00	-2.65736509E+00	1.00173966E-02	-6.94436084E-03
4.30188664E+00	-6.07371428E+00	1.00156973E-02	-6.96609044E-03
1.08927449E+00	-8.45013051E+00	1.00139947E-02	-6.98785956E-03
-3.07113507E+00	-9.15788440E+00	1.00122889E-02	-7.00966840E-03
-7.34618204E+00	-7.89043228E+00	1.00105800E-02	-7.03151718E-03
-1.08330466E+01	-4.74171603E+00	1.00088678E-02	-7.05340612E-03
-1.27452652E+01	-2.03489094E-01	1.00071524E-02	-7.07533543E-03
-1.25815101E+01	4.92099785E+00	1.00054337E-02	-7.09730533E-03
-1.02407576E+01	9.67187490E+00	1.00037117E-02	-7.11931604E-03
-6.05751930E+00	1.31257872E+01	1.00019865E-02	-7.14136778E-03
-7.46934929E-01	1.45876891E+01	1.00002579E-02	-7.16346077E-03
4.73154345E+00	1.37406188E+01	9.99852604E-03	-7.18559523E-03
9.36543925E+00	1.07204451E+01	9.99679080E-03	-7.20777139E-03
1.22964982E+01	6.09763487E+00	9.99505220E-03	-7.22998947E-03
1.30003527E+01	7.67494134E-01	9.99331021E-03	-7.25224970E-03
1.13998208E+01	-4.23001687E+00	9.99156482E-03	-7.27455230E-03
7.88632656E+00	-7.92418632E+00	9.98981601E-03	-7.29689750E-03
3.24304875E+00	-9.61640796E+00	9.98806376E-03	-7.31928554E-03
-1.51566575E+00	-9.02867184E+00	9.98630806E-03	-7.34171664E-03
-5.35586240E+00	-6.36520457E+00	9.98454887E-03	-7.36419104E-03
-7.44226701E+00	-2.27283648E+00	9.98278620E-03	-7.38670897E-03
-7.31693389E+00	2.29284609E+00	9.98102001E-03	-7.40927067E-03
-4.99974395E+00	6.26822522E+00	9.97925029E-03	-7.43187637E-03
-9.88511409E-01	8.70726474E+00	9.97747701E-03	-7.45452631E-03
3.84229362E+00	8.98425995E+00	9.97570017E-03	-7.47722073E-03
8.42353280E+00	6.93043334E+00	9.97391973E-03	-7.49995988E-03
1.17160338E+01	2.87489695E+00	9.97213569E-03	-7.52274399E-03
1.29304888E+01	-2.41926966E+00	9.97034801E-03	-7.54557331E-03
1.16960405E+01	-7.91077267E+00	9.96855669E-03	-7.56844808E-03
8.14176903E+00	-1.24950672E+01	9.96676170E-03	-7.59136855E-03
2.87374438E+00	-1.52332987E+01	9.96496302E-03	-7.61433496E-03
-3.14754142E+00	-1.55470474E+01	9.96316063E-03	-7.63734758E-03
-8.80348337E+00	-1.33380365E+01	9.96135451E-03	-7.66040664E-03
-1.30460564E+01	-9.00796076E+00	9.95954464E-03	-7.68351240E-03
-1.51109311E+01	-3.37477326E+00	9.95773100E-03	-7.70666511E-03
-1.46706606E+01	2.49642803E+00	9.95591357E-03	-7.72986503E-03
-1.18965469E+01	7.51200609E+00	9.95409234E-03	-7.75311242E-03
-7.41723931E+00	1.07719753E+01	9.95226727E-03	-7.77640753E-03
-2.18383829E+00	1.17496598E+01	9.95043834E-03	-7.79975062E-03
2.72935704E+00	1.03921831E+01	9.94860555E-03	-7.82314196E-03
6.34636102E+00	7.12216214E+00	9.94676886E-03	-7.84658180E-03
7.98723561E+00	2.74179536E+00	9.94492825E-03	-7.87007042E-03
7.40173236E+00	-1.73927723E+00	9.94308371E-03	-7.89360808E-03
4.81251228E+00	-5.31562766E+00	9.94123520E-03	-7.91719504E-03
8.60751050E-01	-7.19308070E+00	9.93938272E-03	-7.94083158E-03
-3.53287440E+00	-6.94888211E+00	9.93752624E-03	-7.96451796E-03
-7.36178933E+00	-4.61324725E+00	9.93566573E-03	-7.98825447E-03
-9.74123363E+00	-6.57298269E-01	9.93380117E-03	-8.01204136E-03
-1.00876876E+01	4.10822504E+00	9.93193255E-03	-8.03587893E-03
-8.23437201E+00	8.70113785E+00	9.93005983E-03	-8.05976744E-03
-4.46096561E+00	1.21675945E+01	9.92818300E-03	-8.08370718E-03
5.66530660E-01	1.37727701E+01	9.92630204E-03	-8.10769843E-03
5.93178103E+00	1.31446118E+01	9.92441692E-03	-8.13174146E-03
1.06512297E+01	1.03431884E+01	9.92252761E-03	-8.15583657E-03
1.38670627E+01	5.84364974E+00	9.92063410E-03	-8.17998404E-03
1.50118205E+01	4.38179594E-01	9.91873637E-03	-8.20418416E-03
1.39130902E+01	-4.92192879E+00	9.91683438E-03	-8.22843722E-03
1.08192923E+01	-9.31183145E+00	9.91492812E-03	-8.25274351E-03
6.34344858E+00	-1.20096073E+01	9.91301756E-03	-8.27710332E-03
1.33778788E+00	-1.26296962E+01	9.91110267E-03	-8.30151695E-03
-3.27496993E+00	-1.11885683E+01	9.90918345E-03	-8.32598469E-03
-6.68017003E+00	-8.09156198E+00	9.90725985E-03	-8.35050685E-03
-8.32511100E+00	-4.04519212E+00	9.90533185E-03	-8.37508372E-03
-8.01930194E+00	8.66557538E-02	9.90339944E-03	-8.39971562E-03
-5.96299110E+00	3.45398430E+00	9.90146259E-03	-8.42440283E-03
-2.69986281E+00	5.38613760E+00	9.89952127E-03	-8.44914567E-03
9.95762932E-01	5.51993950E+00	9.89757545E-03	-8.47394446E-03
4.27469291E+00	3.86661241E+00	9.89562512E-03	-8.49879949E-03
6.38128051E+00	8.05497504E-01	9.89367024E-03	-8.52371108E-03
6.80219970E+00	-2.99343212E+00	9.89171080E-03	-8.54867954E-03
5.36731477E+00	-6.70285481E+00	9.88974676E-03	-8.57370520E-03
2.28365602E+00	-9.50135431E+00	9.88777810E-03	-8.59878836E-03
-1.90374174E+00	-1.07352900E+01	9.88580480E-03	-8.62392936E-03
-6.41651657E+00	-1.00482784E+01	9.88382683E-03	-8.64912851E-03
-1.03931237E+01	-7.45343424E+00	9.88184415E-03	-8.67438613E-03
-1.30557079E+01	-3.33435677E+00	9.87985676E-03	-8.69970256E-03
-1.38616488E+01	1.62562021E+00	9.87786461E-03	-8.72507812E-03
-1.26104552E+01	6.57266300E+00	9.87586769E-03	-8.75051315E-03
-9.48502407E+00	1.06455558E+01	9.87386597E-03	-8.77600797E-03
-5.01874279E+00	1.31413147E+01	9.87185941E-03	-8.80156293E-03
5.80064569E-03	1.36510717E+01	9.86984799E-03	-8.82717835E-03
4.70733293E+00	1.21393908E+01	9.86783169E-03	-8.85285459E-03
8.27656608E+00	8.95090098E+00	9.86581048E-03	-8.87859197E-03
1.01335677E+01	4.74221245E+00	9.86378433E-03	-8.90439085E-03
1.00405119E+01	3.51853136E-01	9.86175320E-03	-8.93025157E-03
8.14689971E+00	-3.36650350E+00	9.85971708E-03	-8.95617448E-03
4.95750599E+00	-5.71450576E+00	9.85767594E-03	-8.98215994E-03
1.22871491E+00	-6.28901712E+00	9.85562974E-03	-9.00820829E-03
-2.18651182E+00	-5.06282533E+00	9.85357846E-03	-9.03431989E-03
-4.51403226E+00	-2.38916071E+00	9.85152207E-03	-9.06049509E-03
-5.21865894E+00	1.07166060E+00	9.84946053E-03	-9.08673427E-03
-4.11602108E+00	4.48918292E+00	9.84739383E-03	-9.11303778E-03
-1.41264108E+00	7.03574501E+00	9.84532193E-03	-9.13940599E-03
2.33473305E+00	8.05997847E+00	9.84324480E-03	-9.16583926E-03
6.33282512E+00	7.22488560E+00	9.84116241E-03	-9.19233796E-03
9.71551988E+00	4.58148026E+00	9.83907473E-03	-9.21890248E-03
1.17238007E+01	5.62147973E-01	9.83698173E-03	-9.24553317E-03
1.18644611E+01	-4.10542483E+00	9.83488338E-03	-9.27223043E-03
1.00142717E+01	-8.54618753E+00	9.83277966E-03	-9.29899463E-03
6.44755326E+00	-1.19167996E+01	9.83067052E-03	-9.32582615E-03
1.78117210E+00	-1.35783715E+01	9.82855593E-03	-9.35272538E-03
-3.15157152E+00	-1.32266018E+01	9.82643588E-03	-9.37969271E-03
-7.47158821E+00	-1.09520036E+01	9.82431032E-03	-9.40672853E-03
-1.04331421E+01	-7.21775695E+00	9.82217922E-03	-9.43383323E-03
-1.15737101E+01	-2.76027144E+00	9.82004255E-03	-9.46100721E-03
-1.08031553E+01	1.56600514E+00	9.81790028E-03	-9.48825087E-03
-8.41394287E+00	4.96622101E+00	9.81575238E-03	-9.51556461E-03
-5.01114473E+00	6.86734402E+00	9.81359881E-03	-9.54294883E-03
-1.37815976E+00	7.03078788E+00	9.81143954E-03	-9.57040394E-03
1.69232533E+00	5.59228801E+00	9.80927454E-03	-9.59793035E-03
3.56555513E+00	3.02180978E+00	9.80710377E-03	-9.62552848E-03
3.89449087E+00	1.35758276E-02	9.80492721E-03	-9.65319874E-03
2.68523622E+00	-2.66884020E+00	9.80274481E-03	-9.68094154E-03
2.85574740E-01	-4.35821779E+00	9.80055654E-03	-9.70875732E-03
-2.69905813E+00	-4.62447006E+00	9.79836237E-03	-9.73664649E-03
-5.54229156E+00	-3.36100715E+00	9.79616226E-03	-9.76460949E-03
-7.55548855E+00	-7.99700133E-01	9.79395618E-03	-9.79264674E-03
-8.23375638E+00	2.54664410E+00	9.79174410E-03	-9.82075868E-03
-7.35847099E+00	5.99970197E+00	9.78952597E-03	-9.84894574E-03
-5.03588602E+00	8.86233224E+00	9.78730177E-03	-9.87720837E-03
-1.66591033E+00	1.05641305E+01	9.78507145E-03	-9.90554700E-03
2.14957601E+00	1.07748930E+01	9.78283498E-03	-9.93396209E-03
5.73684787E+00	9.46322354E+00	9.78059233E-03	-9.96245408E-03
8.48956818E+00	6.89033153E+00	9.77834346E-03	-9.99102343E-03
9.98721152E+00	3.54348600E+00	9.77608833E-03	-1.00196706E-02
1.00687439E+01	2.63461727E-02	9.77382690E-03	-1.00483960E-02
8.84853192E+00	-3.06826887E+00	9.77155913E-03	-1.00772002E-02
6.67461616E+00	-5.27530789E+00	9.76928500E-03	-1.01060836E-02
4.04185082E+00	-6.34017315E+00	9.76700445E-03	-1.01350466E-02
1.48128119E+00	-6.25214244E+00	9.76471746E-03	-1.01640898E-02
-5.49262021E-01	-5.22512317E+00	9.76242398E-03	-1.01932136E-02
-1.75048590E+00	-3.63388327E+00	9.76012398E-03	-1.02224185E-02
-2.02697639E+00	-1.92280775E+00	9.75781741E-03	-1.02517049E-02
-1.48655818E+00	-5.08689419E-01	9.75550424E-03	-1.02810735E-02
-3.98056721E-01	3.01573591E-01	9.75318442E-03	-1.03105246E-02
8.79666060E-01	3.62666846E-01	9.75085793E-03	-1.03400587E-02
1.97968516E+00	-2.95645001E-01	9.74852470E-03	-1.03696764E-02
2.60182937E+00	-1.49182739E+00	9.74618472E-03	-1.03993782E-02
2.56578594E+00	-2.94361465E+00	9.74383793E-03	-1.04291645E-02
1.83434635E+00	-4.33292112E+00	9.74148429E-03	-1.04590359E-02
5.06061548E-01	-5.36965778E+00	9.73912377E-03	-1.04889928E-02
-1.21684680E+00	-5.84186164E+00	9.73675631E-03	-1.05190358E-02
-3.07516193E+00	-5.64439275E+00	9.73438189E-03	-1.05491655E-02
-4.80243989E+00	-4.78428030E+00	9.73200045E-03	-1.05793823E-02
-6.16788657E+00	-3.36605533E+00	9.72961195E-03	-1.06096867E-02
-7.00589046E+00	-1.56389421E+00	9.72721635E-03	-1.06400794E-02
-7.23006512E+00	4.11457735E-01	9.72481361E-03	-1.06705608E-02
-6.83347152E+00	2.34406965E+00	9.72240368E-03	-1.07011314E-02
-5.87907233E+00	4.03813091E+00	9.71998652E-03	-1.07317919E-02
-4.48503701E+00	5.33574768E+00	9.71756209E-03	-1.07625428E-02
-2.80849526E+00	6.12815771E+00	9.71513033E-03	-1.07933845E-02
-1.02944096E+00	6.36237616E+00	9.71269121E-03	-1.08243178E-02
6.65360887E-01	6.04494054E+00	9.71024468E-03	-1.08553430E-02
2.09959878E+00	5.24303467E+00	9.70779069E-03	-1.08864609E-02
3.12659809E+00	4.08160818E+00	9.70532920E-03	-1.09176720E-02
3.64978199E+00	2.73404410E+00	9.70286016E-03	-1.09489768E-02
3.64160926E+00	1.40413180E+00	9.70038352E-03	-1.09803759E-02
3.15635551E+00	2.98794202E-01	9.69789924E-03	-1.10118699E-02
2.33145981E+00	-4.06146402E-01	9.69540726E-03	-1.10434594E-02
1.37329639E+00	-6.01728511E-01	9.69290755E-03	-1.10751450E-02
5.26200224E-01	-2.75318527E-01	9.69040005E-03	-1.11069273E-02
2.78053071E-02	4.74646952E-01	9.68788471E-03	-1.11388069E-02
5.81631007E-02	1.44532523E+00	9.68536149E-03	-1.11707843E-02
6.93383688E-01	2.36016285E+00	9.68283033E-03	-1.12028603E-02
1.87551096E+00	2.92064779E+00	9.68029118E-03	-1.12350354E-02
3.40833961E+00	2.87033207E+00	9.67774400E-03	-1.12673102E-02
4.98399703E+00	2.05788624E+00	9.67518874E-03	-1.12996853E-02
6.23825382E+00	4.84253305E-01	9.67262533E-03	-1.13321615E-02
6.82524959E+00	-1.67915184E+00	9.67005374E-03	-1.13647393E-02
6.49647247E+00	-4.10885238E+00	9.66747391E-03	-1.13974194E-02
5.16607904E+00	-6.38405103E+00	9.66488578E-03	-1.14302023E-02
2.94601488E+00	-8.06870773E+00	9.66228931E-03	-1.14630889E-02
1.39957069E-01	-8.80457229E+00	9.65968443E-03	-1.14960796E-02
-2.80615132E+00	-8.39470153E+00	9.65707111E-03	-1.15291753E-02
-5.38915837E+00	-6.85749662E+00	9.65444927E-03	-1.15623765E-02
-7.15255635E+00	-4.43664334E+00	9.65181888E-03	-1.15956839E-02
-7.78669773E+00	-1.56158810E+00	9.64917987E-03	-1.16290982E-02
-7.20225218E+00	1.23563618E+00	9.64653218E-03	-1.16626201E-02
-5.55853850E+00	3.43088161E+00	9.64387577E-03	-1.16962502E-02
-3.23776045E+00	4.62198286E+00	9.64121058E-03	-1.17299893E-02
-7.68229553E-01	4.62065270E+00	9.63853654E-03	-1.17638381E-02
1.28836178E+00	3.50015216E+00	9.63585360E-03	-1.17977973E-02
2.46150326E+00	1.58587952E+00	9.63316171E-03	-1.18318675E-02
2.48032081E+00	-6.11363725E-01	9.63046080E-03	-1.18660495E-02
1.34050963E+00	-2.50643939E+00	9.62775083E-03	-1.19003440E-02
-6.87095458E-01	-3.57152849E+00	9.62503171E-03	-1.19347518E-02
-3.11032216E+00	-3.45899389E+00	9.62230341E-03	-1.19692736E-02
-5.32160811E+00	-2.08705914E+00	9.61956585E-03	-1.20039101E-02
-6.73351592E+00	3.32461192E-01	9.61681898E-03	-1.20386620E-02
-6.91373147E+00	3.33245078E+00	9.61406274E-03	-1.20735302E-02
-5.68870444E+00	6.28792265E+00	9.61129706E-03	-1.21085153E-02
-3.19145747E+00	8.55193803E+00	9.60852188E-03	-1.21436183E-02
1.58711638E-01	9.60000097E+00	9.60573715E-03	-1.21788397E-02
3.74157763E+00	9.15026963E+00	9.60294278E-03	-1.22141804E-02
6.86835731E+00	7.23176247E+00	9.60013873E-03	-1.22496412E-02
8.93195294E+00	4.18409438E+00	9.59732493E-03	-1.22852229E-02
9.54131232E+00	5.87644633E-01	9.59450131E-03	-1.23209263E-02
8.60923619E+00	-2.86105769E+00	9.59166781E-03	-1.23567521E-02
6.37315971E+00	-5.50122036E+00	9.58882435E-03	-1.23927013E-02
3.34348070E+00	-6.85286377E+00	9.58597089E-03	-1.24287745E-02
1.90486118E-01	-6.72218614E+00	9.58310734E-03	-1.24649727E-02
-2.40495667E+00	-5.24307485E+00	9.58023364E-03	-1.25012967E-02
-3.90331168E+00	-2.84500424E+00	9.57734972E-03	-1.25377473E-02
-4.02644859E+00	-1.54298701E-01	9.57445551E-03	-1.25743254E-02
-2.81853278E+00	2.14901424E+00	9.57155094E-03	-1.26110317E-02
-6.33793493E-01	3.48631185E+00	9.56863595E-03	-1.26478673E-02
1.94610390E+00	3.51217871E+00	9.56571046E-03	-1.26848329E-02
4.24627031E+00	2.19290736E+00	9.56277440E-03	-1.27219294E-02
5.65378223E+00	-1.86135294E-01	9.55982770E-03	-1.27591578E-02
5.75846213E+00	-3.08584251E+00	9.55687028E-03	-1.27965188E-02
4.44721010E+00	-5.83635193E+00	9.55390208E-03	-1.28340135E-02
1.93054203E+00	-7.78948966E+00	9.55092301E-03	-1.28716427E-02
-1.30444376E+00	-8.46584941E+00	9.54793301E-03	-1.29094073E-02
-4.60361275E+00	-7.66306305E+00	9.54493199E-03	-1.29473083E-02
-7.29257393E+00	-5.50086892E+00	9.54191989E-03	-1.29853466E-02
-8.82707417E+00	-2.39317948E+00	9.53889663E-03	-1.30235231E-02
-8.91281967E+00	1.04590346E+00	9.53586212E-03	-1.30618388E-02
-7.56781569E+00	4.14015608E+00	9.53281629E-03	-1.31002947E-02
-5.11370557E+00	6.30156227E+00	9.52975907E-03	-1.31388917E-02
-2.09895144E+00	7.15863350E+00	9.52669037E-03	-1.31776307E-02
8.27768294E-01	6.63388549E+00	9.52361011E-03	-1.32165129E-02
3.06443500E+00	4.95363183E+00	9.52051821E-03	-1.32555390E-02
4.18911181E+00	2.58896405E+00	9.51741459E-03	-1.32947103E-02
4.04976960E+00	1.42543330E-01	9.51429917E-03	-1.33340277E-02
2.79083494E+00	-1.79200145E+00	9.51117186E-03	-1.33734921E-02
8.11604127E-01	-2.76545136E+00	9.50803258E-03	-1.34131047E-02
-1.33262777E+00	-2.57230544E+00	9.50488125E-03	-1.34528664E-02
-3.06292981E+00	-1.29201613E+00	9.50171778E-03	-1.34927784E-02
-3.91156042E+00	7.36097040E-01	9.49854208E-03	-1.35328417E-02
-3.62827123E+00	2.99710166E+00	9.49535408E-03	-1.35730573E-02
-2.23429481E+00	4.92326139E+00	9.49215367E-03	-1.36134263E-02
-1.27576999E-02	6.02634795E+00	9.48894077E-03	-1.36539498E-02
2.56086201E+00	6.00884514E+00	9.48571529E-03	-1.36946290E-02
4.93088683E+00	4.82897634E+00	9.48247714E-03	-1.37354648E-02
6.58943742E+00	2.70570004E+00	9.47922624E-03	-1.37764586E-02
7.19049336E+00	6.39804800E-02	9.47596248E-03	-1.38176112E-02
6.62417423E+00	-2.56559830E+00	9.47268578E-03	-1.38589240E-02
5.03522404E+00	-4.66863215E+00	9.46939603E-03	-1.39003981E-02
2.78297194E+00	-5.86155682E+00	9.46609316E-03	-1.39420346E-02
3.53626545E-01	-5.97302963E+00	9.46277705E-03	-1.39838346E-02
-1.75352757E+00	-5.07430570E+00	9.45944763E-03	-1.40257995E-02
-3.13904285E+00	-3.45318025E+00	9.45610477E-03	-1.40679303E-02
-3.58933988E+00	-1.53928897E+00	9.45274840E-03	-1.41102283E-02
-3.11687562E+00	2.00404467E-01	9.44937841E-03	-1.41526947E-02
-1.94669222E+00	1.37076730E+00	9.44599470E-03	-1.41953307E-02
-4.54291120E-01	1.73684807E+00	9.44259716E-03	-1.42381376E-02
9.29056988E-01	1.27161922E+00	9.43918571E-03	-1.42811166E-02
1.82039221E+00	1.53418558E-01	9.43576022E-03	-1.43242690E-02
1.97393520E+00	-1.28454754E+00	9.43232061E-03	-1.43675961E-02
1.33452196E+00	-2.63915402E+00	9.42886676E-03	-1.44110991E-02
4.43528043E-02	-3.53567019E+00	9.42539857E-03	-1.44547794E-02
-1.59687566E+00	-3.71593563E+00	9.42191592E-03	-1.44986382E-02
-3.20745715E+00	-3.09608681E+00	9.41841873E-03	-1.45426770E-02
-4.41580524E+00	-1.78137804E+00	9.41490686E-03	-1.45868970E-02
-4.94700880E+00	-3.61604066E-02	9.41138022E-03	-1.46312996E-02
-4.68370060E+00	1.78230318E+00	9.40783869E-03	-1.46758861E-02
-3.68789968E+00	3.30931129E+00	9.40428216E-03	-1.47206580E-02
-2.18017137E+00	4.25668559E+00	9.40071051E-03	-1.47656166E-02
-4.82649728E-01	4.47555267E+00	9.39712363E-03	-1.48107634E-02
1.05925048E+00	3.98402218E+00	9.39352141E-03	-1.48560998E-02
2.15713902E+00	2.95466937E+00	9.38990373E-03	-1.49016271E-02
2.64295578E+00	1.66644180E+00	9.38627046E-03	-1.49473469E-02
2.50104292E+00	4.33859012E-01	9.38262149E-03	-1.49932607E-02
1.86273690E+00	-4.68751637E-01	9.37895671E-03	-1.50393698E-02
9.66402192E-01	-8.69779708E-01	9.37527597E-03	-1.50856759E-02
9.39442545E-02	-7.35314963E-01	9.37157918E-03	-1.51321804E-02
-4.99999804E-01	-1.69453731E-01	9.36786619E-03	-1.51788848E-02
-6.48914179E-01	6.18614628E-01	9.36413688E-03	-1.52257907E-02
-3.11127276E-01	1.37138133E+00	9.36039113E-03	-1.52728996E-02
4.25384453E-01	1.84895125E+00	9.35662881E-03	-1.53202132E-02
1.36989824E+00	1.88784253E+00	9.35284979E-03	-1.53677329E-02
2.27970852E+00	1.43875521E+00	9.34905393E-03	-1.54154605E-02
2.92147660E+00	5.75061420E-01	9.34524111E-03	-1.54633975E-02
3.12788338E+00	-5.28816383E-01	9.34141119E-03	-1.55115455E-02
2.83607050E+00	-1.64265662E+00	9.33756404E-03	-1.55599063E-02
2.09932306E+00	-2.53738658E+00	9.33369951E-03	-1.56084815E-02
1.07028414E+00	-3.03945660E+00	9.32981748E-03	-1.56572728E-02
-3.90354398E-02	-3.06958934E+00	9.32591780E-03	-1.57062820E-02
-1.00977910E+00	-2.65719179E+00	9.32200033E-03	-1.57555106E-02
-1.66803182E+00	-1.92799620E+00	9.31806493E-03	-1.58049605E-02
-1.92334930E+00	-1.06910860E+00	9.31411146E-03	-1.58546335E-02
-1.78526826E+00	-2.80963561E-01	9.31013976E-03	-1.59045313E-02
-1.35478113E+00	2.71533450E-01	9.30614970E-03	-1.59546557E-02
-7.93999357E-01	4.96728106E-01	9.30214112E-03	-1.60050085E-02
-2.82420740E-01	3.94095518E-01	9.29811388E-03	-1.60555917E-02
2.88689841E-02	4.88028640E-02	9.29406782E-03	-1.61064070E-02
5.37152667E-02	-3.94648724E-01	9.29000279E-03	-1.61574563E-02
-2.10442704E-01	-7.72274846E-01	9.28591863E-03	-1.62087416E-02
-6.85585116E-01	-9.43524807E-01	9.28181519E-03	-1.62602647E-02
-1.23612230E+00	-8.26528435E-01	9.27769230E-03	-1.63120277E-02
-1.70537076E+00	-4.17279502E-01	9.27354982E-03	-1.63640323E-02
-1.95591816E+00	2.11326750E-01	9.26938757E-03	-1.64162808E-02
-1.90374154E+00	9.29548619E-01	9.26520540E-03	-1.64687750E-02
-1.53790362E+00	1.58422993E+00	9.26100314E-03	-1.65215169E-02
-9.21544117E-01	2.03683386E+00	9.25678061E-03	-1.65745087E-02
-1.74668130E-01	2.19653378E+00	9.25253766E-03	-1.66277524E-02
5.56306550E-01	2.04043053E+00	9.24827410E-03	-1.66812501E-02
1.13423133E+00	1.61646544E+00	9.24398978E-03	-1.67350040E-02
1.46318008E+00	1.02904150E+00	9.23968450E-03	-1.67890161E-02
1.50901683E+00	4.11614218E-01	9.23535810E-03	-1.68432886E-02
1.30405153E+00	-1.06470150E-01	9.23101040E-03	-1.68978238E-02
9.35366535E-01	-4.30520065E-01	9.22664122E-03	-1.69526238E-02
5.20425760E-01	-5.21076777E-01	9.22225036E-03	-1.70076909E-02
1.76538517E-01	-3.99957048E-01	9.21783766E-03	-1.70630274E-02
-8.04308551E-03	-1.40974445E-01	9.21340292E-03	-1.71186355E-02
5.62141638E-03	1.51644738E-01	9.20894595E-03	-1.71745176E-02
2.00112793E-01	3.71252017E-01	9.20446655E-03	-1.72306760E-02
5.08904883E-01	4.35980160E-01	9.19996455E-03	-1.72871131E-02
8.35443872E-01	3.08504437E-01	9.19543974E-03	-1.73438313E-02
1.07879193E+00	3.85810018E-03	9.19089192E-03	-1.74008331E-02
1.15921659E+00	-4.16045911E-01	9.18632089E-03	-1.74581208E-02
1.03744724E+00	-8.59203190E-01	9.18172646E-03	-1.75156970E-02
7.23188125E-01	-1.22695550E+00	9.17710841E-03	-1.75735641E-02
2.71336157E-01	-1.43802362E+00	9.17246654E-03	-1.76317248E-02
-2.32556290E-01	-1.44724926E+00	9.16780063E-03	-1.76901816E-02
-6.93483051E-01	-1.25476698E+00	9.16311048E-03	-1.77489372E-02
-1.02935390E+00	-9.03899794E-01	9.15839588E-03	-1.78079940E-02
-1.18905935E+00	-4.68922536E-01	9.15365659E-03	-1.78673549E-02
-1.16212646E+00	-3.62438531E-02	9.14889241E-03	-1.79270225E-02
-9.78160673E-01	3.16049193E-01	9.14410311E-03	-1.79869995E-02
-6.96874706E-01	5.35248500E-01	9.13928847E-03	-1.80472887E-02
-3.91753486E-01	6.03804176E-01	9.13444826E-03	-1.81078929E-02
-1.31756681E-01	5.39985630E-01	9.12958224E-03	-1.81688150E-02
3.43635972E-02	3.89946456E-01	9.12469018E-03	-1.82300578E-02
8.75225159E-02	2.13789346E-01	9.11977186E-03	-1.82916241E-02
3.97318774E-02	6.95137426E-02	9.11482702E-03	-1.83535170E-02
-7.21857454E-02	-1.04302966E-03	9.10985543E-03	-1.84157394E-02
-1.98392446E-01	1.90232179E-02	9.10485684E-03	-1.84782944E-02
-2.89937670E-01	1.19911658E-01	9.09983101E-03	-1.85411849E-02
-3.11117930E-01	2.70160102E-01	9.09477767E-03	-1.86044140E-02
-2.47340181E-01	4.26618682E-01	9.08969659E-03	-1.86679849E-02
-1.06930726E-01	5.46381125E-01	9.08458749E-03	-1.87319008E-02
8.29849375E-02	5.97464756E-01	9.07945013E-03	-1.87961648E-02
2.84892128E-01	5.65643401E-01	9.07428423E-03	-1.88607801E-02
4.60986702E-01	4.56077170E-01	9.06908954E-03	-1.89257501E-02
5.82168887E-01	2.89876499E-01	9.06386577E-03	-1.89910781E-02
6.33701269E-01	9.70687712E-02	9.05861266E-03	-1.90567674E-02
6.16420150E-01	-9.17415598E-02	9.05332992E-03	-1.91228214E-02
5.43718113E-01	-2.52601183E-01	9.04801729E-03	-1.91892437E-02
4.35673828E-01	-3.72460681E-01	9.04267446E-03	-1.92560377E-02
3.12381761E-01	-4.49623538E-01	9.03730116E-03	-1.93232069E-02
1.88569703E-01	-4.90756958E-01	9.03189710E-03	-1.93907549E-02
7.10138765E-02	-5.05831573E-01	9.02646197E-03	-1.94586854E-02
-4.07297246E-02	-5.02886765E-01	9.02099549E-03	-1.95270020E-02
-1.50853285E-01	-4.84442843E-01	9.01549734E-03	-1.95957084E-02
-2.62528682E-01	-4.46746574E-01	9.00996721E-03	-1.96648086E-02
-3.73676491E-01	-3.82049204E-01	9.00440481E-03	-1.97343062E-02
-4.74908601E-01	-2.83081129E-01	8.99880981E-03	-1.98042051E-02
-5.50560511E-01	-1.48119762E-01	8.99318189E-03	-1.98745093E-02
-5.82705404E-01	1.52187144E-02	8.98752073E-03	-1.99452228E-02
-5.57022656E-01	1.89009581E-01	8.98182601E-03	-2.00163496E-02
-4.68688635E-01	3.47589917E-01	8.97609738E-03	-2.00878938E-02
-3.26291109E-01	4.63289565E-01	8.97033452E-03	-2.01598595E-02
-1.52211862E-01	5.13895096E-01	8.96453708E-03	-2.02322509E-02
2.11282487E-02	4.89735085E-01	8.95870472E-03	-2.03050724E-02
1.58565205E-01	3.98176219E-01	8.95283709E-03	-2.03783281E-02
2.31313643E-01	2.63868165E-01	8.94693383E-03	-2.04520225E-02
2.25492580E-01	1.24151526E-01	8.94099458E-03	-2.05261600E-02
1.47564764E-01	2.03737040E-02	8.93501898E-03	-2.06007451E-02
2.48296887E-02	-1.29165654E-02	8.92900666E-03	-2.06757824E-02
-9.96913368E-02	4.18484550E-02	8.92295725E-03	-2.07512765E-02
-1.77166249E-01	1.78520257E-01	8.91687036E-03	-2.08272321E-02
-1.65482159E-01	3.66089181E-01	8.91074560E-03	-2.09036539E-02
-4.13334243E-02	5.53967262E-01	8.90458260E-03	-2.09805468E-02
1.91329268E-01	6.82913907E-01	8.89838095E-03	-2.10579155E-02
4.98993871E-01	6.99288771E-01	8.89214026E-03	-2.11357652E-02
8.23541850E-01	5.69282073E-01	8.88586011E-03	-2.12141008E-02
1.09381134E+00	2.89531303E-01	8.87954009E-03	-2.12929274E-02
1.24140334E+00	-1.08808660E-01	8.87317978E-03	-2.13722502E-02
1.21714487E+00	-5.64035938E-01	8.86677877E-03	-2.14520745E-02
1.00422950E+00	-9.95508808E-01	8.86033662E-03	-2.15324055E-02
6.24630249E-01	-1.32058249E+00	8.85385289E-03	-2.16132486E-02
1.36826306E-01	-1.47313354E+00	8.84732714E-03	-2.16946094E-02
-3.75114104E-01	-1.41934100E+00	8.84075892E-03	-2.17764934E-02
-8.18965546E-01	-1.16683356E+00	8.83414778E-03	-2.18589062E-02
-1.11449830E+00	-7.64716706E-01	8.82749325E-03	-2.19418536E-02
-1.21173918E+00	-2.94059168E-01	8.82079487E-03	-2.20253414E-02
-1.10298377E+00	1.49332390E-01	8.81405216E-03	-2.21093754E-02
-8.25512707E-01	4.76124571E-01	8.80726463E-03	-2.21939617E-02
-4.54046487E-01	6.23853011E-01	8.80043180E-03	-2.22791064E-02
-8.43531316E-02	5.71730292E-01	8.79355318E-03	-2.23648155E-02
1.88458467E-01	3.46252575E-01	8.78662824E-03	-2.24510954E-02
2.92080410E-01	1.60357439E-02	8.77965649E-03	-2.25379524E-02
1.94468128E-01	-3.23220810E-01	8.77263741E-03	-2.26253929E-02
-8.75348700E-02	-5.70426648E-01	8.76557046E-03	-2.27134236E-02
-4.90618280E-01	-6.42613175E-01	8.75845512E-03	-2.28020511E-02
-9.18176139E-01	-4.94903480E-01	8.75129083E-03	-2.28912821E-02
-1.26144780E+00	-1.32283263E-01	8.74407705E-03	-2.29811235E-02
-1.42396586E+00	3.89685247E-01	8.73681322E-03	-2.30715823E-02
-1.34381274E+00	9.75579139E-01	8.72949876E-03	-2.31626655E-02
-1.00860757E+00	1.51002872E+00	8.72213311E-03	-2.32543804E-02
-4.59735202E-01	1.88247615E+00	8.71471567E-03	-2.33467342E-02
2.15266301E-01	2.01128116E+00	8.70724585E-03	-2.34397344E-02
9.00574764E-01	1.86177926E+00	8.69972305E-03	-2.35333886E-02
1.47630379E+00	1.45423032E+00	8.69214665E-03	-2.36277043E-02
1.84372806E+00	8.59853866E-01	8.68451602E-03	-2.37226893E-02
1.94593981E+00	1.85815304E-01	8.67683054E-03	-2.38183517E-02
1.77939308E+00	-4.47505674E-01	8.66908956E-03	-2.39146994E-02
1.39384325E+00	-9.31927934E-01	8.66129243E-03	-2.40117406E-02
8.80786098E-01	-1.19396480E+00	8.65343848E-03	-2.41094836E-02
3.53051443E-01	-1.20950394E+00	8.64552704E-03	-2.42079369E-02
-7.98664647E-02	-1.00755980E+00	8.63755743E-03	-2.43071091E-02
-3.35281037E-01	-6.62445226E-01	8.62952894E-03	-2.44070089E-02
-3.74479712E-01	-2.76274358E-01	8.62144087E-03	-2.45076451E-02
-2.09958380E-01	4.41974687E-02	8.61329250E-03	-2.46090269E-02
9.86452952E-02	2.11228215E-01	8.60508309E-03	-2.47111634E-02
4.58779234E-01	1.75078015E-01	8.59681191E-03	-2.48140639E-02
7.66029379E-01	-6.56786465E-02	8.58847820E-03	-2.49177380E-02
9.27262359E-01	-4.64526106E-01	8.58008119E-03	-2.50221953E-02
8.80808192E-01	-9.37690144E-01	8.57162011E-03	-2.51274456E-02
6.09436685E-01	-1.38253016E+00	8.56309414E-03	-2.52334991E-02
1.43585989E-01	-1.69946560E+00	8.55450250E-03	-2.53403658E-02
-4.45504690E-01	-1.81265836E+00	8.54584436E-03	-2.54480561E-02
-1.06092947E+00	-1.68513534E+00	8.53711888E-03	-2.55565806E-02
-1.60000751E+00	-1.32541156E+00	8.52832521E-03	-2.56659500E-02
-1.97458242E+00	-7.84618693E-01	8.51946250E-03	-2.57761752E-02
-2.12752028E+00	-1.45197305E-01	8.51052986E-03	-2.58872674E-02
-2.04223132E+00	4.96078642E-01	8.50152640E-03	-2.59992379E-02
-1.74368801E+00	1.04696348E+00	8.49245121E-03	-2.61120982E-02
-1.29127481E+00	1.43656289E+00	8.48330337E-03	-2.62258601E-02
-7.65464163E-01	1.62689061E+00	8.47408194E-03	-2.63405355E-02
-2.51425543E-01	1.61725406E+00	8.46478595E-03	-2.64561366E-02
1.76955067E-01	1.44117822E+00	8.45541443E-03	-2.65726759E-02
4.69555614E-01	1.15710892E+00	8.44596640E-03	-2.66901660E-02
6.06900298E-01	8.35266412E-01	8.43644084E-03	-2.68086197E-02
6.00669251E-01	5.43545086E-01	8.42683673E-03	-2.69280503E-02
4.88397194E-01	3.35228166E-01	8.41715302E-03	-2.70484710E-02
3.23984664E-01	2.40611070E-01	8.40738864E-03	-2.71698955E-02
1.66241386E-01	2.63616990E-01	8.39754251E-03	-2.72923377E-02
6.77491887E-02	3.83405571E-01	8.38761353E-03	-2.74158118E-02
6.59381605E-02	5.60061890E-01	8.37760057E-03	-2.75403323E-02
1.77576721E-01	7.42874078E-01	8.36750249E-03	-2.76659138E-02
3.97088520E-01	8.79523401E-01	8.35731813E-03	-2.77925713E-02
6.98414703E-01	9.24675223E-01	8.34704629E-03	-2.79203203E-02
1.03966497E+00	8.46852181E-01	8.33668576E-03	-2.80491763E-02
1.36958544E+00	6.32942226E-01	8.32623532E-03	-2.81791553E-02
1.63487567E+00	2.90113080E-01	8.31569370E-03	-2.83102735E-02
1.78751914E+00	-1.54804497E-01	8.30505964E-03	-2.84425476E-02
1.79144789E+00	-6.58246646E-01	8.29433181E-03	-2.85759944E-02
1.62796862E+00	-1.16486997E+00	8.28350890E-03	-2.87106313E-02
1.29941283E+00	-1.61417235E+00	8.27258955E-03	-2.88464759E-02
8.30477337E-01	-1.94829326E+00	8.26157238E-03	-2.89835462E-02
2.66771134E-01	-2.12028426E+00	8.25045598E-03	-2.91218606E-02
-3.29733243E-01	-2.10186411E+00	8.23923892E-03	-2.92614380E-02
-8.88278798E-01	-1.88943479E+00	8.22791973E-03	-2.94022974E-02
-1.33932787E+00	-1.50705815E+00	8.21649693E-03	-2.95444586E-02
-1.62575892E+00	-1.00528989E+00	8.20496898E-03	-2.96879415E-02
-1.71346683E+00	-4.55295222E-01	8.19333435E-03	-2.98327666E-02
-1.59926998E+00	6.15041556E-02	8.18159143E-03	-2.99789548E-02
-1.31413023E+00	4.67012912E-01	8.16973863E-03	-3.01265275E-02
-9.20286370E-01	7.01099429E-01	8.15777430E-03	-3.02755065E-02
-5.01951179E-01	7.34480691E-01	8.14569674E-03	-3.04259141E-02
-1.50559675E-01	5.76945007E-01	8.13350425E-03	-3.05777733E-02
5.30950105E-02	2.78555964E-01	8.12119508E-03	-3.07311073E-02
5.64688263E-02	-7.73299630E-02	8.10876744E-03	-3.08859402E-02
-1.51167876E-01	-3.88759374E-01	8.09621950E-03	-3.10422962E-02
-5.32598573E-01	-5.55352560E-01	8.08354941E-03	-3.12002004E-02
-1.00613272E+00	-5.00219549E-01	8.07075526E-03	-3.13596785E-02
-1.45898294E+00	-1.89064785E-01	8.05783512E-03	-3.15207566E-02
-1.76868936E+00	3.57966961E-01	8.04478699E-03	-3.16834616E-02
-1.82875242E+00	1.06502233E+00	8.03160886E-03	-3.18478208E-02
-1.57330989E+00	1.81116944E+00	8.01829866E-03	-3.20138626E-02
-9.95395788E-01	2.45174804E+00	8.00485427E-03	-3.21816156E-02
-1.54217803E-01	2.84678373E+00	7.99127354E-03	-3.23511094E-02
8.31104472E-01	2.89091952E+00	7.97755426E-03	-3.25223743E-02
1.80114104E+00	2.53849762E+00	7.96369419E-03	-3.26954412E-02
2.58594186E+00	1.81795367E+00	7.94969101E-03	-3.28703419E-02
3.03936997E+00	8.31559455E-01	7.93554238E-03	-3.30471090E-02
3.07089164E+00	-2.60543002E-01	7.92124589E-03	-3.32257760E-02
2.66776131E+00	-1.26970659E+00	7.90679908E-03	-3.34063770E-02
1.90213204E+00	-2.01612820E+00	7.89219944E-03	-3.35889473E-02
9.20542688E-01	-2.36663742E+00	7.87744439E-03	-3.37735229E-02
-8.30778250E-02	-2.26477457E+00	7.86253130E-03	-3.39601409E-02
-9.06064597E-01	-1.74616525E+00	7.84745749E-03	-3.41488393E-02
-1.37964688E+00	-9.34977524E-01	7.83222021E-03	-3.43396571E-02
-1.40653239E+00	-2.11331358E-02	7.81681665E-03	-3.45326343E-02
-9.84993863E-01	7.77860889E-01	7.80124391E-03	-3.47278123E-02
-2.13474858E-01	1.26300309E+00	7.78549906E-03	-3.49252333E-02
7.26338545E-01	1.29819971E+00	7.76957909E-03	-3.51249407E-02
1.60542938E+00	8.43209340E-01	7.75348090E-03	-3.53269794E-02
2.19549933E+00	-3.26535228E-02	7.73720134E-03	-3.55313952E-02
2.31929163E+00	-1.16003431E+00	7.72073717E-03	-3.57382355E-02
1.89231617E+00	-2.30137035E+00	7.70408509E-03	-3.59475489E-02
9.46439007E-01	-3.19920104E+00	7.68724171E-03	-3.61593855E-02
-3.70701133E-01	-3.63121877E+00	7.67020355E-03	-3.63737968E-02
-1.82148476E+00	-3.46037246E+00	7.65296707E-03	-3.65908359E-02
-3.12487369E+00	-2.66886325E+00	7.63552861E-03	-3.68105574E-02
-4.01454803E+00	-1.36788100E+00	7.61788445E-03	-3.70330177E-02
-4.29646882E+00	2.20125824E-01	7.60003077E-03	-3.72582746E-02
-3.89330403E+00	1.80397880E+00	7.58196366E-03	-3.74863881E-02
-2.86549095E+00	3.08288031E+00	7.56367910E-03	-3.77174199E-02
-1.40339777E+00	3.80991067E+00	7.54517298E-03	-3.79514334E-02
2.08845198E-01	3.84625617E+00	7.52644109E-03	-3.81884945E-02
1.65104061E+00	3.19400181E+00	7.50747911E-03	-3.84286707E-02
2.63435740E+00	1.99955392E+00	7.48828261E-03	-3.86720320E-02
2.96413518E+00	5.25904200E-01	7.46884706E-03	-3.89186507E-02
2.58418393E+00	-9.01277671E-01	7.44916780E-03	-3.91686014E-02
1.59227523E+00	-1.96280869E+00	7.42924006E-03	-3.94219612E-02
2.22498762E-01	-2.41576801E+00	7.40905895E-03	-3.96788099E-02
-1.20269802E+00	-2.14860797E+00	7.38861946E-03	-3.99392298E-02
-2.34119957E+00	-1.20905217E+00	7.36791644E-03	-4.02033064E-02
-2.90617782E+00	2.02172783E-01	7.34694462E-03	-4.04711280E-02
-2.73101520E+00	1.77140673E+00	7.32569858E-03	-4.07427860E-02
-1.80961466E+00	3.13808820E+00	7.30417278E-03	-4.10183751E-02
-3.02521242E-01	3.97294362E+00	7.28236152E-03	-4.12979934E-02
1.49343899E+00	4.05144228E+00	7.26025898E-03	-4.15817429E-02
3.20629155E+00	3.30620164E+00	7.23785916E-03	-4.18697289E-02
4.46814288E+00	1.84624514E+00	7.21515592E-03	-4.21620610E-02
4.99549609E+00	-6.19615534E-02	7.19214297E-03	-4.24588530E-02
4.65297645E+00	-2.04843180E+00	7.16881384E-03	-4.27602227E-02
3.48604337E+00	-3.71744952E+00	7.14516191E-03	-4.30662930E-02
1.71480967E+00	-4.73260075E+00	7.12118040E-03	-4.33771914E-02
-3.10458896E-01	-4.89044909E+00	7.09686234E-03	-4.36930503E-02
-2.18307986E+00	-4.16639622E+00	7.07220059E-03	-4.40140080E-02
-3.52717931E+00	-2.72212218E+00	7.04718784E-03	-4.43402079E-02
-4.07937883E+00	-8.72337012E-01	7.02181658E-03	-4.46717999E-02
-3.74682392E+00	9.82425303E-01	6.99607914E-03	-4.50089398E-02
-2.62840622E+00	2.44258607E+00	6.96996765E-03	-4.53517903E-02
-9.94024792E-01	3.19692620E+00	6.94347405E-03	-4.57005210E-02
7.73998425E-01	3.09127361E+00	6.91659011E-03	-4.60553093E-02
2.26475526E+00	2.16306227E+00	6.88930738E-03	-4.64163400E-02
3.12947800E+00	6.33785533E-01	6.86161723E-03	-4.67838066E-02
3.15907403E+00	-1.13932368E+00	6.83351085E-03	-4.71579115E-02
2.33115280E+00	-2.74194281E+00	6.80497924E-03	-4.75388664E-02
8.15907436E-01	-3.79434540E+00	6.77601321E-03	-4.79268930E-02
-1.06066462E+00	-4.03580382E+00	6.74660337E-03	-4.83222238E-02
-2.88819278E+00	-3.38291033E+00	6.71674019E-03	-4.87251024E-02
-4.26222908E+00	-1.94877195E+00	6.68641395E-03	-4.91357847E-02
-4.87335950E+00	-1.87458642E-02	6.65561478E-03	-4.95545392E-02
-4.57531734E+00	2.01190534E+00	6.62433264E-03	-4.99816483E-02
-3.41697920E+00	3.72454236E+00	6.59255740E-03	-5.04174090E-02
-1.63122172E+00	4.76857398E+00	6.56027878E-03	-5.08621340E-02
4.16713878E-01	4.93744768E+00	6.52748642E-03	-5.13161528E-02
2.30965509E+00	4.21241363E+00	6.49416990E-03	-5.17798126E-02
3.66965923E+00	2.76457575E+00	6.46031878E-03	-5.22534801E-02
4.23956292E+00	9.15146071E-01	6.42592259E-03	-5.27375427E-02
3.93691183E+00	-9.36827279E-01	6.39097096E-03	-5.32324099E-02
2.86863304E+00	-2.40280402E+00	6.35545358E-03	-5.37385152E-02
1.30374215E+00	-3.18931408E+00	6.31936033E-03	-5.42563178E-02
-3.89187207E-01	-3.16000389E+00	6.28268133E-03	-5.47863047E-02
-1.82527374E+00	-2.36176472E+00	6.24540702E-03	-5.53289929E-02
-2.68838575E+00	-1.00981801E+00	6.20752828E-03	-5.58849321E-02
-2.79904203E+00	5.64071052E-01	6.16903654E-03	-5.64547069E-02
-2.15042813E+00	1.98789932E+00	6.12992389E-03	-5.70389402E-02
-9.05277045E-01	2.93267361E+00	6.09018329E-03	-5.76382962E-02
6.44683821E-01	3.18388810E+00	6.04980871E-03	-5.82534843E-02
2.14666386E+00	2.68564189E+00	6.00879537E-03	-5.88852630E-02
3.26619831E+00	1.54837668E+00	5.96713998E-03	-5.95344443E-02
3.75997469E+00	1.96445500E-02	5.92484099E-03	-6.02018986E-02
3.52611726E+00	-1.57437080E+00	5.88189892E-03	-6.08885607E-02
2.62154528E+00	-2.90255309E+00	5.83831673E-03	-6.15954356E-02
1.24377955E+00	-3.70083331E+00	5.79410010E-03	-6.23236054E-02
-3.17351745E-01	-3.82654031E+00	5.74925787E-03	-6.30742374E-02
-1.74612365E+00	-3.28380916E+00	5.70380231E-03	-6.38485928E-02
-2.76990478E+00	-2.21571205E+00	5.65774922E-03	-6.46480367E-02
-3.21531625E+00	-8.66440556E-01	5.61111770E-03	-6.54740498E-02
-3.03976740E+00	4.76570398E-01	5.56392875E-03	-6.63282418E-02
-2.33270313E+00	1.54668481E+00	5.51620139E-03	-6.72123687E-02
-1.28800469E+00	2.15374307E+00	5.46794081E-03	-6.81283575E-02
-1.55386092E-01	2.21954666E+00	5.41909686E-03	-6.90783619E-02
8.17117196E-01	1.78657072E+00	5.36935347E-03	-7.00651009E-02
1.43622970E+00	9.99766007E-01	5.32533591E-03	-7.10927910E-02
1.60063574E+00	6.73832599E-02	5.27219324E-03	-7.21555887E-02
1.31523207E+00	-7.88931534E-01	5.21902807E-03	-7.32686033E-02
6.81073459E-01	-1.38285821E+00	5.15875768E-03	-7.44449272E-02
-1.34743338E-01	-1.60022459E+00	5.17486886E-03	-7.56302934E-02
-9.40814856E-01	-1.41679389E+00	5.10068075E-03	-7.68851624E-02
-1.56443781E+00	-8.94826069E-01	5.04712866E-03	-7.82061063E-02
-1.88620137E+00	-1.61256612E-01	4.99269299E-03	-7.95860155E-02
-1.85934273E+00	6.25740190E-01	4.88280769E-03	-8.10723203E-02
-1.51124063E+00	1.31307037E+00	4.85630176E-03	-8.26599903E-02
-9.28823382E-01	1.78347927E+00	4.88504628E-03	-8.42331207E-02
-2.33188409E-01	1.97457719E+00	4.80038384E-03	-8.58779159E-02
4.49407886E-01	1.88346094E+00	4.75186999E-03	-8.80321822E-02
1.01312238E+00	1.55800469E+00	4.84769891E-03	-8.97902080E-02
1.38940957E+00	1.07891718E+00	4.82108123E-03	-9.17790165E-02
1.55286291E+00	5.38273244E-01	4.81909862E-03	-9.39160989E-02
1.51676088E+00	2.01683250E-02	4.75542437E-03	-9.60921478E-02
1.32153423E+00	-4.12378734E-01	3.72202011E-03	-9.81371601E-02
1.02061224E+00	-7.22552951E-01	5.07914372E-03	-1.02428974E-01
6.67921743E-01	-8.97694048E-01	5.25494843E-03	-1.04414242E-01
3.09920639E-01	-9.42759236E-01	3.62443560E-03	-1.09281412E-01
-1.70039567E-02	-8.72772182E-01	5.07557821E-03	-1.11220688E-01
-2.84957499E-01	-7.07286050E-01	4.84960838E-03	-1.17218193E-01
-4.71306074E-01	-4.68467726E-01	5.84862711E-03	-1.21351556E-01
-5.56596797E-01	-1.82557925E-01	6.71478138E-03	-1.25953995E-01
-5.25618320E-01	1.17168487E-01	6.71046688E-03	-1.28723548E-01
-3.71990652E-01	3.88663609E-01	6.55281984E-03	-1.39187577E-01
-1.04862435E-01	5.83072646E-01	8.53001347E-03	-1.46753894E-01
2.45089538E-01	6.51620381E-01	1.07851626E-02	-1.55623125E-01
6.23604293E-01	5.56728545E-01	1.48407551E-02	-1.65459051E-01
9.57240555E-01	2.84750491E-01	1.23161833E-02	-1.77006596E-01
1.16499710E+00	-1.43577019E-01	1.84373168E-02	-1.95439693E-01
1.17559329E+00	-6.69018139E-01	2.77954789E-02	-2.18869079E-01
9.46674096E-01	-1.19895405E+00	4.46312423E-02	-2.49143768E-01
4.80858682E-01	-1.62237112E+00	7.95242704E-02	-2.94591365E-01
-1.66452914E-01	-1.83257057E+00	1.85697617E-01	-3.67273334E-01
-8.91110245E-01	-1.75289139E+00	8.52167269E-01	3.25331417E-02
-1.55695825E+00	-1.35918206E+00	-2.58432775E-01	-1.34727723E-01
-2.02287252E+00	-6.92748168E-01	-8.25958763E-02	-5.95060809E-01
-2.17462535E+00	1.40797132E-01	7.79469256E-01	-5.01690671E-01
-1.95421470E+00	9.88243477E-01	5.47343235E-01	6.57759257E-01
-1.37911894E+00	1.67870275E+00	-4.37815868E-02	1.31327737E-01
-5.45705346E-01	2.06081107E+00	4.08184662E-01	-6.74258002E-01
3.85578584E-01	2.03890337E+00	3.62156258E-01	3.20664237E-01
1.22131458E+00	1.59936484E+00	1.62457507E-01	2.18347617E-01
1.77645923E+00	8.20038895E-01	1.00946236E-01	1.56232758E-01
1.91690728E+00	-1.40865487E-01	7.18825973E-02	1.17929627E-01
1.59331058E+00	-1.07523917E+00	5.48467018E-02	9.08022852E-02
8.57613505E-01	-1.76906849E+00	4.30007637E-02	6.83818768E-02
-1.42657311E-01	-2.05053066E+00	3.59776965E-02	4.62936781E-02
-1.19233742E+00	-1.83123394E+00	3.49786639E-02	3.88629080E-02
-2.05355546E+00	-1.13066051E+00	3.06090778E-02	2.86000408E-02
-2.51815304E+00	-7.72960418E-02	2.73999603E-02	2.04268342E-02
-2.45589455E+00	1.11494382E+00	2.46175253E-02	1.33284819E-02
-1.84722228E+00	2.19070443E+00	2.18977718E-02	7.38987296E-03
-7.92418527E-01	2.90841381E+00	1.64896408E-02	9.38868178E-04
5.05844567E-01	3.09460341E+00	1.88680835E-02	-1.04688197E-02
1.78358727E+00	2.68496462E+00	1.84723089E-02	-1.11434467E-02
2.77175144E+00	1.74239523E+00	1.56157930E-02	-1.72675477E-02
3.25537446E+00	4.47230234E-01	1.66472609E-02	-1.93782482E-02
3.12248355E+00	-9.38969241E-01	1.33876851E-02	-2.54182327E-02
2.39145997E+00	-2.12867106E+00	1.47139817E-02	-2.81052967E-02
1.21020458E+00	-2.87079222E+00	1.42099530E-02	-3.10449041E-02
-1.73369445E-01	-3.00652245E+00	1.36193229E-02	-3.39999301E-02
-1.46356709E+00	-2.50598283E+00	1.27086239E-02	-3.67717004E-02
-2.38071810E+00	-1.47719938E+00	1.24872369E-02	-4.00812051E-02
-2.72263647E+00	-1.44899954E-01	1.19950499E-02	-4.27522303E-02
-2.41011239E+00	1.19668302E+00	1.15888777E-02	-4.54414020E-02
-1.50616515E+00	2.24699495E+00	1.08482248E-02	-4.83449814E-02
-2.04459304E-01	2.76465411E+00	1.06401167E-02	-5.09693568E-02
1.21096265E+00	2.62092112E+00	1.02836896E-02	-5.35460190E-02
2.42614656E+00	1.82930658E+00	9.92423025E-03	-5.61063513E-02
3.16490179E+00	5.44611318E-01	9.57386017E-03	-5.86520389E-02
3.24901978E+00	-9.68671053E-01	9.23404667E-03	-6.11886707E-02
2.63790216E+00	-2.39197674E+00	8.90456196E-03	-6.37226716E-02
1.43887197E+00	-3.42044572E+00	8.58196476E-03	-6.62600064E-02
-1.14238125E-01	-3.82828479E+00	8.26469839E-03	-6.88027268E-02
-1.70977337E+00	-3.51762761E+00	7.95487083E-03	-7.13794814E-02
-3.02387691E+00	-2.54032245E+00	7.65189859E-03	-7.39727344E-02
-3.78903659E+00	-1.08788282E+00	7.35163715E-03	-7.65973458E-02
-3.85090862E+00	5.48336724E-01	7.05344848E-03	-7.92603369E-02
-3.20127009E+00	2.03830283E+00	6.75633044E-03	-8.19686327E-02
-1.98005103E+00	3.08281073E+00	6.45923589E-03	-8.47292969E-02
-4.45988081E-01	3.47657354E+00	6.16111468E-03	-8.75496087E-02
1.07788758E+00	3.15150978E+00	5.86091564E-03	-9.04371317E-02
2.27238671E+00	2.19106349E+00	5.55757912E-03	-9.33997847E-02
2.88951713E+00	8.12537374E-01	5.25002603E-03	-9.64459188E-02
2.80484351E+00	-6.78819103E-01	4.93714505E-03	-9.95844009E-02
2.04382665E+00	-1.95427884E+00	4.61777774E-03	-1.02824707E-01
7.76613408E-01	-2.73109093E+00	4.29070106E-03	-1.06177029E-01
-7.17616046E-01	-2.83232680E+00	3.95460505E-03	-1.09652395E-01
-2.10925786E+00	-2.22456739E+00	3.60806156E-03	-1.13262813E-01
-3.08757392E+00	-1.02553770E+00	3.24947201E-03	-1.17021460E-01
-3.42617043E+00	5.19914466E-01	2.87695471E-03	-1.20942958E-01
-3.03098674E+00	2.09049299E+00	2.48800124E-03	-1.25044060E-01
-1.96077099E+00	3.35522966E+00	2.07806625E-03	-1.29348105E-01
-4.15749204E-01	4.04246480E+00	1.72392174E-03	-1.33867404E-01
1.30319215E+00	3.99667830E+00	1.23685944E-03	-1.38583213E-01
2.85636490E+00	3.21133705E+00	7.56925864E-04	-1.43593243E-01
3.93536041E+00	1.83089575E+00	2.34333734E-04	-1.48894995E-01
4.32681504E+00	1.21481426E-01	-2.73672973E-04	-1.54537083E-01
3.95661166E+00	-1.58371224E+00	-8.49809627E-04	-1.60516652E-01
2.90530285E+00	-2.95303862E+00	-1.47853695E-03	-1.66906145E-01
1.39149185E+00	-3.72480709E+00	-2.18525289E-03	-1.73759531E-01
-2.73452373E-01	-3.76128124E+00	-3.06865171E-03	-1.81196254E-01
-1.75000837E+00	-3.07701039E+00	-2.94356577E-03	-1.90305855E-01
-2.74106070E+00	-1.83553375E+00	-3.96191853E-03	-1.97703850E-01
-3.05373530E+00	-3.15049440E-01	-4.97398322E-03	-2.07337489E-01
-2.63959939E+00	1.14989859E+00	-5.76647243E-03	-2.16961687E-01
-1.60476348E+00	2.23863593E+00	-7.03993852E-03	-2.28055090E-01
-1.87659662E-01	2.71185597E+00	-9.37440737E-03	-2.40634414E-01
1.29099130E+00	2.46227446E+00	-8.96798333E-03	-2.55302408E-01
2.49567275E+00	1.53775988E+00	-1.06407196E-02	-2.70567392E-01
3.14695977E+00	1.31961754E-01	-1.20658456E-02	-2.88379820E-01
3.08094437E+00	-1.45575557E+00	-1.43918678E-02	-3.09183408E-01
2.28465981E+00	-2.88281211E+00	-1.44751175E-02	-3.29152312E-01
8.99938251E-01	-3.83531870E+00	-1.96182876E-02	-3.58549576E-01
-8.05264161E-01	-4.09431026E+00	-2.27905878E-02	-3.93573462E-01
-2.49218930E+00	-3.58233713E+00	-2.73420522E-02	-4.33844746E-01
-3.82170748E+00	-2.38051611E+00	-2.68133072E-02	-4.89296033E-01
-4.52506885E+00	-7.12335234E-01	-4.03697997E-02	-5.66122542E-01
-4.46005493E+00	1.10247903E+00	-4.95007730E-02	-6.97653526E-01
-3.64064202E+00	2.71437126E+00	-1.90286641E-02	-1.01517980E+00
-2.23386399E+00	3.81665193E+00	6.04632803E-01	-6.63930040E-01
-5.24506313E-01	4.20911469E+00	8.13924860E-01	-3.04224977E-01
1.14490026E+00	3.83911202E+00	2.23370546E-01	-7.88365169E-01
2.44605393E+00	2.81140346E+00	7.65997237E-01	-1.66386337E+00
3.13353642E+00	1.36473820E+00	2.47061047E+00	-1.42373152E+00
3.09557328E+00	-1.79771496E-01	6.13051438E-01	8.34455284E-01
2.37616243E+00	-1.48741196E+00	1.63701162E-01	-3.56869092E-03
1.16397609E+00	-2.28104990E+00	4.44561340E-01	-1.13349734E+00
-2.49434847E-01	-2.39954349E+00	2.35399793E+00	2.25998653E-01
-1.53303726E+00	-1.83098543E+00	6.37584972E-01	9.71686199E-01
-2.38762720E+00	-7.13836711E-01	2.61639207E-01	4.78038780E-01
-2.60974994E+00	6.94058907E-01	3.37551349E-01	1.56409299E-01
-2.13461330E+00	2.07169143E+00	2.28860545E-01	2.26619141E-01
-1.04900012E+00	3.10407642E+00	2.07888162E-01	1.10177000E-01
4.28284390E-01	3.54948794E+00	2.19233744E-01	-3.42462424E-02
1.99388989E+00	3.29037298E+00	2.68139161E-01	-1.75342011E-01
3.32483095E+00	2.35726157E+00	8.08628315E-01	-1.87718179E-01
4.14672594E+00	9.20930294E-01	5.84568280E-01	2.36375024E-01
4.29074737E+00	-7.45032482E-01	1.68820847E-01	-5.09829444E-01
3.72732316E+00	-2.32278475E+00	1.09219035E+00	1.38038526E-01
2.56982988E+00	-3.51704773E+00	1.00483227E+00	1.90066240E-01
1.04809147E+00	-4.11578691E+00	2.72488858E-01	5.36813703E-01
-5.42017233E-01	-4.03197719E+00	9.49042783E-01	4.54122576E-01
-1.90157461E+00	-3.31801740E+00	6.74617981E-01	8.94073622E-01
-2.79050383E+00	-2.15043183E+00	6.22989328E-01	4.12592046E-01
-3.07522532E+00	-7.88932203E-01	9.13875729E-01	6.49186292E-01
-2.75236297E+00	4.80699647E-01	3.46962713E-01	7.38915398E-01
-1.94421989E+00	1.40725881E+00	1.37290151E-01	4.95313704E-01
-8.67928685E-01	1.82528694E+00	3.40208592E-01	3.73279719E-01
2.14239957E-01	1.68622537E+00	1.48864703E-01	6.44743052E-01
1.05215485E+00	1.06367651E+00	6.19083872E-02	4.72361786E-01
1.46023151E+00	1.32664390E-01	5.85804251E-02	3.83536153E-01
1.35404943E+00	-8.71646027E-01	1.37950982E-01	3.54396482E-01
7.64093869E-01	-1.70614774E+00	5.16191931E-02	4.09775061E-01
-1.75265055E-01	-2.17137923E+00	3.49361728E-02	3.53413193E-01
-1.25807356E+00	-2.15163798E+00	2.96523120E-02	3.13898980E-01
-2.25253292E+00	-1.63573310E+00	6.77332569E-02	3.04020698E-01
-2.94988132E+00	-7.15013064E-01	3.79069947E-02	2.90935053E-01
-3.20601820E+00	4.39691894E-01	3.32461710E-02	2.73087710E-01
-2.96760366E+00	1.61620337E+00	3.11663023E-02	2.60552303E-01
-2.27814503E+00	2.60537534E+00	2.83280340E-02	2.45242732E-01
-1.26408703E+00	3.24214130E+00	2.71753808E-02	2.34918891E-01
-1.05123262E-01	3.43499650E+00	2.63572397E-02	2.24376330E-01
1.00404719E+00	3.17869847E+00	2.57066733E-02	2.15250751E-01
1.89205421E+00	2.54887386E+00	2.51386761E-02	2.06974246E-01
2.44148116E+00	1.68109851E+00	2.47048220E-02	1.99359616E-01
2.60624912E+00	7.40026520E-01	2.48502713E-02	1.92265980E-01
2.41347836E+00	-1.14300024E-01	2.32118010E-02	1.87382524E-01
1.95097303E+00	-7.55937444E-01	2.28101682E-02	1.80699210E-01
1.34431620E+00	-1.11288946E+00	2.24842670E-02	1.75016306E-01
7.29253523E-01	-1.17445966E+00	2.21565059E-02	1.69782799E-01
2.25336220E-01	-9.86134466E-01	2.18406629E-02	1.64902046E-01
-8.42146066E-02	-6.34549594E-01	2.15405249E-02	1.60326469E-01
-1.63386427E-01	-2.26745293E-01	2.12564984E-02	1.56022588E-01
-2.42542422E-02	1.31558033E-01	2.09884180E-02	1.51962821E-01
2.80786625E-01	3.54487032E-01	2.07348425E-02	1.48127211E-01
6.72624646E-01	3.88513028E-01	2.04945254E-02	1.44494103E-01
1.06147195E+00	2.17781850E-01	2.02667208E-02	1.41047222E-01
1.36218937E+00	-1.37274457E-01	2.00504255E-02	1.37771689E-01
1.50661036E+00	-6.26467070E-01	1.98447401E-02	1.34654261E-01
1.45170833E+00	-1.17944998E+00	1.96488524E-02	1.31683107E-01
1.18349507E+00	-1.71642776E+00	1.94620283E-02	1.28847612E-01
7.17233204E-01	-2.15852537E+00	1.92836053E-02	1.26138214E-01
9.47920411E-02	-2.43701641E+00	1.91129845E-02	1.23546271E-01
-6.20159648E-01	-2.50110723E+00	1.89496238E-02	1.21063943E-01
-1.34875114E+00	-2.32416884E+00	1.87930320E-02	1.18684104E-01
-2.00518712E+00	-1.90817702E+00	1.86427625E-02	1.16400251E-01
-2.50659690E+00	-1.28579677E+00	1.84984091E-02	1.14206443E-01
-2.78400839E+00	-5.19254856E-01	1.83596010E-02	1.12097235E-01
-2.79339306E+00	3.04873133E-01	1.82259993E-02	1.10067624E-01
-2.52506646E+00	1.08541937E+00	1.80972933E-02	1.08113009E-01
-2.00929970E+00	1.72052056E+00	1.79731979E-02	1.06229147E-01
-1.31606821E+00	2.12410829E+00	1.78534507E-02	1.04412118E-01
-5.47582793E-01	2.24232740E+00	1.77378100E-02	1.02658293E-01
1.76422206E-01	2.06649304E+00	1.76260524E-02	1.00964311E-01
7.38971256E-01	1.63918974E+00	1.75179714E-02	9.93270483E-02
1.04836643E+00	1.05099491E+00	1.74133753E-02	9.77436032E-02
1.05844977E+00	4.27012974E-01	1.73120864E-02	9.62112720E-02
7.81865384E-01	-9.53677372E-02	1.72139395E-02	9.47275339E-02
2.92453315E-01	-3.93830243E-01	1.71187807E-02	9.32900350E-02
-2.85140888E-01	-3.88224436E-01	1.70264665E-02	9.18965745E-02
-7.97868580E-01	-6.13785974E-02	1.69368629E-02	9.05450924E-02
-1.09506703E+00	5.31695148E-01	1.68498452E-02	8.92336579E-02
-1.06167317E+00	1.26947418E+00	1.67652926E-02	8.79604611E-02
-6.46707216E-01	1.98469958E+00	1.66831015E-02	8.67237951E-02
1.19768774E-01	2.49705067E+00	1.66031674E-02	8.55220644E-02
1.12603132E+00	2.65150780E+00	1.65254004E-02	8.43537619E-02
2.19594590E+00	2.35434557E+00	1.64497691E-02	8.32175114E-02
3.12169579E+00	1.59855814E+00	1.63758484E-02	8.21119163E-02
3.70590657E+00	4.72258921E-01	1.63040349E-02	8.10356722E-02
3.80450588E+00	-8.53043550E-01	1.62340249E-02	7.99876813E-02
3.36088016E+00	-2.15307629E+00	1.61657422E-02	7.89668278E-02
2.42321690E+00	-3.19478862E+00	1.60989815E-02	7.79716770E-02
1.14018508E+00	-3.78479659E+00	1.60341642E-02	7.70018448E-02
-2.65326136E-01	-3.81185951E+00	1.59707623E-02	7.60560111E-02
-1.53979562E+00	-3.27371556E+00	1.59088450E-02	7.51332850E-02
-2.45125462E+00	-2.28158974E+00	1.58484337E-02	7.42327427E-02
-2.83898405E+00	-1.04034115E+00	1.57893705E-02	7.33540677E-02
-2.64967830E+00	1.92444683E-01	1.57315475E-02	7.24956804E-02
-1.95155933E+00	1.16027323E+00	1.56750766E-02	7.16572705E-02
-9.22483699E-01	1.66310843E+00	1.56198808E-02	7.08380573E-02
1.86278082E-01	1.60213986E+00	1.55658546E-02	7.00375359E-02
1.10343209E+00	1.00370897E+00	1.55130239E-02	6.92547963E-02
1.59699094E+00	1.64343715E-02	1.54613096E-02	6.84893868E-02
1.52661922E+00	-1.11865736E+00	1.54106703E-02	6.77406844E-02
8.77219443E-01	-2.11918889E+00	1.53610792E-02	6.70081575E-02
-2.34192426E-01	-2.72298634E+00	1.53125833E-02	6.62910767E-02
-1.58055616E+00	-2.74680683E+00	1.52650429E-02	6.55894107E-02
-2.87164140E+00	-2.12919301E+00	1.52185218E-02	6.49020703E-02
-3.81597450E+00	-9.47611678E-01	1.51738442E-02	6.42287110E-02
-4.18449871E+00	5.94485098E-01	1.51274560E-02	6.35708349E-02
-3.86197703E+00	2.20845882E+00	1.50843635E-02	6.29243551E-02
-2.87458613E+00	3.58070517E+00	1.50411584E-02	6.22911819E-02
-1.38721362E+00	4.43940093E+00	1.50001620E-02	6.16708566E-02
3.29429226E-01	4.61322243E+00	1.49566526E-02	6.10628612E-02
1.95508628E+00	4.06903915E+00	1.49160478E-02	6.04656929E-02
3.18757009E+00	2.92006293E+00	1.48761464E-02	5.98801823E-02
3.80700660E+00	1.40236491E+00	1.48369954E-02	5.93057771E-02
3.72260361E+00	-1.75357079E-01	1.47986098E-02	5.87420730E-02
2.99157805E+00	-1.49792509E+00	1.47612357E-02	5.81886171E-02
1.80595769E+00	-2.31131340E+00	1.47272066E-02	5.76489747E-02
4.50050584E-01	-2.47693125E+00	1.46863059E-02	5.71144273E-02
-7.62128324E-01	-2.00061204E+00	1.46505289E-02	5.65902816E-02
-1.55572631E+00	-1.02992753E+00	1.46153462E-02	5.60757824E-02
-1.75505954E+00	1.79554618E-01	1.45807802E-02	5.55703460E-02
-1.32156022E+00	1.32157756E+00	1.45469583E-02	5.50733707E-02
-3.61367657E-01	2.10736492E+00	1.45158305E-02	5.45833868E-02
8.98988986E-01	2.32957681E+00	1.44814105E-02	5.41110874E-02
2.16329277E+00	1.90796408E+00	1.44507781E-02	5.36374708E-02
3.13138179E+00	9.06756953E-01	1.44153650E-02	5.31761063E-02
3.56532353E+00	-4.79849901E-01	1.43837832E-02	5.27196479E-02
3.34142288E+00	-1.97065524E+00	1.43528105E-02	5.22713025E-02
2.47673192E+00	-3.25911589E+00	1.43222878E-02	5.18304245E-02
1.12449463E+00	-4.07993181E+00	1.42921436E-02	5.13966655E-02
-4.60090876E-01	-4.26583069E+00	1.42621714E-02	5.09693550E-02
-1.97584741E+00	-3.78219108E+00	1.42383760E-02	5.05492041E-02
-3.14067938E+00	-2.73223272E+00	1.42066850E-02	5.01382451E-02
-3.75125189E+00	-1.33214361E+00	1.41779898E-02	4.97315437E-02
-3.72426466E+00	1.37806523E-01	1.41500446E-02	4.93312248E-02
-3.11062764E+00	1.39490137E+00	1.41226012E-02	4.89371127E-02
-2.08004047E+00	2.21449572E+00	1.40955966E-02	4.85490456E-02
-8.80110976E-01	2.47610255E+00	1.40690030E-02	4.81668748E-02
2.20284970E-01	2.18526047E+00	1.40428034E-02	4.77904594E-02
9.90433099E-01	1.46703201E+00	1.40169853E-02	4.74196646E-02
1.28675310E+00	5.33419847E-01	1.39915380E-02	4.70543602E-02
1.08077300E+00	-3.67251327E-01	1.39664520E-02	4.66944207E-02
4.60570909E-01	-1.00714371E+00	1.39417188E-02	4.63397247E-02
-3.93737733E-01	-1.22904073E+00	1.39173301E-02	4.59901544E-02
-1.25408613E+00	-9.78852877E-01	1.38932781E-02	4.56455959E-02
-1.89755154E+00	-3.13868851E-01	1.38695555E-02	4.53059385E-02
-2.15623843E+00	6.14186257E-01	1.38461550E-02	4.49710749E-02
-1.95289533E+00	1.59651334E+00	1.38230697E-02	4.46409012E-02
-1.31484841E+00	2.41582243E+00	1.38002930E-02	4.43153161E-02
-3.64025876E-01	2.89476194E+00	1.37778183E-02	4.39942217E-02
7.13649523E-01	2.93331851E+00	1.37556394E-02	4.36775225E-02
1.71168361E+00	2.52727362E+00	1.37337502E-02	4.33651261E-02
2.44886620E+00	1.76445607E+00	1.37121447E-02	4.30569425E-02
2.80709768E+00	8.00733123E-01	1.36908173E-02	4.27528842E-02
2.75305522E+00	-1.77785303E-01	1.36697624E-02	4.24528662E-02
2.33966694E+00	-9.97019677E-01	1.36489745E-02	4.21568058E-02
1.68820354E+00	-1.53181011E+00	1.36284483E-02	4.18646227E-02
9.56219521E-01	-1.72932276E+00	1.36081787E-02	4.15762386E-02
2.99563683E-01	-1.61443548E+00	1.35881607E-02	4.12915775E-02
-1.62405211E-01	-1.27700728E+00	1.35683894E-02	4.10105652E-02
-3.70537180E-01	-8.45172764E-01	1.35488602E-02	4.07331298E-02
-3.33745724E-01	-4.51840045E-01	1.35295683E-02	4.04592010E-02
-1.20235957E-01	-2.02745103E-01	1.35105093E-02	4.01887104E-02
1.64657089E-01	-1.53536061E-01	1.34916788E-02	3.99215916E-02
4.07778153E-01	-3.00738907E-01	1.34730725E-02	3.96577796E-02
5.17032101E-01	-5.87809296E-01	1.34546863E-02	3.93972114E-02
4.42833447E-01	-9.23737248E-01	1.34365161E-02	3.91398254E-02
1.87376360E-01	-1.20875804E+00	1.34185579E-02	3.88855615E-02
-1.99727533E-01	-1.36030691E+00	1.34008080E-02	3.86343613E-02
-6.37419614E-01	-1.33271368E+00	1.33832624E-02	3.83861679E-02
-1.03596210E+00	-1.12609271E+00	1.33659177E-02	3.81409255E-02
-1.32025745E+00	-7.82880674E-01	1.33487701E-02	3.78985801E-02
-1.44768913E+00	-3.73711099E-01	1.33318162E-02	3.76590786E-02
-1.41619343E+00	2.30367559E-02	1.33150525E-02	3.74223695E-02
-1.26102984E+00	3.42262406E-01	1.32984758E-02	3.71884025E-02
-1.04175133E+00	5.48121910E-01	1.32820828E-02	3.69571284E-02
-8.23395892E-01	6.40925471E-01	1.32658702E-02	3.67284993E-02
-6.57296535E-01	6.53504455E-01	1.32498351E-02	3.65024684E-02
-5.66817541E-01	6.38476984E-01	1.32339743E-02	3.62789899E-02
-5.41834305E-01	6.50260818E-01	1.32182849E-02	3.60580193E-02
-5.43304895E-01	7.27021969E-01	1.32027641E-02	3.58395128E-02
-5.16499192E-01	8.77678825E-01	1.31874089E-02	3.56234281E-02
-4.09090339E-01	1.07764553E+00	1.31722167E-02	3.54097234E-02
-1.88987686E-01	1.27458864E+00	1.31571846E-02	3.51983582E-02
1.43160263E-01	1.40272847E+00	1.31423102E-02	3.49892927E-02
5.50459332E-01	1.40186207E+00	1.31275907E-02	3.47824882E-02
9.66534439E-01	1.23593541E+00	1.31130237E-02	3.45779066E-02
1.31108534E+00	9.06003599E-01	1.30986066E-02	3.43755110E-02
1.51035051E+00	4.53794661E-01	1.30843372E-02	3.41752650E-02
1.51717359E+00	-4.55108030E-02	1.30702130E-02	3.39771332E-02
1.32530343E+00	-4.99863443E-01	1.30562316E-02	3.37810810E-02
9.73888872E-01	-8.22369664E-01	1.30423909E-02	3.35870744E-02
5.40534741E-01	-9.53283013E-01	1.30286886E-02	3.33950802E-02
1.24171201E-01	-8.76300450E-01	1.30151226E-02	3.32050661E-02
-1.78366075E-01	-6.24748760E-01	1.30016906E-02	3.30170002E-02
-2.96413900E-01	-2.75643277E-01	1.29883908E-02	3.28308514E-02
-2.04216123E-01	6.74283128E-02	1.29752209E-02	3.26465895E-02
7.05731429E-02	2.98826329E-01	1.29621790E-02	3.24641845E-02
4.51150841E-01	3.37047089E-01	1.29492632E-02	3.22836074E-02
8.28079790E-01	1.46229715E-01	1.29364716E-02	3.21048297E-02
1.08454009E+00	-2.52446518E-01	1.29238022E-02	3.19278233E-02
1.12456361E+00	-7.82639047E-01	1.29112533E-02	3.17525610E-02
8.97587394E-01	-1.32806856E+00	1.28988230E-02	3.15790160E-02
4.13324884E-01	-1.75797975E+00	1.28865096E-02	3.14071619E-02
-2.56934917E-01	-1.95718852E+00	1.28743113E-02	3.12369732E-02
-9.93401772E-01	-1.85381013E+00	1.28622265E-02	3.10684246E-02
-1.65267960E+00	-1.43810302E+00	1.28502535E-02	3.09014915E-02
-2.09909520E+00	-7.67751999E-01	1.28383906E-02	3.07361497E-02
-2.23543059E+00	4.20598165E-02	1.28266364E-02	3.05723754E-02
-2.02598537E+00	8.41966355E-01	1.28149891E-02	3.04101455E-02
-1.50648793E+00	1.48017063E+00	1.28034473E-02	3.02494372E-02
-7.78261222E-01	1.83563584E+00	1.27920095E-02	3.00902282E-02
1.24140621E-02	1.84523795E+00	1.27806742E-02	2.99324966E-02
7.05411902E-01	1.51862339E+00	1.27694400E-02	2.97762210E-02
1.16156688E+00	9.37182739E-01	1.27583053E-02	2.96213802E-02
1.29343789E+00	2.37075815E-01	1.27472689E-02	2.94679538E-02
1.08507765E+00	-4.20165663E-01	1.27363294E-02	2.93159214E-02
5.96220644E-01	-8.83086645E-01	1.27254854E-02	2.91652632E-02
-5.02697472E-02	-1.04399104E+00	1.27147356E-02	2.90159598E-02
-6.95123814E-01	-8.63332882E-01	1.27040787E-02	2.88679920E-02
-1.17779089E+00	-3.79275037E-01	1.26935135E-02	2.87213410E-02
-1.37226258E+00	2.99881225E-01	1.26830386E-02	2.85759886E-02
-1.21565352E+00	1.01890383E+00	1.26726530E-02	2.84319166E-02
-7.23133016E-01	1.60949313E+00	1.26623553E-02	2.82891074E-02
1.42261796E-02	1.92741149E+00	1.26521444E-02	2.81475435E-02
8.48358204E-01	1.88470765E+00	1.26420192E-02	2.80072079E-02
1.60583989E+00	1.46989166E+00	1.26319784E-02	2.78680838E-02
2.12538233E+00	7.51533088E-01	1.26220211E-02	2.77301548E-02
2.29297980E+00	-1.35612884E-01	1.26121460E-02	2.75934047E-02
2.06699684E+00	-1.01900262E+00	1.26023522E-02	2.74578177E-02
1.48765960E+00	-1.72507025E+00	1.25926385E-02	2.73233782E-02
6.68829259E-01	-2.11635379E+00	1.25830039E-02	2.71900709E-02
-2.26180121E-01	-2.12087929E+00	1.25734474E-02	2.70578807E-02
-1.01947708E+00	-1.74739247E+00	1.25639680E-02	2.69267930E-02
-1.55655805E+00	-1.08312935E+00	1.25545646E-02	2.67967931E-02
-1.73909129E+00	-2.74644838E-01	1.25452365E-02	2.66678670E-02
-1.54540074E+00	5.04075078E-01	1.25359824E-02	2.65400005E-02
-1.03424460E+00	1.08922236E+00	1.25268016E-02	2.64131799E-02
-3.31157222E-01	1.36227926E+00	1.25176932E-02	2.62873917E-02
3.99558863E-01	1.27500376E+00	1.25086561E-02	2.61626227E-02
9.90981637E-01	8.58919694E-01	1.24996896E-02	2.60388597E-02
1.30991126E+00	2.17371428E-01	1.24907927E-02	2.59160899E-02
1.28547601E+00	-4.97965026E-01	1.24819645E-02	2.57943008E-02
9.23835862E-01	-1.12083517E+00	1.24732043E-02	2.56734799E-02
3.05920159E-01	-1.50694578E+00	1.24645112E-02	2.55536151E-02
-4.31116281E-01	-1.56527946E+00	1.24558844E-02	2.54346943E-02
-1.12447408E+00	-1.27740527E+00	1.24473231E-02	2.53167058E-02
-1.62149482E+00	-7.00717282E-01	1.24388264E-02	2.51996379E-02
-1.81276380E+00	4.48929205E-02	1.24303936E-02	2.50834794E-02
-1.65533621E+00	8.03785637E-01	1.24220240E-02	2.49682189E-02
-1.18116063E+00	1.41870147E+00	1.24137167E-02	2.48538455E-02
-4.89094155E-01	1.76469853E+00	1.24054711E-02	2.47403482E-02
2.77471129E-01	1.77549042E+00	1.23972863E-02	2.46277166E-02
9.62227026E-01	1.45656931E+00	1.23891618E-02	2.45159400E-02
1.42973172E+00	8.82499546E-01	1.23810967E-02	2.44050081E-02
1.59393159E+00	1.79293489E-01	1.23730904E-02	2.42949107E-02
1.43530139E+00	-5.03957490E-01	1.23651421E-02	2.41856380E-02
1.00311282E+00	-1.02774752E+00	1.23572513E-02	2.40771800E-02
4.02692351E-01	-1.29186205E+00	1.23494173E-02	2.39695270E-02
-2.29160012E-01	-1.25568941E+00	1.23416393E-02	2.38626696E-02
-7.54883086E-01	-9.44929248E-01	1.23339168E-02	2.37565983E-02
-1.06607881E+00	-4.43598936E-01	1.23262490E-02	2.36513040E-02
-1.10608319E+00	1.26480948E-01	1.23186355E-02	2.35467775E-02
-8.80423825E-01	6.33826695E-01	1.23110756E-02	2.34430099E-02
-4.53222707E-01	9.66606396E-01	1.23035686E-02	2.33399924E-02
6.92192012E-02	1.05660255E+00	1.22961140E-02	2.32377163E-02
5.63603572E-01	8.92677630E-01	1.22887111E-02	2.31361732E-02
9.17698301E-01	5.21092310E-01	1.22813595E-02	2.30353545E-02
1.05493626E+00	3.30428771E-02	1.22740585E-02	2.29352520E-02
9.50176564E-01	-4.57367791E-01	1.22668075E-02	2.28358576E-02
6.33408418E-01	-8.39470154E-01	1.22596061E-02	2.27371632E-02
1.80990338E-01	-1.03062634E+00	1.22524536E-02	2.26391610E-02
-3.03163455E-01	-9.93627425E-01	1.22453496E-02	2.25418431E-02
-7.11852139E-01	-7.43239020E-01	1.22382935E-02	2.24452019E-02
-9.58640782E-01	-3.40823721E-01	1.22312847E-02	2.23492299E-02
-9.96272617E-01	1.21292010E-01	1.22243228E-02	2.22539195E-02
-8.25493002E-01	5.41768903E-01	1.22174073E-02	2.21592634E-02
-4.92664775E-01	8.33291250E-01	1.22105376E-02	2.20652545E-02
-7.71747472E-02	9.41402436E-01	1.22037133E-02	2.19718856E-02
3.28068150E-01	8.55015451E-01	1.21969339E-02	2.18791497E-02
6.38281519E-01	6.06545331E-01	1.21901988E-02	2.17870399E-02
7.95533024E-01	2.62083258E-01	1.21835077E-02	2.16955493E-02
7.80342378E-01	-9.56794526E-02	1.21768601E-02	2.16046713E-02
6.13785354E-01	-3.87490993E-01	1.21702555E-02	2.15143993E-02
3.50033601E-01	-5.55733007E-01	1.21636934E-02	2.14247266E-02
6.15088137E-02	-5.76580895E-01	1.21571734E-02	2.13356470E-02
-1.79515169E-01	-4.63526788E-01	1.21506951E-02	2.12471540E-02
-3.18334998E-01	-2.61806104E-01	1.21442580E-02	2.11592414E-02
-3.30140285E-01	-3.54503219E-02	1.21378618E-02	2.10719031E-02
-2.24482279E-01	1.49610911E-01	1.21315059E-02	2.09851329E-02
-4.11214390E-02	2.42147208E-01	1.21251900E-02	2.08989250E-02
1.61403588E-01	2.17891661E-01	1.21189137E-02	2.08132734E-02
3.21419228E-01	8.46241910E-02	1.21126765E-02	2.07281722E-02
3.89973904E-01	-1.20931831E-01	1.21064780E-02	2.06436158E-02
3.42976013E-01	-3.43368145E-01	1.21003180E-02	2.05595985E-02
1.86705721E-01	-5.23240059E-01	1.20941959E-02	2.04761146E-02
-4.44922998E-02	-6.12325372E-01	1.20881114E-02	2.03931588E-02
-2.97557817E-01	-5.85653282E-01	1.20820641E-02	2.03107255E-02
-5.14590143E-01	-4.47351975E-01	1.20760537E-02	2.02288095E-02
-6.47651455E-01	-2.28968059E-01	1.20700797E-02	2.01474054E-02
-6.70730363E-01	1.91761934E-02	1.20641418E-02	2.00665080E-02
-5.85869660E-01	2.41277538E-01	1.20582397E-02	1.99861122E-02
-4.21973661E-01	3.90542665E-01	1.20523730E-02	1.99062129E-02
-2.26679011E-01	4.41151204E-01	1.20465414E-02	1.98268051E-02
-5.34310951E-02	3.94635457E-01	1.20407444E-02	1.97478839E-02
5.28811852E-02	2.79055529E-01	1.20349819E-02	1.96694445E-02
6.80167234E-02	1.41187702E-01	1.20292533E-02	1.95914819E-02
-4.94125448E-03	3.37283198E-02	1.20235585E-02	1.95139915E-02
-1.36094568E-01	7.98745085E-04	1.20178970E-02	1.94369686E-02
-2.76372134E-01	6.54962317E-02	1.20122686E-02	1.93604085E-02
-3.70426965E-01	2.22751107E-01	1.20066729E-02	1.92843068E-02
-3.71543274E-01	4.39437136E-01	1.20011097E-02	1.92086589E-02
-2.54745960E-01	6.61861028E-01	1.19955785E-02	1.91334603E-02
-2.46959832E-02	8.28879876E-01	1.19900792E-02	1.90587068E-02
2.83786119E-01	8.87431625E-01	1.19846113E-02	1.89843940E-02
6.12903514E-01	8.06585432E-01	1.19791747E-02	1.89105175E-02
8.95169021E-01	5.86506995E-01	1.19737690E-02	1.88370733E-02
1.06961663E+00	2.59931525E-01	1.19683938E-02	1.87640570E-02
1.09695273E+00	-1.14439830E-01	1.19630491E-02	1.86914648E-02
9.69830835E-01	-4.65198511E-01	1.19577343E-02	1.86192923E-02
7.15556778E-01	-7.25026932E-01	1.19524493E-02	1.85475358E-02
3.90347400E-01	-8.46965718E-01	1.19471939E-02	1.84761912E-02
6.63381705E-02	-8.16110844E-01	1.19419676E-02	1.84052546E-02
-1.85641810E-01	-6.53733034E-01	1.19367703E-02	1.83347221E-02
-3.13390291E-01	-4.12608290E-01	1.19316016E-02	1.82645901E-02
-2.96485326E-01	-1.64483831E-01	1.19264614E-02	1.81948546E-02
-1.51928992E-01	1.74392142E-02	1.19213493E-02	1.81255120E-02
6.92998855E-02	7.68302605E-02	1.19162651E-02	1.80565586E-02
2.94175587E-01	-1.11164593E-02	1.19112086E-02	1.79879909E-02
4.45338153E-01	-2.32387516E-01	1.19061794E-02	1.79198052E-02
4.60409295E-01	-5.36198110E-01	1.19011774E-02	1.78519979E-02
3.08238352E-01	-8.46134288E-01	1.18962023E-02	1.77845657E-02
-1.96114161E-03	-1.07792162E+00	1.18912539E-02	1.77175051E-02
-4.20993177E-01	-1.15968335E+00	1.18863319E-02	1.76508126E-02
-8.69737158E-01	-1.04985040E+00	1.18814360E-02	1.75844850E-02
-1.25670264E+00	-7.48342881E-01	1.18765661E-02	1.75185188E-02
-1.49904365E+00	-2.98170186E-01	1.18717220E-02	1.74529108E-02
-1.54207577E+00	2.23156437E-01	1.18669033E-02	1.73876577E-02
-1.37259766E+00	7.20567460E-01	1.18621099E-02	1.73227565E-02
-1.02271410E+00	1.10286208E+00	1.18573415E-02	1.72582038E-02
-5.63073089E-01	1.30359906E+00	1.18525979E-02	1.71939965E-02
-8.69449775E-02	1.29647136E+00	1.18478790E-02	1.71301317E-02
3.11213003E-01	1.10142060E+00	1.18431844E-02	1.70666061E-02
5.57686036E-01	7.79901989E-01	1.18385140E-02	1.70034169E-02
6.16709057E-01	4.20280654E-01	1.18338676E-02	1.69405610E-02
4.98788656E-01	1.16714609E-01	1.18292449E-02	1.68780354E-02
2.58042283E-01	-5.35144071E-02	1.18246458E-02	1.68158373E-02
-2.09435532E-02	-4.88210734E-02	1.18200701E-02	1.67539638E-02
-2.43718924E-01	1.26265207E-01	1.18155175E-02	1.66924120E-02
-3.29195905E-01	4.21685356E-01	1.18109878E-02	1.66311792E-02
-2.29959481E-01	7.53439734E-01	1.18064809E-02	1.65702625E-02
5.52432691E-02	1.02354741E+00	1.18019966E-02	1.65096591E-02
4.79932254E-01	1.14370526E+00	1.17975346E-02	1.64493665E-02
9.59764104E-01	1.05703418E+00	1.17930948E-02	1.63893818E-02
1.39163598E+00	7.52690344E-01	1.17886770E-02	1.63297025E-02
1.67758570E+00	2.69763693E-01	1.17842810E-02	1.62703259E-02
1.74785684E+00	-3.10596647E-01	1.17799066E-02	1.62112494E-02
1.57763780E+00	-8.83094100E-01	1.17755537E-02	1.61524704E-02
1.19343693E+00	-1.34208945E+00	1.17712220E-02	1.60939865E-02
6.67485745E-01	-1.60571354E+00	1.17669115E-02	1.60357951E-02
1.01397157E-01	-1.63458189E+00	1.17626218E-02	1.59778937E-02
-3.97129817E-01	-1.44064398E+00	1.17583529E-02	1.59202799E-02
-7.39086130E-01	-1.08401297E+00	1.17541045E-02	1.58629512E-02
-8.74548107E-01	-6.58465237E-01	1.17498766E-02	1.58059053E-02
-8.03835638E-01	-2.68997402E-01	1.17456688E-02	1.57491398E-02
-5.76745204E-01	-6.73799848E-03	1.17414812E-02	1.56926523E-02
-2.79992132E-01	7.28298888E-02	1.17373134E-02	1.56364405E-02
-1.58035386E-02	-3.68656787E-02	1.17331653E-02	1.55805021E-02
1.23274277E-01	-2.91933777E-01	1.17290369E-02	1.55248349E-02
7.73621785E-02	-6.08613666E-01	1.17249278E-02	1.54694366E-02
-1.65470227E-01	-8.83555280E-01	1.17208380E-02	1.54143050E-02
-5.65322690E-01	-1.01901250E+00	1.17167674E-02	1.53594379E-02
-1.03898716E+00	-9.46981771E-01	1.17127156E-02	1.53048331E-02
-1.47894072E+00	-6.46538041E-01	1.17086827E-02	1.52504885E-02
-1.77838232E+00	-1.50203927E-01	1.17046684E-02	1.51964019E-02
-1.85643546E+00	4.62236354E-01	1.17006726E-02	1.51425713E-02
-1.67757429E+00	1.08110761E+00	1.16966951E-02	1.50889946E-02
-1.26066932E+00	1.59138577E+00	1.16927359E-02	1.50356696E-02
-6.75476589E-01	1.89869764E+00	1.16887947E-02	1.49825945E-02
-2.73372562E-02	1.95070690E+00	1.16848715E-02	1.49297671E-02
5.66380139E-01	1.74888515E+00	1.16809660E-02	1.48771854E-02
1.00262591E+00	1.34791090E+00	1.16770781E-02	1.48248476E-02
1.21568156E+00	8.42829023E-01	1.16732078E-02	1.47727516E-02
1.19149558E+00	3.46959188E-01	1.16693548E-02	1.47208956E-02
9.70027491E-01	-3.43063050E-02	1.16655190E-02	1.46692775E-02
6.35080789E-01	-2.27726191E-01	1.16617003E-02	1.46178956E-02
2.94015058E-01	-2.08840007E-01	1.16578986E-02	1.45667479E-02
5.20701628E-02	-7.16642882E-03	1.16541137E-02	1.45158326E-02
-1.27299958E-02	3.01205343E-01	1.16503455E-02	1.44651478E-02
1.31718301E-01	6.11884543E-01	1.16465938E-02	1.44146919E-02
4.63599811E-01	8.17058997E-01	1.16428586E-02	1.43644628E-02
9.11714129E-01	8.31230717E-01	1.16391397E-02	1.43144590E-02
1.37147813E+00	6.11880573E-01	1.16354370E-02	1.42646786E-02
1.72870752E+00	1.70328522E-01	1.16317504E-02	1.42151198E-02
1.88572885E+00	-4.29675487E-01	1.16280796E-02	1.41657811E-02
1.78387575E+00	-1.08528224E+00	1.16244248E-02	1.41166606E-02
1.41728542E+00	-1.67674140E+00	1.16207856E-02	1.40677566E-02
8.34921195E-01	-2.09342856E+00	1.16171620E-02	1.40190676E-02
1.30430303E-01	-2.25784304E+00	1.16135538E-02	1.39705918E-02
-5.77814802E-01	-2.14223196E+00	1.16099610E-02	1.39223276E-02
-1.17196967E+00	-1.77420738E+00	1.16063835E-02	1.38742734E-02
-1.55961635E+00	-1.23022557E+00	1.16028210E-02	1.38264276E-02
-1.69281290E+00	-6.18515192E-01	1.15992735E-02	1.37787887E-02
-1.57717819E+00	-5.53595140E-02	1.15957410E-02	1.37313549E-02
-1.26916715E+00	3.59952613E-01	1.15922232E-02	1.36841248E-02
-8.62329574E-01	5.65988417E-01	1.15887201E-02	1.36370968E-02
-4.65757117E-01	5.51347626E-01	1.15852315E-02	1.35902695E-02
-1.79578759E-01	3.55647921E-01	1.15817574E-02	1.35436412E-02
-7.29161397E-02	5.93145529E-02	1.15782977E-02	1.34972106E-02
-1.69063025E-01	-2.35384223E-01	1.15748522E-02	1.34509760E-02
-4.40979153E-01	-4.27757659E-01	1.15714208E-02	1.34049362E-02
-8.17881283E-01	-4.41394922E-01	1.15680035E-02	1.33590895E-02
-1.20129358E+00	-2.41244808E-01	1.15646000E-02	1.33134346E-02
-1.48691471E+00	1.58507557E-01	1.15612105E-02	1.32679700E-02
-1.58749254E+00	6.97285546E-01	1.15578346E-02	1.32226943E-02
-1.45179584E+00	1.28087344E+00	1.15544724E-02	1.31776062E-02
-1.07572510E+00	1.80116926E+00	1.15511236E-02	1.31327042E-02
-5.03374261E-01	2.15861797E+00	1.15477884E-02	1.30879870E-02
1.81963246E-01	2.28255168E+00	1.15444664E-02	1.30434532E-02
8.74733989E-01	2.14523432E+00	1.15411577E-02	1.29991015E-02
1.46829486E+00	1.76684663E+00	1.15378622E-02	1.29549306E-02
1.87582677E+00	1.21061913E+00	1.15345796E-02	1.29109390E-02
2.04669604E+00	5.69391999E-01	1.15313101E-02	1.28671256E-02
1.97504799E+00	-5.33861071E-02	1.15280534E-02	1.28234890E-02
1.69912608E+00	-5.64162227E-01	1.15248095E-02	1.27800280E-02
1.29176839E+00	-8.97059506E-01	1.15215782E-02	1.27367412E-02
8.44324545E-01	-1.02541655E+00	1.15183595E-02	1.26936275E-02
4.47498273E-01	-9.64973174E-01	1.15151534E-02	1.26506855E-02
1.73114316E-01	-7.68372554E-01	1.15119596E-02	1.26079141E-02
6.04656739E-02	-5.12428021E-01	1.15087782E-02	1.25653120E-02
1.09823204E-01	-2.81012868E-01	1.15056090E-02	1.25228780E-02
2.84136204E-01	-1.47201567E-01	1.15024520E-02	1.24806109E-02
5.18257420E-01	-1.58292510E-01	1.14993070E-02	1.24385095E-02
7.33539935E-01	-3.26610405E-01	1.14961740E-02	1.23965726E-02
8.54668044E-01	-6.27703541E-01	1.14930529E-02	1.23547992E-02
8.25274716E-01	-1.00600304E+00	1.14899436E-02	1.23131879E-02
6.19293604E-01	-1.38652342E+00	1.14868461E-02	1.22717377E-02
2.45978342E-01	-1.69005216E+00	1.14837602E-02	1.22304475E-02
-2.52132491E-01	-1.84870924E+00	1.14806859E-02	1.21893160E-02
-8.07608683E-01	-1.81883745E+00	1.14776230E-02	1.21483423E-02
-1.34098079E+00	-1.58885887E+00	1.14745716E-02	1.21075251E-02
-1.77539029E+00	-1.18083274E+00	1.14715315E-02	1.20668635E-02
-2.05017875E+00	-6.45730842E-01	1.14685027E-02	1.20263562E-02
-2.13092683E+00	-5.36446171E-02	1.14654850E-02	1.19860023E-02
-2.01428018E+00	5.18976953E-01	1.14624785E-02	1.19458007E-02
-1.72698670E+00	1.00253868E+00	1.14594829E-02	1.19057503E-02
-1.31968762E+00	1.34552999E+00	1.14564984E-02	1.18658500E-02
-8.56932909E-01	1.52188836E+00	1.14535247E-02	1.18260989E-02
-4.05467261E-01	1.53346069E+00	1.14505618E-02	1.17864959E-02
-2.29771973E-02	1.40749695E+00	1.14476096E-02	1.17470400E-02
2.50781435E-01	1.19000084E+00	1.14446681E-02	1.17077302E-02
3.99148580E-01	9.36412885E-01	1.14417371E-02	1.16685654E-02
4.29455433E-01	7.01419200E-01	1.14388167E-02	1.16295448E-02
3.69862650E-01	5.29646761E-01	1.14359067E-02	1.15906672E-02
2.62996292E-01	4.48678063E-01	1.14330071E-02	1.15519317E-02
1.57653133E-01	4.65296831E-01	1.14301178E-02	1.15133375E-02
1.00003677E-01	5.65284587E-01	1.14272388E-02	1.14748834E-02
1.25640171E-01	7.16535815E-01	1.14243699E-02	1.14365686E-02
2.53559473E-01	8.74825551E-01	1.14215111E-02	1.13983921E-02
4.82814117E-01	9.91283114E-01	1.14186623E-02	1.13603530E-02
7.92179461E-01	1.02049664E+00	1.14158235E-02	1.13224503E-02
1.14281853E+00	9.28167965E-01	1.14129946E-02	1.12846832E-02
1.48360056E+00	6.97323196E-01	1.14101755E-02	1.12470507E-02
1.75844596E+00	3.32237013E-01	1.14073662E-02	1.12095520E-02
1.91482551E+00	-1.40556696E-01	1.14045666E-02	1.11721861E-02
1.91234070E+00	-6.74511422E-01	1.14017767E-02	1.11349521E-02
1.73018033E+00	-1.20855067E+00	1.13989963E-02	1.10978492E-02
1.37223169E+00	-1.67532488E+00	1.13962254E-02	1.10608766E-02
8.68775453E-01	-2.01129954E+00	1.13934640E-02	1.10240332E-02
2.74052974E-01	-2.16728118E+00	1.13907120E-02	1.09873184E-02
-3.40433599E-01	-2.11767189E+00	1.13879693E-02	1.09507312E-02
-8.96295981E-01	-1.86667054E+00	1.13852358E-02	1.09142708E-02
-1.32093715E+00	-1.44989888E+00	1.13825116E-02	1.08779364E-02
-1.56049332E+00	-9.30551053E-01	1.13797966E-02	1.08417271E-02
-1.59062624E+00	-3.90095075E-01	1.13770906E-02	1.08056421E-02
-1.42281489E+00	8.53514063E-02	1.13743936E-02	1.07696806E-02
-1.10437110E+00	4.20804521E-01	1.13717056E-02	1.07338418E-02
-7.11455861E-01	5.67445408E-01	1.13690266E-02	1.06981249E-02
-3.35742030E-01	5.13763006E-01	1.13663564E-02	1.06625291E-02
-6.67925531E-02	2.90102083E-01	1.13636950E-02	1.06270536E-02
2.66174146E-02	-3.50062206E-02	1.13610423E-02	1.05916977E-02
-8.75869634E-02	-3.66773976E-01	1.13583984E-02	1.05564605E-02
-3.95271173E-01	-6.02609311E-01	1.13557630E-02	1.05213413E-02
-8.35610584E-01	-6.53759576E-01	1.13531363E-02	1.04863394E-02
-1.31055469E+00	-4.65786130E-01	1.13505180E-02	1.04514539E-02
-1.70306476E+00	-3.33539139E-02	1.13479083E-02	1.04166841E-02
-1.90092264E+00	5.94344699E-01	1.13453069E-02	1.03820294E-02
-1.82140525E+00	1.31947437E+00	1.13427139E-02	1.03474889E-02
-1.43153688E+00	2.01236508E+00	1.13401293E-02	1.03130619E-02
-7.59184647E-01	2.53642220E+00	1.13375528E-02	1.02787477E-02
1.08078558E-01	2.77631571E+00	1.13349846E-02	1.02445455E-02
1.03694388E+00	2.66355340E+00	1.13324246E-02	1.02104548E-02
1.87297987E+00	2.19371442E+00	1.13298726E-02	1.01764747E-02
2.47120941E+00	1.43108548E+00	1.13273287E-02	1.01426045E-02
2.72636574E+00	4.98957977E-01	1.13247928E-02	1.01088436E-02
2.59624746E+00	-4.43094870E-01	1.13222649E-02	1.00751913E-02
2.11275322E+00	-1.23069763E+00	1.13197449E-02	1.00416468E-02
1.37761383E+00	-1.72849472E+00	1.13172327E-02	1.00082096E-02
5.43070434E-01	-1.85907341E+00	1.13147283E-02	9.97487888E-03
-2.18921218E-01	-1.62049813E+00	1.13122317E-02	9.94165402E-03
-7.52696963E-01	-1.08820404E+00	1.13097427E-02	9.90853436E-03
-9.52439806E-01	-4.00280359E-01	1.13072615E-02	9.87551924E-03
-7.85881624E-01	2.71195773E-01	1.13047878E-02	9.84260800E-03
-3.02668637E-01	7.56943008E-01	1.13023218E-02	9.80980000E-03
3.74880642E-01	9.27567083E-01	1.12998632E-02	9.77709460E-03
1.07707565E+00	7.22850884E-01	1.12974121E-02	9.74449114E-03
1.62307542E+00	1.66636070E-01	1.12949685E-02	9.71198902E-03
1.86035614E+00	-6.36295561E-01	1.12925322E-02	9.67958759E-03
1.69885882E+00	-1.52104303E+00	1.12901032E-02	9.64728623E-03
1.13224965E+00	-2.29690242E+00	1.12876816E-02	9.61508432E-03
2.41427684E-01	-2.78792236E+00	1.12852672E-02	9.58298125E-03
-8.20755105E-01	-2.87095550E+00	1.12828600E-02	9.55097642E-03
-1.86047996E+00	-2.50289714E+00	1.12804600E-02	9.51906921E-03
-2.68309129E+00	-1.73108627E+00	1.12780671E-02	9.48725904E-03
-3.13374926E+00	-6.84486240E-01	1.12756812E-02	9.45554529E-03
-3.12982147E+00	4.52543311E-01	1.12733024E-02	9.42392739E-03
-2.67801096E+00	1.47826051E+00	1.12709306E-02	9.39240475E-03
-1.87254892E+00	2.21514532E+00	1.12685657E-02	9.36097678E-03
-8.74918439E-01	2.54613674E+00	1.12662078E-02	9.32964292E-03
1.20406023E-01	2.43776451E+00	1.12638567E-02	9.29840258E-03
9.26715326E-01	1.94535110E+00	1.12615124E-02	9.26725519E-03
1.40350409E+00	1.19940858E+00	1.12591749E-02	9.23620021E-03
1.48440411E+00	3.76446804E-01	1.12568441E-02	9.20523705E-03
1.18884237E+00	-3.39267440E-01	1.12545200E-02	9.17436518E-03
6.15291420E-01	-7.94633277E-01	1.12522026E-02	9.14358404E-03
-8.19920099E-02	-8.98998431E-01	1.12498918E-02	9.11289308E-03
-7.27329288E-01	-6.41345469E-01	1.12475876E-02	9.08229175E-03
-1.16143732E+00	-9.01513443E-02	1.12452900E-02	9.05177953E-03
-1.27455908E+00	6.23478289E-01	1.12429988E-02	9.02135586E-03
-1.02806114E+00	1.33522952E+00	1.12407141E-02	8.99102024E-03
-4.60389304E-01	1.88285917E+00	1.12384358E-02	8.96077211E-03
3.23210965E-01	2.13967099E+00	1.12361640E-02	8.93061098E-03
1.17431869E+00	2.03926777E+00	1.12338984E-02	8.90053630E-03
1.93273155E+00	1.58685965E+00	1.12316392E-02	8.87054757E-03
2.45872049E+00	8.55508438E-01	1.12293863E-02	8.84064428E-03
2.65946752E+00	-3.10462216E-02	1.12271395E-02	8.81082592E-03
2.50465982E+00	-9.24631247E-01	1.12248990E-02	8.78109198E-03
2.02882541E+00	-1.68202469E+00	1.12226647E-02	8.75144196E-03
1.32092417E+00	-2.19135288E+00	1.12204365E-02	8.72187537E-03
5.04287061E-01	-2.39049469E+00	1.12182144E-02	8.69239172E-03
-2.88310941E-01	-2.27456963E+00	1.12159983E-02	8.66299050E-03
-9.39140026E-01	-1.89208351E+00	1.12137883E-02	8.63367125E-03
-1.36491357E+00	-1.33162709E+00	1.12115842E-02	8.60443346E-03
-1.52799021E+00	-7.02680861E-01	1.12093861E-02	8.57527667E-03
-1.43827340E+00	-1.14787765E-01	1.12071939E-02	8.54620041E-03
-1.14665128E+00	3.40914715E-01	1.12050076E-02	8.51720418E-03
-7.32296976E-01	6.04859144E-01	1.12028272E-02	8.48828754E-03
-2.86903784E-01	6.55434003E-01	1.12006526E-02	8.45945001E-03
1.01078647E-01	5.08601332E-01	1.11984837E-02	8.43069112E-03
3.59756809E-01	2.11921867E-01	1.11963206E-02	8.40201043E-03
4.43148561E-01	-1.65186690E-01	1.11941632E-02	8.37340748E-03
3.36039892E-01	-5.43016811E-01	1.11920115E-02	8.34488180E-03
5.45433867E-02	-8.43306824E-01	1.11898655E-02	8.31643296E-03
-3.57039705E-01	-9.99952447E-01	1.11877250E-02	8.28806050E-03
-8.32361555E-01	-9.67923357E-01	1.11855902E-02	8.25976399E-03
-1.29156158E+00	-7.29848101E-01	1.11834609E-02	8.23154298E-03
-1.65164314E+00	-2.99754107E-01	1.11813371E-02	8.20339704E-03
-1.83803966E+00	2.76637838E-01	1.11792188E-02	8.17532573E-03
-1.79639359E+00	9.25686267E-01	1.11771060E-02	8.14732862E-03
-1.50310796E+00	1.55406450E+00	1.11749985E-02	8.11940528E-03
-9.72818766E-01	2.06127840E+00	1.11728965E-02	8.09155530E-03
-2.60817138E-01	2.35539148E+00	1.11707999E-02	8.06377824E-03
5.41171926E-01	2.36985279E+00	1.11687086E-02	8.03607369E-03
1.31648992E+00	2.07845458E+00	1.11666226E-02	8.00844124E-03
1.94152086E+00	1.50507043E+00	1.11645418E-02	7.98088046E-03
2.30769855E+00	7.25198695E-01	1.11624663E-02	7.95339095E-03
2.34366816E+00	-1.42448549E-01	1.11603961E-02	7.92597230E-03
2.03294140E+00	-9.54152484E-01	1.11583310E-02	7.89862411E-03
1.42258901E+00	-1.56677476E+00	1.11562710E-02	7.87134597E-03
6.19839430E-01	-1.86623852E+00	1.11542162E-02	7.84413748E-03
-2.24253348E-01	-1.79309236E+00	1.11521665E-02	7.81699826E-03
-9.42074456E-01	-1.35921784E+00	1.11501218E-02	7.78992790E-03
-1.38290083E+00	-6.51009086E-01	1.11480822E-02	7.76292601E-03
-1.44582857E+00	1.83111841E-01	1.11460476E-02	7.73599221E-03
-1.10484586E+00	9.59644944E-01	1.11440180E-02	7.70912610E-03
-4.19760308E-01	1.49681185E+00	1.11419934E-02	7.68232731E-03
4.70693907E-01	1.65390514E+00	1.11399736E-02	7.65559546E-03
1.37352288E+00	1.36465123E+00	1.11379588E-02	7.62893016E-03
2.07982535E+00	6.56689108E-01	1.11359489E-02	7.60233104E-03
2.40931098E+00	-3.48210356E-01	1.11339437E-02	7.57579773E-03
2.25150316E+00	-1.45459581E+00	1.11319434E-02	7.54932986E-03
1.59422586E+00	-2.43128725E+00	1.11299479E-02	7.52292705E-03
5.32224415E-01	-3.05948783E+00	1.11279572E-02	7.49658895E-03
-7.47190528E-01	-3.18095885E+00	1.11259712E-02	7.47031519E-03
-1.99958588E+00	-2.73554903E+00	1.11239899E-02	7.44410540E-03
-2.97318790E+00	-1.77917214E+00	1.11220133E-02	7.41795923E-03
-3.46267436E+00	-4.77261198E-01	1.11200414E-02	7.39187633E-03
-3.35523872E+00	9.26004290E-01	1.11180740E-02	7.36585634E-03
-2.65838214E+00	2.15694826E+00	1.11161113E-02	7.33989890E-03
-1.50253164E+00	2.96998384E+00	1.11141532E-02	7.31400367E-03
-1.16944075E-01	3.20111782E+00	1.11121996E-02	7.28817031E-03
1.21672487E+00	2.80540390E+00	1.11102506E-02	7.26239846E-03
2.22366162E+00	1.86954541E+00	1.11083061E-02	7.23668778E-03
2.69525156E+00	5.96113578E-01	1.11063660E-02	7.21103794E-03
2.53545205E+00	-7.37924272E-01	1.11044304E-02	7.18544859E-03
1.78361586E+00	-1.83986952E+00	1.11024993E-02	7.15991941E-03
6.08178802E-01	-2.46460667E+00	1.11005725E-02	7.13445004E-03
-7.28016501E-01	-2.46869791E+00	1.10986502E-02	7.10904018E-03
-1.92366036E+00	-1.84314731E+00	1.10967322E-02	7.08368948E-03
-2.70421457E+00	-7.17236543E-01	1.10948185E-02	7.05839761E-03
-2.88221296E+00	6.67866340E-01	1.10929091E-02	7.03316426E-03
-2.39926696E+00	2.01032925E+00	1.10910041E-02	7.00798909E-03
-1.34030188E+00	3.01272898E+00	1.10891032E-02	6.98287180E-03
8.33989144E-02	3.44679476E+00	1.10872067E-02	6.95781205E-03
1.57888253E+00	3.20357787E+00	1.10853143E-02	6.93280953E-03
2.83431646E+00	2.31791940E+00	1.10834262E-02	6.90786393E-03
3.58618223E+00	9.61710909E-01	1.10815422E-02	6.88297493E-03
3.67614219E+00	-5.92675183E-01	1.10796624E-02	6.85814222E-03
3.08509608E+00	-2.03081002E+00	1.10777866E-02	6.83336550E-03
1.93697660E+00	-3.06367699E+00	1.10759150E-02	6.80864445E-03
4.71524890E-01	-3.48939211E+00	1.10740475E-02	6.78397877E-03
-1.00786405E+00	-3.23569658E+00	1.10721841E-02	6.75936815E-03
-2.19966506E+00	-2.37404872E+00	1.10703246E-02	6.73481231E-03
-2.86868295E+00	-1.10246671E+00	1.10684692E-02	6.71031092E-03
-2.89537283E+00	2.98813354E-01	1.10666178E-02	6.68586370E-03
-2.29942505E+00	1.52884943E+00	1.10647703E-02	6.66147036E-03
-1.23281878E+00	2.33099762E+00	1.10629268E-02	6.63713059E-03
5.56581113E-02	2.54715056E+00	1.10610873E-02	6.61284410E-03
1.27616868E+00	2.14954779E+00	1.10592516E-02	6.58861061E-03
2.16128758E+00	1.24364160E+00	1.10574198E-02	6.56442982E-03
2.52312959E+00	4.20067395E-02	1.10555919E-02	6.54030146E-03
2.29180543E+00	-1.18433536E+00	1.10537679E-02	6.51622522E-03
1.52726450E+00	-2.16597479E+00	1.10519476E-02	6.49220083E-03
4.02649975E-01	-2.69311991E+00	1.10501312E-02	6.46822801E-03
-8.36375018E-01	-2.65893216E+00	1.10483185E-02	6.44430648E-03
-1.92669908E+00	-2.07916882E+00	1.10465096E-02	6.42043595E-03
-2.64472128E+00	-1.08462085E+00	1.10447045E-02	6.39661616E-03
-2.85268207E+00	1.11045851E-01	1.10429030E-02	6.37284683E-03
-2.52463884E+00	1.26009622E+00	1.10411053E-02	6.34912767E-03
-1.74722075E+00	2.13484834E+00	1.10393112E-02	6.32545843E-03
-6.96067919E-01	2.57505602E+00	1.10375208E-02	6.30183883E-03
4.05796709E-01	2.51849557E+00	1.10357341E-02	6.27826860E-03
1.33769076E+00	2.00887040E+00	1.10339509E-02	6.25474748E-03
1.92779509E+00	1.18045682E+00	1.10321714E-02	6.23127520E-03
2.08645517E+00	2.24109319E-01	1.10303955E-02	6.20785149E-03
1.81971167E+00	-6.56852348E-01	1.10286231E-02	6.18447610E-03
1.22128396E+00	-1.29057128E+00	1.10268542E-02	6.16114876E-03
4.46149757E-01	-1.57074074E+00	1.10250889E-02	6.13786922E-03
-3.27206276E-01	-1.47399837E+00	1.10233271E-02	6.11463721E-03
-9.36717168E-01	-1.05797528E+00	1.10215688E-02	6.09145248E-03
-1.26981316E+00	-4.41894412E-01	1.10198139E-02	6.06831478E-03
-1.28284139E+00	2.24570767E-01	1.10180625E-02	6.04522386E-03
-1.00363982E+00	7.96229183E-01	1.10163146E-02	6.02217945E-03
-5.18190468E-01	1.16291759E+00	1.10145700E-02	5.99918131E-03
5.41331353E-02	1.26917961E+00	1.10128289E-02	5.97622920E-03
5.89962817E-01	1.11969537E+00	1.10110911E-02	5.95332286E-03
9.88757875E-01	7.70729092E-01	1.10093567E-02	5.93046204E-03
1.19114809E+00	3.11141772E-01	1.10076256E-02	5.90764652E-03
1.18552770E+00	-1.61350920E-01	1.10058978E-02	5.88487603E-03
1.00283228E+00	-5.62452561E-01	1.10041733E-02	5.86215034E-03
7.02352703E-01	-8.36929321E-01	1.10024522E-02	5.83946921E-03
3.53360730E-01	-9.64731582E-01	1.10007343E-02	5.81683241E-03
1.78208586E-02	-9.57503063E-01	1.09990196E-02	5.79423968E-03
-2.61480202E-01	-8.47939845E-01	1.09973082E-02	5.77169080E-03
-4.65080103E-01	-6.76102669E-01	1.09956000E-02	5.74918554E-03
-5.93433931E-01	-4.77132770E-01	1.09938950E-02	5.72672365E-03
-6.58332362E-01	-2.73865189E-01	1.09921932E-02	5.70430490E-03
-6.72852011E-01	-7.59259548E-02	1.09904946E-02	5.68192907E-03
-6.43655663E-01	1.15355329E-01	1.09887991E-02	5.65959593E-03
-5.68372950E-01	2.98806182E-01	1.09871067E-02	5.63730524E-03
-4.38872165E-01	4.65652572E-01	1.09854175E-02	5.61505678E-03
-2.49082643E-01	5.95570764E-01	1.09837313E-02	5.59285033E-03
-4.30918368E-03	6.58665584E-01	1.09820482E-02	5.57068565E-03
2.71766063E-01	6.23436388E-01	1.09803682E-02	5.54856253E-03
5.35716286E-01	4.68617757E-01	1.09786913E-02	5.52648075E-03
7.30350162E-01	1.95158950E-01	1.09770174E-02	5.50444008E-03
7.97456290E-01	-1.65936425E-01	1.09753465E-02	5.48244030E-03
6.94405922E-01	-5.53419282E-01	1.09736786E-02	5.46048119E-03
4.10058436E-01	-8.84820747E-01	1.09720137E-02	5.43856255E-03
-2.50200451E-02	-1.07364169E+00	1.09703517E-02	5.41668414E-03
-5.38008641E-01	-1.05106593E+00	1.09686927E-02	5.39484576E-03
-1.02466408E+00	-7.86754208E-01	1.09670367E-02	5.37304720E-03
-1.37024163E+00	-3.02836781E-01	1.09653835E-02	5.35128824E-03
-1.47626338E+00	3.23616276E-01	1.09637333E-02	5.32956866E-03
-1.28681434E+00	9.71791901E-01	1.09620860E-02	5.30788827E-03
-8.07477146E-01	1.50073864E+00	1.09604415E-02	5.28624684E-03
-1.11229570E-01	1.78073488E+00	1.09587999E-02	5.26464418E-03
6.71557162E-01	1.72531239E+00	1.09571612E-02	5.24308007E-03
1.37808569E+00	1.31599975E+00	1.09555252E-02	5.22155431E-03
1.84826851E+00	6.12994949E-01	1.09538921E-02	5.20006670E-03
1.96229508E+00	-2.52063806E-01	1.09522618E-02	5.17861702E-03
1.67168660E+00	-1.10091752E+00	1.09506343E-02	5.15720509E-03
1.01584124E+00	-1.74643241E+00	1.09490095E-02	5.13583069E-03
1.19065287E-01	-2.03512629E+00	1.09473875E-02	5.11449363E-03
-8.32501019E-01	-1.88463729E+00	1.09457683E-02	5.09319371E-03
-1.62983484E+00	-1.30691410E+00	1.09441517E-02	5.07193073E-03
-2.08757267E+00	-4.10805358E-01	1.09425379E-02	5.05070449E-03
-2.08759095E+00	6.17691073E-01	1.09409268E-02	5.02951480E-03
-1.60924126E+00	1.55402683E+00	1.09393183E-02	5.00836146E-03
-7.38525205E-01	2.18441994E+00	1.09377126E-02	4.98724427E-03
3.46872055E-01	2.35486291E+00	1.09361094E-02	4.96616305E-03
1.41421188E+00	2.00840732E+00	1.09345090E-02	4.94511760E-03
2.22633177E+00	1.20162026E+00	1.09329111E-02	4.92410774E-03
2.59505392E+00	9.56583910E-02	1.09313158E-02	4.90313326E-03
2.42512670E+00	-1.07681515E+00	1.09297232E-02	4.88219399E-03
1.73828255E+00	-2.06197519E+00	1.09281331E-02	4.86128973E-03
6.71326411E-01	-2.64133309E+00	1.09265456E-02	4.84042029E-03
-5.51957942E-01	-2.68156548E+00	1.09249607E-02	4.81958550E-03
-1.66923310E+00	-2.16609410E+00	1.09233783E-02	4.79878516E-03
-2.43768524E+00	-1.20081537E+00	1.09217984E-02	4.77801909E-03
-2.68864274E+00	7.79204432E-03	1.09202210E-02	4.75728711E-03
-2.36620538E+00	1.19761052E+00	1.09186462E-02	4.73658903E-03
-1.54085692E+00	2.10892870E+00	1.09170738E-02	4.71592468E-03
-3.94680059E-01	2.54250241E+00	1.09155039E-02	4.69529387E-03
8.18712711E-01	2.40440822E+00	1.09139365E-02	4.67469642E-03
1.83058663E+00	1.72739276E+00	1.09123715E-02	4.65413216E-03
2.41708160E+00	6.63752631E-01	1.09108089E-02	4.63360090E-03
2.44917530E+00	-5.48712663E-01	1.09092488E-02	4.61310247E-03
1.92126128E+00	-1.63995893E+00	1.09076911E-02	4.59263670E-03
9.51888152E-01	-2.36805208E+00	1.09061358E-02	4.57220340E-03
-2.43409346E-01	-2.57290531E+00	1.09045828E-02	4.55180241E-03
-1.40087227E+00	-2.21125364E+00	1.09030322E-02	4.53143354E-03
-2.26765765E+00	-1.36508510E+00	1.09014840E-02	4.51109664E-03
-2.65786068E+00	-2.21878151E-01	1.08999381E-02	4.49079152E-03
-2.49277163E+00	9.68545140E-01	1.08983946E-02	4.47051801E-03
-1.81647630E+00	1.95045610E+00	1.08968534E-02	4.45027595E-03
-7.83668302E-01	2.51895962E+00	1.08953145E-02	4.43006516E-03
3.77059187E-01	2.56419254E+00	1.08937778E-02	4.40988548E-03
1.41563177E+00	2.09323679E+00	1.08922435E-02	4.38973674E-03
2.11640194E+00	1.22529501E+00	1.08907114E-02	4.36961877E-03
2.34480404E+00	1.61889243E-01	1.08891816E-02	4.34953141E-03
2.07444280E+00	-8.60488593E-01	1.08876540E-02	4.32947448E-03
1.38905552E+00	-1.62402859E+00	1.08861287E-02	4.30944783E-03
4.59701408E-01	-1.97719315E+00	1.08846056E-02	4.28945130E-03
-4.96801668E-01	-1.86565412E+00	1.08830847E-02	4.26948471E-03
-1.26807084E+00	-1.34015739E+00	1.08815660E-02	4.24954791E-03
-1.69323639E+00	-5.40421846E-01	1.08800494E-02	4.22964074E-03
-1.69631690E+00	3.40275266E-01	1.08785351E-02	4.20976303E-03
-1.29888305E+00	1.10091147E+00	1.08770229E-02	4.18991463E-03
-6.10076132E-01	1.57799344E+00	1.08755128E-02	4.17009538E-03
2.02631305E-01	1.67996768E+00	1.08740049E-02	4.15030511E-03
9.54243468E-01	1.40344531E+00	1.08724991E-02	4.13054367E-03
1.48462316E+00	8.28504639E-01	1.08709954E-02	4.11081091E-03
1.69260665E+00	9.53493197E-02	1.08694939E-02	4.09110667E-03
1.55447962E+00	-6.31169756E-01	1.08679944E-02	4.07143078E-03
1.12352999E+00	-1.20018951E+00	1.08664970E-02	4.05178311E-03
5.12042756E-01	-1.50744315E+00	1.08650017E-02	4.03216348E-03
-1.38834414E-01	-1.51465849E+00	1.08635084E-02	4.01257176E-03
-6.93400149E-01	-1.25217008E+00	1.08620171E-02	3.99300779E-03
-1.05147309E+00	-8.05422245E-01	1.08605279E-02	3.97347141E-03
-1.16743402E+00	-2.89865197E-01	1.08590408E-02	3.95396247E-03
-1.05461056E+00	1.78773052E-01	1.08575556E-02	3.93448083E-03
-7.75233111E-01	5.11256870E-01	1.08560724E-02	3.91502633E-03
-4.19729481E-01	6.62395169E-01	1.08545913E-02	3.89559883E-03
-8.14788168E-02	6.35914243E-01	1.08531120E-02	3.87619818E-03
1.66212042E-01	4.76669681E-01	1.08516348E-02	3.85682422E-03
2.85278118E-01	2.53447436E-01	1.08501595E-02	3.83747681E-03
2.77088733E-01	3.77689560E-02	1.08486862E-02	3.81815582E-03
1.75692284E-01	-1.15288590E-01	1.08472148E-02	3.79886108E-03
3.30723403E-02	-1.79286361E-01	1.08457453E-02	3.77959245E-03
-9.86870432E-02	-1.58971524E-01	1.08442778E-02	3.76034979E-03
-1.82950759E-01	-8.34090427E-02	1.08428121E-02	3.74113296E-03
-2.07462026E-01	7.41563031E-03	1.08413483E-02	3.72194182E-03
-1.84522234E-01	7.79355185E-02	1.08398864E-02	3.70277621E-03
-1.43000577E-01	1.09385396E-01	1.08384264E-02	3.68363600E-03
-1.15185951E-01	1.05451777E-01	1.08369683E-02	3.66452105E-03
-1.22968623E-01	8.96032538E-02	1.08355120E-02	3.64543121E-03
-1.67954879E-01	9.51280028E-02	1.08340575E-02	3.62636635E-03
-2.28860100E-01	1.51182706E-01	1.08326048E-02	3.60732632E-03
-2.67266949E-01	2.69442822E-01	1.08311540E-02	3.58831099E-03
-2.40228625E-01	4.35864412E-01	1.08297050E-02	3.56932022E-03
-1.15995288E-01	6.10633677E-01	1.08282578E-02	3.55035387E-03
1.12011255E-01	7.36985562E-01	1.08268123E-02	3.53141181E-03
4.17596923E-01	7.56886819E-01	1.08253687E-02	3.51249389E-03
7.43565030E-01	6.29365254E-01	1.08239268E-02	3.49359999E-03
1.01327067E+00	3.46174247E-01	1.08224867E-02	3.47472996E-03
1.14953225E+00	-6.01369476E-02	1.08210483E-02	3.45588367E-03
1.09615929E+00	-5.18865858E-01	1.08196116E-02	3.43706098E-03
8.36240783E-01	-9.34832112E-01	1.08181767E-02	3.41826178E-03
4.01786814E-01	-1.21034505E+00	1.08167435E-02	3.39948591E-03
-1.28718711E-01	-1.27022836E+00	1.08153120E-02	3.38073324E-03
-6.45272596E-01	-1.08344249E+00	1.08138822E-02	3.36200366E-03
-1.03091174E+00	-6.75285212E-01	1.08124541E-02	3.34329701E-03
-1.19022768E+00	-1.26219792E-01	1.08110276E-02	3.32461318E-03
-1.07476773E+00	4.43387813E-01	1.08096029E-02	3.30595203E-03
-6.98600741E-01	8.99738567E-01	1.08081798E-02	3.28731344E-03
-1.39430026E-01	1.12733744E+00	1.08067583E-02	3.26869726E-03
4.75962122E-01	1.05836613E+00	1.08053385E-02	3.25010338E-03
9.99269810E-01	6.92223945E-01	1.08039203E-02	3.23153167E-03
1.29515064E+00	9.98293833E-02	1.08025037E-02	3.21298199E-03
1.27454143E+00	-5.89210950E-01	1.08010887E-02	3.19445423E-03
9.18595278E-01	-1.21431659E+00	1.07996754E-02	3.17594824E-03
2.86959718E-01	-1.62051953E+00	1.07982636E-02	3.15746392E-03
-4.92330341E-01	-1.69548087E+00	1.07968534E-02	3.13900113E-03
-1.24971160E+00	-1.39804380E+00	1.07954448E-02	3.12055974E-03
-1.81195087E+00	-7.71132261E-01	1.07940377E-02	3.10213964E-03
-2.04238891E+00	6.46840882E-02	1.07926322E-02	3.08374069E-03
-1.87408705E+00	9.36122702E-01	1.07912283E-02	3.06536278E-03
-1.32778743E+00	1.65533100E+00	1.07898259E-02	3.04700577E-03
-5.09975067E-01	2.06264416E+00	1.07884250E-02	3.02866956E-03
4.09072860E-01	2.06402671E+00	1.07870256E-02	3.01035401E-03
1.23262720E+00	1.65426986E+00	1.07856277E-02	2.99205900E-03
1.78186690E+00	9.20169486E-01	1.07842313E-02	2.97378441E-03
1.93705214E+00	2.25011184E-02	1.07828365E-02	2.95553013E-03
1.66584931E+00	-8.39429894E-01	1.07814431E-02	2.93729602E-03
1.03198557E+00	-1.47272833E+00	1.07800511E-02	2.91908198E-03
1.81905164E-01	-1.73505231E+00	1.07786607E-02	2.90088788E-03
-6.87792864E-01	-1.56770830E+00	1.07772717E-02	2.88271359E-03
-1.37483513E+00	-1.00989095E+00	1.07758841E-02	2.86455901E-03
-1.71751183E+00	-1.90564622E-01	1.07744980E-02	2.84642402E-03
-1.63200192E+00	7.00349601E-01	1.07731133E-02	2.82830849E-03
-1.13209658E+00	1.45499516E+00	1.07717300E-02	2.81021231E-03
-3.26655778E-01	1.89498096E+00	1.07703481E-02	2.79213537E-03
6.04731641E-01	1.91226360E+00	1.07689676E-02	2.77407754E-03
1.45236519E+00	1.49407626E+00	1.07675886E-02	2.75603871E-03
2.02402768E+00	7.26133223E-01	1.07662109E-02	2.73801877E-03
2.18863203E+00	-2.26649334E-01	1.07648345E-02	2.72001759E-03
1.90590406E+00	-1.15748465E+00	1.07634596E-02	2.70203507E-03
1.23531896E+00	-1.86450792E+00	1.07620860E-02	2.68407109E-03
3.22308241E-01	-2.19627988E+00	1.07607138E-02	2.66612553E-03
-6.35002340E-01	-2.08558900E+00	1.07593429E-02	2.64819829E-03
-1.43079782E+00	-1.56388728E+00	1.07579733E-02	2.63028925E-03
-1.89794348E+00	-7.53199741E-01	1.07566050E-02	2.61239830E-03
-1.94510604E+00	1.62446687E-01	1.07552381E-02	2.59452531E-03
-1.57623499E+00	9.79338852E-01	1.07538725E-02	2.57667020E-03
-8.88152501E-01	1.52031060E+00	1.07525082E-02	2.55883283E-03
-4.70798837E-02	1.67427814E+00	1.07511451E-02	2.54101310E-03
7.50242086E-01	1.42013461E+00	1.07497834E-02	2.52321090E-03
1.32171886E+00	8.29777636E-01	1.07484229E-02	2.50542612E-03
1.54092516E+00	4.99163873E-02	1.07470637E-02	2.48765865E-03
1.36467525E+00	-7.32813217E-01	1.07457058E-02	2.46990838E-03
8.41081355E-01	-1.33513739E+00	1.07443491E-02	2.45217520E-03
9.66363789E-02	-1.61876843E+00	1.07429936E-02	2.43445900E-03
-6.94291780E-01	-1.52087106E+00	1.07416394E-02	2.41675967E-03
-1.35019106E+00	-1.06663760E+00	1.07402864E-02	2.39907711E-03
-1.72380298E+00	-3.61497577E-01	1.07389346E-02	2.38141120E-03
-1.73469024E+00	4.34770359E-01	1.07375840E-02	2.36376184E-03
-1.38573308E+00	1.14564394E+00	1.07362347E-02	2.34612892E-03
-7.60192313E-01	1.61825875E+00	1.07348865E-02	2.32851234E-03
-5.40583342E-04	1.75726917E+00	1.07335395E-02	2.31091199E-03
7.25566695E-01	1.54459053E+00	1.07321937E-02	2.29332777E-03
1.26399320E+00	1.04091153E+00	1.07308490E-02	2.27575956E-03
1.50846825E+00	3.69192806E-01	1.07295055E-02	2.25820726E-03
1.42282825E+00	-3.15478932E-01	1.07281632E-02	2.24067077E-03
1.04644344E+00	-8.62294759E-01	1.07268220E-02	2.22314998E-03
4.82163548E-01	-1.15879027E+00	1.07254820E-02	2.20564479E-03
-1.29813512E-01	-1.15480965E+00	1.07241430E-02	2.18815510E-03
-6.45599487E-01	-8.71212671E-01	1.07228052E-02	2.17068080E-03
-9.50736516E-01	-3.91896239E-01	1.07214686E-02	2.15322178E-03
-9.85138679E-01	1.58366667E-01	1.07201330E-02	2.13577795E-03
-7.54405649E-01	6.44561205E-01	1.07187985E-02	2.11834920E-03
-3.25449010E-01	9.53075279E-01	1.07174651E-02	2.10093544E-03
1.91882715E-01	1.01695431E+00	1.07161328E-02	2.08353655E-03
6.72288524E-01	8.29164112E-01	1.07148016E-02	2.06615243E-03
1.00478840E+00	4.41305526E-01	1.07134714E-02	2.04878299E-03
1.11772208E+00	-5.12501727E-02	1.07121423E-02	2.03142813E-03
9.93344556E-01	-5.33684501E-01	1.07108143E-02	2.01408774E-03
6.69096712E-01	-8.99350053E-01	1.07094873E-02	1.99676172E-03
2.25912627E-01	-1.07402703E+00	1.07081613E-02	1.97944997E-03
-2.33021801E-01	-1.03127275E+00	1.07068364E-02	1.96215240E-03
-6.07542481E-01	-7.95702250E-01	1.07055125E-02	1.94486890E-03
-8.23609401E-01	-4.34068732E-01	1.07041896E-02	1.92759938E-03
-8.48866188E-01	-3.69328420E-02	1.07028677E-02	1.91034373E-03
-6.97370241E-01	3.04178262E-01	1.07015468E-02	1.89310185E-03
-4.22984181E-01	5.18394303E-01	1.07002269E-02	1.87587366E-03
-1.03684463E-01	5.70780387E-01	1.06989080E-02	1.85865904E-03
1.78877289E-01	4.67960819E-01	1.06975901E-02	1.84145791E-03
3.59307689E-01	2.53313004E-01	1.06962732E-02	1.82427017E-03
4.03064563E-01	-6.44734606E-03	1.06949572E-02	1.80709571E-03
3.12461789E-01	-2.39452954E-01	1.06936421E-02	1.78993444E-03
1.23148515E-01	-3.86844664E-01	1.06923280E-02	1.77278626E-03
-1.07449736E-01	-4.16386587E-01	1.06910149E-02	1.75565109E-03
-3.16312179E-01	-3.28416920E-01	1.06897027E-02	1.73852881E-03
-4.51240101E-01	-1.53126311E-01	1.06883914E-02	1.72141934E-03
-4.83314148E-01	5.95842142E-02	1.06870811E-02	1.70432259E-03
-4.12445011E-01	2.54585459E-01	1.06857716E-02	1.68723844E-03
-2.65015365E-01	3.86313548E-01	1.06844631E-02	1.67016682E-03
-8.47214042E-02	4.29983148E-01	1.06831554E-02	1.65310762E-03
8.05529335E-02	3.86472003E-01	1.06818487E-02	1.63606075E-03
1.92089765E-01	2.79940803E-01	1.06805428E-02	1.61902612E-03
2.30298235E-01	1.49235573E-01	1.06792378E-02	1.60200363E-03
1.98737870E-01	3.57464520E-02	1.06779337E-02	1.58499319E-03
1.21377379E-01	-2.87516101E-02	1.06766305E-02	1.56799471E-03
3.41458556E-02	-3.08772122E-02	1.06753281E-02	1.55100808E-03
-2.66247851E-02	2.13141707E-02	1.06740265E-02	1.53403323E-03
-3.54736619E-02	1.01714988E-01	1.06727258E-02	1.51707005E-03
1.44374027E-02	1.74854991E-01	1.06714260E-02	1.50011845E-03
1.09288235E-01	2.07294226E-01	1.06701269E-02	1.48317835E-03
2.18834117E-01	1.78378130E-01	1.06688287E-02	1.46624964E-03
