jMRUI Data Textfile

Filename: /Users/kayigwe/Desktop/TE26_BASISSET/converter/sample_basis_sets/JMRUI/Gly.txt

PointsInDataset: 2048
DatasetsInFile: 1
SamplingInterval: 2.500000E-01
ZeroOrderPhase: 0.000000E+00
BeginTime: 0.000000E+00
TransmitterFrequency: 1.232618E+08
MagneticField: 2.895033E+00
TypeOfNucleus: 0.000000E+00
NameOfPatient: Gly
DateOfExperiment: 20260523
Spectrometer: Unknown
AdditionalInfo: Converted by basis_set_converter


Signal and FFT
sig(real)	sig(imag)	fft(real)	fft(imag)
Signal 1 out of 1 in file
1.87142922E+01	-1.86274134E+00	5.50572227E-03	-2.29709655E-04
1.78814213E+01	-5.77876843E+00	5.50446580E-03	-2.38112864E-04
1.62394966E+01	-9.42676336E+00	5.50320974E-03	-2.46513354E-04
1.38641977E+01	-1.26418248E+01	5.50195410E-03	-2.54911166E-04
1.08643209E+01	-1.52789301E+01	5.50069886E-03	-2.63306341E-04
7.37679684E+00	-1.72194766E+01	5.49944401E-03	-2.71698919E-04
3.56044050E+00	-1.83766147E+01	5.49818957E-03	-2.80088941E-04
-4.11280015E-01	-1.86991341E+01	5.49693550E-03	-2.88476448E-04
-4.35812803E+00	-1.81737286E+01	5.49568182E-03	-2.96861480E-04
-8.10127694E+00	-1.68255398E+01	5.49442851E-03	-3.05244078E-04
-1.14714122E+01	-1.47169571E+01	5.49317557E-03	-3.13624283E-04
-1.43163894E+01	-1.19447321E+01	5.49192300E-03	-3.22002134E-04
-1.65081026E+01	-8.63553961E+00	5.49067078E-03	-3.30377672E-04
-1.79482515E+01	-4.94019058E+00	5.48941890E-03	-3.38750939E-04
-1.85727504E+01	-1.02675909E+00	5.48816738E-03	-3.47121973E-04
-1.83545779E+01	2.92706131E+00	5.48691619E-03	-3.55490815E-04
-1.73049441E+01	6.74202560E+00	5.48566533E-03	-3.63857505E-04
-1.54727219E+01	1.02454629E+01	5.48441480E-03	-3.72222084E-04
-1.29421733E+01	1.32790913E+01	5.48316459E-03	-3.80584592E-04
-9.82907541E+00	1.57061683E+01	5.48191469E-03	-3.88945069E-04
-6.27542373E+00	1.74176543E+01	5.48066510E-03	-3.97303555E-04
-2.44295630E+00	1.83371102E+01	5.47941582E-03	-4.05660089E-04
1.49420720E+00	1.84241108E+01	5.47816683E-03	-4.14014713E-04
5.35747568E+00	1.76760199E+01	5.47691813E-03	-4.22367466E-04
8.97188722E+00	1.61280507E+01	5.47566971E-03	-4.30718387E-04
1.21740323E+01	1.38516103E+01	5.47442157E-03	-4.39067517E-04
1.48194413E+01	1.09510074E+01	5.47317371E-03	-4.47414896E-04
1.67891018E+01	7.55867276E+00	5.47192611E-03	-4.55760563E-04
1.79948121E+01	3.82911414E+00	5.47067877E-03	-4.64104558E-04
1.83831303E+01	-6.81207949E-02	5.46943168E-03	-4.72446921E-04
1.79377412E+01	-3.95615164E+00	5.46818484E-03	-4.80787692E-04
1.66801378E+01	-7.65879271E+00	5.46693825E-03	-4.89126910E-04
1.46685878E+01	-1.10085365E+01	5.46569189E-03	-4.97464616E-04
1.19954351E+01	-1.38541311E+01	5.46444576E-03	-5.05800848E-04
8.78286176E+00	-1.60674095E+01	5.46319986E-03	-5.14135646E-04
5.17730372E+00	-1.75490615E+01	5.46195418E-03	-5.22469050E-04
1.34277666E+00	-1.82330891E+01	5.46070871E-03	-5.30801100E-04
-2.54658463E+00	-1.80897448E+01	5.45946344E-03	-5.39131835E-04
-6.31443366E+00	-1.71268236E+01	5.45821838E-03	-5.47461294E-04
-9.79020751E+00	-1.53892501E+01	5.45697351E-03	-5.55789517E-04
-1.28168474E+01	-1.29569845E+01	5.45572883E-03	-5.64116543E-04
-1.52578951E+01	-9.94134404E+00	5.45448433E-03	-5.72442413E-04
-1.70036450E+01	-6.47990901E+00	5.45324001E-03	-5.80767165E-04
-1.79760734E+01	-2.73024650E+00	5.45199587E-03	-5.89090838E-04
-1.81323250E+01	1.13726163E+00	5.45075188E-03	-5.97413472E-04
-1.74665997E+01	4.94716036E+00	5.44950806E-03	-6.05735107E-04
-1.60103575E+01	8.52688081E+00	5.44826439E-03	-6.14055782E-04
-1.38308338E+01	1.17145563E+01	5.44702087E-03	-6.22375536E-04
-1.10279370E+01	1.43663413E+01	5.44577749E-03	-6.30694408E-04
-7.72966883E+00	1.63629016E+01	5.44453425E-03	-6.39012437E-04
-4.08627971E+00	1.76147843E+01	5.44329114E-03	-6.47329664E-04
-2.63424634E-01	1.80664248E+01	5.44204815E-03	-6.55646127E-04
3.56536827E+00	1.76986112E+01	5.44080528E-03	-6.63961865E-04
7.22657413E+00	1.65292986E+01	5.43956253E-03	-6.72276918E-04
1.05545353E+01	1.46127366E+01	5.43831988E-03	-6.80591325E-04
1.33989561E+01	1.20369539E+01	5.43707733E-03	-6.88905124E-04
1.56316906E+01	8.91971622E+00	5.43583487E-03	-6.97218356E-04
1.71525142E+01	5.40314214E+00	5.43459251E-03	-7.05531060E-04
1.78936228E+01	1.64722469E+00	5.43335023E-03	-7.13843274E-04
1.78226543E+01	-2.17744753E+00	5.43210802E-03	-7.22155038E-04
1.69440993E+01	-5.89743781E+00	5.43086589E-03	-7.30466390E-04
1.52990404E+01	-9.34432569E+00	5.42962383E-03	-7.38777371E-04
1.29632324E+01	-1.23623317E+01	5.42838182E-03	-7.47088019E-04
1.00436150E+01	-1.48153571E+01	5.42713987E-03	-7.55398373E-04
6.67341753E+00	-1.65931211E+01	5.42589797E-03	-7.63708473E-04
3.00607984E+00	-1.76161177E+01	5.42465610E-03	-7.72018357E-04
-7.91733067E-01	-1.78391708E+01	5.42341428E-03	-7.80328065E-04
-4.54770483E+00	-1.72534275E+01	5.42217249E-03	-7.88637635E-04
-8.09168573E+00	-1.58867024E+01	5.42093072E-03	-7.96947108E-04
-1.12634002E+01	-1.38021593E+01	5.41968897E-03	-8.05256521E-04
-1.39196950E+01	-1.10953934E+01	5.41844723E-03	-8.13565915E-04
-1.59409994E+01	-7.89004826E+00	5.41720550E-03	-8.21875327E-04
-1.72367074E+01	-4.33216813E+00	5.41596377E-03	-8.30184798E-04
-1.77492382E+01	-5.83544516E-01	5.41472204E-03	-8.38494367E-04
-1.74565939E+01	3.18564082E+00	5.41348030E-03	-8.46804072E-04
-1.63733005E+01	6.80454139E+00	5.41223854E-03	-8.55113952E-04
-1.45496923E+01	1.01093896E+01	5.41099676E-03	-8.63424048E-04
-1.20695747E+01	1.29509071E+01	5.40975495E-03	-8.71734397E-04
-9.04637344E+00	1.52010478E+01	5.40851311E-03	-8.80045039E-04
-5.61794832E+00	1.67587664E+01	5.40727123E-03	-8.88356014E-04
-1.94030677E+00	1.75545563E+01	5.40602930E-03	-8.96667359E-04
1.81949448E+00	1.75535491E+01	5.40478733E-03	-9.04979115E-04
5.49093754E+00	1.67570412E+01	5.40354529E-03	-9.13291321E-04
8.90777642E+00	1.52023778E+01	5.40230320E-03	-9.21604015E-04
1.19155644E+01	1.29612040E+01	5.40106103E-03	-9.29917237E-04
1.43786347E+01	1.01361643E+01	5.39981879E-03	-9.38231026E-04
1.61862194E+01	6.85620177E+00	5.39857647E-03	-9.46545422E-04
1.72574302E+01	3.27067390E+00	5.39733406E-03	-9.54860463E-04
1.75448770E+01	-4.57448634E-01	5.39609157E-03	-9.63176188E-04
1.70367634E+01	-4.15898871E+00	5.39484897E-03	-9.71492638E-04
1.57573650E+01	-7.66623942E+00	5.39360627E-03	-9.79809850E-04
1.37658729E+01	-1.08205620E+01	5.39236346E-03	-9.88127865E-04
1.11536564E+01	-1.34795610E+01	5.39112053E-03	-9.96446722E-04
8.04007187E+00	-1.55235116E+01	5.38987749E-03	-1.00476646E-03
4.56700949E+00	-1.68607502E+01	5.38863431E-03	-1.01308712E-03
8.92427807E-01	-1.74317844E+01	5.38739101E-03	-1.02140873E-03
-2.81682997E+00	-1.72119381E+01	5.38614756E-03	-1.02973135E-03
-6.39261103E+00	-1.62124160E+01	5.38490397E-03	-1.03805500E-03
-9.67307548E+00	-1.44797386E+01	5.38366023E-03	-1.04637974E-03
-1.25100208E+01	-1.20935792E+01	5.38241633E-03	-1.05470559E-03
-1.47755766E+01	-9.16310098E+00	5.38117227E-03	-1.06303259E-03
-1.63679681E+01	-5.82196338E+00	5.37992804E-03	-1.07136079E-03
-1.72160867E+01	-2.22222666E+00	5.37868364E-03	-1.07969023E-03
-1.72826652E+01	1.47256825E+00	5.37743905E-03	-1.08802094E-03
-1.65659130E+01	5.09482921E+00	5.37619429E-03	-1.09635297E-03
-1.50995417E+01	8.48051426E+00	5.37494932E-03	-1.10468634E-03
-1.29511818E+01	1.14765602E+01	5.37370416E-03	-1.11302112E-03
-1.02192645E+01	1.39478020E+01	5.37245880E-03	-1.12135732E-03
-7.02851230E+00	1.57830701E+01	5.37121323E-03	-1.12969500E-03
-3.52424584E+00	1.69001910E+01	5.36996744E-03	-1.13803419E-03
1.34234352E-01	1.72496655E+01	5.36872143E-03	-1.14637494E-03
3.78088901E+00	1.68168607E+01	5.36747519E-03	-1.15471727E-03
7.25047541E+00	1.56226186E+01	5.36622872E-03	-1.16306123E-03
1.03860347E+01	1.37222556E+01	5.36498201E-03	-1.17140687E-03
1.30459919E+01	1.12030020E+01	5.36373506E-03	-1.17975422E-03
1.51105480E+01	8.17999812E+00	5.36248785E-03	-1.18810332E-03
1.64870748E+01	4.79103294E+00	5.36124039E-03	-1.19645421E-03
1.71142698E+01	1.19026404E+00	5.35999266E-03	-1.20480692E-03
1.69648856E+01	-2.45879433E+00	5.35874466E-03	-1.21316151E-03
1.60469110E+01	-5.99069615E+00	5.35749639E-03	-1.22151801E-03
1.44031536E+01	-9.24556445E+00	5.35624784E-03	-1.22987646E-03
1.21092454E+01	-1.20763280E+01	5.35499900E-03	-1.23823690E-03
9.27016353E+00	-1.43553661E+01	5.35374987E-03	-1.24659938E-03
6.01542695E+00	-1.59802620E+01	5.35250044E-03	-1.25496392E-03
2.49318814E+00	-1.68784044E+01	5.35125070E-03	-1.26333057E-03
-1.13651009E+00	-1.70102314E+01	5.35000066E-03	-1.27169937E-03
-4.70900624E+00	-1.63709716E+01	5.34875030E-03	-1.28007037E-03
-8.06248954E+00	-1.49908056E+01	5.34749961E-03	-1.28844359E-03
-1.10453286E+01	-1.29334435E+01	5.34624859E-03	-1.29681909E-03
-1.35229270E+01	-1.02931849E+01	5.34499724E-03	-1.30519690E-03
-1.53837965E+01	-7.19059770E+00	5.34374555E-03	-1.31357706E-03
-1.65445732E+01	-3.76701232E+00	5.34249351E-03	-1.32195962E-03
-1.69537509E+01	-1.78084740E-01	5.34124112E-03	-1.33034460E-03
-1.65939662E+01	3.41328034E+00	5.33998837E-03	-1.33873207E-03
-1.54827308E+01	6.84432345E+00	5.33873526E-03	-1.34712204E-03
-1.36715838E+01	9.95980615E+00	5.33748177E-03	-1.35551457E-03
-1.12437024E+01	1.26190344E+01	5.33622791E-03	-1.36390970E-03
-8.31008293E+00	1.47022118E+01	5.33497366E-03	-1.37230746E-03
-5.00446658E+00	1.61158359E+01	5.33371902E-03	-1.38070791E-03
-1.47724317E+00	1.67968940E+01	5.33246399E-03	-1.38911107E-03
2.11139063E+00	1.67156714E+01	5.33120856E-03	-1.39751698E-03
5.59870658E+00	1.58770454E+01	5.32995272E-03	-1.40592570E-03
8.82682340E+00	1.43202102E+01	5.32869646E-03	-1.41433726E-03
1.16498542E+01	1.21168466E+01	5.32743979E-03	-1.42275170E-03
1.39404989E+01	9.36782277E+00	5.32618269E-03	-1.43116907E-03
1.55957844E+01	6.19857708E+00	5.32492515E-03	-1.43958940E-03
1.65416927E+01	2.75339487E+00	5.32366718E-03	-1.44801273E-03
1.67364699E+01	-8.11159916E-01	5.32240877E-03	-1.45643911E-03
1.61724680E+01	-4.33335927E+00	5.32114990E-03	-1.46486858E-03
1.48764377E+01	-7.65364853E+00	5.31989057E-03	-1.47330118E-03
1.29082622E+01	-1.06218737E+01	5.31863079E-03	-1.48173695E-03
1.03581914E+01	-1.31040716E+01	5.31737053E-03	-1.49017593E-03
7.34270445E+00	-1.49885154E+01	5.31610980E-03	-1.49861817E-03
3.99918935E+00	-1.61907428E+01	5.31484859E-03	-1.50706370E-03
4.79684437E-01	-1.66573414E+01	5.31358689E-03	-1.51551257E-03
-3.05603502E+00	-1.63683202E+01	5.31232469E-03	-1.52396482E-03
-6.44770970E+00	-1.53379632E+01	5.31106200E-03	-1.53242049E-03
-9.54185975E+00	-1.36141284E+01	5.30979880E-03	-1.54087962E-03
-1.21987296E+01	-1.12760260E+01	5.30853508E-03	-1.54934226E-03
-1.42985999E+01	-8.43057967E+00	5.30727085E-03	-1.55780845E-03
-1.57471818E+01	-5.20753734E+00	5.30600609E-03	-1.56627822E-03
-1.64798498E+01	-1.75355547E+00	5.30474080E-03	-1.57475162E-03
-1.64645240E+01	1.77447384E+00	5.30347497E-03	-1.58322870E-03
-1.57030731E+01	5.21654902E+00	5.30220860E-03	-1.59170949E-03
-1.42311760E+01	8.41681493E+00	5.30094168E-03	-1.60019405E-03
-1.21166521E+01	1.12306195E+01	5.29967420E-03	-1.60868240E-03
-9.45633736E+00	1.35310517E+01	5.29840616E-03	-1.61717459E-03
-6.37165016E+00	1.52146648E+01	5.29713754E-03	-1.62567067E-03
-3.00305030E+00	1.62061281E+01	5.29586836E-03	-1.63417068E-03
4.96356385E-01	1.64615961E+01	5.29459859E-03	-1.64267466E-03
3.96777635E+00	1.59706466E+01	5.29332823E-03	-1.65118266E-03
7.25393362E+00	1.47567003E+01	5.29205727E-03	-1.65969471E-03
1.02061949E+01	1.28759064E+01	5.29078572E-03	-1.66821086E-03
1.26912920E+01	1.04145463E+01	5.28951355E-03	-1.67673115E-03
1.45973369E+01	7.48507689E+00	5.28824078E-03	-1.68525563E-03
1.58388592E+01	4.22099220E+00	5.28696738E-03	-1.69378434E-03
1.63606380E+01	7.70741232E-01	5.28569335E-03	-1.70231732E-03
1.61401565E+01	-2.70902326E+00	5.28441869E-03	-1.71085462E-03
1.51885718E+01	-6.06055690E+00	5.28314340E-03	-1.71939628E-03
1.35501557E+01	-9.13217412E+00	5.28186745E-03	-1.72794234E-03
1.13002372E+01	-1.17851129E+01	5.28059085E-03	-1.73649284E-03
8.54173906E+00	-1.38998028E+01	5.27931359E-03	-1.74504784E-03
5.40047090E+00	-1.53812540E+01	5.27803567E-03	-1.75360737E-03
2.01939137E+00	-1.61633230E+01	5.27675707E-03	-1.76217148E-03
-1.44789734E+00	-1.62116653E+01	5.27547780E-03	-1.77074021E-03
-4.84412723E+00	-1.55252417E+01	5.27419784E-03	-1.77931361E-03
-8.01549746E+00	-1.41363132E+01	5.27291718E-03	-1.78789172E-03
-1.08186389E+01	-1.21089268E+01	5.27163583E-03	-1.79647458E-03
-1.31270950E+01	-9.53596286E+00	5.27035377E-03	-1.80506225E-03
-1.48370262E+01	-6.53488082E+00	5.26907100E-03	-1.81365475E-03
-1.58718803E+01	-3.24235751E+00	5.26778751E-03	-1.82225215E-03
-1.61858187E+01	1.91937088E-01	5.26650329E-03	-1.83085447E-03
-1.57657457E+01	3.61214302E+00	5.26521835E-03	-1.83946178E-03
-1.46318504E+01	6.86328346E+00	5.26393266E-03	-1.84807411E-03
-1.28366399E+01	9.79828660E+00	5.26264623E-03	-1.85669150E-03
-1.04625084E+01	1.22846384E+01	5.26135905E-03	-1.86531401E-03
-7.61795708E+00	1.42103651E+01	5.26007110E-03	-1.87394167E-03
-4.43263527E+00	1.54890754E+01	5.25878239E-03	-1.88257454E-03
-1.05143218E+00	1.60638353E+01	5.25749291E-03	-1.89121266E-03
2.37211333E+00	1.59097026E+01	5.25620265E-03	-1.89985607E-03
5.68278451E+00	1.50348064E+01	5.25491161E-03	-1.90850482E-03
8.73072353E+00	1.34799269E+01	5.25361977E-03	-1.91715895E-03
1.13782144E+01	1.13165964E+01	5.25232713E-03	-1.92581852E-03
1.35059051E+01	8.64380912E+00	5.25103369E-03	-1.93448356E-03
1.50181876E+01	5.58349158E+00	5.24973943E-03	-1.94315413E-03
1.58474931E+01	2.27494136E+00	5.24844435E-03	-1.95183026E-03
1.59573107E+01	-1.13151304E+00	5.24714845E-03	-1.96051201E-03
1.53437930E+01	-4.48134220E+00	5.24585171E-03	-1.96919942E-03
1.40358789E+01	-7.62282543E+00	5.24455413E-03	-1.97789254E-03
1.20939313E+01	-1.04139221E+01	5.24325570E-03	-1.98659142E-03
9.60695166E+00	-1.27286936E+01	5.24195642E-03	-1.99529609E-03
6.68850184E+00	-1.44629853E+01	5.24065627E-03	-2.00400661E-03
3.47151915E+00	-1.55391126E+01	5.23935526E-03	-2.01272303E-03
1.02261327E-01	-1.59093400E+01	5.23805337E-03	-2.02144539E-03
-3.26634257E+00	-1.55579973E+01	5.23675060E-03	-2.03017374E-03
-6.48163316E+00	-1.45021393E+01	5.23544694E-03	-2.03890813E-03
-9.39813858E+00	-1.27907219E+01	5.23414239E-03	-2.04764860E-03
-1.18841559E+01	-1.05023330E+01	5.23283692E-03	-2.05639520E-03
-1.38276978E+01	-7.74158481E+00	5.23153055E-03	-2.06514798E-03
-1.51415374E+01	-4.63433200E+00	5.23022326E-03	-2.07390699E-03
-1.57671214E+01	-1.32193477E+00	5.22891505E-03	-2.08267227E-03
-1.56771797E+01	2.04517168E+00	5.22760590E-03	-2.09144388E-03
-1.48769112E+01	5.31430892E+00	5.22629581E-03	-2.10022185E-03
-1.34036980E+01	8.33747799E+00	5.22498478E-03	-2.10900625E-03
-1.13253603E+01	1.09780592E+01	5.22367279E-03	-2.11779711E-03
-8.73703509E+00	1.31169855E+01	5.22235984E-03	-2.12659449E-03
-5.75682223E+00	1.46581111E+01	5.22104593E-03	-2.13539844E-03
-2.52039586E+00	1.55325328E+01	5.21973103E-03	-2.14420899E-03
8.25171554E-01	1.57016693E+01	5.21841516E-03	-2.15302622E-03
4.12809226E+00	1.51589627E+01	5.21709829E-03	-2.16185015E-03
7.23874946E+00	1.39301248E+01	5.21578043E-03	-2.17068084E-03
1.00164743E+01	1.20719219E+01	5.21446156E-03	-2.17951835E-03
1.23359067E+01	9.66955298E+00	5.21314168E-03	-2.18836272E-03
1.40926525E+01	6.83274406E+00	5.21182079E-03	-2.19721399E-03
1.52079817E+01	3.69073728E+00	5.21049886E-03	-2.20607222E-03
1.56323558E+01	3.86403024E-01	5.20917590E-03	-2.21493747E-03
1.53476274E+01	-2.93025612E+00	5.20785190E-03	-2.22380977E-03
1.43678128E+01	-6.10891444E+00	5.20652684E-03	-2.23268919E-03
1.27384069E+01	-9.00573619E+00	5.20520074E-03	-2.24157576E-03
1.05342716E+01	-1.14898838E+01	5.20387356E-03	-2.25046954E-03
7.85619744E+00	-1.34494269E+01	5.20254532E-03	-2.25937059E-03
4.82629478E+00	-1.47963852E+01	5.20121599E-03	-2.26827895E-03
1.58242680E+00	-1.54706778E+01	5.19988558E-03	-2.27719467E-03
-1.72806309E+00	-1.54428026E+01	5.19855408E-03	-2.28611781E-03
-4.95504355E+00	-1.47151249E+01	5.19722147E-03	-2.29504841E-03
-7.95240341E+00	-1.33217205E+01	5.19588775E-03	-2.30398653E-03
-1.05846669E+01	-1.13267813E+01	5.19455292E-03	-2.31293222E-03
-1.27331166E+01	-8.82165939E+00	5.19321696E-03	-2.32188552E-03
-1.43011471E+01	-5.92068417E+00	5.19187986E-03	-2.33084650E-03
-1.52186085E+01	-2.75594508E+00	5.19054163E-03	-2.33981521E-03
-1.54449438E+01	5.28722327E-01	5.18920225E-03	-2.34879169E-03
-1.49709806E+01	3.78427329E+00	5.18786171E-03	-2.35777600E-03
-1.38192974E+01	6.86321647E+00	5.18652000E-03	-2.36676820E-03
-1.20431506E+01	9.62629569E+00	5.18517713E-03	-2.37576833E-03
-9.72401277E+00	1.19487878E+01	5.18383307E-03	-2.38477644E-03
-6.96783633E+00	1.37261323E+01	5.18248783E-03	-2.39379260E-03
-3.90021328E+00	1.48786379E+01	5.18114139E-03	-2.40281685E-03
-6.60652847E-01	1.53550556E+01	5.17979375E-03	-2.41184924E-03
2.60376276E+00	1.51348558E+01	5.17844490E-03	-2.42088984E-03
5.74505577E+00	1.42291112E+01	5.17709483E-03	-2.42993870E-03
8.62106042E+00	1.26799447E+01	5.17574353E-03	-2.43899586E-03
1.11018566E+01	1.05585723E+01	5.17439099E-03	-2.44806138E-03
1.30756384E+01	7.96202990E+00	5.17303721E-03	-2.45713532E-03
1.44537525E+01	5.00873482E+00	5.17168218E-03	-2.46621774E-03
1.51746798E+01	1.83308626E+00	5.17032589E-03	-2.47530867E-03
1.52067802E+01	-1.42065082E+00	5.16896833E-03	-2.48440820E-03
1.45496802E+01	-4.60489905E+00	5.16760950E-03	-2.49351635E-03
1.32342404E+01	-7.57546181E+00	5.16624938E-03	-2.50263320E-03
1.13211080E+01	-1.01980527E+01	5.16488797E-03	-2.51175879E-03
8.89792155E+00	-1.23543658E+01	5.16352526E-03	-2.52089319E-03
6.07529710E+00	-1.39474119E+01	5.16216124E-03	-2.53003645E-03
2.98177896E+00	-1.49058803E+01	5.16079590E-03	-2.53918862E-03
-2.42013756E-01	-1.51873307E+01	5.15942923E-03	-2.54834976E-03
-3.44977880E+00	-1.47800708E+01	5.15806123E-03	-2.55751992E-03
-6.49616990E+00	-1.37036379E+01	5.15669189E-03	-2.56669917E-03
-9.24338216E+00	-1.20078648E+01	5.15532120E-03	-2.57588756E-03
-1.15673853E+01	-9.77057369E+00	5.15394915E-03	-2.58508515E-03
-1.33635231E+01	-7.09400541E+00	5.15257573E-03	-2.59429199E-03
-1.45512255E+01	-4.10014776E+00	5.15120093E-03	-2.60350814E-03
-1.50776226E+01	-9.25176190E-01	5.14982475E-03	-2.61273366E-03
-1.49198966E+01	2.28673975E+00	5.14844718E-03	-2.62196861E-03
-1.40862693E+01	5.38998254E+00	5.14706820E-03	-2.63121304E-03
-1.26155805E+01	8.24408811E+00	5.14568781E-03	-2.64046702E-03
-1.05754795E+01	1.07201034E+01	5.14430600E-03	-2.64973060E-03
-8.05931458E+00	1.27064124E+01	5.14292277E-03	-2.65900384E-03
-5.18186210E+00	1.41137669E+01	5.14153810E-03	-2.66828679E-03
-2.07409121E+00	1.48792962E+01	5.14015198E-03	-2.67757953E-03
1.12279675E+00	1.49693151E+01	5.13876441E-03	-2.68688210E-03
4.26378341E+00	1.43808042E+01	5.13737537E-03	-2.69619457E-03
7.20661139E+00	1.31414991E+01	5.13598486E-03	-2.70551699E-03
9.81822686E+00	1.13085849E+01	5.13459287E-03	-2.71484944E-03
1.19807949E+01	8.96605816E+00	5.13319939E-03	-2.72419195E-03
1.35970158E+01	6.22087900E+00	5.13180441E-03	-2.73354461E-03
1.45945022E+01	3.19808702E+00	5.13040793E-03	-2.74290746E-03
1.49290205E+01	3.51066691E-02	5.12900992E-03	-2.75228057E-03
1.45864514E+01	-3.12450017E+00	5.12761039E-03	-2.76166400E-03
1.35833824E+01	-6.13754982E+00	5.12620933E-03	-2.77105781E-03
1.19663079E+01	-8.86772512E+00	5.12480672E-03	-2.78046207E-03
9.80947510E+00	-1.11917423E+01	5.12340256E-03	-2.78987682E-03
7.21147591E+00	-1.30049177E+01	5.12199683E-03	-2.79930214E-03
4.29074044E+00	-1.42258825E+01	5.12058954E-03	-2.80873809E-03
1.18013889E+00	-1.48002338E+01	5.11918066E-03	-2.81818473E-03
-1.97906263E+00	-1.47029577E+01	5.11777019E-03	-2.82764213E-03
-5.04361722E+00	-1.39395168E+01	5.11635812E-03	-2.83711034E-03
-7.87479212E+00	-1.25455548E+01	5.11494444E-03	-2.84658943E-03
-1.03446487E+01	-1.05852336E+01	5.11352915E-03	-2.85607946E-03
-1.23418237E+01	-8.14828132E+00	5.11211222E-03	-2.86558050E-03
-1.37765498E+01	-5.34588524E+00	5.11069366E-03	-2.87509261E-03
-1.45846900E+01	-2.30561966E+00	5.10927345E-03	-2.88461585E-03
-1.47306041E+01	8.34361501E-01	5.10785158E-03	-2.89415030E-03
-1.42087187E+01	3.93160216E+00	5.10642805E-03	-2.90369601E-03
-1.30437331E+01	6.84580679E+00	5.10500284E-03	-2.91325304E-03
-1.12894524E+01	9.44519500E+00	5.10357595E-03	-2.92282147E-03
-9.02630286E+00	1.16124603E+01	5.10214736E-03	-2.93240136E-03
-6.35764606E+00	1.32500634E+01	5.10071707E-03	-2.94199278E-03
-3.40505826E+00	1.42846218E+01	5.09928506E-03	-2.95159578E-03
-3.02792243E-01	1.46701974E+01	5.09785132E-03	-2.96121045E-03
2.80832669E+00	1.43903349E+01	5.09641586E-03	-2.97083684E-03
5.78729308E+00	1.34587618E+01	5.09497864E-03	-2.98047502E-03
8.49931176E+00	1.19187186E+01	5.09353968E-03	-2.99012506E-03
1.08218968E+01	9.84095295E+00	5.09209894E-03	-2.99978702E-03
1.26504032E+01	7.32047023E+00	5.09065644E-03	-3.00946098E-03
1.39027410E+01	4.47219008E+00	5.08921215E-03	-3.01914700E-03
1.45230605E+01	1.42570708E+00	5.08776606E-03	-3.02884514E-03
1.44842414E+01	-1.68060533E+00	5.08631817E-03	-3.03855549E-03
1.37890778E+01	-4.70587949E+00	5.08486847E-03	-3.04827810E-03
1.24701034E+01	-7.51314142E+00	5.08341694E-03	-3.05801305E-03
1.05880717E+01	-9.97551209E+00	5.08196357E-03	-3.06776041E-03
8.22915730E+00	-1.19819417E+01	5.08050836E-03	-3.07752023E-03
5.50101146E+00	-1.34422172E+01	5.07905129E-03	-3.08729261E-03
2.52784947E+00	-1.42910182E+01	5.07759235E-03	-3.09707760E-03
-5.55204566E-01	-1.44908379E+01	5.07613154E-03	-3.10687527E-03
-3.60825846E+00	-1.40336396E+01	5.07466884E-03	-3.11668571E-03
-6.49299915E+00	-1.29411739E+01	5.07320424E-03	-3.12650897E-03
-9.07895842E+00	-1.12639470E+01	5.07173773E-03	-3.13634513E-03
-1.12494132E+01	-9.07888622E+00	5.07026930E-03	-3.14619426E-03
-1.29066535E+01	-6.48581263E+00	5.06879895E-03	-3.15605643E-03
-1.39763813E+01	-3.60288107E+00	5.06732665E-03	-3.16593172E-03
-1.44110399E+01	-5.61196922E-01	5.06585240E-03	-3.17582020E-03
-1.41919282E+01	2.50114577E+00	5.06437618E-03	-3.18572194E-03
-1.33300020E+01	5.44533349E+00	5.06289800E-03	-3.19563702E-03
-1.18653316E+01	8.13812522E+00	5.06141783E-03	-3.20556550E-03
-9.86523983E+00	1.04578820E+01	5.05993566E-03	-3.21550747E-03
-7.42120846E+00	1.23000611E+01	5.05845149E-03	-3.22546299E-03
-4.64469436E+00	1.35819273E+01	5.05696530E-03	-3.23543215E-03
-1.66204711E+00	1.42462675E+01	5.05547708E-03	-3.24541501E-03
1.39124034E+00	1.42639441E+01	5.05398682E-03	-3.25541165E-03
4.37668639E+00	1.36351709E+01	5.05249451E-03	-3.26542216E-03
7.15910129E+00	1.23894577E+01	5.05100014E-03	-3.27544659E-03
9.61270854E+00	1.05842269E+01	5.04950369E-03	-3.28548504E-03
1.16268302E+01	8.30216704E+00	5.04800516E-03	-3.29553758E-03
1.31108788E+01	5.64744646E+00	5.04650453E-03	-3.30560428E-03
1.39984315E+01	2.74095825E+00	5.04500180E-03	-3.31568522E-03
1.42502017E+01	-2.85184442E-01	5.04349694E-03	-3.32578048E-03
1.38557775E+01	-3.29365325E+00	5.04198996E-03	-3.33589013E-03
1.28340480E+01	-6.14813632E+00	5.04048083E-03	-3.34601427E-03
1.12323009E+01	-8.71951414E+00	5.03896955E-03	-3.35615295E-03
9.12403576E+00	-1.08916998E+01	5.03745610E-03	-3.36630628E-03
6.60559111E+00	-1.25668795E+01	5.03594047E-03	-3.37647431E-03
3.79174315E+00	-1.36699165E+01	5.03442265E-03	-3.38665714E-03
8.10475207E-01	-1.41517207E+01	5.03290264E-03	-3.39685485E-03
-2.20284305E+00	-1.39914324E+01	5.03138040E-03	-3.40706751E-03
-5.11160195E+00	-1.31973236E+01	5.02985595E-03	-3.41729520E-03
-7.78414471E+00	-1.18063769E+01	5.02832925E-03	-3.42753801E-03
-1.00997262E+01	-9.88256489E+00	5.02680031E-03	-3.43779602E-03
-1.19539677E+01	-7.51390839E+00	5.02526910E-03	-3.44806932E-03
-1.32635618E+01	-4.80844982E+00	5.02373562E-03	-3.45835797E-03
-1.39700143E+01	-1.88932541E+00	5.02219985E-03	-3.46866208E-03
-1.40422565E+01	1.11083883E+00	5.02066178E-03	-3.47898171E-03
-1.34780098E+01	4.05595246E+00	5.01912140E-03	-3.48931696E-03
-1.23038442E+01	6.81263346E+00	5.01757870E-03	-3.49966791E-03
-1.05739285E+01	9.25624864E+00	5.01603366E-03	-3.51003464E-03
-8.36753232E+00	1.12765482E+01	5.01448627E-03	-3.52041724E-03
-5.78539437E+00	1.27826393E+01	5.01293652E-03	-3.53081579E-03
-2.94512325E+00	1.37070752E+01	5.01138440E-03	-3.54123038E-03
2.41587484E-02	1.40088746E+01	5.00982989E-03	-3.55166110E-03
2.98768543E+00	1.36753377E+01	5.00827298E-03	-3.56210803E-03
5.81116294E+00	1.27225771E+01	5.00671366E-03	-3.57257126E-03
8.36685504E+00	1.11947425E+01	5.00515191E-03	-3.58305087E-03
1.05393616E+01	9.16197592E+00	5.00358772E-03	-3.59354696E-03
1.22308292E+01	6.71719190E+00	5.00202108E-03	-3.60405962E-03
1.33653578E+01	3.97183138E+00	5.00045197E-03	-3.61458892E-03
1.38924064E+01	1.05078203E+00	4.99888039E-03	-3.62513497E-03
1.37890433E+01	-1.91330253E+00	4.99730631E-03	-3.63569785E-03
1.30609423E+01	-4.78602657E+00	4.99572973E-03	-3.64627765E-03
1.17420804E+01	-7.43734565E+00	4.99415063E-03	-3.65687447E-03
9.89315382E+00	-9.74745321E+00	4.99256900E-03	-3.66748838E-03
7.59878539E+00	-1.16121939E+01	4.99098482E-03	-3.67811949E-03
4.96365178E+00	-1.29477595E+01	4.98939809E-03	-3.68876789E-03
2.10770841E+00	-1.36944543E+01	4.98780878E-03	-3.69943366E-03
-8.39270764E-01	-1.38193637E+01	4.98621688E-03	-3.71011691E-03
-3.74358989E+00	-1.33178028E+01	4.98462239E-03	-3.72081772E-03
-6.47369625E+00	-1.22134849E+01	4.98302528E-03	-3.73153620E-03
-8.90613866E+00	-1.05574022E+01	4.98142554E-03	-3.74227242E-03
-1.09311494E+01	-8.42547213E+00	4.97982316E-03	-3.75302650E-03
-1.24575974E+01	-5.91505764E+00	4.97821812E-03	-3.76379851E-03
-1.34170887E+01	-3.14052126E+00	4.97661041E-03	-3.77458857E-03
-1.37670302E+01	-2.28015655E-01	4.97500002E-03	-3.78539676E-03
-1.34925199E+01	2.69025194E+00	4.97338693E-03	-3.79622318E-03
-1.26069783E+01	5.48202067E+00	4.97177112E-03	-3.80706794E-03
-1.11514960E+01	8.02097003E+00	4.97015259E-03	-3.81793112E-03
-9.19292797E+00	1.01924352E+01	4.96853131E-03	-3.82881282E-03
-6.82082337E+00	1.18985852E+01	4.96690728E-03	-3.83971315E-03
-4.14333176E+00	1.30628300E+01	4.96528047E-03	-3.85063221E-03
-1.28227263E+00	1.36332583E+01	4.96365088E-03	-3.86157009E-03
1.63240668E+00	1.35849510E+01	4.96201849E-03	-3.87252689E-03
4.46853284E+00	1.29210686E+01	4.96038328E-03	-3.88350271E-03
7.09769985E+00	1.16726634E+01	4.95874524E-03	-3.89449766E-03
9.40108237E+00	9.89722884E+00	4.95710435E-03	-3.90551184E-03
1.12748057E+01	7.67605237E+00	4.95546060E-03	-3.91654535E-03
1.26346296E+01	5.11049422E+00	4.95381397E-03	-3.92759829E-03
1.34197355E+01	2.31736241E+00	4.95216445E-03	-3.93867077E-03
1.35954454E+01	-5.76405027E-01	4.95051202E-03	-3.94976289E-03
1.31547530E+01	-3.43950864E+00	4.94885667E-03	-3.96087476E-03
1.21185972E+01	-6.14224471E+00	4.94719838E-03	-3.97200648E-03
1.05348698E+01	-8.56238072E+00	4.94553714E-03	-3.98315815E-03
8.47620266E+00	-1.05906830E+01	4.94387293E-03	-3.99432989E-03
6.03663704E+00	-1.21358469E+01	4.94220573E-03	-4.00552179E-03
3.32732852E+00	-1.31286058E+01	4.94053552E-03	-4.01673398E-03
4.71482551E-01	-1.35248365E+01	4.93886230E-03	-4.02796655E-03
-2.40124792E+00	-1.33075186E+01	4.93718605E-03	-4.03921961E-03
-5.16064825E+00	-1.24874637E+01	4.93550674E-03	-4.05049327E-03
-7.68184417E+00	-1.11027814E+01	4.93382437E-03	-4.06178765E-03
-9.85095247E+00	-9.21711002E+00	4.93213892E-03	-4.07310286E-03
-1.15702248E+01	-6.91669174E+00	4.93045037E-03	-4.08443899E-03
-1.27624522E+01	-4.30642930E+00	4.92875870E-03	-4.09579618E-03
-1.33744319E+01	-1.50510248E+00	4.92706390E-03	-4.10717452E-03
-1.33793404E+01	1.36003662E+00	4.92536594E-03	-4.11857413E-03
-1.27779082E+01	4.15904375E+00	4.92366483E-03	-4.12999513E-03
-1.15983431E+01	6.76517560E+00	4.92196053E-03	-4.14143763E-03
-9.89500868E+00	9.06062867E+00	4.92025303E-03	-4.15290174E-03
-7.74591977E+00	1.09418638E+01	4.91854231E-03	-4.16438758E-03
-5.24916974E+00	1.23242763E+01	4.91682836E-03	-4.17589526E-03
-2.51845348E+00	1.31460000E+01	4.91511116E-03	-4.18742491E-03
3.22109546E-01	1.33706757E+01	4.91339069E-03	-4.19897663E-03
3.14361657E+00	1.29890583E+01	4.91166694E-03	-4.21055056E-03
5.81823075E+00	1.20193939E+01	4.90993988E-03	-4.22214680E-03
8.22497287E+00	1.05065494E+01	4.90820950E-03	-4.23376547E-03
1.02551932E+01	8.51993723E+00	4.90647578E-03	-4.24540670E-03
1.18174759E+01	6.15033152E+00	4.90473870E-03	-4.25707061E-03
1.28417550E+01	3.50572062E+00	4.90299825E-03	-4.26875731E-03
1.32824561E+01	7.06386256E-01	4.90125440E-03	-4.28046693E-03
1.31205231E+01	-2.12056682E+00	4.89950714E-03	-4.29219960E-03
1.23642405E+01	-4.84698168E+00	4.89775646E-03	-4.30395543E-03
1.10488149E+01	-7.34945883E+00	4.89600233E-03	-4.31573455E-03
9.23473699E+00	-9.51494098E+00	4.89424473E-03	-4.32753708E-03
7.00500105E+00	-1.12458204E+01	4.89248364E-03	-4.33936316E-03
4.46130797E+00	-1.24643383E+01	4.89071905E-03	-4.35121290E-03
1.71942714E+00	-1.31160772E+01	4.88895094E-03	-4.36308643E-03
-1.09607218E+00	-1.31723909E+01	4.88717929E-03	-4.37498389E-03
-3.85747993E+00	-1.26316619E+01	4.88540408E-03	-4.38690540E-03
-6.43973788E+00	-1.15193323E+01	4.88362529E-03	-4.39885108E-03
-8.72610289E+00	-9.88670855E+00	4.88184290E-03	-4.41082108E-03
-1.06134245E+01	-7.80859547E+00	4.88005689E-03	-4.42281551E-03
-1.20167983E+01	-5.37986949E+00	4.87826725E-03	-4.43483452E-03
-1.28733849E+01	-2.71114739E+00	4.87647394E-03	-4.44687823E-03
-1.31452232E+01	7.62514031E-02	4.87467696E-03	-4.45894678E-03
-1.28209117E+01	2.85581959E+00	4.87287629E-03	-4.47104029E-03
-1.19160835E+01	5.50160331E+00	4.87107190E-03	-4.48315892E-03
-1.04726551E+01	7.89390933E+00	4.86926377E-03	-4.49530278E-03
-8.55688625E+00	9.92471954E+00	4.86745188E-03	-4.50747202E-03
-6.25633817E+00	1.15025678E+01	4.86563622E-03	-4.51966678E-03
-3.67587244E+00	1.25566593E+01	4.86381676E-03	-4.53188719E-03
-9.32871513E-01	1.30400461E+01	4.86199349E-03	-4.54413339E-03
1.84810053E+00	1.29317175E+01	4.86016637E-03	-4.55640552E-03
4.54095434E+00	1.22375115E+01	4.85833540E-03	-4.56870372E-03
7.02379183E+00	1.09898082E+01	4.85650055E-03	-4.58102813E-03
9.18442392E+00	9.24602057E+00	4.85466179E-03	-4.59337890E-03
1.09254395E+01	7.08595315E+00	4.85281911E-03	-4.60575616E-03
1.21685968E+01	4.60815060E+00	4.85097249E-03	-4.61816007E-03
1.28583391E+01	1.92540218E+00	4.84912191E-03	-4.63059076E-03
1.29642768E+01	-8.40392042E-01	4.84726734E-03	-4.64304838E-03
1.24825254E+01	-3.56375978E+00	4.84540876E-03	-4.65553308E-03
1.14358395E+01	-6.12134840E+00	4.84354615E-03	-4.66804501E-03
9.87254012E+00	-8.39751178E+00	4.84167949E-03	-4.68058430E-03
7.86428476E+00	-1.02895391E+01	4.83980875E-03	-4.69315112E-03
5.50278308E+00	-1.17122892E+01	4.83793392E-03	-4.70574562E-03
2.89560949E+00	-1.26020216E+01	4.83605497E-03	-4.71836793E-03
1.61303054E-01	-1.29192515E+01	4.83417188E-03	-4.73101822E-03
-2.57602175E+00	-1.26505011E+01	4.83228463E-03	-4.74369664E-03
-5.19230844E+00	-1.18088695E+01	4.83039319E-03	-4.75640334E-03
-7.56918054E+00	-1.04333974E+01	4.82849754E-03	-4.76913848E-03
-9.59929731E+00	-8.58725724E+00	4.82659766E-03	-4.78190221E-03
-1.11912009E+01	-6.35485219E+00	4.82469353E-03	-4.79469469E-03
-1.22734364E+01	-3.83795802E+00	4.82278512E-03	-4.80751607E-03
-1.27977582E+01	-1.15108338E+00	4.82087240E-03	-4.82036652E-03
-1.27412806E+01	1.58373953E+00	4.81895536E-03	-4.83324620E-03
-1.21074745E+01	4.24249710E+00	4.81703397E-03	-4.84615526E-03
-1.09259695E+01	6.70481754E+00	4.81510821E-03	-4.85909387E-03
-9.25116921E+00	8.85942026E+00	4.81317805E-03	-4.87206218E-03
-7.15974757E+00	1.06091446E+01	4.81124347E-03	-4.88506037E-03
-4.74713881E+00	1.18753311E+01	4.80930444E-03	-4.89808860E-03
-2.12318308E+00	1.26013568E+01	4.80736095E-03	-4.91114704E-03
5.92873868E-01	1.27551671E+01	4.80541295E-03	-4.92423584E-03
3.27779958E+00	1.23306896E+01	4.80346044E-03	-4.93735518E-03
5.80996583E+00	1.13480687E+01	4.80150339E-03	-4.95050523E-03
8.07485816E+00	9.85271155E+00	4.79954176E-03	-4.96368616E-03
9.97025431E+00	7.91319030E+00	4.79757554E-03	-4.97689814E-03
1.14108375E+01	5.61809853E+00	4.79560470E-03	-4.99014134E-03
1.23320364E+01	3.07200467E+00	4.79362922E-03	-5.00341593E-03
1.26929188E+01	3.90688104E-01	4.79164906E-03	-5.01672209E-03
1.24780094E+01	-2.30412540E+00	4.78966420E-03	-5.03005999E-03
1.16979514E+01	-4.89028948E+00	4.78767462E-03	-5.04342982E-03
1.03889829E+01	-7.25077333E+00	4.78568029E-03	-5.05683175E-03
8.61125475E+00	-9.27895734E+00	4.78368119E-03	-5.07026595E-03
6.44606681E+00	-1.08834486E+01	4.78167728E-03	-5.08373261E-03
3.99215053E+00	-1.19921988E+01	4.77966854E-03	-5.09723192E-03
1.36116715E+00	-1.25557391E+01	4.77765494E-03	-5.11076404E-03
-1.32737294E+00	-1.25493863E+01	4.77563646E-03	-5.12432917E-03
-3.95153850E+00	-1.19743229E+01	4.77361307E-03	-5.13792749E-03
-6.39250706E+00	-1.08575024E+01	4.77158474E-03	-5.15155919E-03
-8.53994489E+00	-9.25038809E+00	4.76955144E-03	-5.16522445E-03
-1.02969938E+01	-7.22658154E+00	4.76751315E-03	-5.17892347E-03
-1.15846396E+01	-4.87845291E+00	4.76546984E-03	-5.19265643E-03
-1.23452646E+01	-2.31292515E+00	4.76342147E-03	-5.20642352E-03
-1.25452256E+01	3.53394392E-01	4.76136803E-03	-5.22022495E-03
-1.21763407E+01	2.99951364E+00	4.75930947E-03	-5.23406089E-03
-1.12562201E+01	5.50554586E+00	4.75724578E-03	-5.24793154E-03
-9.82742744E+00	7.75814107E+00	4.75517693E-03	-5.26183711E-03
-7.95551210E+00	9.65561257E+00	4.75310288E-03	-5.27577779E-03
-5.72600217E+00	1.11125270E+01	4.75102361E-03	-5.28975378E-03
-3.24049718E+00	1.20635505E+01	4.74893908E-03	-5.30376528E-03
-6.12038544E-01	1.24663781E+01	4.74684927E-03	-5.31781248E-03
2.04003129E+00	1.23036146E+01	4.74475414E-03	-5.33189561E-03
4.59548717E+00	1.15835239E+01	4.74265368E-03	-5.34601484E-03
6.93867104E+00	1.03396144E+01	4.74054783E-03	-5.36017041E-03
8.96372627E+00	8.62908032E+00	4.73843659E-03	-5.37436250E-03
1.05793795E+01	6.53017321E+00	4.73631990E-03	-5.38859134E-03
1.17130541E+01	4.13862215E+00	4.73419775E-03	-5.40285712E-03
1.23141302E+01	1.56326820E+00	4.73207011E-03	-5.41716007E-03
1.23562036E+01	-1.07888869E+00	4.72993693E-03	-5.43150039E-03
1.18382452E+01	-3.66800482E+00	4.72779819E-03	-5.44587830E-03
1.07846069E+01	-6.08682832E+00	4.72565386E-03	-5.46029401E-03
9.24387912E+00	-8.22600877E+00	4.72350391E-03	-5.47474775E-03
7.28664991E+00	-9.98904042E+00	4.72134830E-03	-5.48923973E-03
5.00227191E+00	-1.12966155E+01	4.71918700E-03	-5.50377016E-03
2.49478340E+00	-1.20901915E+01	4.71701997E-03	-5.51833929E-03
-1.21829534E-01	-1.23346113E+01	4.71484719E-03	-5.53294732E-03
-2.72881439E+00	-1.20196601E+01	4.71266862E-03	-5.54759448E-03
-5.20804136E+00	-1.11604891E+01	4.71048423E-03	-5.56228100E-03
-7.44735587E+00	-9.79688880E+00	4.70829399E-03	-5.57700711E-03
-9.34565188E+00	-7.99144747E+00	4.70609785E-03	-5.59177303E-03
-1.08174365E+01	-5.82667866E+00	4.70389579E-03	-5.60657901E-03
-1.17966800E+01	-3.40125066E+00	4.70168777E-03	-5.62142526E-03
-1.22397774E+01	-8.25489592E-01	4.69947376E-03	-5.63631203E-03
-1.21274897E+01	1.78363869E+00	4.69725372E-03	-5.65123955E-03
-1.14657775E+01	4.30783976E+00	4.69502762E-03	-5.66620807E-03
-1.02854908E+01	6.63285367E+00	4.69279542E-03	-5.68121781E-03
-8.64093252E+00	8.65362666E+00	4.69055708E-03	-5.69626903E-03
-6.60736053E+00	1.02790576E+01	4.68831258E-03	-5.71136197E-03
-4.27754402E+00	1.14361049E+01	4.68606186E-03	-5.72649686E-03
-1.75753199E+00	1.20730678E+01	4.68380491E-03	-5.74167396E-03
8.38173617E-01	1.21618964E+01	4.68154168E-03	-5.75689352E-03
3.39182024E+00	1.16994254E+01	4.67927213E-03	-5.77215578E-03
5.78774621E+00	1.07074787E+01	4.67699623E-03	-5.78746100E-03
7.91761904E+00	9.23184090E+00	4.67471393E-03	-5.80280943E-03
9.68533348E+00	7.34014512E+00	4.67242521E-03	-5.81820133E-03
1.10113476E+01	5.11877335E+00	4.67013002E-03	-5.83363696E-03
1.18362616E+01	2.66891251E+00	4.66782833E-03	-5.84911657E-03
1.21234779E+01	1.01945495E-01	4.66552009E-03	-5.86464043E-03
1.18608244E+01	-2.46561253E+00	4.66320527E-03	-5.88020879E-03
1.10610672E+01	-4.91740249E+00	4.66088383E-03	-5.89582194E-03
9.76129313E+00	-7.14249441E+00	4.65855573E-03	-5.91148012E-03
8.02119097E+00	-9.04040604E+00	4.65622093E-03	-5.92718362E-03
5.92031085E+00	-1.05256402E+01	4.65387939E-03	-5.94293270E-03
3.55442797E+00	-1.15315359E+01	4.65153106E-03	-5.95872763E-03
1.03117679E+00	-1.20132597E+01	4.64917592E-03	-5.97456870E-03
-1.53484548E+00	-1.19498032E+01	4.64681391E-03	-5.99045618E-03
-4.02728317E+00	-1.13448980E+01	4.64444500E-03	-6.00639034E-03
-6.33329797E+00	-1.02268073E+01	4.64206914E-03	-6.02237147E-03
-8.34867712E+00	-8.64700686E+00	4.63968630E-03	-6.03839986E-03
-9.98254262E+00	-6.67781577E+00	4.63729643E-03	-6.05447578E-03
-1.11614488E+01	-4.40908617E+00	4.63489949E-03	-6.07059953E-03
-1.18326833E+01	-1.94410387E+00	4.63249543E-03	-6.08677140E-03
-1.19666237E+01	6.05113568E-01	4.63008421E-03	-6.10299168E-03
-1.15580431E+01	3.12290694E+00	4.62766580E-03	-6.11926065E-03
-1.06263095E+01	5.49522270E+00	4.62524014E-03	-6.13557863E-03
-9.21446875E+00	7.61477915E+00	4.62280719E-03	-6.15194591E-03
-7.38725716E+00	9.38591767E+00	4.62036691E-03	-6.16836278E-03
-5.22813333E+00	1.07289196E+01	4.61791925E-03	-6.18482956E-03
-2.83546668E+00	1.15835940E+01	4.61546417E-03	-6.20134654E-03
-3.18056089E-01	1.19119746E+01	4.61300162E-03	-6.21791405E-03
2.20981713E+00	1.17000057E+01	4.61053155E-03	-6.23453238E-03
4.63357686E+00	1.09581417E+01	4.60805393E-03	-6.25120185E-03
6.84354512E+00	9.72083435E+00	4.60556870E-03	-6.26792277E-03
8.73990480E+00	8.04493443E+00	4.60307581E-03	-6.28469547E-03
1.02372077E+01	6.00707976E+00	4.60057523E-03	-6.30152026E-03
1.12682246E+01	3.70019117E+00	4.59806690E-03	-6.31839746E-03
1.17869631E+01	1.22923590E+00	4.59555077E-03	-6.33532741E-03
1.17707186E+01	-1.29354831E+00	4.59302680E-03	-6.35231042E-03
1.12210672E+01	-3.75375105E+00	4.59049493E-03	-6.36934684E-03
1.01637553E+01	-6.03997759E+00	4.58795512E-03	-6.38643698E-03
8.64749584E+00	-8.04889241E+00	4.58540732E-03	-6.40358119E-03
6.74172378E+00	-9.68988955E+00	4.58285148E-03	-6.42077981E-03
4.53341745E+00	-1.08891788E+01	4.58028755E-03	-6.43803317E-03
2.12312904E+00	-1.15931033E+01	4.57771548E-03	-6.45534162E-03
-3.79593499E-01	-1.17705397E+01	4.57513521E-03	-6.47270550E-03
-2.86118521E+00	-1.14142733E+01	4.57254670E-03	-6.49012517E-03
-5.20921700E+00	-1.05412870E+01	4.56994989E-03	-6.50760097E-03
-7.31748896E+00	-9.19195463E+00	4.56734473E-03	-6.52513327E-03
-9.09083349E+00	-7.42817355E+00	4.56473117E-03	-6.54272241E-03
-1.04494108E+01	-5.33052639E+00	4.56210916E-03	-6.56036876E-03
-1.13323030E+01	-2.99459961E+00	4.55947864E-03	-6.57807267E-03
-1.17002453E+01	-5.26628153E-01	4.55683956E-03	-6.59583453E-03
-1.15373714E+01	1.96133572E+00	4.55419186E-03	-6.61365469E-03
-1.08518955E+01	4.35650959E+00	4.55153549E-03	-6.63153352E-03
-9.67570280E+00	6.55049315E+00	4.54887039E-03	-6.64947141E-03
-8.06286688E+00	8.44417392E+00	4.54619652E-03	-6.66746873E-03
-6.08716455E+00	9.95220428E+00	4.54351380E-03	-6.68552586E-03
-3.83870143E+00	1.10068477E+01	4.54082219E-03	-6.70364318E-03
-1.41980282E+00	1.15610208E+01	4.53812163E-03	-6.72182108E-03
1.05964266E+00	1.15903948E+01	4.53541206E-03	-6.74005996E-03
3.48717496E+00	1.10944623E+01	4.53269343E-03	-6.75836020E-03
5.75286320E+00	1.00965225E+01	4.52996566E-03	-6.77672220E-03
7.75428358E+00	8.64258887E+00	4.52722872E-03	-6.79514637E-03
9.40114931E+00	6.79926719E+00	4.52448253E-03	-6.81363310E-03
1.06193832E+01	4.65070543E+00	4.52172703E-03	-6.83218281E-03
1.13544494E+01	2.29475250E+00	4.51896218E-03	-6.85079590E-03
1.15737941E+01	-1.61497588E-01	4.51618789E-03	-6.86947278E-03
1.12682864E+01	-2.60657359E+00	4.51340412E-03	-6.88821388E-03
1.04525952E+01	-4.92968562E+00	4.51061081E-03	-6.90701961E-03
9.16448722E+00	-7.02574491E+00	4.50780788E-03	-6.92589039E-03
7.46307928E+00	-8.80011737E+00	4.50499528E-03	-6.94482667E-03
5.42612548E+00	-1.01728958E+01	4.50217294E-03	-6.96382885E-03
3.14646439E+00	-1.10824982E+01	4.49934080E-03	-6.98289739E-03
7.27788002E-01	-1.14884295E+01	4.49649879E-03	-7.00203272E-03
-1.72007446E+00	-1.13730842E+01	4.49364686E-03	-7.02123527E-03
-4.08614347E+00	-1.07425076E+01	4.49078493E-03	-7.04050551E-03
-6.26332048E+00	-9.62608528E+00	4.48791293E-03	-7.05984387E-03
-8.15323533E+00	-8.07517455E+00	4.48503081E-03	-7.07925081E-03
-9.67069062E+00	-6.16074245E+00	4.48213849E-03	-7.09872678E-03
-1.07475020E+01	-3.97011893E+00	4.47923590E-03	-7.11827226E-03
-1.13355614E+01	-1.60301349E+00	4.47632299E-03	-7.13788770E-03
-1.14089861E+01	8.33022957E-01	4.47339967E-03	-7.15757357E-03
-1.09652562E+01	3.22748446E+00	4.47046588E-03	-7.17733034E-03
-1.00252927E+01	5.47192261E+00	4.46752154E-03	-7.19715850E-03
-8.63247228E+00	7.46485809E+00	4.46456660E-03	-7.21705852E-03
-6.85062639E+00	9.11636860E+00	4.46160097E-03	-7.23703089E-03
-4.76111640E+00	1.03521459E+01	4.45862458E-03	-7.25707610E-03
-2.45911889E+00	1.11168387E+01	4.45563737E-03	-7.27719465E-03
-4.92906728E-02	1.13765318E+01	4.45263925E-03	-7.29738702E-03
2.35898895E+00	1.11202487E+01	4.44963015E-03	-7.31765373E-03
4.65658254E+00	1.03604137E+01	4.44661001E-03	-7.33799529E-03
6.73954009E+00	9.13225185E+00	4.44357874E-03	-7.35841219E-03
8.51380178E+00	7.49215680E+00	4.44053627E-03	-7.37890497E-03
9.89944505E+00	5.51510191E+00	4.43748251E-03	-7.39947413E-03
1.08342845E+01	3.29121342E+00	4.43441741E-03	-7.42012021E-03
1.12766619E+01	9.21662274E-01	4.43134086E-03	-7.44084374E-03
1.12073025E+01	-1.48593816E+00	4.42825281E-03	-7.46164525E-03
1.06301527E+01	-3.82241907E+00	4.42515316E-03	-7.48252527E-03
9.57216504E+00	-5.98200604E+00	4.42204185E-03	-7.50348436E-03
8.08204084E+00	-7.86710724E+00	4.41891877E-03	-7.52452306E-03
6.22798870E+00	-9.39272336E+00	4.41578387E-03	-7.54564193E-03
4.09460286E+00	-1.04902798E+01	4.41263705E-03	-7.56684152E-03
1.77900382E+00	-1.11107088E+01	4.40947823E-03	-7.58812241E-03
-6.13582704E-01	-1.12266421E+01	4.40630732E-03	-7.60948515E-03
-2.97460720E+00	-1.08336178E+01	4.40312425E-03	-7.63093033E-03
-5.19712088E+00	-9.95024593E+00	4.39992892E-03	-7.65245852E-03
-7.18061993E+00	-8.61732932E+00	4.39672126E-03	-7.67407031E-03
-8.83559009E+00	-6.89597949E+00	4.39350117E-03	-7.69576628E-03
-1.00875461E+01	-4.86481527E+00	4.39026856E-03	-7.71754704E-03
-1.08803835E+01	-2.61637246E+00	4.38702336E-03	-7.73941319E-03
-1.11788928E+01	-2.52888378E-01	4.38376546E-03	-7.76136532E-03
-1.09703218E+01	2.11834661E+00	4.38049479E-03	-7.78340406E-03
-1.02649184E+01	4.38985929E+00	4.37721124E-03	-7.80553002E-03
-9.09543053E+00	6.45886440E+00	4.37391473E-03	-7.82774383E-03
-7.51558600E+00	8.23191536E+00	4.37060516E-03	-7.85004610E-03
-5.59762528E+00	9.62912451E+00	4.36728244E-03	-7.87243749E-03
-3.42899837E+00	1.05877622E+01	4.36394648E-03	-7.89491863E-03
-1.10837784E+00	1.10650726E+01	4.36059718E-03	-7.91749017E-03
1.25883047E+00	1.10401803E+01	4.35723444E-03	-7.94015276E-03
3.56527485E+00	1.05150015E+01	4.35385818E-03	-7.96290706E-03
5.70652585E+00	9.51412177E+00	4.35046828E-03	-7.98575373E-03
7.58580425E+00	8.08364631E+00	4.34706466E-03	-8.00869345E-03
9.11835495E+00	6.28907653E+00	4.34364721E-03	-8.03172690E-03
1.02352691E+01	4.21231128E+00	4.34021583E-03	-8.05485476E-03
1.08865821E+01	1.94790958E+00	4.33677041E-03	-8.07807772E-03
1.10435081E+01	-4.01214535E-01	4.33331087E-03	-8.10139648E-03
1.06997115E+01	-2.72846907E+00	4.32983709E-03	-8.12481174E-03
9.87155854E+00	-4.92842043E+00	4.32634897E-03	-8.14832422E-03
8.59734015E+00	-6.90156970E+00	4.32284641E-03	-8.17193463E-03
6.93550229E+00	-8.55885249E+00	4.31932929E-03	-8.19564370E-03
4.96196552E+00	-9.82565883E+00	4.31579751E-03	-8.21945216E-03
2.76665700E+00	-1.06451917E+01	4.31225096E-03	-8.24336075E-03
4.49413120E-01	-1.09810131E+01	4.30868953E-03	-8.26737021E-03
-1.88456047E+00	-1.08186632E+01	4.30511312E-03	-8.29148130E-03
-4.12946510E+00	-1.01662814E+01	4.30152160E-03	-8.31569479E-03
-6.18370461E+00	-9.05420194E+00	4.29791487E-03	-8.34001143E-03
-7.95448302E+00	-7.53354416E+00	4.29429282E-03	-8.36443200E-03
-9.36199602E+00	-5.67386345E+00	4.29065532E-03	-8.38895729E-03
-1.03430273E+01	-3.55997006E+00	4.28700226E-03	-8.41358809E-03
-1.08537872E+01	-1.28806170E+00	4.28333352E-03	-8.43832520E-03
-1.08718670E+01	1.03865391E+00	4.27964899E-03	-8.46316942E-03
-1.03972205E+01	3.31464726E+00	4.27594855E-03	-8.48812157E-03
-9.45213161E+00	5.43685310E+00	4.27223207E-03	-8.51318247E-03
-8.08016866E+00	7.30933743E+00	4.26849943E-03	-8.53835296E-03
-6.34417714E+00	8.84763382E+00	4.26475051E-03	-8.56363387E-03
-4.32340112E+00	9.98255335E+00	4.26098519E-03	-8.58902605E-03
-2.10986635E+00	1.06632962E+01	4.25720334E-03	-8.61453035E-03
1.95810342E-01	1.08597249E+01	4.25340483E-03	-8.64014765E-03
2.48899427E+00	1.05636977E+01	4.24958953E-03	-8.66587882E-03
4.66578117E+00	9.78940314E+00	4.24575731E-03	-8.69172474E-03
6.62770477E+00	8.57268181E+00	4.24190805E-03	-8.71768629E-03
8.28619069E+00	6.96936825E+00	4.23804162E-03	-8.74376439E-03
9.56655494E+00	5.05272916E+00	4.23415786E-03	-8.76995994E-03
1.04113667E+01	2.91011573E+00	4.23025667E-03	-8.79627387E-03
1.07830238E+01	6.38982895E-01	4.22633788E-03	-8.82270709E-03
1.06654261E+01	-1.65754307E+00	4.22240138E-03	-8.84926055E-03
1.00646707E+01	-3.87534695E+00	4.21844701E-03	-8.87593520E-03
9.00874142E+00	-5.91404455E+00	4.21447465E-03	-8.90273199E-03
7.54620593E+00	-7.68152604E+00	4.21048414E-03	-8.92965190E-03
5.74398248E+00	-9.09811734E+00	4.20647534E-03	-8.95669590E-03
3.68427847E+00	-1.01001712E+01	4.20244812E-03	-8.98386497E-03
1.46084094E+00	-1.06429267E+01	4.19840231E-03	-9.01116012E-03
-8.25310032E-01	-1.07025077E+01	4.19433778E-03	-9.03858236E-03
-3.07047085E+00	-1.02769725E+01	4.19025437E-03	-9.06613271E-03
-5.17295829E+00	-9.38636721E+00	4.18615194E-03	-9.09381219E-03
-7.03771451E+00	-8.07178270E+00	4.18203033E-03	-9.12162184E-03
-8.58060449E+00	-6.39345961E+00	4.17788938E-03	-9.14956273E-03
-9.73221180E+00	-4.42802810E+00	4.17372894E-03	-9.17763591E-03
-1.04409613E+01	-2.26500941E+00	4.16954886E-03	-9.20584246E-03
-1.06754287E+01	-2.73864863E-03	4.16534897E-03	-9.23418346E-03
-1.04257325E+01	2.25610544E+00	4.16112911E-03	-9.26266002E-03
-9.70394864E+00	4.40916059E+00	4.15688912E-03	-9.29127324E-03
-8.54352824E+00	6.35901938E+00	4.15262883E-03	-9.32002424E-03
-6.99774844E+00	8.01763588E+00	4.14834809E-03	-9.34891416E-03
-5.13726666E+00	9.31030102E+00	4.14404671E-03	-9.37794414E-03
-3.04689128E+00	1.01790074E+01	4.13972454E-03	-9.40711535E-03
-8.21716018E-01	1.05850519E+01	4.13538139E-03	-9.43642895E-03
1.43720571E+00	1.05107593E+01	4.13101710E-03	-9.46588613E-03
3.62744977E+00	9.96025047E+00	4.12663149E-03	-9.49548808E-03
5.64986514E+00	8.95922101E+00	4.12222438E-03	-9.52523602E-03
7.41306221E+00	7.55374336E+00	4.11779560E-03	-9.55513117E-03
8.83754222E+00	5.80814660E+00	4.11334496E-03	-9.58517477E-03
9.85928135E+00	3.80207258E+00	4.10887227E-03	-9.61536806E-03
1.04326079E+01	1.62684260E+00	4.10437736E-03	-9.64571232E-03
1.05322434E+01	-6.18699450E-01	4.09986004E-03	-9.67620881E-03
1.01544160E+01	-2.83267838E+00	4.09532011E-03	-9.70685885E-03
9.31699767E+00	-4.91480931E+00	4.09075739E-03	-9.73766372E-03
8.05866038E+00	-6.77093992E+00	4.08617167E-03	-9.76862476E-03
6.43709092E+00	-8.31730767E+00	4.08156278E-03	-9.79974329E-03
4.52634664E+00	-9.48431954E+00	4.07693050E-03	-9.83102069E-03
2.41347369E+00	-1.02196836E+01	4.07227463E-03	-9.86245830E-03
1.94541777E-01	-1.04907517E+01	4.06759498E-03	-9.89405752E-03
-2.02972375E+00	-1.02859681E+01	4.06289134E-03	-9.92581975E-03
-4.15851390E+00	-9.61536026E+00	4.05816350E-03	-9.95774639E-03
-6.09550474E+00	-8.51005027E+00	4.05341126E-03	-9.98983889E-03
-7.75321560E+00	-7.02081155E+00	4.04863439E-03	-1.00220987E-02
-9.05695968E+00	-5.21573692E+00	4.04383269E-03	-1.00545272E-02
-9.94820869E+00	-3.17712556E+00	4.03900594E-03	-1.00871260E-02
-1.03872199E+01	-9.97731039E-01	4.03415392E-03	-1.01198966E-02
-1.03548078E+01	1.22345856E+00	4.02927640E-03	-1.01528404E-02
-9.85318114E+00	3.38571643E+00	4.02437317E-03	-1.01859590E-02
-8.90580941E+00	5.39114456E+00	4.01944399E-03	-1.02192540E-02
-7.55632580E+00	7.14910591E+00	4.01448864E-03	-1.02527268E-02
-5.86651817E+00	8.58032054E+00	4.00950688E-03	-1.02863792E-02
-3.91350040E+00	9.62044065E+00	4.00449848E-03	-1.03202127E-02
-1.78619364E+00	1.02229433E+01	3.99946320E-03	-1.03542289E-02
4.18721982E-01	1.03612108E+01	3.99440080E-03	-1.03884295E-02
2.60120095E+00	1.00297057E+01	3.98931104E-03	-1.04228162E-02
4.66237159E+00	9.24418859E+00	3.98419366E-03	-1.04573906E-02
6.50901492E+00	8.04097075E+00	3.97904842E-03	-1.04921544E-02
8.05778037E+00	6.47523587E+00	3.97387507E-03	-1.05271094E-02
9.23894759E+00	4.61850987E+00	3.96867335E-03	-1.05622573E-02
9.99956470E+00	2.55539371E+00	3.96344300E-03	-1.05975999E-02
1.03058217E+01	3.79708866E-01	3.95818376E-03	-1.06331390E-02
1.01445525E+01	-1.80976898E+00	3.95289537E-03	-1.06688764E-02
9.52379955E+00	-3.91379409E+00	3.94757756E-03	-1.07048139E-02
8.47241561E+00	-5.83714913E+00	3.94223005E-03	-1.07409533E-02
7.03872384E+00	-7.49295390E+00	3.93685257E-03	-1.07772966E-02
5.28829721E+00	-8.80658958E+00	3.93144485E-03	-1.08138457E-02
3.30095975E+00	-9.71906109E+00	3.92600659E-03	-1.08506024E-02
1.16714666E+00	-1.01896462E+01	3.92053753E-03	-1.08875688E-02
-1.01621073E+00	-1.01977121E+01	3.91503736E-03	-1.09247468E-02
-3.15008796E+00	-9.74361929E+00	3.90950579E-03	-1.09621384E-02
-5.13785834E+00	-8.84867202E+00	3.90394254E-03	-1.09997456E-02
-6.88966824E+00	-7.55411997E+00	3.89834730E-03	-1.10375705E-02
-8.32649842E+00	-5.91925764E+00	3.89271976E-03	-1.10756151E-02
-9.38372813E+00	-4.01870885E+00	3.88705963E-03	-1.11138816E-02
-1.00140410E+01	-1.93902082E+00	3.88136658E-03	-1.11523721E-02
-1.01895422E+01	2.25276720E-01	3.87564031E-03	-1.11910887E-02
-9.90299217E+00	2.37596803E+00	3.86988049E-03	-1.12300337E-02
-9.16810211E+00	4.41560815E+00	3.86408680E-03	-1.12692091E-02
-8.01887993E+00	6.25193773E+00	3.85825892E-03	-1.13086173E-02
-6.50805709E+00	7.80205600E+00	3.85239652E-03	-1.13482606E-02
-4.70466954E+00	8.99616298E+00	3.84649925E-03	-1.13881412E-02
-2.69090346E+00	9.78070220E+00	3.84056678E-03	-1.14282615E-02
-5.58350137E-01	1.01207623E+01	3.83459876E-03	-1.14686237E-02
1.59615966E+00	1.00016298E+01	3.82859485E-03	-1.15092304E-02
3.67495209E+00	9.42942445E+00	3.82255470E-03	-1.15500839E-02
5.58393803E+00	8.43078886E+00	3.81647793E-03	-1.15911867E-02
7.23687143E+00	7.05164912E+00	3.81036420E-03	-1.16325412E-02
8.55924555E+00	5.35510314E+00	3.80421313E-03	-1.16741500E-02
9.49165107E+00	3.41853421E+00	3.79802436E-03	-1.17160157E-02
9.99244476E+00	1.33008166E+00	3.79179750E-03	-1.17581407E-02
1.00396088E+01	-8.15370384E-01	3.78553217E-03	-1.18005278E-02
9.63171775E+00	-2.92050355E+00	3.77922798E-03	-1.18431796E-02
8.78797094E+00	-4.88997944E+00	3.77288455E-03	-1.18860987E-02
7.54728987E+00	-6.63475708E+00	3.76650148E-03	-1.19292880E-02
5.96652351E+00	-8.07611826E+00	3.76007835E-03	-1.19727500E-02
4.11784375E+00	-9.14921875E+00	3.75361477E-03	-1.20164878E-02
2.08545068E+00	-9.80600512E+00	3.74711032E-03	-1.20605041E-02
-3.82621199E-02	-1.00173662E+01	3.74056458E-03	-1.21048017E-02
-2.15690764E+00	-9.77442245E+00	3.73397712E-03	-1.21493836E-02
-4.17447977E+00	-9.08889688E+00	3.72734752E-03	-1.21942528E-02
-5.99970360E+00	-7.99255118E+00	3.72067533E-03	-1.22394123E-02
-7.55016445E+00	-6.53571501E+00	3.71396011E-03	-1.22848650E-02
-8.75602884E+00	-4.78497597E+00	3.70720141E-03	-1.23306141E-02
-9.56318957E+00	-2.82013640E+00	3.70039878E-03	-1.23766627E-02
-9.93569302E+00	-7.30576127E-01	3.69355176E-03	-1.24230140E-02
-9.85734008E+00	1.38881314E+00	3.68665987E-03	-1.24696712E-02
-9.33238925E+00	3.44193681E+00	3.67972264E-03	-1.25166375E-02
-8.38533151E+00	5.33585422E+00	3.67273959E-03	-1.25639162E-02
-7.05974874E+00	6.98498554E+00	3.66571023E-03	-1.26115108E-02
-5.41630861E+00	8.31497866E+00	3.65863407E-03	-1.26594245E-02
-3.52998843E+00	9.26606107E+00	3.65151060E-03	-1.27076610E-02
-1.48665480E+00	9.79572575E+00	3.64433931E-03	-1.27562235E-02
6.20844808E-01	9.88063049E+00	3.63711969E-03	-1.28051158E-02
2.69690074E+00	9.51762559E+00	3.62985120E-03	-1.28543414E-02
4.64747840E+00	8.72386497E+00	3.62253333E-03	-1.29039039E-02
6.38437728E+00	7.53599684E+00	3.61516552E-03	-1.29538071E-02
7.82921892E+00	6.00847229E+00	3.60774724E-03	-1.30040547E-02
8.91698354E+00	4.21104972E+00	3.60027792E-03	-1.30546506E-02
9.59893561E+00	2.22560944E+00	3.59275700E-03	-1.31055986E-02
9.84480697E+00	1.42423915E-01	3.58518391E-03	-1.31569026E-02
9.64413952E+00	-1.94394637E+00	3.57755807E-03	-1.32085667E-02
9.00672810E+00	-3.93894503E+00	3.56987888E-03	-1.32605949E-02
7.96214482E+00	-5.75230493E+00	3.56214576E-03	-1.33129912E-02
6.55836779E+00	-7.30213222E+00	3.55435809E-03	-1.33657599E-02
4.85957802E+00	-8.51860454E+00	3.54651526E-03	-1.34189053E-02
2.94322533E+00	-9.34711627E+00	3.53861664E-03	-1.34724315E-02
8.96497608E-01	-9.75072936E+00	3.53066159E-03	-1.35263430E-02
-1.18764566E+00	-9.71181952E+00	3.52264948E-03	-1.35806442E-02
-3.21469529E+00	-9.23284466E+00	3.51457965E-03	-1.36353396E-02
-5.09287784E+00	-8.33620197E+00	3.50645143E-03	-1.36904338E-02
-6.73731036E+00	-7.06318159E+00	3.49826415E-03	-1.37459313E-02
-8.07383635E+00	-5.47206578E+00	3.49001712E-03	-1.38018370E-02
-9.04236959E+00	-3.63546095E+00	3.48170965E-03	-1.38581556E-02
-9.59959511E+00	-1.63698478E+00	3.47334103E-03	-1.39148919E-02
-9.72090579E+00	4.32540518E-01	3.46491055E-03	-1.39720510E-02
-9.40148820E+00	2.47921543E+00	3.45641748E-03	-1.40296377E-02
-8.65650966E+00	4.41032338E+00	3.44786107E-03	-1.40876573E-02
-7.52039948E+00	6.13853065E+00	3.43924057E-03	-1.41461148E-02
-6.04525850E+00	7.58583575E+00	3.43055523E-03	-1.42050155E-02
-4.29847018E+00	8.68708974E+00	3.42180425E-03	-1.42643648E-02
-2.35962290E+00	9.39292847E+00	3.41298687E-03	-1.43241682E-02
-3.16883948E-01	9.67198496E+00	3.40410227E-03	-1.43844310E-02
1.73700953E+00	9.51228260E+00	3.39514964E-03	-1.44451589E-02
3.70896045E+00	8.92174756E+00	3.38612816E-03	-1.45063577E-02
5.50973137E+00	7.92781827E+00	3.37703698E-03	-1.45680330E-02
7.05798253E+00	6.57617136E+00	3.36787526E-03	-1.46301909E-02
8.28394572E+00	4.92862306E+00	3.35864211E-03	-1.46928371E-02
9.13256783E+00	3.06030237E+00	3.34933667E-03	-1.47559780E-02
9.56598276E+00	1.05622551E+00	3.33995803E-03	-1.48196195E-02
9.56520046E+00	-9.92572488E-01	3.33050528E-03	-1.48837681E-02
9.13093786E+00	-2.99317277E+00	3.32097749E-03	-1.49484300E-02
8.28355552E+00	-4.85498658E+00	3.31137373E-03	-1.50136118E-02
7.06210404E+00	-6.49385695E+00	3.30169304E-03	-1.50793201E-02
5.52252503E+00	-7.83586248E+00	3.29193443E-03	-1.51455617E-02
3.73508936E+00	-8.82065132E+00	3.28209693E-03	-1.52123432E-02
1.78119015E+00	-9.40415487E+00	3.27217951E-03	-1.52796718E-02
-2.50363332E-01	-9.56055943E+00	3.26218117E-03	-1.53475544E-02
-2.26738205E+00	-9.28344730E+00	3.25210084E-03	-1.54159983E-02
-4.17848034E+00	-8.58605726E+00	3.24193749E-03	-1.54850107E-02
-5.89721615E+00	-7.50065370E+00	3.23169002E-03	-1.55545991E-02
-7.34600071E+00	-6.07703461E+00	3.22135733E-03	-1.56247712E-02
-8.45960082E+00	-4.38024727E+00	3.21093832E-03	-1.56955345E-02
-9.18807577E+00	-2.48761645E+00	3.20043185E-03	-1.57668969E-02
-9.49901659E+00	-4.85220934E-01	3.18983676E-03	-1.58388665E-02
-9.37898720E+00	1.53602123E+00	3.17915187E-03	-1.59114513E-02
-8.83410362E+00	3.48448059E+00	3.16837599E-03	-1.59846596E-02
-7.88972604E+00	5.27196993E+00	3.15750790E-03	-1.60584998E-02
-6.58927936E+00	6.81773538E+00	3.14654635E-03	-1.61329805E-02
-4.99225688E+00	8.05210441E+00	3.13549009E-03	-1.62081104E-02
-3.17149892E+00	8.91962591E+00	3.12433783E-03	-1.62838985E-02
-1.20987086E+00	9.38156079E+00	3.11308826E-03	-1.63603536E-02
8.03507961E-01	9.41761142E+00	3.10174004E-03	-1.64374852E-02
2.77731280E+00	9.02681247E+00	3.09029183E-03	-1.65153024E-02
4.62215569E+00	8.22754438E+00	3.07874224E-03	-1.65938150E-02
6.25463334E+00	7.05666998E+00	3.06708986E-03	-1.66730326E-02
7.60109748E+00	5.56783492E+00	3.05533325E-03	-1.67529652E-02
8.60097714E+00	3.82901018E+00	3.04347096E-03	-1.68336228E-02
9.20950316E+00	1.91938924E+00	3.03150150E-03	-1.69150158E-02
9.39971225E+00	-7.42184565E-02	3.01942336E-03	-1.69971546E-02
9.16364097E+00	-2.06133359E+00	3.00723498E-03	-1.70800500E-02
8.51265681E+00	-3.95191306E+00	2.99493479E-03	-1.71637127E-02
7.47691271E+00	-5.66042997E+00	2.98252120E-03	-1.72481541E-02
6.10395104E+00	-7.10974247E+00	2.96999256E-03	-1.73333852E-02
4.45652179E+00	-8.23457660E+00	2.95734721E-03	-1.74194178E-02
2.60971494E+00	-8.98446573E+00	2.94458345E-03	-1.75062635E-02
6.47538138E-01	-9.32601442E+00	2.93169954E-03	-1.75939344E-02
-1.34090443E+00	-9.24438509E+00	2.91869374E-03	-1.76824427E-02
-3.26545809E+00	-8.74394128E+00	2.90556422E-03	-1.77718008E-02
-5.03900505E+00	-7.84801974E+00	2.89230916E-03	-1.78620216E-02
-6.58140764E+00	-6.59784312E+00	2.87892668E-03	-1.79531179E-02
-7.82312914E+00	-5.05062370E+00	2.86541488E-03	-1.80451031E-02
-8.70836840E+00	-3.27694553E+00	2.85177180E-03	-1.81379906E-02
-9.19756714E+00	-1.35754467E+00	2.83799546E-03	-1.82317942E-02
-9.26917716E+00	6.20365594E-01	2.82408383E-03	-1.83265281E-02
-8.92060862E+00	2.56705730E+00	2.81003485E-03	-1.84222064E-02
-8.16831767E+00	4.39435811E+00	2.79584639E-03	-1.85188440E-02
-7.04703075E+00	6.01964468E+00	2.78151631E-03	-1.86164557E-02
-5.60814217E+00	7.36957837E+00	2.76704241E-03	-1.87150569E-02
-3.91735886E+00	8.38341427E+00	2.75242244E-03	-1.88146631E-02
-2.05170010E+00	9.01573427E+00	2.73765411E-03	-1.89152903E-02
-9.59894349E-02	9.23848132E+00	2.72273508E-03	-1.90169546E-02
1.86100173E+00	9.04220370E+00	2.70766295E-03	-1.91196728E-02
3.73058327E+00	8.43645411E+00	2.69243530E-03	-1.92234617E-02
5.42816557E+00	7.44932697E+00	2.67704962E-03	-1.93283387E-02
6.87708652E+00	6.12615611E+00	2.66150338E-03	-1.94343216E-02
8.01207335E+00	4.52743321E+00	2.64579396E-03	-1.95414283E-02
8.78218278E+00	2.72604266E+00	2.62991872E-03	-1.96496774E-02
9.15308723E+00	8.03939063E-01	2.61387493E-03	-1.97590877E-02
9.10860439E+00	-1.15158106E+00	2.59765983E-03	-1.98696787E-02
8.65140216E+00	-3.05184383E+00	2.58127057E-03	-1.99814699E-02
7.80284807E+00	-4.81081872E+00	2.56470427E-03	-2.00944817E-02
6.60201167E+00	-6.34901321E+00	2.54795794E-03	-2.02087346E-02
5.10386612E+00	-7.59706500E+00	2.53102857E-03	-2.03242497E-02
3.37677193E+00	-8.49886952E+00	2.51391306E-03	-2.04410487E-02
1.49935793E+00	-9.01410171E+00	2.49660824E-03	-2.05591536E-02
-4.43058155E-01	-9.12001872E+00	2.47911086E-03	-2.06785870E-02
-2.36234672E+00	-8.81246299E+00	2.46141761E-03	-2.07993720E-02
-4.17156458E+00	-8.10602147E+00	2.44352510E-03	-2.09215322E-02
-5.78889329E+00	-7.03333520E+00	2.42542986E-03	-2.10450920E-02
-7.14133894E+00	-5.64359165E+00	2.40712834E-03	-2.11700760E-02
-8.16802634E+00	-4.00026970E+00	2.38861691E-03	-2.12965096E-02
-8.82293876E+00	-2.17824043E+00	2.36989183E-03	-2.14244188E-02
-9.07697999E+00	-2.60356124E-01	2.35094931E-03	-2.15538303E-02
-8.91926644E+00	1.66631691E+00	2.33178545E-03	-2.16847711E-02
-8.35759174E+00	3.51445076E+00	2.31239624E-03	-2.18172693E-02
-7.41804425E+00	5.20041385E+00	2.29277761E-03	-2.19513534E-02
-6.14379604E+00	6.64805522E+00	2.27292535E-03	-2.20870527E-02
-4.59311959E+00	7.79214386E+00	2.25283518E-03	-2.22243972E-02
-2.83672326E+00	8.58130770E+00	2.23250270E-03	-2.23634177E-02
-9.54527376E-01	8.98034004E+00	2.21192340E-03	-2.25041457E-02
9.67972129E-01	8.97176960E+00	2.19109266E-03	-2.26466135E-02
2.84358701E+00	8.55662456E+00	2.17000575E-03	-2.27908543E-02
4.58739060E+00	7.75435684E+00	2.14865781E-03	-2.29369021E-02
6.12056305E+00	6.60193172E+00	2.12704386E-03	-2.30847917E-02
7.37395372E+00	5.15212509E+00	2.10515880E-03	-2.32345590E-02
8.29119984E+00	3.47110691E+00	2.08299739E-03	-2.33862406E-02
8.83126070E+00	1.63542148E+00	2.06055425E-03	-2.35398742E-02
8.97025350E+00	-2.71497745E-01	2.03782388E-03	-2.36954984E-02
8.70250879E+00	-2.16312004E+00	2.01480061E-03	-2.38531530E-02
8.04079879E+00	-3.95374373E+00	1.99147864E-03	-2.40128787E-02
7.01572962E+00	-5.56237879E+00	1.96785200E-03	-2.41747173E-02
5.67432630E+00	-6.91640976E+00	1.94391457E-03	-2.43387118E-02
4.07787586E+00	-7.95487347E+00	1.91966008E-03	-2.45049065E-02
2.29912751E+00	-8.63120349E+00	1.89508205E-03	-2.46733465E-02
4.18977773E-01	-8.91531789E+00	1.87017386E-03	-2.48440787E-02
-1.47720844E+00	-8.79495661E+00	1.84492868E-03	-2.50171508E-02
-3.30347344E+00	-8.27620910E+00	1.81933952E-03	-2.51926122E-02
-4.97716320E+00	-7.38320957E+00	1.79339918E-03	-2.53705136E-02
-6.42266792E+00	-6.15701491E+00	1.76710025E-03	-2.55509070E-02
-7.57483750E+00	-4.65371754E+00	1.74043511E-03	-2.57338460E-02
-8.38191762E+00	-2.94187971E+00	1.71339594E-03	-2.59193859E-02
-8.80787419E+00	-1.09940684E+00	1.68597469E-03	-2.61075832E-02
-8.83400164E+00	7.89997734E-01	1.65816307E-03	-2.62984965E-02
-8.45974347E+00	2.64063517E+00	1.62995255E-03	-2.64921859E-02
-7.70268898E+00	4.36869803E+00	1.60133435E-03	-2.66887133E-02
-6.59774763E+00	5.89606528E+00	1.57229944E-03	-2.68881425E-02
-5.19553985E+00	7.15383380E+00	1.54283850E-03	-2.70905392E-02
-3.56007832E+00	8.08542643E+00	1.51294196E-03	-2.72959711E-02
-1.76584598E+00	8.64913663E+00	1.48259994E-03	-2.75045080E-02
1.05595876E-01	8.81999527E+00	1.45180226E-03	-2.77162218E-02
1.96931493E+00	8.59087587E+00	1.42053844E-03	-2.79311867E-02
3.74086215E+00	7.97278961E+00	1.38879765E-03	-2.81494792E-02
5.34009817E+00	6.99435778E+00	1.35656876E-03	-2.83711782E-02
6.69481831E+00	5.70048715E+00	1.32384027E-03	-2.85963651E-02
7.74401232E+00	4.15030922E+00	1.29060031E-03	-2.88251241E-02
8.44061173E+00	2.41447817E+00	1.25683663E-03	-2.90575418E-02
8.75360106E+00	5.71950851E-01	1.22253662E-03	-2.92937079E-02
8.66939817E+00	-1.29360452E+00	1.18768721E-03	-2.95337149E-02
8.19244243E+00	-3.09760744E+00	1.15227494E-03	-2.97776584E-02
7.34496526E+00	-4.75839962E+00	1.11628590E-03	-3.00256374E-02
6.16595469E+00	-6.20094106E+00	1.07970570E-03	-3.02777539E-02
4.70936221E+00	-7.36020036E+00	1.04251950E-03	-3.05341136E-02
3.04163423E+00	-8.18408613E+00	1.00471192E-03	-3.07948257E-02
1.23868124E+00	-8.63578742E+00	9.66267084E-04	-3.10600033E-02
-6.17577202E-01	-8.69541791E+00	9.27168564E-04	-3.13297634E-02
-2.44293439E+00	-8.36089062E+00	8.87399358E-04	-3.16042272E-02
-4.15471620E+00	-7.64798452E+00	8.46941874E-04	-3.18835200E-02
-5.67552532E+00	-6.58960140E+00	8.05777896E-04	-3.21677718E-02
-6.93674057E+00	-5.23424795E+00	7.63888562E-04	-3.24571172E-02
-7.88161286E+00	-3.64381301E+00	7.21254333E-04	-3.27516957E-02
-8.46781844E+00	-1.89074184E+00	6.77854961E-04	-3.30516521E-02
-8.66935424E+00	-5.47364551E-02	6.33669457E-04	-3.33571364E-02
-8.47769069E+00	1.78086778E+00	5.88676061E-04	-3.36683043E-02
-7.90213087E+00	3.53288449E+00	5.42852199E-04	-3.39853175E-02
-6.96936091E+00	5.12204590E+00	4.96174449E-04	-3.43083437E-02
-5.72221329E+00	6.47658906E+00	4.48618503E-04	-3.46375573E-02
-4.21770044E+00	7.53549622E+00	4.00159120E-04	-3.49731392E-02
-2.52440872E+00	8.25124320E+00	3.50770081E-04	-3.53152778E-02
-7.19372064E-01	8.59193195E+00	3.00424146E-04	-3.56641687E-02
1.11543241E+00	8.54271163E+00	2.49092999E-04	-3.60200155E-02
2.89680721E+00	8.10642480E+00	1.96747197E-04	-3.63830301E-02
4.54410678E+00	7.30345092E+00	1.43356112E-04	-3.67534329E-02
5.98288823E+00	6.17075516E+00	8.88878718E-05	-3.71314537E-02
7.14827529E+00	4.76018724E+00	3.33092944E-05	-3.75173317E-02
7.98788336E+00	3.13610826E+00	-2.34141773E-05	-3.79113164E-02
8.46417389E+00	1.37245433E+00	-8.13185490E-05	-3.83136678E-02
8.55613233E+00	-4.50629141E-01	-1.40441352E-04	-3.87246572E-02
8.26019447E+00	-2.25042929E+00	-2.00821724E-04	-3.91445680E-02
7.59038064E+00	-3.94541822E+00	-2.62500495E-04	-3.95736956E-02
6.57763268E+00	-5.45894592E+00	-3.25520284E-04	-4.00123492E-02
5.26838517E+00	-6.72270625E+00	-3.89925593E-04	-4.04608515E-02
3.72243675E+00	-7.67981937E+00	-4.55762913E-04	-4.09195402E-02
2.01021917E+00	-8.28739156E+00	-5.23080839E-04	-4.13887685E-02
2.09588691E-01	-8.51843712E+00	-5.91930189E-04	-4.18689063E-02
-1.59771385E+00	-8.36307638E+00	-6.62364132E-04	-4.23603407E-02
-3.32977355E+00	-7.82895655E+00	-7.34438325E-04	-4.28634776E-02
-4.90821399E+00	-6.94087768E+00	-8.08211061E-04	-4.33787425E-02
-6.26174357E+00	-5.73964184E+00	-8.83743427E-04	-4.39065818E-02
-7.32937523E+00	-4.28017886E+00	-9.61099475E-04	-4.44474640E-02
-8.06317414E+00	-2.62903488E+00	-1.04034640E-03	-4.50018812E-02
-8.43040952E+00	-8.61338288E-01	-1.12155473E-03	-4.55703507E-02
-8.41501411E+00	9.42618441E-01	-1.20479856E-03	-4.61534162E-02
-8.01828620E+00	2.70102560E+00	-1.29015575E-03	-4.67516502E-02
-7.25880345E+00	4.33426611E+00	-1.37770818E-03	-4.73656552E-02
-6.17155392E+00	5.76852027E+00	-1.46754202E-03	-4.79960663E-02
-4.80632471E+00	6.93910200E+00	-1.55974798E-03	-4.86435529E-02
-3.22542239E+00	7.79337603E+00	-1.65442169E-03	-4.93088216E-02
-1.50082976E+00	8.29312430E+00	-1.75166393E-03	-4.99926182E-02
2.89071521E-01	8.41625539E+00	-1.85158109E-03	-5.06957311E-02
2.06306312E+00	8.15778028E+00	-1.95428547E-03	-5.14189940E-02
3.74077519E+00	7.53001166E+00	-2.05989576E-03	-5.21632892E-02
5.24632728E+00	6.56197876E+00	-2.16853750E-03	-5.29295512E-02
6.51176009E+00	5.29808554E+00	-2.28034352E-03	-5.37187709E-02
7.48010286E+00	3.79607425E+00	-2.39545456E-03	-5.45319996E-02
8.10793794E+00	2.12438768E+00	-2.51401978E-03	-5.53703537E-02
8.36734718E+00	3.59050647E-01	-2.63619749E-03	-5.62350201E-02
8.24715278E+00	-1.41978725E+00	-2.76215578E-03	-5.71272615E-02
7.75339759E+00	-3.13149037E+00	-2.89207333E-03	-5.80484227E-02
6.90904424E+00	-4.69859211E+00	-3.02614026E-03	-5.89999374E-02
5.75290793E+00	-6.05030054E+00	-3.16455905E-03	-5.99833358E-02
4.33787250E+00	-7.12569622E+00	-3.30754553E-03	-6.10002526E-02
2.72847173E+00	-7.87647741E+00	-3.45533005E-03	-6.20524361E-02
9.97946500E-01	-8.26912924E+00	-3.60815868E-03	-6.31417585E-02
-7.75088105E-01	-8.28641941E+00	-3.76629461E-03	-6.42702268E-02
-2.51021391E+00	-7.92815349E+00	-3.93001961E-03	-6.54399952E-02
-4.12885694E+00	-7.21115705E+00	-4.09963574E-03	-6.66533792E-02
-5.55784538E+00	-6.16848642E+00	-4.27546720E-03	-6.79128703E-02
-6.73271715E+00	-4.84790515E+00	-4.45786239E-03	-6.92211536E-02
-7.60062755E+00	-3.30969633E+00	-4.64719618E-03	-7.05811270E-02
-8.12272589E+00	-1.62391101E+00	-4.84387252E-03	-7.19959222E-02
-8.27589418E+00	1.32821742E-01	-5.04832728E-03	-7.34689294E-02
-8.05377010E+00	1.88077789E+00	-5.26103143E-03	-7.50038239E-02
-7.46700905E+00	3.54075629E+00	-5.48249472E-03	-7.66045973E-02
-6.54277455E+00	5.03766712E+00	-5.71326966E-03	-7.82755917E-02
-5.32348129E+00	6.30392842E+00	-5.95395614E-03	-8.00215397E-02
-3.86484906E+00	7.28251702E+00	-6.20520661E-03	-8.18476087E-02
-2.23335669E+00	7.92953616E+00	-6.46773190E-03	-8.37594523E-02
-5.03212441E-01	8.21618427E+00	-6.74230796E-03	-8.57632689E-02
1.24702112E+00	8.13003648E+00	-7.02978339E-03	-8.78658685E-02
2.93799433E+00	7.67558201E+00	-7.33108817E-03	-9.00747510E-02
4.49316764E+00	6.87399419E+00	-7.64724363E-03	-9.23981945E-02
5.84227594E+00	5.76214470E+00	-7.97937386E-03	-9.48453602E-02
6.92450295E+00	4.39090798E+00	-8.32871896E-03	-9.74264126E-02
7.69122253E+00	2.82283369E+00	-8.69665033E-03	-1.00152661E-01
8.10818324E+00	1.12929372E+00	-9.08468844E-03	-1.03036725E-01
8.15703798E+00	-6.12766151E-01	-9.49452357E-03	-1.06092730E-01
7.83615047E+00	-2.32432204E+00	-9.92804005E-03	-1.09336540E-01
7.16064322E+00	-3.92785651E+00	-1.03873448E-02	-1.12786031E-01
6.16168589E+00	-5.35086916E+00	-1.08748011E-02	-1.16461422E-01
4.88505749E+00	-6.52915439E+00	-1.13930681E-02	-1.20385673E-01
3.38904885E+00	-7.40969808E+00	-1.19451491E-02	-1.24584964E-01
1.74180134E+00	-7.95306253E+00	-1.25344479E-02	-1.29089277E-01
1.82032894E-02	-8.13515246E+00	-1.31648375E-02	-1.33933122E-01
-1.70351442E+00	-7.94828285E+00	-1.38407432E-02	-1.39156411E-01
-3.34532888E+00	-7.40150147E+00	-1.45672436E-02	-1.44805573E-01
-4.83296079E+00	-6.52015260E+00	-1.53501939E-02	-1.50934928E-01
-6.09923473E+00	-5.34470285E+00	-1.61963788E-02	-1.57608444E-01
-7.08711239E+00	-3.92888358E+00	-1.71137012E-02	-1.64901978E-01
-7.75226147E+00	-2.33723502E+00	-1.81114180E-02	-1.72906172E-01
-8.06504491E+00	-6.42164425E-01	-1.92004376E-02	-1.81730236E-01
-8.01184085E+00	1.07934764E+00	-2.03936952E-02	-1.91506961E-01
-7.59563487E+00	2.74924316E+00	-2.17066325E-02	-2.02399448E-01
-6.83585859E+00	4.29192582E+00	-2.31578133E-02	-2.14610268E-01
-5.76748327E+00	5.63768305E+00	-2.47697184E-02	-2.28394177E-01
-4.43941055E+00	6.72583612E+00	-2.65697756E-02	-2.44076069E-01
-2.91223444E+00	7.50747577E+00	-2.85916962E-02	-2.62076881E-01
-1.25547694E+00	7.94766028E+00	-3.08771973E-02	-2.82951910E-01
4.55576641E-01	8.02697703E+00	-3.34781771E-02	-3.07449032E-01
2.14329852E+00	7.74239791E+00	-3.64593247E-02	-3.36600064E-01
3.73124011E+00	7.10739080E+00	-3.99008289E-02	-3.71869535E-01
5.14759474E+00	6.15128335E+00	-4.38998625E-02	-4.15407864E-01
6.32844452E+00	4.91790901E+00	-4.85664264E-02	-4.70505611E-01
7.22064461E+00	3.46359777E+00	-5.39991377E-02	-5.42463230E-01
7.78421482E+00	1.85460375E+00	-6.01915659E-02	-6.40398362E-01
7.99413073E+00	1.64087095E-01	-6.66815431E-02	-7.81423313E-01
7.84143433E+00	-1.53121238E+00	-7.11030814E-02	-1.00180932E+00
7.33361475E+00	-3.15445857E+00	-6.17450613E-02	-1.39384556E+00
6.49424306E+00	-4.63220133E+00	4.09955848E-02	-2.27717461E+00
5.36187879E+00	-5.89769977E+00	1.69074885E+00	-5.66498156E+00
3.98829899E+00	-6.89393643E+00	4.23054187E+00	5.40993809E+00
2.43613097E+00	-7.57618587E+00	7.73172791E-01	2.29466116E+00
7.75997124E-01	-7.91402232E+00	3.66896379E-01	1.40117841E+00
-9.16698140E-01	-7.89267608E+00	2.32832648E-01	1.00506205E+00
-2.56519313E+00	-7.51367829E+00	1.68982097E-01	7.82828238E-01
-4.09484974E+00	-6.79476596E+00	1.32318010E-01	6.40829846E-01
-5.43653259E+00	-5.76905272E+00	1.08743140E-01	5.42323163E-01
-6.52973352E+00	-4.48350399E+00	9.23941500E-02	4.70002578E-01
-7.32530021E+00	-2.99678688E+00	8.04276022E-02	4.14660373E-01
-7.78764583E+00	-1.37659307E+00	7.13078446E-02	3.70949735E-01
-7.89634055E+00	3.03443022E-01	6.41366096E-02	3.35554329E-01
-7.64701355E+00	1.96709057E+00	5.83550808E-02	3.06308505E-01
-7.05152591E+00	3.53898113E+00	5.35981607E-02	2.81738264E-01
-6.13740763E+00	4.94802283E+00	4.96176069E-02	2.60805664E-01
-4.94658538E+00	6.13061546E+00	4.62389466E-02	2.42758716E-01
-3.53345987E+00	7.03352102E+00	4.33360816E-02	2.27039289E-01
-1.96242088E+00	7.61626006E+00	4.08156742E-02	2.13224433E-01
-3.04913560E-01	7.85292620E+00	3.86071957E-02	2.00987800E-01
1.36381045E+00	7.73333723E+00	3.66563842E-02	1.90073561E-01
2.96810931E+00	7.26347193E+00	3.49208259E-02	1.80278333E-01
4.43537955E+00	6.46517372E+00	3.33668983E-02	1.71438401E-01
5.69934162E+00	5.37513585E+00	3.19676114E-02	1.63420496E-01
6.70303362E+00	4.04321522E+00	3.07010536E-02	1.56115035E-01
7.40137815E+00	2.53015225E+00	2.95492540E-02	1.49431079E-01
7.76320647E+00	9.04801173E-01	2.84973367E-02	1.43292534E-01
7.77264920E+00	-7.59003139E-01	2.75328838E-02	1.37635240E-01
7.42983152E+00	-2.38579904E+00	2.66454487E-02	1.32404720E-01
6.75084233E+00	-3.90192051E+00	2.58261808E-02	1.27554419E-01
5.76698011E+00	-5.23883275E+00	2.50675327E-02	1.23044315E-01
4.52331065E+00	-6.33623003E+00	2.43630291E-02	1.18839812E-01
3.07660309E+00	-7.14475579E+00	2.37070832E-02	1.14910853E-01
1.49273888E+00	-7.62822218E+00	2.30948501E-02	1.11231193E-01
-1.56288198E-01	-7.76522936E+00	2.25221073E-02	1.07777822E-01
-1.79564426E+00	-7.55011216E+00	2.19851582E-02	1.04530474E-01
-3.35105116E+00	-6.99317206E+00	2.14807529E-02	1.01471234E-01
-4.75215180E+00	-6.12018534E+00	2.10060229E-02	9.85842040E-02
-5.93569244E+00	-4.97121057E+00	2.05584265E-02	9.58552300E-02
-6.84837815E+00	-3.59875088E+00	2.01357038E-02	9.32716668E-02
-7.44927242E+00	-2.06535499E+00	1.97358388E-02	9.08221832E-02
-7.71163293E+00	-4.40766862E-01	1.93570274E-02	8.84965956E-02
-7.62410122E+00	1.20124631E+00	1.89976500E-02	8.62857258E-02
-7.19119329E+00	2.78624344E+00	1.86562490E-02	8.41812805E-02
-6.43307000E+00	4.24248415E+00	1.83315087E-02	8.21757471E-02
-5.38459889E+00	5.50417575E+00	1.80222387E-02	8.02623036E-02
-4.09375093E+00	6.51444550E+00	1.77273592E-02	7.84347413E-02
-2.61940596E+00	7.22790399E+00	1.74458885E-02	7.66873973E-02
-1.02866726E+00	7.61268416E+00	1.71769321E-02	7.50150959E-02
6.06192448E-01	7.65186418E+00	1.69196733E-02	7.34130972E-02
2.21101434E+00	7.34421092E+00	1.66733647E-02	7.18770524E-02
3.71311729E+00	6.70421116E+00	1.64373215E-02	7.04029638E-02
5.04458930E+00	5.76139044E+00	1.62109145E-02	6.89871508E-02
6.14535774E+00	4.55895138E+00	1.59935651E-02	6.76262184E-02
6.96589944E+00	3.15179431E+00	1.57847398E-02	6.63170302E-02
7.46946841E+00	1.60401095E+00	1.55839463E-02	6.50566845E-02
7.63374114E+00	-1.40345931E-02	1.53907296E-02	6.38424926E-02
7.45180554E+00	-1.62890449E+00	1.52046681E-02	6.26719594E-02
6.93245009E+00	-3.16742007E+00	1.50253712E-02	6.15427666E-02
6.09974086E+00	-4.55997780E+00	1.48524760E-02	6.04527572E-02
4.99190688E+00	-5.74369800E+00	1.46856451E-02	5.93999216E-02
3.65958547E+00	-6.66526391E+00	1.45245644E-02	5.83823853E-02
2.16350793E+00	-7.28332292E+00	1.43689412E-02	5.73983978E-02
5.71731416E-01	-7.57034183E+00	1.42185023E-02	5.64463224E-02
-1.04345677E+00	-7.51383294E+00	1.40729923E-02	5.55246274E-02
-2.60882181E+00	-7.11689633E+00	1.39321724E-02	5.46318771E-02
-4.05350176E+00	-6.39805494E+00	1.37958189E-02	5.37667253E-02
-5.31221515E+00	-5.39039091E+00	1.36637222E-02	5.29279079E-02
-6.32821075E+00	-4.14002349E+00	1.35356855E-02	5.21142366E-02
-7.05582601E+00	-2.70399852E+00	1.34115240E-02	5.13245938E-02
-7.46253905E+00	-1.14768605E+00	1.32910640E-02	5.05579271E-02
-7.53042190E+00	4.58195217E-01	1.31741418E-02	4.98132446E-02
-7.25693000E+00	2.04079119E+00	1.30606035E-02	4.90896107E-02
-6.65499344E+00	3.52841736E+00	1.29503039E-02	4.83861423E-02
-5.75240665E+00	4.85380568E+00	1.28431057E-02	4.77020047E-02
-4.59054550E+00	5.95714602E+00	1.27388797E-02	4.70364090E-02
-3.22247086E+00	6.78878506E+00	1.26375036E-02	4.63886083E-02
-1.71050562E+00	7.31146055E+00	1.25388615E-02	4.57578956E-02
-1.23395782E-01	7.50197049E+00	1.24428439E-02	4.51436007E-02
1.46681511E+00	7.35220259E+00	1.23493472E-02	4.45450880E-02
2.98805606E+00	6.86947821E+00	1.22582729E-02	4.39617543E-02
4.37149479E+00	6.07619635E+00	1.21695278E-02	4.33930268E-02
5.55465210E+00	5.00879487E+00	1.20830231E-02	4.28383610E-02
6.48422329E+00	3.71607716E+00	1.19986749E-02	4.22972394E-02
7.11847953E+00	2.25698103E+00	1.19164031E-02	4.17691693E-02
7.42914072E+00	6.97891811E-01	1.18361316E-02	4.12536818E-02
7.40263603E+00	-8.90377797E-01	1.17577880E-02	4.07503302E-02
7.04069582E+00	-2.43580384E+00	1.16813033E-02	4.02586886E-02
6.36024921E+00	-3.86841701E+00	1.16066119E-02	3.97783508E-02
5.39263299E+00	-5.12347035E+00	1.15336510E-02	3.93089292E-02
4.18214891E+00	-6.14436529E+00	1.14623610E-02	3.88500537E-02
2.78403563E+00	-6.88520382E+00	1.13926847E-02	3.84013709E-02
1.26194816E+00	-7.31285174E+00	1.13245677E-02	3.79625428E-02
-3.14940013E-01	-7.40842022E+00	1.12579579E-02	3.75332462E-02
-1.87508052E+00	-7.16809945E+00	1.11928056E-02	3.71131721E-02
-3.34779627E+00	-6.60330763E+00	1.11290632E-02	3.67020244E-02
-4.66648304E+00	-5.74014961E+00	1.10666851E-02	3.62995198E-02
-5.77162156E+00	-4.61821082E+00	1.10056276E-02	3.59053867E-02
-6.61346368E+00	-3.28874212E+00	1.09458492E-02	3.55193649E-02
-7.15427153E+00	-1.81231890E+00	1.08873096E-02	3.51412046E-02
-7.37000897E+00	-2.56081267E-01	1.08299705E-02	3.47706666E-02
-7.25140929E+00	1.30931900E+00	1.07737952E-02	3.44075209E-02
-6.80437202E+00	2.81292576E+00	1.07187483E-02	3.40515468E-02
-6.04967177E+00	4.18669466E+00	1.06647958E-02	3.37025324E-02
-5.02199341E+00	5.36857218E+00	1.06119053E-02	3.33602739E-02
-3.76833832E+00	6.30529849E+00	1.05600455E-02	3.30245755E-02
-2.34587510E+00	6.95480723E+00	1.05091863E-02	3.26952488E-02
-8.19332750E-01	7.28811437E+00	1.04592987E-02	3.23721127E-02
7.41944615E-01	7.29061122E+00	1.04103551E-02	3.20549927E-02
2.26714756E+00	6.96270383E+00	1.03623286E-02	3.17437208E-02
3.68721265E+00	6.31977111E+00	1.03151934E-02	3.14381355E-02
4.93794953E+00	5.39144432E+00	1.02689248E-02	3.11380809E-02
5.96294233E+00	4.22024187E+00	1.02234989E-02	3.08434067E-02
6.71609412E+00	2.85962223E+00	1.01788927E-02	3.05539683E-02
7.16369979E+00	1.37154409E+00	1.01350840E-02	3.02696259E-02
7.28595406E+00	-1.76354877E-01	1.00920514E-02	2.99902449E-02
7.07782718E+00	-1.71383216E+00	1.00497742E-02	2.97156953E-02
6.54926974E+00	-3.17122780E+00	1.00082326E-02	2.94458514E-02
5.72473814E+00	-4.48262036E+00	9.96740732E-03	2.91805923E-02
4.64206357E+00	-5.58880851E+00	9.92727982E-03	2.89198007E-02
3.35071650E+00	-6.43998343E+00	9.88783218E-03	2.86633636E-02
1.90954648E+00	-6.99797134E+00	9.84904709E-03	2.84111716E-02
3.84100494E-01	-7.23794516E+00	9.81090782E-03	2.81631190E-02
-1.15635811E+00	-7.14952877E+00	9.77339821E-03	2.79191036E-02
-2.64199432E+00	-6.73724451E+00	9.73650261E-03	2.76790265E-02
-4.00556725E+00	-6.02028484E+00	9.70020591E-03	2.74427920E-02
-5.18547326E+00	-5.03161959E+00	9.66449349E-03	2.72103076E-02
-6.12852892E+00	-3.81648015E+00	9.62935117E-03	2.69814835E-02
-6.79236804E+00	-2.43029040E+00	9.59476527E-03	2.67562329E-02
-7.14734459E+00	-9.36138994E-01	9.56072251E-03	2.65344718E-02
-7.17785631E+00	5.98091756E-01	9.52721004E-03	2.63161186E-02
-6.88302973E+00	2.10280975E+00	9.49421542E-03	2.61010944E-02
-6.27673660E+00	3.50986960E+00	9.46172659E-03	2.58893227E-02
-5.38694216E+00	4.75565859E+00	9.42973185E-03	2.56807292E-02
-4.25441562E+00	5.78397243E+00	9.39821988E-03	2.54752420E-02
-2.93086248E+00	6.54855073E+00	9.36717969E-03	2.52727912E-02
-1.47656415E+00	7.01515780E+00	9.33660061E-03	2.50733091E-02
4.23673883E-02	7.16311536E+00	9.30647232E-03	2.48767300E-02
1.55699484E+00	6.98621831E+00	9.27678478E-03	2.46829900E-02
2.99868416E+00	6.49299326E+00	9.24752825E-03	2.44920272E-02
4.30221448E+00	5.70628897E+00	9.21869329E-03	2.43037814E-02
5.40872848E+00	4.66221843E+00	9.19027070E-03	2.41181942E-02
6.26838972E+00	3.40850140E+00	9.16225159E-03	2.39352088E-02
6.84262700E+00	2.00228364E+00	9.13462729E-03	2.37547700E-02
7.10586469E+00	5.07532326E-01	9.10738938E-03	2.35768242E-02
7.04666135E+00	-1.00787353E+00	9.08052970E-03	2.34013193E-02
6.66820610E+00	-2.47522545E+00	9.05404030E-03	2.32282045E-02
5.98815107E+00	-3.82810050E+00	9.02791345E-03	2.30574307E-02
5.03778879E+00	-5.00536797E+00	9.00214164E-03	2.28889497E-02
3.86061262E+00	-5.95395136E+00	8.97671757E-03	2.27227150E-02
2.51032653E+00	-6.63122113E+00	8.95163412E-03	2.25586812E-02
1.04839531E+00	-7.00691021E+00	8.92688438E-03	2.23968041E-02
-4.58753124E-01	-7.06446625E+00	8.90246163E-03	2.22370408E-02
-1.94274594E+00	-6.80178021E+00	8.87835931E-03	2.20793492E-02
-3.33636701E+00	-6.23125929E+00	8.85457105E-03	2.19236887E-02
-4.57660121E+00	-5.37924189E+00	8.83109064E-03	2.17700196E-02
-5.60748362E+00	-4.28478205E+00	8.80791203E-03	2.16183032E-02
-6.38262467E+00	-2.99785970E+00	8.78502935E-03	2.14685018E-02
-6.86729745E+00	-1.57709845E+00	8.76243684E-03	2.13205786E-02
-7.03999319E+00	-8.70952723E-02	8.74012893E-03	2.11744979E-02
-6.89337521E+00	1.40451629E+00	8.71810017E-03	2.10302249E-02
-6.43458924E+00	2.83013595E+00	8.69634524E-03	2.08877254E-02
-5.68491676E+00	4.12526021E+00	8.67485898E-03	2.07469663E-02
-4.67878846E+00	5.23140066E+00	8.65363634E-03	2.06079153E-02
-3.46220319E+00	6.09872519E+00	8.63267239E-03	2.04705409E-02
-2.09062521E+00	6.68830269E+00	8.61196235E-03	2.03348122E-02
-6.26455800E-01	6.97385028E+00	8.59150153E-03	2.02006993E-02
8.63805605E-01	6.94290454E+00	8.57128537E-03	2.00681728E-02
2.31258149E+00	6.59736464E+00	8.55130941E-03	1.99372041E-02
3.65428046E+00	5.95338374E+00	8.53156930E-03	1.98077654E-02
4.82826667E+00	5.04061458E+00	8.51206080E-03	1.96798293E-02
5.78159994E+00	3.90084446E+00	8.49277977E-03	1.95533694E-02
6.47142286E+00	2.58608246E+00	8.47372216E-03	1.94283595E-02
6.86688722E+00	1.15618642E+00	8.45488403E-03	1.93047743E-02
6.95053314E+00	-3.23862064E-01	8.43626152E-03	1.91825890E-02
6.71905933E+00	-1.78691054E+00	8.41785086E-03	1.90617794E-02
6.18345044E+00	-3.16668238E+00	8.39964837E-03	1.89423219E-02
5.36845690E+00	-4.40077896E+00	8.38165046E-03	1.88241933E-02
4.31145158E+00	-5.43350139E+00	8.36385361E-03	1.87073709E-02
3.06071633E+00	-6.21836422E+00	8.34625440E-03	1.85918329E-02
1.67323681E+00	-6.72018757E+00	8.32884946E-03	1.84775574E-02
2.12106266E-01	-6.91667377E+00	8.31163552E-03	1.83645235E-02
-1.25634330E+00	-6.79939759E+00	8.29460937E-03	1.82527104E-02
-2.66555232E+00	-6.37416628E+00	8.27776788E-03	1.81420980E-02
-3.95175039E+00	-5.66073409E+00	8.26110799E-03	1.80326665E-02
-5.05684188E+00	-4.69188512E+00	8.24462668E-03	1.79243967E-02
-5.93102986E+00	-3.51192714E+00	8.22832104E-03	1.78172695E-02
-6.53505976E+00	-2.17466555E+00	8.21218818E-03	1.77112666E-02
-6.84198182E+00	-7.40950074E-01	8.19622532E-03	1.76063698E-02
-6.83835309E+00	7.24093917E-01	8.18042969E-03	1.75025614E-02
-6.52482545E+00	2.15402350E+00	8.16479861E-03	1.73998241E-02
-5.91609394E+00	3.48409139E+00	8.14932946E-03	1.72981409E-02
-5.04020877E+00	4.65417750E+00	8.13401965E-03	1.71974953E-02
-3.93728314E+00	5.61150626E+00	8.11886667E-03	1.70978708E-02
-2.65765644E+00	6.31302682E+00	8.10386805E-03	1.69992517E-02
-1.25959693E+00	6.72734874E+00	8.08902137E-03	1.69016222E-02
1.93351414E-01	6.83614631E+00	8.07432427E-03	1.68049672E-02
1.63525685E+00	6.63496852E+00	8.05977443E-03	1.67092717E-02
3.00079156E+00	6.13341899E+00	8.04536958E-03	1.66145210E-02
4.22819131E+00	5.35469870E+00	8.03110750E-03	1.65207007E-02
5.26204885E+00	4.33453320E+00	8.01698601E-03	1.64277968E-02
6.05581498E+00	3.11953392E+00	8.00300297E-03	1.63357955E-02
6.57389418E+00	1.76506874E+00	7.98915630E-03	1.62446833E-02
6.79324052E+00	3.32739038E-01	7.97544394E-03	1.61544469E-02
6.70438242E+00	-1.11242180E+00	7.96186390E-03	1.60650733E-02
6.31183054E+00	-2.50490097E+00	7.94841419E-03	1.59765498E-02
5.63385146E+00	-3.78167595E+00	7.93509289E-03	1.58888639E-02
4.70161824E+00	-4.88506667E+00	7.92189810E-03	1.58020034E-02
3.55777744E+00	-5.76534116E+00	7.90882798E-03	1.57159563E-02
2.25449848E+00	-6.38295680E+00	7.89588071E-03	1.56307108E-02
8.51094372E-01	-6.71033637E+00	7.88305449E-03	1.55462554E-02
-5.88677410E-01	-6.73309903E+00	7.87034758E-03	1.54625787E-02
-1.99951134E+00	-6.45069132E+00	7.85775827E-03	1.53796696E-02
-3.31751582E+00	-5.87639056E+00	7.84528486E-03	1.52975172E-02
-4.48310643E+00	-5.03668139E+00	7.83292572E-03	1.52161109E-02
-5.44369945E+00	-3.97003483E+00	7.82067922E-03	1.51354401E-02
-6.15608391E+00	-2.72514601E+00	7.80854377E-03	1.50554946E-02
-6.58836511E+00	-1.35871132E+00	7.79651781E-03	1.49762642E-02
-6.72139232E+00	6.71535705E-02	7.78459980E-03	1.48977390E-02
-6.54960664E+00	1.48773717E+00	7.77278826E-03	1.48199092E-02
-6.08127156E+00	2.83866890E+00	7.76108169E-03	1.47427654E-02
-5.33807683E+00	4.05883575E+00	7.74947866E-03	1.46662981E-02
-4.35413441E+00	5.09314671E+00	7.73797775E-03	1.45904982E-02
-3.17441307E+00	5.89501996E+00	7.72657755E-03	1.45153565E-02
-1.85268341E+00	6.42848055E+00	7.71527670E-03	1.44408641E-02
-4.49067262E-01	6.66977409E+00	7.70407385E-03	1.43670124E-02
9.72696920E-01	6.60842406E+00	7.69296768E-03	1.42937928E-02
2.34814829E+00	6.24768578E+00	7.68195690E-03	1.42211969E-02
3.61502600E+00	5.60437732E+00	7.67104022E-03	1.41492163E-02
4.71608734E+00	4.70809602E+00	7.66021641E-03	1.40778430E-02
5.60169401E+00	3.59985716E+00	7.64948421E-03	1.40070690E-02
6.23204971E+00	2.33021725E+00	7.63884244E-03	1.39368863E-02
6.57898825E+00	9.56967935E-01	7.62828990E-03	1.38672875E-02
6.62723170E+00	-4.57494428E-01	7.61782542E-03	1.37982647E-02
6.37506254E+00	-1.84900369E+00	7.60744786E-03	1.37298107E-02
5.83438026E+00	-3.15453464E+00	7.59715609E-03	1.36619180E-02
5.03014065E+00	-4.31505736E+00	7.58694901E-03	1.35945795E-02
3.99920440E+00	-5.27820621E+00	7.57682552E-03	1.35277882E-02
2.78864792E+00	-6.00064240E+00	7.56678455E-03	1.34615370E-02
1.45361385E+00	-6.45000395E+00	7.55682507E-03	1.33958191E-02
5.47994561E-02	-6.60635504E+00	7.54694602E-03	1.33306279E-02
-1.34430284E+00	-6.46306995E+00	7.53714640E-03	1.32659566E-02
-2.68028724E+00	-6.02711245E+00	7.52742520E-03	1.32017989E-02
-3.89270785E+00	-5.31869890E+00	7.51778144E-03	1.31381482E-02
-4.92681341E+00	-4.37036126E+00	7.50821416E-03	1.30749984E-02
-5.73601958E+00	-3.22545342E+00	7.49872240E-03	1.30123433E-02
-6.28400725E+00	-1.93616955E+00	7.48930524E-03	1.29501767E-02
-6.54635240E+00	-5.61164788E-01	7.47996174E-03	1.28884927E-02
-6.51161424E+00	8.37113017E-01	7.47069101E-03	1.28272854E-02
-6.18183334E+00	2.19525934E+00	7.46149215E-03	1.27665491E-02
-5.57241801E+00	3.45178789E+00	7.45236430E-03	1.27062779E-02
-4.71142500E+00	4.54991403E+00	7.44330658E-03	1.26464663E-02
-3.63826817E+00	5.44012085E+00	7.43431816E-03	1.25871089E-02
-2.40191451E+00	6.08239175E+00	7.42539820E-03	1.25282001E-02
-1.05864996E+00	6.44800908E+00	7.41654587E-03	1.24697347E-02
3.30482775E-01	6.52083779E+00	7.40776037E-03	1.24117073E-02
1.70245817E+00	6.29803693E+00	7.39904091E-03	1.23541128E-02
2.99512713E+00	5.79016754E+00	7.39038670E-03	1.22969461E-02
4.15003219E+00	5.02069299E+00	7.38179697E-03	1.22402022E-02
5.11505090E+00	4.02489538E+00	7.37327097E-03	1.21838761E-02
5.84674799E+00	2.84825810E+00	7.36480795E-03	1.21279630E-02
6.31233018E+00	1.54438856E+00	7.35640717E-03	1.20724581E-02
6.49111564E+00	1.72575987E-01	7.34806791E-03	1.20173567E-02
6.37545219E+00	-1.20490434E+00	7.33978946E-03	1.19626542E-02
5.97104369E+00	-2.52561804E+00	7.33157112E-03	1.19083459E-02
5.29667059E+00	-3.72980132E+00	7.32341220E-03	1.18544275E-02
4.38331825E+00	-4.76306517E+00	7.31531201E-03	1.18008943E-02
3.27275361E+00	-5.57885180E+00	7.30726989E-03	1.17477422E-02
2.01561546E+00	-6.14053223E+00	7.29928518E-03	1.16949667E-02
6.69105589E-01	-6.42305072E+00	7.29135722E-03	1.16425636E-02
-7.05613781E-01	-6.41404210E+00	7.28348539E-03	1.15905289E-02
-2.04619801E+00	-6.11437220E+00	7.27566904E-03	1.15388583E-02
-3.29194727E+00	-5.53807785E+00	7.26790756E-03	1.14875478E-02
-4.38655480E+00	-4.71171007E+00	7.26020033E-03	1.14365934E-02
-5.28065175E+00	-3.67311122E+00	7.25254676E-03	1.13859912E-02
-5.93403359E+00	-2.46968225E+00	7.24494624E-03	1.13357374E-02
-6.31746780E+00	-1.15621958E+00	7.23739820E-03	1.12858280E-02
-6.41400137E+00	2.07579772E-01	7.22990205E-03	1.12362594E-02
-6.21970985E+00	1.55983133E+00	7.22245724E-03	1.11870277E-02
-5.74385472E+00	2.83927108E+00	7.21506319E-03	1.11381295E-02
-5.00844301E+00	3.98803086E+00	7.20771935E-03	1.10895610E-02
-4.04720994E+00	4.95425560E+00	7.20042519E-03	1.10413188E-02
-2.90407168E+00	5.69444386E+00	7.19318017E-03	1.09933992E-02
-1.63111918E+00	6.17540610E+00	7.18598375E-03	1.09457989E-02
-2.86244622E-01	6.37575267E+00	7.17883542E-03	1.08985145E-02
1.06949128E+00	6.28684458E+00	7.17173466E-03	1.08515426E-02
2.37463142E+00	5.91316503E+00	7.16468097E-03	1.08048799E-02
3.57010808E+00	5.27209562E+00	7.15767384E-03	1.07585232E-02
4.60191605E+00	4.39310840E+00	7.15071279E-03	1.07124691E-02
5.42355214E+00	3.31641127E+00	7.14379733E-03	1.06667146E-02
5.99811081E+00	2.09110896E+00	7.13692698E-03	1.06212566E-02
6.29994167E+00	7.72963709E-01	7.13010127E-03	1.05760919E-02
6.31579424E+00	-5.78142268E-01	7.12331973E-03	1.05312175E-02
6.04539896E+00	-1.90092700E+00	7.11658191E-03	1.04866304E-02
5.50145905E+00	-3.13548818E+00	7.10988735E-03	1.04423277E-02
4.70905445E+00	-4.22601570E+00	7.10323560E-03	1.03983064E-02
3.70448581E+00	-5.12331444E+00	7.09662623E-03	1.03545636E-02
2.53361179E+00	-5.78702336E+00	7.09005880E-03	1.03110966E-02
1.24975578E+00	-6.18743074E+00	7.08353288E-03	1.02679025E-02
-8.87223147E-02	-6.30680393E+00	7.07704805E-03	1.02249785E-02
-1.42107882E+00	-6.14017423E+00	7.07060390E-03	1.01823219E-02
-2.68694280E+00	-5.69554194E+00	7.06420000E-03	1.01399301E-02
-3.82905143E+00	-4.99349354E+00	7.05783596E-03	1.00978003E-02
-4.79584019E+00	-4.06624889E+00	7.05151137E-03	1.00559300E-02
-5.54377074E+00	-2.95618289E+00	7.04522584E-03	1.00143166E-02
-6.03929142E+00	-1.71388914E+00	7.03897898E-03	9.97295752E-03
-6.26034211E+00	-3.95874185E-01	7.03277040E-03	9.93185023E-03
-6.19733588E+00	9.38012528E-01	7.02659973E-03	9.89099226E-03
-5.85357395E+00	2.22729620E+00	7.02046658E-03	9.85038115E-03
-5.24507578E+00	3.41361832E+00	7.01437060E-03	9.81001450E-03
-4.39983318E+00	4.44337801E+00	7.00831141E-03	9.76988990E-03
-3.35652296E+00	5.27015375E+00	7.00228865E-03	9.73000501E-03
-2.16273735E+00	5.85679581E+00	6.99630197E-03	9.69035749E-03
-8.72813219E-01	6.17709529E+00	6.99035102E-03	9.65094505E-03
4.54640964E-01	6.21695472E+00	6.98443545E-03	9.61176541E-03
1.75940793E+00	5.97500789E+00	6.97855492E-03	9.57281635E-03
2.98239308E+00	5.46266180E+00	6.97270909E-03	9.53409564E-03
4.06830078E+00	4.70355967E+00	6.96689763E-03	9.49560111E-03
4.96813438E+00	3.73249025E+00	6.96112020E-03	9.45733060E-03
5.64140673E+00	2.59379374E+00	6.95537649E-03	9.41928197E-03
6.05796166E+00	1.33933739E+00	6.94966616E-03	9.38145314E-03
6.19932443E+00	2.61530760E-02	6.94398892E-03	9.34384202E-03
6.05952060E+00	-1.28615533E+00	6.93834443E-03	9.30644657E-03
5.64532719E+00	-2.53811722E+00	6.93273240E-03	9.26926475E-03
4.97594555E+00	-3.67309015E+00	6.92715251E-03	9.23229458E-03
4.08211165E+00	-4.63982236E+00	6.92160447E-03	9.19553407E-03
3.00468508E+00	-5.39476695E+00	6.91608798E-03	9.15898128E-03
1.79278147E+00	-5.90404332E+00	6.91060274E-03	9.12263428E-03
5.01533673E-01	-6.14495735E+00	6.90514847E-03	9.08649117E-03
-8.10416236E-01	-6.10701237E+00	6.89972487E-03	9.05055006E-03
-2.08358003E+00	-5.79236568E+00	6.89433166E-03	9.01480911E-03
-3.26032057E+00	-5.21571093E+00	6.88896857E-03	8.97926647E-03
-4.28746097E+00	-4.40359255E+00	6.88363532E-03	8.94392034E-03
-5.11868748E+00	-3.39318417E+00	6.87833163E-03	8.90876893E-03
-5.71663755E+00	-2.23058734E+00	6.87305723E-03	8.87381046E-03
-6.05457908E+00	-9.68728168E-01	6.86781186E-03	8.83904320E-03
-6.11760513E+00	3.35051839E-01	6.86259526E-03	8.80446540E-03
-5.90329094E+00	1.62160140E+00	6.85740716E-03	8.77007537E-03
-5.42178423E+00	2.83264293E+00	6.85224730E-03	8.73587143E-03
-4.69532560E+00	3.91341224E+00	6.84711544E-03	8.70185189E-03
-3.75722159E+00	4.81513483E+00	6.84201131E-03	8.66801513E-03
-2.65031796E+00	5.49722694E+00	6.83693469E-03	8.63435951E-03
-1.42504299E+00	5.92912181E+00	6.83188530E-03	8.60088342E-03
-1.37110199E-01	6.09163929E+00	6.82686293E-03	8.56758528E-03
1.15501474E+00	5.97783710E+00	6.82186732E-03	8.53446351E-03
2.39276795E+00	5.59330631E+00	6.81689823E-03	8.50151657E-03
3.52014153E+00	4.95589824E+00	6.81195545E-03	8.46874291E-03
4.48621773E+00	4.09489624E+00	6.80703873E-03	8.43614102E-03
5.24746850E+00	3.04967066E+00	6.80214784E-03	8.40370941E-03
5.76971649E+00	1.86787882E+00	6.79728256E-03	8.37144658E-03
6.02966930E+00	6.03292213E-01	6.79244267E-03	8.33935109E-03
6.01595790E+00	-6.86649901E-01	6.78762794E-03	8.30742146E-03
5.72963323E+00	-1.94344936E+00	6.78283816E-03	8.27565629E-03
5.18409898E+00	-3.11020178E+00	6.77807311E-03	8.24405414E-03
4.40448487E+00	-4.13417291E+00	6.77333258E-03	8.21261363E-03
3.42648931E+00	-4.96918191E+00	6.76861636E-03	8.18133336E-03
2.29474507E+00	-5.57768394E+00	6.76392424E-03	8.15021197E-03
1.06078254E+00	-5.93245804E+00	6.75925601E-03	8.11924811E-03
-2.19316400E-01	-6.01782459E+00	6.75461146E-03	8.08844043E-03
-1.48746703E+00	-5.83033775E+00	6.74999041E-03	8.05778762E-03
-2.68621728E+00	-5.37892243E+00	6.74539264E-03	8.02728837E-03
-3.76135041E+00	-4.68445039E+00	6.74081796E-03	7.99694138E-03
-4.66433691E+00	-3.77877562E+00	6.73626618E-03	7.96674538E-03
-5.35452488E+00	-2.70327353E+00	6.73173710E-03	7.93669910E-03
-5.80096997E+00	-1.50695093E+00	6.72723054E-03	7.90680128E-03
-5.98382249E+00	-2.44213124E-01	6.72274630E-03	7.87705070E-03
-5.89520953E+00	1.02761013E+00	6.71828419E-03	7.84744613E-03
-5.53957300E+00	2.25086732E+00	6.71384404E-03	7.81798635E-03
-4.93344896E+00	3.37019838E+00	6.70942566E-03	7.78867017E-03
-4.10469926E+00	4.33503989E+00	6.70502887E-03	7.75949641E-03
-3.09123110E+00	5.10190907E+00	6.70065350E-03	7.73046389E-03
-1.93926336E+00	5.63636321E+00	6.69629936E-03	7.70157146E-03
-7.01219008E-01	5.91454639E+00	6.69196628E-03	7.67281796E-03
5.66660422E-01	5.92425396E+00	6.68765409E-03	7.64420227E-03
1.80686958E+00	5.66546739E+00	6.68336261E-03	7.61572326E-03
2.96324734E+00	5.15033594E+00	6.67909169E-03	7.58737983E-03
3.98351987E+00	4.40260699E+00	6.67484115E-03	7.55917086E-03
4.82166346E+00	3.45653165E+00	6.67061082E-03	7.53109529E-03
5.43998048E+00	2.35529605E+00	6.66640054E-03	7.50315203E-03
5.81079470E+00	1.14905019E+00	6.66221016E-03	7.47534001E-03
5.91768981E+00	-1.07375742E-01	6.65803951E-03	7.44765820E-03
5.75623571E+00	-1.35696352E+00	6.65388842E-03	7.42010553E-03
5.33417046E+00	-2.54309429E+00	6.64975676E-03	7.39268100E-03
4.67103053E+00	-3.61211388E+00	6.64564435E-03	7.36538356E-03
3.79724685E+00	-4.51575963E+00	6.64155105E-03	7.33821222E-03
2.75274871E+00	-5.21333913E+00	6.63747670E-03	7.31116598E-03
1.58513926E+00	-5.67356249E+00	6.63342116E-03	7.28424385E-03
3.47526143E-01	-5.87594557E+00	6.62938427E-03	7.25744485E-03
-9.03893859E-01	-5.81172137E+00	6.62536589E-03	7.23076801E-03
-2.11238647E+00	-5.48421887E+00	6.62136587E-03	7.20421237E-03
-3.22325188E+00	-4.90869328E+00	6.61738407E-03	7.17777699E-03
-4.18630044E+00	-4.11161589E+00	6.61342035E-03	7.15146092E-03
-4.95812014E+00	-3.12945688E+00	6.60947456E-03	7.12526325E-03
-5.50403336E+00	-2.00701681E+00	6.60554656E-03	7.09918304E-03
-5.79965463E+00	-7.95383294E-01	6.60163622E-03	7.07321939E-03
-5.83197965E+00	4.50394149E-01	6.59774339E-03	7.04737140E-03
-5.59995678E+00	1.67380503E+00	6.59386795E-03	7.02163817E-03
-5.11451586E+00	2.81944119E+00	6.59000976E-03	6.99601883E-03
-4.39805417E+00	3.83550607E+00	6.58616868E-03	6.97051249E-03
-3.48340333E+00	4.67615639E+00	6.58234459E-03	6.94511830E-03
-2.41232513E+00	5.30357038E+00	6.57853735E-03	6.91983539E-03
-1.23360485E+00	5.68964922E+00	6.57474683E-03	6.89466292E-03
-8.29397303E-04	5.81727512E+00	6.57097291E-03	6.86960005E-03
1.23004872E+00	5.68106993E+00	6.56721546E-03	6.84464595E-03
2.40325081E+00	5.28762037E+00	6.56347436E-03	6.81979979E-03
3.46569952E+00	4.65516079E+00	6.55974948E-03	6.79506076E-03
4.36941999E+00	3.81272852E+00	6.55604069E-03	6.77042805E-03
5.07370600E+00	2.79883096E+00	6.55234789E-03	6.74590087E-03
5.54695333E+00	1.65968568E+00	6.54867094E-03	6.72147841E-03
5.76807769E+00	4.47113719E-01	6.54500973E-03	6.69715991E-03
5.72745376E+00	-7.83817602E-01	6.54136414E-03	6.67294457E-03
5.42733340E+00	-1.97729538E+00	6.53773405E-03	6.64883164E-03
4.88172493E+00	-3.07929165E+00	6.53411935E-03	6.62482035E-03
4.11573987E+00	-4.04000908E+00	6.53051992E-03	6.60090995E-03
3.16443750E+00	-4.81613104E+00	6.52693565E-03	6.57709969E-03
2.07122037E+00	-5.37277449E+00	6.52336643E-03	6.55338884E-03
8.85854297E-01	-5.68505763E+00	6.51981215E-03	6.52977666E-03
-3.37796944E-01	-5.73921175E+00	6.51627269E-03	6.50626242E-03
-1.54421910E+00	-5.53318782E+00	6.51274794E-03	6.48284541E-03
-2.67876585E+00	-5.07673091E+00	6.50923781E-03	6.45952492E-03
-3.69013393E+00	-4.39092009E+00	6.50574218E-03	6.43630024E-03
-4.53268289E+00	-3.50719534E+00	6.50226094E-03	6.41317067E-03
-5.16849457E+00	-2.46591645E+00	6.49879399E-03	6.39013553E-03
-5.56907935E+00	-1.31452003E+00	6.49534123E-03	6.36719412E-03
-5.71665249E+00	-1.05358592E-01	6.49190256E-03	6.34434578E-03
-5.60492330E+00	1.10667970E+00	6.48847786E-03	6.32158982E-03
-5.23936219E+00	2.26666244E+00	6.48506705E-03	6.29892559E-03
-4.63693428E+00	3.32210254E+00	6.48167001E-03	6.27635242E-03
-3.82531253E+00	4.22533302E+00	6.47828666E-03	6.25386965E-03
-2.84160686E+00	4.93565963E+00	6.47491689E-03	6.23147665E-03
-1.73066752E+00	5.42119414E+00	6.47156060E-03	6.20917277E-03
-5.43040445E-01	5.66028564E+00	6.46821770E-03	6.18695738E-03
6.67332412E-01	5.64248562E+00	6.46488810E-03	6.16482984E-03
1.84556294E+00	5.36900399E+00	6.46157169E-03	6.14278954E-03
2.93830583E+00	4.85263584E+00	6.45826839E-03	6.12083585E-03
3.89617367E+00	4.11716349E+00	6.45497810E-03	6.09896816E-03
4.67596894E+00	3.19626142E+00	6.45170073E-03	6.07718587E-03
5.24263189E+00	2.13195466E+00	6.44843618E-03	6.05548837E-03
5.57081667E+00	9.72701187E-01	6.44518438E-03	6.03387507E-03
5.64602472E+00	-2.28814220E-01	6.44194522E-03	6.01234538E-03
5.46524478E+00	-1.41807423E+00	6.43871862E-03	5.99089871E-03
5.03707133E+00	-2.54120248E+00	6.43550450E-03	5.96953448E-03
4.38129689E+00	-3.54740417E+00	6.43230276E-03	5.94825213E-03
3.52799748E+00	-4.39126315E+00	6.42911331E-03	5.92705108E-03
2.51615345E+00	-5.03479174E+00	6.42593608E-03	5.90593076E-03
1.39186903E+00	-5.44914055E+00	6.42277097E-03	5.88489062E-03
2.06271679E-01	-5.61589157E+00	6.41961791E-03	5.86393010E-03
-9.86812744E-01	-5.52787651E+00	6.41647681E-03	5.84304865E-03
-2.13330357E+00	-5.18948395E+00	6.41334758E-03	5.82224574E-03
-3.18131657E+00	-4.61644237E+00	6.41023015E-03	5.80152081E-03
-4.08351183E+00	-3.83508949E+00	6.40712443E-03	5.78087334E-03
-4.79923199E+00	-2.88116210E+00	6.40403035E-03	5.76030279E-03
-5.29633429E+00	-1.79816172E+00	6.40094782E-03	5.73980864E-03
-5.55263388E+00	-6.35370997E-01	6.39787677E-03	5.71939038E-03
-5.55689360E+00	5.54388775E-01	6.39481711E-03	5.69904747E-03
-5.30931597E+00	1.71715702E+00	6.39176877E-03	5.67877941E-03
-4.82151615E+00	2.80028107E+00	6.38873168E-03	5.65858570E-03
-4.11597760E+00	3.75480026E+00	6.38570574E-03	5.63846583E-03
-3.22501607E+00	4.53765898E+00	6.38269090E-03	5.61841930E-03
-2.18929975E+00	5.11364858E+00	6.37968708E-03	5.59844562E-03
-1.05599304E+00	5.45699073E+00	6.37669419E-03	5.57854430E-03
1.23390998E-01	5.55249078E+00	6.37371218E-03	5.55871485E-03
1.29533201E+00	5.39620982E+00	6.37074095E-03	5.53895680E-03
2.40673095E+00	4.99562546E+00	6.36778045E-03	5.51926965E-03
3.40731580E+00	4.36927508E+00	6.36483060E-03	5.49965295E-03
4.25191538E+00	3.54589836E+00	6.36189132E-03	5.48010622E-03
4.90249844E+00	2.56311882E+00	6.35896256E-03	5.46062900E-03
5.32988599E+00	1.46572485E+00	6.35604423E-03	5.44122082E-03
5.51505974E+00	3.03628714E-01	6.35313627E-03	5.42188122E-03
5.45000806E+00	-8.70403472E-01	6.35023861E-03	5.40260977E-03
5.13807172E+00	-2.00314747E+00	6.34735119E-03	5.38340599E-03
4.59377476E+00	-3.04333371E+00	6.34447392E-03	5.36426946E-03
3.84214866E+00	-3.94396769E+00	6.34160676E-03	5.34519972E-03
2.91758147E+00	-4.66445295E+00	6.33874962E-03	5.32619634E-03
1.86224474E+00	-5.17242088E+00	6.33590245E-03	5.30725889E-03
7.24170092E-01	-5.44518464E+00	6.33306518E-03	5.28838692E-03
-4.44936651E-01	-5.47075212E+00	6.33023775E-03	5.26958002E-03
-1.59204450E+00	-5.24835263E+00	6.32742008E-03	5.25083777E-03
-2.66520266E+00	-4.78845420E+00	6.32461212E-03	5.23215973E-03
-3.61589317E+00	-4.11227156E+00	6.32181381E-03	5.21354550E-03
-4.40122428E+00	-3.25078783E+00	6.31902507E-03	5.19499465E-03
-4.98586544E+00	-2.24333509E+00	6.31624586E-03	5.17650679E-03
-5.34363651E+00	-1.13579880E+00	6.31347610E-03	5.15808150E-03
-5.45867989E+00	2.14719534E-02	6.31071573E-03	5.13971838E-03
-5.32616297E+00	1.17595322E+00	6.30796470E-03	5.12141703E-03
-4.95247977E+00	2.27532990E+00	6.30522295E-03	5.10317705E-03
-4.35494363E+00	3.26986626E+00	6.30249041E-03	5.08499805E-03
-3.56098541E+00	4.11465587E+00	6.29976703E-03	5.06687964E-03
-2.60689447E+00	4.77164908E+00	6.29705274E-03	5.04882143E-03
-1.53616022E+00	5.21136662E+00	6.29434750E-03	5.03082304E-03
-3.97489921E-01	5.41422215E+00	6.29165123E-03	5.01288408E-03
7.57406849E-01	5.37139430E+00	6.28896389E-03	4.99500418E-03
1.87616632E+00	5.08520959E+00	6.28628542E-03	4.97718297E-03
2.90814458E+00	4.56901947E+00	6.28361576E-03	4.95942007E-03
3.80671005E+00	3.84657797E+00	6.28095485E-03	4.94171511E-03
4.53135038E+00	2.95094884E+00	6.27830264E-03	4.92406773E-03
5.04949887E+00	1.92299259E+00	6.27565908E-03	4.90647756E-03
5.33799787E+00	8.09502443E-01	6.27302410E-03	4.88894425E-03
5.38413344E+00	-3.38925531E-01	6.27039767E-03	4.87146743E-03
5.18619520E+00	-1.47019134E+00	6.26777971E-03	4.85404675E-03
4.75353651E+00	-2.53305454E+00	6.26517018E-03	4.83668186E-03
4.10613328E+00	-3.47945502E+00	6.26256903E-03	4.81937242E-03
3.27366197E+00	-4.26668603E+00	6.25997621E-03	4.80211807E-03
2.29413949E+00	-4.85932117E+00	6.25739165E-03	4.78491847E-03
1.21218723E+00	-5.23080850E+00	6.25481531E-03	4.76777328E-03
7.69985410E-02	-5.36465982E+00	6.25224715E-03	4.75068216E-03
-1.05989787E+00	-5.25518216E+00	6.24968710E-03	4.73364479E-03
-2.14697676E+00	-4.90771883E+00	6.24713512E-03	4.71666081E-03
-3.13505142E+00	-4.33838990E+00	6.24459115E-03	4.69972991E-03
-3.97949909E+00	-3.57334481E+00	6.24205516E-03	4.68285176E-03
-4.64227600E+00	-2.64756151E+00	6.23952708E-03	4.66602603E-03
-5.09363119E+00	-1.60324749E+00	6.23700687E-03	4.64925240E-03
-5.31344170E+00	-4.87915657E-01	6.23449448E-03	4.63253054E-03
-5.29210945E+00	6.47777248E-01	6.23198987E-03	4.61586015E-03
-5.03097967E+00	1.75233125E+00	6.22949298E-03	4.59924090E-03
-4.54226279E+00	2.77573839E+00	6.22700377E-03	4.58267248E-03
-3.84846398E+00	3.67174663E+00	6.22452219E-03	4.56615459E-03
-2.98134712E+00	4.39995011E+00	6.22204819E-03	4.54968691E-03
-1.98048077E+00	4.92761104E+00	6.21958173E-03	4.53326914E-03
-8.91432724E-01	5.23113132E+00	6.21712277E-03	4.51690097E-03
2.36304479E-01	5.29710765E+00	6.21467125E-03	4.50058211E-03
1.35156264E+00	5.12292291E+00	6.21222713E-03	4.48431225E-03
2.40381940E+00	4.71684785E+00	6.20979037E-03	4.46809110E-03
3.34548684E+00	4.09764921E+00	6.20736092E-03	4.45191836E-03
4.13406349E+00	3.29372270E+00	6.20493873E-03	4.43579375E-03
4.73405243E+00	2.34179109E+00	6.20252377E-03	4.41971696E-03
5.11855902E+00	1.28522690E+00	6.20011599E-03	4.40368772E-03
5.27049615E+00	1.72076367E-01	6.19771535E-03	4.38770574E-03
5.18334330E+00	-9.47125265E-01	6.19532180E-03	4.37177073E-03
4.86142535E+00	-2.02164785E+00	6.19293530E-03	4.35588242E-03
4.31969968E+00	-3.00286564E+00	6.19055581E-03	4.34004052E-03
3.58306152E+00	-3.84645768E+00	6.18818329E-03	4.32424475E-03
2.68520023E+00	-4.51440956E+00	6.18581769E-03	4.30849485E-03
1.66705866E+00	-4.97672631E+00	6.18345897E-03	4.29279053E-03
5.74966364E-01	-5.21277915E+00	6.18110710E-03	4.27713154E-03
-5.41468498E-01	-5.21222562E+00	6.17876203E-03	4.26151758E-03
-1.63161245E+00	-4.97546218E+00	6.17642373E-03	4.24594841E-03
-2.64610296E+00	-4.51358936E+00	6.17409214E-03	4.23042375E-03
-3.53908347E+00	-3.84789192E+00	6.17176723E-03	4.21494335E-03
-4.27027607E+00	-3.00885825E+00	6.16944897E-03	4.19950693E-03
-4.80679808E+00	-2.03478424E+00	6.16713731E-03	4.18411424E-03
-5.12464061E+00	-9.70025527E-01	6.16483221E-03	4.16876503E-03
-5.20974271E+00	1.37022182E-01	6.16253364E-03	4.15345903E-03
-5.05861299E+00	1.23612266E+00	6.16024156E-03	4.13819600E-03
-4.67847120E+00	2.27747867E+00	6.15795592E-03	4.12297568E-03
-4.08690429E+00	3.21398806E+00	6.15567669E-03	4.10779781E-03
-3.31105309E+00	4.00337409E+00	6.15340384E-03	4.09266216E-03
-2.38636734E+00	4.61009382E+00	6.15113732E-03	4.07756847E-03
-1.35498611E+00	5.00693824E+00	6.14887710E-03	4.06251651E-03
-2.63817620E-01	5.17625235E+00	6.14662314E-03	4.04750602E-03
8.37594057E-01	5.11072019E+00	6.14437541E-03	4.03253676E-03
1.89931841E+00	4.81368019E+00	6.14213387E-03	4.01760850E-03
2.87330186E+00	4.29895715E+00	6.13989847E-03	4.00272100E-03
3.71554255E+00	3.59021928E+00	6.13766920E-03	3.98787401E-03
4.38807810E+00	2.71989009E+00	6.13544601E-03	3.97306732E-03
4.86069650E+00	1.72766532E+00	6.13322886E-03	3.95830067E-03
5.11229312E+00	6.58702531E-01	6.13101772E-03	3.94357385E-03
5.13181286E+00	-4.38433930E-01	6.12881257E-03	3.92888662E-03
4.91873538E+00	-1.51397915E+00	6.12661335E-03	3.91423875E-03
4.48308212E+00	-2.51922482E+00	6.12442004E-03	3.89963002E-03
3.84494563E+00	-3.40872494E+00	6.12223260E-03	3.88506019E-03
3.03356318E+00	-4.14235029E+00	6.12005100E-03	3.87052906E-03
2.08597740E+00	-4.68709864E+00	6.11787521E-03	3.85603639E-03
1.04534533E+00	-5.01857921E+00	6.11570520E-03	3.84158197E-03
-4.10269921E-02	-5.12210450E+00	6.11354092E-03	3.82716557E-03
-1.12383490E+00	-4.99334069E+00	6.11138235E-03	3.81278698E-03
-2.15401264E+00	-4.63848776E+00	6.10922945E-03	3.79844599E-03
-3.08495661E+00	-4.07398201E+00	6.10708219E-03	3.78414237E-03
-3.87463348E+00	-3.32573511E+00	6.10494055E-03	3.76987592E-03
-4.48747793E+00	-2.42794497E+00	6.10280448E-03	3.75564642E-03
-4.89599425E+00	-1.42153290E+00	6.10067396E-03	3.74145366E-03
-5.08198976E+00	-3.52278564E-01	6.09854895E-03	3.72729744E-03
-5.03738467E+00	7.31262278E-01	6.09642942E-03	3.71317755E-03
-4.76456236E+00	1.77996265E+00	6.09431535E-03	3.69909378E-03
-4.27624495E+00	2.74635160E+00	6.09220669E-03	3.68504593E-03
-3.59490053E+00	3.58676293E+00	6.09010343E-03	3.67103379E-03
-2.75170967E+00	4.26330809E+00	6.08800553E-03	3.65705716E-03
-1.78513861E+00	4.74558421E+00	6.08591295E-03	3.64311585E-03
-7.39184653E-01	5.01204012E+00	6.08382568E-03	3.62920965E-03
3.38626425E-01	5.05093916E+00	6.08174367E-03	3.61533836E-03
1.39939973E+00	4.86087564E+00	6.07966690E-03	3.60150180E-03
2.39508925E+00	4.45082234E+00	6.07759535E-03	3.58769976E-03
3.28067388E+00	3.83970760E+00	6.07552897E-03	3.57393205E-03
4.01619296E+00	3.05554186E+00	6.07346775E-03	3.56019847E-03
4.56854935E+00	2.13413404E+00	6.07141165E-03	3.54649885E-03
4.91299851E+00	1.11745645E+00	6.06936064E-03	3.53283298E-03
5.03425681E+00	5.17330290E-02	6.06731470E-03	3.51920067E-03
4.92717930E+00	-1.01466214E+00	6.06527379E-03	3.50560175E-03
4.59697698E+00	-2.03340046E+00	6.06323790E-03	3.49203603E-03
4.05896436E+00	-2.95838893E+00	6.06120698E-03	3.47850331E-03
3.33784959E+00	-3.74785553E+00	6.05918102E-03	3.46500342E-03
2.46659998E+00	-4.36623544E+00	6.05715999E-03	3.45153617E-03
1.48493498E+00	-4.78577307E+00	6.05514385E-03	3.43810138E-03
4.37515593E-01	-4.98776766E+00	6.05313258E-03	3.42469888E-03
-6.28087399E-01	-4.96340655E+00	6.05112616E-03	3.41132847E-03
-1.66355382E+00	-4.71414903E+00	6.04912456E-03	3.39798999E-03
-2.62200507E+00	-4.25164408E+00	6.04712774E-03	3.38468326E-03
-3.46012637E+00	-3.59718650E+00	6.04513569E-03	3.37140810E-03
-4.14012409E+00	-2.78073667E+00	6.04314838E-03	3.35816434E-03
-4.63142988E+00	-1.83954921E+00	6.04116578E-03	3.34495180E-03
-4.91207460E+00	-8.16473197E-01	6.03918786E-03	3.33177031E-03
-4.96967047E+00	2.41998454E-01	6.03721461E-03	3.31861971E-03
-4.80195742E+00	1.28784174E+00	6.03524598E-03	3.30549982E-03
-4.41688961E+00	2.27368031E+00	6.03328197E-03	3.29241046E-03
-3.83225892E+00	3.15493154E+00	6.03132254E-03	3.27935148E-03
-3.07487323E+00	3.89182250E+00	6.02936766E-03	3.26632271E-03
-2.17932735E+00	4.45118490E+00	6.02741732E-03	3.25332398E-03
-1.18642301E+00	4.80794787E+00	6.02547148E-03	3.24035513E-03
-1.41310068E-01	4.94626140E+00	6.02353013E-03	3.22741598E-03
9.08566481E-01	4.86020019E+00	6.02159324E-03	3.21450639E-03
1.91562022E+00	4.55401657E+00	6.01966078E-03	3.20162619E-03
2.83428009E+00	4.04193186E+00	6.01773273E-03	3.18877521E-03
3.62305245E+00	3.34747619E+00	6.01580907E-03	3.17595331E-03
4.24639512E+00	2.50240758E+00	6.01388976E-03	3.16316031E-03
4.67631871E+00	1.54525974E+00	6.01197480E-03	3.15039606E-03
4.89364328E+00	5.19585191E-01	6.01006415E-03	3.13766041E-03
4.88885368E+00	-5.28026371E-01	6.00815779E-03	3.12495320E-03
4.66251557E+00	-1.55006422E+00	6.00625570E-03	3.11227427E-03
4.22523403E+00	-2.50025118E+00	6.00435785E-03	3.09962348E-03
3.59715712E+00	-3.33563886E+00	6.00246422E-03	3.08700066E-03
2.80704789E+00	-4.01854887E+00	6.00057479E-03	3.07440567E-03
1.89096730E+00	-4.51827198E+00	5.99868953E-03	3.06183835E-03
8.90628560E-01	-4.81244897E+00	5.99680843E-03	3.04929856E-03
-1.48502128E-01	-4.88807077E+00	5.99493146E-03	3.03678614E-03
-1.17927193E+00	-4.74205335E+00	5.99305859E-03	3.02430095E-03
-2.15498091E+00	-4.38136187E+00	5.99118981E-03	3.01184284E-03
-3.03149773E+00	-3.82267933E+00	5.98932510E-03	2.99941167E-03
-3.76925557E+00	-3.09163519E+00	5.98746442E-03	2.98700728E-03
-4.33503805E+00	-2.22162988E+00	5.98560776E-03	2.97462954E-03
-4.70347463E+00	-1.25230894E+00	5.98375511E-03	2.96227829E-03
-4.85817804E+00	-2.27756518E-01	5.98190642E-03	2.94995341E-03
-4.79247278E+00	8.05509409E-01	5.98006169E-03	2.93765473E-03
-4.50968249E+00	1.80064900E+00	5.97822090E-03	2.92538214E-03
-4.02296354E+00	2.71262376E+00	5.97638402E-03	2.91313547E-03
-3.35469345E+00	3.50023480E+00	5.97455102E-03	2.90091460E-03
-2.53544223E+00	4.12798388E+00	5.97272190E-03	2.88871938E-03
-1.60257417E+00	4.56767322E+00	5.97089663E-03	2.87654968E-03
-5.98543894E-01	4.79967186E+00	5.96907519E-03	2.86440536E-03
4.31035669E-01	4.81379195E+00	5.96725755E-03	2.85228628E-03
1.43946531E+00	4.60973555E+00	5.96544370E-03	2.84019231E-03
2.38107760E+00	4.19709266E+00	5.96363362E-03	2.82812332E-03
3.21330486E+00	3.59489106E+00	5.96182728E-03	2.81607916E-03
3.89860340E+00	2.83071922E+00	5.96002467E-03	2.80405971E-03
4.40614706E+00	1.93946255E+00	5.95822577E-03	2.79206483E-03
4.71321367E+00	9.61711038E-01	5.95643056E-03	2.78009440E-03
4.80620207E+00	-5.80892343E-02	5.95463901E-03	2.76814828E-03
4.68123416E+00	-1.07365634E+00	5.95285111E-03	2.75622634E-03
4.34431540E+00	-2.03897285E+00	5.95106684E-03	2.74432845E-03
3.81104715E+00	-2.91037083E+00	5.94928618E-03	2.73245448E-03
3.10590457E+00	-3.64850716E+00	5.94750910E-03	2.72060431E-03
2.26111350E+00	-4.22013969E+00	5.94573560E-03	2.70877781E-03
1.31517788E+00	-4.59962417E+00	5.94396565E-03	2.69697486E-03
3.11124942E-01	-4.77006449E+00	5.94219923E-03	2.68519531E-03
-7.05451818E-01	-4.72406464E+00	5.94043632E-03	2.67343907E-03
-1.68846291E+00	-4.46404898E+00	5.93867691E-03	2.66170598E-03
-2.59341232E+00	-4.00213696E+00	5.93692097E-03	2.64999595E-03
-3.37941153E+00	-3.35957870E+00	5.93516849E-03	2.63830883E-03
-4.01102686E+00	-2.56577756E+00	5.93341945E-03	2.62664452E-03
-4.45987670E+00	-1.65694488E+00	5.93167383E-03	2.61500288E-03
-4.70590666E+00	-6.74448254E-01	5.92993161E-03	2.60338380E-03
-4.73828535E+00	3.37071338E-01	5.92819278E-03	2.59178716E-03
-4.55588074E+00	1.33172768E+00	5.92645732E-03	2.58021283E-03
-4.16729629E+00	2.26447082E+00	5.92472520E-03	2.56866071E-03
-3.59046570E+00	3.09312729E+00	5.92299641E-03	2.55713066E-03
-2.85182559E+00	3.78030694E+00	5.92127094E-03	2.54562258E-03
-1.98510407E+00	4.29508978E+00	5.91954876E-03	2.53413635E-03
-1.02978079E+00	4.61441718E+00	5.91782986E-03	2.52267185E-03
-2.92887198E-02	4.72412443E+00	5.91611421E-03	2.51122897E-03
9.70960338E-01	4.61956877E+00	5.91440182E-03	2.49980758E-03
1.92563688E+00	4.30582482E+00	5.91269264E-03	2.48840758E-03
2.79154782E+00	3.79743935E+00	5.91098668E-03	2.47702886E-03
3.52959061E+00	3.11775717E+00	5.90928391E-03	2.46567130E-03
4.10651888E+00	2.29784940E+00	5.90758431E-03	2.45433478E-03
4.49643994E+00	1.37509320E+00	5.90588787E-03	2.44301920E-03
4.68197661E+00	3.91468031E-01	5.90419457E-03	2.43172445E-03
4.65504143E+00	-6.08354066E-01	5.90250440E-03	2.42045041E-03
4.41718856E+00	-1.57903712E+00	5.90081733E-03	2.40919698E-03
3.97952820E+00	-2.47663687E+00	5.89913336E-03	2.39796404E-03
3.36220812E+00	-3.26059006E+00	5.89745246E-03	2.38675149E-03
2.59348639E+00	-3.89554741E+00	5.89577462E-03	2.37555922E-03
1.70843804E+00	-4.35296738E+00	5.89409982E-03	2.36438712E-03
7.47354798E-01	-4.61239900E+00	5.89242805E-03	2.35323509E-03
-2.46089033E-01	-4.66239595E+00	5.89075929E-03	2.34210301E-03
-1.22682118E+00	-4.50102116E+00	5.88909352E-03	2.33099079E-03
-2.15041618E+00	-4.13591967E+00	5.88743073E-03	2.31989831E-03
-2.97510769E+00	-3.58395713E+00	5.88577090E-03	2.30882548E-03
-3.66367707E+00	-2.87044100E+00	5.88411402E-03	2.29777219E-03
-4.18513297E+00	-2.02796041E+00	5.88246008E-03	2.28673833E-03
-4.51610604E+00	-1.09489781E+00	5.88080904E-03	2.27572380E-03
-4.64189601E+00	-1.13680468E-01	5.87916091E-03	2.26472850E-03
-4.55712430E+00	8.71148627E-01	5.87751567E-03	2.25375233E-03
-4.26596314E+00	1.81495273E+00	5.87587329E-03	2.24279519E-03
-3.78193149E+00	2.67502436E+00	5.87423377E-03	2.23185697E-03
-3.12726771E+00	3.41251768E+00	5.87259708E-03	2.22093758E-03
-2.33190806E+00	3.99420292E+00	5.87096323E-03	2.21003692E-03
-1.43211797E+00	4.39396348E+00	5.86933218E-03	2.19915487E-03
-4.68838566E-01	4.59396831E+00	5.86770392E-03	2.18829136E-03
5.14176016E-01	4.58546699E+00	5.86607845E-03	2.17744628E-03
1.47234596E+00	4.36917206E+00	5.86445574E-03	2.16661952E-03
2.36228733E+00	3.95521185E+00	5.86283578E-03	2.15581100E-03
3.14377632E+00	3.36265670E+00	5.86121855E-03	2.14502062E-03
3.78156716E+00	2.61864070E+00	5.85960405E-03	2.13424828E-03
4.24698162E+00	1.75711934E+00	5.85799225E-03	2.12349388E-03
4.51919830E+00	8.17320003E-01	5.85638315E-03	2.11275734E-03
4.58618397E+00	-1.58044060E-01	5.85477672E-03	2.10203855E-03
4.44522506E+00	-1.12471489E+00	5.85317296E-03	2.09133742E-03
4.10303600E+00	-2.03889796E+00	5.85157185E-03	2.08065385E-03
3.57544017E+00	-2.85924616E+00	5.84997337E-03	2.06998776E-03
2.88663848E+00	-3.54872973E+00	5.84837751E-03	2.05933905E-03
2.06809949E+00	-4.07630764E+00	5.84678427E-03	2.04870763E-03
1.15712187E+00	-4.41832492E+00	5.84519361E-03	2.03809341E-03
1.95134944E-01	-4.55957307E+00	5.84360554E-03	2.02749629E-03
-7.74185329E-01	-4.49396604E+00	5.84202003E-03	2.01691618E-03
-1.70689919E+00	-4.22480172E+00	5.84043707E-03	2.00635300E-03
-2.56079482E+00	-3.76459777E+00	5.83885666E-03	1.99580665E-03
-3.29729856E+00	-3.13450982E+00	5.83727877E-03	1.98527704E-03
-3.88321735E+00	-2.36335924E+00	5.83570339E-03	1.97476409E-03
-4.29223452E+00	-1.48631488E+00	5.83413051E-03	1.96426770E-03
-4.50609164E+00	-5.43289390E-01	5.83256011E-03	1.95378778E-03
-4.51540332E+00	4.22877080E-01	5.83099219E-03	1.94332426E-03
-4.32006862E+00	1.36836289E+00	5.82942673E-03	1.93287704E-03
-3.92926104E+00	2.25035241E+00	5.82786371E-03	1.92244603E-03
-3.36099823E+00	3.02897476E+00	5.82630312E-03	1.91203115E-03
-2.64131161E+00	3.66910612E+00	5.82474496E-03	1.90163231E-03
-1.80305403E+00	4.14195398E+00	5.82318920E-03	1.89124942E-03
-8.84400254E-01	4.42635212E+00	5.82163583E-03	1.88088241E-03
7.28914161E-02	4.50970778E+00	5.82008485E-03	1.87053118E-03
1.02537722E+00	4.38855895E+00	5.81853623E-03	1.86019565E-03
1.92989937E+00	4.06871692E+00	5.81698997E-03	1.84987573E-03
2.74554148E+00	3.56498833E+00	5.81544605E-03	1.83957135E-03
3.43547928E+00	2.90049009E+00	5.81390447E-03	1.82928241E-03
3.96864306E+00	2.10558867E+00	5.81236520E-03	1.81900885E-03
4.32111665E+00	1.21651255E+00	5.81082823E-03	1.80875056E-03
4.47721004E+00	2.73701251E-01	5.80929356E-03	1.79850747E-03
4.43015753E+00	-6.80034007E-01	5.80776117E-03	1.78827951E-03
4.18241033E+00	-1.60145413E+00	5.80623105E-03	1.77806658E-03
3.74551099E+00	-2.44885236E+00	5.80470318E-03	1.76786861E-03
3.13955606E+00	-3.18394197E+00	5.80317756E-03	1.75768551E-03
2.39227193E+00	-3.77358602E+00	5.80165417E-03	1.74751721E-03
1.53774628E+00	-4.19129094E+00	5.80013300E-03	1.73736362E-03
6.14873361E-01	-4.41839680E+00	5.79861404E-03	1.72722467E-03
-3.34416257E-01	-4.44491063E+00	5.79709728E-03	1.71710027E-03
-1.26706063E+00	-4.26994570E+00	5.79558269E-03	1.70699036E-03
-2.14081974E+00	-3.90174743E+00	5.79407028E-03	1.69689484E-03
-2.91618847E+00	-3.35730532E+00	5.79256004E-03	1.68681364E-03
-3.55818262E+00	-2.66156937E+00	5.79105194E-03	1.67674668E-03
-4.03791726E+00	-1.84630681E+00	5.78954597E-03	1.66669390E-03
-4.33390616E+00	-9.48651816E-01	5.78804213E-03	1.65665519E-03
-4.43302391E+00	-9.41417193E-03	5.78654041E-03	1.64663051E-03
-4.33108765E+00	9.28775916E-01	5.78504079E-03	1.63661975E-03
-4.03303254E+00	1.82340263E+00	5.78354326E-03	1.62662286E-03
-3.55267385E+00	2.63399111E+00	5.78204781E-03	1.61663975E-03
-2.91206690E+00	3.32393852E+00	5.78055443E-03	1.60667035E-03
-2.14049461E+00	3.86216677E+00	5.77906310E-03	1.59671458E-03
-1.27312914E+00	4.22452224E+00	5.77757382E-03	1.58677237E-03
-3.49428617E-01	4.39485952E+00	5.77608657E-03	1.57684364E-03
5.88657716E-01	4.36576056E+00	5.77460135E-03	1.56692832E-03
1.49859452E+00	4.13885710E+00	5.77311814E-03	1.55702634E-03
2.33918891E+00	3.72474256E+00	5.77163693E-03	1.54713763E-03
3.07245516E+00	3.14247787E+00	5.77015772E-03	1.53726210E-03
3.66533113E+00	2.41871438E+00	5.76868048E-03	1.52739969E-03
4.09116886E+00	1.58647412E+00	5.76720520E-03	1.51755032E-03
4.33093215E+00	6.83643329E-01	5.76573189E-03	1.50771393E-03
4.37404733E+00	-2.48752173E-01	5.76426052E-03	1.49789044E-03
4.21886912E+00	-1.16841112E+00	5.76279109E-03	1.48807978E-03
3.87274122E+00	-2.03367585E+00	5.76132359E-03	1.47828187E-03
3.35164938E+00	-2.80541914E+00	5.75985799E-03	1.46849665E-03
2.67948335E+00	-3.44881345E+00	5.75839431E-03	1.45872405E-03
1.88694189E+00	-3.93490251E+00	5.75693251E-03	1.44896400E-03
1.01013080E+00	-4.24190434E+00	5.75547260E-03	1.43921642E-03
8.89182111E-02	-4.35618714E+00	5.75401456E-03	1.42948125E-03
-8.34878128E-01	-4.27287425E+00	5.75255838E-03	1.41975841E-03
-1.71938900E+00	-3.99605143E+00	5.75110406E-03	1.41004785E-03
-2.52459127E+00	-3.53856764E+00	5.74965157E-03	1.40034948E-03
-3.21411878E+00	-2.92143896E+00	5.74820092E-03	1.39066324E-03
-3.75690466E+00	-2.17288337E+00	5.74675208E-03	1.38098907E-03
-4.12858093E+00	-1.32703064E+00	5.74530506E-03	1.37132689E-03
-4.31257231E+00	-4.22366365E-01	5.74385983E-03	1.36167664E-03
-4.30083516E+00	5.00019039E-01	5.74241640E-03	1.35203824E-03
-4.09420859E+00	1.39829654E+00	5.74097474E-03	1.34241164E-03
-3.70236253E+00	2.23179528E+00	5.73953486E-03	1.33279677E-03
-3.14334559E+00	2.96284396E+00	5.73809673E-03	1.32319355E-03
-2.44275404E+00	3.55847326E+00	5.73666036E-03	1.31360193E-03
-1.63255991E+00	3.99190265E+00	5.73522572E-03	1.30402183E-03
-7.49652098E-01	4.24374430E+00	5.73379282E-03	1.29445319E-03
1.65843119E-01	4.30287010E+00	5.73236163E-03	1.28489595E-03
1.07238563E+00	4.16690304E+00	5.73093215E-03	1.27535004E-03
1.92890625E+00	3.84231117E+00	5.72950438E-03	1.26581540E-03
2.69666717E+00	3.34410059E+00	5.72807829E-03	1.25629195E-03
3.34101385E+00	2.69512202E+00	5.72665389E-03	1.24677964E-03
3.83293911E+00	1.92502290E+00	5.72523116E-03	1.23727840E-03
4.15038882E+00	1.06889315E+00	5.72381009E-03	1.22778817E-03
4.27925045E+00	1.65666405E-01	5.72239067E-03	1.21830889E-03
4.21398017E+00	-7.43650436E-01	5.72097289E-03	1.20884048E-03
3.95784065E+00	-1.61783885E+00	5.71955675E-03	1.19938289E-03
3.52273934E+00	-2.41733697E+00	5.71814223E-03	1.18993606E-03
2.92867534E+00	-3.10602990E+00	5.71672932E-03	1.18049992E-03
2.20282028E+00	-3.65288094E+00	5.71531802E-03	1.17107440E-03
1.37827576E+00	-4.03333021E+00	5.71390832E-03	1.16165946E-03
4.92563879E-01	-4.23039745E+00	5.71250020E-03	1.15225501E-03
-4.14080125E-01	-4.23543968E+00	5.71109365E-03	1.14286102E-03
-1.30053556E+00	-4.04852979E+00	5.70968868E-03	1.13347740E-03
-2.12666119E+00	-3.67843955E+00	5.70828526E-03	1.12410410E-03
-2.85511286E+00	-3.14222846E+00	5.70688340E-03	1.11474107E-03
-3.45303145E+00	-2.46445758E+00	5.70548307E-03	1.10538823E-03
-3.89352500E+00	-1.67606473E+00	5.70408427E-03	1.09604553E-03
-4.15687807E+00	-8.12952397E-01	5.70268699E-03	1.08671291E-03
-4.23143388E+00	8.56470895E-02	5.70129123E-03	1.07739030E-03
-4.11410999E+00	9.78954761E-01	5.69989697E-03	1.06807765E-03
-3.81052455E+00	1.82649547E+00	5.69850421E-03	1.05877490E-03
-3.33472795E+00	2.58993168E+00	5.69711293E-03	1.04948199E-03
-2.70855293E+00	3.23479755E+00	5.69572313E-03	1.04019886E-03
-1.96061290E+00	3.73205476E+00	5.69433480E-03	1.03092545E-03
-1.12499457E+00	4.05939998E+00	5.69294792E-03	1.02166170E-03
-2.39704620E-01	4.20226509E+00	5.69156250E-03	1.01240755E-03
6.55058893E-01	4.15446517E+00	5.69017851E-03	1.00316294E-03
1.51873166E+00	3.91846572E+00	5.68879596E-03	9.93927823E-04
2.31222205E+00	3.50525730E+00	5.68741484E-03	9.84702132E-04
2.99968033E+00	2.93384408E+00	5.68603513E-03	9.75485811E-04
3.55011828E+00	2.23037001E+00	5.68465682E-03	9.66278803E-04
3.93880588E+00	1.42692283E+00	5.68327992E-03	9.57081050E-04
4.14838224E+00	5.60070568E-01	5.68190440E-03	9.47892495E-04
4.16963077E+00	-3.30802730E-01	5.68053027E-03	9.38713081E-04
4.00188410E+00	-1.20528623E+00	5.67915750E-03	9.29542752E-04
3.65304093E+00	-2.02377528E+00	5.67778610E-03	9.20381450E-04
3.13919459E+00	-2.74926500E+00	5.67641606E-03	9.11229119E-04
2.48389084E+00	-3.34902317E+00	5.67504736E-03	9.02085704E-04
1.71704918E+00	-3.79606693E+00	5.67368000E-03	8.92951148E-04
8.73596847E-01	-4.07037657E+00	5.67231398E-03	8.83825395E-04
-8.12181842E-03	-4.15979190E+00	5.67094927E-03	8.74708390E-04
-8.88088501E-01	-4.06055092E+00	5.66958588E-03	8.65600078E-04
-1.72642709E+00	-3.77744722E+00	5.66822379E-03	8.56500402E-04
-2.48521059E+00	-3.32359923E+00	5.66686300E-03	8.47409309E-04
-3.13017686E+00	-2.71984272E+00	5.66550350E-03	8.38326743E-04
-3.63227558E+00	-1.99377437E+00	5.66414527E-03	8.29252649E-04
-3.96897656E+00	-1.17849056E+00	5.66278832E-03	8.20186974E-04
-4.12528060E+00	-3.11078849E-01	5.66143264E-03	8.11129662E-04
-4.09438736E+00	5.69069066E-01	5.66007821E-03	8.02080660E-04
-3.87799070E+00	1.42204612E+00	5.65872503E-03	7.93039913E-04
-3.48618856E+00	2.20923923E+00	5.65737308E-03	7.84007369E-04
-2.93701219E+00	2.89507715E+00	5.65602237E-03	7.74982972E-04
-2.25559650E+00	3.44863776E+00	5.65467289E-03	7.65966671E-04
-1.47302985E+00	3.84504207E+00	5.65332462E-03	7.56958411E-04
-6.24935840E-01	4.06657227E+00	5.65197755E-03	7.47958139E-04
2.50148256E-01	4.10346340E+00	5.65063169E-03	7.38965803E-04
1.11252248E+00	3.95433339E+00	5.64928702E-03	7.29981350E-04
1.92312519E+00	3.62623259E+00	5.64794353E-03	7.21004727E-04
2.64530227E+00	3.13431097E+00	5.64660122E-03	7.12035882E-04
3.24646444E+00	2.50111886E+00	5.64526007E-03	7.03074763E-04
3.69955781E+00	1.75557337E+00	5.64392009E-03	6.94121316E-04
3.98428124E+00	9.31637935E-01	5.64258126E-03	6.85175492E-04
4.08799572E+00	6.67751865E-02	5.64124357E-03	6.76237237E-04
4.00628515E+00	-7.99756263E-01	5.63990702E-03	6.67306500E-04
3.74314360E+00	-1.62868380E+00	5.63857160E-03	6.58383230E-04
3.31078102E+00	-2.38250061E+00	5.63723730E-03	6.49467375E-04
2.72905710E+00	-3.02716266E+00	5.63590412E-03	6.40558885E-04
2.02456917E+00	-3.53362609E+00	5.63457204E-03	6.31657707E-04
1.22943634E+00	-3.87915559E+00	5.63324106E-03	6.22763792E-04
3.79835180E-01	-4.04834486E+00	5.63191117E-03	6.13877089E-04
-4.85646075E-01	-4.03380324E+00	5.63058236E-03	6.04997547E-04
-1.32776010E+00	-3.83647812E+00	5.62925463E-03	5.96125115E-04
-2.10838014E+00	-3.46559889E+00	5.62792797E-03	5.87259744E-04
-2.79222611E+00	-2.93824567E+00	5.62660237E-03	5.78401384E-04
-3.34845896E+00	-2.27856299E+00	5.62527782E-03	5.69549984E-04
-3.75207128E+00	-1.51665442E+00	5.62395432E-03	5.60705494E-04
-3.98501148E+00	-6.87209065E-01	5.62263185E-03	5.51867866E-04
-4.03699091E+00	1.72077781E-01	5.62131042E-03	5.43037049E-04
-3.90593797E+00	1.02221760E+00	5.61999001E-03	5.34212994E-04
-3.59807908E+00	1.82469759E+00	5.61867062E-03	5.25395652E-04
-3.12764348E+00	2.54322530E+00	5.61735223E-03	5.16584973E-04
-2.51620582E+00	3.14536982E+00	5.61603485E-03	5.07780910E-04
-1.79169692E+00	3.60402546E+00	5.61471846E-03	4.98983412E-04
-9.87127984E-01	3.89863182E+00	5.61340306E-03	4.90192432E-04
-1.39086609E-01	4.01609524E+00	5.61208863E-03	4.81407920E-04
7.13926922E-01	3.95137046E+00	5.61077518E-03	4.72629828E-04
1.53324742E+00	3.70767668E+00	5.60946269E-03	4.63858109E-04
2.28179732E+00	3.29633867E+00	5.60815116E-03	4.55092713E-04
2.92576445E+00	2.73626082E+00	5.60684058E-03	4.46333592E-04
3.43612928E+00	2.05305854E+00	5.60553095E-03	4.37580700E-04
3.78997249E+00	1.27788683E+00	5.60422225E-03	4.28833988E-04
3.97150406E+00	4.46019766E-01	5.60291448E-03	4.20093408E-04
3.97276768E+00	-4.04754626E-01	5.60160763E-03	4.11358912E-04
3.79398905E+00	-1.23585076E+00	5.60030169E-03	4.02630454E-04
3.44355274E+00	-2.00963541E+00	5.59899667E-03	3.93907987E-04
2.93760946E+00	-2.69113168E+00	5.59769254E-03	3.85191462E-04
2.29933194E+00	-3.24959998E+00	5.59638931E-03	3.76480833E-04
1.55785372E+00	-3.65992439E+00	5.59508696E-03	3.67776053E-04
7.46939549E-01	-3.90374212E+00	5.59378549E-03	3.59077075E-04
-9.65520990E-02	-3.97026502E+00	5.59248490E-03	3.50383852E-04
-9.34344227E-01	-3.85675665E+00	5.59118517E-03	3.41696339E-04
-1.72847821E+00	-3.56864361E+00	5.58988630E-03	3.33014487E-04
-2.44303354E+00	-3.11925685E+00	5.58858828E-03	3.24338252E-04
-3.04575246E+00	-2.52921506E+00	5.58729110E-03	3.15667586E-04
-3.50949613E+00	-1.82547889E+00	5.58599476E-03	3.07002445E-04
-3.81346646E+00	-1.04011913E+00	5.58469925E-03	2.98342780E-04
-3.94413872E+00	-2.08855291E-01	5.58340457E-03	2.89688548E-04
-3.89586303E+00	6.30568854E-01	5.58211070E-03	2.81039701E-04
-3.67110805E+00	1.44009897E+00	5.58081765E-03	2.72396195E-04
-3.28033634E+00	2.18309521E+00	5.57952539E-03	2.63757984E-04
-2.74151772E+00	2.82599044E+00	5.57823393E-03	2.55125021E-04
-2.07930305E+00	3.33980667E+00	5.57694327E-03	2.46497262E-04
-1.32389666E+00	3.70146106E+00	5.57565338E-03	2.37874662E-04
-5.09678789E-01	3.89480277E+00	5.57436427E-03	2.29257176E-04
3.26359050E-01	3.91133400E+00	5.57307593E-03	2.20644757E-04
1.14629454E+00	3.75058309E+00	5.57178835E-03	2.12037362E-04
1.91299462E+00	3.42011331E+00	5.57050153E-03	2.03434945E-04
2.59179707E+00	2.93516746E+00	5.56921546E-03	1.94837462E-04
3.15207748E+00	2.31796508E+00	5.56793012E-03	1.86244868E-04
3.56863075E+00	1.59668450E+00	5.56664553E-03	1.77657119E-04
3.82280485E+00	8.04176506E-01	5.56536166E-03	1.69074169E-04
3.90333584E+00	-2.35317530E-02	5.56407852E-03	1.60495975E-04
3.80684670E+00	-8.48874445E-01	5.56279609E-03	1.51922493E-04
3.53798804E+00	-1.63445191E+00	5.56151437E-03	1.43353677E-04
3.10921469E+00	-2.34472528E+00	5.56023335E-03	1.34789485E-04
2.54020907E+00	-2.94762416E+00	5.55895303E-03	1.26229871E-04
1.85697781E+00	-3.41599454E+00	5.55767340E-03	1.17674793E-04
1.09066328E+00	-3.72882169E+00	5.55639445E-03	1.09124205E-04
2.76124203E-01	-3.87217285E+00	5.55511617E-03	1.00578066E-04
-5.49649970E-01	-3.83981754E+00	5.55383857E-03	9.20363298E-05
-1.34921867E+00	-3.63349786E+00	5.55256163E-03	8.34989541E-05
-2.08638769E+00	-3.26283696E+00	5.55128534E-03	7.49658953E-05
-2.72784750E+00	-2.74489063E+00	5.55000971E-03	6.64371097E-05
-3.24467827E+00	-2.10336264E+00	5.54873472E-03	5.79125543E-05
-3.61365355E+00	-1.36752011E+00	5.54746036E-03	4.93921857E-05
-3.81828397E+00	-5.70858436E-01	5.54618664E-03	4.08759607E-05
-3.84955392E+00	2.50423336E-01	5.54491354E-03	3.23638364E-05
-3.70631839E+00	1.05906722E+00	5.54364106E-03	2.38557696E-05
-3.39534250E+00	1.81844644E+00	5.54236919E-03	1.53517176E-05
-2.93098253E+00	2.49422431E+00	5.54109792E-03	6.85163738E-06
-2.33452337E+00	3.05590675E+00	5.53982725E-03	-1.64451371E-06
-1.63320306E+00	3.47821817E+00	5.53855718E-03	-1.01367784E-05
-8.58969028E-01	3.74223875E+00	5.53728769E-03	-1.86251992E-05
-4.70229328E-02	3.83625191E+00	5.53601878E-03	-2.71098188E-05
7.65779775E-01	3.75626394E+00	5.53475044E-03	-3.55906796E-05
1.54260267E+00	3.50617288E+00	5.53348267E-03	-4.40678239E-05
2.24829769E+00	3.09757949E+00	5.53221545E-03	-5.25412940E-05
2.85099537E+00	2.54924945E+00	5.53094880E-03	-6.10111323E-05
3.32354396E+00	1.88625162E+00	5.52968269E-03	-6.94773808E-05
3.64473248E+00	1.13881212E+00	5.52841712E-03	-7.79400818E-05
3.80024269E+00	3.40936407E-01	5.52715208E-03	-8.63992771E-05
3.78328713E+00	-4.71137756E-01	5.52588757E-03	-9.48550088E-05
3.59490490E+00	-1.26058601E+00	5.52462359E-03	-1.03307319E-04
3.24390228E+00	-1.99166718E+00	5.52336012E-03	-1.11756249E-04
2.74644146E+00	-2.63134130E+00	5.52209717E-03	-1.20201841E-04
2.12529655E+00	-3.15076270E+00	5.52083471E-03	-1.28644136E-04
1.40881110E+00	-3.52658068E+00	5.51957275E-03	-1.37083177E-04
6.29604867E-01	-3.74198907E+00	5.51831129E-03	-1.45519004E-04
-1.76911166E-01	-3.78747765E+00	5.51705031E-03	-1.53951660E-04
-9.74143955E-01	-3.66125164E+00	5.51578980E-03	-1.62381186E-04
-1.72597859E+00	-3.36930095E+00	5.51452977E-03	-1.70807622E-04
-2.39841424E+00	-2.92511647E+00	5.51327021E-03	-1.79231012E-04
-2.96110168E+00	-2.34906699E+00	5.51201111E-03	-1.87651394E-04
-3.38871295E+00	-1.66746521E+00	5.51075246E-03	-1.96068812E-04
-3.66208133E+00	-9.11366061E-01	5.50949425E-03	-2.04483306E-04
-3.76906022E+00	-1.15151820E-01	5.50823649E-03	-2.12894917E-04
-3.70506267E+00	6.85031232E-01	5.50697917E-03	-2.21303687E-04
