jMRUI Data Textfile

Filename: /Users/kayigwe/Desktop/TE26_BASISSET/converter/sample_basis_sets/JMRUI/GPC.txt

PointsInDataset: 2048
DatasetsInFile: 1
SamplingInterval: 2.500000E-01
ZeroOrderPhase: 0.000000E+00
BeginTime: 0.000000E+00
TransmitterFrequency: 1.232618E+08
MagneticField: 2.895033E+00
TypeOfNucleus: 0.000000E+00
NameOfPatient: GPC
DateOfExperiment: 20260523
Spectrometer: Unknown
AdditionalInfo: Converted by basis_set_converter


Signal and FFT
sig(real)	sig(imag)	fft(real)	fft(imag)
Signal 1 out of 1 in file
1.50408503E+02	-1.51919500E+01	3.71174126E-02	-3.91071985E-03
1.42890613E+02	-4.90451262E+01	3.71048199E-02	-3.96689051E-03
1.27414674E+02	-7.99680014E+01	3.70922319E-02	-4.02304154E-03
1.05007378E+02	-1.06055410E+02	3.70796486E-02	-4.07917319E-03
7.71515985E+01	-1.25740868E+02	3.70670699E-02	-4.13528576E-03
4.56790903E+01	-1.37904204E+02	3.70544959E-02	-4.19137950E-03
1.26385713E+01	-1.41946200E+02	3.70419263E-02	-4.24745470E-03
-1.98509592E+01	-1.37824952E+02	3.70293612E-02	-4.30351163E-03
-4.97507246E+01	-1.26051419E+02	3.70168005E-02	-4.35955056E-03
-7.52453122E+01	-1.07644821E+02	3.70042441E-02	-4.41557177E-03
-9.48679210E+01	-8.40514756E+01	3.69916919E-02	-4.47157552E-03
-1.07598523E+02	-5.70334112E+01	3.69791440E-02	-4.52756210E-03
-1.12927925E+02	-2.85353533E+01	3.69666003E-02	-4.58353177E-03
-1.10883247E+02	-5.40187848E-01	3.69540606E-02	-4.63948480E-03
-1.02013352E+02	2.50761205E+01	3.69415249E-02	-4.69542146E-03
-8.73357541E+01	4.66793083E+01	3.69289932E-02	-4.75134204E-03
-6.82494380E+01	6.29912258E+01	3.69164654E-02	-4.80724679E-03
-4.64206107E+01	7.31755236E+01	3.69039415E-02	-4.86313598E-03
-2.36503343E+01	7.68884551E+01	3.68914213E-02	-4.91900990E-03
-1.73437470E+00	7.42913740E+01	3.68789049E-02	-4.97486880E-03
1.76739825E+01	6.60244728E+01	3.68663921E-02	-5.03071296E-03
3.31876489E+01	5.31442351E+01	3.68538829E-02	-5.08654264E-03
4.37866584E+01	3.70299077E+01	3.68413772E-02	-5.14235812E-03
4.88887997E+01	1.92665503E+01	3.68288750E-02	-5.19815967E-03
4.83848330E+01	1.51404286E+00	3.68163763E-02	-5.25394754E-03
4.26360062E+01	-1.46276312E+01	3.68038808E-02	-5.30972202E-03
3.24344472E+01	-2.77462664E+01	3.67913887E-02	-5.36548336E-03
1.89299735E+01	-3.67285416E+01	3.67788998E-02	-5.42123184E-03
3.52936717E+00	-4.08458242E+01	3.67664141E-02	-5.47696773E-03
-1.22236766E+01	-3.98081202E+01	3.67539315E-02	-5.53269128E-03
-2.67782899E+01	-3.37822279E+01	3.67414520E-02	-5.58840278E-03
-3.87055390E+01	-2.33728982E+01	3.67289755E-02	-5.64410247E-03
-4.68166379E+01	-9.56878102E+00	3.67165019E-02	-5.69979064E-03
-5.02609894E+01	6.34235722E+00	3.67040311E-02	-5.75546755E-03
-4.85963174E+01	2.28822492E+01	3.66915632E-02	-5.81113345E-03
-4.18254622E+01	3.85058158E+01	3.66790980E-02	-5.86678863E-03
-3.03969881E+01	5.17300630E+01	3.66666356E-02	-5.92243334E-03
-1.51696451E+01	6.12578658E+01	3.66541757E-02	-5.97806786E-03
2.65642543E+00	6.60868270E+01	3.66417185E-02	-6.03369243E-03
2.16362741E+01	6.55945124E+01	3.66292638E-02	-6.08930734E-03
4.01967985E+01	5.95932938E+01	3.66168115E-02	-6.14491285E-03
5.67642613E+01	4.83503985E+01	3.66043616E-02	-6.20050921E-03
6.98925191E+01	3.25714959E+01	3.65919141E-02	-6.25609670E-03
7.83818259E+01	1.33490615E+01	3.65794688E-02	-6.31167558E-03
8.13787556E+01	-7.92054034E+00	3.65670257E-02	-6.36724611E-03
7.84492722E+01	-2.96447690E+01	3.65545849E-02	-6.42280856E-03
6.96190945E+01	-5.01590544E+01	3.65421461E-02	-6.47836319E-03
5.53779934E+01	-6.78576453E+01	3.65297093E-02	-6.53391026E-03
3.66475570E+01	-8.13209166E+01	3.65172746E-02	-6.58945004E-03
1.47147238E+01	-8.94291403E+01	3.65048417E-02	-6.64498280E-03
-8.86385450E+00	-9.14537189E+01	3.64924108E-02	-6.70050879E-03
-3.23793305E+01	-8.71186729E+01	3.64799816E-02	-6.75602828E-03
-5.41010121E+01	-7.66273847E+01	3.64675542E-02	-6.81154153E-03
-7.24094659E+01	-6.06523712E+01	3.64551284E-02	-6.86704880E-03
-8.59220846E+01	-4.02886463E+01	3.64427043E-02	-6.92255037E-03
-9.36013127E+01	-1.69741059E+01	3.64302818E-02	-6.97804648E-03
-9.48371118E+01	7.61708027E+00	3.64178608E-02	-7.03353741E-03
-8.94971323E+01	3.17000005E+01	3.64054412E-02	-7.08902341E-03
-7.79405892E+01	5.35138478E+01	3.63930230E-02	-7.14450475E-03
-6.09945935E+01	7.14557950E+01	3.63806062E-02	-7.19998169E-03
-3.98945718E+01	8.42035718E+01	3.63681906E-02	-7.25545449E-03
-1.61932135E+01	9.08173306E+01	3.63557762E-02	-7.31092342E-03
8.35525207E+00	9.08128942E+01	3.63433630E-02	-7.36638873E-03
3.19266537E+01	8.42006767E+01	3.63309509E-02	-7.42185069E-03
5.27643971E+01	7.14871948E+01	3.63185399E-02	-7.47730956E-03
6.93124075E+01	5.36388992E+01	3.63061298E-02	-7.53276561E-03
8.03333640E+01	3.20110031E+01	3.62937206E-02	-7.58821909E-03
8.50031900E+01	8.24658674E+00	3.62813123E-02	-7.64367027E-03
8.29745347E+01	-1.58463900E+01	3.62689048E-02	-7.69911940E-03
7.44043842E+01	-3.84308972E+01	3.62564981E-02	-7.75456676E-03
5.99436007E+01	-5.77791748E+01	3.62440920E-02	-7.81001260E-03
4.06891557E+01	-7.24031068E+01	3.62316866E-02	-7.86545718E-03
1.81025986E+01	-8.11667623E+01	3.62192818E-02	-7.92090077E-03
-6.09908333E+00	-8.33725293E+01	3.62068774E-02	-7.97634362E-03
-3.00719759E+01	-7.88143421E+01	3.61944735E-02	-8.03178600E-03
-5.19834233E+01	-6.77939283E+01	3.61820700E-02	-8.08722817E-03
-7.01494152E+01	-5.10988731E+01	3.61696669E-02	-8.14267039E-03
-8.31608362E+01	-2.99441542E+01	3.61572640E-02	-8.19811293E-03
-8.99890123E+01	-5.88158200E+00	3.61448613E-02	-8.25355604E-03
-9.00626437E+01	1.93159689E+01	3.61324588E-02	-8.30899999E-03
-8.33103368E+01	4.37868022E+01	3.61200564E-02	-8.36444504E-03
-7.01655940E+01	6.57190751E+01	3.61076541E-02	-8.41989144E-03
-5.15339750E+01	8.34854754E+01	3.60952517E-02	-8.47533947E-03
-2.87249752E+01	9.57637265E+01	3.60828492E-02	-8.53078938E-03
-3.35389438E+00	1.01633896E+02	3.60704467E-02	-8.58624144E-03
2.27788458E+01	1.00645250E+02	3.60580439E-02	-8.64169590E-03
4.78217172E+01	9.28477066E+01	3.60456409E-02	-8.69715304E-03
7.00092982E+01	7.87856986E+01	3.60332375E-02	-8.75261310E-03
8.77923071E+01	5.94550421E+01	3.60208338E-02	-8.80807635E-03
9.99506732E+01	3.62262849E+01	3.60084297E-02	-8.86354306E-03
1.05681218E+02	1.07404763E+01	3.59960251E-02	-8.91901349E-03
1.04653439E+02	-1.52145861E+01	3.59836200E-02	-8.97448790E-03
9.70293999E+01	-3.98381557E+01	3.59712142E-02	-9.02996654E-03
8.34464425E+01	-6.14501969E+01	3.59588078E-02	-9.08544970E-03
6.49642882E+01	-7.86147480E+01	3.59464007E-02	-9.14093761E-03
4.29808099E+01	-9.02437339E+01	3.59339928E-02	-9.19643056E-03
1.91231009E+01	-9.56734435E+01	3.59215841E-02	-9.25192879E-03
-4.87765261E+00	-9.47080988E+01	3.59091745E-02	-9.30743258E-03
-2.73178512E+01	-8.76274313E+01	3.58967639E-02	-9.36294219E-03
-4.66495602E+01	-7.51579922E+01	3.58843523E-02	-9.41845787E-03
-6.15952486E+01	-5.84107036E+01	3.58719396E-02	-9.47397990E-03
-7.12404663E+01	-3.87897046E+01	3.58595258E-02	-9.52950854E-03
-7.50975400E+01	-1.78797788E+01	3.58471109E-02	-9.58504404E-03
-7.31356217E+01	2.67881923E+00	3.58346946E-02	-9.64058667E-03
-6.57750388E+01	2.13183287E+01	3.58222771E-02	-9.69613670E-03
-5.38467038E+01	3.66643365E+01	3.58098582E-02	-9.75169439E-03
-3.85199794E+01	4.76401863E+01	3.57974379E-02	-9.80726000E-03
-2.12048923E+01	5.35469504E+01	3.57850161E-02	-9.86283380E-03
-3.43647526E+00	5.41129291E+01	3.57725928E-02	-9.91841605E-03
1.32495797E+01	4.95089993E+01	3.57601678E-02	-9.97400702E-03
2.74401749E+01	4.03288718E+01	3.57477412E-02	-1.00296070E-02
3.79573161E+01	2.75359849E+01	3.57353129E-02	-1.00852162E-02
4.39510767E+01	1.23814213E+01	3.57228828E-02	-1.01408349E-02
4.49658308E+01	-3.70056702E+00	3.57104509E-02	-1.01964633E-02
4.09746154E+01	-1.92110939E+01	3.56980171E-02	-1.02521018E-02
3.23790625E+01	-3.27098198E+01	3.56855813E-02	-1.03077507E-02
1.99749797E+01	-4.29330634E+01	3.56731435E-02	-1.03634101E-02
4.88639083E+00	-4.88974885E+01	3.56607037E-02	-1.04190803E-02
-1.15267017E+01	-4.99812268E+01	3.56482617E-02	-1.04747616E-02
-2.77795343E+01	-4.59760095E+01	3.56358175E-02	-1.05304543E-02
-4.23839603E+01	-3.71062083E+01	3.56233711E-02	-1.05861586E-02
-5.39704339E+01	-2.40132536E+01	3.56109223E-02	-1.06418749E-02
-6.14009363E+01	-7.70660626E+00	3.55984712E-02	-1.06976033E-02
-6.38639397E+01	1.05148913E+01	3.55860177E-02	-1.07533441E-02
-6.09438648E+01	2.91651918E+01	3.55735616E-02	-1.08090976E-02
-5.26594868E+01	4.66887425E+01	3.55611031E-02	-1.08648641E-02
-3.94681727E+01	6.15845462E+01	3.55486419E-02	-1.09206439E-02
-2.22354569E+01	7.25268497E+01	3.55361780E-02	-1.09764371E-02
-2.17221802E+00	7.84730083E+01	3.55237115E-02	-1.10322442E-02
1.92558204E+01	7.87500380E+01	3.55112421E-02	-1.10880652E-02
4.04393123E+01	7.31129866E+01	3.54987699E-02	-1.11439006E-02
5.97487074E+01	6.17704644E+01	3.54862948E-02	-1.11997506E-02
7.56603406E+01	4.53751512E+01	3.54738167E-02	-1.12556154E-02
8.68754328E+01	2.49798648E+01	3.54613356E-02	-1.13114953E-02
9.24227919E+01	1.96238044E+00	3.54488514E-02	-1.13673906E-02
9.17371842E+01	-2.20753448E+01	3.54363641E-02	-1.14233016E-02
8.47072611E+01	-4.54259196E+01	3.54238735E-02	-1.14792285E-02
7.16891896E+01	-6.64042198E+01	3.54113797E-02	-1.15351716E-02
5.34848113E+01	-8.34742793E+01	3.53988826E-02	-1.15911312E-02
3.12858444E+01	-9.53656988E+01	3.53863821E-02	-1.16471075E-02
6.58825254E+00	-1.01170618E+02	3.53738781E-02	-1.17031009E-02
-1.89167812E+01	-1.00413830E+02	3.53613706E-02	-1.17591115E-02
-4.34670807E+01	-9.30906062E+01	3.53488596E-02	-1.18151397E-02
-6.53594778E+01	-7.96692841E+01	3.53363449E-02	-1.18711857E-02
-8.30757720E+01	-6.10583619E+01	3.53238265E-02	-1.19272498E-02
-9.53950756E+01	-3.85405114E+01	3.53113044E-02	-1.19833323E-02
-1.01484044E+02	-1.36785019E+01	3.52987785E-02	-1.20394335E-02
-1.00958149E+02	1.17999002E+01	3.52862487E-02	-1.20955536E-02
-9.39093633E+01	3.61293265E+01	3.52737149E-02	-1.21516929E-02
-8.08981816E+01	5.76368881E+01	3.52611772E-02	-1.22078516E-02
-6.29106128E+01	7.48651050E+01	3.52486354E-02	-1.22640302E-02
-4.12834517E+01	8.66784037E+01	3.52360895E-02	-1.23202287E-02
-1.76035213E+01	9.23451882E+01	3.52235395E-02	-1.23764476E-02
6.41142424E+00	9.15893114E+01	3.52109851E-02	-1.24326870E-02
2.90410864E+01	8.46071756E+01	3.51984265E-02	-1.24889473E-02
4.86905644E+01	7.20492465E+01	3.51858635E-02	-1.25452287E-02
6.40081515E+01	5.49675312E+01	3.51732961E-02	-1.26015315E-02
7.39841260E+01	3.47331207E+01	3.51607242E-02	-1.26578561E-02
7.80230974E+01	1.29301750E+01	3.51481478E-02	-1.27142026E-02
7.59845618E+01	-8.76548257E+00	3.51355668E-02	-1.27705713E-02
6.81887137E+01	-2.87138857E+01	3.51229810E-02	-1.28269626E-02
5.53872536E+01	-4.54347983E+01	3.51103906E-02	-1.28833767E-02
3.87015959E+01	-5.77185532E+01	3.50977953E-02	-1.29398138E-02
1.95333445E+01	-6.47154434E+01	3.50851952E-02	-1.29962744E-02
-5.45954651E-01	-6.59969695E+01	3.50725902E-02	-1.30527586E-02
-1.99172722E+01	-6.15844038E+01	3.50599802E-02	-1.31092667E-02
-3.70392943E+01	-5.19426525E+01	3.50473652E-02	-1.31657990E-02
-5.05667702E+01	-3.79400870E+01	3.50347450E-02	-1.32223558E-02
-5.94529472E+01	-2.07775846E+01	3.50221197E-02	-1.32789374E-02
-6.30283022E+01	-1.89241724E+00	3.50094891E-02	-1.33355441E-02
-6.10496436E+01	1.71555117E+01	3.49968532E-02	-1.33921761E-02
-5.37159255E+01	3.48062162E+01	3.49842120E-02	-1.34488337E-02
-4.16497400E+01	4.96214758E+01	3.49715654E-02	-1.35055173E-02
-2.58460464E+01	6.03965869E+01	3.49589133E-02	-1.35622271E-02
-7.59226409E+00	6.62534132E+01	3.49462556E-02	-1.36189633E-02
1.16339868E+01	6.67076421E+01	3.49335923E-02	-1.36757263E-02
3.02814948E+01	6.17051197E+01	3.49209233E-02	-1.37325164E-02
4.68473280E+01	5.16245919E+01	3.49082486E-02	-1.37893338E-02
5.99945252E+01	3.72467380E+01	3.48955681E-02	-1.38461789E-02
6.86564793E+01	1.96920161E+01	3.48828817E-02	-1.39030519E-02
7.21199884E+01	3.32234541E-01	3.48701894E-02	-1.39599531E-02
7.00805707E+01	-1.93172330E+01	3.48574911E-02	-1.40168828E-02
6.26658451E+01	-3.77161596E+01	3.48447868E-02	-1.40738413E-02
5.04252317E+01	-5.34198973E+01	3.48320763E-02	-1.41308289E-02
3.42868415E+01	-6.51921598E+01	3.48193596E-02	-1.41878458E-02
1.54849782E+01	-7.21014458E+01	3.48066367E-02	-1.42448925E-02
-4.53609480E+00	-7.35936417E+01	3.47939074E-02	-1.43019690E-02
-2.42345950E+01	-6.95352172E+01	3.47811718E-02	-1.43590759E-02
-4.20911538E+01	-6.02237162E+01	3.47684297E-02	-1.44162133E-02
-5.67269162E+01	-4.63647572E+01	3.47556812E-02	-1.44733815E-02
-6.70106687E+01	-2.90173900E+01	3.47429260E-02	-1.45305809E-02
-7.21467090E+01	-9.51205041E+00	3.47301642E-02	-1.45878117E-02
-7.17366606E+01	1.06524812E+01	3.47173957E-02	-1.46450742E-02
-6.58104896E+01	2.99251384E+01	3.47046204E-02	-1.47023688E-02
-5.48243241E+01	4.68226437E+01	3.46918383E-02	-1.47596957E-02
-3.96252953E+01	6.00443009E+01	3.46790492E-02	-1.48170552E-02
-2.13861206E+01	6.85726456E+01	3.46662532E-02	-1.48744476E-02
-1.51452146E+00	7.17521567E+01	3.46534502E-02	-1.49318733E-02
1.84555117E+01	6.93399841E+01	3.46406400E-02	-1.49893324E-02
3.69822009E+01	6.15247626E+01	3.46278227E-02	-1.50468254E-02
5.26350346E+01	4.89120956E+01	3.46149981E-02	-1.51043525E-02
6.42052210E+01	3.24778360E+01	3.46021662E-02	-1.51619141E-02
7.07989940E+01	1.34927859E+01	3.45893270E-02	-1.52195103E-02
7.19065984E+01	-6.57534720E+00	3.45764803E-02	-1.52771416E-02
6.74416290E+01	-2.61751831E+01	3.45636262E-02	-1.53348083E-02
5.77477069E+01	-4.37913230E+01	3.45507644E-02	-1.53925105E-02
4.35719972E+01	-5.80612189E+01	3.45378950E-02	-1.54502488E-02
2.60076121E+01	-6.78802312E+01	3.45250179E-02	-1.55080232E-02
6.40937257E+00	-7.24867898E+01	3.45121330E-02	-1.55658343E-02
-1.37105918E+01	-7.15211081E+01	3.44992403E-02	-1.56236822E-02
-3.27993292E+01	-6.50529270E+01	3.44863397E-02	-1.56815672E-02
-4.93826781E+01	-5.35761846E+01	3.44734311E-02	-1.57394898E-02
-6.21787860E+01	-3.79710170E+01	3.44605144E-02	-1.57974502E-02
-7.01967958E+01	-1.94360533E+01	3.44475896E-02	-1.58554486E-02
-7.28131247E+01	6.03787010E-01	3.44346566E-02	-1.59134855E-02
-6.98194590E+01	2.06068750E+01	3.44217154E-02	-1.59715611E-02
-6.14388112E+01	3.90333942E+01	3.44087659E-02	-1.60296758E-02
-4.83084030E+01	5.44636894E+01	3.43958079E-02	-1.60878298E-02
-3.14307271E+01	6.57073281E+01	3.43828415E-02	-1.61460235E-02
-1.20965626E+01	7.18945162E+01	3.43698666E-02	-1.62042571E-02
8.21411892E+00	7.25428331E+01	3.43568831E-02	-1.62625311E-02
2.79457163E+01	6.75941971E+01	3.43438909E-02	-1.63208457E-02
4.55863114E+01	5.74192301E+01	3.43308899E-02	-1.63792013E-02
5.97835404E+01	4.27887213E+01	3.43178802E-02	-1.64375981E-02
6.94481507E+01	2.48144143E+01	3.43048615E-02	-1.64960364E-02
7.38372848E+01	4.86368313E+00	3.42918339E-02	-1.65545167E-02
7.26111307E+01	-1.55453089E+01	3.42787973E-02	-1.66130392E-02
6.58586160E+01	-3.48599168E+01	3.42657516E-02	-1.66716042E-02
5.40902051E+01	-5.16118296E+01	3.42526967E-02	-1.67302121E-02
3.81984044E+01	-6.45292872E+01	3.42396326E-02	-1.67888632E-02
1.93890322E+01	-7.26340868E+01	3.42265591E-02	-1.68475578E-02
-9.11413118E-01	-7.53159575E+01	3.42134763E-02	-1.69062963E-02
-2.11651636E+01	-7.23786357E+01	3.42003841E-02	-1.69650789E-02
-3.98409341E+01	-6.40541348E+01	3.41872823E-02	-1.70239060E-02
-5.55309775E+01	-5.09841834E+01	3.41741709E-02	-1.70827780E-02
-6.70584603E+01	-3.41702918E+01	3.41610498E-02	-1.71416950E-02
-7.35669280E+01	-1.48963485E+01	3.41479190E-02	-1.72006576E-02
-7.45850411E+01	5.37027473E+00	3.41347784E-02	-1.72596660E-02
-7.00616383E+01	2.50914743E+01	3.41216279E-02	-1.73187205E-02
-6.03685127E+01	4.27763386E+01	3.41084674E-02	-1.73778216E-02
-4.62707334E+01	5.70951907E+01	3.40952969E-02	-1.74369694E-02
-2.88668655E+01	6.69809849E+01	3.40821163E-02	-1.74961644E-02
-9.50374043E+00	7.17103128E+01	3.40689255E-02	-1.75554068E-02
1.03276325E+01	7.09578227E+01	3.40557245E-02	-1.76146971E-02
2.91069621E+01	6.48199378E+01	3.40425131E-02	-1.76740356E-02
4.54015448E+01	5.38061096E+01	3.40292913E-02	-1.77334225E-02
5.79761020E+01	3.87983458E+01	3.40160590E-02	-1.77928583E-02
6.58871718E+01	2.09821988E+01	3.40028162E-02	-1.78523433E-02
6.85548185E+01	1.75456915E+00	3.39895627E-02	-1.79118778E-02
6.58061946E+01	-1.73845205E+01	3.39762986E-02	-1.79714621E-02
5.78876690E+01	-3.49478385E+01	3.39630236E-02	-1.80310967E-02
4.54446387E+01	-4.95755959E+01	3.39497378E-02	-1.80907818E-02
2.94706614E+01	-6.01400236E+01	3.39364411E-02	-1.81505179E-02
1.12298663E+01	-6.58318453E+01	3.39231333E-02	-1.82103052E-02
-7.84131486E+00	-6.62220178E+01	3.39098144E-02	-1.82701441E-02
-2.62455033E+01	-6.12940442E+01	3.38964844E-02	-1.83300349E-02
-4.25402104E+01	-5.14444118E+01	3.38831432E-02	-1.83899780E-02
-5.54492265E+01	-3.74511940E+01	3.38697906E-02	-1.84499738E-02
-6.39609993E+01	-2.04132782E+01	3.38564266E-02	-1.85100226E-02
-6.74064336E+01	-1.66495745E+00	3.38430512E-02	-1.85701248E-02
-6.55101711E+01	1.73274952E+01	3.38296642E-02	-1.86302806E-02
-5.84114296E+01	3.50792804E+01	3.38162656E-02	-1.86904906E-02
-4.66528545E+01	5.02017912E+01	3.38028552E-02	-1.87507550E-02
-3.11382878E+01	6.15097732E+01	3.37894331E-02	-1.88110741E-02
-1.30627494E+01	6.81126724E+01	3.37759991E-02	-1.88714484E-02
6.17992704E+00	6.94831734E+01	3.37625532E-02	-1.89318782E-02
2.51046750E+01	6.54976762E+01	3.37490952E-02	-1.89923639E-02
4.22496737E+01	5.64456401E+01	3.37356251E-02	-1.90529059E-02
5.62889194E+01	4.30071219E+01	3.37221429E-02	-1.91135044E-02
6.61342185E+01	2.62002752E+01	3.37086483E-02	-1.91741599E-02
7.10187767E+01	7.30290363E+00	3.36951414E-02	-1.92348727E-02
7.05559804E+01	-1.22458727E+01	3.36816221E-02	-1.92956432E-02
6.47688806E+01	-3.09562346E+01	3.36680903E-02	-1.93564718E-02
5.40881649E+01	-4.74020485E+01	3.36545459E-02	-1.94173588E-02
3.93188089E+01	-6.03302155E+01	3.36409889E-02	-1.94783047E-02
2.15780317E+01	-6.87565843E+01	3.36274190E-02	-1.95393097E-02
2.20935906E+00	-7.20410835E+01	3.36138364E-02	-1.96003743E-02
-1.73205534E+01	-6.99363234E+01	3.36002408E-02	-1.96614988E-02
-3.55343839E+01	-6.26059899E+01	3.35866322E-02	-1.97226837E-02
-5.10572361E+01	-5.06116560E+01	3.35730105E-02	-1.97839292E-02
-6.27216640E+01	-3.48690943E+01	3.35593757E-02	-1.98452358E-02
-6.96565825E+01	-1.65774959E+01	3.35457276E-02	-1.99066039E-02
-7.13532537E+01	2.87291038E+00	3.35320662E-02	-1.99680338E-02
-6.77033349E+01	2.20076925E+01	3.35183913E-02	-2.00295259E-02
-5.90061125E+01	3.93812729E+01	3.35047030E-02	-2.00910806E-02
-4.59444380E+01	5.36874951E+01	3.34910010E-02	-2.01526984E-02
-2.95312824E+01	6.38592183E+01	3.34772854E-02	-2.02143795E-02
-1.10310800E+01	6.91492969E+01	3.34635560E-02	-2.02761244E-02
8.13802457E+00	6.91867686E+01	3.34498128E-02	-2.03379334E-02
2.65134740E+01	6.40039843E+01	3.34360557E-02	-2.03998070E-02
4.27006945E+01	5.40326594E+01	3.34222845E-02	-2.04617456E-02
5.54799432E+01	4.00692307E+01	3.34084992E-02	-2.05237495E-02
6.38993901E+01	2.32122508E+01	3.33946998E-02	-2.05858191E-02
6.73473020E+01	4.77671751E+00	3.33808860E-02	-2.06479549E-02
6.55978226E+01	-1.38080163E+01	3.33670579E-02	-2.07101572E-02
5.88268779E+01	-3.11088399E+01	3.33532154E-02	-2.07724264E-02
4.75970619E+01	-4.57994492E+01	3.33393583E-02	-2.08347630E-02
3.28127300E+01	-5.67623523E+01	3.33254865E-02	-2.08971674E-02
1.56488428E+01	-6.31744655E+01	3.33116001E-02	-2.09596399E-02
-2.54089763E+00	-6.45697402E+01	3.32976988E-02	-2.10221809E-02
-2.03294808E+01	-6.08740270E+01	3.32837827E-02	-2.10847909E-02
-3.63274191E+01	-5.24095548E+01	3.32698515E-02	-2.11474703E-02
-4.92904136E+01	-3.98687330E+01	3.32559053E-02	-2.12102195E-02
-5.82155340E+01	-2.42593645E+01	3.32419439E-02	-2.12730389E-02
-6.24185127E+01	-6.82555613E+00	3.32279673E-02	-2.13359290E-02
-6.15862032E+01	1.10495236E+01	3.32139753E-02	-2.13988900E-02
-5.58001952E+01	2.79514848E+01	3.31999678E-02	-2.14619225E-02
-4.55298003E+01	4.25448104E+01	3.31859449E-02	-2.15250269E-02
-3.15949950E+01	5.36766816E+01	3.31719063E-02	-2.15882036E-02
-1.51022262E+01	6.04665196E+01	3.31578520E-02	-2.16514530E-02
2.64193101E+00	6.23743330E+01	3.31437818E-02	-2.17147755E-02
2.02325570E+01	5.92426097E+01	3.31296958E-02	-2.17781716E-02
3.62757374E+01	5.13085392E+01	3.31155938E-02	-2.18416417E-02
4.94970130E+01	3.91856391E+01	3.31014756E-02	-2.19051863E-02
5.88405521E+01	2.38162339E+01	3.30873413E-02	-2.19688057E-02
6.35513863E+01	6.39846600E+00	3.30731907E-02	-2.20325004E-02
6.32343614E+01	-1.17065030E+01	3.30590238E-02	-2.20962708E-02
5.78852639E+01	-2.90799320E+01	3.30448403E-02	-2.21601174E-02
4.78917208E+01	-4.43554341E+01	3.30306403E-02	-2.22240406E-02
3.40038173E+01	-5.63249188E+01	3.30164236E-02	-2.22880408E-02
1.72766954E+01	-6.40323730E+01	3.30021902E-02	-2.23521185E-02
-1.01043199E+00	-6.68482453E+01	3.29879399E-02	-2.24162742E-02
-1.94526110E+01	-6.45187066E+01	3.29736726E-02	-2.24805082E-02
-3.66272452E+01	-5.71859874E+01	3.29593883E-02	-2.25448211E-02
-5.12036364E+01	-4.53782306E+01	3.29450869E-02	-2.26092132E-02
-6.20455409E+01	-2.99696369E+01	3.29307682E-02	-2.26736851E-02
-6.82988486E+01	-1.21139724E+01	3.29164321E-02	-2.27382371E-02
-6.94576488E+01	6.84344962E+00	3.29020786E-02	-2.28028698E-02
-6.54036048E+01	2.54685475E+01	3.28877075E-02	-2.28675835E-02
-5.64156196E+01	4.23481131E+01	3.28733188E-02	-2.29323788E-02
-4.31490567E+01	5.61979013E+01	3.28589124E-02	-2.29972562E-02
-2.65861176E+01	6.59608713E+01	3.28444881E-02	-2.30622160E-02
-7.96119704E+00	7.08880517E+01	3.28300458E-02	-2.31272587E-02
1.13330548E+01	7.05958379E+01	3.28155855E-02	-2.31923848E-02
2.98517479E+01	6.50953441E+01	3.28011071E-02	-2.32575948E-02
4.62077210E+01	5.47915860E+01	3.27866103E-02	-2.33228892E-02
5.91770352E+01	4.04525766E+01	3.27720952E-02	-2.33882684E-02
6.77919240E+01	2.31507362E+01	3.27575617E-02	-2.34537329E-02
7.14140981E+01	4.18112801E+00	3.27430096E-02	-2.35192831E-02
6.97828219E+01	-1.50371924E+01	3.27284387E-02	-2.35849196E-02
6.30341199E+01	-3.30691439E+01	3.27138492E-02	-2.36506428E-02
5.16896859E+01	-4.85726284E+01	3.26992407E-02	-2.37164532E-02
3.66164001E+01	-6.04002404E+01	3.26846132E-02	-2.37823514E-02
1.89596014E+01	-6.76859130E+01	3.26699667E-02	-2.38483377E-02
5.52732282E-02	-6.99098994E+01	3.26553009E-02	-2.39144127E-02
-1.86720921E+01	-6.69371695E+01	3.26406158E-02	-2.39805768E-02
-3.58181064E+01	-5.90263404E+01	3.26259113E-02	-2.40468306E-02
-5.01052452E+01	-4.68085315E+01	3.26111873E-02	-2.41131746E-02
-6.04795906E+01	-3.12378382E+01	3.25964437E-02	-2.41796093E-02
-6.61901733E+01	-1.35172914E+01	3.25816802E-02	-2.42461350E-02
-6.68448895E+01	4.99395831E+00	3.25668971E-02	-2.43127525E-02
-6.24387727E+01	2.28850679E+01	3.25520937E-02	-2.43794622E-02
-5.33525376E+01	3.88015023E+01	3.25372705E-02	-2.44462643E-02
-4.03215970E+01	5.15483170E+01	3.25224270E-02	-2.45131601E-02
-2.43780197E+01	6.01808157E+01	3.25075632E-02	-2.45801491E-02
-6.76996946E+00	6.40756648E+01	3.24926791E-02	-2.46472325E-02
1.11351181E+01	6.29770687E+01	3.24777744E-02	-2.47144105E-02
2.79561315E+01	5.70145387E+01	3.24628491E-02	-2.47816838E-02
4.24045074E+01	4.66909835E+01	3.24479029E-02	-2.48490529E-02
5.33829142E+01	3.28421312E+01	3.24329360E-02	-2.49165183E-02
6.00688274E+01	1.65705003E+01	3.24179480E-02	-2.49840805E-02
6.19766124E+01	-8.40917202E-01	3.24029390E-02	-2.50517400E-02
5.89934036E+01	-1.80285485E+01	3.23879087E-02	-2.51194974E-02
5.13860971E+01	-3.36539690E+01	3.23728572E-02	-2.51873532E-02
3.97790088E+01	-4.65072993E+01	3.23577841E-02	-2.52553079E-02
2.51040095E+01	-5.56003027E+01	3.23426896E-02	-2.53233621E-02
8.52706591E+00	-6.02420311E+01	3.23275733E-02	-2.53915164E-02
-8.64307225E+00	-6.00912308E+01	3.23124353E-02	-2.54597712E-02
-2.50569400E+01	-5.51815252E+01	3.22972753E-02	-2.55281271E-02
-3.94292632E+01	-4.59175035E+01	3.22820933E-02	-2.55965847E-02
-5.06385906E+01	-3.30420927E+01	3.22668891E-02	-2.56651445E-02
-5.78139608E+01	-1.75778059E+01	3.22516627E-02	-2.57338070E-02
-6.04019344E+01	-7.46472898E-01	3.22364139E-02	-2.58025729E-02
-5.82088490E+01	1.61262910E+01	3.22211425E-02	-2.58714427E-02
-5.14150816E+01	3.17144540E+01	3.22058486E-02	-2.59404169E-02
-4.05602686E+01	4.47947608E+01	3.21905318E-02	-2.60094961E-02
-2.65006824E+01	5.43417629E+01	3.21751922E-02	-2.60786808E-02
-1.03421109E+01	5.96073440E+01	3.21598295E-02	-2.61479717E-02
6.64652570E+00	6.01786114E+01	3.21444437E-02	-2.62173694E-02
2.31321053E+01	5.60096990E+01	3.21290347E-02	-2.62868743E-02
3.78211064E+01	4.74250593E+01	3.21136023E-02	-2.63564871E-02
4.95602421E+01	3.50940186E+01	3.20981463E-02	-2.64262083E-02
5.74261383E+01	1.99786000E+01	3.20826668E-02	-2.64960386E-02
6.07971266E+01	3.25867377E+00	3.20671634E-02	-2.65659785E-02
5.94016101E+01	-1.37597512E+01	3.20516362E-02	-2.66360286E-02
5.33392774E+01	-2.97459882E+01	3.20360849E-02	-2.67061895E-02
4.30735389E+01	-4.34480323E+01	3.20205095E-02	-2.67764619E-02
2.93957857E+01	-5.37898220E+01	3.20049098E-02	-2.68468462E-02
1.33642462E+01	-5.99548882E+01	3.19892856E-02	-2.69173431E-02
-3.77782726E+00	-6.14499279E+01	3.19736370E-02	-2.69879532E-02
-2.06983134E+01	-5.81433952E+01	3.19579636E-02	-2.70586771E-02
-3.60792912E+01	-5.02761351E+01	3.19422654E-02	-2.71295155E-02
-4.87190632E+01	-3.84432387E+01	3.19265423E-02	-2.72004689E-02
-5.76252602E+01	-2.35485260E+01	3.19107941E-02	-2.72715379E-02
-6.20918450E+01	-6.73516312E+00	3.18950207E-02	-2.73427232E-02
-6.17540753E+01	1.07022310E+01	3.18792220E-02	-2.74140254E-02
-5.66171916E+01	2.74172203E+01	3.18633977E-02	-2.74854452E-02
-4.70566145E+01	4.21152505E+01	3.18475479E-02	-2.75569831E-02
-3.37896389E+01	5.36534277E+01	3.18316723E-02	-2.76286397E-02
-1.78207977E+01	6.11286979E+01	3.18157707E-02	-2.77004158E-02
-3.65101046E-01	6.39476405E+01	3.17998432E-02	-2.77723120E-02
1.72449482E+01	6.18725137E+01	3.17838895E-02	-2.78443288E-02
3.36614172E+01	5.50400089E+01	3.17679094E-02	-2.79164670E-02
4.76242387E+01	4.39512804E+01	3.17519029E-02	-2.79887272E-02
5.80578140E+01	2.94340170E+01	3.17358698E-02	-2.80611100E-02
6.41535039E+01	1.25794748E+01	3.17198099E-02	-2.81336161E-02
6.54316900E+01	-5.34069107E+00	3.17037232E-02	-2.82062462E-02
6.17786502E+01	-2.29714114E+01	3.16876095E-02	-2.82790009E-02
5.34554388E+01	-3.89775601E+01	3.16714685E-02	-2.83518810E-02
4.10781044E+01	-5.21457650E+01	3.16553003E-02	-2.84248869E-02
2.55707835E+01	-6.14768699E+01	3.16391045E-02	-2.84980195E-02
8.09528448E+00	-6.62619799E+01	3.16228812E-02	-2.85712794E-02
-1.00374262E+01	-6.61362808E+01	3.16066301E-02	-2.86446673E-02
-2.74670377E+01	-6.11065408E+01	3.15903511E-02	-2.87181839E-02
-4.28873616E+01	-5.15502224E+01	3.15740441E-02	-2.87918299E-02
-5.51455257E+01	-3.81863101E+01	3.15577088E-02	-2.88656059E-02
-6.33293163E+01	-2.20201323E+01	3.15413452E-02	-2.89395126E-02
-6.68360080E+01	-4.26643706E+00	3.15249530E-02	-2.90135508E-02
-6.54174470E+01	1.37433492E+01	3.15085322E-02	-2.90877211E-02
-5.91979912E+01	3.06625598E+01	3.14920826E-02	-2.91620243E-02
-4.86639846E+01	4.52316423E+01	3.14756040E-02	-2.92364610E-02
-3.46256448E+01	5.63735956E+01	3.14590963E-02	-2.93110320E-02
-1.81543358E+01	6.32752077E+01	3.14425593E-02	-2.93857380E-02
-5.00096431E-01	6.54479059E+01	3.14259929E-02	-2.94605798E-02
1.70042138E+01	6.27636223E+01	3.14093969E-02	-2.95355579E-02
3.30447755E+01	5.54629904E+01	3.13927711E-02	-2.96106733E-02
4.64268520E+01	4.41353281E+01	3.13761155E-02	-2.96859265E-02
5.61653602E+01	2.96720238E+01	3.13594297E-02	-2.97613184E-02
6.15590482E+01	1.31969767E+01	3.13427137E-02	-2.98368496E-02
6.22426465E+01	-4.02049625E+00	3.13259674E-02	-2.99125210E-02
5.82130588E+01	-2.06635560E+01	3.13091904E-02	-2.99883332E-02
4.98276657E+01	-3.54689810E+01	3.12923828E-02	-3.00642871E-02
3.77749641E+01	-4.73237799E+01	3.12755442E-02	-3.01403834E-02
2.30198855E+01	-5.53498610E+01	3.12586747E-02	-3.02166228E-02
6.72808758E+00	-5.89702906E+01	3.12417739E-02	-3.02930061E-02
-9.82489577E+00	-5.79521028E+01	3.12248417E-02	-3.03695341E-02
-2.53525943E+01	-5.24224389E+01	3.12078780E-02	-3.04462076E-02
-3.86569922E+01	-4.28568649E+01	3.11908825E-02	-3.05230273E-02
-4.87207034E+01	-3.00408476E+01	3.11738552E-02	-3.05999940E-02
-5.47848497E+01	-1.50074513E+01	3.11567958E-02	-3.06771086E-02
-5.64066772E+01	1.04387287E+00	3.11397042E-02	-3.07543717E-02
-5.34925192E+01	1.68410779E+01	3.11225802E-02	-3.08317842E-02
-4.63036390E+01	3.11386141E+01	3.11054236E-02	-3.09093470E-02
-3.54345635E+01	4.28141585E+01	3.10882342E-02	-3.09870607E-02
-2.17656652E+01	5.09555033E+01	3.10710119E-02	-3.10649263E-02
-6.39371457E+00	5.49309213E+01	3.10537565E-02	-3.11429444E-02
9.45417308E+00	5.44375929E+01	3.10364679E-02	-3.12211161E-02
2.45164984E+01	4.95244085E+01	3.10191457E-02	-3.12994420E-02
3.75958102E+01	4.05874255E+01	3.10017900E-02	-3.13779230E-02
4.76519759E+01	2.83383894E+01	3.09844004E-02	-3.14565599E-02
5.38830920E+01	1.37488009E+01	3.09669768E-02	-3.15353536E-02
5.57877818E+01	-2.02610408E+00	3.09495191E-02	-3.16143049E-02
5.32040925E+01	-1.77375426E+01	3.09320269E-02	-3.16934147E-02
4.63220099E+01	-3.21405496E+01	3.09145002E-02	-3.17726838E-02
3.56686501E+01	-4.40909663E+01	3.08969388E-02	-3.18521131E-02
2.20673116E+01	-5.26345559E+01	3.08793425E-02	-3.19317034E-02
6.57356717E+00	-5.70813524E+01	3.08617110E-02	-3.20114557E-02
-9.60662719E+00	-5.70595060E+01	3.08440442E-02	-3.20913707E-02
-2.52104748E+01	-5.25444771E+01	3.08263420E-02	-3.21714493E-02
-3.90162826E+01	-4.38613310E+01	3.08086041E-02	-3.22516926E-02
-4.99382411E+01	-3.16599786E+01	3.07908302E-02	-3.23321012E-02
-5.71107174E+01	-1.68652774E+01	3.07730204E-02	-3.24126762E-02
-5.99555523E+01	-6.05866167E-01	3.07551742E-02	-3.24934184E-02
-5.82271783E+01	1.58727734E+01	3.07372916E-02	-3.25743287E-02
-5.20320728E+01	3.13043117E+01	3.07193724E-02	-3.26554081E-02
-4.18210649E+01	4.44992139E+01	3.07014162E-02	-3.27366574E-02
-2.83550828E+01	5.44365078E+01	3.06834231E-02	-3.28180776E-02
-1.26469974E+01	6.03425961E+01	3.06653927E-02	-3.28996696E-02
4.11595659E+00	6.17510560E+01	3.06473248E-02	-3.29814344E-02
2.06632058E+01	5.85388142E+01	3.06292192E-02	-3.30633728E-02
3.57382906E+01	5.09359295E+01	3.06110759E-02	-3.31454858E-02
4.81952576E+01	3.95082321E+01	3.05928944E-02	-3.32277744E-02
5.70865649E+01	2.51141651E+01	3.05746747E-02	-3.33102395E-02
6.17357575E+01	8.83916218E+00	3.05564164E-02	-3.33928821E-02
6.17893258E+01	-8.08739551E+00	3.05381195E-02	-3.34757031E-02
5.72437766E+01	-2.43862398E+01	3.05197837E-02	-3.35587035E-02
4.84458552E+01	-3.88260764E+01	3.05014088E-02	-3.36418844E-02
3.60659113E+01	-5.03177173E+01	3.04829946E-02	-3.37252466E-02
2.10464851E+01	-5.79972684E+01	3.04645408E-02	-3.38087912E-02
4.53006699E+00	-6.12919958E+01	3.04460472E-02	-3.38925191E-02
-1.22283946E+01	-5.99638264E+01	3.04275137E-02	-3.39764315E-02
-2.79575185E+01	-5.41271787E+01	3.04089400E-02	-3.40605292E-02
-4.14666688E+01	-4.42397700E+01	3.03903259E-02	-3.41448133E-02
-5.17368304E+01	-3.10671499E+01	3.03716712E-02	-3.42292848E-02
-5.79982262E+01	-1.56237024E+01	3.03529756E-02	-3.43139447E-02
-5.97887290E+01	9.05321337E-01	3.03342390E-02	-3.43987941E-02
-5.69886319E+01	1.72547339E+01	3.03154610E-02	-3.44838340E-02
-4.98291293E+01	3.21763199E+01	3.02966416E-02	-3.45690655E-02
-3.88739137E+01	4.45342688E+01	3.02777803E-02	-3.46544896E-02
-2.49753345E+01	5.33918322E+01	3.02588771E-02	-3.47401074E-02
-9.20852712E+00	5.80825575E+01	3.02399317E-02	-3.48259199E-02
7.21139128E+00	5.82606785E+01	3.02209438E-02	-3.49119282E-02
2.30226883E+01	5.39268232E+01	3.02019133E-02	-3.49981334E-02
3.70137483E+01	4.54271226E+01	3.01828399E-02	-3.50845366E-02
4.81157574E+01	3.34258400E+01	3.01637233E-02	-3.51711389E-02
5.54842265E+01	1.88536671E+01	3.01445633E-02	-3.52579413E-02
5.85631272E+01	2.83571956E+00	3.01253597E-02	-3.53449451E-02
5.71267547E+01	-1.33952170E+01	3.01061122E-02	-3.54321512E-02
5.12961476E+01	-2.85934827E+01	3.00868207E-02	-3.55195608E-02
4.15288716E+01	-4.15960984E+01	3.00674847E-02	-3.56071751E-02
2.85829961E+01	-5.14117359E+01	3.00481042E-02	-3.56949951E-02
1.34581073E+01	-5.72962847E+01	3.00286789E-02	-3.57830221E-02
-2.68207664E+00	-5.88092506E+01	3.00092084E-02	-3.58712572E-02
-1.85994848E+01	-5.58466856E+01	2.99896926E-02	-3.59597015E-02
-3.30769489E+01	-4.86481913E+01	2.99701313E-02	-3.60483562E-02
-4.50116002E+01	-3.77775019E+01	2.99505240E-02	-3.61372225E-02
-5.34992256E+01	-2.40782198E+01	2.99308707E-02	-3.62263015E-02
-5.79031333E+01	-8.60815534E+00	2.99111711E-02	-3.63155945E-02
-5.79022540E+01	7.44262229E+00	2.98914248E-02	-3.64051026E-02
-5.35148431E+01	2.28436773E+01	2.98716316E-02	-3.64948271E-02
-4.50960096E+01	3.64189582E+01	2.98517913E-02	-3.65847691E-02
-3.33093310E+01	4.71370934E+01	2.98319036E-02	-3.66749299E-02
-1.90748043E+01	5.41903105E+01	2.98119682E-02	-3.67653107E-02
-3.49718954E+00	5.70559124E+01	2.97919849E-02	-3.68559127E-02
1.22196754E+01	5.55356325E+01	2.97719535E-02	-3.69467373E-02
2.68659704E+01	4.97698832E+01	2.97518735E-02	-3.70377856E-02
3.93191918E+01	4.02258573E+01	2.97317448E-02	-3.71290588E-02
4.86304791E+01	2.76604702E+01	2.97115671E-02	-3.72205584E-02
5.40973197E+01	1.30610422E+01	2.96913401E-02	-3.73122855E-02
5.53170602E+01	-2.43163731E+00	2.96710635E-02	-3.74042414E-02
5.22171444E+01	-1.76119101E+01	2.96507371E-02	-3.74964275E-02
4.50597837E+01	-3.13026381E+01	2.96303606E-02	-3.75888450E-02
3.44207688E+01	-4.24461753E+01	2.96099336E-02	-3.76814953E-02
2.11440935E+01	-5.01859062E+01	2.95894560E-02	-3.77743796E-02
6.27595528E+00	-5.39320685E+01	2.95689274E-02	-3.78674993E-02
-9.01674414E+00	-5.34068221E+01	2.95483475E-02	-3.79608558E-02
-2.35370738E+01	-4.86651048E+01	2.95277160E-02	-3.80544503E-02
-3.61509032E+01	-4.00897250E+01	2.95070327E-02	-3.81482843E-02
-4.58747252E+01	-2.83610965E+01	2.94862973E-02	-3.82423591E-02
-5.19516812E+01	-1.44040028E+01	2.94655094E-02	-3.83366761E-02
-5.39099537E+01	6.84465420E-01	2.94446687E-02	-3.84312367E-02
-5.15990227E+01	1.57202145E+01	2.94237751E-02	-3.85260422E-02
-4.52010288E+01	2.95240746E+01	2.94028280E-02	-3.86210942E-02
-3.52163888E+01	4.10132586E+01	2.93818274E-02	-3.87163939E-02
-2.24248034E+01	4.92852736E+01	2.93607727E-02	-3.88119428E-02
-7.82470245E+00	5.36878284E+01	2.93396639E-02	-3.89077424E-02
7.44419074E+00	5.38693434E+01	2.93185004E-02	-3.90037940E-02
2.21891635E+01	4.98061853E+01	2.92972820E-02	-3.91000992E-02
3.52568820E+01	4.18045486E+01	2.92760085E-02	-3.91966595E-02
4.56226760E+01	3.04768464E+01	2.92546794E-02	-3.92934762E-02
5.24698642E+01	1.66944694E+01	2.92332945E-02	-3.93905508E-02
5.52530078E+01	1.52055034E+00	2.92118534E-02	-3.94878850E-02
5.37402182E+01	-1.38720465E+01	2.91903558E-02	-3.95854801E-02
4.80312844E+01	-2.82911984E+01	2.91688015E-02	-3.96833377E-02
3.85502187E+01	-4.06174726E+01	2.91471899E-02	-3.97814593E-02
2.60128307E+01	-4.98904665E+01	2.91255210E-02	-3.98798465E-02
1.13718209E+01	-5.53829031E+01	2.91037942E-02	-3.99785007E-02
-4.25635198E+00	-5.66567670E+01	2.90820092E-02	-4.00774237E-02
-1.96771967E+01	-5.35971938E+01	2.90601658E-02	-4.01766168E-02
-3.37099098E+01	-4.64214953E+01	2.90382636E-02	-4.02760818E-02
-4.52780206E+01	-3.56626626E+01	2.90163022E-02	-4.03758202E-02
-5.34920101E+01	-2.21286182E+01	2.89942813E-02	-4.04758335E-02
-5.77175387E+01	-6.84037188E+00	2.89722006E-02	-4.05761235E-02
-5.76240722E+01	9.04614810E+00	2.89500596E-02	-4.06766918E-02
-5.32101705E+01	2.43285827E+01	2.89278581E-02	-4.07775400E-02
-4.48035254E+01	3.78501259E+01	2.89055957E-02	-4.08786697E-02
-3.30357714E+01	4.85879596E+01	2.88832720E-02	-4.09800826E-02
-1.87940171E+01	5.57313355E+01	2.88608867E-02	-4.10817804E-02
-3.15286151E+00	5.87433379E+01	2.88384394E-02	-4.11837647E-02
1.27078864E+01	5.74015998E+01	2.88159297E-02	-4.12860374E-02
2.75934322E+01	5.18148743E+01	2.87933574E-02	-4.13886000E-02
4.03852493E+01	4.24142323E+01	2.87707219E-02	-4.14914543E-02
5.01263492E+01	2.99195830E+01	2.87480230E-02	-4.15946021E-02
5.60940380E+01	1.52841430E+01	2.87252602E-02	-4.16980451E-02
5.78546057E+01	-3.78871140E-01	2.87024332E-02	-4.18017850E-02
5.52957695E+01	-1.58816553E+01	2.86795416E-02	-4.19058236E-02
4.86344415E+01	-3.00527718E+01	2.86565850E-02	-4.20101628E-02
3.83992486E+01	-4.18266553E+01	2.86335630E-02	-4.21148043E-02
2.53892159E+01	-5.03247974E+01	2.86104753E-02	-4.22197500E-02
1.06118151E+01	-5.49224126E+01	2.85873214E-02	-4.23250016E-02
-4.79481576E+00	-5.52954782E+01	2.85641009E-02	-4.24305610E-02
-1.96494768E+01	-5.14445989E+01	2.85408135E-02	-4.25364301E-02
-3.28185969E+01	-4.36938976E+01	2.85174588E-02	-4.26426107E-02
-4.33030224E+01	-3.26650818E+01	2.84940363E-02	-4.27491048E-02
-5.03142669E+01	-1.92287315E+01	2.84705456E-02	-4.28559142E-02
-5.33343669E+01	-4.43659620E+00	2.84469864E-02	-4.29630408E-02
-5.21547971E+01	1.05598398E+01	2.84233582E-02	-4.30704866E-02
-4.68914937E+01	2.45982514E+01	2.83996605E-02	-4.31782535E-02
-3.79748837E+01	3.65949528E+01	2.83758931E-02	-4.32863434E-02
-2.61157554E+01	4.56281018E+01	2.83520553E-02	-4.33947584E-02
-1.22496321E+01	5.10082268E+01	2.83281470E-02	-4.35035004E-02
2.53599996E+00	5.23306865E+01	2.83041675E-02	-4.36125714E-02
1.70859933E+01	4.95060681E+01	2.82801165E-02	-4.37219735E-02
3.02668379E+01	4.27662223E+01	2.82559935E-02	-4.38317086E-02
4.10540809E+01	3.26455424E+01	2.82317981E-02	-4.39417788E-02
4.86111413E+01	1.99389605E+01	2.82075298E-02	-4.40521863E-02
5.23534569E+01	5.63996672E+00	2.81831882E-02	-4.41629329E-02
5.19930729E+01	-9.13654819E+00	2.81587729E-02	-4.42740210E-02
4.75602541E+01	-2.32406453E+01	2.81342834E-02	-4.43854525E-02
3.94005262E+01	-3.55762107E+01	2.81097192E-02	-4.44972296E-02
2.81474025E+01	-4.51855081E+01	2.80850800E-02	-4.46093545E-02
1.46729581E+01	-5.13228866E+01	2.80603651E-02	-4.47218293E-02
2.00990536E-02	-5.35120047E+01	2.80355742E-02	-4.48346561E-02
-1.46782260E+01	-5.15821710E+01	2.80107067E-02	-4.49478372E-02
-2.82866064E+01	-4.56810559E+01	2.79857623E-02	-4.50613749E-02
-3.97548012E+01	-3.62628274E+01	2.79607404E-02	-4.51752712E-02
-4.81986440E+01	-2.40526687E+01	2.79356405E-02	-4.52895285E-02
-5.29680196E+01	-9.99046332E+00	2.79104623E-02	-4.54041491E-02
-5.36966775E+01	4.84199439E+00	2.78852050E-02	-4.55191352E-02
-5.03300828E+01	1.93046023E+01	2.78598684E-02	-4.56344891E-02
-4.31291944E+01	3.22869302E+01	2.78344518E-02	-4.57502131E-02
-3.26499088E+01	4.27937658E+01	2.78089549E-02	-4.58663096E-02
-1.96998108E+01	5.00216538E+01	2.77833770E-02	-4.59827810E-02
-5.27557749E+00	5.34205369E+01	2.77577176E-02	-4.60996296E-02
9.51408624E+00	5.27357657E+01	2.77319764E-02	-4.62168578E-02
2.35340376E+01	4.80272871E+01	2.77061526E-02	-4.63344680E-02
3.57101909E+01	3.96645436E+01	2.76802459E-02	-4.64524627E-02
4.51121730E+01	2.82975397E+01	2.76542557E-02	-4.65708443E-02
5.10247838E+01	1.48063166E+01	2.76281814E-02	-4.66896152E-02
5.30027559E+01	2.32781112E-01	2.76020226E-02	-4.68087781E-02
5.09046384E+01	-1.42998426E+01	2.75757787E-02	-4.69283353E-02
4.49032008E+01	-2.76737121E+01	2.75494491E-02	-4.70482895E-02
3.54716102E+01	-3.88625153E+01	2.75230333E-02	-4.71686432E-02
2.33464668E+01	-4.70104487E+01	2.74965308E-02	-4.72893989E-02
9.47058374E+00	-5.14979247E+01	2.74699409E-02	-4.74105593E-02
-5.08004395E+00	-5.19889863E+01	2.74432632E-02	-4.75321270E-02
-1.91794478E+01	-4.84567790E+01	2.74164971E-02	-4.76541045E-02
-3.17386224E+01	-4.11851588E+01	2.73896419E-02	-4.77764947E-02
-4.17895086E+01	-3.07463402E+01	2.73626972E-02	-4.78993001E-02
-4.85595336E+01	-1.79563313E+01	2.73356624E-02	-4.80225235E-02
-5.15309888E+01	-3.81163263E+00	2.73085368E-02	-4.81461676E-02
-5.04806829E+01	1.05879193E+01	2.72813199E-02	-4.82702351E-02
-4.54968324E+01	2.41241785E+01	2.72540111E-02	-4.83947288E-02
-3.69719285E+01	3.57470446E+01	2.72266097E-02	-4.85196516E-02
-2.55721355E+01	4.45554779E+01	2.71991153E-02	-4.86450062E-02
-1.21856293E+01	4.98669413E+01	2.71715271E-02	-4.87707955E-02
2.14614578E+00	5.12699371E+01	2.71438446E-02	-4.88970224E-02
1.63089698E+01	4.86555937E+01	2.71160671E-02	-4.90236897E-02
2.92018873E+01	4.22259124E+01	2.70881940E-02	-4.91508004E-02
3.98221637E+01	3.24780359E+01	2.70602248E-02	-4.92783574E-02
4.73426051E+01	2.01657967E+01	2.70321587E-02	-4.94063637E-02
5.11753153E+01	6.24150939E+00	2.70039951E-02	-4.95348222E-02
5.10169698E+01	-8.21748575E+00	2.69757334E-02	-4.96637361E-02
4.68721633E+01	-2.20918586E+01	2.69473729E-02	-4.97931082E-02
3.90530334E+01	-3.43065184E+01	2.69189129E-02	-4.99229418E-02
2.81552224E+01	-4.39133785E+01	2.68903529E-02	-5.00532399E-02
1.50120455E+01	-5.01643196E+01	2.68616922E-02	-5.01840056E-02
6.30401072E-01	-5.25687229E+01	2.68329300E-02	-5.03152421E-02
-1.38866153E+01	-5.09311850E+01	2.68040656E-02	-5.04469525E-02
-2.74244565E+01	-4.53665229E+01	2.67750985E-02	-5.05791401E-02
-3.89426828E+01	-3.62909367E+01	2.67460279E-02	-5.07118081E-02
-4.75547840E+01	-2.43900451E+01	2.67168532E-02	-5.08449598E-02
-5.25961221E+01	-1.05662521E+01	2.66875735E-02	-5.09785984E-02
-5.36747963E+01	4.13046497E+00	2.66581882E-02	-5.11127272E-02
-5.07015495E+01	1.85830402E+01	2.66286967E-02	-5.12473497E-02
-4.38964294E+01	3.16928610E+01	2.65990981E-02	-5.13824692E-02
-3.37717452E+01	4.24638117E+01	2.65693918E-02	-5.15180891E-02
-2.10926336E+01	5.00783654E+01	2.65395769E-02	-5.16542128E-02
-6.81831443E+00	5.39598923E+01	2.65096529E-02	-5.17908438E-02
7.97144725E+00	5.38164387E+01	2.64796189E-02	-5.19279857E-02
2.21589986E+01	4.96626259E+01	2.64494741E-02	-5.20656418E-02
3.46742212E+01	4.18180495E+01	2.64192179E-02	-5.22038159E-02
4.45761717E+01	3.08823189E+01	2.63888494E-02	-5.23425115E-02
5.11246672E+01	1.76887098E+01	2.63583679E-02	-5.24817322E-02
5.38363677E+01	3.24001906E+00	2.63277726E-02	-5.26214817E-02
5.25210607E+01	-1.13684301E+01	2.62970626E-02	-5.27617636E-02
4.72954242E+01	-2.50326830E+01	2.62662374E-02	-5.29025818E-02
3.85732496E+01	-3.67245219E+01	2.62352959E-02	-5.30439399E-02
2.70329262E+01	-4.55698086E+01	2.62042374E-02	-5.31858418E-02
1.35647458E+01	-5.09148261E+01	2.61730611E-02	-5.33282912E-02
-7.97902676E-01	-5.23755395E+01	2.61417662E-02	-5.34712921E-02
-1.49581007E+01	-4.98660439E+01	2.61103518E-02	-5.36148484E-02
-2.78396223E+01	-4.36040680E+01	2.60788172E-02	-5.37589639E-02
-3.84693063E+01	-3.40931574E+01	2.60471613E-02	-5.39036427E-02
-4.60512734E+01	-2.20829850E+01	2.60153835E-02	-5.40488887E-02
-5.00272976E+01	-8.51087106E+00	2.59834828E-02	-5.41947060E-02
-5.01187254E+01	5.57091728E+00	2.59514584E-02	-5.43410987E-02
-4.63467816E+01	1.90764812E+01	2.59193094E-02	-5.44880710E-02
-3.90297365E+01	3.09699285E+01	2.58870349E-02	-5.46356268E-02
-2.87572377E+01	4.03448977E+01	2.58546340E-02	-5.47837706E-02
-1.63438207E+01	4.64938637E+01	2.58221058E-02	-5.49325064E-02
-2.76524963E+00	4.89619012E+01	2.57894494E-02	-5.50818386E-02
1.09173719E+01	4.75808264E+01	2.57566639E-02	-5.52317715E-02
2.36398434E+01	4.24811134E+01	2.57237484E-02	-5.53823094E-02
3.44170955E+01	3.40807456E+01	2.56907019E-02	-5.55334568E-02
4.24190849E+01	2.30519028E+01	2.56575235E-02	-5.56852181E-02
4.70344926E+01	1.02681145E+01	2.56242121E-02	-5.58375977E-02
4.79173653E+01	-3.26399292E+00	2.55907670E-02	-5.59906002E-02
4.50131200E+01	-1.64830674E+01	2.55571871E-02	-5.61442302E-02
3.85619623E+01	-2.83554261E+01	2.55234713E-02	-5.62984922E-02
2.90795019E+01	-3.79551298E+01	2.54896188E-02	-5.64533910E-02
1.73161000E+01	-4.45355333E+01	2.54556285E-02	-5.66089312E-02
4.19814885E+00	-4.75868201E+01	2.54214994E-02	-5.67651176E-02
-9.24416996E+00	-4.68750956E+01	2.53872305E-02	-5.69219549E-02
-2.19570168E+01	-4.24600475E+01	2.53528208E-02	-5.70794481E-02
-3.29447331E+01	-3.46898594E+01	2.53182692E-02	-5.72376019E-02
-4.13470449E+01	-2.41737854E+01	2.52835747E-02	-5.73964214E-02
-4.65056777E+01	-1.17345644E+01	2.52487362E-02	-5.75559115E-02
-4.80152547E+01	1.65564542E+00	2.52137527E-02	-5.77160772E-02
-4.57545503E+01	1.49508188E+01	2.51786231E-02	-5.78769237E-02
-3.98957302E+01	2.71122612E+01	2.51433462E-02	-5.80384559E-02
-3.08908639E+01	3.71891715E+01	2.51079210E-02	-5.82006793E-02
-1.94367982E+01	4.43923351E+01	2.50723464E-02	-5.83635988E-02
-6.42111017E+00	4.81552795E+01	2.50366213E-02	-5.85272200E-02
7.14666201E+00	4.81781568E+01	2.50007444E-02	-5.86915480E-02
2.02131843E+01	4.44510018E+01	2.49647148E-02	-5.88565883E-02
3.17628589E+01	3.72545645E+01	2.49285312E-02	-5.90223463E-02
4.08964052E+01	2.71386822E+01	2.48921924E-02	-5.91888275E-02
4.69004531E+01	1.48798695E+01	2.48556973E-02	-5.93560375E-02
4.93027580E+01	1.42140508E+00	2.48190447E-02	-5.95239818E-02
4.79088064E+01	-1.21994385E+01	2.47822334E-02	-5.96926662E-02
4.28169874E+01	-2.49314266E+01	2.47452621E-02	-5.98620964E-02
3.44111700E+01	-3.57904560E+01	2.47081297E-02	-6.00322781E-02
2.33312799E+01	-4.39354848E+01	2.46708349E-02	-6.02032172E-02
1.04241316E+01	-4.87334318E+01	2.46333765E-02	-6.03749196E-02
-3.32166309E+00	-4.98080605E+01	2.45957531E-02	-6.05473913E-02
-1.68517181E+01	-4.70690917E+01	2.45579636E-02	-6.07206383E-02
-2.91269489E+01	-4.07193008E+01	2.45200065E-02	-6.08946666E-02
-3.92034745E+01	-3.12390824E+01	2.44818808E-02	-6.10694824E-02
-4.63051958E+01	-1.93496553E+01	2.44435849E-02	-6.12450919E-02
-4.98834662E+01	-5.95777291E+00	2.44051176E-02	-6.14215014E-02
-4.96592889E+01	7.91382313E+00	2.43664775E-02	-6.15987173E-02
-4.56447855E+01	2.12048401E+01	2.43276633E-02	-6.17767459E-02
-3.81423239E+01	3.28987332E+01	2.42886736E-02	-6.19555937E-02
-2.77213621E+01	4.21006292E+01	2.42495071E-02	-6.21352673E-02
-1.51748192E+01	4.81058766E+01	2.42101622E-02	-6.23157732E-02
-1.45832986E+00	5.04539885E+01	2.41706377E-02	-6.24971182E-02
1.23829462E+01	4.89638284E+01	2.41309320E-02	-6.26793090E-02
2.52943184E+01	4.37473742E+01	2.40910438E-02	-6.28623525E-02
3.62922440E+01	3.52010127E+01	2.40509715E-02	-6.30462554E-02
4.45394759E+01	2.39750575E+01	2.40107137E-02	-6.32310248E-02
4.94089504E+01	1.09238597E+01	2.39702690E-02	-6.34166678E-02
5.05315092E+01	-2.95965872E+00	2.39296357E-02	-6.36031914E-02
4.78238304E+01	-1.66199874E+01	2.38888125E-02	-6.37906029E-02
4.14944531E+01	-2.90197150E+01	2.38477976E-02	-6.39789095E-02
3.20274564E+01	-3.92187064E+01	2.38065897E-02	-6.41681186E-02
2.01450966E+01	-4.64457249E+01	2.37651870E-02	-6.43582376E-02
6.75227442E+00	-5.01570138E+01	2.37235881E-02	-6.45492740E-02
-7.13285564E+00	-5.00773708E+01	2.36817913E-02	-6.47412354E-02
-2.04568144E+01	-4.62206126E+01	2.36397950E-02	-6.49341296E-02
-3.22112646E+01	-3.88878804E+01	2.35975976E-02	-6.51279641E-02
-4.15098491E+01	-2.86439855E+01	2.35551974E-02	-6.53227470E-02
-4.76555277E+01	-1.62736310E+01	2.35125926E-02	-6.55184862E-02
-5.01932571E+01	-2.72092445E+00	2.34697817E-02	-6.57151896E-02
-4.89440341E+01	1.09831517E+01	2.34267629E-02	-6.59128653E-02
-4.40177116E+01	2.37997271E+01	2.33835345E-02	-6.61115217E-02
-3.58036796E+01	3.47614044E+01	2.33400947E-02	-6.63111669E-02
-2.49401668E+01	4.30459296E+01	2.32964418E-02	-6.65118094E-02
-1.22645790E+01	4.80385102E+01	2.32525739E-02	-6.67134576E-02
1.25126023E+00	4.93780585E+01	2.32084893E-02	-6.69161202E-02
1.45759711E+01	4.69838343E+01	2.31641861E-02	-6.71198057E-02
2.66977845E+01	4.10605109E+01	2.31196625E-02	-6.73245230E-02
3.67019497E+01	3.20813340E+01	2.30749166E-02	-6.75302809E-02
4.38404181E+01	2.07507239E+01	2.30299465E-02	-6.77370885E-02
4.75884907E+01	7.94927246E+00	2.29847502E-02	-6.79449547E-02
4.76841057E+01	-5.33460954E+00	2.29393260E-02	-6.81538887E-02
4.41467959E+01	-1.80810720E+01	2.28936717E-02	-6.83639000E-02
3.72749302E+01	-2.93173561E+01	2.28477854E-02	-6.85749977E-02
2.76214993E+01	-3.81924097E+01	2.28016652E-02	-6.87871915E-02
1.59503974E+01	-4.40418621E+01	2.27553089E-02	-6.90004909E-02
3.17660255E+00	-4.64383856E+01	2.27087146E-02	-6.92149057E-02
-9.70506777E+00	-4.52235949E+01	2.26618801E-02	-6.94304457E-02
-2.16971111E+01	-4.05190988E+01	2.26148034E-02	-6.96471209E-02
-3.18764356E+01	-3.27158896E+01	2.25674823E-02	-6.98649413E-02
-3.94654402E+01	-2.24429729E+01	2.25199147E-02	-7.00839171E-02
-4.38916265E+01	-1.05176990E+01	2.24720985E-02	-7.03040586E-02
-4.48311467E+01	2.11830870E+00	2.24240313E-02	-7.05253762E-02
-4.22329913E+01	1.44726420E+01	2.23757111E-02	-7.07478806E-02
-3.63219732E+01	2.55793192E+01	2.23271355E-02	-7.09715823E-02
-2.75803443E+01	3.45737229E+01	2.22783023E-02	-7.11964922E-02
-1.67095107E+01	4.07594987E+01	2.22292092E-02	-7.14226213E-02
-4.57484511E+00	4.36622319E+01	2.21798538E-02	-7.16499805E-02
7.86208213E+00	4.30657984E+01	2.21302338E-02	-7.18785811E-02
1.96186065E+01	3.90285945E+01	2.20803468E-02	-7.21084345E-02
2.97675558E+01	3.18784313E+01	2.20301904E-02	-7.23395520E-02
3.75094101E+01	2.21865301E+01	2.19797622E-02	-7.25719454E-02
4.22344382E+01	1.07226472E+01	2.19290596E-02	-7.28056264E-02
4.35700201E+01	-1.60514613E+00	2.18780801E-02	-7.30406068E-02
4.14095116E+01	-1.38213734E+01	2.18268213E-02	-7.32768988E-02
3.59204243E+01	-2.49592262E+01	2.17752806E-02	-7.35145144E-02
2.75313261E+01	-3.41359205E+01	2.17234553E-02	-7.37534662E-02
1.68984704E+01	-4.06214984E+01	2.16713428E-02	-7.39937665E-02
4.85477479E+00	-4.38957462E+01	2.16189406E-02	-7.42354281E-02
-7.65491272E+00	-4.36888465E+01	2.15662458E-02	-7.44784636E-02
-1.96472319E+01	-4.00026030E+01	2.15132558E-02	-7.47228863E-02
-3.01767340E+01	-3.31106269E+01	2.14599678E-02	-7.49687090E-02
-3.84094083E+01	-2.35374518E+01	2.14063789E-02	-7.52159452E-02
-4.36876107E+01	-1.20182105E+01	2.13524865E-02	-7.54646084E-02
-4.55814001E+01	5.58018505E-01	2.12982875E-02	-7.57147122E-02
-4.39222926E+01	1.32168215E+01	2.12437792E-02	-7.59662703E-02
-3.88168452E+01	2.49737106E+01	2.11889585E-02	-7.62192968E-02
-3.06390042E+01	3.49102474E+01	2.11338225E-02	-7.64738059E-02
-2.00018069E+01	4.22451360E+01	2.10783682E-02	-7.67298120E-02
-7.71061933E+00	4.63948256E+01	2.10225925E-02	-7.69873295E-02
5.29850790E+00	4.70189328E+01	2.09664923E-02	-7.72463732E-02
1.80306016E+01	4.40469919E+01	2.09100645E-02	-7.75069580E-02
2.95081494E+01	3.76844690E+01	2.08533059E-02	-7.77690991E-02
3.88462081E+01	2.83975629E+01	2.07962134E-02	-7.80328118E-02
4.53204808E+01	1.68779736E+01	2.07387836E-02	-7.82981115E-02
4.84231211E+01	3.99032088E+00	2.06810132E-02	-7.85650140E-02
4.79019779E+01	-9.29372953E+00	2.06228990E-02	-7.88335353E-02
4.37802790E+01	-2.19695951E+01	2.05644375E-02	-7.91036914E-02
3.63552259E+01	-3.30764624E+01	2.05056253E-02	-7.93754988E-02
2.61756336E+01	-4.17706526E+01	2.04464590E-02	-7.96489739E-02
1.40003122E+01	-4.73900517E+01	2.03869349E-02	-7.99241337E-02
7.40403459E-01	-4.95046587E+01	2.03270496E-02	-8.02009951E-02
-1.26099147E+01	-4.79494083E+01	2.02667994E-02	-8.04795754E-02
-2.50490437E+01	-4.28367444E+01	2.02061807E-02	-8.07598920E-02
-3.56441002E+01	-3.45480196E+01	2.01451897E-02	-8.10419628E-02
-4.36017646E+01	-2.37043816E+01	2.00838227E-02	-8.13258056E-02
-4.83284084E+01	-1.11194018E+01	2.00220759E-02	-8.16114386E-02
-4.94749393E+01	2.26290570E+00	1.99599454E-02	-8.18988804E-02
-4.69629364E+01	1.54399306E+01	1.98974272E-02	-8.21881497E-02
-4.09901201E+01	2.74266507E+01	1.98345175E-02	-8.24792654E-02
-3.20147695E+01	3.73303478E+01	1.97712122E-02	-8.27722468E-02
-2.07203119E+01	4.44181253E+01	1.97075072E-02	-8.30671134E-02
-7.96284338E+00	4.81720988E+01	1.96433983E-02	-8.33638849E-02
5.29438949E+00	4.83280586E+01	1.95788814E-02	-8.36625815E-02
1.80544882E+01	4.48946868E+01	1.95139522E-02	-8.39632234E-02
2.93627610E+01	3.81519172E+01	1.94486065E-02	-8.42658314E-02
3.83791209E+01	2.86285999E+01	1.93828397E-02	-8.45704263E-02
4.44415009E+01	1.70612577E+01	1.93166475E-02	-8.48770293E-02
4.71154625E+01	4.33712156E+00	1.92500254E-02	-8.51856621E-02
4.62262312E+01	-8.57412952E+00	1.91829689E-02	-8.54963463E-02
4.18707777E+01	-2.06946751E+01	1.91154732E-02	-8.58091042E-02
3.44090612E+01	-3.11131924E+01	1.90475337E-02	-8.61239583E-02
2.44351959E+01	-3.90540997E+01	1.89791456E-02	-8.64409313E-02
1.27308006E+01	-4.39361307E+01	1.89103042E-02	-8.67600463E-02
2.04180876E-01	-4.54157598E+01	1.88410044E-02	-8.70813269E-02
-1.21799406E+01	-4.34122226E+01	1.87712414E-02	-8.74047969E-02
-2.34747250E+01	-3.81122535E+01	1.87010101E-02	-8.77304803E-02
-3.28238113E+01	-2.99542627E+01	1.86303053E-02	-8.80584018E-02
-3.95266475E+01	-1.95932359E+01	1.85591218E-02	-8.83885862E-02
-4.30915412E+01	-7.84912129E+00	1.84874545E-02	-8.87210588E-02
-4.32724041E+01	4.35725392E+00	1.84152979E-02	-8.90558452E-02
-4.00864098E+01	1.60757763E+01	1.83426466E-02	-8.93929715E-02
-3.38112702E+01	2.64005851E+01	1.82694952E-02	-8.97324640E-02
-2.49624182E+01	3.45399007E+01	1.81958379E-02	-9.00743495E-02
-1.42519076E+01	3.98767526E+01	1.81216692E-02	-9.04186553E-02
-2.53228347E+00	4.20159574E+01	1.80469832E-02	-9.07654091E-02
9.27021745E+00	4.08137626E+01	1.79717741E-02	-9.11146388E-02
2.02279226E+01	3.63879096E+01	1.78960360E-02	-9.14663731E-02
2.94838473E+01	2.91074115E+01	1.78197629E-02	-9.18206407E-02
3.63181045E+01	1.95628735E+01	1.77429486E-02	-9.21774711E-02
4.02034719E+01	8.51972451E+00	1.76655869E-02	-9.25368941E-02
4.08458579E+01	-3.14199302E+00	1.75876714E-02	-9.28989401E-02
3.82065484E+01	-1.44965720E+01	1.75091959E-02	-9.32636398E-02
3.25045765E+01	-2.46449691E+01	1.74301536E-02	-9.36310245E-02
2.41990493E+01	-3.27849105E+01	1.73505382E-02	-9.40011259E-02
1.39528586E+01	-3.82733331E+01	1.72703427E-02	-9.43739764E-02
2.58060983E+00	-4.06763539E+01	1.71895605E-02	-9.47496087E-02
-9.01516942E+00	-3.98028950E+01	1.71081845E-02	-9.51280561E-02
-1.99145710E+01	-3.57194007E+01	1.70262077E-02	-9.55093524E-02
-2.92521391E+01	-2.87445150E+01	1.69436229E-02	-9.58935321E-02
-3.62844041E+01	-1.94241608E+01	1.68604230E-02	-9.62806301E-02
-4.04479106E+01	-8.48897533E+00	1.67766004E-02	-9.66706820E-02
-4.14032314E+01	3.20259989E+00	1.66921477E-02	-9.70637237E-02
-3.90615804E+01	1.47311371E+01	1.66070572E-02	-9.74597921E-02
-3.35919680E+01	2.51877884E+01	1.65213212E-02	-9.78589244E-02
-2.54083474E+01	3.37450386E+01	1.64349318E-02	-9.82611586E-02
-1.51377668E+01	3.97211815E+01	1.63478810E-02	-9.86665332E-02
-3.57197473E+00	4.26335262E+01	1.62601606E-02	-9.90750874E-02
8.39375543E+00	4.22362166E+01	1.61717623E-02	-9.94868610E-02
1.98298709E+01	3.85397503E+01	1.60826777E-02	-9.99018947E-02
2.98444918E+01	3.18106699E+01	1.59928983E-02	-1.00320230E-01
3.76525176E+01	2.25514689E+01	1.59024153E-02	-1.00741908E-01
4.26365563E+01	1.14622380E+01	1.58112199E-02	-1.01166971E-01
4.43949602E+01	-6.12974730E-01	1.57193030E-02	-1.01595464E-01
4.27732782E+01	-1.27509689E+01	1.56266555E-02	-1.02027430E-01
3.78766764E+01	-2.40203658E+01	1.55332680E-02	-1.02462915E-01
3.00623818E+01	-3.35532802E+01	1.54391312E-02	-1.02901963E-01
1.99127139E+01	-4.06121842E+01	1.53442352E-02	-1.03344621E-01
8.19077984E+00	-4.46467980E+01	1.52485704E-02	-1.03790937E-01
-4.21775958E+00	-4.53366490E+01	1.51521266E-02	-1.04240959E-01
-1.63723882E+01	-4.26160088E+01	1.50548939E-02	-1.04694735E-01
-2.73496802E+01	-3.66793004E+01	1.49568617E-02	-1.05152316E-01
-3.63139873E+01	-2.79665568E+01	1.48580195E-02	-1.05613752E-01
-4.25814209E+01	-1.71300435E+01	1.47583567E-02	-1.06079094E-01
-4.56722372E+01	-4.98462007E+00	1.46578623E-02	-1.06548397E-01
-4.53475996E+01	7.55436415E+00	1.45565253E-02	-1.07021712E-01
-4.16279071E+01	1.95408573E+01	1.44543342E-02	-1.07499095E-01
-3.47912977E+01	3.00702392E+01	1.43512776E-02	-1.07980601E-01
-2.53524400E+01	3.83482622E+01	1.42473438E-02	-1.08466286E-01
-1.40232663E+01	4.37515264E+01	1.41425207E-02	-1.08956208E-01
-1.65865202E+00	4.58748669E+01	1.40367963E-02	-1.09450427E-01
1.08087732E+01	4.45620268E+01	1.39301581E-02	-1.09949001E-01
2.24396894E+01	3.99173032E+01	1.38225935E-02	-1.10451991E-01
3.23595798E+01	3.22972753E+01	1.37140896E-02	-1.10959460E-01
3.98251752E+01	2.22832941E+01	1.36046334E-02	-1.11471470E-01
4.42807870E+01	1.06368505E+01	1.34942114E-02	-1.11988087E-01
4.54002160E+01	-1.75872975E+00	1.33828101E-02	-1.12509375E-01
4.31110745E+01	-1.39657795E+01	1.32704156E-02	-1.13035402E-01
3.75996750E+01	-2.50638004E+01	1.31570137E-02	-1.13566235E-01
2.92961616E+01	-3.42194966E+01	1.30425900E-02	-1.14101945E-01
1.88410558E+01	-4.07499936E+01	1.29271298E-02	-1.14642603E-01
7.03581570E+00	-4.41744017E+01	1.28106181E-02	-1.15188280E-01
-5.21876264E+00	-4.42498176E+01	1.26930397E-02	-1.15739050E-01
-1.69915722E+01	-4.09890372E+01	1.25743789E-02	-1.16294989E-01
-2.73923285E+01	-3.46586700E+01	1.24546199E-02	-1.16856173E-01
-3.56393751E+01	-2.57578538E+01	1.23337464E-02	-1.17422680E-01
-4.11189605E+01	-1.49792422E+01	1.22117418E-02	-1.17994590E-01
-4.34314765E+01	-3.15531639E+00	1.20885894E-02	-1.18571986E-01
-4.24211489E+01	8.80583956E+00	1.19642718E-02	-1.19154948E-01
-3.81869453E+01	1.99903288E+01	1.18387715E-02	-1.19743564E-01
-3.10739303E+01	2.95484408E+01	1.17120705E-02	-1.20337918E-01
-2.16457731E+01	3.67594817E+01	1.15841505E-02	-1.20938100E-01
-1.06405913E+01	4.10864742E+01	1.14549929E-02	-1.21544200E-01
1.08644269E+00	4.22165666E+01	1.13245784E-02	-1.22156309E-01
1.26292744E+01	4.00840748E+01	1.11928877E-02	-1.22774523E-01
2.31008087E+01	3.48744592E+01	1.10599008E-02	-1.23398935E-01
3.17010459E+01	2.70089713E+01	1.09255973E-02	-1.24029646E-01
3.77782644E+01	1.71112235E+01	1.07899565E-02	-1.24666755E-01
4.08785815E+01	5.95830341E+00	1.06529571E-02	-1.25310364E-01
4.07800944E+01	-5.57975931E+00	1.05145775E-02	-1.25960579E-01
3.75090354E+01	-1.66074681E+01	1.03747954E-02	-1.26617505E-01
3.13367396E+01	-2.62730730E+01	1.02335883E-02	-1.27281252E-01
2.27577191E+01	-3.38341656E+01	1.00909329E-02	-1.27951932E-01
1.24505925E+01	-3.87146279E+01	9.94680563E-03	-1.28629658E-01
1.22492120E+00	-4.05485518E+01	9.80118217E-03	-1.29314548E-01
-1.00418923E+01	-3.92077876E+01	9.65403780E-03	-1.30006721E-01
-2.04727637E+01	-3.48110370E+01	9.50534719E-03	-1.30706298E-01
-2.92588542E+01	-2.77138322E+01	9.35508442E-03	-1.31413405E-01
-3.57220312E+01	-1.84802358E+01	9.20322299E-03	-1.32128169E-01
-3.93670474E+01	-7.83847620E+00	9.04973575E-03	-1.32850721E-01
-3.99194278E+01	3.37599858E+00	8.89459495E-03	-1.33581194E-01
-3.73461798E+01	1.42856333E+01	8.73777216E-03	-1.34319725E-01
-3.18577471E+01	2.40389840E+01	8.57923830E-03	-1.35066454E-01
-2.38911141E+01	3.18767647E+01	8.41896356E-03	-1.35821524E-01
-1.40753861E+01	3.71906238E+01	8.25691743E-03	-1.36585082E-01
-3.18255542E+00	3.95701079E+01	8.09306867E-03	-1.37357278E-01
7.93272241E+00	3.88342154E+01	7.92738525E-03	-1.38138266E-01
1.83996629E+01	3.50451100E+01	7.75983438E-03	-1.38928203E-01
2.73990365E+01	2.85029742E+01	7.59038242E-03	-1.39727251E-01
3.42267747E+01	1.97224178E+01	7.41899494E-03	-1.40535575E-01
3.83485699E+01	9.39229672E+00	7.24563658E-03	-1.41353345E-01
3.94412715E+01	-1.67792931E+00	7.07027115E-03	-1.42180734E-01
3.74178779E+01	-1.26211422E+01	6.89286148E-03	-1.43017920E-01
3.24342171E+01	-2.25799251E+01	6.71336946E-03	-1.43865087E-01
2.48768141E+01	-3.07731367E+01	6.53175601E-03	-1.44722420E-01
1.53328942E+01	-3.65565406E+01	6.34798099E-03	-1.45590113E-01
4.54486541E+00	-3.94728175E+01	6.16200324E-03	-1.46468362E-01
-6.64720654E+00	-3.92870956E+01	5.97378047E-03	-1.47357369E-01
-1.73706629E+01	-3.60052637E+01	5.78326928E-03	-1.48257342E-01
-2.67878398E+01	-2.98736666E+01	5.59042510E-03	-1.49168493E-01
-3.41609482E+01	-2.13602030E+01	5.39520211E-03	-1.50091042E-01
-3.89092433E+01	-1.11183089E+01	5.19755328E-03	-1.51025212E-01
-4.06540745E+01	6.34040269E-02	4.99743023E-03	-1.51971234E-01
-3.92483359E+01	1.13219510E+01	4.79478325E-03	-1.52929345E-01
-3.47880645E+01	2.17865340E+01	4.58956124E-03	-1.53899787E-01
-2.76052786E+01	3.06457221E+01	4.38171161E-03	-1.54882812E-01
-1.82426311E+01	3.72100715E+01	4.17118030E-03	-1.55878675E-01
-7.41182022E+00	4.09653689E+01	3.95791165E-03	-1.56887641E-01
4.06102681E+00	4.16123891E+01	3.74184839E-03	-1.57909981E-01
1.52987897E+01	3.90901216E+01	3.52293157E-03	-1.58945975E-01
2.54407318E+01	3.35806702E+01	3.30110045E-03	-1.59995911E-01
3.37086223E+01	2.54954649E+01	3.07629249E-03	-1.61060083E-01
3.94665320E+01	1.54438458E+01	2.84844326E-03	-1.62138796E-01
4.22696934E+01	4.18644208E+00	2.61748632E-03	-1.63232363E-01
4.18986882E+01	-7.42306043E+00	2.38335320E-03	-1.64341107E-01
3.83763309E+01	-1.85032922E+01	2.14597328E-03	-1.65465360E-01
3.19659672E+01	-2.82126767E+01	1.90527371E-03	-1.66605465E-01
2.31513286E+01	-3.58138412E+01	1.66117931E-03	-1.67761774E-01
1.25994948E+01	-4.07300079E+01	1.41361248E-03	-1.68934650E-01
1.10983131E+00	-4.25890494E+01	1.16249309E-03	-1.70124469E-01
-1.04471840E+01	-4.12518382E+01	9.07738359E-04	-1.71331617E-01
-2.11965289E+01	-3.68227231E+01	6.49262768E-04	-1.72556492E-01
-3.03254994E+01	-2.96413560E+01	3.86977901E-04	-1.73799507E-01
-3.71457332E+01	-2.02565027E+01	1.20792334E-04	-1.75061085E-01
-4.11456434E+01	-9.38387893E+00	-1.49388507E-04	-1.76341666E-01
-4.20292589E+01	2.14874716E+00	-4.23662495E-04	-1.77641702E-01
-3.97385027E+01	1.34649545E+01	-7.02130952E-04	-1.78961661E-01
-3.44572330E+01	2.37067004E+01	-9.84898821E-04	-1.80302027E-01
-2.65967537E+01	3.20998430E+01	-1.27207484E-03	-1.81663299E-01
-1.67639412E+01	3.80131274E+01	-1.56377171E-03	-1.83045995E-01
-5.71445442E+00	4.10061343E+01	-1.86010634E-03	-1.84450648E-01
5.70536068E+00	4.08625226E+01	-2.16120000E-03	-1.85877812E-01
1.66233929E+01	3.76060543E+01	-2.46717858E-03	-1.87328061E-01
2.62085344E+01	3.14981958E+01	-2.77817283E-03	-1.88801986E-01
3.37341607E+01	2.30175194E+01	-3.09431859E-03	-1.90300202E-01
3.86334740E+01	1.28225187E+01	-3.41575711E-03	-1.91823347E-01
4.05424708E+01	1.70071955E+00	-3.74263529E-03	-1.93372079E-01
3.93272721E+01	-9.49197453E+00	-4.07510604E-03	-1.94947084E-01
3.50937493E+01	-1.98970408E+01	-4.41332858E-03	-1.96549072E-01
2.81787438E+01	-2.87191318E+01	-4.75746882E-03	-1.98178780E-01
1.91236014E+01	-3.52868677E+01	-5.10769976E-03	-1.99836973E-01
8.63208222E+00	-3.91039671E+01	-5.46420188E-03	-2.01524446E-01
-2.48407739E+00	-3.98868153E+01	-5.82716363E-03	-2.03242028E-01
-1.33677531E+01	-3.75856208E+01	-6.19678187E-03	-2.04990576E-01
-2.31823403E+01	-3.23875675E+01	-6.57326245E-03	-2.06770985E-01
-3.11759145E+01	-2.47017734E+01	-6.95682075E-03	-2.08584186E-01
-3.67387252E+01	-1.51272425E+01	-7.34768235E-03	-2.10431149E-01
-3.94496142E+01	-4.40632467E+00	-7.74608363E-03	-2.12312883E-01
-3.91078315E+01	6.63271491E+00	-8.15227263E-03	-2.14230442E-01
-3.57478271E+01	1.71395726E+01	-8.56650976E-03	-2.16184923E-01
-2.96359359E+01	2.63073034E+01	-8.98906881E-03	-2.18177475E-01
-2.12492468E+01	3.34342138E+01	-9.42023789E-03	-2.20209293E-01
-1.12383297E+01	3.79774918E+01	-9.86032060E-03	-2.22281630E-01
-3.76727429E-01	3.95944814E+01	-1.03096374E-02	-2.24395795E-01
1.04988748E+01	3.81684486E+01	-1.07685268E-02	-2.26553159E-01
2.05531676E+01	3.38169039E+01	-1.12373479E-02	-2.28755157E-01
2.90164589E+01	2.68818816E+01	-1.17164816E-02	-2.31003295E-01
3.52436845E+01	1.79029683E+01	-1.22063348E-02	-2.33299155E-01
3.87636686E+01	7.57520633E+00	-1.27073439E-02	-2.35644404E-01
3.93148613E+01	-3.30485854E+00	-1.32199837E-02	-2.38040802E-01
3.68648363E+01	-1.39007894E+01	-1.37447833E-02	-2.40490236E-01
3.16120924E+01	-2.34007770E+01	-1.42823728E-02	-2.42994799E-01
2.39700561E+01	-3.10800798E+01	-1.48336369E-02	-2.45557339E-01
1.45345734E+01	-3.63565833E+01	-1.53907891E-02	-2.48189242E-01
4.03742561E+00	-3.88352146E+01	-1.59705369E-02	-2.50853734E-01
-6.71050355E+00	-3.83378120E+01	-1.65687235E-02	-2.53601596E-01
-1.68820089E+01	-3.49161876E+01	-1.71603532E-02	-2.56419209E-01
-2.56974339E+01	-2.88474098E+01	-1.78006343E-02	-2.59289094E-01
-3.24846990E+01	-2.06117179E+01	-1.84329963E-02	-2.62256098E-01
-3.67308709E+01	-1.08548078E+01	-1.90962735E-02	-2.65286513E-01
-3.81213032E+01	-3.37439494E-01	-1.97767949E-02	-2.68371281E-01
-3.65633651E+01	1.01237167E+01	-2.04610019E-02	-2.71559548E-01
-3.21929500E+01	1.97194104E+01	-2.11714707E-02	-2.74840042E-01
-2.53633043E+01	2.77104124E+01	-2.19278545E-02	-2.78175597E-01
-1.66170735E+01	3.34845601E+01	-2.26880298E-02	-2.81647725E-01
-6.64375650E+00	3.66038419E+01	-2.34813560E-02	-2.85177142E-01
3.77410958E+00	3.68379086E+01	-2.43099380E-02	-2.88827971E-01
1.38218633E+01	3.41814396E+01	-2.51290302E-02	-2.92594612E-01
2.27159995E+01	2.88540535E+01	-2.60134891E-02	-2.96451846E-01
2.97649288E+01	2.12827981E+01	-2.69249611E-02	-3.00437107E-01
3.44225150E+01	1.20685963E+01	-2.78699901E-02	-3.04547978E-01
3.63302628E+01	1.93927480E+00	-2.88522198E-02	-3.08790789E-01
3.53449091E+01	-8.30718440E+00	-2.98750199E-02	-3.13173013E-01
3.15492971E+01	-1.78647582E+01	-3.09420156E-02	-3.17702938E-01
2.52457171E+01	-2.59820586E+01	-3.20572718E-02	-3.22389701E-01
1.69322394E+01	-3.20207197E+01	-3.32254252E-02	-3.27243390E-01
7.26389231E+00	-3.55049820E+01	-3.44518228E-02	-3.32275191E-01
-2.99830675E+00	-3.61586504E+01	-3.57426880E-02	-3.37497564E-01
-1.30465131E+01	-3.39265695E+01	-3.71053300E-02	-3.42924464E-01
-2.20888325E+01	-2.89789732E+01	-3.85484154E-02	-3.48571622E-01
-2.94108606E+01	-2.16983721E+01	-4.00823258E-02	-3.54456893E-01
-3.44312258E+01	-1.26500034E+01	-4.17196380E-02	-3.60600707E-01
-3.67468504E+01	-2.53813074E+00	-4.34757789E-02	-3.67026654E-01
-3.61644295E+01	7.84843144E+00	-4.53699376E-02	-3.73762253E-01
-3.27157050E+01	1.76973555E+01	-4.74263613E-02	-3.80839993E-01
-2.66553513E+01	2.62356956E+01	-4.96762426E-02	-3.88298763E-01
-1.84416387E+01	3.27897799E+01	-5.21605463E-02	-3.96185868E-01
-8.70136352E+00	3.68374875E+01	-5.49343819E-02	-4.04559958E-01
1.81825517E+00	3.80488737E+01	-5.80740306E-02	-4.13495444E-01
1.23070025E+01	3.63120152E+01	-6.16887727E-02	-4.23089419E-01
2.19540040E+01	3.17420812E+01	-6.59419540E-02	-4.33473149E-01
3.00101668E+01	2.46729278E+01	-7.10912625E-02	-4.44832573E-01
3.58459263E+01	1.56318633E+01	-7.75732901E-02	-4.57448606E-01
3.89998559E+01	5.29951734E+00	-8.62050651E-02	-4.71789160E-01
3.92144002E+01	-5.54209737E+00	-9.87620360E-02	-4.88774877E-01
3.64559911E+01	-1.60693482E+01	-1.20207979E-01	-5.10950479E-01
3.09179959E+01	-2.54799774E+01	-1.73249931E-01	-5.55612616E-01
2.30062776E+01	-3.30544963E+01	-3.51366015E-02	-6.91112919E-01
1.33084729E+01	-3.82112711E+01	-8.79602580E-02	-8.20648552E-01
2.54934933E+00	-4.05510757E+01	-3.87368352E-02	-6.78144469E-01
-8.46433409E+00	-3.98877046E+01	2.05315925E-01	-7.72331420E-01
-1.89052356E+01	-3.62623034E+01	2.32630886E-01	-9.33229715E-01
-2.79884013E+01	-2.99403318E+01	1.55283880E-01	-5.69177036E-01
-3.50309809E+01	-2.13914001E+01	3.57943586E-01	-4.01196736E-01
-3.95041176E+01	-1.12535389E+01	2.70834540E-01	-6.05908046E-01
-4.10730559E+01	-2.84647258E-01	5.96369353E-02	-3.79680571E-01
-3.96224091E+01	1.06951536E+01	1.60537416E-01	-3.14663271E-01
-3.52646757E+01	2.08658408E+01	-8.29229190E-03	-4.35705924E-01
-2.83313769E+01	2.94697187E+01	-2.73062681E-02	-4.99794225E-01
-1.93475182E+01	3.58687952E+01	-3.72391214E-02	-5.44267458E-01
-8.99135872E+00	3.95929342E+01	-4.48230627E-02	-5.82558948E-01
1.95741538E+00	4.03751191E+01	-5.14684866E-02	-6.19139526E-01
1.26771233E+01	3.81711594E+01	-5.77327657E-02	-6.56280308E-01
2.23665753E+01	3.31623697E+01	-6.38905304E-02	-6.95532332E-01
3.03058245E+01	2.57410544E+01	-7.01607531E-02	-7.38385954E-01
3.59105484E+01	1.64799531E+01	-7.66807468E-02	-7.86516067E-01
3.87759183E+01	6.08802121E+00	-8.36222718E-02	-8.42159573E-01
3.87066308E+01	-4.64403119E+00	-9.10181221E-02	-9.08747504E-01
3.57308457E+01	-1.49042491E+01	-9.85277927E-02	-9.92223727E-01
3.00970110E+01	-2.39213424E+01	-1.01497325E-01	-1.10482274E+00
2.22538737E+01	-3.10232513E+01	-1.02513520E-01	-1.25526771E+00
1.28152594E+01	-3.56878962E+01	6.81726536E-03	-1.56685894E+00
2.51237250E+00	-3.75822475E+01	1.89875172E-01	-1.77312160E+00
-7.86268656E+00	-3.65867641E+01	3.60238728E-01	-1.64119919E+00
-1.75178248E+01	-3.28033753E+01	8.79662884E-01	-1.32182463E+00
-2.57215908E+01	-2.65464544E+01	8.42919112E-01	-1.96581266E+00
-3.18588896E+01	-1.83175380E+01	1.34242080E+00	-1.27747146E+00
-3.54775125E+01	-8.76579098E+00	2.46746995E+00	-5.75548624E-01
-3.63219453E+01	1.36268924E+00	2.05699390E+00	-4.85439746E-01
-3.43518971E+01	1.12827934E+01	1.11735720E+00	-7.35532410E-02
-2.97441842E+01	2.02310592E+01	1.53018549E+00	5.25598718E-01
-2.28778840E+01	2.75243903E+01	9.39886306E-01	1.89190023E-01
-1.43039626E+01	3.26123186E+01	3.69885809E-01	1.72085632E-01
-4.70177638E+00	3.51188039E+01	3.38411070E-01	2.39937641E-02
5.17415420E+00	3.48703846E+01	1.57851730E-01	-2.35679167E-01
1.45529539E+01	3.19085541E+01	9.94470512E-02	-4.49650121E-01
2.27072261E+01	2.64854615E+01	9.17166763E-02	-6.57798945E-01
2.90092837E+01	1.90433231E+01	1.03377429E-01	-9.07465949E-01
3.29794400E+01	1.01791895E+01	2.09305060E-01	-1.23125392E+00
3.43226513E+01	5.97837909E-01	5.01271907E-01	-1.65290782E+00
3.29507079E+01	-8.94352778E+00	1.97740596E+00	-2.31874872E+00
2.89882964E+01	-1.76944660E+01	1.11217411E+00	-8.72390970E-01
2.27625072E+01	-2.49697792E+01	3.07602698E+00	2.07815375E-01
1.47766419E+01	-3.02027576E+01	2.14260180E+00	-8.36028062E-01
5.67038800E+00	-3.29890715E+01	5.68770255E-01	4.37059376E-01
-3.83052177E+00	-3.31179255E+01	3.04710079E+00	-3.13227331E-02
-1.29712375E+01	-3.05880876E+01	1.58655853E+00	9.31673852E-01
-2.10268813E+01	-2.56075734E+01	1.02064039E+00	6.66067417E-01
-2.73592063E+01	-1.85770389E+01	4.75601750E-01	1.18529119E+00
-3.14664339E+01	-1.00581932E+01	1.93434120E-01	6.82794100E-01
-3.30224069E+01	-7.29702111E-01	6.12950927E-02	4.65246538E-01
-3.19020337E+01	8.66598161E+00	-4.20157682E-03	2.64382637E-01
-2.81910595E+01	1.73807269E+01	-4.06159790E-02	1.20592501E-01
-2.21794156E+01	2.47192583E+01	-6.85629207E-02	-6.70340699E-03
-1.43386745E+01	3.00935737E+01	-9.32649774E-02	-1.17801975E-01
-5.28536120E+00	3.30690252E+01	-1.15877139E-01	-2.22831675E-01
4.26702866E+00	3.33984904E+01	-1.38114470E-01	-3.25781909E-01
1.35635854E+01	3.10419852E+01	-1.61201014E-01	-4.30347484E-01
2.18668112E+01	2.61701946E+01	-1.85749791E-01	-5.40215240E-01
2.85141593E+01	1.91516442E+01	-2.12500622E-01	-6.58940727E-01
3.29698304E+01	1.05244977E+01	-2.42552160E-01	-7.91208219E-01
3.48668140E+01	9.55155187E-01	-2.76877906E-01	-9.42625673E-01
3.40359168E+01	-8.81315510E+00	-3.17173920E-01	-1.12127441E+00
3.05195230E+01	-1.80178238E+01	-3.65531485E-01	-1.33925677E+00
2.45690127E+01	-2.59359142E+01	-4.24798959E-01	-1.61486183E+00
1.66260204E+01	-3.19402651E+01	-4.99763650E-01	-1.97978293E+00
7.28896626E+00	-3.55483108E+01	-5.97158923E-01	-2.49180963E+00
-2.73257543E+00	-3.64598479E+01	-7.27063532E-01	-3.27027472E+00
-1.26721664E+01	-3.45808295E+01	-8.97925166E-01	-4.60783517E+00
-2.17652835E+01	-3.00313393E+01	-1.04147001E+00	-7.45348651E+00
-2.93080691E+01	-2.31371182E+01	7.74919391E-01	-1.71675038E+01
-3.47115378E+01	-1.44052803E+01	3.46393183E+01	1.83362797E+01
-3.75470721E+01	-4.48606712E+00	5.20699235E+00	9.90350044E+00
-3.75797082E+01	5.87643359E+00	2.46925061E+00	5.92619448E+00
-3.47866519E+01	1.59008347E+01	1.59789527E+00	4.24629220E+00
-2.93595957E+01	2.48279326E+01	1.18218217E+00	3.32657592E+00
-2.16906526E+01	3.19785732E+01	9.41143672E-01	2.74639880E+00
-1.23429777E+01	3.68054720E+01	7.84406566E-01	2.34659426E+00
-2.00831986E+00	3.89350246E+01	6.74506899E-01	2.05395548E+00
8.54525039E+00	3.81959122E+01	5.93220224E-01	1.83017403E+00
1.85314447E+01	3.46323181E+01	5.30708330E-01	1.65321172E+00
2.72052532E+01	2.85007534E+01	4.81090177E-01	1.50963641E+00
3.39192936E+01	2.02507411E+01	4.40792038E-01	1.39070132E+00
3.81727162E+01	1.04908456E+01	4.07378569E-01	1.29038165E+00
3.96489453E+01	-5.73491526E-02	3.79172854E-01	1.20460321E+00
3.82393909E+01	-1.06137896E+01	3.55155075E-01	1.13032770E+00
3.40513459E+01	-2.03988622E+01	3.34349197E-01	1.06530865E+00
2.73994922E+01	-2.86921667E+01	3.16171909E-01	1.00794358E+00
1.87816936E+01	-3.48866761E+01	3.00181576E-01	9.56850822E-01
8.84095368E+00	-3.85341662E+01	2.85959822E-01	9.11040283E-01
-1.68353126E+00	-3.93784752E+01	2.73261404E-01	8.69750564E-01
-1.20124663E+01	-3.73740905E+01	2.61828882E-01	8.32293942E-01
-2.13854045E+01	-3.26886866E+01	2.51485600E-01	7.98146726E-01
-2.91180433E+01	-2.56894700E+01	2.42081611E-01	7.66875648E-01
-3.46535087E+01	-1.69144249E+01	2.33493051E-01	7.38120445E-01
-3.76037339E+01	-7.03070372E+00	2.25616940E-01	7.11579289E-01
-3.77778118E+01	3.21661340E+00	2.18366994E-01	6.86997390E-01
-3.51952065E+01	1.30614432E+01	2.11670378E-01	6.64158146E-01
-3.00828721E+01	2.17749343E+01	2.05465183E-01	6.42876208E-01
-2.28565683E+01	2.87205556E+01	1.99698449E-01	6.22992006E-01
-1.40878678E+01	3.34018381E+01	1.94324603E-01	6.04367390E-01
-4.45944387E+00	3.54991443E+01	1.89304212E-01	5.86882125E-01
5.28788203E+00	3.48926992E+01	1.84602980E-01	5.70431059E-01
1.44122363E+01	3.16701768E+01	1.80190935E-01	5.54921810E-01
2.22275289E+01	2.61183326E+01	1.76041768E-01	5.40272869E-01
2.81556655E+01	1.86993969E+01	1.72132289E-01	5.26412034E-01
3.17701399E+01	1.00141156E+01	1.68441975E-01	5.13275104E-01
3.28276937E+01	7.54345652E-01	1.64952598E-01	5.00804795E-01
3.12856556E+01	-8.35109603E+00	1.61647909E-01	4.88949818E-01
2.73036903E+01	-1.65931214E+01	1.58513381E-01	4.77664114E-01
2.12298896E+01	-2.33372128E+01	1.55535980E-01	4.66906192E-01
1.35723484E+01	-2.80721852E+01	1.52703981E-01	4.56638573E-01
4.95848553E+00	-3.04491253E+01	1.50006805E-01	4.46827314E-01
-3.91469285E+00	-3.03075318E+01	1.47434886E-01	4.37441590E-01
-1.23354976E+01	-2.76866816E+01	1.44979545E-01	4.28453346E-01
-1.96333544E+01	-2.28213958E+01	1.42632897E-01	4.19836987E-01
-2.52311598E+01	-1.61225866E+01	1.40387755E-01	4.11569111E-01
-2.86901426E+01	-8.14414775E+00	1.38237558E-01	4.03628277E-01
-2.97437683E+01	4.61200501E-01	1.36176304E-01	3.95994802E-01
-2.83180774E+01	8.99364586E+00	1.34198490E-01	3.88650580E-01
-2.45369150E+01	1.67615570E+01	1.32299062E-01	3.81578930E-01
-1.87116725E+01	2.31359852E+01	1.30473368E-01	3.74764450E-01
-1.13163749E+01	2.76001529E+01	1.28717122E-01	3.68192902E-01
-2.95007453E+00	2.97900872E+01	1.27026365E-01	3.61851101E-01
5.71050100E+00	2.95232417E+01	1.25397437E-01	3.55726814E-01
1.39643492E+01	2.68128961E+01	1.23826948E-01	3.49808680E-01
2.11414788E+01	2.18672190E+01	1.22311755E-01	3.44086127E-01
2.66557728E+01	1.50730785E+01	1.20848931E-01	3.38549318E-01
3.00513191E+01	6.96586226E+00	1.19435772E-01	3.33189066E-01
3.10385964E+01	-1.81234321E+00	1.18069729E-01	3.27996790E-01
2.95177036E+01	-1.05629625E+01	1.16748454E-01	3.22964485E-01
2.55868163E+01	-1.85856340E+01	1.15469742E-01	3.18084631E-01
1.95352038E+01	-2.52331520E+01	1.14231527E-01	3.13350197E-01
1.18213355E+01	-2.99623876E+01	1.13031886E-01	3.08754579E-01
3.03775649E+00	-3.23772255E+01	1.11869010E-01	3.04291578E-01
-6.13455585E+00	-3.22601812E+01	1.10741205E-01	2.99955363E-01
-1.49788379E+01	-2.95902314E+01	1.09646881E-01	2.95740447E-01
-2.27981183E+01	-2.45454531E+01	1.08584541E-01	2.91641661E-01
-2.89694384E+01	-1.74902473E+01	1.07552779E-01	2.87654130E-01
-3.29925199E+01	-8.94810265E+00	1.06550270E-01	2.83773253E-01
-3.45291147E+01	4.38019053E-01	1.05575764E-01	2.79994684E-01
-3.34299839E+01	9.95464667E+00	1.04628084E-01	2.76314313E-01
-2.97474058E+01	1.88723547E+01	1.03706118E-01	2.72728253E-01
-2.37322260E+01	2.65017215E+01	1.02808813E-01	2.69232822E-01
-1.58156465E+01	3.22463932E+01	1.01935177E-01	2.65824529E-01
-6.57713110E+00	3.56491686E+01	1.01084268E-01	2.62500065E-01
3.29913527E+00	3.64275647E+01	1.00255194E-01	2.59256289E-01
1.30759115E+01	3.44961159E+01	9.94471111E-02	2.56090216E-01
2.20187429E+01	2.99736877E+01	9.86592172E-02	2.52999011E-01
2.94517188E+01	2.31752245E+01	9.78907515E-02	2.49979975E-01
3.48088769E+01	1.45885496E+01	9.71409913E-02	2.47030542E-01
3.76773346E+01	4.83797838E+00	9.64092494E-02	2.44148267E-01
3.78288439E+01	-5.36248961E+00	9.56948722E-02	2.41330818E-01
3.52373678E+01	-1.52628278E+01	9.49972377E-02	2.38575974E-01
3.00813338E+01	-2.41334089E+01	9.43157532E-02	2.35881616E-01
2.27303990E+01	-3.13198956E+01	9.36498543E-02	2.33245718E-01
1.37177423E+01	-3.62924264E+01	9.29990025E-02	2.30666349E-01
3.69999908E+00	-3.86853546E+01	9.23626840E-02	2.28141659E-01
-6.59209564E+00	-3.83245314E+01	9.17404086E-02	2.25669883E-01
-1.64085978E+01	-3.52400780E+01	9.11317081E-02	2.23249327E-01
-2.50365919E+01	-2.96636954E+01	9.05361359E-02	2.20878374E-01
-3.18535034E+01	-2.20107547E+01	8.99532734E-02	2.18555482E-01
-3.63734392E+01	-1.28485553E+01	8.93826957E-02	2.16279125E-01
-3.82830531E+01	-2.85320715E+00	8.88240004E-02	2.14048026E-01
-3.74642418E+01	7.24155955E+00	8.82768080E-02	2.11860550E-01
-3.40019844E+01	1.66997352E+01	8.77409375E-02	2.09715567E-01
-2.81767848E+01	2.48382993E+01	8.72157179E-02	2.07611707E-01
-2.04423450E+01	3.10782148E+01	8.67014564E-02	2.05548587E-01
-1.13902302E+01	3.49872762E+01	8.61966846E-02	2.03523713E-01
-1.70427356E+00	3.63115893E+01	8.57018562E-02	2.01536612E-01
7.89176269E+00	3.49933247E+01	8.52167246E-02	1.99586053E-01
1.66892376E+01	3.11734604E+01	8.47410220E-02	1.97671147E-01
2.40481843E+01	2.51793725E+01	8.42741338E-02	1.95790944E-01
2.94452712E+01	1.74982977E+01	8.38168015E-02	1.93944607E-01
3.25125359E+01	8.73877346E+00	8.33670651E-02	1.92130928E-01
3.30639689E+01	-4.16935033E-01	8.29257141E-02	1.90349232E-01
3.11079728E+01	-9.26571592E+00	8.24924531E-02	1.88598315E-01
2.68448174E+01	-1.71377208E+01	8.20671431E-02	1.86877635E-01
2.06493609E+01	-2.34475309E+01	8.16493526E-02	1.85186390E-01
1.30404526E+01	-2.77384602E+01	8.12390161E-02	1.83523761E-01
4.63943633E+00	-2.97166177E+01	8.08358755E-02	1.81889028E-01
-3.87898047E+00	-2.92721508E+01	8.04397528E-02	1.80281476E-01
-1.18396621E+01	-2.64860980E+01	8.00504581E-02	1.78700415E-01
-1.86196710E+01	-2.16223860E+01	7.96678117E-02	1.77145178E-01
-2.36965089E+01	-1.51056681E+01	7.92916412E-02	1.75615120E-01
-2.66882594E+01	-7.48677975E+00	7.89217800E-02	1.74109619E-01
-2.73825434E+01	6.01450893E-01	7.85580670E-02	1.72628073E-01
-2.57520924E+01	8.49456537E+00	7.82003472E-02	1.71169899E-01
-2.19557723E+01	1.55490749E+01	7.78484703E-02	1.69734533E-01
-1.63250344E+01	2.11931909E+01	7.75022915E-02	1.68321431E-01
-9.33689153E+00	2.49717497E+01	7.71616704E-02	1.66930065E-01
-1.57556508E+00	2.65818374E+01	7.68264713E-02	1.65559923E-01
6.31417735E+00	2.58963707E+01	7.64965630E-02	1.64210512E-01
1.36783400E+01	2.29738127E+01	7.61718184E-02	1.62881350E-01
1.99056535E+01	1.80532940E+01	7.58521148E-02	1.61571974E-01
2.44761189E+01	1.15355425E+01	7.55373330E-02	1.60281933E-01
2.70023477E+01	3.95111983E+00	7.52273576E-02	1.59010791E-01
2.72604839E+01	-4.08153886E+00	7.49220771E-02	1.57758123E-01
2.52082947E+01	-1.19050131E+01	7.46213831E-02	1.56523520E-01
2.09890207E+01	-1.88748909E+01	7.43251708E-02	1.55306582E-01
1.49206840E+01	-2.44108208E+01	7.40333383E-02	1.54106923E-01
7.47167321E+00	-2.80426403E+01	7.37457871E-02	1.52924166E-01
-7.75497396E-01	-2.94479823E+01	7.34624215E-02	1.51757948E-01
-9.16945370E+00	-2.84784285E+01	7.31831486E-02	1.50607914E-01
-1.70407400E+01	-2.51721523E+01	7.29078782E-02	1.49473721E-01
-2.37541752E+01	-1.97520570E+01	7.26365229E-02	1.48355033E-01
-2.87587265E+01	-1.26095200E+01	7.23689978E-02	1.47251527E-01
-3.16310248E+01	-4.27498319E+00	7.21052197E-02	1.46162886E-01
-3.21091450E+01	4.62236307E+00	7.18451106E-02	1.45088804E-01
-3.01140098E+01	1.34027057E+01	7.15885918E-02	1.44028979E-01
-2.57567433E+01	2.13878391E+01	7.13355857E-02	1.42983129E-01
-1.93313707E+01	2.79534829E+01	7.10860231E-02	1.41950965E-01
-1.12933983E+01	3.25776478E+01	7.08398274E-02	1.40932213E-01
-2.22589230E+00	3.48813228E+01	7.05969308E-02	1.39926607E-01
7.20436360E+00	3.46583344E+01	7.03572694E-02	1.38933886E-01
1.62972771E+01	3.18920647E+01	7.01207727E-02	1.37953795E-01
2.43725767E+01	2.67577214E+01	6.98873787E-02	1.36986092E-01
3.08215832E+01	1.96099581E+01	6.96570252E-02	1.36030533E-01
3.51536678E+01	1.09567758E+01	6.94296512E-02	1.35086884E-01
3.70338291E+01	1.42167426E+00	6.92051980E-02	1.34154917E-01
3.63085090E+01	-8.30305742E+00	6.89836083E-02	1.33234411E-01
3.30176701E+01	-1.75083635E+01	6.87648261E-02	1.32325149E-01
2.73921956E+01	-2.55217847E+01	6.85487971E-02	1.31426920E-01
1.98368138E+01	-3.17580988E+01	6.83354680E-02	1.30539517E-01
1.08998363E+01	-3.57633808E+01	6.81247874E-02	1.29662741E-01
1.23202305E+00	-3.72491244E+01	6.79167047E-02	1.28796395E-01
-8.46229546E+00	-3.61138409E+01	6.77111710E-02	1.27940289E-01
-1.74781148E+01	-3.24504904E+01	6.75081383E-02	1.27094236E-01
-2.51626423E+01	-2.65392060E+01	6.73075600E-02	1.26258055E-01
-3.09641581E+01	-1.88258727E+01	6.71093906E-02	1.25431568E-01
-3.44731344E+01	-9.88821844E+00	6.69135857E-02	1.24614602E-01
-3.54525120E+01	-3.92016177E-01	6.67201021E-02	1.23806989E-01
-3.38548464E+01	8.95925545E+00	6.65288975E-02	1.23008563E-01
-2.98250592E+01	1.74774435E+01	6.63399307E-02	1.22219164E-01
-2.36886204E+01	2.45414132E+01	6.61531614E-02	1.21438633E-01
-1.59261020E+01	2.96434646E+01	6.59685506E-02	1.20666818E-01
-7.13608958E+00	3.24269662E+01	6.57860597E-02	1.19903568E-01
2.01069681E+00	3.27123657E+01	6.56056514E-02	1.19148737E-01
1.08225329E+01	3.05096409E+01	6.54272892E-02	1.18402182E-01
1.86391674E+01	2.60162968E+01	6.52509374E-02	1.17663761E-01
2.48816312E+01	1.96011129E+01	6.50765611E-02	1.16933339E-01
2.90955923E+01	1.17749503E+01	6.49041263E-02	1.16210782E-01
3.09849767E+01	3.15089355E+00	6.47335997E-02	1.15495959E-01
3.04333229E+01	-5.60316930E+00	6.45649488E-02	1.14788742E-01
2.75113034E+01	-1.38158752E+01	6.43981418E-02	1.14089005E-01
2.24698916E+01	-2.08636712E+01	6.42331478E-02	1.13396627E-01
1.57197768E+01	-2.62181279E+01	6.40699363E-02	1.12711488E-01
7.79866390E+00	-2.94856766E+01	6.39084776E-02	1.12033471E-01
-6.70967930E-01	-3.04367507E+01	6.37487427E-02	1.11362461E-01
-9.03035725E+00	-2.90221525E+01	6.35907033E-02	1.10698346E-01
-1.66354462E+01	-2.53754417E+01	6.34343316E-02	1.10041017E-01
-2.29064170E+01	-1.98012377E+01	6.32796004E-02	1.09390366E-01
-2.73719796E+01	-1.27503989E+01	6.31264831E-02	1.08746288E-01
-2.97050088E+01	-4.78405891E+00	6.29749539E-02	1.08108680E-01
-2.97468311E+01	3.47064942E+00	6.28249871E-02	1.07477441E-01
-2.75183296E+01	1.13697306E+01	6.26765580E-02	1.06852473E-01
-2.32170701E+01	1.83024903E+01	6.25296422E-02	1.06233679E-01
-1.72007337E+01	2.37388516E+01	6.23842157E-02	1.05620965E-01
-9.95818997E+00	2.72701574E+01	6.22402554E-02	1.05014237E-01
-2.07051425E+00	2.86403305E+01	6.20977382E-02	1.04413405E-01
5.83500047E+00	2.77650052E+01	6.19566419E-02	1.03818380E-01
1.31342268E+01	2.47371869E+01	6.18169444E-02	1.03229075E-01
1.92551423E+01	1.98190511E+01	6.16786243E-02	1.02645405E-01
2.37225129E+01	1.34205538E+01	6.15416606E-02	1.02067284E-01
2.61948578E+01	6.06656673E+00	6.14060327E-02	1.01494633E-01
2.64908396E+01	-1.64488378E+00	6.12717203E-02	1.00927369E-01
2.46030416E+01	-9.08999270E+00	6.11387037E-02	1.00365415E-01
2.06980944E+01	-1.56684665E+01	6.10069635E-02	9.98086921E-02
1.51031538E+01	-2.08508833E+01	6.08764807E-02	9.92571255E-02
8.27981462E+00	-2.42204253E+01	6.07472366E-02	9.87106404E-02
7.87501706E-01	-2.55057468E+01	6.06192130E-02	9.81691640E-02
-6.76079549E+00	-2.46024072E+01	6.04923921E-02	9.76326246E-02
-1.37469858E+01	-2.15812156E+01	6.03667561E-02	9.71009522E-02
-1.95967640E+01	-1.66828296E+01	6.02422880E-02	9.65740778E-02
-2.38251005E+01	-1.02990323E+01	6.01189708E-02	9.60519338E-02
-2.60747989E+01	-2.94214033E+00	5.99967880E-02	9.55344541E-02
-2.61451001E+01	4.79508516E+00	5.98757234E-02	9.50215735E-02
-2.40081044E+01	1.22859054E+01	5.97557609E-02	9.45132281E-02
-1.98117154E+01	1.89188508E+01	5.96368851E-02	9.40093554E-02
-1.38688532E+01	2.41459108E+01	5.95190806E-02	9.35098938E-02
-6.63375925E+00	2.75259302E+01	5.94023322E-02	9.30147828E-02
1.33280320E+00	2.87598274E+01	5.92866254E-02	9.25239634E-02
9.40676584E+00	2.77148873E+01	5.91719455E-02	9.20373771E-02
1.69490710E+01	2.44362251E+01	5.90582783E-02	9.15549669E-02
2.33553504E+01	1.91444958E+01	5.89456099E-02	9.10766766E-02
2.81031356E+01	1.22200024E+01	5.88339267E-02	9.06024512E-02
3.07929473E+01	4.17438273E+00	5.87232150E-02	9.01322364E-02
3.11800773E+01	-4.38796235E+00	5.86134618E-02	8.96659791E-02
2.91945965E+01	-1.28157647E+01	5.85046541E-02	8.92036270E-02
2.49480116E+01	-2.04605941E+01	5.83967790E-02	8.87451289E-02
1.87260361E+01	-2.67265630E+01	5.82898242E-02	8.82904343E-02
1.09679864E+01	-3.11162259E+01	5.81837773E-02	8.78394936E-02
2.23435642E+00	-3.32691380E+01	5.80786263E-02	8.73922582E-02
-6.83497511E+00	-3.29901201E+01	5.79743593E-02	8.69486802E-02
-1.55687340E+01	-3.02650388E+01	5.78709647E-02	8.65087125E-02
-2.33147784E+01	-2.52628852E+01	5.77684310E-02	8.60723091E-02
-2.94893283E+01	-1.83239684E+01	5.76667470E-02	8.56394244E-02
-3.36211365E+01	-9.93510547E+00	5.75659016E-02	8.52100138E-02
-3.53872477E+01	-6.93687544E-01	5.74658840E-02	8.47840333E-02
-3.46376176E+01	8.73666353E+00	5.73666835E-02	8.43614398E-02
-3.14067223E+01	1.76754732E+01	5.72682897E-02	8.39421909E-02
-2.59112833E+01	2.54760938E+01	5.71706921E-02	8.35262449E-02
-1.85342783E+01	3.15738332E+01	5.70738808E-02	8.31135606E-02
-9.79647427E+00	3.55278973E+01	5.69778457E-02	8.27040977E-02
-3.17638864E-01	3.70539758E+01	5.68825771E-02	8.22978165E-02
9.22960126E+00	3.60450191E+01	5.67880653E-02	8.18946780E-02
1.81697599E+01	3.25786669E+01	5.66943008E-02	8.14946437E-02
2.58745488E+01	2.69107882E+01	5.66012743E-02	8.10976759E-02
3.18092059E+01	1.94556780E+01	5.65089768E-02	8.07037373E-02
3.55716047E+01	1.07544404E+01	5.64173991E-02	8.03127915E-02
3.69212027E+01	1.43400715E+00	5.63265325E-02	7.99248024E-02
3.57956888E+01	-7.84006923E+00	5.62363681E-02	7.95397347E-02
3.23141122E+01	-1.64134421E+01	5.61468975E-02	7.91575533E-02
2.67663326E+01	-2.36916172E+01	5.60581122E-02	7.87782242E-02
1.95896560E+01	-2.91837425E+01	5.59700039E-02	7.84017134E-02
1.13345070E+01	-3.25382256E+01	5.58825645E-02	7.80279879E-02
2.62181539E+00	-3.35675291E+01	5.57957859E-02	7.76570148E-02
-5.90459217E+00	-3.22603081E+01	5.57096602E-02	7.72887620E-02
-1.36269204E+01	-2.87800502E+01	5.56241797E-02	7.69231978E-02
-1.99999182E+01	-2.34504068E+01	5.55393367E-02	7.65602911E-02
-2.45914200E+01	-1.67284200E+01	5.54551236E-02	7.62000110E-02
-2.71138542E+01	-9.16778923E+00	5.53715330E-02	7.58423273E-02
-2.74443566E+01	-1.37505043E+00	5.52885577E-02	7.54872103E-02
-2.56320138E+01	6.03790014E+00	5.52061905E-02	7.51346307E-02
-2.18917707E+01	1.25012655E+01	5.51244242E-02	7.47845594E-02
-1.65855473E+01	1.75311208E+01	5.50432520E-02	7.44369682E-02
-1.01921185E+01	2.07661387E+01	5.49626669E-02	7.40918289E-02
-3.26814703E+00	2.19944698E+01	5.48826622E-02	7.37491141E-02
3.59654725E+00	2.11687420E+01	5.48032313E-02	7.34087964E-02
9.82597638E+00	1.84080902E+01	5.47243676E-02	7.30708491E-02
1.49035656E+01	1.39871149E+01	5.46460646E-02	7.27352459E-02
1.84127746E+01	8.31270460E+00	5.45683161E-02	7.24019607E-02
2.00696224E+01	1.89057859E+00	5.44911157E-02	7.20709679E-02
1.97445954E+01	-4.71579383E+00	5.44144574E-02	7.17422423E-02
1.74722775E+01	-1.09306534E+01	5.43383349E-02	7.14157590E-02
1.34479772E+01	-1.62122278E+01	5.42627424E-02	7.10914936E-02
8.01165623E+00	-2.00961885E+01	5.41876739E-02	7.07694218E-02
1.62044759E+00	-2.22329023E+01	5.41131237E-02	7.04495200E-02
-5.18806999E+00	-2.24155563E+01	5.40390860E-02	7.01317645E-02
-1.18389412E+01	-2.05969750E+01	5.39655552E-02	6.98161324E-02
-1.77658793E+01	-1.68938129E+01	5.38925258E-02	6.95026008E-02
-2.24566665E+01	-1.15777995E+01	5.38199922E-02	6.91911472E-02
-2.54943633E+01	-5.05472615E+00	5.37479491E-02	6.88817495E-02
-2.65910928E+01	2.16719824E+00	5.36763912E-02	6.85743860E-02
-2.56117525E+01	9.51714300E+00	5.36053131E-02	6.82690350E-02
-2.25857888E+01	1.64065171E+01	5.35347099E-02	6.79656753E-02
-1.77060893E+01	2.22753904E+01	5.34645763E-02	6.76642860E-02
-1.13150647E+01	2.66368622E+01	5.33949073E-02	6.73648465E-02
-3.87896433E+00	2.91159168E+01	5.33256980E-02	6.70673364E-02
4.04759146E+00	2.94797221E+01	5.32569436E-02	6.67717357E-02
1.18641407E+01	2.76570053E+01	5.31886392E-02	6.64780246E-02
1.89706843E+01	2.37449603E+01	5.31207801E-02	6.61861836E-02
2.48141859E+01	1.80031289E+01	5.30533615E-02	6.58961933E-02
2.89316764E+01	1.08346814E+01	5.29863790E-02	6.56080349E-02
3.09866110E+01	2.75651432E+00	5.29198279E-02	6.53216896E-02
3.07956660E+01	-5.63956088E+00	5.28537038E-02	6.50371389E-02
2.83438714E+01	-1.37315757E+01	5.27880022E-02	6.47543647E-02
2.37868942E+01	-2.09146720E+01	5.27227188E-02	6.44733488E-02
1.74402558E+01	-2.66472647E+01	5.26578493E-02	6.41940737E-02
9.75628121E+00	-3.04925403E+01	5.25933894E-02	6.39165217E-02
1.29052433E+00	-3.21521121E+01	5.25293350E-02	6.36406757E-02
-7.33979246E+00	-3.14892285E+01	5.24656819E-02	6.33665185E-02
-1.55021458E+01	-2.85397449E+01	5.24024261E-02	6.30940334E-02
-2.25963657E+01	-2.35100025E+01	5.23395635E-02	6.28232038E-02
-2.80999274E+01	-1.67617501E+01	5.22770902E-02	6.25540133E-02
-3.16074326E+01	-8.78525739E+00	5.22150022E-02	6.22864458E-02
-3.28612617E+01	-1.62643929E-01	5.21532958E-02	6.20204853E-02
-3.17710565E+01	8.47577335E+00	5.20919670E-02	6.17561160E-02
-2.84205533E+01	1.64988050E+01	5.20310122E-02	6.14933225E-02
-2.30612367E+01	2.33217786E+01	5.19704276E-02	6.12320893E-02
-1.60933135E+01	2.84503890E+01	5.19102097E-02	6.09724015E-02
-8.03544874E+00	3.15176836E+01	5.18503546E-02	6.07142439E-02
5.14416536E-01	3.23113665E+01	5.17908590E-02	6.04576019E-02
8.92418088E+00	3.07893713E+01	5.17317193E-02	6.02024610E-02
1.65751969E+01	2.70825221E+01	5.16729319E-02	5.99488066E-02
2.29087532E+01	2.14841155E+01	5.16144936E-02	5.96966247E-02
2.74679062E+01	1.44272320E+01	5.15564008E-02	5.94459012E-02
2.99314775E+01	6.45153379E+00	5.14986503E-02	5.91966223E-02
3.01376657E+01	-1.83789977E+00	5.14412388E-02	5.89487743E-02
2.80954944E+01	-9.81655356E+00	5.13841630E-02	5.87023437E-02
2.39832672E+01	-1.68877512E+01	5.13274197E-02	5.84573172E-02
1.81341880E+01	-2.25276348E+01	5.12710057E-02	5.82136816E-02
1.10102787E+01	-2.63244194E+01	5.12149179E-02	5.79714240E-02
3.16663323E+00	-2.80089632E+01	5.11591532E-02	5.77305315E-02
-4.79124628E+00	-2.74743504E+01	5.11037085E-02	5.74909914E-02
-1.22537366E+01	-2.47830342E+01	5.10485809E-02	5.72527912E-02
-1.86534696E+01	-2.01610535E+01	5.09937673E-02	5.70159185E-02
-2.35082500E+01	-1.39798054E+01	5.09392648E-02	5.67803611E-02
-2.64572506E+01	-6.72683294E+00	5.08850705E-02	5.65461070E-02
-2.72877548E+01	1.03210282E+00	5.08311816E-02	5.63131441E-02
-2.59504299E+01	8.69671736E+00	5.07775951E-02	5.60814608E-02
-2.25620301E+01	1.56782971E+01	5.07243083E-02	5.58510454E-02
-1.73953642E+01	2.14446522E+01	5.06713185E-02	5.56218864E-02
-1.08573704E+01	2.55604798E+01	5.06186228E-02	5.53939725E-02
-3.45702661E+00	2.77200740E+01	5.05662187E-02	5.51672924E-02
4.23438607E+00	2.77698936E+01	5.05141034E-02	5.49418349E-02
1.16275763E+01	2.57193134E+01	5.04622743E-02	5.47175893E-02
1.81606691E+01	2.17387803E+01	5.04107288E-02	5.44945446E-02
2.33422537E+01	1.61455788E+01	5.03594643E-02	5.42726901E-02
2.67887591E+01	9.37836376E+00	5.03084784E-02	5.40520153E-02
2.82532896E+01	1.96246841E+00	5.02577684E-02	5.38325097E-02
2.76437449E+01	-5.53127976E+00	5.02073319E-02	5.36141629E-02
2.50288656E+01	-1.25310395E+01	5.01571664E-02	5.33969649E-02
2.06317926E+01	-1.85082639E+01	5.01072696E-02	5.31809054E-02
1.48116970E+01	-2.30184213E+01	5.00576390E-02	5.29659745E-02
8.03494249E+00	-2.57349815E+01	5.00082723E-02	5.27521623E-02
8.38071933E-01	-2.64740626E+01	4.99591671E-02	5.25394592E-02
-6.21449422E+00	-2.52078668E+01	4.99103212E-02	5.23278554E-02
-1.25747311E+01	-2.20658929E+01	4.98617321E-02	5.21173415E-02
-1.77538159E+01	-1.73238871E+01	4.98133978E-02	5.19079080E-02
-2.13601423E+01	-1.13814170E+01	4.97653160E-02	5.16995456E-02
-2.31295946E+01	-4.72985930E+00	4.97174843E-02	5.14922451E-02
-2.29457573E+01	2.08668894E+00	4.96699008E-02	5.12859975E-02
-2.08484956E+01	8.51450938E+00	4.96225632E-02	5.10807937E-02
-1.70302786E+01	1.40340036E+01	4.95754693E-02	5.08766248E-02
-1.18205427E+01	1.82006722E+01	4.95286172E-02	5.06734821E-02
-5.65934087E+00	2.06801282E+01	4.94820046E-02	5.04713568E-02
9.37656375E-01	2.12744380E+01	4.94356296E-02	5.02702404E-02
7.42007274E+00	1.99377253E+01	4.93894901E-02	5.00701243E-02
1.32464477E+01	1.67798427E+01	4.93435841E-02	4.98710002E-02
1.79271775E+01	1.20578188E+01	4.92979097E-02	4.96728597E-02
2.10634115E+01	6.15574938E+00	4.92524647E-02	4.94756946E-02
2.23788855E+01	-4.45298758E-01	4.92072474E-02	4.92794967E-02
2.17421957E+01	-7.20504261E+00	4.91622557E-02	4.90842581E-02
1.91777744E+01	-1.35664493E+01	4.91174878E-02	4.88899707E-02
1.48647025E+01	-1.89996291E+01	4.90729418E-02	4.86966268E-02
9.12342493E+00	-2.30437298E+01	4.90286159E-02	4.85042184E-02
2.39139431E+00	-2.53435833E+01	4.89845081E-02	4.83127380E-02
-4.81050199E+00	-2.56782450E+01	4.89406168E-02	4.81221779E-02
-1.19181311E+01	-2.39791946E+01	4.88969400E-02	4.79325305E-02
-1.83678332E+01	-2.03367721E+01	4.88534760E-02	4.77437885E-02
-2.36402865E+01	-1.49943130E+01	4.88102230E-02	4.75559444E-02
-2.73011301E+01	-8.33042025E+00	4.87671794E-02	4.73689909E-02
-2.90352055E+01	-8.30699784E-01	4.87243433E-02	4.71829209E-02
-2.86717502E+01	6.94887758E+00	4.86817131E-02	4.69977272E-02
-2.61985960E+01	1.44241910E+01	4.86392871E-02	4.68134026E-02
-2.17642389E+01	2.10275298E+01	4.85970636E-02	4.66299404E-02
-1.56676065E+01	2.62510750E+01	4.85550410E-02	4.64473334E-02
-8.33627183E+00	2.96859753E+01	4.85132176E-02	4.62655749E-02
-2.94763541E-01	3.10540028E+01	4.84715919E-02	4.60846582E-02
7.87461990E+00	3.02293645E+01	4.84301622E-02	4.59045764E-02
1.55755168E+01	2.72489757E+01	4.83889269E-02	4.57253230E-02
2.22423877E+01	2.23104024E+01	4.83478846E-02	4.55468915E-02
2.73831718E+01	1.57576122E+01	4.83070335E-02	4.53692752E-02
3.06164492E+01	8.05560524E+00	4.82663723E-02	4.51924679E-02
3.17002873E+01	-2.44140576E-01	4.82258994E-02	4.50164631E-02
3.05505689E+01	-8.54479848E+00	4.81856133E-02	4.48412545E-02
2.72474095E+01	-1.62487542E+01	4.81455125E-02	4.46668360E-02
2.20291871E+01	-2.28022257E+01	4.81055955E-02	4.44932013E-02
1.52746357E+01	-2.77365459E+01	4.80658610E-02	4.43203443E-02
7.47438834E+00	-3.07029793E+01	4.80263074E-02	4.41482591E-02
-8.05869633E-01	-3.14984449E+01	4.79869334E-02	4.39769396E-02
-8.96781400E+00	-3.00801999E+01	4.79477374E-02	4.38063799E-02
-1.64252394E+01	-2.65684067E+01	4.79087182E-02	4.36365741E-02
-2.26477578E+01	-2.12364038E+01	4.78698744E-02	4.34675165E-02
-2.72001178E+01	-1.44894675E+01	4.78312046E-02	4.32992013E-02
-2.97741846E+01	-6.83370298E+00	4.77927074E-02	4.31316228E-02
-3.02111619E+01	1.16253375E+00	4.77543815E-02	4.29647754E-02
-2.85124168E+01	8.91172115E+00	4.77162256E-02	4.27986536E-02
-2.48381196E+01	1.58514769E+01	4.76782383E-02	4.26332518E-02
-1.94938584E+01	2.14866931E+01	4.76404184E-02	4.24685645E-02
-1.29063032E+01	2.54263154E+01	4.76027646E-02	4.23045863E-02
-5.58981899E+00	2.74119730E+01	4.75652757E-02	4.21413120E-02
1.89336927E+00	2.73363246E+01	4.75279503E-02	4.19787361E-02
8.97639733E+00	2.52497622E+01	4.74907872E-02	4.18168535E-02
1.51310311E+01	2.13550213E+01	4.74537851E-02	4.16556589E-02
1.99076839E+01	1.59901750E+01	4.74169430E-02	4.14951473E-02
2.29691207E+01	9.60136900E+00	4.73802595E-02	4.13353134E-02
2.41152993E+01	2.70745309E+00	4.73437334E-02	4.11761523E-02
2.32974875E+01	-4.14074113E+00	4.73073636E-02	4.10176589E-02
2.06206173E+01	-1.04033065E+01	4.72711489E-02	4.08598284E-02
1.63337653E+01	-1.55930405E+01	4.72350881E-02	4.07026558E-02
1.08095391E+01	-1.93128822E+01	4.71991801E-02	4.05461362E-02
4.51402756E+00	-2.12861308E+01	4.71634237E-02	4.03902649E-02
-2.03033018E+00	-2.13771555E+01	4.71278179E-02	4.02350370E-02
-8.28604584E+00	-1.96010213E+01	4.70923614E-02	4.00804479E-02
-1.37428389E+01	-1.61213495E+01	4.70570532E-02	3.99264930E-02
-1.79575751E+01	-1.12366105E+01	4.70218922E-02	3.97731674E-02
-2.05887882E+01	-5.35596665E+00	4.69868773E-02	3.96204668E-02
-2.14231373E+01	1.03342735E+00	4.69520074E-02	3.94683865E-02
-2.03917585E+01	7.40510188E+00	4.69172815E-02	3.93169221E-02
-1.75752806E+01	1.32348965E+01	4.68826985E-02	3.91660691E-02
-1.31971411E+01	1.80422992E+01	4.68482573E-02	3.90158231E-02
-7.60574876E+00	2.14282734E+01	4.68139570E-02	3.88661796E-02
-1.24691162E+00	2.31066523E+01	4.67797965E-02	3.87171345E-02
5.37131866E+00	2.29266596E+01	4.67457748E-02	3.85686833E-02
1.17186255E+01	2.08848250E+01	4.67118908E-02	3.84208219E-02
1.72841273E+01	1.71253832E+01	4.66781436E-02	3.82735460E-02
2.16165418E+01	1.19291309E+01	4.66445322E-02	3.81268515E-02
2.43597023E+01	5.69162889E+00	4.66110557E-02	3.79807342E-02
2.52806643E+01	-1.10756208E+00	4.65777129E-02	3.78351900E-02
2.42882208E+01	-7.94220507E+00	4.65445031E-02	3.76902150E-02
2.14403974E+01	-1.42803808E+01	4.65114252E-02	3.75458049E-02
1.69403362E+01	-1.96259626E+01	4.64784783E-02	3.74019559E-02
1.11208984E+01	-2.35573561E+01	4.64456615E-02	3.72586641E-02
4.41916710E+00	-2.57605036E+01	4.64129738E-02	3.71159255E-02
-2.65717025E+00	-2.60535854E+01	4.63804143E-02	3.69737361E-02
-9.56896173E+00	-2.44015127E+01	4.63479822E-02	3.68320923E-02
-1.57872294E+01	-2.09190745E+01	4.63156764E-02	3.66909902E-02
-2.08340806E+01	-1.58624982E+01	4.62834962E-02	3.65504260E-02
-2.43197395E+01	-9.61006379E+00	4.62514407E-02	3.64103960E-02
-2.59728245E+01	-2.63326430E+00	4.62195088E-02	3.62708964E-02
-2.56615427E+01	4.53926479E+00	4.61876999E-02	3.61319236E-02
-2.34041504E+01	1.13622759E+01	4.61560131E-02	3.59934740E-02
-1.93678740E+01	1.73157670E+01	4.61244474E-02	3.58555440E-02
-1.38563664E+01	2.19449544E+01	4.60930020E-02	3.57181299E-02
-7.28665580E+00	2.48952716E+01	4.60616762E-02	3.55812283E-02
-1.57363644E-01	2.59397055E+01	4.60304691E-02	3.54448356E-02
6.98937760E+00	2.49963627E+01	4.59993798E-02	3.53089484E-02
1.36093696E+01	2.21349094E+01	4.59684075E-02	3.51735631E-02
1.91979833E+01	1.75713959E+01	4.59375515E-02	3.50386764E-02
2.33287795E+01	1.16518495E+01	4.59068109E-02	3.49042849E-02
2.56861512E+01	4.82590934E+00	4.58761850E-02	3.47703853E-02
2.60894889E+01	-2.38748779E+00	4.58456729E-02	3.46369741E-02
2.45070050E+01	-9.43972472E+00	4.58152739E-02	3.45040482E-02
2.10581754E+01	-1.57943930E+01	4.57849873E-02	3.43716041E-02
1.60045989E+01	-2.09682395E+01	4.57548121E-02	3.42396388E-02
9.72999542E+00	-2.45680300E+01	4.57247478E-02	3.41081489E-02
2.71087086E+00	-2.63205149E+01	4.56947934E-02	3.39771313E-02
-4.51989169E+00	-2.60931967E+01	4.56649484E-02	3.38465828E-02
-1.14137203E+01	-2.39043276E+01	4.56352119E-02	3.37165002E-02
-1.74482084E+01	-1.99213707E+01	4.56055833E-02	3.35868806E-02
-2.21669181E+01	-1.44480635E+01	4.55760617E-02	3.34577207E-02
-2.52141016E+01	-7.90108296E+00	4.55466465E-02	3.33290176E-02
-2.63616763E+01	-7.78110192E-01	4.55173370E-02	3.32007681E-02
-2.55264091E+01	6.38024201E+00	4.54881324E-02	3.30729694E-02
-2.27760046E+01	1.30317261E+01	4.54590321E-02	3.29456184E-02
-1.83236487E+01	1.86738031E+01	4.54300353E-02	3.28187122E-02
-1.25114498E+01	2.28818790E+01	4.54011414E-02	3.26922478E-02
-5.78405651E+00	2.53415043E+01	4.53723497E-02	3.25662224E-02
1.34549793E+00	2.58720886E+01	4.53436595E-02	3.24406330E-02
8.33510711E+00	2.44403316E+01	4.53150701E-02	3.23154768E-02
1.46550265E+01	2.11623586E+01	4.52865809E-02	3.21907510E-02
1.98282621E+01	1.62944314E+01	4.52581911E-02	3.20664528E-02
2.34668194E+01	1.02129606E+01	4.52299003E-02	3.19425794E-02
2.53010430E+01	3.38538784E+00	4.52017076E-02	3.18191280E-02
2.51998230E+01	-3.66581932E+00	4.51736125E-02	3.16960959E-02
2.31801332E+01	-1.04032763E+01	4.51456144E-02	3.15734803E-02
1.94052083E+01	-1.63158105E+01	4.51177125E-02	3.14512787E-02
1.41715200E+01	-2.09574585E+01	4.50899062E-02	3.13294882E-02
7.88558921E+00	-2.39813371E+01	4.50621950E-02	3.12081063E-02
1.03243849E+00	-2.51658166E+01	4.50345783E-02	3.10871303E-02
-5.86187344E+00	-2.44309953E+01	4.50070553E-02	3.09665577E-02
-1.22707342E+01	-2.18442517E+01	4.49796255E-02	3.08463858E-02
-1.77073705E+01	-1.76144694E+01	4.49522883E-02	3.07266121E-02
-2.17620362E+01	-1.20754163E+01	4.49250432E-02	3.06072340E-02
-2.41331590E+01	-5.65958863E+00	4.48978894E-02	3.04882490E-02
-2.46500594E+01	1.13544797E+00	4.48708264E-02	3.03696547E-02
-2.32855244E+01	7.78559931E+00	4.48438537E-02	3.02514484E-02
-2.01572993E+01	1.37806975E+01	4.48169706E-02	3.01336278E-02
-1.55184085E+01	1.86637395E+01	4.47901767E-02	3.00161905E-02
-9.73709352E+00	2.20658997E+01	4.47634712E-02	2.98991339E-02
-3.26793063E+00	2.37346276E+01	4.47368537E-02	2.97824558E-02
3.38360939E+00	2.35526847E+01	4.47103235E-02	2.96661537E-02
9.70041897E+00	2.15466819E+01	4.46838802E-02	2.95502252E-02
1.51937854E+01	1.78844811E+01	4.46575232E-02	2.94346680E-02
1.94411077E+01	1.28616983E+01	4.46312519E-02	2.93194798E-02
2.21183983E+01	6.87837079E+00	4.46050659E-02	2.92046582E-02
2.30250644E+01	4.07618245E-01	4.45789644E-02	2.90902010E-02
2.20990872E+01	-6.04126474E+00	4.45529471E-02	2.89761060E-02
1.94214348E+01	-1.19624236E+01	4.45270134E-02	2.88623707E-02
1.52094040E+01	-1.68926945E+01	4.45011628E-02	2.87489931E-02
9.79942006E+00	-2.04474681E+01	4.44753947E-02	2.86359708E-02
3.62064845E+00	-2.23503903E+01	4.44497086E-02	2.85233018E-02
-2.83852283E+00	-2.24546280E+01	4.44241041E-02	2.84109837E-02
-9.06853354E+00	-2.07540616E+01	4.43985806E-02	2.82990145E-02
-1.45782752E+01	-1.73835628E+01	4.43731376E-02	2.81873919E-02
-1.89332349E+01	-1.26083497E+01	4.43477745E-02	2.80761139E-02
-2.17892016E+01	-6.80325863E+00	4.43224910E-02	2.79651783E-02
-2.29189444E+01	-4.23552374E-01	4.42972866E-02	2.78545830E-02
-2.22298047E+01	6.03047564E+00	4.42721606E-02	2.77443259E-02
-1.97708533E+01	1.20523487E+01	4.42471127E-02	2.76344050E-02
-1.57290767E+01	1.71687095E+01	4.42221423E-02	2.75248182E-02
-1.04148872E+01	2.09760344E+01	4.41972490E-02	2.74155635E-02
-4.23810022E+00	2.31719286E+01	4.41724324E-02	2.73066388E-02
2.32377256E+00	2.35785916E+01	4.41476918E-02	2.71980421E-02
8.76244766E+00	2.21566414E+01	4.41230270E-02	2.70897715E-02
1.45781656E+01	1.90082467E+01	4.40984373E-02	2.69818250E-02
1.93183220E+01	1.43693229E+01	4.40739224E-02	2.68742005E-02
2.26124509E+01	8.59140978E+00	4.40494818E-02	2.67668962E-02
2.42008728E+01	2.11462863E+00	4.40251150E-02	2.66599101E-02
2.39547910E+01	-4.56618780E+00	4.40008216E-02	2.65532403E-02
2.18863052E+01	-1.09395768E+01	4.39766012E-02	2.64468849E-02
1.81475662E+01	-1.65168077E+01	4.39524532E-02	2.63408420E-02
1.30191500E+01	-2.08694825E+01	4.39283774E-02	2.62351097E-02
6.88855165E+00	-2.36624926E+01	4.39043731E-02	2.61296862E-02
2.20457341E-01	-2.46797861E+01	4.38804400E-02	2.60245696E-02
-6.47890499E+00	-2.38409774E+01	4.38565777E-02	2.59197581E-02
-1.27005991E+01	-2.12075222E+01	4.38327858E-02	2.58152498E-02
-1.79719986E+01	-1.69779913E+01	4.38090637E-02	2.57110430E-02
-2.18929992E+01	-1.14728201E+01	4.37854112E-02	2.56071358E-02
-2.41666361E+01	-5.10970713E+00	4.37618277E-02	2.55035265E-02
-2.46217626E+01	1.62842934E+00	4.37383129E-02	2.54002134E-02
-2.32260554E+01	8.23047651E+00	4.37148663E-02	2.52971945E-02
-2.00883521E+01	1.41962758E+01	4.36914876E-02	2.51944683E-02
-1.54501627E+01	1.90748913E+01	4.36681764E-02	2.50920329E-02
-9.66700802E+00	2.24990566E+01	4.36449321E-02	2.49898867E-02
-3.18104243E+00	2.42131575E+01	4.36217545E-02	2.48880279E-02
3.51293374E+00	2.40926157E+01	4.35986432E-02	2.47864549E-02
9.90544796E+00	2.21531870E+01	4.35755977E-02	2.46851660E-02
1.55113938E+01	1.85494847E+01	4.35526177E-02	2.45841594E-02
1.99071374E+01	1.35628490E+01	4.35297027E-02	2.44834337E-02
2.27628381E+01	7.57951531E+00	4.35068525E-02	2.43829870E-02
2.38675169E+01	1.06077320E+00	4.34840665E-02	2.42828178E-02
2.31449500E+01	-5.49258188E+00	4.34613445E-02	2.41829245E-02
2.06591893E+01	-1.15787572E+01	4.34386860E-02	2.40833054E-02
1.66092984E+01	-1.67334762E+01	4.34160907E-02	2.39839589E-02
1.13137285E+01	-2.05655283E+01	4.33935583E-02	2.38848835E-02
5.18555576E+00	-2.27866364E+01	4.33710882E-02	2.37860776E-02
-1.29950541E+00	-2.32333497E+01	4.33486803E-02	2.36875396E-02
-7.63983463E+00	-2.18792983E+01	4.33263340E-02	2.35892679E-02
-1.33465584E+01	-1.88368820E+01	4.33040492E-02	2.34912611E-02
-1.79811404E+01	-1.43482812E+01	4.32818253E-02	2.33935175E-02
-2.11890253E+01	-8.76650631E+00	4.32596620E-02	2.32960358E-02
-2.27267549E+01	-2.52795203E+00	4.32375591E-02	2.31988143E-02
-2.24804781E+01	3.88140763E+00	4.32155160E-02	2.31018515E-02
-2.04744537E+01	9.96357969E+00	4.31935326E-02	2.30051460E-02
-1.68688998E+01	1.52469662E+01	4.31716084E-02	2.29086963E-02
-1.19473831E+01	1.93226767E+01	4.31497432E-02	2.28125009E-02
-6.09472795E+00	2.18759494E+01	4.31279365E-02	2.27165584E-02
2.32832562E-01	2.27102677E+01	4.31061880E-02	2.26208672E-02
6.54295706E+00	2.17623343E+01	4.30844974E-02	2.25254261E-02
1.23452223E+01	1.91067568E+01	4.30628643E-02	2.24302335E-02
1.71889412E+01	1.49501097E+01	4.30412885E-02	2.23352880E-02
2.06978683E+01	9.61483979E+00	4.30197696E-02	2.22405882E-02
2.25991195E+01	3.51427200E+00	4.29983072E-02	2.21461327E-02
2.27440967E+01	-2.87934545E+00	4.29769011E-02	2.20519202E-02
2.11198130E+01	-9.07129267E+00	4.29555510E-02	2.19579492E-02
1.78497654E+01	-1.45825068E+01	4.29342564E-02	2.18642184E-02
1.31843034E+01	-1.89864611E+01	4.29130171E-02	2.17707263E-02
7.48124617E+00	-2.19419497E+01	4.28918328E-02	2.16774718E-02
1.17826095E+00	-2.32192702E+01	4.28707031E-02	2.15844533E-02
-5.24086975E+00	-2.27177950E+01	4.28496278E-02	2.14916697E-02
-1.12834787E+01	-2.04735939E+01	4.28286065E-02	2.13991194E-02
-1.64858829E+01	-1.66565400E+01	4.28076390E-02	2.13068013E-02
-2.04489714E+01	-1.15571307E+01	4.27867249E-02	2.12147141E-02
-2.28687835E+01	-5.56406226E+00	4.27658639E-02	2.11228564E-02
-2.35597331E+01	8.65713473E-01	4.27450557E-02	2.10312269E-02
-2.24687043E+01	7.24212825E+00	4.27243001E-02	2.09398243E-02
-1.96789536E+01	1.30796278E+01	4.27035967E-02	2.08486475E-02
-1.54035303E+01	1.79343959E+01	4.26829452E-02	2.07576950E-02
-9.96874478E+00	2.14383099E+01	4.26623454E-02	2.06669657E-02
-3.78896727E+00	2.33270286E+01	4.26417969E-02	2.05764584E-02
2.66528716E+00	2.34600577E+01	4.26212994E-02	2.04861716E-02
8.90352273E+00	2.18312731E+01	4.26008528E-02	2.03961044E-02
1.44528920E+01	1.85691044E+01	4.25804566E-02	2.03062553E-02
1.88943887E+01	1.39263895E+01	4.25601107E-02	2.02166233E-02
2.18948335E+01	8.26069793E+00	4.25398146E-02	2.01272070E-02
2.32321944E+01	2.00665434E+00	4.25195683E-02	2.00380053E-02
2.28123154E+01	-4.35759038E+00	4.24993713E-02	1.99490170E-02
2.06757819E+01	-1.03471565E+01	4.24792233E-02	1.98602410E-02
1.69944154E+01	-1.55076572E+01	4.24591242E-02	1.97716759E-02
1.20576937E+01	-1.94499882E+01	4.24390737E-02	1.96833207E-02
6.25015616E+00	-2.18800102E+01	4.24190714E-02	1.95951743E-02
2.15602971E-02	-2.26208523E+01	4.23991171E-02	1.95072354E-02
-6.14790595E+00	-2.16261396E+01	4.23792106E-02	1.94195028E-02
-1.17846608E+01	-1.89831413E+01	4.23593515E-02	1.93319756E-02
-1.64581629E+01	-1.49056263E+01	4.23395397E-02	1.92446524E-02
-1.98139367E+01	-9.71699168E+00	4.23197748E-02	1.91575323E-02
-2.16006528E+01	-3.82499236E+00	4.23000566E-02	1.90706141E-02
-2.16891924E+01	2.30996954E+00	4.22803848E-02	1.89838966E-02
-2.00822397E+01	8.21053428E+00	4.22607593E-02	1.88973788E-02
-1.69136893E+01	1.34192947E+01	4.22411796E-02	1.88110595E-02
-1.24379284E+01	1.75340818E+01	4.22216456E-02	1.87249378E-02
-7.00984702E+00	2.02389031E+01	4.22021570E-02	1.86390125E-02
-1.05713291E+00	2.13281632E+01	4.21827136E-02	1.85532824E-02
4.95299737E+00	2.07223049E+01	4.21633151E-02	1.84677467E-02
1.05500506E+01	1.84736858E+01	4.21439612E-02	1.83824041E-02
1.52966955E+01	1.47622506E+01	4.21246518E-02	1.82972536E-02
1.88225692E+01	9.88135346E+00	4.21053866E-02	1.82122943E-02
2.08528537E+01	4.21484082E+00	4.20861653E-02	1.81275249E-02
2.12294192E+01	-1.79282495E+00	4.20669877E-02	1.80429446E-02
1.99229190E+01	-7.67107934E+00	4.20478536E-02	1.79585523E-02
1.70349127E+01	-1.29597428E+01	4.20287627E-02	1.78743469E-02
1.27898683E+01	-1.72446558E+01	4.20097147E-02	1.77903274E-02
7.51767615E+00	-2.01897172E+01	4.19907096E-02	1.77064928E-02
1.62803261E+00	-2.15628557E+01	4.19717469E-02	1.76228422E-02
-4.42131537E+00	-2.12539369E+01	4.19528265E-02	1.75393745E-02
-1.01600116E+01	-1.92832368E+01	4.19339482E-02	1.74560887E-02
-1.51414762E+01	-1.57998321E+01	4.19151117E-02	1.73729838E-02
-1.89774279E+01	-1.10700496E+01	4.18963168E-02	1.72900589E-02
-2.13678844E+01	-5.45686808E+00	4.18775632E-02	1.72073130E-02
-2.21243260E+01	6.08124176E-01	4.18588508E-02	1.71247450E-02
-2.11842502E+01	6.65805071E+00	4.18401794E-02	1.70423542E-02
-1.86159935E+01	1.22267725E+01	4.18215486E-02	1.69601394E-02
-1.46134662E+01	1.68848367E+01	4.18029583E-02	1.68780997E-02
-9.48120689E+00	2.02725827E+01	4.17844083E-02	1.67962343E-02
-3.61092002E+00	2.21278503E+01	4.17658983E-02	1.67145420E-02
2.54868895E+00	2.23061673E+01	4.17474281E-02	1.66330222E-02
8.52645606E+00	2.07918610E+01	4.17289975E-02	1.65516736E-02
1.38650100E+01	1.76992496E+01	4.17106063E-02	1.64704956E-02
1.81559459E+01	1.32638283E+01	4.16922543E-02	1.63894871E-02
2.10712099E+01	7.82413487E+00	4.16739412E-02	1.63086471E-02
2.23882860E+01	1.79570167E+00	4.16556671E-02	1.62279751E-02
2.20072516E+01	-4.36090017E+00	4.16374314E-02	1.61474695E-02
1.99583947E+01	-1.01754561E+01	4.16192339E-02	1.60671303E-02
1.63998194E+01	-1.52042224E+01	4.16010750E-02	1.59869559E-02
1.16052276E+01	-1.90639788E+01	4.15829535E-02	1.59069455E-02
5.94283020E+00	-2.14614037E+01	4.15648700E-02	1.58270988E-02
-1.52987016E-01	-2.22155203E+01	4.15468240E-02	1.57474142E-02
-6.21505390E+00	-2.12714918E+01	4.15288153E-02	1.56678912E-02
-1.17792951E+01	-1.87047191E+01	4.15108437E-02	1.55885289E-02
-1.64203371E+01	-1.47149309E+01	4.14929090E-02	1.55093263E-02
-1.97841069E+01	-9.61073591E+00	4.14750110E-02	1.54302827E-02
-2.16149245E+01	-3.78583157E+00	4.14571496E-02	1.53513971E-02
-2.17750104E+01	2.31129276E+00	4.14393244E-02	1.52726688E-02
-2.02549246E+01	8.21182282E+00	4.14215355E-02	1.51940969E-02
-1.71741410E+01	1.34626071E+01	4.14037824E-02	1.51156806E-02
-1.27717302E+01	1.76608963E+01	4.13860651E-02	1.50374190E-02
-7.38787708E+00	2.04851735E+01	4.13683834E-02	1.49593113E-02
-1.43766417E+00	2.17197090E+01	4.13507371E-02	1.48813567E-02
4.62085303E+00	2.12709683E+01	4.13331259E-02	1.48035543E-02
1.03218245E+01	1.91746226E+01	4.13155497E-02	1.47259034E-02
1.52273280E+01	1.55926382E+01	4.12980083E-02	1.46484032E-02
1.89608969E+01	1.08006867E+01	4.12805015E-02	1.45710528E-02
2.12362819E+01	5.16685271E+00	4.12630292E-02	1.44938515E-02
2.18792477E+01	-8.76707047E-01	4.12455911E-02	1.44167984E-02
2.08407453E+01	-6.86697118E+00	4.12281870E-02	1.43398927E-02
1.82004617E+01	-1.23455670E+01	4.12108169E-02	1.42631338E-02
1.41604965E+01	-1.68938631E+01	4.11934805E-02	1.41865207E-02
9.02966389E+00	-2.01649486E+01	4.11761775E-02	1.41100527E-02
3.19964887E+00	-2.19100491E+01	4.11589079E-02	1.40337291E-02
-2.88514185E+00	-2.19973684E+01	4.11416715E-02	1.39575491E-02
-8.76170358E+00	-2.04219190E+01	4.11244681E-02	1.38815119E-02
-1.39839062E+01	-1.73056129E+01	4.11072975E-02	1.38056167E-02
-1.81565911E+01	-1.28876220E+01	4.10901595E-02	1.37298629E-02
-2.09656749E+01	-7.50577333E+00	4.10730540E-02	1.36542495E-02
-2.22019632E+01	-1.57042588E+00	4.10559808E-02	1.35787760E-02
-2.17768556E+01	4.46714635E+00	4.10389397E-02	1.35034415E-02
-1.97287598E+01	1.01494229E+01	4.10219306E-02	1.34282454E-02
-1.62197424E+01	1.50476894E+01	4.10049532E-02	1.33531868E-02
-1.15226998E+01	1.87947764E+01	4.09880074E-02	1.32782651E-02
-6.00005916E+00	2.11129785E+01	4.09710931E-02	1.32034795E-02
-7.56676518E-02	2.18350173E+01	4.09542101E-02	1.31288293E-02
5.79794878E+00	2.09164568E+01	4.09373582E-02	1.30543138E-02
1.11744297E+01	1.84386383E+01	4.09205372E-02	1.29799322E-02
1.56478377E+01	1.46019341E+01	4.09037470E-02	1.29056839E-02
1.88836976E+01	9.70986658E+00	4.08869874E-02	1.28315682E-02
2.06444348E+01	4.14533749E+00	4.08702582E-02	1.27575843E-02
2.08072678E+01	-1.65917787E+00	4.08535594E-02	1.26837315E-02
1.93731999E+01	-7.25516226E+00	4.08368907E-02	1.26100092E-02
1.64664359E+01	-1.22127175E+01	4.08202519E-02	1.25364166E-02
1.23242985E+01	-1.61536810E+01	4.08036430E-02	1.24629531E-02
7.27844217E+00	-1.87806474E+01	4.07870637E-02	1.23896179E-02
1.72883809E+00	-1.98996657E+01	4.07705139E-02	1.23164105E-02
-3.88744491E+00	-1.94348773E+01	4.07539934E-02	1.22433300E-02
-9.13024196E+00	-1.74339809E+01	4.07375022E-02	1.21703759E-02
-1.35904422E+01	-1.40641267E+01	4.07210399E-02	1.20975475E-02
-1.69216513E+01	-9.59857425E+00	4.07046065E-02	1.20248441E-02
-1.88669221E+01	-4.39516640E+00	4.06882019E-02	1.19522650E-02
-1.92784996E+01	1.13170073E+00	4.06718258E-02	1.18798096E-02
-1.81290658E+01	6.54343487E+00	4.06554781E-02	1.18074772E-02
-1.55136292E+01	1.14114193E+01	4.06391587E-02	1.17352672E-02
-1.16419296E+01	1.53503576E+01	4.06228674E-02	1.16631789E-02
-6.82195769E+00	1.80482096E+01	4.06066041E-02	1.15912117E-02
-1.43587941E+00	1.92904127E+01	4.05903686E-02	1.15193649E-02
4.08976789E+00	1.89765186E+01	4.05741607E-02	1.14476378E-02
9.31729148E+00	1.71279698E+01	4.05579804E-02	1.13760300E-02
1.38319032E+01	1.38864232E+01	4.05418274E-02	1.13045406E-02
1.72739868E+01	9.50275744E+00	4.05257017E-02	1.12331691E-02
1.93670811E+01	4.31762409E+00	4.05096031E-02	1.11619148E-02
1.99394189E+01	-1.26495182E+00	4.04935314E-02	1.10907772E-02
1.89373601E+01	-6.80887484E+00	4.04774865E-02	1.10197556E-02
1.64296887E+01	-1.18797673E+01	4.04614682E-02	1.09488494E-02
1.26024413E+01	-1.60786319E+01	4.04454765E-02	1.08780579E-02
7.74467454E+00	-1.90727887E+01	4.04295111E-02	1.08073806E-02
2.22626958E+00	-2.06217040E+01	4.04135720E-02	1.07368169E-02
-3.53051143E+00	-2.05957155E+01	4.03976589E-02	1.06663661E-02
-9.08352127E+00	-1.89862154E+01	4.03817718E-02	1.05960277E-02
-1.40047723E+01	-1.59065078E+01	4.03659105E-02	1.05258009E-02
-1.79134050E+01	-1.15832749E+01	4.03500749E-02	1.04556854E-02
-2.05050442E+01	-6.33931404E+00	4.03342649E-02	1.03856804E-02
-2.15752822E+01	-5.68873674E-01	4.03184802E-02	1.03157853E-02
-2.10354853E+01	5.29250955E+00	4.03027208E-02	1.02459996E-02
-1.89197108E+01	1.08013536E+01	4.02869865E-02	1.01763227E-02
-1.53822039E+01	1.55401873E+01	4.02712773E-02	1.01067540E-02
-1.06856743E+01	1.91495122E+01	4.02555929E-02	1.00372929E-02
-5.18125454E+00	2.13553148E+01	4.02399332E-02	9.96793890E-03
7.18314776E-01	2.19900195E+01	4.02242981E-02	9.89869134E-03
6.57020981E+00	2.10052782E+01	4.02086875E-02	9.82954968E-03
1.19353361E+01	1.84756206E+01	4.01931012E-02	9.76051335E-03
1.64118326E+01	1.45926932E+01	4.01775392E-02	9.69158178E-03
1.96656976E+01	9.65053714E+00	4.01620012E-02	9.62275442E-03
2.14561896E+01	4.02304407E+00	4.01464871E-02	9.55403070E-03
2.16540627E+01	-1.86467428E+00	4.01309969E-02	9.48541006E-03
2.02512454E+01	-7.56879805E+00	4.01155304E-02	9.41689195E-03
1.73612331E+01	-1.26606963E+01	4.01000874E-02	9.34847582E-03
1.32101764E+01	-1.67596083E+01	4.00846679E-02	9.28016111E-03
8.11936252E+00	-1.95616047E+01	4.00692717E-02	9.21194728E-03
2.48044711E+00	-2.08626146E+01	4.00538986E-02	9.14383378E-03
-3.27465392E+00	-2.05737634E+01	4.00385486E-02	9.07582008E-03
-8.70689309E+00	-1.87278569E+01	4.00232216E-02	9.00790562E-03
-1.34036962E+01	-1.54765330E+01	4.00079174E-02	8.94008988E-03
-1.70104641E+01	-1.10783147E+01	3.99926358E-02	8.87237232E-03
-1.92575603E+01	-5.87849953E+00	3.99773768E-02	8.80475240E-03
-1.99807221E+01	-2.82444423E-01	3.99621403E-02	8.73722960E-03
-1.91333442E+01	5.27569164E+00	3.99469261E-02	8.66980340E-03
-1.67897071E+01	1.03663387E+01	3.99317341E-02	8.60247325E-03
-1.31389245E+01	1.45974734E+01	3.99165642E-02	8.53523865E-03
-8.47009115E+00	1.76446145E+01	3.99014162E-02	8.46809907E-03
-3.14979340E+00	1.92755601E+01	3.98862901E-02	8.40105399E-03
2.40627535E+00	1.93679784E+01	3.98711857E-02	8.33410290E-03
7.76540113E+00	1.79185175E+01	3.98561030E-02	8.26724529E-03
1.25111646E+01	1.50427533E+01	3.98410417E-02	8.20048064E-03
1.62754231E+01	1.09660005E+01	3.98260018E-02	8.13380845E-03
1.87665058E+01	6.00571319E+00	3.98109831E-02	8.06722821E-03
1.97914627E+01	5.46847257E-01	3.97959856E-02	8.00073941E-03
1.92706734E+01	-4.98790636E+00	3.97810091E-02	7.93434155E-03
1.72437080E+01	-1.01707173E+01	3.97660535E-02	7.86803414E-03
1.38660119E+01	-1.46015280E+01	3.97511187E-02	7.80181667E-03
9.39668932E+00	-1.79387519E+01	3.97362046E-02	7.73568866E-03
4.17834673E+00	-1.99254008E+01	3.97213111E-02	7.66964960E-03
-1.38943597E+00	-2.04086455E+01	3.97064380E-02	7.60369901E-03
-6.88095020E+00	-1.93513169E+01	3.96915853E-02	7.53783640E-03
-1.18771370E+01	-1.68344859E+01	3.96767527E-02	7.47206127E-03
-1.59977724E+01	-1.30509416E+01	3.96619404E-02	7.40637314E-03
-1.89305839E+01	-8.29009300E+00	3.96471480E-02	7.34077153E-03
-2.04550665E+01	-2.91547623E+00	3.96323755E-02	7.27525594E-03
-2.04591747E+01	2.66338376E+00	3.96176228E-02	7.20982582E-03
-1.89476257E+01	8.02257700E+00	3.96028900E-02	7.14448091E-03
-1.60411923E+01	1.27564360E+01	3.95881776E-02	7.07922043E-03
-1.19670624E+01	1.65086715E+01	3.95734826E-02	7.01404443E-03
-7.04102962E+00	1.89996215E+01	3.95588090E-02	6.94895284E-03
-1.64290560E+00	2.00475229E+01	3.95441541E-02	6.88394304E-03
3.81293368E+00	1.95821811E+01	3.95295165E-02	6.81901713E-03
8.90958619E+00	1.76500013E+01	3.95149004E-02	6.75417368E-03
1.32597700E+01	1.44100129E+01	3.95003013E-02	6.68941104E-03
1.65355973E+01	1.01212153E+01	3.94857217E-02	6.62473001E-03
1.84936851E+01	5.12224140E+00	3.94711609E-02	6.56012976E-03
1.89936740E+01	-1.95077303E-01	3.94566188E-02	6.49561002E-03
1.80087406E+01	-5.41618709E+00	3.94420952E-02	6.43117029E-03
1.56273078E+01	-1.01359704E+01	3.94275900E-02	6.36681011E-03
1.20458389E+01	-1.39900984E+01	3.94131031E-02	6.30252901E-03
7.55328956E+00	-1.66831570E+01	3.93986344E-02	6.23832656E-03
2.50843405E+00	-1.80113793E+01	3.93841838E-02	6.17420229E-03
-2.68816964E+00	-1.78782370E+01	3.93697512E-02	6.11015577E-03
-7.62539903E+00	-1.63016968E+01	3.93553365E-02	6.04618655E-03
-1.19135533E+01	-1.34125949E+01	3.93409396E-02	5.98229419E-03
-1.52146314E+01	-9.44426591E+00	3.93265604E-02	5.91847824E-03
-1.72685639E+01	-4.71424196E+00	3.93121987E-02	5.85473827E-03
-1.79133741E+01	4.00555683E-01	3.92978546E-02	5.79107384E-03
-1.70977165E+01	5.49320529E+00	3.92835278E-02	5.72748452E-03
-1.48848311E+01	1.01584783E+01	3.92692183E-02	5.66396986E-03
-1.14476125E+01	1.40243847E+01	3.92549261E-02	5.60052944E-03
-7.05518548E+00	1.67811325E+01	3.92406509E-02	5.53716283E-03
-2.05202481E+00	1.82052636E+01	3.92263927E-02	5.47386959E-03
3.16875890E+00	1.81771050E+01	3.92121514E-02	5.41064930E-03
8.19590450E+00	1.66901886E+01	3.91979268E-02	5.34750153E-03
1.26319001E+01	1.38519157E+01	3.91837190E-02	5.28442585E-03
1.61238342E+01	9.87541621E+00	3.91695278E-02	5.22142184E-03
1.83908193E+01	5.06323313E+00	3.91553531E-02	5.15848906E-03
1.92458713E+01	-2.15909127E-01	3.91411948E-02	5.09562709E-03
1.86105591E+01	-5.55546040E+00	3.91270527E-02	5.03283549E-03
1.65212972E+01	-1.05423401E+01	3.91129269E-02	4.97011384E-03
1.31267938E+01	-1.47887603E+01	3.90988172E-02	4.90746168E-03
8.67685467E+00	-1.79621292E+01	3.90847235E-02	4.84487856E-03
3.50340119E+00	-1.98107315E+01	3.90706456E-02	4.78236400E-03
-2.00483413E+00	-2.01832139E+01	3.90565835E-02	4.71991745E-03
-7.43199211E+00	-1.90403775E+01	3.90425370E-02	4.65753827E-03
-1.23668678E+01	-1.64583723E+01	3.90285060E-02	4.59522557E-03
-1.64343491E+01	-1.26230516E+01	3.90144902E-02	4.53297766E-03
-1.93240995E+01	-7.81592167E+00	3.90004898E-02	4.47078946E-03
-2.08142863E+01	-2.39276899E+00	3.89865259E-02	4.40862552E-03
-2.07885379E+01	3.24339422E+00	3.89725839E-02	4.34670158E-03
-1.92448342E+01	8.67298659E+00	3.89585992E-02	4.28468894E-03
-1.62956566E+01	1.34917663E+01	3.89447251E-02	4.22271277E-03
-1.21593915E+01	1.73415463E+01	3.89307563E-02	4.16096983E-03
-7.14365852E+00	1.99373647E+01	3.89168336E-02	4.09917199E-03
-1.62184515E+00	2.10890358E+01	3.89029363E-02	4.03744672E-03
3.99534303E+00	2.07154378E+01	3.88890558E-02	3.97578775E-03
9.29113398E+00	1.88504562E+01	3.88751908E-02	3.91419318E-03
1.38743459E+01	1.56401403E+01	3.88613407E-02	3.85266209E-03
1.74090242E+01	1.13313067E+01	3.88475053E-02	3.79119384E-03
1.96397959E+01	6.25247801E+00	3.88336844E-02	3.72978790E-03
2.04110080E+01	7.88632415E-01	3.88198779E-02	3.66844381E-03
1.96781992E+01	-4.64829025E+00	3.88060858E-02	3.60716115E-03
1.75110425E+01	-9.65085744E+00	3.87923078E-02	3.54593949E-03
1.40875560E+01	-1.38471716E+01	3.87785439E-02	3.48477845E-03
9.68004560E+00	-1.69290826E+01	3.87647940E-02	3.42367763E-03
4.63387845E+00	-1.86754272E+01	3.87510580E-02	3.36263664E-03
-6.59264405E-01	-1.89685298E+01	3.87373359E-02	3.30165509E-03
-5.79159248E+00	-1.78027157E+01	3.87236274E-02	3.24073260E-03
-1.03705374E+01	-1.52842055E+01	3.87099326E-02	3.17986880E-03
-1.40488051E+01	-1.16224254E+01	3.86962514E-02	3.11906331E-03
-1.65508442E+01	-7.11342202E+00	3.86825836E-02	3.05831576E-03
-1.76937060E+01	-2.11668170E+00	3.86689291E-02	2.99762578E-03
-1.74007112E+01	2.97284731E+00	3.86552880E-02	2.93699299E-03
-1.57068906E+01	7.75536365E+00	3.86416601E-02	2.87641703E-03
-1.27558067E+01	1.18570906E+01	3.86280453E-02	2.81589753E-03
-8.78802325E+00	1.49590469E+01	3.86144436E-02	2.75543412E-03
-4.12213516E+00	1.68214988E+01	3.86008548E-02	2.69502644E-03
8.70161530E-01	1.73022262E+01	3.85872789E-02	2.63467414E-03
5.79302225E+00	1.63672072E+01	3.85737158E-02	2.57437684E-03
1.02571870E+01	1.40929213E+01	3.85601654E-02	2.51413418E-03
1.39101221E+01	1.06601129E+01	3.85466276E-02	2.45394581E-03
1.64632456E+01	6.33951743E+00	3.85331024E-02	2.39381138E-03
1.77141453E+01	1.47067016E+00	3.85195896E-02	2.33373051E-03
1.75620867E+01	-3.56455206E+00	3.85060892E-02	2.27370286E-03
1.60156286E+01	-8.37160183E+00	3.84926012E-02	2.21372807E-03
1.31917769E+01	-1.25738511E+01	3.84791253E-02	2.15380578E-03
9.30675850E+00	-1.58417342E+01	3.84656616E-02	2.09393560E-03
4.65914492E+00	-1.79182010E+01	3.84522100E-02	2.03411716E-03
-3.93357979E-01	-1.86385203E+01	3.84387704E-02	1.97435052E-03
-5.46164924E+00	-1.79429168E+01	3.84253430E-02	1.91463443E-03
-1.01553540E+01	-1.58810796E+01	3.84119268E-02	1.85496968E-03
-1.41129955E+01	-1.26082064E+01	3.83985227E-02	1.79535544E-03
-1.70298900E+01	-8.37290662E+00	3.83851306E-02	1.73579055E-03
-1.86816159E+01	-3.49790647E+00	3.83717494E-02	1.67627623E-03
-1.89412509E+01	1.64493999E+00	3.83583800E-02	1.61681111E-03
-1.77890594E+01	6.66339824E+00	3.83450221E-02	1.55739461E-03
-1.53138903E+01	1.11751344E+01	3.83316753E-02	1.49802715E-03
-1.17061943E+01	1.48371901E+01	3.83183400E-02	1.43870799E-03
-7.24320636E+00	1.73723794E+01	3.83050158E-02	1.37943676E-03
-2.26745262E+00	1.85905729E+01	3.82917027E-02	1.32021323E-03
2.83975341E+00	1.84032362E+01	3.82784008E-02	1.26103705E-03
7.68777321E+00	1.68301075E+01	3.82651097E-02	1.20190790E-03
1.19067848E+01	1.39975113E+01	3.82518296E-02	1.14282542E-03
1.51762801E+01	1.01284486E+01	3.82385603E-02	1.08378930E-03
1.72497183E+01	5.52523713E+00	3.82253018E-02	1.02479918E-03
1.79734398E+01	5.46052725E-01	3.82120539E-02	9.65854755E-04
1.72983865E+01	-4.42281396E+00	3.81988166E-02	9.06955676E-04
1.52837339E+01	-8.99683678E+00	3.81855898E-02	8.48101618E-04
1.20921625E+01	-1.28229652E+01	3.81723735E-02	7.89292251E-04
7.97714127E+00	-1.56068720E+01	3.81591675E-02	7.30527249E-04
3.26321580E+00	-1.71356397E+01	3.81459719E-02	6.71806282E-04
-1.67917689E+00	-1.72941398E+01	3.81327864E-02	6.13129025E-04
-6.46241395E+00	-1.60738453E+01	3.81196111E-02	5.54495153E-04
-1.07116993E+01	-1.35734064E+01	3.81064459E-02	4.95904340E-04
-1.40940654E+01	-9.99094756E+00	3.80932906E-02	4.37356263E-04
-1.63441290E+01	-5.60868943E+00	3.80801453E-02	3.78850600E-04
-1.72846183E+01	-7.71084571E-01	3.80670098E-02	3.20387027E-04
-1.68400891E+01	4.14184247E+00	3.80538841E-02	2.61965225E-04
-1.50427825E+01	8.74389293E+00	3.80407681E-02	2.03584872E-04
-1.20301702E+01	1.26725642E+01	3.80276618E-02	1.45245651E-04
-8.03438624E+00	1.56170883E+01	3.80145650E-02	8.69472406E-05
-3.36436074E+00	1.73424845E+01	3.80014776E-02	2.86893249E-05
1.61796692E+00	1.77077708E+01	3.79883997E-02	-2.95284134E-05
6.52551870E+00	1.66769396E+01	3.79753312E-02	-8.77062903E-05
1.09758906E+01	1.43218533E+01	3.79622719E-02	-1.45844621E-04
1.46208091E+01	1.08168418E+01	3.79492218E-02	-2.03943720E-04
1.71729716E+01	6.42542023E+00	3.79361808E-02	-2.62003902E-04
1.84282050E+01	1.48015055E+00	3.79231489E-02	-3.20025478E-04
1.82812459E+01	-3.64280031E+00	3.79101260E-02	-3.78008761E-04
1.67339319E+01	-8.55245348E+00	3.78971120E-02	-4.35954062E-04
1.38951800E+01	-1.28729460E+01	3.78841069E-02	-4.93861693E-04
9.97276044E+00	-1.62723001E+01	3.78711105E-02	-5.51731962E-04
5.25749953E+00	-1.84878263E+01	3.78581228E-02	-6.09565178E-04
1.01133287E-01	-1.93462156E+01	3.78451438E-02	-6.67361650E-04
-5.11048995E+00	-1.87767876E+01	3.78321733E-02	-7.25121686E-04
-9.98679655E+00	-1.68168831E+01	3.78192113E-02	-7.82845592E-04
-1.41622120E+01	-1.36090010E+01	3.78062578E-02	-8.40533675E-04
-1.73239470E+01	-9.38990591E+00	3.77933126E-02	-8.98186239E-04
-1.92357182E+01	-4.47255346E+00	3.77803757E-02	-9.55803589E-04
-1.97555981E+01	7.77772584E-01	3.77674470E-02	-1.01338603E-03
-1.88466335E+01	5.97127645E+00	3.77545264E-02	-1.07093386E-03
-1.65794375E+01	1.07232814E+01	3.77416139E-02	-1.12844739E-03
-1.31265690E+01	1.46834084E+01	3.77287095E-02	-1.18592692E-03
-8.74914936E+00	1.75620657E+01	3.77158130E-02	-1.24337275E-03
-3.77675828E+00	1.91522333E+01	3.77029244E-02	-1.30078518E-03
1.41783827E+00	1.93448812E+01	3.76900435E-02	-1.35816450E-03
6.44717621E+00	1.81368618E+01	3.76771704E-02	-1.41551103E-03
1.09386121E+01	1.56306887E+01	3.76643050E-02	-1.47282505E-03
1.45626034E+01	1.20262434E+01	3.76514472E-02	-1.53010687E-03
1.70575908E+01	7.60507034E+00	3.76385970E-02	-1.58735678E-03
1.82495835E+01	2.70848243E+00	3.76257542E-02	-1.64457507E-03
1.80649607E+01	-2.28881884E+00	3.76129188E-02	-1.70176206E-03
1.65355322E+01	-7.00757524E+00	3.76000907E-02	-1.75891802E-03
1.37954898E+01	-1.10930302E+01	3.75872699E-02	-1.81604326E-03
1.00705161E+01	-1.42419829E+01	3.75744563E-02	-1.87313807E-03
5.65990805E+00	-1.62257650E+01	3.75616499E-02	-1.93020274E-03
9.13118152E-01	-1.69073847E+01	3.75488505E-02	-1.98723757E-03
-3.79746531E+00	-1.62515421E+01	3.75360581E-02	-2.04424284E-03
-8.10539020E+00	-1.43267618E+01	3.75232726E-02	-2.10121886E-03
-1.16784330E+01	-1.12995119E+01	3.75104941E-02	-2.15816590E-03
-1.42441359E+01	-7.42078169E+00	3.74977223E-02	-2.21508427E-03
-1.56106213E+01	-3.00618058E+00	3.74849573E-02	-2.27197425E-03
-1.56810987E+01	1.58888587E+00	3.74721989E-02	-2.32883613E-03
-1.44609549E+01	5.99703381E+00	3.74594472E-02	-2.38567020E-03
-1.20569053E+01	9.86755085E+00	3.74467020E-02	-2.44247675E-03
-8.66829209E+00	1.28936658E+01	3.74339633E-02	-2.49925607E-03
-4.57121931E+00	1.48363273E+01	3.74212310E-02	-2.55600844E-03
-9.67750990E-02	1.55426653E+01	3.74085050E-02	-2.61273415E-03
4.39496745E+00	1.49577140E+01	3.73957853E-02	-2.66943349E-03
8.54314241E+00	1.31285057E+01	3.73830719E-02	-2.72610674E-03
1.20142953E+01	1.02002320E+01	3.73703646E-02	-2.78275419E-03
1.45284107E+01	6.40478175E+00	3.73576634E-02	-2.83937612E-03
1.58807536E+01	2.04255934E+00	3.73449682E-02	-2.89597282E-03
1.59578386E+01	-2.54100485E+00	3.73322789E-02	-2.95254457E-03
1.47462947E+01	-6.98242041E+00	3.73195956E-02	-3.00909166E-03
1.23339528E+01	-1.09284920E+01	3.73069181E-02	-3.06561436E-03
8.90307041E+00	-1.40638645E+01	3.72942464E-02	-3.12211296E-03
4.71623360E+00	-1.61356267E+01	3.72815804E-02	-3.17858774E-03
9.60238597E-02	-1.69730742E+01	3.72689200E-02	-3.23503899E-03
-4.59996863E+00	-1.65010997E+01	3.72562652E-02	-3.29146698E-03
-9.00685262E+00	-1.47461846E+01	3.72436159E-02	-3.34787199E-03
-1.27807228E+01	-1.18345256E+01	3.72309721E-02	-3.40425431E-03
-1.56253366E+01	-7.98244597E+00	3.72183337E-02	-3.46061421E-03
-1.73151251E+01	-3.47983264E+00	3.72057006E-02	-3.51695197E-03
-1.77127577E+01	1.33212163E+00	3.71930727E-02	-3.57326788E-03
-1.67799085E+01	6.08715108E+00	3.71804501E-02	-3.62956220E-03
-1.45803926E+01	1.04221051E+01	3.71678326E-02	-3.68583523E-03
-1.12754315E+01	1.40049128E+01	3.71552201E-02	-3.74208723E-03
-7.11141400E+00	1.65601754E+01	3.71426127E-02	-3.79831848E-03
-2.40109105E+00	1.78904098E+01	3.71300102E-02	-3.85452926E-03
