jMRUI Data Textfile

Filename: /Users/kayigwe/Desktop/TE26_BASISSET/converter/sample_basis_sets/JMRUI/GSH.txt

PointsInDataset: 2048
DatasetsInFile: 1
SamplingInterval: 2.500000E-01
ZeroOrderPhase: 0.000000E+00
BeginTime: 0.000000E+00
TransmitterFrequency: 1.232618E+08
MagneticField: 2.895033E+00
TypeOfNucleus: 0.000000E+00
NameOfPatient: GSH
DateOfExperiment: 20260523
Spectrometer: Unknown
AdditionalInfo: Converted by basis_set_converter


Signal and FFT
sig(real)	sig(imag)	fft(real)	fft(imag)
Signal 1 out of 1 in file
9.20623203E+01	-9.73295839E+00	2.38375489E-02	-5.30440012E-04
8.45537785E+01	-2.53577485E+01	2.38336282E-02	-5.68293707E-04
6.34731992E+01	-3.88945341E+01	2.38297083E-02	-6.06138514E-04
3.35763936E+01	-4.99511714E+01	2.38257892E-02	-6.43974633E-04
1.63023540E+00	-5.75426634E+01	2.38218708E-02	-6.81802267E-04
-2.55557880E+01	-6.01474715E+01	2.38179532E-02	-7.19621617E-04
-4.30093354E+01	-5.63013504E+01	2.38140363E-02	-7.57432883E-04
-4.87725207E+01	-4.54690595E+01	2.38101202E-02	-7.95236268E-04
-4.40467542E+01	-2.87651332E+01	2.38062047E-02	-8.33031972E-04
-3.23646183E+01	-9.12280341E+00	2.38022899E-02	-8.70820195E-04
-1.81865722E+01	9.27167544E+00	2.37983758E-02	-9.08601139E-04
-5.47865272E+00	2.21464902E+01	2.37944623E-02	-9.46375004E-04
3.24258109E+00	2.65058338E+01	2.37905494E-02	-9.84141990E-04
7.16164685E+00	2.16661012E+01	2.37866371E-02	-1.02190230E-03
6.78701161E+00	9.55121795E+00	2.37827254E-02	-1.05965613E-03
3.25628858E+00	-5.88909767E+00	2.37788142E-02	-1.09740368E-03
-2.29605306E+00	-1.99356932E+01	2.37749035E-02	-1.13514515E-03
-9.03824320E+00	-2.85715912E+01	2.37709934E-02	-1.17288075E-03
-1.63578621E+01	-2.96394248E+01	2.37670838E-02	-1.21061067E-03
-2.35614425E+01	-2.32966852E+01	2.37631746E-02	-1.24833511E-03
-2.96303054E+01	-1.16686630E+01	2.37592659E-02	-1.28605427E-03
-3.32578904E+01	2.09107975E+00	2.37553576E-02	-1.32376835E-03
-3.32210774E+01	1.49195559E+01	2.37514497E-02	-1.36147755E-03
-2.89319608E+01	2.47100110E+01	2.37475422E-02	-1.39918207E-03
-2.08844023E+01	3.06510130E+01	2.37436350E-02	-1.43688210E-03
-1.07224673E+01	3.30208769E+01	2.37397283E-02	-1.47457786E-03
-8.15867157E-01	3.26514638E+01	2.37358218E-02	-1.51226953E-03
6.54056652E+00	3.03830230E+01	2.37319157E-02	-1.54995732E-03
9.99069744E+00	2.67764735E+01	2.37280098E-02	-1.58764143E-03
9.66926871E+00	2.21707655E+01	2.37241042E-02	-1.62532205E-03
7.17642469E+00	1.69666180E+01	2.37201989E-02	-1.66299938E-03
4.94725338E+00	1.18893438E+01	2.37162938E-02	-1.70067362E-03
5.25405483E+00	7.99684350E+00	2.37123889E-02	-1.73834498E-03
9.25069860E+00	6.34673676E+00	2.37084842E-02	-1.77601364E-03
1.64654429E+01	7.44361295E+00	2.37045796E-02	-1.81367981E-03
2.49662561E+01	1.07463659E+01	2.37006753E-02	-1.85134369E-03
3.21370131E+01	1.45394320E+01	2.36967710E-02	-1.88900548E-03
3.57381934E+01	1.63366381E+01	2.36928668E-02	-1.92666537E-03
3.47995099E+01	1.37458310E+01	2.36889628E-02	-1.96432357E-03
2.99623762E+01	5.48523501E+00	2.36850588E-02	-2.00198027E-03
2.31288937E+01	-7.87660395E+00	2.36811548E-02	-2.03963567E-03
1.65775991E+01	-2.38192410E+01	2.36772509E-02	-2.07728997E-03
1.19410079E+01	-3.85320010E+01	2.36733470E-02	-2.11494337E-03
9.50152470E+00	-4.81493480E+01	2.36694431E-02	-2.15259607E-03
8.12185219E+00	-5.01127685E+01	2.36655391E-02	-2.19024827E-03
5.84419634E+00	-4.41274261E+01	2.36616351E-02	-2.22790016E-03
8.93101712E-01	-3.23164083E+01	2.36577310E-02	-2.26555194E-03
-7.36775148E+00	-1.84818198E+01	2.36538268E-02	-2.30320382E-03
-1.79612452E+01	-6.73734663E+00	2.36499225E-02	-2.34085600E-03
-2.85345997E+01	-3.36972228E-02	2.36460181E-02	-2.37850866E-03
-3.62278652E+01	8.52624504E-01	2.36421135E-02	-2.41616202E-03
-3.88127884E+01	-2.52116122E+00	2.36382088E-02	-2.45381626E-03
-3.56174456E+01	-7.00484116E+00	2.36343038E-02	-2.49147159E-03
-2.78378417E+01	-9.18683148E+00	2.36303987E-02	-2.52912822E-03
-1.80970743E+01	-6.77840387E+00	2.36264933E-02	-2.56678632E-03
-9.43320754E+00	4.95400605E-01	2.36225877E-02	-2.60444612E-03
-4.13958987E+00	1.08312602E+01	2.36186817E-02	-2.64210780E-03
-2.94110072E+00	2.11017230E+01	2.36147755E-02	-2.67977157E-03
-4.84181333E+00	2.80949549E+01	2.36108690E-02	-2.71743763E-03
-7.68930868E+00	2.97301681E+01	2.36069621E-02	-2.75510617E-03
-9.19510295E+00	2.57770235E+01	2.36030549E-02	-2.79277739E-03
-7.96155055E+00	1.78346541E+01	2.35991473E-02	-2.83045150E-03
-4.07313591E+00	8.63824726E+00	2.35952393E-02	-2.86812869E-03
9.92181561E-01	1.02330785E+00	2.35913309E-02	-2.90580917E-03
5.07683517E+00	-3.01692223E+00	2.35874221E-02	-2.94349313E-03
6.35889678E+00	-2.83049010E+00	2.35835128E-02	-2.98118078E-03
4.22144164E+00	9.63419453E-01	2.35796030E-02	-3.01887232E-03
-3.99039196E-01	6.98369631E+00	2.35756928E-02	-3.05656794E-03
-5.32870658E+00	1.37345238E+01	2.35717820E-02	-3.09426785E-03
-7.99416018E+00	2.00739662E+01	2.35678707E-02	-3.13197225E-03
-6.42358446E+00	2.53224533E+01	2.35639588E-02	-3.16968133E-03
1.37916557E-03	2.90410527E+01	2.35600463E-02	-3.20739531E-03
1.03316620E+01	3.06896516E+01	2.35561333E-02	-3.24511438E-03
2.24229830E+01	2.94355314E+01	2.35522196E-02	-3.28283874E-03
3.36966084E+01	2.42948981E+01	2.35483053E-02	-3.32056859E-03
4.19479953E+01	1.45984921E+01	2.35443903E-02	-3.35830414E-03
4.58800240E+01	5.73667927E-01	2.35404746E-02	-3.39604559E-03
4.51974811E+01	-1.62689609E+01	2.35365583E-02	-3.43379314E-03
4.03194901E+01	-3.32077530E+01	2.35326412E-02	-3.47154699E-03
3.19396259E+01	-4.69172969E+01	2.35287234E-02	-3.50930734E-03
2.07084944E+01	-5.44422998E+01	2.35248048E-02	-3.54707441E-03
7.21347749E+00	-5.41806091E+01	2.35208854E-02	-3.58484838E-03
-7.76077967E+00	-4.64762234E+01	2.35169653E-02	-3.62262946E-03
-2.28906770E+01	-3.35568506E+01	2.35130443E-02	-3.66041787E-03
-3.61691444E+01	-1.88084310E+01	2.35091224E-02	-3.69821379E-03
-4.51645843E+01	-5.65175521E+00	2.35051997E-02	-3.73601743E-03
-4.76935012E+01	3.54564941E+00	2.35012761E-02	-3.77382900E-03
-4.26872139E+01	8.10196369E+00	2.34973516E-02	-3.81164871E-03
-3.08820456E+01	8.96879389E+00	2.34934262E-02	-3.84947674E-03
-1.49726012E+01	8.05388775E+00	2.34894998E-02	-3.88731332E-03
9.49236220E-01	7.23972329E+00	2.34855725E-02	-3.92515864E-03
1.25595457E+01	7.53830656E+00	2.34816442E-02	-3.96301292E-03
1.66911866E+01	8.74802445E+00	2.34777148E-02	-4.00087634E-03
1.24333193E+01	9.74320418E+00	2.34737845E-02	-4.03874913E-03
1.50232516E+00	9.23576973E+00	2.34698530E-02	-4.07663148E-03
-1.22949056E+01	6.63106136E+00	2.34659205E-02	-4.11452361E-03
-2.43379260E+01	2.55421249E+00	2.34619869E-02	-4.15242571E-03
-3.07510028E+01	-1.22882751E+00	2.34580522E-02	-4.19033800E-03
-2.96689689E+01	-2.49498884E+00	2.34541164E-02	-4.22826068E-03
-2.17489535E+01	4.30831622E-01	2.34501794E-02	-4.26619395E-03
-9.76123383E+00	7.79459174E+00	2.34462412E-02	-4.30413804E-03
2.54985328E+00	1.80676389E+01	2.34423018E-02	-4.34209313E-03
1.18694081E+01	2.83306996E+01	2.34383612E-02	-4.38005945E-03
1.64328672E+01	3.52709061E+01	2.34344194E-02	-4.41803720E-03
1.64571783E+01	3.64071822E+01	2.34304763E-02	-4.45602658E-03
1.37720806E+01	3.10500114E+01	2.34265319E-02	-4.49402781E-03
1.08674796E+01	2.06002432E+01	2.34225862E-02	-4.53204110E-03
9.79230047E+00	8.05757989E+00	2.34186392E-02	-4.57006665E-03
1.13666730E+01	-3.06972766E+00	2.34146909E-02	-4.60810468E-03
1.50016484E+01	-1.00221791E+01	2.34107411E-02	-4.64615539E-03
1.91403167E+01	-1.17219026E+01	2.34067900E-02	-4.68421900E-03
2.20673005E+01	-9.03267622E+00	2.34028375E-02	-4.72229572E-03
2.26946664E+01	-4.27986098E+00	2.33988835E-02	-4.76038575E-03
2.09747599E+01	-2.61007952E-01	2.33949281E-02	-4.79848931E-03
1.77855697E+01	8.32387018E-01	2.33909712E-02	-4.83660661E-03
1.43867558E+01	-1.84512429E+00	2.33870128E-02	-4.87473787E-03
1.17376397E+01	-7.64803342E+00	2.33830529E-02	-4.91288329E-03
1.00169382E+01	-1.48814841E+01	2.33790915E-02	-4.95104309E-03
8.57150285E+00	-2.15793758E+01	2.33751285E-02	-4.98921748E-03
6.30583837E+00	-2.62542088E+01	2.33711639E-02	-5.02740668E-03
2.30954631E+00	-2.83077482E+01	2.33671977E-02	-5.06561090E-03
-3.59300594E+00	-2.79787199E+01	2.33632298E-02	-5.10383035E-03
-1.06461581E+01	-2.59307157E+01	2.33592604E-02	-5.14206525E-03
-1.74225291E+01	-2.27432024E+01	2.33552892E-02	-5.18031582E-03
-2.24201167E+01	-1.85897919E+01	2.33513164E-02	-5.21858226E-03
-2.47132952E+01	-1.32672260E+01	2.33473418E-02	-5.25686480E-03
-2.43442979E+01	-6.53991720E+00	2.33433655E-02	-5.29516365E-03
-2.22623679E+01	1.41153147E+00	2.33393875E-02	-5.33347904E-03
-1.98329239E+01	9.71540668E+00	2.33354076E-02	-5.37181117E-03
-1.81477021E+01	1.69064726E+01	2.33314260E-02	-5.41016026E-03
-1.74694715E+01	2.14078411E+01	2.33274426E-02	-5.44852654E-03
-1.70903220E+01	2.22034052E+01	2.33234573E-02	-5.48691021E-03
-1.56923855E+01	1.93849419E+01	2.33194701E-02	-5.52531151E-03
-1.20600186E+01	1.42840761E+01	2.33154810E-02	-5.56373065E-03
-5.81436281E+00	9.06983702E+00	2.33114900E-02	-5.60216785E-03
2.18931525E+00	5.93454932E+00	2.33074971E-02	-5.64062333E-03
1.00240060E+01	6.19399201E+00	2.33035022E-02	-5.67909732E-03
1.53876181E+01	9.69465246E+00	2.32995054E-02	-5.71759002E-03
1.65592546E+01	1.48125303E+01	2.32955065E-02	-5.75610168E-03
1.32037484E+01	1.90839792E+01	2.32915056E-02	-5.79463250E-03
6.65544128E+00	2.02326710E+01	2.32875027E-02	-5.83318271E-03
-4.78543337E-01	1.71701020E+01	2.32834977E-02	-5.87175253E-03
-5.26632100E+00	1.05370014E+01	2.32794906E-02	-5.91034220E-03
-5.57786875E+00	2.53119431E+00	2.32754814E-02	-5.94895193E-03
-9.27814361E-01	-3.93707702E+00	2.32714700E-02	-5.98758194E-03
7.32098225E+00	-6.43309907E+00	2.32674565E-02	-6.02623247E-03
1.64868295E+01	-4.04309354E+00	2.32634408E-02	-6.06490374E-03
2.36195496E+01	2.16321964E+00	2.32594229E-02	-6.10359598E-03
2.66406780E+01	9.46111221E+00	2.32554027E-02	-6.14230941E-03
2.51048106E+01	1.44755219E+01	2.32513803E-02	-6.18104426E-03
2.02741404E+01	1.44683461E+01	2.32473556E-02	-6.21980076E-03
1.44888564E+01	8.39768723E+00	2.32433286E-02	-6.25857914E-03
1.01121805E+01	-2.66828768E+00	2.32392993E-02	-6.29737963E-03
8.50401195E+00	-1.59366842E+01	2.32352677E-02	-6.33620246E-03
9.45766950E+00	-2.79061353E+01	2.32312336E-02	-6.37504786E-03
1.13304917E+01	-3.55997665E+01	2.32271972E-02	-6.41391606E-03
1.18004934E+01	-3.75310598E+01	2.32231584E-02	-6.45280729E-03
8.91679903E+00	-3.40490715E+01	2.32191171E-02	-6.49172178E-03
1.99346550E+00	-2.69781683E+01	2.32150733E-02	-6.53065978E-03
-8.02804421E+00	-1.87566107E+01	2.32110271E-02	-6.56962150E-03
-1.88898883E+01	-1.14655547E+01	2.32069783E-02	-6.60860719E-03
-2.78584201E+01	-6.15138892E+00	2.32029270E-02	-6.64761709E-03
-3.27344739E+01	-2.68455418E+00	2.31988732E-02	-6.68665142E-03
-3.26177724E+01	-1.45684492E-01	2.31948167E-02	-6.72571042E-03
-2.81321156E+01	2.49956790E+00	2.31907577E-02	-6.76479433E-03
-2.10584273E+01	5.78242751E+00	2.31866960E-02	-6.80390339E-03
-1.35723339E+01	9.45832609E+00	2.31826316E-02	-6.84303783E-03
-7.43309083E+00	1.26827351E+01	2.31785646E-02	-6.88219790E-03
-3.46100567E+00	1.45155119E+01	2.31744949E-02	-6.92138384E-03
-1.48411437E+00	1.44785419E+01	2.31704224E-02	-6.96059588E-03
-7.09837948E-01	1.28744474E+01	2.31663472E-02	-6.99983426E-03
-2.89353179E-01	1.06993847E+01	2.31622692E-02	-7.03909923E-03
2.24178829E-01	9.18769471E+00	2.31581884E-02	-7.07839103E-03
7.42524867E-01	9.21113741E+00	2.31541048E-02	-7.11770991E-03
8.71363889E-01	1.08317111E+01	2.31500183E-02	-7.15705610E-03
3.45349359E-01	1.32376669E+01	2.31459290E-02	-7.19642985E-03
-5.95755637E-01	1.51095200E+01	2.31418367E-02	-7.23583141E-03
-1.12661999E+00	1.52530620E+01	2.31377415E-02	-7.27526102E-03
-1.36044927E-01	1.31998853E+01	2.31336434E-02	-7.31471893E-03
3.21121928E+00	9.47984422E+00	2.31295422E-02	-7.35420539E-03
8.92173130E+00	5.41615350E+00	2.31254381E-02	-7.39372065E-03
1.59262999E+01	2.51723159E+00	2.31213310E-02	-7.43326495E-03
2.23136592E+01	1.73669230E+00	2.31172208E-02	-7.47283854E-03
2.60020464E+01	2.95015486E+00	2.31131075E-02	-7.51244168E-03
2.55904887E+01	4.91402761E+00	2.31089911E-02	-7.55207461E-03
2.10210643E+01	5.75978630E+00	2.31048716E-02	-7.59173760E-03
1.37358919E+01	3.83047655E+00	2.31007489E-02	-7.63143089E-03
6.21366062E+00	-1.50353806E+00	2.30966230E-02	-7.67115473E-03
1.03692647E+00	-9.42442084E+00	2.30924939E-02	-7.71090939E-03
-1.43370146E-01	-1.78594648E+01	2.30883616E-02	-7.75069511E-03
2.68594178E+00	-2.42409752E+01	2.30842261E-02	-7.79051216E-03
7.83616048E+00	-2.65341023E+01	2.30800872E-02	-7.83036079E-03
1.25480842E+01	-2.41014752E+01	2.30759451E-02	-7.87024125E-03
1.40810359E+01	-1.80259028E+01	2.30717996E-02	-7.91015382E-03
1.08232616E+01	-1.07315221E+01	2.30676507E-02	-7.95009874E-03
2.96903856E+00	-5.03841491E+00	2.30634984E-02	-7.99007628E-03
-7.51940688E+00	-3.02987049E+00	2.30593427E-02	-8.03008671E-03
-1.76540959E+01	-5.19891574E+00	2.30551836E-02	-8.07013028E-03
-2.45664924E+01	-1.02315727E+01	2.30510210E-02	-8.11020725E-03
-2.65900080E+01	-1.55229906E+01	2.30468549E-02	-8.15031790E-03
-2.38442554E+01	-1.82192131E+01	2.30426853E-02	-8.19046248E-03
-1.80964848E+01	-1.63603212E+01	2.30385122E-02	-8.23064127E-03
-1.19768827E+01	-9.66149085E+00	2.30343354E-02	-8.27085453E-03
-7.88787660E+00	3.77578689E-01	2.30301551E-02	-8.31110253E-03
-7.06306398E+00	1.10643486E+01	2.30259711E-02	-8.35138553E-03
-9.15353038E+00	1.95491979E+01	2.30217834E-02	-8.39170382E-03
-1.24860024E+01	2.38756756E+01	2.30175921E-02	-8.43205766E-03
-1.48517672E+01	2.36266366E+01	2.30133970E-02	-8.47244731E-03
-1.44703788E+01	1.99319050E+01	2.30091982E-02	-8.51287307E-03
-1.07167968E+01	1.48769130E+01	2.30049957E-02	-8.55333519E-03
-4.32227210E+00	1.05957330E+01	2.30007893E-02	-8.59383396E-03
3.00147201E+00	8.44367969E+00	2.29965791E-02	-8.63436966E-03
9.31668800E+00	8.58259196E+00	2.29923650E-02	-8.67494255E-03
1.32450053E+01	1.01113953E+01	2.29881471E-02	-8.71555292E-03
1.44460753E+01	1.16298069E+01	2.29839253E-02	-8.75620104E-03
1.36091990E+01	1.19436668E+01	2.29796995E-02	-8.79688721E-03
1.20055659E+01	1.05822309E+01	2.29754697E-02	-8.83761169E-03
1.08416666E+01	7.91037540E+00	2.29712359E-02	-8.87837478E-03
1.07268921E+01	4.82325976E+00	2.29669982E-02	-8.91917675E-03
1.14927567E+01	2.20925711E+00	2.29627563E-02	-8.96001789E-03
1.24188169E+01	4.67094339E-01	2.29585104E-02	-9.00089849E-03
1.27205169E+01	-6.78212012E-01	2.29542604E-02	-9.04181884E-03
1.20318927E+01	-1.97489334E+00	2.29500062E-02	-9.08277921E-03
1.06277896E+01	-4.17118671E+00	2.29457478E-02	-9.12377991E-03
9.26809498E+00	-7.52109082E+00	2.29414853E-02	-9.16482122E-03
8.74253107E+00	-1.15355473E+01	2.29372185E-02	-9.20590344E-03
9.35309300E+00	-1.51268859E+01	2.29329474E-02	-9.24702685E-03
1.06140564E+01	-1.70986083E+01	2.29286721E-02	-9.28819176E-03
1.13530416E+01	-1.67535451E+01	2.29243924E-02	-9.32939845E-03
1.02038328E+01	-1.43188419E+01	2.29201084E-02	-9.37064723E-03
6.28274574E+00	-1.09561010E+01	2.29158200E-02	-9.41193839E-03
-2.68738978E-01	-8.31167371E+00	2.29115272E-02	-9.45327223E-03
-8.15495177E+00	-7.78161121E+00	2.29072300E-02	-9.49464906E-03
-1.53169305E+01	-9.81562456E+00	2.29029283E-02	-9.53606916E-03
-1.97143456E+01	-1.35907450E+01	2.28986221E-02	-9.57753286E-03
-2.01789775E+01	-1.72381259E+01	2.28943113E-02	-9.61904044E-03
-1.69643696E+01	-1.85659665E+01	2.28899960E-02	-9.66059222E-03
-1.17271901E+01	-1.59932931E+01	2.28856761E-02	-9.70218850E-03
-6.91127288E+00	-9.29722371E+00	2.28813516E-02	-9.74382959E-03
-4.76531754E+00	1.64262302E-01	2.28770224E-02	-9.78551581E-03
-6.39544268E+00	9.88066113E+00	2.28726885E-02	-9.82724745E-03
-1.12559681E+01	1.71194047E+01	2.28683499E-02	-9.86902484E-03
-1.73095992E+01	1.99883541E+01	2.28640065E-02	-9.91084828E-03
-2.18114819E+01	1.81915093E+01	2.28596584E-02	-9.95271810E-03
-2.24074038E+01	1.31563548E+01	2.28553054E-02	-9.99463460E-03
-1.80984608E+01	7.46785556E+00	2.28509476E-02	-1.00365981E-02
-9.67368965E+00	3.83246990E+00	2.28465849E-02	-1.00786090E-02
5.70472785E-01	3.99303729E+00	2.28422173E-02	-1.01206674E-02
9.71070858E+00	8.03743357E+00	2.28378448E-02	-1.01627739E-02
1.53171994E+01	1.43805698E+01	2.28334672E-02	-1.02049286E-02
1.63583499E+01	2.04198895E+01	2.28290847E-02	-1.02471320E-02
1.35295348E+01	2.35874810E+01	2.28246971E-02	-1.02893843E-02
8.88904894E+00	2.23638981E+01	2.28203045E-02	-1.03316858E-02
4.97142434E+00	1.68445620E+01	2.28159067E-02	-1.03740370E-02
3.75709588E+00	8.64490734E+00	2.28115038E-02	-1.04164381E-02
5.92205180E+00	2.09193228E-01	2.28070957E-02	-1.04588895E-02
1.06574511E+01	-6.16958841E+00	2.28026824E-02	-1.05013914E-02
1.60995503E+01	-9.20621503E+00	2.27982638E-02	-1.05439443E-02
2.01547411E+01	-9.01572082E+00	2.27938400E-02	-1.05865485E-02
2.13521190E+01	-6.91319447E+00	2.27894108E-02	-1.06292043E-02
1.93675956E+01	-4.74750721E+00	2.27849763E-02	-1.06719120E-02
1.50267078E+01	-4.08305670E+00	2.27805365E-02	-1.07146720E-02
9.83007186E+00	-5.58567499E+00	2.27760912E-02	-1.07574846E-02
5.24885951E+00	-8.85454587E+00	2.27716404E-02	-1.08003503E-02
2.11981203E+00	-1.27294743E+01	2.27671842E-02	-1.08432692E-02
3.99726443E-01	-1.58912546E+01	2.27627224E-02	-1.08862419E-02
-6.43237012E-01	-1.74566378E+01	2.27582551E-02	-1.09292685E-02
-1.93142045E+00	-1.72960560E+01	2.27537822E-02	-1.09723496E-02
-4.03854467E+00	-1.59525640E+01	2.27493036E-02	-1.10154853E-02
-6.87960370E+00	-1.42391487E+01	2.27448194E-02	-1.10586762E-02
-9.77490013E+00	-1.27435312E+01	2.27403295E-02	-1.11019225E-02
-1.18422231E+01	-1.15042945E+01	2.27358339E-02	-1.11452246E-02
-1.25065663E+01	-1.00260008E+01	2.27313325E-02	-1.11885828E-02
-1.18576490E+01	-7.62271830E+00	2.27268252E-02	-1.12319976E-02
-1.06600702E+01	-3.90670324E+00	2.27223121E-02	-1.12754693E-02
-9.99358075E+00	8.43221285E-01	2.27177932E-02	-1.13189983E-02
-1.06889260E+01	5.64892112E+00	2.27132683E-02	-1.13625848E-02
-1.28368540E+01	9.19007737E+00	2.27087374E-02	-1.14062294E-02
-1.56276472E+01	1.04086965E+01	2.27042006E-02	-1.14499324E-02
-1.76312083E+01	9.08073971E+00	2.26996577E-02	-1.14936940E-02
-1.74191868E+01	6.06530693E+00	2.26951088E-02	-1.15375148E-02
-1.42578268E+01	3.07204579E+00	2.26905537E-02	-1.15813951E-02
-8.54663833E+00	2.00285776E+00	2.26859925E-02	-1.16253353E-02
-1.77440976E+00	4.12801395E+00	2.26814251E-02	-1.16693357E-02
4.02729361E+00	9.45407137E+00	2.26768515E-02	-1.17133968E-02
7.12321302E+00	1.65811906E+01	2.26722716E-02	-1.17575189E-02
6.84942888E+00	2.31498881E+01	2.26676854E-02	-1.18017024E-02
3.97446492E+00	2.67243273E+01	2.26630929E-02	-1.18459477E-02
4.60387169E-01	2.57613153E+01	2.26584940E-02	-1.18902552E-02
-1.30809172E+00	2.02608728E+01	2.26538886E-02	-1.19346253E-02
4.76702794E-01	1.18140314E+01	2.26492768E-02	-1.19790583E-02
6.23234877E+00	3.00949908E+00	2.26446585E-02	-1.20235548E-02
1.47117315E+01	-3.57019051E+00	2.26400337E-02	-1.20681150E-02
2.34022083E+01	-6.35580554E+00	2.26354023E-02	-1.21127395E-02
2.94541973E+01	-5.38760641E+00	2.26307642E-02	-1.21574285E-02
3.07708173E+01	-2.25418092E+00	2.26261195E-02	-1.22021825E-02
2.68180938E+01	5.99898281E-01	2.26214681E-02	-1.22470019E-02
1.88270578E+01	9.09313781E-01	2.26168099E-02	-1.22918871E-02
9.30830925E+00	-2.46272295E+00	2.26121449E-02	-1.23368386E-02
1.08113287E+00	-9.05014059E+00	2.26074731E-02	-1.23818567E-02
-3.78556155E+00	-1.69715374E+01	2.26027945E-02	-1.24269419E-02
-4.69542971E+00	-2.36894674E+01	2.25981089E-02	-1.24720946E-02
-2.63375510E+00	-2.70174284E+01	2.25934164E-02	-1.25173151E-02
3.53447796E-01	-2.59574347E+01	2.25887168E-02	-1.25626040E-02
2.06868200E+00	-2.10348028E+01	2.25840102E-02	-1.26079617E-02
1.07021095E+00	-1.40170523E+01	2.25792966E-02	-1.26533885E-02
-2.79294794E+00	-7.16308604E+00	2.25745758E-02	-1.26988850E-02
-8.41415974E+00	-2.33566088E+00	2.25698478E-02	-1.27444516E-02
-1.39778779E+01	-3.47842816E-01	2.25651126E-02	-1.27900886E-02
-1.77580273E+01	-7.92846863E-01	2.25603701E-02	-1.28357965E-02
-1.88118909E+01	-2.38576277E+00	2.25556204E-02	-1.28815759E-02
-1.72842261E+01	-3.62558209E+00	2.25508633E-02	-1.29274270E-02
-1.42246184E+01	-3.46268159E+00	2.25460987E-02	-1.29733505E-02
-1.10400960E+01	-1.67983971E+00	2.25413268E-02	-1.30193466E-02
-8.85632787E+00	1.15367855E+00	2.25365473E-02	-1.30654159E-02
-8.08025940E+00	4.08996752E+00	2.25317604E-02	-1.31115589E-02
-8.34273542E+00	6.34381502E+00	2.25269658E-02	-1.31577759E-02
-8.81027352E+00	7.69101262E+00	2.25221636E-02	-1.32040675E-02
-8.68163477E+00	8.53225556E+00	2.25173538E-02	-1.32504341E-02
-7.60769465E+00	9.60505047E+00	2.25125362E-02	-1.32968761E-02
-5.82546304E+00	1.15035844E+01	2.25077109E-02	-1.33433941E-02
-3.95024982E+00	1.42625790E+01	2.25028777E-02	-1.33899885E-02
-2.54784111E+00	1.72301490E+01	2.24980367E-02	-1.34366598E-02
-1.72400186E+00	1.93116953E+01	2.24931878E-02	-1.34834085E-02
-9.64726750E-01	1.94804653E+01	2.24883309E-02	-1.35302350E-02
6.62219182E-01	1.73104740E+01	2.24834660E-02	-1.35771399E-02
4.01789461E+00	1.32629391E+01	2.24785930E-02	-1.36241236E-02
9.34470981E+00	8.56346745E+00	2.24737120E-02	-1.36711865E-02
1.59415835E+01	4.69740046E+00	2.24688228E-02	-1.37183293E-02
2.22579159E+01	2.73731886E+00	2.24639254E-02	-1.37655524E-02
2.64161650E+01	2.81102066E+00	2.24590197E-02	-1.38128562E-02
2.69677029E+01	3.97196116E+00	2.24541057E-02	-1.38602414E-02
2.35584626E+01	4.56268598E+00	2.24491834E-02	-1.39077084E-02
1.71938529E+01	2.93923354E+00	2.24442527E-02	-1.39552576E-02
9.94850524E+00	-1.74895887E+00	2.24393135E-02	-1.40028897E-02
4.20230846E+00	-9.07213725E+00	2.24343658E-02	-1.40506051E-02
1.69774180E+00	-1.73625447E+01	2.24294096E-02	-1.40984043E-02
2.80851964E+00	-2.42991281E+01	2.24244447E-02	-1.41462879E-02
6.33904178E+00	-2.78094935E+01	2.24194712E-02	-1.41942564E-02
9.96264265E+00	-2.69157130E+01	2.24144889E-02	-1.42423104E-02
1.11412686E+01	-2.21606186E+01	2.24094979E-02	-1.42904502E-02
8.16280372E+00	-1.54196363E+01	2.24044981E-02	-1.43386766E-02
8.74525781E-01	-9.16052471E+00	2.23994893E-02	-1.43869899E-02
-9.19070076E+00	-5.44985689E+00	2.23944717E-02	-1.44353909E-02
-1.93527690E+01	-5.11813815E+00	2.23894451E-02	-1.44838799E-02
-2.67733252E+01	-7.43458682E+00	2.23844094E-02	-1.45324576E-02
-2.94992826E+01	-1.04318604E+01	2.23793646E-02	-1.45811245E-02
-2.71474544E+01	-1.17491624E+01	2.23743107E-02	-1.46298811E-02
-2.09702802E+01	-9.64464186E+00	2.23692475E-02	-1.46787280E-02
-1.32999298E+01	-3.75714705E+00	2.23641751E-02	-1.47276659E-02
-6.61950589E+00	4.69719457E+00	2.23590934E-02	-1.47766951E-02
-2.65037055E+00	1.33720865E+01	2.23540023E-02	-1.48258164E-02
-1.81806711E+00	1.96944757E+01	2.23489017E-02	-1.48750303E-02
-3.28271965E+00	2.18531932E+01	2.23437917E-02	-1.49243373E-02
-5.47363926E+00	1.94756135E+01	2.23386721E-02	-1.49737381E-02
-6.85996576E+00	1.37335647E+01	2.23335429E-02	-1.50232332E-02
-6.60723700E+00	6.85987844E+00	2.23284041E-02	-1.50728232E-02
-4.84380253E+00	1.29474864E+00	2.23232555E-02	-1.51225087E-02
-2.45182715E+00	-1.18303944E+00	2.23180971E-02	-1.51722903E-02
-5.16185572E-01	-3.20576355E-03	2.23129288E-02	-1.52221686E-02
2.87367274E-01	4.15088108E+00	2.23077507E-02	-1.52721443E-02
6.92459139E-02	9.75911507E+00	2.23025626E-02	-1.53222178E-02
-3.05904709E-01	1.51183190E+01	2.22973644E-02	-1.53723899E-02
3.62805385E-01	1.89347708E+01	2.22921562E-02	-1.54226612E-02
3.01222823E+00	2.06218420E+01	2.22869378E-02	-1.54730322E-02
7.81842090E+00	2.02313451E+01	2.22817092E-02	-1.55235036E-02
1.40371829E+01	1.81267018E+01	2.22764703E-02	-1.55740760E-02
2.02562402E+01	1.46178703E+01	2.22712211E-02	-1.56247501E-02
2.49422386E+01	9.77269736E+00	2.22659614E-02	-1.56755265E-02
2.70317162E+01	3.50501910E+00	2.22606913E-02	-1.57264059E-02
2.62997064E+01	-4.12326223E+00	2.22554107E-02	-1.57773888E-02
2.33481962E+01	-1.25776690E+01	2.22501194E-02	-1.58284760E-02
1.92372427E+01	-2.07242687E+01	2.22448175E-02	-1.58796681E-02
1.49488199E+01	-2.70317203E+01	2.22395048E-02	-1.59309657E-02
1.09487349E+01	-3.00680036E+01	2.22341813E-02	-1.59823696E-02
7.05974711E+00	-2.90948605E+01	2.22288470E-02	-1.60338804E-02
2.70384952E+00	-2.44844089E+01	2.22235017E-02	-1.60854987E-02
-2.61317793E+00	-1.77323069E+01	2.22181455E-02	-1.61372253E-02
-8.82806998E+00	-1.10051847E+01	2.22127781E-02	-1.61890609E-02
-1.51159110E+01	-6.36726349E+00	2.22073996E-02	-1.62410061E-02
-2.00927307E+01	-4.98846486E+00	2.22020100E-02	-1.62930616E-02
-2.23671882E+01	-6.66850856E+00	2.21966090E-02	-1.63452281E-02
-2.12052290E+01	-9.89677619E+00	2.21911967E-02	-1.63975064E-02
-1.69950126E+01	-1.24498520E+01	2.21857729E-02	-1.64498972E-02
-1.12658903E+01	-1.22994385E+01	2.21803377E-02	-1.65024011E-02
-6.20136655E+00	-8.46298523E+00	2.21748909E-02	-1.65550189E-02
-3.81245495E+00	-1.44209201E+00	2.21694324E-02	-1.66077513E-02
-5.10360167E+00	6.94156546E+00	2.21639623E-02	-1.66605990E-02
-9.59071174E+00	1.42538116E+01	2.21584803E-02	-1.67135629E-02
-1.54010741E+01	1.84117728E+01	2.21529865E-02	-1.67666435E-02
-1.99485370E+01	1.85072626E+01	2.21474808E-02	-1.68198418E-02
-2.09332104E+01	1.51505097E+01	2.21419630E-02	-1.68731584E-02
-1.72686038E+01	1.01955597E+01	2.21364332E-02	-1.69265940E-02
-9.55604784E+00	5.96723726E+00	2.21308912E-02	-1.69801495E-02
9.68826289E-02	4.31597469E+00	2.21253370E-02	-1.70338257E-02
8.85244674E+00	5.89363547E+00	2.21197704E-02	-1.70876233E-02
1.42094203E+01	9.94359666E+00	2.21141915E-02	-1.71415430E-02
1.49380720E+01	1.46764048E+01	2.21086001E-02	-1.71955857E-02
1.15160609E+01	1.80547729E+01	2.21029961E-02	-1.72497523E-02
5.90237595E+00	1.86446543E+01	2.20973796E-02	-1.73040433E-02
7.54025611E-01	1.61723755E+01	2.20917502E-02	-1.73584598E-02
-1.59088750E+00	1.15650570E+01	2.20861082E-02	-1.74130025E-02
4.09091116E-02	6.47999024E+00	2.20804532E-02	-1.74676722E-02
5.30126703E+00	2.54737577E+00	2.20747853E-02	-1.75224697E-02
1.25598570E+01	6.65566972E-01	2.20691043E-02	-1.75773960E-02
1.96014720E+01	6.51980890E-01	2.20634102E-02	-1.76324517E-02
2.44701707E+01	1.38635290E+00	2.20577029E-02	-1.76876378E-02
2.61152363E+01	1.36281002E+00	2.20519823E-02	-1.77429552E-02
2.46059018E+01	-6.08443948E-01	2.20462483E-02	-1.77984046E-02
2.08828176E+01	-4.86433325E+00	2.20405009E-02	-1.78539870E-02
1.62120432E+01	-1.07459321E+01	2.20347399E-02	-1.79097032E-02
1.16161113E+01	-1.68944052E+01	2.20289653E-02	-1.79655541E-02
7.53470574E+00	-2.18340634E+01	2.20231769E-02	-1.80215406E-02
3.83374443E+00	-2.45693605E+01	2.20173747E-02	-1.80776636E-02
1.04754750E-01	-2.49290072E+01	2.20115587E-02	-1.81339240E-02
-3.93867647E+00	-2.35175533E+01	2.20057286E-02	-1.81903227E-02
-8.19230617E+00	-2.13212112E+01	2.19998844E-02	-1.82468606E-02
-1.21633194E+01	-1.91732297E+01	2.19940261E-02	-1.83035387E-02
-1.52343190E+01	-1.73423093E+01	2.19881534E-02	-1.83603578E-02
-1.70362850E+01	-1.54405533E+01	2.19822665E-02	-1.84173189E-02
-1.77133280E+01	-1.26888191E+01	2.19763650E-02	-1.84744231E-02
-1.79110253E+01	-8.40281564E+00	2.19704490E-02	-1.85316711E-02
-1.84601617E+01	-2.45541161E+00	2.19645184E-02	-1.85890640E-02
-1.98913096E+01	4.51974822E+00	2.19585729E-02	-1.86466028E-02
-2.20215876E+01	1.12954140E+01	2.19526127E-02	-1.87042884E-02
-2.38468259E+01	1.65224411E+01	2.19466375E-02	-1.87621219E-02
-2.38466072E+01	1.92901505E+01	2.19406473E-02	-1.88201041E-02
-2.06189598E+01	1.95101629E+01	2.19346419E-02	-1.88782362E-02
-1.35923488E+01	1.79350381E+01	2.19286213E-02	-1.89365192E-02
-3.49619638E+00	1.57919701E+01	2.19225853E-02	-1.89949540E-02
7.65448178E+00	1.41955467E+01	2.19165339E-02	-1.90535416E-02
1.71139952E+01	1.36156160E+01	2.19104669E-02	-1.91122833E-02
2.23252583E+01	1.36612373E+01	2.19043843E-02	-1.91711799E-02
2.18602055E+01	1.33017993E+01	2.18982860E-02	-1.92302325E-02
1.60071332E+01	1.14421810E+01	2.18921717E-02	-1.92894423E-02
6.75585434E+00	7.59288381E+00	2.18860415E-02	-1.93488102E-02
-2.83536071E+00	2.31152663E+00	2.18798952E-02	-1.94083374E-02
-9.66169561E+00	-2.82561879E+00	2.18737328E-02	-1.94680250E-02
-1.15981729E+01	-5.76425957E+00	2.18675540E-02	-1.95278740E-02
-8.14683422E+00	-4.83521430E+00	2.18613588E-02	-1.95878856E-02
-4.77108955E-01	4.12027579E-01	2.18551471E-02	-1.96480609E-02
9.12290941E+00	8.77485788E+00	2.18489188E-02	-1.97084011E-02
1.81353715E+01	1.75896917E+01	2.18426737E-02	-1.97689072E-02
2.46719299E+01	2.35309673E+01	2.18364118E-02	-1.98295805E-02
2.79704720E+01	2.37462580E+01	2.18301328E-02	-1.98904221E-02
2.83705713E+01	1.69074589E+01	2.18238368E-02	-1.99514332E-02
2.68411004E+01	3.77500596E+00	2.18175236E-02	-2.00126149E-02
2.43215876E+01	-1.29489687E+01	2.18111931E-02	-2.00739685E-02
2.12026576E+01	-2.94334977E+01	2.18048451E-02	-2.01354952E-02
1.71864797E+01	-4.19021916E+01	2.17984795E-02	-2.01971961E-02
1.15776551E+01	-4.77602610E+01	2.17920963E-02	-2.02590726E-02
3.84666167E+00	-4.62753729E+01	2.17856952E-02	-2.03211259E-02
-5.82363631E+00	-3.86078789E+01	2.17792763E-02	-2.03833571E-02
-1.62940837E+01	-2.72390757E+01	2.17728392E-02	-2.04457676E-02
-2.56770886E+01	-1.50624332E+01	2.17663840E-02	-2.05083587E-02
-3.19384453E+01	-4.49795299E+00	2.17599104E-02	-2.05711316E-02
-3.36513720E+01	3.06521609E+00	2.17534184E-02	-2.06340876E-02
-3.05826682E+01	7.36267417E+00	2.17469078E-02	-2.06972281E-02
-2.38533603E+01	8.95329344E+00	2.17403786E-02	-2.07605544E-02
-1.55920140E+01	8.73770020E+00	2.17338304E-02	-2.08240678E-02
-8.21073432E+00	7.54505138E+00	2.17272634E-02	-2.08877696E-02
-3.58935842E+00	5.95257726E+00	2.17206772E-02	-2.09516613E-02
-2.48600879E+00	4.35239426E+00	2.17140717E-02	-2.10157441E-02
-4.39039828E+00	3.14206829E+00	2.17074469E-02	-2.10800196E-02
-7.84740622E+00	2.85699217E+00	2.17008026E-02	-2.11444890E-02
-1.10866257E+01	4.10949128E+00	2.16941386E-02	-2.12091538E-02
-1.26816761E+01	7.32425158E+00	2.16874548E-02	-2.12740155E-02
-1.19758951E+01	1.23958549E+01	2.16807511E-02	-2.13390754E-02
-9.13641394E+00	1.84692985E+01	2.16740273E-02	-2.14043350E-02
-4.87458172E+00	2.40150276E+01	2.16672833E-02	-2.14697959E-02
-1.48958096E-02	2.72439189E+01	2.16605188E-02	-2.15354594E-02
4.85751197E+00	2.67412448E+01	2.16537339E-02	-2.16013271E-02
9.50664599E+00	2.20714129E+01	2.16469283E-02	-2.16674005E-02
1.38914146E+01	1.40825825E+01	2.16401018E-02	-2.17336812E-02
1.78734371E+01	4.74163648E+00	2.16332544E-02	-2.18001706E-02
2.09907467E+01	-3.48205581E+00	2.16263859E-02	-2.18668703E-02
2.24698096E+01	-8.47072709E+00	2.16194960E-02	-2.19337820E-02
2.15212676E+01	-9.22184949E+00	2.16125848E-02	-2.20009072E-02
1.78035059E+01	-6.21307661E+00	2.16056519E-02	-2.20682474E-02
1.18231136E+01	-1.21248528E+00	2.15986972E-02	-2.21358044E-02
5.03415604E+00	3.39869932E+00	2.15917206E-02	-2.22035798E-02
-4.88541784E-01	5.52364417E+00	2.15847220E-02	-2.22715752E-02
-2.73792702E+00	4.10966607E+00	2.15777010E-02	-2.23397923E-02
-5.79811252E-01	-5.29142138E-01	2.15706577E-02	-2.24082328E-02
5.65845224E+00	-6.94155744E+00	2.15635917E-02	-2.24768984E-02
1.40950311E+01	-1.32050035E+01	2.15565030E-02	-2.25457909E-02
2.17938468E+01	-1.77320370E+01	2.15493914E-02	-2.26149119E-02
2.57164802E+01	-1.98714536E+01	2.15422567E-02	-2.26842632E-02
2.37883784E+01	-2.00565572E+01	2.15350986E-02	-2.27538467E-02
1.56751560E+01	-1.94568482E+01	2.15279172E-02	-2.28236641E-02
2.96086704E+00	-1.93084465E+01	2.15207120E-02	-2.28937173E-02
-1.13552951E+01	-2.02372021E+01	2.15134831E-02	-2.29640080E-02
-2.38638571E+01	-2.18867350E+01	2.15062301E-02	-2.30345381E-02
-3.18764182E+01	-2.30236913E+01	2.14989530E-02	-2.31053096E-02
-3.42619394E+01	-2.20770868E+01	2.14916515E-02	-2.31763243E-02
-3.16872212E+01	-1.78733067E+01	2.14843254E-02	-2.32475841E-02
-2.61984459E+01	-1.02392063E+01	2.14769745E-02	-2.33190910E-02
-2.03370029E+01	-2.01598453E-01	2.14695987E-02	-2.33908469E-02
-1.61537546E+01	1.03130718E+01	2.14621978E-02	-2.34628538E-02
-1.45049986E+01	1.91576291E+01	2.14547715E-02	-2.35351137E-02
-1.48788153E+01	2.47366901E+01	2.14473197E-02	-2.36076287E-02
-1.57740629E+01	2.65491054E+01	2.14398421E-02	-2.36804007E-02
-1.54333582E+01	2.52786483E+01	2.14323385E-02	-2.37534320E-02
-1.26065070E+01	2.24079776E+01	2.14248089E-02	-2.38267244E-02
-7.03764298E+00	1.95352540E+01	2.14172528E-02	-2.39002802E-02
4.88949063E-01	1.76955685E+01	2.14096702E-02	-2.39741016E-02
8.51165022E+00	1.69783985E+01	2.14020608E-02	-2.40481905E-02
1.54652865E+01	1.65949631E+01	2.13944244E-02	-2.41225494E-02
2.02045176E+01	1.53482261E+01	2.13867607E-02	-2.41971803E-02
2.22725235E+01	1.22828496E+01	2.13790696E-02	-2.42720855E-02
2.18524790E+01	7.21894240E+00	2.13713509E-02	-2.43472673E-02
1.94937053E+01	9.31774972E-01	2.13636043E-02	-2.44227280E-02
1.57977959E+01	-5.09923878E+00	2.13558295E-02	-2.44984698E-02
1.12417125E+01	-9.25869871E+00	2.13480264E-02	-2.45744951E-02
6.21494623E+00	-1.04320666E+01	2.13401947E-02	-2.46508063E-02
1.21105097E+00	-8.44101847E+00	2.13323342E-02	-2.47274058E-02
-2.98772988E+00	-4.10417279E+00	2.13244446E-02	-2.48042960E-02
-5.30611303E+00	1.08159609E+00	2.13165258E-02	-2.48814794E-02
-4.63783659E+00	5.48233460E+00	2.13085773E-02	-2.49589584E-02
-3.13872315E-01	7.85091526E+00	2.13005991E-02	-2.50367356E-02
7.41719617E+00	7.62375595E+00	2.12925909E-02	-2.51148135E-02
1.71419915E+01	4.90380839E+00	2.12845523E-02	-2.51931946E-02
2.64489570E+01	1.98081198E-01	2.12764833E-02	-2.52718816E-02
3.25283610E+01	-5.91097080E+00	2.12683833E-02	-2.53508771E-02
3.30348599E+01	-1.29662130E+01	2.12602524E-02	-2.54301838E-02
2.69068812E+01	-2.06018480E+01	2.12520900E-02	-2.55098043E-02
1.48225519E+01	-2.83119504E+01	2.12438961E-02	-2.55897415E-02
-9.07820822E-01	-3.51865896E+01	2.12356703E-02	-2.56699980E-02
-1.70020821E+01	-3.98247552E+01	2.12274123E-02	-2.57505767E-02
-3.01934546E+01	-4.05654414E+01	2.12191219E-02	-2.58314803E-02
-3.81892002E+01	-3.60241211E+01	2.12107988E-02	-2.59127119E-02
-4.02572096E+01	-2.57512856E+01	2.12024427E-02	-2.59942741E-02
-3.72466863E+01	-1.07256112E+01	2.11940533E-02	-2.60761701E-02
-3.10742004E+01	6.58589617E+00	2.11856303E-02	-2.61584028E-02
-2.39126253E+01	2.27208857E+01	2.11771734E-02	-2.62409752E-02
-1.74222016E+01	3.41672516E+01	2.11686823E-02	-2.63238903E-02
-1.23201484E+01	3.84586780E+01	2.11601568E-02	-2.64071512E-02
-8.42045043E+00	3.50233944E+01	2.11515964E-02	-2.64907611E-02
-5.06341209E+00	2.54511455E+01	2.11430010E-02	-2.65747232E-02
-1.68901063E+00	1.30444707E+01	2.11343701E-02	-2.66590406E-02
1.73967027E+00	1.78474346E+00	2.11257035E-02	-2.67437165E-02
4.66873477E+00	-4.93392913E+00	2.11170008E-02	-2.68287544E-02
6.26665491E+00	-5.35915477E+00	2.11082617E-02	-2.69141575E-02
5.95406742E+00	1.42009643E-01	2.10994859E-02	-2.69999292E-02
3.87488754E+00	9.33014226E+00	2.10906730E-02	-2.70860730E-02
1.05211665E+00	1.89451826E+01	2.10818227E-02	-2.71725922E-02
-8.87386525E-01	2.58292424E+01	2.10729347E-02	-2.72594905E-02
-3.34735138E-01	2.79099494E+01	2.10640085E-02	-2.73467714E-02
3.58611751E+00	2.47169601E+01	2.10550439E-02	-2.74344384E-02
1.05247167E+01	1.73057586E+01	2.10460405E-02	-2.75224953E-02
1.88682299E+01	7.69491488E+00	2.10369978E-02	-2.76109458E-02
2.62150209E+01	-1.90940380E+00	2.10279157E-02	-2.76997936E-02
3.01958598E+01	-9.78684043E+00	2.10187935E-02	-2.77890426E-02
2.93307402E+01	-1.50497149E+01	2.10096311E-02	-2.78786965E-02
2.35871817E+01	-1.76094591E+01	2.10004280E-02	-2.79687593E-02
1.44216928E+01	-1.78778309E+01	2.09911838E-02	-2.80592351E-02
4.29055782E+00	-1.64113468E+01	2.09818981E-02	-2.81501277E-02
-4.17701919E+00	-1.36902859E+01	2.09725705E-02	-2.82414413E-02
-9.02680268E+00	-1.01150547E+01	2.09632006E-02	-2.83331801E-02
-9.53985564E+00	-6.16330518E+00	2.09537880E-02	-2.84253482E-02
-6.32742189E+00	-2.55318539E+00	2.09443322E-02	-2.85179498E-02
-9.75390017E-01	-2.50607608E-01	2.09348329E-02	-2.86109894E-02
4.57558459E+00	-2.44472176E-01	2.09252897E-02	-2.87044712E-02
8.64926401E+00	-3.14946250E+00	2.09157020E-02	-2.87983998E-02
1.02266401E+01	-8.81187426E+00	2.09060694E-02	-2.88927795E-02
9.01704286E+00	-1.61285248E+01	2.08963915E-02	-2.89876151E-02
5.26740998E+00	-2.32186548E+01	2.08866679E-02	-2.90829111E-02
-5.23559112E-01	-2.79407148E+01	2.08768980E-02	-2.91786722E-02
-7.80738814E+00	-2.85858504E+01	2.08670813E-02	-2.92749032E-02
-1.60061480E+01	-2.44827346E+01	2.08572175E-02	-2.93716089E-02
-2.43813316E+01	-1.62633489E+01	2.08473061E-02	-2.94687944E-02
-3.18877457E+01	-5.66607747E+00	2.08373464E-02	-2.95664644E-02
-3.71763660E+01	5.06033485E+00	2.08273381E-02	-2.96646242E-02
-3.88413462E+01	1.39214015E+01	2.08172807E-02	-2.97632789E-02
-3.58726731E+01	1.98068396E+01	2.08071735E-02	-2.98624336E-02
-2.81432240E+01	2.27383385E+01	2.07970161E-02	-2.99620937E-02
-1.66966986E+01	2.36497942E+01	2.07868080E-02	-3.00622645E-02
-3.65041574E+00	2.38137579E+01	2.07765486E-02	-3.01629515E-02
8.32708211E+00	2.41772571E+01	2.07662374E-02	-3.02641603E-02
1.68187470E+01	2.49042189E+01	2.07558738E-02	-3.03658964E-02
2.04557316E+01	2.53252075E+01	2.07454573E-02	-3.04681657E-02
1.93921405E+01	2.43104214E+01	2.07349872E-02	-3.05709739E-02
1.52464687E+01	2.08904613E+01	2.07244630E-02	-3.06743268E-02
1.05008983E+01	1.48361915E+01	2.07138842E-02	-3.07782306E-02
7.56868514E+00	6.92466276E+00	2.07032500E-02	-3.08826913E-02
7.88289564E+00	-1.24380971E+00	2.06925599E-02	-3.09877150E-02
1.13631037E+01	-7.81247368E+00	2.06818133E-02	-3.10933081E-02
1.64741336E+01	-1.13808103E+01	2.06710095E-02	-3.11994769E-02
2.08579721E+01	-1.15556457E+01	2.06601480E-02	-3.13062280E-02
2.22912225E+01	-9.09920932E+00	2.06492279E-02	-3.14135679E-02
1.95901424E+01	-5.60557385E+00	2.06382488E-02	-3.15215033E-02
1.31072790E+01	-2.84123609E+00	2.06272099E-02	-3.16300411E-02
4.62866530E+00	-2.03156333E+00	2.06161104E-02	-3.17391882E-02
-3.28004715E+00	-3.39813544E+00	2.06049498E-02	-3.18489515E-02
-8.21482193E+00	-6.14218225E+00	2.05937274E-02	-3.19593384E-02
-8.79382559E+00	-8.87433602E+00	2.05824423E-02	-3.20703560E-02
-5.11512761E+00	-1.02961189E+01	2.05710938E-02	-3.21820118E-02
1.33892020E+00	-9.82911958E+00	2.05596813E-02	-3.22943134E-02
8.27854009E+00	-7.91131631E+00	2.05482040E-02	-3.24072682E-02
1.34125630E+01	-5.82587634E+00	2.05366610E-02	-3.25208843E-02
1.51652857E+01	-5.13208918E+00	2.05250516E-02	-3.26351694E-02
1.30529262E+01	-6.94191684E+00	2.05133750E-02	-3.27501317E-02
7.63128346E+00	-1.13539477E+01	2.05016304E-02	-3.28657793E-02
1.08536251E-01	-1.72907768E+01	2.04898169E-02	-3.29821207E-02
-8.16068159E+00	-2.28157565E+01	2.04779338E-02	-3.30991643E-02
-1.60696616E+01	-2.58049421E+01	2.04659801E-02	-3.32169187E-02
-2.29027507E+01	-2.47056624E+01	2.04539549E-02	-3.33353929E-02
-2.82321751E+01	-1.90843019E+01	2.04418575E-02	-3.34545957E-02
-3.16997239E+01	-9.76114379E+00	2.04296868E-02	-3.35745362E-02
-3.28622128E+01	1.49558077E+00	2.04174420E-02	-3.36952239E-02
-3.12290617E+01	1.25683125E+01	2.04051221E-02	-3.38166680E-02
-2.64999494E+01	2.16304995E+01	2.03927261E-02	-3.39388784E-02
-1.88828891E+01	2.75874625E+01	2.03802532E-02	-3.40618647E-02
-9.30434231E+00	3.01870562E+01	2.03677022E-02	-3.41856371E-02
6.48948776E-01	2.98246334E+01	2.03550721E-02	-3.43102056E-02
9.10084927E+00	2.71939511E+01	2.03423620E-02	-3.44355807E-02
1.44625857E+01	2.29786767E+01	2.03295708E-02	-3.45617730E-02
1.59936694E+01	1.77241123E+01	2.03166974E-02	-3.46887932E-02
1.41046774E+01	1.19088732E+01	2.03037407E-02	-3.48166523E-02
1.02492064E+01	6.11493639E+00	2.02906995E-02	-3.49453616E-02
6.41757276E+00	1.13434881E+00	2.02775729E-02	-3.50749324E-02
4.41481138E+00	-2.11651677E+00	2.02643595E-02	-3.52053765E-02
5.20437290E+00	-2.89399983E+00	2.02510582E-02	-3.53367056E-02
8.58017302E+00	-1.02135774E+00	2.02376678E-02	-3.54689318E-02
1.32979911E+01	2.82072357E+00	2.02241870E-02	-3.56020677E-02
1.76075192E+01	7.09899728E+00	2.02106147E-02	-3.57361256E-02
1.99601793E+01	9.80912167E+00	2.01969495E-02	-3.58711185E-02
1.95975129E+01	9.14701578E+00	2.01831901E-02	-3.60070596E-02
1.67814314E+01	4.23290621E+00	2.01693351E-02	-3.61439621E-02
1.25862871E+01	-4.40961611E+00	2.01553832E-02	-3.62818398E-02
8.36388470E+00	-1.48512473E+01	2.01413331E-02	-3.64207066E-02
5.13208775E+00	-2.42890394E+01	2.01271832E-02	-3.65605766E-02
3.16426629E+00	-2.99564013E+01	2.01129321E-02	-3.67014646E-02
1.95931757E+00	-3.00896832E+01	2.00985783E-02	-3.68433852E-02
5.94459139E-01	-2.45871943E+01	2.00841204E-02	-3.69863537E-02
-1.71465386E+00	-1.50993948E+01	2.00695567E-02	-3.71303855E-02
-5.11950214E+00	-4.50038682E+00	2.00548857E-02	-3.72754964E-02
-8.95579205E+00	4.07299420E+00	2.00401057E-02	-3.74217027E-02
-1.19769642E+01	8.26272346E+00	2.00252150E-02	-3.75690207E-02
-1.29165678E+01	7.23243344E+00	2.00102121E-02	-3.77174674E-02
-1.11340124E+01	1.85304483E+00	1.99950951E-02	-3.78670601E-02
-7.04659962E+00	-5.70866579E+00	1.99798623E-02	-3.80178162E-02
-2.13098540E+00	-1.28117916E+01	1.99645118E-02	-3.81697540E-02
1.54315367E+00	-1.72431833E+01	1.99490418E-02	-3.83228918E-02
2.08217997E+00	-1.78635890E+01	1.99334505E-02	-3.84772484E-02
-1.46215428E+00	-1.47895823E+01	1.99177357E-02	-3.86328431E-02
-8.63761885E+00	-9.10404206E+00	1.99018956E-02	-3.87896958E-02
-1.76454006E+01	-2.27547569E+00	1.98859282E-02	-3.89478264E-02
-2.58957331E+01	4.43697849E+00	1.98698312E-02	-3.91072558E-02
-3.08586029E+01	1.03449000E+01	1.98536027E-02	-3.92680051E-02
-3.08889812E+01	1.53431338E+01	1.98372403E-02	-3.94300958E-02
-2.57233787E+01	1.96296293E+01	1.98207419E-02	-3.95935502E-02
-1.64826804E+01	2.33194450E+01	1.98041051E-02	-3.97583910E-02
-5.21426055E+00	2.61734336E+01	1.97873277E-02	-3.99246415E-02
5.81978604E+00	2.75886368E+01	1.97704071E-02	-4.00923253E-02
1.48223424E+01	2.68562910E+01	1.97533409E-02	-4.02614670E-02
2.08657060E+01	2.35538994E+01	1.97361266E-02	-4.04320915E-02
2.39159712E+01	1.78665380E+01	1.97187615E-02	-4.06042245E-02
2.45406428E+01	1.06624524E+01	1.97012429E-02	-4.07778923E-02
2.34855565E+01	3.26391868E+00	1.96835683E-02	-4.09531218E-02
2.13342816E+01	-2.99929273E+00	1.96657346E-02	-4.11299407E-02
1.83902221E+01	-7.25941821E+00	1.96477390E-02	-4.13083772E-02
1.47901777E+01	-9.39214427E+00	1.96295787E-02	-4.14884605E-02
1.07347346E+01	-9.98171486E+00	1.96112504E-02	-4.16702204E-02
6.66522881E+00	-9.98575790E+00	1.95927511E-02	-4.18536875E-02
3.25413872E+00	-1.02548574E+01	1.95740776E-02	-4.20388934E-02
1.18475297E+00	-1.11303523E+01	1.95552265E-02	-4.22258702E-02
8.20700945E-01	-1.23087412E+01	1.95361945E-02	-4.24146512E-02
1.94226204E+00	-1.30371895E+01	1.95169781E-02	-4.26052703E-02
3.71308698E+00	-1.25482877E+01	1.94975736E-02	-4.27977626E-02
4.94018903E+00	-1.05257690E+01	1.94779775E-02	-4.29921641E-02
4.54721289E+00	-7.37155833E+00	1.94581858E-02	-4.31885117E-02
2.06421852E+00	-4.13055267E+00	1.94381948E-02	-4.33868434E-02
-2.09441986E+00	-2.08582881E+00	1.94180003E-02	-4.35871984E-02
-6.71739836E+00	-2.19317714E+00	1.93975982E-02	-4.37896167E-02
-1.02486935E+01	-4.60790001E+00	1.93769843E-02	-4.39941399E-02
-1.14376775E+01	-8.52783037E+00	1.93561542E-02	-4.42008103E-02
-9.91688690E+00	-1.24441208E+01	1.93351033E-02	-4.44096719E-02
-6.44788404E+00	-1.47123248E+01	1.93138270E-02	-4.46207698E-02
-2.70222497E+00	-1.42099657E+01	1.92923206E-02	-4.48341504E-02
-6.37072507E-01	-1.07997314E+01	1.92705789E-02	-4.50498616E-02
-1.70213159E+00	-5.39334465E+00	1.92485970E-02	-4.52679526E-02
-6.19863458E+00	4.20577181E-01	1.92263695E-02	-4.54884744E-02
-1.30623098E+01	5.03298640E+00	1.92038910E-02	-4.57114793E-02
-2.01772186E+01	7.47750835E+00	1.91811560E-02	-4.59370213E-02
-2.51130313E+01	7.81524839E+00	1.91581586E-02	-4.61651562E-02
-2.60040627E+01	7.07288570E+00	1.91348928E-02	-4.63959414E-02
-2.22277644E+01	6.75679121E+00	1.91113524E-02	-4.66294364E-02
-1.46194760E+01	8.14942776E+00	1.90875311E-02	-4.68657024E-02
-5.14634886E+00	1.16905198E+01	1.90634223E-02	-4.71048026E-02
3.82116306E+00	1.67121683E+01	1.90390191E-02	-4.73468025E-02
1.03463820E+01	2.16479501E+01	1.90143145E-02	-4.75917696E-02
1.35457960E+01	2.46349103E+01	1.89893011E-02	-4.78397736E-02
1.37655216E+01	2.42604567E+01	1.89639714E-02	-4.80908869E-02
1.22781455E+01	2.01447418E+01	1.89383176E-02	-4.83451840E-02
1.06579016E+01	1.31186756E+01	1.89123316E-02	-4.86027423E-02
1.01114873E+01	4.92742542E+00	1.88860050E-02	-4.88636416E-02
1.10392828E+01	-2.41421142E+00	1.88593290E-02	-4.91279648E-02
1.29844303E+01	-7.34842836E+00	1.88322946E-02	-4.93957976E-02
1.49511394E+01	-9.29167644E+00	1.88048925E-02	-4.96672289E-02
1.59175906E+01	-8.74801956E+00	1.87771130E-02	-4.99423507E-02
1.52994478E+01	-6.99794948E+00	1.87489459E-02	-5.02212586E-02
1.31627653E+01	-5.51659283E+00	1.87203808E-02	-5.05040516E-02
1.01146947E+01	-5.37630642E+00	1.86914069E-02	-5.07908324E-02
6.95392382E+00	-6.87658590E+00	1.86620129E-02	-5.10817078E-02
4.26917649E+00	-9.52999166E+00	1.86321869E-02	-5.13767885E-02
2.18659374E+00	-1.23714264E+01	1.86019168E-02	-5.16761896E-02
3.83440734E-01	-1.44227384E+01	1.85711898E-02	-5.19800308E-02
-1.65114664E+00	-1.50934431E+01	1.85399929E-02	-5.22884365E-02
-4.25138396E+00	-1.43490884E+01	1.85083120E-02	-5.26015361E-02
-7.30078493E+00	-1.26022610E+01	1.84761330E-02	-5.29194642E-02
-1.01991464E+01	-1.04162831E+01	1.84434409E-02	-5.32423611E-02
-1.21018000E+01	-8.19429327E+00	1.84102201E-02	-5.35703729E-02
-1.23256171E+01	-6.01957219E+00	1.83764542E-02	-5.39036517E-02
-1.07275534E+01	-3.72321189E+00	1.83421263E-02	-5.42423564E-02
-7.86444095E+00	-1.12885283E+00	1.83072188E-02	-5.45866525E-02
-4.83812786E+00	1.67516920E+00	1.82717129E-02	-5.49367128E-02
-2.87515005E+00	4.20787946E+00	1.82355895E-02	-5.52927180E-02
-2.81784230E+00	5.71511892E+00	1.81988282E-02	-5.56548564E-02
-4.75369217E+00	5.51205230E+00	1.81614078E-02	-5.60233255E-02
-7.95614243E+00	3.39906297E+00	1.81233061E-02	-5.63983312E-02
-1.11746507E+01	-5.89195507E-02	1.80844999E-02	-5.67800896E-02
-1.31546471E+01	-3.56053184E+00	1.80449648E-02	-5.71688268E-02
-1.31606440E+01	-5.44747753E+00	1.80046752E-02	-5.75647794E-02
-1.12686573E+01	-4.31845396E+00	1.79636044E-02	-5.79681961E-02
-8.29323489E+00	3.61500247E-01	1.79217240E-02	-5.83793373E-02
-5.37742736E+00	7.91940963E+00	1.78790046E-02	-5.87984767E-02
-3.42858479E+00	1.65724540E+01	1.78354149E-02	-5.92259018E-02
-2.65860467E+00	2.39646363E+01	1.77909222E-02	-5.96619147E-02
-2.44775163E+00	2.79576599E+01	1.77454920E-02	-6.01068334E-02
-1.61101036E+00	2.73772509E+01	1.76990880E-02	-6.05609927E-02
1.03474499E+00	2.24224509E+01	1.76516718E-02	-6.10247452E-02
6.04594933E+00	1.45735029E+01	1.76032030E-02	-6.14984630E-02
1.29511766E+01	6.03261770E+00	1.75536389E-02	-6.19825384E-02
2.02697115E+01	-1.08121927E+00	1.75029343E-02	-6.24773859E-02
2.59716486E+01	-5.46552839E+00	1.74510416E-02	-6.29834439E-02
2.82116499E+01	-7.01191964E+00	1.73979100E-02	-6.35011757E-02
2.60453499E+01	-6.69439029E+00	1.73434862E-02	-6.40310723E-02
1.98349915E+01	-6.03725496E+00	1.72877133E-02	-6.45736539E-02
1.11719935E+01	-6.40100479E+00	1.72305311E-02	-6.51294725E-02
2.33862698E+00	-8.39022504E+00	1.71718755E-02	-6.56991141E-02
-4.48285144E+00	-1.16245651E+01	1.71116785E-02	-6.62832020E-02
-7.94541470E+00	-1.49515104E+01	1.70498675E-02	-6.68823989E-02
-7.93609222E+00	-1.69897970E+01	1.69863655E-02	-6.74974113E-02
-5.49911290E+00	-1.67563123E+01	1.69210900E-02	-6.81289925E-02
-2.33827738E+00	-1.41035966E+01	1.68539532E-02	-6.87779466E-02
-1.18237528E-01	-9.78702637E+00	1.67848610E-02	-6.94451334E-02
1.47944590E-01	-5.14683955E+00	1.67137129E-02	-7.01314732E-02
-1.60858234E+00	-1.55608178E+00	1.66404010E-02	-7.08379522E-02
-4.62586538E+00	1.20556011E-01	1.65648099E-02	-7.15656286E-02
-7.74279339E+00	-1.71770716E-01	1.64868152E-02	-7.23156400E-02
-9.93600646E+00	-1.73015010E+00	1.64062835E-02	-7.30892103E-02
-1.07237154E+01	-3.45434396E+00	1.63230710E-02	-7.38876588E-02
-1.02776692E+01	-4.33888739E+00	1.62370224E-02	-7.47124097E-02
-9.22785411E+00	-3.87358113E+00	1.61479703E-02	-7.55650028E-02
-8.28409030E+00	-2.18446700E+00	1.60557333E-02	-7.64471060E-02
-7.87182268E+00	1.24586843E-01	1.59601150E-02	-7.73605288E-02
-7.95634143E+00	2.33004887E+00	1.58609024E-02	-7.83072384E-02
-8.12593181E+00	3.96042648E+00	1.57578636E-02	-7.92893771E-02
-7.87235874E+00	4.99983261E+00	1.56507464E-02	-8.03092828E-02
-6.91053500E+00	5.83232358E+00	1.55392754E-02	-8.13695123E-02
-5.36370825E+00	6.96745589E+00	1.54231495E-02	-8.24728680E-02
-3.71214511E+00	8.69646906E+00	1.53020391E-02	-8.36224283E-02
-2.52638915E+00	1.08627690E+01	1.51755821E-02	-8.48215834E-02
-2.12033676E+00	1.28736469E+01	1.50433804E-02	-8.60740764E-02
-2.30817666E+00	1.39595159E+01	1.49049949E-02	-8.73840508E-02
-2.40704193E+00	1.35602457E+01	1.47599400E-02	-8.87561069E-02
-1.51175800E+00	1.16469833E+01	1.46076780E-02	-9.01953670E-02
1.06722964E+00	8.80839052E+00	1.44476110E-02	-9.17075529E-02
5.40216511E+00	6.03588196E+00	1.42790731E-02	-9.32990776E-02
1.07820105E+01	4.28587913E+00	1.41013200E-02	-9.49771542E-02
1.58866216E+01	4.01153580E+00	1.39135174E-02	-9.67499263E-02
1.92550560E+01	4.88619379E+00	1.37147267E-02	-9.86266252E-02
1.98632911E+01	5.86777437E+00	1.35038891E-02	-1.00617760E-01
1.75641212E+01	5.60614097E+00	1.32798051E-02	-1.02735347E-01
1.31878720E+01	3.03822554E+00	1.30411108E-02	-1.04993200E-01
8.24100653E+00	-2.08040069E+00	1.27862492E-02	-1.07407272E-01
4.31257736E+00	-8.94753134E+00	1.25134352E-02	-1.09996101E-01
2.43025201E+00	-1.59115037E+01	1.22206127E-02	-1.12781353E-01
2.63865431E+00	-2.10377010E+01	1.19054022E-02	-1.15788521E-01
3.98619718E+00	-2.28278054E+01	1.15650360E-02	-1.19047814E-01
4.93690918E+00	-2.08017984E+01	1.11962770E-02	-1.22595310E-01
4.04261283E+00	-1.57007440E+01	1.07953182E-02	-1.26474465E-01
5.96256678E-01	-9.22000404E+00	1.03576556E-02	-1.30738109E-01
-5.01028906E+00	-3.37477741E+00	9.87792704E-03	-1.35451139E-01
-1.13805224E+01	2.48522651E-01	9.34970840E-03	-1.40694190E-01
-1.66285249E+01	1.05504839E+00	8.76525346E-03	-1.46568731E-01
-1.91080483E+01	-4.03073697E-01	8.11516345E-03	-1.53204296E-01
-1.80589129E+01	-2.73024358E+00	7.38797035E-03	-1.60768941E-01
-1.39086918E+01	-4.31214202E+00	6.56962307E-03	-1.69484753E-01
-8.11093396E+00	-3.99559024E+00	5.64288642E-03	-1.79651529E-01
-2.59181110E+00	-1.54273638E+00	4.58672905E-03	-1.91684084E-01
9.65648343E-01	2.31808545E+00	3.37596796E-03	-2.06173345E-01
1.71187275E+00	6.24794374E+00	1.98198470E-03	-2.23990984E-01
-1.30300722E-01	8.89234844E+00	3.76943372E-04	-2.46478648E-01
-3.45103490E+00	9.45514105E+00	-1.45098983E-03	-2.75813832E-01
-6.75992175E+00	8.01092997E+00	-3.44643643E-03	-3.15779759E-01
-8.78566606E+00	5.43730202E+00	-5.30559433E-03	-3.73574948E-01
-8.91917751E+00	3.01493382E+00	-5.74047826E-03	-4.64764306E-01
-7.33495037E+00	1.88234915E+00	1.36133014E-03	-6.30222410E-01
-4.77521187E+00	2.58368619E+00	5.92449512E-02	-1.01996538E+00
-2.12741747E+00	4.89386023E+00	1.16989405E+00	-2.64708234E+00
-4.44315971E-03	7.97436957E+00	1.12695895E+00	1.74816209E+00
1.48290657E+00	1.07660509E+01	2.67917506E-01	7.42092497E-01
2.67549575E+00	1.24282624E+01	1.42046691E-01	4.39954811E-01
4.08871509E+00	1.26281234E+01	9.78632306E-02	2.99793150E-01
6.06473976E+00	1.15668041E+01	7.62422485E-02	2.18987819E-01
8.53603941E+00	9.76015123E+00	6.36413445E-02	1.66271017E-01
1.10192056E+01	7.70582028E+00	5.54631048E-02	1.29006215E-01
1.28392905E+01	5.61532106E+00	4.97549060E-02	1.01125354E-01
1.34680866E+01	3.34725446E+00	4.55568003E-02	7.93540130E-02
1.28014995E+01	5.69916549E-01	4.23454191E-02	6.17692159E-02
1.12294740E+01	-2.93920644E+00	3.98125341E-02	4.71662480E-02
9.45350533E+00	-7.02365491E+00	3.77654456E-02	3.47505293E-02
8.13308316E+00	-1.10653501E+01	3.60778138E-02	2.39752306E-02
7.53250276E+00	-1.41570626E+01	3.46635445E-02	1.44500572E-02
7.34855765E+00	-1.54700312E+01	3.34620724E-02	5.88723274E-03
6.82059508E+00	-1.46516246E+01	3.24296530E-02	-1.93195922E-03
5.09189172E+00	-1.20577603E+01	3.15339959E-02	-9.17874414E-03
1.66638407E+00	-8.68777339E+00	3.07508427E-02	-1.59912919E-02
-3.25289369E+00	-5.82028941E+00	3.00617237E-02	-2.24847490E-02
-8.71739821E+00	-4.48916662E+00	2.94524553E-02	-2.87585080E-02
-1.33288124E+01	-5.02355589E+00	2.89121203E-02	-3.49017425E-02
-1.57728481E+01	-6.86336213E+00	2.84323752E-02	-4.09978950E-02
-1.53714637E+01	-8.75176466E+00	2.80069922E-02	-4.71286086E-02
-1.24111705E+01	-9.24498508E+00	2.76315784E-02	-5.33774990E-02
-8.08960565E+00	-7.33634887E+00	2.73034500E-02	-5.98341396E-02
-4.08091500E+00	-2.93136855E+00	2.70216547E-02	-6.65986677E-02
-1.88538772E+00	3.03711772E+00	2.67871683E-02	-7.37875341E-02
-2.22798667E+00	8.91886692E+00	2.66033211E-02	-8.15411368E-02
-4.75865359E+00	1.29676269E+01	2.64765669E-02	-9.00344729E-02
-8.18675443E+00	1.40253691E+01	2.64178043E-02	-9.94926363E-02
-1.08023691E+01	1.19883792E+01	2.64446451E-02	-1.10214259E-01
-1.11743791E+01	7.86021161E+00	2.65853967E-02	-1.22608367E-01
-8.73922123E+00	3.36565752E+00	2.68863252E-02	-1.37254831E-01
-4.03791240E+00	2.81015638E-01	2.74255881E-02	-1.55008346E-01
1.49550746E+00	-2.47547229E-01	2.83417412E-02	-1.77187750E-01
6.10514986E+00	1.87698166E+00	2.98970034E-02	-2.05945404E-01
8.40762113E+00	5.70907526E+00	3.26331525E-02	-2.45053827E-01
7.92574147E+00	9.67829469E+00	3.78131520E-02	-3.01784757E-01
5.24929208E+00	1.22352543E+01	4.89434802E-02	-3.92169010E-01
1.76860188E+00	1.24553308E+01	7.88707837E-02	-5.59631303E-01
-8.96701755E-01	1.03569399E+01	2.07008074E-01	-9.72625995E-01
-1.53131166E+00	6.81928557E+00	2.46551343E+00	-2.48740052E+00
2.37112602E-01	3.15599132E+00	5.55792584E-01	1.47815105E+00
3.85858535E+00	5.41721303E-01	1.34754535E-01	6.85110114E-01
8.14768710E+00	-4.59963502E-01	7.07911159E-02	4.35518359E-01
1.17916674E+01	-7.60004564E-02	4.97731547E-02	3.15770827E-01
1.38528135E+01	8.45381737E-01	4.02310546E-02	2.45525137E-01
1.40581470E+01	1.25583828E+00	3.50401603E-02	1.99271244E-01
1.27774744E+01	3.81140842E-01	3.18663366E-02	1.66439838E-01
1.07347512E+01	-1.96017988E+00	2.97592768E-02	1.41872284E-01
8.61195639E+00	-5.31987358E+00	2.82717375E-02	1.22753640E-01
6.73962015E+00	-8.85720587E+00	2.71701159E-02	1.07418068E-01
5.01199918E+00	-1.17207441E+01	2.63223926E-02	9.48169335E-02
3.04776644E+00	-1.33891064E+01	2.56491987E-02	8.42572000E-02
4.96027084E-01	-1.38179115E+01	2.51003774E-02	7.52624464E-02
-2.68041177E+00	-1.33426887E+01	2.46428998E-02	6.74943281E-02
-6.09653949E+00	-1.24089210E+01	2.42542513E-02	6.07058952E-02
-9.07282725E+00	-1.12823863E+01	2.39186243E-02	5.47126506E-02
-1.09399431E+01	-9.89707410E+00	2.36246342E-02	4.93739521E-02
-1.13693474E+01	-7.92334856E+00	2.33638971E-02	4.45806882E-02
-1.05601149E+01	-5.02261106E+00	2.31301167E-02	4.02468905E-02
-9.17737410E+00	-1.15358377E+00	2.29184811E-02	3.63038897E-02
-8.05656146E+00	3.24021972E+00	2.27252547E-02	3.26961586E-02
-7.80428040E+00	7.28277912E+00	2.25474969E-02	2.93782997E-02
-8.48471403E+00	9.96508382E+00	2.23828626E-02	2.63128256E-02
-9.55029583E+00	1.05744233E+01	2.22294598E-02	2.34685004E-02
-1.00675859E+01	9.05951037E+00	2.20857460E-02	2.08190805E-02
-9.15173336E+00	6.14881192E+00	2.19504509E-02	1.83423502E-02
-6.41881065E+00	3.13827698E+00	2.18225190E-02	1.60193718E-02
-2.24467917E+00	1.40980006E+00	2.17010659E-02	1.38338980E-02
2.30485820E+00	1.86880543E+00	2.15853446E-02	1.17719064E-02
5.86569655E+00	4.53931358E+00	2.14747198E-02	9.82122832E-03
7.33560629E+00	8.50129544E+00	2.13686474E-02	7.97124862E-03
6.36517059E+00	1.22171286E+01	2.12666585E-02	6.21266323E-03
3.55938690E+00	1.41290370E+01	2.11683463E-02	4.53728031E-03
2.85708108E-01	1.32888848E+01	2.10733562E-02	2.93785677E-03
-1.84942845E+00	9.75955578E+00	2.09813776E-02	1.40796299E-03
-1.64825254E+00	4.61571221E+00	2.08921365E-02	-5.81299731E-05
1.17417594E+00	-4.64530589E-01	2.08053906E-02	-1.46554477E-03
5.84409706E+00	-3.85527642E+00	2.07209244E-02	-2.81887728E-03
1.08106399E+01	-4.61990560E+00	2.06385454E-02	-4.12226380E-03
1.43465056E+01	-2.87015514E+00	2.05580811E-02	-5.37943828E-03
1.52253059E+01	2.97070617E-01	2.04793761E-02	-6.59378105E-03
1.31998167E+01	3.25458400E+00	2.04022902E-02	-7.76836072E-03
9.08733080E+00	4.50032237E+00	2.03266962E-02	-8.90597010E-03
4.43077755E+00	3.24333256E+00	2.02524783E-02	-1.00091574E-02
8.78481759E-01	-3.14506493E-01	2.01795310E-02	-1.10802531E-02
-4.61918833E-01	-5.10369128E+00	2.01077575E-02	-1.21213935E-02
5.64875329E-01	-9.65055109E+00	2.00370692E-02	-1.31345411E-02
3.14186868E+00	-1.26731735E+01	1.99673842E-02	-1.41215027E-02
5.84378296E+00	-1.35582654E+01	1.98986271E-02	-1.50839450E-02
7.22133528E+00	-1.25295310E+01	1.98307279E-02	-1.60234085E-02
6.36029878E+00	-1.04578527E+01	1.97636219E-02	-1.69413199E-02
3.19384212E+00	-8.41808327E+00	1.96972485E-02	-1.78390025E-02
-1.53831967E+00	-7.19945675E+00	1.96315514E-02	-1.87176865E-02
-6.63750245E+00	-6.98439098E+00	1.95664780E-02	-1.95785172E-02
-1.09303598E+01	-7.32439677E+00	1.95019787E-02	-2.04225623E-02
-1.36773365E+01	-7.40369280E+00	1.94380073E-02	-2.12508196E-02
-1.47448825E+01	-6.45416054E+00	1.93745199E-02	-2.20642223E-02
-1.44994305E+01	-4.12540329E+00	1.93114754E-02	-2.28636449E-02
-1.35090605E+01	-6.44841224E-01	1.92488348E-02	-2.36499083E-02
-1.22179123E+01	3.29285309E+00	1.91865610E-02	-2.44237837E-02
-1.07552438E+01	6.84045055E+00	1.91246189E-02	-2.51859973E-02
-8.96124914E+00	9.35953761E+00	1.90629753E-02	-2.59372335E-02
-6.59647708E+00	1.06572095E+01	1.90015982E-02	-2.66781383E-02
-3.60747264E+00	1.09939057E+01	1.89404571E-02	-2.74093223E-02
-2.93383259E-01	1.08726925E+01	1.88795231E-02	-2.81313637E-02
2.73042032E+00	1.07267875E+01	1.88187682E-02	-2.88448103E-02
4.77049273E+00	1.06698419E+01	1.87581656E-02	-2.95501823E-02
5.38641967E+00	1.04399353E+01	1.86976895E-02	-3.02479739E-02
4.64921160E+00	9.56963575E+00	1.86373149E-02	-3.09386555E-02
3.18483981E+00	7.69823949E+00	1.85770180E-02	-3.16226756E-02
1.95632760E+00	4.86480763E+00	1.85167754E-02	-3.23004618E-02
1.86225587E+00	1.62068287E+00	1.84565647E-02	-3.29724229E-02
3.32445563E+00	-1.11956056E+00	1.83963639E-02	-3.36389500E-02
6.05639567E+00	-2.44485541E+00	1.83361518E-02	-3.43004177E-02
9.13363330E+00	-1.87656280E+00	1.82759077E-02	-3.49571855E-02
1.13569016E+01	3.40410527E-01	1.82156114E-02	-3.56095984E-02
1.17643756E+01	3.23709637E+00	1.81552431E-02	-3.62579885E-02
1.00735807E+01	5.44159759E+00	1.80947836E-02	-3.69026756E-02
6.85242261E+00	5.70883411E+00	1.80342138E-02	-3.75439679E-02
3.32843041E+00	3.44406928E+00	1.79735152E-02	-3.81821632E-02
9.00155868E-01	-1.00610222E+00	1.79126695E-02	-3.88175492E-02
5.47733276E-01	-6.43357550E+00	1.78516588E-02	-3.94504047E-02
2.39150670E+00	-1.12049371E+01	1.77904652E-02	-4.00809998E-02
5.59317962E+00	-1.38869475E+01	1.77290712E-02	-4.07095968E-02
8.65399215E+00	-1.38081175E+01	1.76674596E-02	-4.13364506E-02
9.99758928E+00	-1.13228357E+01	1.76056131E-02	-4.19618092E-02
8.60283992E+00	-7.66388151E+00	1.75435149E-02	-4.25859145E-02
4.42702297E+00	-4.43901230E+00	1.74811479E-02	-4.32090025E-02
-1.55583692E+00	-2.97590126E+00	1.74184955E-02	-4.38313039E-02
-7.71829504E+00	-3.78371656E+00	1.73555410E-02	-4.44530442E-02
-1.23958234E+01	-6.35150842E+00	1.72922678E-02	-4.50744447E-02
-1.45049484E+01	-9.36357025E+00	1.72286592E-02	-4.56957223E-02
-1.39151365E+01	-1.12393947E+01	1.71646988E-02	-4.63170902E-02
-1.14326784E+01	-1.07736143E+01	1.71003700E-02	-4.69387583E-02
-8.41782059E+00	-7.61447076E+00	1.70356563E-02	-4.75609331E-02
-6.20622744E+00	-2.39178612E+00	1.69705412E-02	-4.81838184E-02
-5.57961493E+00	3.54557154E+00	1.69050080E-02	-4.88076157E-02
-6.49906008E+00	8.66164331E+00	1.68390402E-02	-4.94325241E-02
-8.19471741E+00	1.18085684E+01	1.67726209E-02	-5.00587408E-02
-9.55157179E+00	1.26120721E+01	1.67057336E-02	-5.06864613E-02
-9.60962169E+00	1.15250191E+01	1.66383612E-02	-5.13158799E-02
-7.95926717E+00	9.55241203E+00	1.65704869E-02	-5.19471896E-02
-4.87134507E+00	7.78723725E+00	1.65020934E-02	-5.25805826E-02
-1.12639473E+00	6.96524362E+00	1.64331637E-02	-5.32162504E-02
2.35851928E+00	7.22204458E+00	1.63636804E-02	-5.38543841E-02
4.92423709E+00	8.13376282E+00	1.62936258E-02	-5.44951746E-02
6.40662033E+00	8.99206810E+00	1.62229825E-02	-5.51388128E-02
7.12094598E+00	9.16537446E+00	1.61517326E-02	-5.57854899E-02
7.62073590E+00	8.37285730E+00	1.60798579E-02	-5.64353977E-02
8.36249455E+00	6.75407914E+00	1.60073405E-02	-5.70887285E-02
9.44632752E+00	4.72411714E+00	1.59341618E-02	-5.77456756E-02
1.05591649E+01	2.70947235E+00	1.58603034E-02	-5.84064333E-02
1.11446784E+01	9.13592613E-01	1.57857463E-02	-5.90711973E-02
1.07116254E+01	-7.61650734E-01	1.57104717E-02	-5.97401650E-02
9.12383366E+00	-2.59810230E+00	1.56344603E-02	-6.04135351E-02
6.72279939E+00	-4.81290079E+00	1.55576927E-02	-6.10915086E-02
4.21422362E+00	-7.31901668E+00	1.54801493E-02	-6.17742885E-02
2.36469458E+00	-9.63792260E+00	1.54018102E-02	-6.24620801E-02
1.64947780E+00	-1.10371756E+01	1.53226554E-02	-6.31550914E-02
2.02128618E+00	-1.08532111E+01	1.52426648E-02	-6.38535330E-02
2.91773969E+00	-8.85856348E+00	1.51618177E-02	-6.45576186E-02
3.51480425E+00	-5.49320510E+00	1.50800937E-02	-6.52675648E-02
3.11563225E+00	-1.82474892E+00	1.49974719E-02	-6.59835919E-02
1.49451520E+00	7.84028214E-01	1.49139315E-02	-6.67059236E-02
-9.71327515E-01	1.18838625E+00	1.48294514E-02	-6.74347873E-02
-3.45671189E+00	-1.04923232E+00	1.47440104E-02	-6.81704146E-02
-5.07267646E+00	-5.40629581E+00	1.46575874E-02	-6.89130412E-02
-5.31072470E+00	-1.05096111E+01	1.45701611E-02	-6.96629071E-02
-4.33937675E+00	-1.45871111E+01	1.44817105E-02	-7.04202571E-02
-3.00076571E+00	-1.60974162E+01	1.43922144E-02	-7.11853406E-02
-2.48342729E+00	-1.42922916E+01	1.43016519E-02	-7.19584121E-02
-3.79382399E+00	-9.48770066E+00	1.42100024E-02	-7.27397314E-02
-7.24846040E+00	-2.93419847E+00	1.41172455E-02	-7.35295635E-02
-1.22143600E+01	3.66041482E+00	1.40233615E-02	-7.43281791E-02
-1.72317200E+01	8.76221096E+00	1.39283310E-02	-7.51358544E-02
-2.04960201E+01	1.15419080E+01	1.38321356E-02	-7.59528718E-02
-2.05233966E+01	1.20973248E+01	1.37347576E-02	-7.67795194E-02
-1.67386705E+01	1.12918428E+01	1.36361807E-02	-7.76160916E-02
-9.74763921E+00	1.02947675E+01	1.35363899E-02	-7.84628888E-02
-1.17674895E+00	1.00312896E+01	1.34353717E-02	-7.93202179E-02
6.86555207E+00	1.07805213E+01	1.33331151E-02	-8.01883919E-02
1.25014765E+01	1.20883389E+01	1.32296111E-02	-8.10677298E-02
1.46993940E+01	1.30203178E+01	1.31248540E-02	-8.19585569E-02
1.35639644E+01	1.26313168E+01	1.30188412E-02	-8.28612042E-02
1.02061013E+01	1.04367369E+01	1.29115748E-02	-8.37760085E-02
6.26494623E+00	6.67466432E+00	1.28030615E-02	-8.47033113E-02
3.28518869E+00	2.24418499E+00	1.26933140E-02	-8.56434591E-02
2.19603305E+00	-1.65065859E+00	1.25823522E-02	-8.65968018E-02
3.07930763E+00	-3.99340877E+00	1.24702043E-02	-8.75636925E-02
5.28338120E+00	-4.36949268E+00	1.23569086E-02	-8.85444855E-02
7.79548400E+00	-3.12541728E+00	1.22425154E-02	-8.95395353E-02
9.68918997E+00	-1.20988302E+00	1.21270894E-02	-9.05491942E-02
1.04536608E+01	2.27886605E-01	1.20107126E-02	-9.15738098E-02
1.00849836E+01	3.05698411E-01	1.18934878E-02	-9.26137220E-02
8.93906083E+00	-1.25666749E+00	1.17755428E-02	-9.36692588E-02
7.45358488E+00	-4.06829089E+00	1.16570360E-02	-9.47407311E-02
5.89531335E+00	-7.27632341E+00	1.15381629E-02	-9.58284267E-02
4.25950216E+00	-9.94556732E+00	1.14191645E-02	-9.69326018E-02
2.35933618E+00	-1.14331920E+01	1.13003376E-02	-9.80534712E-02
4.02175197E-02	-1.15973429E+01	1.11820485E-02	-9.91911951E-02
-2.61230098E+00	-1.07639056E+01	1.10647496E-02	-1.00345863E-01
-5.19932035E+00	-9.49092482E+00	1.09490019E-02	-1.01517472E-01
-7.12858028E+00	-8.26105242E+00	1.08355036E-02	-1.02705899E-01
-7.88350096E+00	-7.25761547E+00	1.07251286E-02	-1.03910865E-01
-7.31269883E+00	-6.32974464E+00	1.06189775E-02	-1.05131891E-01
-5.78785973E+00	-5.15234510E+00	1.05184467E-02	-1.06368228E-01
-4.12956760E+00	-3.48644172E+00	1.04253247E-02	-1.07618779E-01
-3.30606303E+00	-1.39338900E+00	1.03419257E-02	-1.08881980E-01
-4.02079414E+00	7.21739489E-01	1.02712818E-02	-1.10155639E-01
-6.36829917E+00	2.27632264E+00	1.02174233E-02	-1.11436710E-01
-9.72172657E+00	2.81546741E+00	1.01857995E-02	-1.12720964E-01
-1.29223814E+01	2.30656049E+00	1.01839293E-02	-1.14002507E-01
-1.47109292E+01	1.26407787E+00	1.02224458E-02	-1.15273049E-01
-1.42290618E+01	6.14818690E-01	1.03168556E-02	-1.16520785E-01
-1.13804597E+01	1.33246258E+00	1.04907111E-02	-1.17728628E-01
-6.89153107E+00	3.98503675E+00	1.07820270E-02	-1.18871512E-01
-2.03605552E+00	8.39522804E+00	1.12599270E-02	-1.19913142E-01
1.86878885E+00	1.35815872E+01	1.21143486E-02	-1.20804445E-01
3.98687671E+00	1.80377181E+01	1.30936192E-02	-1.20496988E-01
4.28701157E+00	2.02620741E+01	1.48979926E-02	-1.20813439E-01
3.52740095E+00	1.93357098E+01	1.86422920E-02	-1.19319676E-01
2.90516411E+00	1.53116078E+01	2.71493680E-02	-1.13364908E-01
3.51835347E+00	9.24541480E+00	5.38152825E-02	-7.49109145E-02
5.86896085E+00	2.83886041E+00	-9.05962730E-02	-1.10593328E-01
9.61889503E+00	-2.17431192E+00	-3.47378331E-02	-1.25497397E-01
1.37036023E+01	-4.66134342E+00	-5.62229982E-02	-9.23150583E-02
1.67558597E+01	-4.49188063E+00	-3.42381131E-02	-1.74004960E-01
1.76607272E+01	-2.54858068E+00	-2.93675583E-02	-1.52915474E-01
1.60081235E+01	-3.44903489E-01	-6.29873501E-02	-1.40457507E-01
1.22549199E+01	5.93964182E-01	1.02211612E-02	-2.49302111E-01
7.53347182E+00	-6.62015791E-01	1.10324907E-02	-1.90358034E-01
3.19359906E+00	-4.09249700E+00	6.19451668E-03	-1.81637255E-01
2.75432154E-01	-8.75574248E+00	3.75426601E-03	-1.79695883E-01
-8.65484110E-01	-1.31765083E+01	2.06463517E-03	-1.79867696E-01
-6.30568125E-01	-1.59250046E+01	1.16642185E-03	-1.81974812E-01
6.86131034E-02	-1.61504424E+01	4.18519475E-04	-1.83911372E-01
2.56082021E-01	-1.38633737E+01	-3.05502035E-04	-1.86451356E-01
-6.65102822E-01	-9.87402738E+00	-9.90938964E-04	-1.89392572E-01
-2.66418051E+00	-5.43802873E+00	-1.61341872E-03	-1.92668506E-01
-5.12911703E+00	-1.77426001E+00	-2.24735085E-03	-1.96227787E-01
-7.17540075E+00	3.43685436E-01	-2.88452058E-03	-2.00070794E-01
-8.07000975E+00	7.71510314E-01	-3.53493717E-03	-2.04191736E-01
-7.57724518E+00	-8.73593003E-02	-4.20246437E-03	-2.08592708E-01
-6.07372199E+00	-1.55285823E+00	-4.89831234E-03	-2.13277341E-01
-4.38665794E+00	-2.98081197E+00	-5.65759591E-03	-2.18244754E-01
-3.43343605E+00	-3.97097008E+00	-6.46942658E-03	-2.23517842E-01
-3.82576386E+00	-4.39444195E+00	-8.08081900E-03	-2.29425112E-01
-5.61184300E+00	-4.26454550E+00	-7.93923812E-03	-2.35631665E-01
-8.26272329E+00	-3.55545437E+00	-9.33402051E-03	-2.41568503E-01
-1.08971483E+01	-2.09490281E+00	-9.77969452E-03	-2.49927906E-01
-1.26345795E+01	3.88847733E-01	-1.05425098E-02	-2.56997193E-01
-1.29157871E+01	4.07557690E+00	-1.14806388E-02	-2.64850864E-01
-1.16553642E+01	8.81525327E+00	-1.30553282E-02	-2.72657539E-01
-9.17653501E+00	1.39828387E+01	-1.41092668E-02	-2.83513514E-01
-5.98355817E+00	1.85353529E+01	-1.49639872E-02	-2.93569487E-01
-2.50081607E+00	2.12913768E+01	-1.57724294E-02	-3.03952424E-01
1.08414344E+00	2.13440596E+01	-1.93972775E-02	-3.17335314E-01
4.79664981E+00	1.84416043E+01	-2.00016308E-02	-3.31083163E-01
8.69182053E+00	1.31633036E+01	-2.14608783E-02	-3.46284396E-01
1.26225604E+01	6.79219896E+00	-2.29929539E-02	-3.63068447E-01
1.61025627E+01	9.08895288E-01	-2.47138863E-02	-3.81964175E-01
1.83683475E+01	-3.14794828E+00	-2.65565755E-02	-4.03375322E-01
1.86472817E+01	-4.74452440E+00	-2.84704382E-02	-4.27853136E-01
1.65290218E+01	-4.15132262E+00	-3.04219050E-02	-4.56105770E-01
1.22688680E+01	-2.39588956E+00	-3.22436027E-02	-4.89072831E-01
6.85960793E+00	-8.27263096E-01	-3.43019420E-02	-5.28529270E-01
1.79576559E+00	-5.69713662E-01	-3.53563216E-02	-5.76052330E-01
-1.41388255E+00	-2.08875424E+00	-3.52776473E-02	-6.34690694E-01
-1.81031316E+00	-5.04358488E+00	-3.24776277E-02	-7.09198605E-01
6.02378619E-01	-8.47773352E+00	-2.32059288E-02	-8.07294013E-01
4.77841765E+00	-1.12562305E+01	3.68312126E-03	-9.42951319E-01
8.94586052E+00	-1.25550620E+01	9.55693804E-02	-1.14213608E+00
1.12180909E+01	-1.21909863E+01	6.96499577E-01	-1.20831103E+00
1.02787641E+01	-1.06540863E+01	-5.10913691E-01	-1.34983225E+00
5.87956914E+00	-8.83854927E+00	-3.20511146E-01	-2.64302420E+00
-1.04334254E+00	-7.60041439E+00	1.22356521E+00	-6.53297547E+00
-8.68275485E+00	-7.34593816E+00	5.95436697E+00	6.29104159E+00
-1.49860040E+01	-7.83825554E+00	8.73197982E-01	2.59844779E+00
-1.83561574E+01	-8.31072986E+00	1.31149033E-01	1.29552473E+00
-1.81679160E+01	-7.83703033E+00	1.24642430E+00	6.48318575E-01
-1.49163184E+01	-5.79184443E+00	5.14567125E-01	8.88863580E-01
-9.96398417E+00	-2.19353925E+00	3.34439929E-01	7.07136088E-01
-5.00725678E+00	2.23016706E+00	2.52894067E-01	5.75466792E-01
-1.48049828E+00	6.29221428E+00	2.04882624E-01	4.78631699E-01
-1.23663068E-01	8.81252911E+00	1.72983403E-01	4.04124861E-01
-8.54123452E-01	9.10574518E+00	1.50193051E-01	3.44849383E-01
-2.94993949E+00	7.28374062E+00	1.33044381E-01	2.96431568E-01
-5.42743185E+00	4.24335201E+00	1.19654359E-01	2.55922743E-01
-7.43257757E+00	1.34134767E+00	1.08926462E-01	2.21429534E-01
-8.48551564E+00	-1.11772899E-01	1.00049468E-01	1.91572866E-01
-8.50480195E+00	6.64523104E-01	9.23965561E-02	1.64682651E-01
-7.64856837E+00	3.64870094E+00	8.66196894E-02	1.41496784E-01
-6.09133419E+00	8.05315818E+00	8.12388566E-02	1.20433037E-01
-3.87204314E+00	1.26362111E+01	7.65602897E-02	1.01200873E-01
-8.97052759E-01	1.61493851E+01	7.24439828E-02	8.34865382E-02
2.91003765E+00	1.77360537E+01	6.87916685E-02	6.70543691E-02
7.40480969E+00	1.71344295E+01	6.55005239E-02	5.16998162E-02
1.20933655E+01	1.46342212E+01	6.24541596E-02	3.73345336E-02
1.61753611E+01	1.08458552E+01	5.92008228E-02	2.42403764E-02
1.87710155E+01	6.41434059E+00	5.39534290E-02	6.97150474E-03
1.92480121E+01	1.81593420E+00	5.57668323E-02	-6.18386183E-03
1.75033642E+01	-2.68360691E+00	5.36459715E-02	-1.72750719E-02
1.40615168E+01	-6.92306513E+00	4.82072915E-02	-3.07162444E-02
9.92362440E+00	-1.06851428E+01	4.98107367E-02	-4.47448711E-02
6.21243371E+00	-1.36008878E+01	4.85495225E-02	-5.68707468E-02
3.75283834E+00	-1.52002794E+01	4.71884305E-02	-6.95428645E-02
2.76494830E+00	-1.51057902E+01	4.59081485E-02	-8.26147429E-02
2.80502633E+00	-1.32782484E+01	4.47310708E-02	-9.61516781E-02
2.98575419E+00	-1.01788359E+01	4.36686886E-02	-1.10269383E-01
2.38578120E+00	-6.73362365E+00	4.27239745E-02	-1.25125492E-01
4.73405204E-01	-4.07135022E+00	4.18908202E-02	-1.40892819E-01
-2.64043459E+00	-3.11434770E+00	4.12066068E-02	-1.58011218E-01
-6.23283754E+00	-4.18546332E+00	4.07826391E-02	-1.76499763E-01
-9.27318567E+00	-6.80862120E+00	4.05740538E-02	-1.96965236E-01
-1.08701809E+01	-9.81470256E+00	4.07227101E-02	-2.20024717E-01
-1.06661821E+01	-1.17416574E+01	4.14545868E-02	-2.46669455E-01
-9.00403506E+00	-1.13895026E+01	4.33614941E-02	-2.78743829E-01
-6.78966748E+00	-8.31376862E+00	4.89464342E-02	-3.21008475E-01
-5.10677814E+00	-3.05186395E+00	9.45363394E-02	-3.92926554E-01
-4.74964394E+00	3.02441471E+00	5.72881594E-02	-3.36002248E-01
-5.87777439E+00	8.18874571E+00	5.15958872E-02	-4.36194036E-01
-7.94460651E+00	1.09943193E+01	1.36562300E-01	-5.69930081E-01
-9.93360081E+00	1.08164888E+01	1.04167634E-01	-5.85511712E-01
-1.08007258E+01	8.09015868E+00	1.37739557E-01	-7.76125820E-01
-9.93131151E+00	4.14711781E+00	2.63726555E-01	-1.11521959E+00
-7.41177235E+00	7.16595675E-01	1.02940800E+00	-2.04411560E+00
-3.99642619E+00	-7.15542902E-01	2.52941765E+00	2.03596822E+00
-7.82039088E-01	5.58741399E-01	-1.30277624E-01	2.00485427E-01
1.26984026E+00	4.24141413E+00	5.43334612E-01	-1.75210374E+00
1.75577336E+00	9.17982670E+00	1.61109449E+00	-5.48709345E-01
1.01430198E+00	1.38201966E+01	6.89324253E-01	1.37471887E+00
-1.09955819E-02	1.67720219E+01	2.62422811E-01	7.90561866E-01
-1.73389351E-01	1.72615736E+01	1.68041755E-01	5.37928260E-01
1.37937312E+00	1.53131181E+01	1.92727196E-01	4.32734196E-01
4.82130986E+00	1.16183207E+01	5.94807350E-02	3.30122206E-01
9.53884258E+00	7.18291130E+00	4.91626650E-02	2.31135633E-01
1.43399205E+01	2.92061912E+00	5.84595692E-02	1.20143048E-01
1.78927435E+01	-6.33553700E-01	8.23385077E-02	1.88070262E-01
1.92126023E+01	-3.39062128E+00	4.36608926E-02	1.18691654E-01
1.80014119E+01	-5.56439112E+00	3.27449617E-02	6.79371616E-02
1.47127017E+01	-7.42136632E+00	2.66835623E-02	1.94411126E-02
1.03331638E+01	-9.06572417E+00	5.51787050E-02	-7.47136277E-03
5.98788704E+00	-1.03690635E+01	1.73911314E-02	-4.81406059E-02
2.54063423E+00	-1.10709446E+01	9.63975556E-03	-1.01910853E-01
3.48087250E-01	-1.09837133E+01	1.13643688E-02	-1.78138867E-01
-7.52347833E-01	-1.01791875E+01	6.96820699E-02	-1.91567692E-01
-1.24899334E+00	-9.04247729E+00	6.90203514E-03	-2.47031350E-01
-1.67049567E+00	-8.14554179E+00	-2.97766121E-03	-3.68104225E-01
-2.34979963E+00	-7.98718905E+00	1.52518449E-02	-5.94269607E-01
-3.33858674E+00	-8.72096398E+00	9.35639645E-01	-6.55685797E-01
-4.48846642E+00	-1.00101834E+01	8.01327808E-01	-6.14697094E-01
-5.62868248E+00	-1.10992105E+01	6.75670737E-02	-3.66570422E-01
-6.72417071E+00	-1.10930766E+01	2.72177319E-01	-1.30939522E+00
-7.91418277E+00	-9.33783898E+00	1.90415448E+00	-1.06217519E+00
-9.40131359E+00	-5.73851985E+00	1.48547750E+00	1.33527410E+00
-1.12482493E+01	-8.68042662E-01	1.28698115E-01	5.16244922E-01
-1.32001346E+01	4.19517426E+00	-8.11401042E-02	-3.84567481E-01
-1.46515798E+01	8.24702677E+00	2.70099572E+00	4.20554971E-01
-1.48147264E+01	1.04039980E+01	6.58063262E-01	8.43208342E-01
-1.30455000E+01	1.04312771E+01	3.77637100E-01	5.96155469E-01
-9.19576178E+00	8.81441724E+00	2.85466325E-01	4.43913785E-01
-3.82429134E+00	6.54377930E+00	2.50970199E-01	3.38415436E-01
1.85895681E+00	4.70340220E+00	2.59308771E-01	3.25956262E-01
6.33580898E+00	4.03945192E+00	1.90448750E-01	2.52932330E-01
8.30490971E+00	4.69087890E+00	1.77948592E-01	1.82448159E-01
7.19269214E+00	6.19253113E+00	2.61580679E-01	1.47314913E-01
3.44062370E+00	7.74030586E+00	1.81667555E-01	1.29421093E-01
-1.56598445E+00	8.59222841E+00	1.78562980E-01	7.10529664E-02
-5.92609186E+00	8.42003195E+00	1.92138048E-01	1.61617928E-02
-7.86373992E+00	7.44955349E+00	2.03066168E-01	-4.07071468E-02
-6.34760486E+00	6.32491979E+00	2.33162988E-01	-1.23324935E-01
-1.45729001E+00	5.75834601E+00	3.20027514E-01	-2.48072267E-01
5.64104434E+00	6.12782831E+00	7.21162809E-01	-4.40603452E-01
1.30975391E+01	7.21368412E+00	4.54835426E-01	6.92424584E-01
1.90039191E+01	8.20781700E+00	6.44038693E-02	-1.72302421E-01
2.20050641E+01	8.01069704E+00	3.62923881E-01	-7.85813871E-01
2.16756496E+01	5.70194817E+00	3.09387175E+00	1.45126704E-01
1.85419892E+01	9.87861636E-01	2.63196048E-01	1.38737828E+00
1.37729345E+01	-5.56987547E+00	-6.18098508E-02	2.02711943E-01
8.68954258E+00	-1.26544728E+01	5.62641929E-01	-1.05722376E+00
4.30058979E+00	-1.85992557E+01	1.77272744E+00	1.29383211E+00
1.04003237E+00	-2.19473954E+01	1.58313831E-01	1.15648790E+00
-1.21853013E+00	-2.19509014E+01	3.48660523E-02	6.63190220E-01
-2.91927824E+00	-1.88173589E+01	4.37660741E-01	4.27642532E-01
-4.49463458E+00	-1.36144603E+01	2.68465911E-01	8.26017587E-01
-6.11251293E+00	-7.87832431E+00	1.10353689E-01	6.41288022E-01
-7.61159779E+00	-3.08484967E+00	7.97620548E-02	5.51365624E-01
-8.63649235E+00	-1.87931086E-01	6.78028564E-02	4.92485118E-01
-8.88621690E+00	6.11291743E-01	6.32053930E-02	4.54966212E-01
-8.33765405E+00	-1.96753525E-01	5.54271786E-02	4.21841703E-01
-7.32251112E+00	-1.72388059E+00	5.23154548E-02	3.94595047E-01
-6.41201555E+00	-3.06563633E+00	5.04344493E-02	3.71571364E-01
-6.16060513E+00	-3.60836578E+00	4.88499767E-02	3.53748495E-01
-6.83172986E+00	-3.15312962E+00	4.73580969E-02	3.36920297E-01
-8.24137738E+00	-1.84260865E+00	4.60906482E-02	3.22294884E-01
-9.80206155E+00	3.24048662E-02	4.52139595E-02	3.09260929E-01
-1.07565214E+01	2.22538728E+00	4.42100727E-02	2.97571026E-01
-1.05001380E+01	4.62215505E+00	4.41841675E-02	2.86606543E-01
-8.84665071E+00	7.19019008E+00	4.35780496E-02	2.77218109E-01
-6.11459743E+00	9.83732457E+00	4.30795223E-02	2.68456765E-01
-2.99226873E+00	1.22819479E+01	4.26615578E-02	2.60374770E-01
-2.40253021E-01	1.40348469E+01	4.23242662E-02	2.52916197E-01
1.63390301E+00	1.45349409E+01	4.21431963E-02	2.46122139E-01
2.58013231E+00	1.33957621E+01	4.04260364E-02	2.40306744E-01
2.99501805E+00	1.06493793E+01	4.07599078E-02	2.33206839E-01
3.50027765E+00	6.85654847E+00	4.06431068E-02	2.27504241E-01
4.61352494E+00	2.99920052E+00	4.04432684E-02	2.22141191E-01
6.46653506E+00	1.65884067E-01	4.02435097E-02	2.17075559E-01
8.70728228E+00	-8.59433110E-01	4.00909108E-02	2.12276982E-01
1.06390859E+01	6.33190952E-02	4.02678199E-02	2.07852118E-01
1.15401025E+01	2.31753200E+00	3.92384685E-02	2.03819825E-01
1.10192481E+01	4.71361638E+00	3.91348614E-02	1.99529897E-01
9.24119775E+00	5.91705549E+00	3.89799695E-02	1.95575440E-01
6.90607927E+00	4.96128654E+00	3.88081900E-02	1.91841666E-01
4.97707992E+00	1.64107112E+00	3.86327787E-02	1.88279980E-01
4.26430547E+00	-3.37788811E+00	3.84591367E-02	1.84874662E-01
5.04409443E+00	-8.78630390E+00	3.82893491E-02	1.81613261E-01
6.88632906E+00	-1.31120822E+01	3.81270672E-02	1.78485301E-01
8.77860430E+00	-1.52658789E+01	3.79532656E-02	1.75497217E-01
9.51015563E+00	-1.49343787E+01	3.77948393E-02	1.72601901E-01
8.16442219E+00	-1.26654447E+01	3.76406924E-02	1.69822863E-01
4.51712609E+00	-9.61505656E+00	3.74899289E-02	1.67146718E-01
-8.29326373E-01	-7.06374176E+00	3.73427013E-02	1.64566676E-01
-6.63757262E+00	-5.90233775E+00	3.71989653E-02	1.62076933E-01
-1.14808133E+01	-6.29530939E+00	3.70586245E-02	1.59672238E-01
-1.42641782E+01	-7.65206915E+00	3.69215739E-02	1.57347753E-01
-1.46125371E+01	-8.90685054E+00	3.67877522E-02	1.55098950E-01
-1.29713223E+01	-8.98116266E+00	3.66571647E-02	1.52921893E-01
-1.03862553E+01	-7.23264936E+00	3.65302747E-02	1.50810406E-01
-8.05966705E+00	-3.70809695E+00	3.64285403E-02	1.48777082E-01
-6.86976609E+00	8.92313935E-01	3.62817081E-02	1.46797099E-01
-7.04830125E+00	5.50819969E+00	3.61608375E-02	1.44869975E-01
-8.13967508E+00	9.13333326E+00	3.60431931E-02	1.43000724E-01
-9.24346782E+00	1.11730914E+01	3.59280288E-02	1.41184863E-01
-9.42519091E+00	1.16032247E+01	3.58151990E-02	1.39419667E-01
-8.11629039E+00	1.08830787E+01	3.57050493E-02	1.37702820E-01
-5.33887857E+00	9.68553318E+00	3.55963876E-02	1.36032314E-01
-1.67379162E+00	8.58060004E+00	3.54900442E-02	1.34405714E-01
1.99647881E+00	7.81843740E+00	3.53857460E-02	1.32821320E-01
4.84577669E+00	7.29991958E+00	3.52834074E-02	1.31277341E-01
6.40569178E+00	6.72826050E+00	3.51829630E-02	1.29772097E-01
6.69013508E+00	5.84876259E+00	3.50843478E-02	1.28304010E-01
6.11006000E+00	4.64552136E+00	3.49875122E-02	1.26871574E-01
5.24061417E+00	3.39037214E+00	3.48923972E-02	1.25473400E-01
4.56280772E+00	2.51644083E+00	3.47989508E-02	1.24108148E-01
4.30071823E+00	2.37871398E+00	3.47071236E-02	1.22774559E-01
4.41718015E+00	3.02368002E+00	3.46168721E-02	1.21471429E-01
4.74624528E+00	4.09047078E+00	3.45281500E-02	1.20197668E-01
5.17152175E+00	4.90622455E+00	3.44409201E-02	1.18952071E-01
5.73945384E+00	4.74621752E+00	3.43552440E-02	1.17733999E-01
6.63502394E+00	3.14796423E+00	3.42706868E-02	1.16541954E-01
8.02490005E+00	1.36832724E-01	3.41876445E-02	1.15375220E-01
9.85090547E+00	-3.74500031E+00	3.41059316E-02	1.14232752E-01
1.16950559E+01	-7.62847047E+00	3.40274631E-02	1.13112683E-01
1.28146913E+01	-1.06496116E+01	3.39485706E-02	1.12021568E-01
1.23699201E+01	-1.22802035E+01	3.38688840E-02	1.10947158E-01
9.76967105E+00	-1.25110335E+01	3.37918269E-02	1.09894657E-01
4.99244591E+00	-1.18057731E+01	3.37156604E-02	1.08861867E-01
-1.27088543E+00	-1.08464038E+01	3.36457877E-02	1.07852662E-01
-7.74319673E+00	-1.01866906E+01	3.35695592E-02	1.06861288E-01
-1.29380210E+01	-9.97451003E+00	3.34971443E-02	1.05888005E-01
-1.56588337E+01	-9.87539080E+00	3.34259294E-02	1.04933151E-01
-1.54297352E+01	-9.23959009E+00	3.33558771E-02	1.03996040E-01
-1.26819944E+01	-7.44281131E+00	3.32867127E-02	1.03076163E-01
-8.61142839E+00	-4.24674624E+00	3.32186009E-02	1.02172909E-01
-4.75145329E+00	-8.93801616E-03	3.31514679E-02	1.01285831E-01
-2.42199811E+00	4.36829914E+00	3.30852968E-02	1.00414449E-01
-2.26637443E+00	7.74756997E+00	3.30200531E-02	9.95583327E-02
-4.05385692E+00	9.20598609E+00	3.29557320E-02	9.87170230E-02
-6.81872335E+00	8.43727516E+00	3.28923301E-02	9.78901036E-02
-9.27125035E+00	5.92977249E+00	3.28298780E-02	9.70772038E-02
-1.03090484E+01	2.83137674E+00	3.27683877E-02	9.62778140E-02
-9.42240204E+00	5.41248331E-01	3.27084135E-02	9.54916489E-02
-6.83822521E+00	1.83354809E-01	3.26536845E-02	9.47237448E-02
-3.36072626E+00	2.16961566E+00	3.25848956E-02	9.39607908E-02
6.31646186E-03	6.02743140E+00	3.25270994E-02	9.32111978E-02
2.48446332E+00	1.05611825E+01	3.24695644E-02	9.24743456E-02
3.81098855E+00	1.42838120E+01	3.24126232E-02	9.17491212E-02
4.28019407E+00	1.59484767E+01	3.23564073E-02	9.10348606E-02
4.53448769E+00	1.49749428E+01	3.23015519E-02	9.03299969E-02
5.21300797E+00	1.16139104E+01	3.22548091E-02	8.96463066E-02
6.62299494E+00	6.80232512E+00	3.21972798E-02	8.89688562E-02
8.58173091E+00	1.78642353E+00	3.21385214E-02	8.82946231E-02
1.04949070E+01	-2.32498310E+00	3.20851041E-02	8.76325905E-02
1.16290037E+01	-4.90032627E+00	3.20325580E-02	8.69808921E-02
1.14494828E+01	-5.90082490E+00	3.19806324E-02	8.63388112E-02
9.87068076E+00	-5.75749693E+00	3.19291810E-02	8.57057329E-02
7.30698895E+00	-5.09539706E+00	3.18783474E-02	8.50791143E-02
4.50662839E+00	-4.44475861E+00	3.18348768E-02	8.44716491E-02
2.24659945E+00	-4.06622227E+00	3.17820626E-02	8.38653505E-02
1.02641937E+00	-3.94884629E+00	3.17326707E-02	8.32677684E-02
8.93647626E-01	-3.95027236E+00	3.16842337E-02	8.26786996E-02
1.46997631E+00	-3.98120469E+00	3.16364722E-02	8.20978241E-02
2.15380701E+00	-4.12196701E+00	3.15893063E-02	8.15249174E-02
2.39699237E+00	-4.60197477E+00	3.15427004E-02	8.09597858E-02
1.92529220E+00	-5.65056619E+00	3.14966331E-02	8.04022509E-02
8.05672591E-01	-7.30060121E+00	3.14510889E-02	7.98521436E-02
-6.58427020E-01	-9.25794611E+00	3.14060553E-02	7.93093020E-02
-2.13810978E+00	-1.09238018E+01	3.13615212E-02	7.87735697E-02
-3.47980014E+00	-1.15842236E+01	3.13174766E-02	7.82447958E-02
-4.78655868E+00	-1.06964003E+01	3.12739120E-02	7.77228342E-02
-6.33262621E+00	-8.14547895E+00	3.12308185E-02	7.72075432E-02
-8.35083851E+00	-4.34754834E+00	3.11881876E-02	7.66987851E-02
-1.08024879E+01	-1.36014107E-01	3.11460110E-02	7.61964266E-02
-1.32573135E+01	3.53602936E+00	3.11042809E-02	7.57003378E-02
-1.49665700E+01	5.95865093E+00	3.10629894E-02	7.52103928E-02
-1.51231260E+01	6.93781743E+00	3.10221291E-02	7.47264690E-02
-1.32095552E+01	6.85484611E+00	3.09816927E-02	7.42484474E-02
-9.28207909E+00	6.47869123E+00	3.09416731E-02	7.37762119E-02
-4.05224389E+00	6.60552340E+00	3.09020632E-02	7.33096500E-02
1.29318311E+00	7.67947960E+00	3.08628565E-02	7.28486518E-02
5.48259051E+00	9.56241115E+00	3.08240461E-02	7.23931106E-02
7.61347571E+00	1.15605530E+01	3.07856258E-02	7.19429224E-02
7.48698395E+00	1.27065287E+01	3.07475892E-02	7.14979859E-02
5.68114121E+00	1.21828543E+01	3.07099301E-02	7.10582026E-02
3.32435898E+00	9.70731309E+00	3.06726425E-02	7.06234763E-02
1.65389768E+00	5.71111908E+00	3.06357206E-02	7.01937134E-02
1.53441089E+00	1.22474249E+00	3.05991585E-02	6.97688227E-02
3.13023606E+00	-2.49128979E+00	3.05629507E-02	6.93487151E-02
5.86286631E+00	-4.42450351E+00	3.05270915E-02	6.89333041E-02
8.66767287E+00	-4.20299892E+00	3.04915758E-02	6.85225049E-02
1.04408097E+01	-2.24108140E+00	3.04563980E-02	6.81162352E-02
1.04902403E+01	4.22277161E-01	3.04215531E-02	6.77144144E-02
8.80615525E+00	2.52631882E+00	3.03870361E-02	6.73169640E-02
6.04437221E+00	3.06901418E+00	3.03528419E-02	6.69238074E-02
3.23759782E+00	1.67275080E+00	3.03189658E-02	6.65348699E-02
1.36183278E+00	-1.30583256E+00	3.02854029E-02	6.61500783E-02
9.41501550E-01	-4.95445391E+00	3.02521486E-02	6.57693616E-02
1.85468418E+00	-8.18632662E+00	3.02191983E-02	6.53926500E-02
3.41067482E+00	-1.01594907E+01	3.01865477E-02	6.50198756E-02
4.65583017E+00	-1.05633520E+01	3.01541922E-02	6.46509719E-02
4.77059055E+00	-9.66665013E+00	3.01221276E-02	6.42858742E-02
3.38941781E+00	-8.12738521E+00	3.00903498E-02	6.39245190E-02
7.16979447E-01	-6.66531941E+00	3.00588545E-02	6.35668444E-02
-2.59281646E+00	-5.74869500E+00	3.00276377E-02	6.32127899E-02
-5.72601729E+00	-5.42905850E+00	2.99966955E-02	6.28622962E-02
-8.03064433E+00	-5.38279883E+00	2.99660240E-02	6.25153055E-02
-9.23269525E+00	-5.12142001E+00	2.99356193E-02	6.21717613E-02
-9.46509346E+00	-4.25889910E+00	2.99054777E-02	6.18316081E-02
-9.11852208E+00	-2.70589570E+00	2.98755956E-02	6.14947919E-02
-8.60293399E+00	-7.03069605E-01	2.98459694E-02	6.11612598E-02
-8.14230004E+00	1.31279290E+00	2.98165954E-02	6.08309599E-02
-7.69940747E+00	2.93511419E+00	2.97874703E-02	6.05038415E-02
-7.05687108E+00	3.98907082E+00	2.97585907E-02	6.01798550E-02
-6.00019033E+00	4.60632111E+00	2.97299531E-02	5.98589520E-02
-4.49766024E+00	5.13558817E+00	2.97015544E-02	5.95410849E-02
-2.77462200E+00	5.93437900E+00	2.96733913E-02	5.92262071E-02
-1.23435012E+00	7.14772131E+00	2.96454606E-02	5.89142731E-02
-2.58096764E-01	8.58893564E+00	2.96177593E-02	5.86052383E-02
1.68125667E-02	9.79003261E+00	2.95902843E-02	5.82990591E-02
-1.77342509E-01	1.02071721E+01	2.95630327E-02	5.79956925E-02
-2.88268035E-01	9.48853203E+00	2.95360014E-02	5.76950968E-02
3.33546119E-01	7.67563751E+00	2.95091876E-02	5.73972308E-02
2.12684066E+00	5.23359814E+00	2.94825884E-02	5.71020544E-02
5.06432363E+00	2.88158707E+00	2.94562012E-02	5.68095280E-02
8.57618414E+00	1.28852771E+00	2.94300230E-02	5.65196131E-02
1.17068676E+01	7.67107362E-01	2.94040514E-02	5.62322717E-02
1.34580628E+01	1.10893433E+00	2.93782835E-02	5.59474668E-02
1.31841295E+01	1.64769446E+00	2.93527169E-02	5.56651619E-02
1.08741812E+01	1.53821471E+00	2.93273489E-02	5.53853213E-02
7.19455117E+00	1.40536715E-01	2.93021771E-02	5.51079101E-02
3.26185447E+00	-2.65589228E+00	2.92771990E-02	5.48328939E-02
2.30036085E-01	-6.31588146E+00	2.92524122E-02	5.45602391E-02
-1.14415437E+00	-9.81481737E+00	2.92278143E-02	5.42899126E-02
-7.79858339E-01	-1.20172515E+01	2.92034029E-02	5.40218820E-02
7.20248694E-01	-1.21294482E+01	2.91791758E-02	5.37561157E-02
2.33670056E+00	-1.00399935E+01	2.91551307E-02	5.34925823E-02
3.06337673E+00	-6.40307301E+00	2.91312653E-02	5.32312513E-02
2.32206017E+00	-2.42196764E+00	2.91075775E-02	5.29720927E-02
1.89970459E-01	5.87055914E-01	2.90840652E-02	5.27150770E-02
-2.65133172E+00	1.67959218E+00	2.90607261E-02	5.24601752E-02
-5.21931149E+00	6.25394989E-01	2.90375582E-02	5.22073590E-02
-6.65407888E+00	-2.02476896E+00	2.90145596E-02	5.19566005E-02
-6.58171095E+00	-5.16825576E+00	2.89917280E-02	5.17078722E-02
-5.26529617E+00	-7.57735120E+00	2.89690617E-02	5.14611474E-02
-3.48411090E+00	-8.34962740E+00	2.89465585E-02	5.12163997E-02
-2.19713918E+00	-7.20550214E+00	2.89242167E-02	5.09736030E-02
-2.13660247E+00	-4.52676999E+00	2.89020342E-02	5.07327319E-02
-3.50278271E+00	-1.14052902E+00	2.88800093E-02	5.04937615E-02
-5.88391676E+00	2.04389494E+00	2.88581401E-02	5.02566671E-02
-8.42665588E+00	4.38489553E+00	2.88364249E-02	5.00214246E-02
-1.01770841E+01	5.70326336E+00	2.88148617E-02	4.97880102E-02
-1.04449260E+01	6.25668107E+00	2.87934489E-02	4.95564008E-02
-9.04172929E+00	6.52912089E+00	2.87721848E-02	4.93265733E-02
-6.30547872E+00	6.94818063E+00	2.87510677E-02	4.90985052E-02
-2.91970742E+00	7.66615632E+00	2.87300958E-02	4.88721745E-02
3.78538818E-01	8.50102509E+00	2.87092676E-02	4.86475593E-02
3.06790736E+00	9.05254064E+00	2.86885815E-02	4.84246383E-02
4.97722663E+00	8.92519556E+00	2.86680358E-02	4.82033905E-02
6.24395700E+00	7.94241558E+00	2.86476290E-02	4.79837952E-02
7.13973975E+00	6.24567560E+00	2.86273595E-02	4.77658321E-02
7.86495898E+00	4.23203237E+00	2.86072258E-02	4.75494811E-02
8.42106780E+00	2.36421905E+00	2.85872265E-02	4.73347227E-02
8.62312825E+00	9.50094332E-01	2.85673600E-02	4.71215375E-02
8.23945808E+00	3.06933507E-03	2.85476248E-02	4.69099065E-02
7.17783217E+00	-7.44753166E-01	2.85280196E-02	4.66998109E-02
5.61143962E+00	-1.68046142E+00	2.85085429E-02	4.64912325E-02
3.96591512E+00	-3.07784813E+00	2.84891934E-02	4.62841531E-02
2.75819437E+00	-4.91121235E+00	2.84699696E-02	4.60785549E-02
2.35541914E+00	-6.81412255E+00	2.84508703E-02	4.58744204E-02
2.76969441E+00	-8.21489337E+00	2.84318940E-02	4.56717323E-02
3.59750307E+00	-8.59518648E+00	2.84130395E-02	4.54704737E-02
4.15162170E+00	-7.75446827E+00	2.83943055E-02	4.52706279E-02
3.74478414E+00	-5.95216655E+00	2.83756907E-02	4.50721784E-02
2.00861411E+00	-3.84867536E+00	2.83571938E-02	4.48751091E-02
-8.95235286E-01	-2.25546972E+00	2.83388136E-02	4.46794041E-02
-4.27715200E+00	-1.79392237E+00	2.83205489E-02	4.44850476E-02
-7.15216972E+00	-2.61081591E+00	2.83023984E-02	4.42920243E-02
-8.61924362E+00	-4.28207331E+00	2.82843611E-02	4.41003189E-02
-8.23383473E+00	-5.95955637E+00	2.82664356E-02	4.39099165E-02
-6.21490790E+00	-6.71090897E+00	2.82486209E-02	4.37208024E-02
-3.39084690E+00	-5.91506257E+00	2.82309158E-02	4.35329621E-02
-8.95814262E-01	-3.54551790E+00	2.82133192E-02	4.33463813E-02
2.66399866E-01	-2.15171695E-01	2.81958300E-02	4.31610459E-02
-3.84471446E-01	3.04578547E+00	2.81784470E-02	4.29769420E-02
-2.61592154E+00	5.19450830E+00	2.81611693E-02	4.27940561E-02
-5.57565287E+00	5.59870883E+00	2.81439957E-02	4.26123746E-02
-8.12901443E+00	4.30299703E+00	2.81269253E-02	4.24318844E-02
-9.30251200E+00	2.02541202E+00	2.81099568E-02	4.22525723E-02
-8.65249828E+00	-1.18125019E-01	2.80930894E-02	4.20744256E-02
-6.41148752E+00	-1.05145866E+00	2.80763221E-02	4.18974315E-02
-3.35905745E+00	-1.61487330E-01	2.80596537E-02	4.17215777E-02
-4.79367744E-01	2.46231592E+00	2.80430835E-02	4.15468517E-02
1.44599771E+00	6.06458438E+00	2.80266103E-02	4.13732415E-02
2.13899135E+00	9.51567603E+00	2.80102332E-02	4.12007351E-02
1.89929844E+00	1.17347743E+01	2.79939514E-02	4.10293207E-02
1.43080715E+00	1.20727507E+01	2.79777638E-02	4.08589868E-02
1.50454504E+00	1.05072890E+01	2.79616695E-02	4.06897220E-02
2.60796425E+00	7.58677347E+00	2.79456677E-02	4.05215148E-02
4.72988265E+00	4.16548916E+00	2.79297574E-02	4.03543543E-02
7.36612563E+00	1.05498490E+00	2.79139377E-02	4.01882295E-02
9.73300369E+00	-1.25883189E+00	2.78982079E-02	4.00231295E-02
1.10878336E+01	-2.72373454E+00	2.78825670E-02	3.98590438E-02
1.10154929E+01	-3.62974928E+00	2.78670141E-02	3.96959618E-02
9.56292386E+00	-4.38286388E+00	2.78515485E-02	3.95338731E-02
7.17662666E+00	-5.26265823E+00	2.78361693E-02	3.93727676E-02
4.48682805E+00	-6.27950293E+00	2.78208757E-02	3.92126352E-02
2.04596842E+00	-7.19098534E+00	2.78056668E-02	3.90534659E-02
1.40864743E-01	-7.65671040E+00	2.77905420E-02	3.88952500E-02
-1.24543972E+00	-7.44410718E+00	2.77755004E-02	3.87379778E-02
-2.32209393E+00	-6.57612870E+00	2.77605411E-02	3.85816398E-02
-3.30091524E+00	-5.34376323E+00	2.77456636E-02	3.84262265E-02
-4.23466120E+00	-4.17556799E+00	2.77308669E-02	3.82717287E-02
-4.96975555E+00	-3.42906436E+00	2.77161504E-02	3.81181373E-02
-5.23828131E+00	-3.20956224E+00	2.77015133E-02	3.79654431E-02
-4.84002651E+00	-3.31086864E+00	2.76869548E-02	3.78136374E-02
-3.81553097E+00	-3.31415863E+00	2.76724744E-02	3.76627113E-02
-2.51037093E+00	-2.80341846E+00	2.76580712E-02	3.75126562E-02
-1.48090795E+00	-1.59557316E+00	2.76437445E-02	3.73634634E-02
-1.26957811E+00	1.29619331E-01	2.76294936E-02	3.72151247E-02
-2.14662394E+00	1.87260251E+00	2.76153180E-02	3.70676315E-02
-3.94117179E+00	3.02316634E+00	2.76012168E-02	3.69209757E-02
-6.05301165E+00	3.14823668E+00	2.75871894E-02	3.67751493E-02
-7.65918626E+00	2.22703812E+00	2.75732352E-02	3.66301441E-02
-8.04027460E+00	7.17622616E-01	2.75593534E-02	3.64859522E-02
-6.89079860E+00	-5.91186658E-01	2.75455436E-02	3.63425660E-02
-4.47572379E+00	-8.93173488E-01	2.75318049E-02	3.61999776E-02
-1.55454922E+00	2.83952631E-01	2.75181368E-02	3.60581794E-02
9.07907360E-01	2.84163315E+00	2.75045386E-02	3.59171641E-02
2.13110293E+00	6.09863531E+00	2.74910098E-02	3.57769240E-02
1.84740583E+00	9.02269748E+00	2.74775498E-02	3.56374520E-02
4.28259647E-01	1.06198820E+01	2.74641578E-02	3.54987407E-02
-1.25214951E+00	1.03251338E+01	2.74508334E-02	3.53607831E-02
-2.16626993E+00	8.23189180E+00	2.74375759E-02	3.52235721E-02
-1.55525832E+00	5.06203770E+00	2.74243848E-02	3.50871008E-02
7.49593833E-01	1.88408401E+00	2.74112595E-02	3.49513622E-02
4.23965929E+00	-3.07629707E-01	2.73981994E-02	3.48163496E-02
7.91330719E+00	-9.81511320E-01	2.73852039E-02	3.46820563E-02
1.06568731E+01	-2.66875055E-01	2.73722725E-02	3.45484757E-02
1.16666941E+01	1.11738904E+00	2.73594047E-02	3.44156013E-02
1.07414131E+01	2.17109553E+00	2.73465999E-02	3.42834265E-02
8.32985011E+00	2.02858402E+00	2.73338576E-02	3.41519450E-02
5.32261594E+00	3.11099984E-01	2.73211772E-02	3.40211505E-02
2.68118334E+00	-2.72496161E+00	2.73085583E-02	3.38910368E-02
1.06181447E+00	-6.29675087E+00	2.72960002E-02	3.37615977E-02
5.87742242E-01	-9.40631363E+00	2.72835025E-02	3.36328271E-02
8.54944379E-01	-1.12197094E+01	2.72710647E-02	3.35047191E-02
1.15561127E+00	-1.13579941E+01	2.72586863E-02	3.33772677E-02
8.13175920E-01	-9.98935992E+00	2.72463667E-02	3.32504671E-02
-5.18407196E-01	-7.70112557E+00	2.72341056E-02	3.31243114E-02
-2.71497200E+00	-5.22361720E+00	2.72219023E-02	3.29987950E-02
-5.25068293E+00	-3.13489914E+00	2.72097565E-02	3.28739121E-02
-7.43146075E+00	-1.67292737E+00	2.71976676E-02	3.27496573E-02
-8.68200415E+00	-7.24143890E-01	2.71856352E-02	3.26260250E-02
-8.75980537E+00	2.68333294E-02	2.71736588E-02	3.25030097E-02
-7.81092336E+00	8.73795242E-01	2.71617380E-02	3.23806060E-02
-6.25890615E+00	1.90683957E+00	2.71498723E-02	3.22588086E-02
-4.59375597E+00	2.95926603E+00	2.71380612E-02	3.21376123E-02
-3.16781085E+00	3.70368864E+00	2.71263043E-02	3.20170117E-02
-2.09309487E+00	3.84299227E+00	2.71146013E-02	3.18970019E-02
-1.27812282E+00	3.29549245E+00	2.71029515E-02	3.17775777E-02
-5.69882207E-01	2.27717026E+00	2.70913547E-02	3.16587340E-02
8.59298888E-02	1.23483549E+00	2.70798103E-02	3.15404659E-02
5.60983736E-01	6.57774287E-01	2.70683180E-02	3.14227685E-02
5.90382691E-01	8.56415021E-01	2.70568773E-02	3.13056369E-02
-6.70958273E-02	1.81532512E+00	2.70454879E-02	3.11890663E-02
-1.43443614E+00	3.19482183E+00	2.70341493E-02	3.10730519E-02
-3.19385779E+00	4.48555784E+00	2.70228611E-02	3.09575891E-02
-4.71686880E+00	5.24632770E+00	2.70116229E-02	3.08426733E-02
-5.25920678E+00	5.31239565E+00	2.70004343E-02	3.07282997E-02
-4.25294437E+00	4.87133520E+00	2.69892950E-02	3.06144640E-02
-1.57375999E+00	4.36290761E+00	2.69782045E-02	3.05011615E-02
2.33997632E+00	4.24256106E+00	2.69671624E-02	3.03883878E-02
6.58427805E+00	4.71647358E+00	2.69561685E-02	3.02761386E-02
1.00807932E+01	5.57695341E+00	2.69452223E-02	3.01644096E-02
1.19545509E+01	6.22849436E+00	2.69343233E-02	3.00531963E-02
1.18475901E+01	5.91183233E+00	2.69234714E-02	2.99424946E-02
1.00384616E+01	4.04187607E+00	2.69126661E-02	2.98323002E-02
7.31498085E+00	5.16599148E-01	2.69019070E-02	2.97226091E-02
4.64976996E+00	-4.14406330E+00	2.68911937E-02	2.96134170E-02
2.81139670E+00	-8.90565452E+00	2.68805261E-02	2.95047200E-02
2.07194993E+00	-1.25478745E+01	2.68699035E-02	2.93965139E-02
2.13177088E+00	-1.40940177E+01	2.68593259E-02	2.92887949E-02
2.29025768E+00	-1.31728318E+01	2.68487927E-02	2.91815589E-02
1.78719683E+00	-1.01659997E+01	2.68383037E-02	2.90748022E-02
1.66724824E-01	-6.07780611E+00	2.68278585E-02	2.89685207E-02
-2.49310508E+00	-2.17456768E+00	2.68174568E-02	2.88627107E-02
-5.58417324E+00	4.66201124E-01	2.68070982E-02	2.87573685E-02
-8.20446712E+00	1.32177617E+00	2.67967825E-02	2.86524903E-02
-9.52632380E+00	5.66778196E-01	2.67865093E-02	2.85480724E-02
-9.14072109E+00	-1.05397192E+00	2.67762783E-02	2.84441112E-02
-7.23269274E+00	-2.55962366E+00	2.67660892E-02	2.83406030E-02
-4.51542119E+00	-3.13180321E+00	2.67559416E-02	2.82375442E-02
-1.95266427E+00	-2.41608745E+00	2.67458353E-02	2.81349314E-02
-3.86906888E-01	-6.13463091E-01	2.67357699E-02	2.80327609E-02
-2.26948356E-01	1.65855927E+00	2.67257451E-02	2.79310295E-02
-1.31931305E+00	3.65940473E+00	2.67157607E-02	2.78297335E-02
-3.04719466E+00	4.83893179E+00	2.67058164E-02	2.77288696E-02
-4.60459114E+00	5.03817436E+00	2.66959118E-02	2.76284345E-02
-5.32339288E+00	4.50289036E+00	2.66860466E-02	2.75284247E-02
-4.91633817E+00	3.72214465E+00	2.66762206E-02	2.74288371E-02
-3.54296477E+00	3.17969770E+00	2.66664335E-02	2.73296684E-02
-1.68711882E+00	3.13763655E+00	2.66566849E-02	2.72309153E-02
8.40366858E-02	3.54768644E+00	2.66469747E-02	2.71325746E-02
1.36395488E+00	4.11969634E+00	2.66373025E-02	2.70346432E-02
2.04650706E+00	4.50106073E+00	2.66276681E-02	2.69371179E-02
2.31052128E+00	4.47074952E+00	2.66180711E-02	2.68399957E-02
2.47350208E+00	4.04956920E+00	2.66085114E-02	2.67432735E-02
2.79850094E+00	3.47367148E+00	2.65989886E-02	2.66469482E-02
3.35457104E+00	3.04833811E+00	2.65895025E-02	2.65510168E-02
3.99853612E+00	2.95966320E+00	2.65800528E-02	2.64554763E-02
4.48110555E+00	3.14374163E+00	2.65706392E-02	2.63603239E-02
4.61569737E+00	3.28569696E+00	2.65612616E-02	2.62655565E-02
4.41532041E+00	2.95719280E+00	2.65519195E-02	2.61711713E-02
4.11780185E+00	1.83133212E+00	2.65426129E-02	2.60771655E-02
4.07572833E+00	-1.28268951E-01	2.65333414E-02	2.59835361E-02
4.55789066E+00	-2.60080564E+00	2.65241048E-02	2.58902804E-02
5.55946137E+00	-5.00674529E+00	2.65149028E-02	2.57973956E-02
6.72293766E+00	-6.73710688E+00	2.65057352E-02	2.57048790E-02
7.42642853E+00	-7.41462418E+00	2.64966018E-02	2.56127278E-02
7.01934064E+00	-7.06666516E+00	2.64875022E-02	2.55209393E-02
5.11264055E+00	-6.12379838E+00	2.64784364E-02	2.54295109E-02
1.79619648E+00	-5.23371166E+00	2.64694039E-02	2.53384399E-02
-2.32241828E+00	-4.96462834E+00	2.64604047E-02	2.52477236E-02
-6.29172481E+00	-5.52711297E+00	2.64514385E-02	2.51573595E-02
-9.14543233E+00	-6.64205889E+00	2.64425049E-02	2.50673451E-02
-1.02583829E+01	-7.62391749E+00	2.64336039E-02	2.49776777E-02
-9.58253807E+00	-7.65593720E+00	2.64247352E-02	2.48883549E-02
-7.66080757E+00	-6.14816023E+00	2.64158986E-02	2.47993741E-02
-5.40680770E+00	-3.02740166E+00	2.64070938E-02	2.47107328E-02
-3.73677012E+00	1.16897196E+00	2.63983206E-02	2.46224287E-02
-3.20360561E+00	5.44497396E+00	2.63895788E-02	2.45344592E-02
-3.78442839E+00	8.69107044E+00	2.63808683E-02	2.44468220E-02
-4.91007469E+00	1.00877539E+01	2.63721887E-02	2.43595147E-02
-5.72431444E+00	9.40628502E+00	2.63635398E-02	2.42725349E-02
-5.46416415E+00	7.08587092E+00	2.63549215E-02	2.41858803E-02
-3.80188137E+00	4.05758588E+00	2.63463336E-02	2.40995486E-02
-1.00544702E+00	1.38839455E+00	2.63377758E-02	2.40135374E-02
2.14940656E+00	-1.09744773E-01	2.63292479E-02	2.39278445E-02
4.67883453E+00	-1.50299057E-01	2.63207498E-02	2.38424677E-02
5.77815757E+00	9.79109148E-01	2.63122812E-02	2.37574046E-02
5.13845228E+00	2.59621542E+00	2.63038420E-02	2.36726531E-02
3.06620839E+00	3.94423473E+00	2.62954318E-02	2.35882110E-02
3.63308971E-01	4.51107026E+00	2.62870507E-02	2.35040761E-02
-1.97689798E+00	4.21412959E+00	2.62786982E-02	2.34202463E-02
-3.12992556E+00	3.38167873E+00	2.62703743E-02	2.33367194E-02
-2.71347589E+00	2.55276801E+00	2.62620788E-02	2.32534933E-02
-8.74601466E-01	2.19525217E+00	2.62538115E-02	2.31705659E-02
1.82575538E+00	2.47220119E+00	2.62455721E-02	2.30879352E-02
4.66334197E+00	3.15943693E+00	2.62373606E-02	2.30055990E-02
7.01965338E+00	3.74537573E+00	2.62291766E-02	2.29235553E-02
8.55764238E+00	3.66203630E+00	2.62210201E-02	2.28418022E-02
9.24543539E+00	2.53984403E+00	2.62128909E-02	2.27603376E-02
9.24412251E+00	3.72730769E-01	2.62047887E-02	2.26791594E-02
8.73671495E+00	-2.47519314E+00	2.61967134E-02	2.25982658E-02
7.79535444E+00	-5.41649919E+00	2.61886648E-02	2.25176549E-02
6.35558607E+00	-7.86783804E+00	2.61806428E-02	2.24373245E-02
4.30558401E+00	-9.45304391E+00	2.61726471E-02	2.23572729E-02
1.63528137E+00	-1.00947705E+01	2.61646777E-02	2.22774982E-02
-1.44360139E+00	-9.96467798E+00	2.61567342E-02	2.21979984E-02
-4.48387569E+00	-9.33088979E+00	2.61488166E-02	2.21187717E-02
-6.92070612E+00	-8.38884373E+00	2.61409247E-02	2.20398162E-02
-8.27863205E+00	-7.16558147E+00	2.61330584E-02	2.19611301E-02
-8.37549688E+00	-5.54668579E+00	2.61252173E-02	2.18827116E-02
-7.42366142E+00	-3.40963312E+00	2.61174015E-02	2.18045588E-02
-5.96968618E+00	-7.89341152E-01	2.61096107E-02	2.17266701E-02
-4.68534735E+00	2.02000890E+00	2.61018448E-02	2.16490435E-02
-4.09292612E+00	4.49634918E+00	2.60941035E-02	2.15716774E-02
-4.34325336E+00	6.06025119E+00	2.60863868E-02	2.14945701E-02
-5.14791194E+00	6.31925783E+00	2.60786945E-02	2.14177196E-02
-5.90284083E+00	5.27582925E+00	2.60710265E-02	2.13411245E-02
-5.95666672E+00	3.39349297E+00	2.60633825E-02	2.12647829E-02
-4.91065560E+00	1.47112219E+00	2.60557624E-02	2.11886932E-02
-2.81875689E+00	3.58540644E-01	2.60481661E-02	2.11128537E-02
-1.95641886E-01	6.21246535E-01	2.60405935E-02	2.10372628E-02
2.17787913E+00	2.29353209E+00	2.60330443E-02	2.09619188E-02
3.57409554E+00	4.83111552E+00	2.60255184E-02	2.08868200E-02
3.62757987E+00	7.29602986E+00	2.60180157E-02	2.08119650E-02
2.50039206E+00	8.70998901E+00	2.60105361E-02	2.07373520E-02
8.28538656E-01	8.43894630E+00	2.60030793E-02	2.06629794E-02
-5.32328297E-01	6.45349452E+00	2.59956452E-02	2.05888458E-02
-8.57500764E-01	3.35641472E+00	2.59882338E-02	2.05149495E-02
1.46986129E-01	1.61727962E-01	2.59808448E-02	2.04412890E-02
2.22225443E+00	-2.08942478E+00	2.59734781E-02	2.03678627E-02
4.66436932E+00	-2.72412108E+00	2.59661336E-02	2.02946692E-02
6.61682596E+00	-1.68794636E+00	2.59588111E-02	2.02217069E-02
7.42432643E+00	4.46350487E-01	2.59515105E-02	2.01489743E-02
6.89890172E+00	2.71002391E+00	2.59442317E-02	2.00764699E-02
5.38736136E+00	4.11173212E+00	2.59369745E-02	2.00041923E-02
3.61385583E+00	4.00205859E+00	2.59297388E-02	1.99321400E-02
2.36640213E+00	2.28788487E+00	2.59225244E-02	1.98603115E-02
2.16089789E+00	-5.77504974E-01	2.59153313E-02	1.97887054E-02
3.02333284E+00	-3.80830514E+00	2.59081593E-02	1.97173203E-02
4.47856691E+00	-6.60271934E+00	2.59010082E-02	1.96461548E-02
5.74569856E+00	-8.42656506E+00	2.58938780E-02	1.95752074E-02
6.05413692E+00	-9.15308594E+00	2.58867684E-02	1.95044767E-02
4.94746326E+00	-9.01807509E+00	2.58796795E-02	1.94339615E-02
2.45274820E+00	-8.43195842E+00	2.58726110E-02	1.93636602E-02
-9.45461987E-01	-7.74893535E+00	2.58655628E-02	1.92935716E-02
-4.50316569E+00	-7.10323723E+00	2.58585348E-02	1.92236943E-02
-7.49404249E+00	-6.38229778E+00	2.58515269E-02	1.91540269E-02
-9.44707558E+00	-5.33699535E+00	2.58445390E-02	1.90845681E-02
-1.02529607E+01	-3.76342488E+00	2.58375709E-02	1.90153167E-02
-1.01124214E+01	-1.65913650E+00	2.58306225E-02	1.89462712E-02
-9.37128454E+00	7.27080750E-01	2.58236937E-02	1.88774305E-02
-8.33314800E+00	2.97804039E+00	2.58167843E-02	1.88087931E-02
-7.14114501E+00	4.68334348E+00	2.58098944E-02	1.87403579E-02
-5.77779043E+00	5.62043118E+00	2.58030236E-02	1.86721236E-02
-4.16829135E+00	5.85111819E+00	2.57961720E-02	1.86040889E-02
-2.31940207E+00	5.68345798E+00	2.57893394E-02	1.85362525E-02
-4.08634466E-01	5.51406955E+00	2.57825257E-02	1.84686133E-02
1.23455957E+00	5.62525981E+00	2.57757307E-02	1.84011699E-02
2.25648263E+00	6.03584488E+00	2.57689545E-02	1.83339213E-02
2.45671668E+00	6.48195944E+00	2.57621967E-02	1.82668661E-02
1.92410810E+00	6.54390777E+00	2.57554575E-02	1.82000031E-02
1.05229545E+00	5.86480643E+00	2.57487365E-02	1.81333313E-02
4.09090271E-01	4.35939785E+00	2.57420338E-02	1.80668493E-02
5.04178190E-01	2.31015737E+00	2.57353492E-02	1.80005560E-02
1.55371298E+00	2.95032279E-01	2.57286826E-02	1.79344503E-02
3.35155852E+00	-1.03323311E+00	2.57220338E-02	1.78685310E-02
5.31724485E+00	-1.22605966E+00	2.57154029E-02	1.78027970E-02
6.71553361E+00	-2.53879304E-01	2.57087897E-02	1.77372470E-02
6.96435257E+00	1.44370852E+00	2.57021940E-02	1.76718801E-02
5.90216659E+00	3.10492685E+00	2.56956158E-02	1.76066949E-02
3.89491219E+00	3.93695145E+00	2.56890550E-02	1.75416906E-02
1.72511615E+00	3.43292046E+00	2.56825114E-02	1.74768658E-02
2.96595088E-01	1.58106848E+00	2.56759851E-02	1.74122197E-02
2.68652774E-01	-1.12530381E+00	2.56694757E-02	1.73477509E-02
1.76866715E+00	-3.88510965E+00	2.56629834E-02	1.72834586E-02
4.30492366E+00	-5.91363405E+00	2.56565079E-02	1.72193415E-02
6.92244311E+00	-6.75788373E+00	2.56500492E-02	1.71553987E-02
8.54586610E+00	-6.46975769E+00	2.56436071E-02	1.70916291E-02
8.37651198E+00	-5.56329369E+00	2.56371816E-02	1.70280316E-02
6.18798558E+00	-4.77398232E+00	2.56307726E-02	1.69646052E-02
2.40578689E+00	-4.72269474E+00	2.56243799E-02	1.69013489E-02
-2.05605029E+00	-5.62778453E+00	2.56180036E-02	1.68382615E-02
-6.13103437E+00	-7.18874532E+00	2.56116434E-02	1.67753422E-02
-8.97234579E+00	-8.69213311E+00	2.56052993E-02	1.67125899E-02
-1.02156425E+01	-9.29651494E+00	2.55989712E-02	1.66500036E-02
-1.00381423E+01	-8.37813489E+00	2.55926590E-02	1.65875823E-02
-9.00703100E+00	-5.79449514E+00	2.55863626E-02	1.65253250E-02
-7.79618825E+00	-1.95882319E+00	2.55800819E-02	1.64632307E-02
-6.89858337E+00	2.30176516E+00	2.55738169E-02	1.64012985E-02
-6.45373925E+00	6.04239208E+00	2.55675673E-02	1.63395274E-02
-6.25155219E+00	8.52814965E+00	2.55613333E-02	1.62779164E-02
-5.89305490E+00	9.46333090E+00	2.55551146E-02	1.62164645E-02
-5.02164352E+00	9.03906120E+00	2.55489111E-02	1.61551709E-02
-3.51355572E+00	7.79547579E+00	2.55427228E-02	1.60940346E-02
-1.54276058E+00	6.37083837E+00	2.55365497E-02	1.60330546E-02
5.01450575E-01	5.25075054E+00	2.55303915E-02	1.59722300E-02
2.19627978E+00	4.62021888E+00	2.55242482E-02	1.59115599E-02
3.27473803E+00	4.36730700E+00	2.55181198E-02	1.58510434E-02
3.73139681E+00	4.21583209E+00	2.55120061E-02	1.57906796E-02
3.79724607E+00	3.90894239E+00	2.55059071E-02	1.57304675E-02
3.80117974E+00	3.34972397E+00	2.54998227E-02	1.56704063E-02
3.99046634E+00	2.63422639E+00	2.54937527E-02	1.56104951E-02
4.40149122E+00	1.97050610E+00	2.54876972E-02	1.55507329E-02
4.84641232E+00	1.53553564E+00	2.54816560E-02	1.54911191E-02
5.02362175E+00	1.35200977E+00	2.54756290E-02	1.54316525E-02
4.69773190E+00	1.25509563E+00	2.54696162E-02	1.53723324E-02
3.85812031E+00	9.71409775E-01	2.54636175E-02	1.53131580E-02
2.77197943E+00	2.72670495E-01	2.54576328E-02	1.52541283E-02
1.89601481E+00	-8.75704023E-01	2.54516620E-02	1.51952426E-02
1.67851773E+00	-2.25373980E+00	2.54457051E-02	1.51364999E-02
2.33895014E+00	-3.45726952E+00	2.54397619E-02	1.50778995E-02
3.72876914E+00	-4.07907266E+00	2.54338324E-02	1.50194405E-02
5.34573942E+00	-3.92182712E+00	2.54279165E-02	1.49611221E-02
6.50727730E+00	-3.13959950E+00	2.54220142E-02	1.49029435E-02
6.61596551E+00	-2.22840860E+00	2.54161253E-02	1.48449038E-02
5.40531352E+00	-1.85018885E+00	2.54102498E-02	1.47870023E-02
3.05763272E+00	-2.55100716E+00	2.54043876E-02	1.47292381E-02
1.38455397E-01	-4.48908751E+00	2.53985386E-02	1.46716105E-02
-2.62892507E+00	-7.29473449E+00	2.53927027E-02	1.46141186E-02
-4.65422743E+00	-1.01367948E+01	2.53868800E-02	1.45567617E-02
-5.71082287E+00	-1.19869405E+01	2.53810702E-02	1.44995389E-02
-6.00477755E+00	-1.19885651E+01	2.53752734E-02	1.44424496E-02
-6.05028771E+00	-9.78803986E+00	2.53694895E-02	1.43854930E-02
-6.40462935E+00	-5.69485623E+00	2.53637183E-02	1.43286682E-02
-7.37921989E+00	-6.01817247E-01	2.53579598E-02	1.42719745E-02
-8.85676582E+00	4.30899303E+00	2.53522140E-02	1.42154111E-02
-1.03008911E+01	7.96334428E+00	2.53464808E-02	1.41589774E-02
-1.09621596E+01	9.74338427E+00	2.53407600E-02	1.41026726E-02
-1.01983656E+01	9.65690655E+00	2.53350517E-02	1.40464958E-02
-7.77471621E+00	8.27034669E+00	2.53293557E-02	1.39904464E-02
-4.01415741E+00	6.44356554E+00	2.53236721E-02	1.39345237E-02
2.71727287E-01	4.98126082E+00	2.53180006E-02	1.38787269E-02
4.05033347E+00	4.34300382E+00	2.53123413E-02	1.38230553E-02
6.43078392E+00	4.52169717E+00	2.53066941E-02	1.37675082E-02
6.97881562E+00	5.12430045E+00	2.53010589E-02	1.37120848E-02
5.86050864E+00	5.60266909E+00	2.52954357E-02	1.36567846E-02
3.76169349E+00	5.52315844E+00	2.52898244E-02	1.36016066E-02
1.62037013E+00	4.75531246E+00	2.52842248E-02	1.35465503E-02
2.82236754E-01	3.50369728E+00	2.52786370E-02	1.34916150E-02
2.14776360E-01	2.18129611E+00	2.52730609E-02	1.34368000E-02
1.38449684E+00	1.19382346E+00	2.52674965E-02	1.33821045E-02
3.33015203E+00	7.40601831E-01	2.52619435E-02	1.33275279E-02
5.38412106E+00	7.24553699E-01	2.52564021E-02	1.32730696E-02
6.93898613E+00	8.09243246E-01	2.52508721E-02	1.32187288E-02
7.64850055E+00	5.91011320E-01	2.52453535E-02	1.31645049E-02
7.49176785E+00	-1.98557122E-01	2.52398461E-02	1.31103972E-02
6.69600474E+00	-1.55661368E+00	2.52343500E-02	1.30564051E-02
5.57544128E+00	-3.20300107E+00	2.52288651E-02	1.30025279E-02
4.37414699E+00	-4.70553604E+00	2.52233913E-02	1.29487649E-02
3.18729800E+00	-5.67623175E+00	2.52179285E-02	1.28951155E-02
1.98770807E+00	-5.94542471E+00	2.52124767E-02	1.28415791E-02
7.27128463E-01	-5.63205000E+00	2.52070359E-02	1.27881549E-02
-5.56680505E-01	-5.07781847E+00	2.52016059E-02	1.27348425E-02
-1.69721494E+00	-4.67738810E+00	2.51961867E-02	1.26816411E-02
-2.45462369E+00	-4.68561262E+00	2.51907783E-02	1.26285501E-02
-2.64766611E+00	-5.09365769E+00	2.51853805E-02	1.25755690E-02
-2.29420478E+00	-5.63313738E+00	2.51799934E-02	1.25226969E-02
-1.67878184E+00	-5.90662992E+00	2.51746169E-02	1.24699335E-02
-1.29401107E+00	-5.58243803E+00	2.51692509E-02	1.24172779E-02
-1.66081440E+00	-4.55982494E+00	2.51638953E-02	1.23647297E-02
-3.09424299E+00	-3.02354872E+00	2.51585501E-02	1.23122883E-02
-5.51701872E+00	-1.35818872E+00	2.51532153E-02	1.22599529E-02
-8.41316504E+00	4.00606415E-02	2.51478907E-02	1.22077231E-02
-1.09604890E+01	9.65116769E-01	2.51425764E-02	1.21555982E-02
-1.23049414E+01	1.51649006E+00	2.51372722E-02	1.21035776E-02
-1.18749893E+01	2.06508589E+00	2.51319781E-02	1.20516608E-02
-9.60974593E+00	3.07412866E+00	2.51266941E-02	1.19998471E-02
-6.00353747E+00	4.84967833E+00	2.51214201E-02	1.19481361E-02
-1.94154747E+00	7.33410527E+00	2.51161560E-02	1.18965270E-02
1.61344014E+00	1.00447094E+01	2.51109018E-02	1.18450193E-02
3.96068877E+00	1.22011587E+01	2.51056575E-02	1.17936125E-02
4.89271022E+00	1.30037821E+01	2.51004229E-02	1.17423060E-02
4.72713438E+00	1.19553985E+01	2.50951981E-02	1.16910993E-02
4.13057369E+00	9.09344521E+00	2.50899829E-02	1.16399916E-02
3.81165219E+00	5.02966624E+00	2.50847774E-02	1.15889826E-02
4.21345698E+00	7.70216002E-01	2.50795814E-02	1.15380717E-02
5.33356655E+00	-2.62142916E+00	2.50743949E-02	1.14872582E-02
6.74372599E+00	-4.39063672E+00	2.50692179E-02	1.14365418E-02
7.79548308E+00	-4.34495863E+00	2.50640503E-02	1.13859217E-02
7.91950052E+00	-2.89715888E+00	2.50588920E-02	1.13353974E-02
6.88821887E+00	-8.84681959E-01	2.50537431E-02	1.12849686E-02
4.92966326E+00	7.58791186E-01	2.50486034E-02	1.12346345E-02
2.64574450E+00	1.34741947E+00	2.50434729E-02	1.11843946E-02
7.72452067E-01	6.69161280E-01	2.50383515E-02	1.11342485E-02
-1.14483249E-01	-9.87109194E-01	2.50332393E-02	1.10841956E-02
1.75523657E-01	-3.00012809E+00	2.50281361E-02	1.10342354E-02
1.38354190E+00	-4.69836374E+00	2.50230419E-02	1.09843673E-02
2.91776870E+00	-5.63266296E+00	2.50179567E-02	1.09345909E-02
4.09498364E+00	-5.72872362E+00	2.50128803E-02	1.08849056E-02
4.40102411E+00	-5.26671429E+00	2.50078128E-02	1.08353109E-02
3.66242829E+00	-4.71205492E+00	2.50027541E-02	1.07858064E-02
2.06581641E+00	-4.48289602E+00	2.49977042E-02	1.07363914E-02
3.10972489E-02	-4.76045268E+00	2.49926629E-02	1.06870655E-02
-1.99250562E+00	-5.42139502E+00	2.49876304E-02	1.06378283E-02
-3.70992895E+00	-6.11155279E+00	2.49826064E-02	1.05886791E-02
-5.06241737E+00	-6.41579678E+00	2.49775910E-02	1.05396176E-02
-6.18029585E+00	-6.03929702E+00	2.49725841E-02	1.04906431E-02
-7.24142342E+00	-4.91708132E+00	2.49675856E-02	1.04417553E-02
-8.31424595E+00	-3.20893280E+00	2.49625956E-02	1.03929536E-02
-9.26907246E+00	-1.19454874E+00	2.49576140E-02	1.03442376E-02
-9.80545510E+00	8.68653094E-01	2.49526407E-02	1.02956067E-02
-9.58497869E+00	2.84807935E+00	2.49476756E-02	1.02470606E-02
-8.40548968E+00	4.74632393E+00	2.49427188E-02	1.01985986E-02
-6.33027330E+00	6.61768007E+00	2.49377702E-02	1.01502204E-02
-3.70483904E+00	8.44094821E+00	2.49328298E-02	1.01019255E-02
-1.04607930E+00	1.00254117E+01	2.49278974E-02	1.00537134E-02
1.15071921E+00	1.10143349E+01	2.49229731E-02	1.00055836E-02
2.60089172E+00	1.10032937E+01	2.49180568E-02	9.95753567E-03
3.32841560E+00	9.73081182E+00	2.49131484E-02	9.90956918E-03
3.62607979E+00	7.25501664E+00	2.49082480E-02	9.86168363E-03
3.89430215E+00	4.02483378E+00	2.49033554E-02	9.81387859E-03
4.43250736E+00	7.92881691E-01	2.48984707E-02	9.76615359E-03
5.28139736E+00	-1.61540422E+00	2.48935938E-02	9.71850819E-03
6.19347624E+00	-2.59510312E+00	2.48887246E-02	9.67094193E-03
6.75115518E+00	-2.00066280E+00	2.48838631E-02	9.62345437E-03
6.58238432E+00	-2.26854591E-01	2.48790093E-02	9.57604507E-03
5.57478599E+00	1.91221079E+00	2.48741631E-02	9.52871357E-03
3.98410611E+00	3.46857054E+00	2.48693244E-02	9.48145945E-03
2.37561774E+00	3.70376649E+00	2.48644933E-02	9.43428227E-03
1.41038862E+00	2.35662335E+00	2.48596697E-02	9.38718158E-03
1.56016772E+00	-2.69902072E-01	2.48548535E-02	9.34015696E-03
2.87270838E+00	-3.43599597E+00	2.48500448E-02	9.29320798E-03
4.89527034E+00	-6.25326245E+00	2.48452433E-02	9.24633421E-03
6.80197213E+00	-8.01660262E+00	2.48404493E-02	9.19953521E-03
7.68595732E+00	-8.44704668E+00	2.48356625E-02	9.15281058E-03
6.90589319E+00	-7.75272747E+00	2.48308829E-02	9.10615988E-03
4.34912662E+00	-6.49272050E+00	2.48261105E-02	9.05958270E-03
5.03431665E-01	-5.31040988E+00	2.48213453E-02	9.01307862E-03
-3.69581724E+00	-4.65461590E+00	2.48165872E-02	8.96664723E-03
-7.18685225E+00	-4.60670576E+00	2.48118362E-02	8.92028810E-03
-9.14812842E+00	-4.88158215E+00	2.48070922E-02	8.87400083E-03
-9.27066123E+00	-4.99270959E+00	2.48023553E-02	8.82778501E-03
-7.83604857E+00	-4.50045449E+00	2.47976252E-02	8.78164023E-03
-5.57885180E+00	-3.22951717E+00	2.47929021E-02	8.73556609E-03
-3.39654936E+00	-1.35870749E+00	2.47881859E-02	8.68956218E-03
-2.02586870E+00	6.54203030E-01	2.47834766E-02	8.64362811E-03
-1.80938862E+00	2.27548024E+00	2.47787740E-02	8.59776347E-03
-2.63128985E+00	3.13305958E+00	2.47740782E-02	8.55196786E-03
-4.02745537E+00	3.18195425E+00	2.47693891E-02	8.50624090E-03
-5.40528636E+00	2.72448606E+00	2.47647067E-02	8.46058218E-03
-6.27172933E+00	2.27777791E+00	2.47600310E-02	8.41499132E-03
-6.37738534E+00	2.34822430E+00	2.47553618E-02	8.36946793E-03
-5.73256161E+00	3.21206990E+00	2.47506993E-02	8.32401161E-03
-4.51353298E+00	4.79608660E+00	2.47460432E-02	8.27862199E-03
-2.92490811E+00	6.70613942E+00	2.47413937E-02	8.23329868E-03
-1.09603507E+00	8.38582502E+00	2.47367506E-02	8.18804129E-03
9.37447636E-01	9.33206105E+00	2.47321140E-02	8.14284945E-03
3.16639564E+00	9.27374791E+00	2.47274838E-02	8.09772278E-03
5.50324186E+00	8.24142779E+00	2.47228599E-02	8.05266090E-03
7.70954322E+00	6.50876619E+00	2.47182423E-02	8.00766343E-03
9.41104944E+00	4.44541466E+00	2.47136310E-02	7.96273001E-03
1.02102115E+01	2.35816269E+00	2.47090259E-02	7.91786026E-03
9.85296561E+00	3.96642429E-01	2.47044270E-02	7.87305381E-03
8.37203072E+00	-1.43728051E+00	2.46998343E-02	7.82831030E-03
6.13100234E+00	-3.19223912E+00	2.46952478E-02	7.78362935E-03
3.73324477E+00	-4.84384644E+00	2.46906673E-02	7.73901061E-03
1.81996134E+00	-6.22077790E+00	2.46860929E-02	7.69445371E-03
8.35293217E-01	-7.03159038E+00	2.46815246E-02	7.64995829E-03
8.57367801E-01	-6.99115397E+00	2.46769622E-02	7.60552399E-03
1.57140681E+00	-5.99077907E+00	2.46724058E-02	7.56115045E-03
2.40261679E+00	-4.22582611E+00	2.46678553E-02	7.51683732E-03
2.75753108E+00	-2.20508167E+00	2.46633107E-02	7.47258424E-03
2.27340591E+00	-6.14995470E-01	2.46587719E-02	7.42839086E-03
9.68852539E-01	-7.82513425E-02	2.46542390E-02	7.38425682E-03
-7.70678522E-01	-9.00048943E-01	2.46497119E-02	7.34018178E-03
-2.36825111E+00	-2.91109150E+00	2.46451905E-02	7.29616539E-03
-3.31684943E+00	-5.48402698E+00	2.46406748E-02	7.25220731E-03
-3.41286923E+00	-7.73160319E+00	2.46361648E-02	7.20830718E-03
-2.85773088E+00	-8.81845065E+00	2.46316605E-02	7.16446466E-03
-2.17939249E+00	-8.26722621E+00	2.46271617E-02	7.12067942E-03
-2.00341811E+00	-6.13701617E+00	2.46226686E-02	7.07695111E-03
-2.76961182E+00	-3.00027073E+00	2.46181810E-02	7.03327939E-03
-4.51600739E+00	2.75073419E-01	2.46136989E-02	6.98966392E-03
-6.82551172E+00	2.85257051E+00	2.46092223E-02	6.94610438E-03
-8.96265765E+00	4.23320229E+00	2.46047512E-02	6.90260041E-03
-1.01476356E+01	4.41923490E+00	2.46002855E-02	6.85915170E-03
-9.85644187E+00	3.87389470E+00	2.45958252E-02	6.81575791E-03
-8.02457661E+00	3.29874950E+00	2.45913702E-02	6.77241870E-03
-5.07199798E+00	3.32445829E+00	2.45869205E-02	6.72913376E-03
-1.74153636E+00	4.24346754E+00	2.45824762E-02	6.68590274E-03
1.18027152E+00	5.89227115E+00	2.45780371E-02	6.64272534E-03
3.14451203E+00	7.72595513E+00	2.45736032E-02	6.59960121E-03
4.01090794E+00	9.04720736E+00	2.45691745E-02	6.55653004E-03
4.04595542E+00	9.28999903E+00	2.45647510E-02	6.51351151E-03
3.76003319E+00	8.24011832E+00	2.45603326E-02	6.47054529E-03
3.66177491E+00	6.10657281E+00	2.45559193E-02	6.42763107E-03
4.03834251E+00	3.42403981E+00	2.45515111E-02	6.38476853E-03
4.85279568E+00	8.37416145E-01	2.45471079E-02	6.34195735E-03
5.79393254E+00	-1.13531941E+00	2.45427097E-02	6.29919721E-03
6.44560171E+00	-2.26424716E+00	2.45383165E-02	6.25648781E-03
6.49198567E+00	-2.63534202E+00	2.45339282E-02	6.21382882E-03
5.86421976E+00	-2.54982625E+00	2.45295449E-02	6.17121994E-03
4.76523459E+00	-2.35502839E+00	2.45251664E-02	6.12866086E-03
3.56806290E+00	-2.29073440E+00	2.45207928E-02	6.08615127E-03
2.64071848E+00	-2.41886932E+00	2.45164240E-02	6.04369086E-03
2.18193687E+00	-2.65782590E+00	2.45120601E-02	6.00127932E-03
2.14329987E+00	-2.88926532E+00	2.45077008E-02	5.95891636E-03
2.26991762E+00	-3.07057136E+00	2.45033463E-02	5.91660165E-03
2.23502844E+00	-3.28647875E+00	2.44989965E-02	5.87433491E-03
1.80043791E+00	-3.70777361E+00	2.44946514E-02	5.83211583E-03
9.24723233E-01	-4.47602039E+00	2.44903110E-02	5.78994411E-03
-2.31334515E-01	-5.57557198E+00	2.44859751E-02	5.74781945E-03
-1.40117998E+00	-6.76628334E+00	2.44816438E-02	5.70574156E-03
-2.35934147E+00	-7.62528678E+00	2.44773171E-02	5.66371012E-03
-3.04204066E+00	-7.69471458E+00	2.44729949E-02	5.62172486E-03
-3.57732091E+00	-6.67831348E+00	2.44686773E-02	5.57978548E-03
-4.20510869E+00	-4.59953396E+00	2.44643640E-02	5.53789167E-03
-5.12348361E+00	-1.84282138E+00	2.44600553E-02	5.49604315E-03
-6.33766598E+00	9.53504683E-01	2.44557509E-02	5.45423964E-03
-7.59268874E+00	3.11980278E+00	2.44514509E-02	5.41248083E-03
-8.43560111E+00	4.20630421E+00	2.44471553E-02	5.37076643E-03
-8.39315750E+00	4.15812025E+00	2.44428640E-02	5.32909617E-03
-7.19336449E+00	3.33670925E+00	2.44385770E-02	5.28746975E-03
-4.93120487E+00	2.37307204E+00	2.44342943E-02	5.24588689E-03
-2.09511632E+00	1.90930268E+00	2.44300158E-02	5.20434731E-03
5.73500877E-01	2.33416028E+00	2.44257415E-02	5.16285071E-03
2.34336143E+00	3.62304132E+00	2.44214714E-02	5.12139682E-03
2.77746941E+00	5.35010445E+00	2.44172055E-02	5.07998535E-03
1.92082861E+00	6.86797812E+00	2.44129437E-02	5.03861603E-03
3.07966089E-01	7.57934166E+00	2.44086860E-02	4.99728857E-03
-1.22238010E+00	7.18544826E+00	2.44044324E-02	4.95600269E-03
-1.83896981E+00	5.80651014E+00	2.44001828E-02	4.91475813E-03
-1.03602237E+00	3.92376473E+00	2.43959372E-02	4.87355459E-03
1.16784788E+00	2.16942194E+00	2.43916957E-02	4.83239182E-03
4.22871412E+00	1.05563868E+00	2.43874581E-02	4.79126952E-03
7.27461340E+00	7.59217774E-01	2.43832244E-02	4.75018743E-03
9.42250828E+00	1.05402176E+00	2.43789947E-02	4.70914527E-03
1.00903914E+01	1.41903904E+00	2.43747688E-02	4.66814278E-03
9.18517199E+00	1.27449038E+00	2.43705468E-02	4.62717968E-03
7.10023994E+00	2.43921934E-01	2.43663287E-02	4.58625570E-03
4.53472931E+00	-1.66992282E+00	2.43621143E-02	4.54537057E-03
2.21644569E+00	-4.06971788E+00	2.43579037E-02	4.50452403E-03
6.43530743E-01	-6.31386966E+00	2.43536969E-02	4.46371581E-03
-5.59335611E-02	-7.76770794E+00	2.43494938E-02	4.42294563E-03
-1.02987434E-01	-8.04970348E+00	2.43452944E-02	4.38221325E-03
8.77828705E-02	-7.17171790E+00	2.43410986E-02	4.34151838E-03
1.18024503E-01	-5.51971292E+00	2.43369066E-02	4.30086077E-03
-2.26105044E-01	-3.68973970E+00	2.43327181E-02	4.26024016E-03
-9.15374768E-01	-2.25337175E+00	2.43285332E-02	4.21965628E-03
-1.74130430E+00	-1.55191195E+00	2.43243519E-02	4.17910887E-03
-2.45793571E+00	-1.60031693E+00	2.43201742E-02	4.13859767E-03
-2.92436599E+00	-2.12984094E+00	2.43160000E-02	4.09812243E-03
-3.17622109E+00	-2.73724581E+00	2.43118292E-02	4.05768288E-03
-3.39346531E+00	-3.06545416E+00	2.43076619E-02	4.01727876E-03
-3.78521061E+00	-2.93386662E+00	2.43034981E-02	3.97690983E-03
-4.45375065E+00	-2.36723199E+00	2.42993377E-02	3.93657582E-03
-5.31022835E+00	-1.52394613E+00	2.42951807E-02	3.89627648E-03
-6.08865893E+00	-5.72761341E-01	2.42910270E-02	3.85601155E-03
-6.45607614E+00	4.11418039E-01	2.42868767E-02	3.81578078E-03
-6.16800032E+00	1.47616021E+00	2.42827297E-02	3.77558391E-03
-5.19379115E+00	2.73031654E+00	2.42785860E-02	3.73542071E-03
-3.74807062E+00	4.22794909E+00	2.42744455E-02	3.69529090E-03
-2.20749705E+00	5.86394118E+00	2.42703083E-02	3.65519425E-03
-9.46887342E-01	7.34589134E+00	2.42661743E-02	3.61513050E-03
-1.69219035E-01	8.27134811E+00	2.42620435E-02	3.57509941E-03
1.89359006E-01	8.28666607E+00	2.42579159E-02	3.53510073E-03
4.30053171E-01	7.25896706E+00	2.42537914E-02	3.49513420E-03
9.44509805E-01	5.37820878E+00	2.42496700E-02	3.45519958E-03
2.01328926E+00	3.13100589E+00	2.42455518E-02	3.41529663E-03
3.64171057E+00	1.14230601E+00	2.42414365E-02	3.37542510E-03
5.51297332E+00	-5.84359665E-02	2.42373244E-02	3.33558474E-03
7.08902835E+00	-2.50995035E-01	2.42332152E-02	3.29577532E-03
7.82392112E+00	3.75874819E-01	2.42291091E-02	3.25599658E-03
7.40142421E+00	1.28885008E+00	2.42250059E-02	3.21624830E-03
5.89301299E+00	1.82050478E+00	2.42209057E-02	3.17653021E-03
3.76202793E+00	1.44406663E+00	2.42168084E-02	3.13684209E-03
1.70355626E+00	-2.30090692E-04	2.42127140E-02	3.09718368E-03
3.80165436E-01	-2.22345347E+00	2.42086224E-02	3.05755477E-03
1.60430890E-01	-4.58911100E+00	2.42045337E-02	3.01795509E-03
9.69274785E-01	-6.35948978E+00	2.42004479E-02	2.97838442E-03
2.31464043E+00	-6.98817964E+00	2.41963648E-02	2.93884251E-03
3.48232178E+00	-6.33916160E+00	2.41922846E-02	2.89932914E-03
3.82062068E+00	-4.74224626E+00	2.41882071E-02	2.85984405E-03
2.99884663E+00	-2.86193452E+00	2.41841323E-02	2.82038702E-03
1.13463245E+00	-1.43362950E+00	2.41800602E-02	2.78095782E-03
-1.26005992E+00	-9.75173573E-01	2.41759908E-02	2.74155620E-03
-3.48896774E+00	-1.59037020E+00	2.41719241E-02	2.70218193E-03
-4.94845511E+00	-2.94135668E+00	2.41678601E-02	2.66283478E-03
-5.35669694E+00	-4.39588828E+00	2.41637986E-02	2.62351452E-03
-4.84342038E+00	-5.28410261E+00	2.41597397E-02	2.58422091E-03
-3.86917973E+00	-5.15716058E+00	2.41556834E-02	2.54495372E-03
-3.01494198E+00	-3.94415256E+00	2.41516297E-02	2.50571272E-03
-2.73495230E+00	-1.95056370E+00	2.41475785E-02	2.46649768E-03
-3.17689791E+00	2.90033394E-01	2.41435298E-02	2.42730837E-03
-4.14004545E+00	2.23944822E+00	2.41394835E-02	2.38814456E-03
-5.18025081E+00	3.55555377E+00	2.41354398E-02	2.34900602E-03
-5.80822573E+00	4.18916183E+00	2.41313984E-02	2.30989252E-03
-5.69120128E+00	4.34674934E+00	2.41273595E-02	2.27080384E-03
-4.77266958E+00	4.34923315E+00	2.41233229E-02	2.23173975E-03
-3.26626540E+00	4.46021174E+00	2.41192887E-02	2.19270001E-03
-1.53801248E+00	4.76469084E+00	2.41152569E-02	2.15368441E-03
6.05945983E-02	5.14973305E+00	2.41112274E-02	2.11469272E-03
1.32904963E+00	5.38704336E+00	2.41072002E-02	2.07572472E-03
2.26443986E+00	5.26893618E+00	2.41031752E-02	2.03678017E-03
3.00540945E+00	4.72595317E+00	2.40991525E-02	1.99785885E-03
3.71090691E+00	3.86665291E+00	2.40951321E-02	1.95896055E-03
4.44118915E+00	2.92094632E+00	2.40911138E-02	1.92008503E-03
5.10470173E+00	2.11759790E+00	2.40870977E-02	1.88123208E-03
5.49924346E+00	1.56020602E+00	2.40830838E-02	1.84240148E-03
5.42668084E+00	1.16772804E+00	2.40790721E-02	1.80359299E-03
4.82141859E+00	7.14330989E-01	2.40750624E-02	1.76480640E-03
3.82309860E+00	-4.62176931E-02	2.40710549E-02	1.72604149E-03
2.74892997E+00	-1.23048053E+00	2.40670494E-02	1.68729804E-03
1.96940714E+00	-2.72540202E+00	2.40630460E-02	1.64857583E-03
1.74020656E+00	-4.19483035E+00	2.40590446E-02	1.60987464E-03
2.06903460E+00	-5.20079535E+00	2.40550453E-02	1.57119424E-03
2.68558426E+00	-5.39275933E+00	2.40510479E-02	1.53253443E-03
3.13881455E+00	-4.68169583E+00	2.40470525E-02	1.49389498E-03
2.98755420E+00	-3.31618948E+00	2.40430590E-02	1.45527568E-03
2.00443901E+00	-1.81649307E+00	2.40390674E-02	1.41667631E-03
3.01339110E-01	-7.83737691E-01	2.40350778E-02	1.37809665E-03
-1.68614693E+00	-6.58481164E-01	2.40310900E-02	1.33953648E-03
-3.35825510E+00	-1.52963759E+00	2.40271041E-02	1.30099559E-03
-4.19397170E+00	-3.07830790E+00	2.40231200E-02	1.26247377E-03
-3.97655915E+00	-4.68679755E+00	2.40191377E-02	1.22397079E-03
-2.90338692E+00	-5.67371248E+00	2.40151573E-02	1.18548645E-03
-1.52715273E+00	-5.56130284E+00	2.40111786E-02	1.14702052E-03
-5.45518395E-01	-4.26528442E+00	2.40072016E-02	1.10857280E-03
-5.21068594E-01	-2.12789497E+00	2.40032264E-02	1.07014308E-03
-1.64527382E+00	2.20422878E-01	2.39992529E-02	1.03173112E-03
-3.64454731E+00	2.11384371E+00	2.39952811E-02	9.93336739E-04
-5.86944749E+00	3.11376959E+00	2.39913109E-02	9.54959706E-04
-7.53331850E+00	3.17277590E+00	2.39873424E-02	9.16599813E-04
-8.00560081E+00	2.63342095E+00	2.39833755E-02	8.78256849E-04
-7.04331532E+00	2.06515984E+00	2.39794102E-02	8.39930601E-04
-4.87069492E+00	2.01026957E+00	2.39754465E-02	8.01620858E-04
-2.08000138E+00	2.74662408E+00	2.39714843E-02	7.63327410E-04
6.00717765E-01	4.16609363E+00	2.39675237E-02	7.25050047E-04
2.57537436E+00	5.81687485E+00	2.39635646E-02	6.86788557E-04
3.57571685E+00	7.08839160E+00	2.39596070E-02	6.48542731E-04
3.71289877E+00	7.45852770E+00	2.39556508E-02	6.10312360E-04
3.37563485E+00	6.69956769E+00	2.39516961E-02	5.72097235E-04
3.02967304E+00	4.96021475E+00	2.39477429E-02	5.33897145E-04
3.01050599E+00	2.69602621E+00	2.39437910E-02	4.95711884E-04
3.39716525E+00	4.84867936E-01	2.39398406E-02	4.57541242E-04
4.01340334E+00	-1.19031683E+00	2.39358915E-02	4.19385012E-04
4.54354704E+00	-2.10080637E+00	2.39319438E-02	3.81242985E-04
4.70060735E+00	-2.31371595E+00	2.39279974E-02	3.43114955E-04
4.36539997E+00	-2.11083772E+00	2.39240523E-02	3.05000714E-04
3.63435035E+00	-1.83284003E+00	2.39201085E-02	2.66900055E-04
2.75996379E+00	-1.72525998E+00	2.39161659E-02	2.28812772E-04
2.01924848E+00	-1.85476921E+00	2.39122246E-02	1.90738658E-04
1.57780817E+00	-2.12553226E+00	2.39082845E-02	1.52677507E-04
1.41644448E+00	-2.37545756E+00	2.39043457E-02	1.14629114E-04
1.35435817E+00	-2.49465357E+00	2.39004080E-02	7.65932721E-05
1.15470801E+00	-2.50073511E+00	2.38964714E-02	3.85697769E-05
6.57709105E-01	-2.53057188E+00	2.38925360E-02	5.58423015E-07
-1.26984406E-01	-2.75286738E+00	2.38886018E-02	-3.74409944E-05
-1.01678564E+00	-3.24845901E+00	2.38846686E-02	-7.54286800E-05
-1.74573255E+00	-3.92444027E+00	2.38807365E-02	-1.13404838E-04
-2.10438400E+00	-4.51423697E+00	2.38768055E-02	-1.51369673E-04
-2.06027646E+00	-4.67463156E+00	2.38728755E-02	-1.89323389E-04
-1.79550693E+00	-4.14169215E+00	2.38689465E-02	-2.27266189E-04
-1.63572625E+00	-2.87425520E+00	2.38650185E-02	-2.65198277E-04
-1.89691620E+00	-1.11294646E+00	2.38610915E-02	-3.03119856E-04
-2.71844825E+00	6.83253366E-01	2.38571655E-02	-3.41031130E-04
-3.96262481E+00	2.00642170E+00	2.38532404E-02	-3.78932301E-04
-5.23524486E+00	2.50809449E+00	2.38493162E-02	-4.16823572E-04
-6.02892065E+00	2.15671671E+00	2.38453929E-02	-4.54705146E-04
-5.93407171E+00	1.27076274E+00	2.38414705E-02	-4.92577225E-04
