jMRUI Data Textfile

Filename: /Users/kayigwe/Desktop/TE26_BASISSET/converter/sample_basis_sets/JMRUI/Lac.txt

PointsInDataset: 2048
DatasetsInFile: 1
SamplingInterval: 2.500000E-01
ZeroOrderPhase: 0.000000E+00
BeginTime: 0.000000E+00
TransmitterFrequency: 1.232618E+08
MagneticField: 2.895033E+00
TypeOfNucleus: 0.000000E+00
NameOfPatient: Lac
DateOfExperiment: 20260523
Spectrometer: Unknown
AdditionalInfo: Converted by basis_set_converter


Signal and FFT
sig(real)	sig(imag)	fft(real)	fft(imag)
Signal 1 out of 1 in file
3.16115400E+01	-1.78321211E+00	8.60478864E-03	1.76069809E-03
2.55190535E+01	-1.81015996E+01	8.60359143E-03	1.74652208E-03
1.11032089E+01	-2.76158899E+01	8.60239512E-03	1.73235895E-03
-5.87686371E+00	-2.67425138E+01	8.60119970E-03	1.71820864E-03
-1.86896297E+01	-1.60825569E+01	8.60000517E-03	1.70407104E-03
-2.23405139E+01	-1.50546223E-01	8.59881151E-03	1.68994608E-03
-1.55651129E+01	1.44672776E+01	8.59761873E-03	1.67583367E-03
-1.30996702E+00	2.17745568E+01	8.59642681E-03	1.66173373E-03
1.44821209E+01	1.87710332E+01	8.59523575E-03	1.64764616E-03
2.52824116E+01	6.63805212E+00	8.59404554E-03	1.63357089E-03
2.66051797E+01	-9.76459428E+00	8.59285618E-03	1.61950783E-03
1.77972645E+01	-2.38763554E+01	8.59166766E-03	1.60545691E-03
2.27515210E+00	-3.00829129E+01	8.59047996E-03	1.59141802E-03
-1.38744458E+01	-2.59641391E+01	8.58929309E-03	1.57739110E-03
-2.43563922E+01	-1.32428391E+01	8.58810704E-03	1.56337606E-03
-2.51945850E+01	2.93732396E+00	8.58692180E-03	1.54937281E-03
-1.63092994E+01	1.61023495E+01	8.58573736E-03	1.53538127E-03
-1.51781920E+00	2.10569326E+01	8.58455372E-03	1.52140137E-03
1.30301067E+01	1.59600068E+01	8.58337087E-03	1.50743302E-03
2.13416037E+01	3.03698654E+00	8.58218880E-03	1.49347613E-03
1.99876138E+01	-1.23470007E+01	8.58100751E-03	1.47953063E-03
9.46108618E+00	-2.38678281E+01	8.57982700E-03	1.46559644E-03
-6.05094481E+00	-2.67910823E+01	8.57864724E-03	1.45167347E-03
-2.03771686E+01	-1.98620323E+01	8.57746825E-03	1.43776164E-03
-2.78549752E+01	-5.78306954E+00	8.57629000E-03	1.42386088E-03
-2.55990225E+01	9.90161062E+00	8.57511250E-03	1.40997110E-03
-1.46362437E+01	2.10531345E+01	8.57393574E-03	1.39609222E-03
5.39114032E-01	2.34052089E+01	8.57275970E-03	1.38222416E-03
1.37986381E+01	1.62589613E+01	8.57158440E-03	1.36836685E-03
1.98533709E+01	2.73123724E+00	8.57040981E-03	1.35452020E-03
1.63691561E+01	-1.15311673E+01	8.56923593E-03	1.34068414E-03
4.87725690E+00	-2.06419084E+01	8.56806276E-03	1.32685858E-03
-9.87505458E+00	-2.08416393E+01	8.56689029E-03	1.31304345E-03
-2.18594850E+01	-1.19896595E+01	8.56571851E-03	1.29923866E-03
-2.61988652E+01	2.41055230E+00	8.56454741E-03	1.28544415E-03
-2.11154389E+01	1.66490037E+01	8.56337700E-03	1.27165983E-03
-8.61750222E+00	2.51195931E+01	8.56220725E-03	1.25788562E-03
6.33970325E+00	2.45678107E+01	8.56103818E-03	1.24412145E-03
1.78679894E+01	1.53740881E+01	8.55986977E-03	1.23036724E-03
2.15158565E+01	1.36660758E+00	8.55870201E-03	1.21662292E-03
1.60393196E+01	-1.17476125E+01	8.55753489E-03	1.20288840E-03
3.86873375E+00	-1.86906398E+01	8.55636842E-03	1.18916360E-03
-9.90343434E+00	-1.67271324E+01	8.55520259E-03	1.17544846E-03
-1.95933929E+01	-6.73686650E+00	8.55403738E-03	1.16174290E-03
-2.12138399E+01	7.17415791E+00	8.55287280E-03	1.14804683E-03
-1.40583253E+01	1.93535663E+01	8.55170883E-03	1.13436019E-03
-9.53240279E-01	2.48863170E+01	8.55054547E-03	1.12068290E-03
1.29102852E+01	2.15596685E+01	8.54938271E-03	1.10701488E-03
2.20814140E+01	1.07241390E+01	8.54822056E-03	1.09335605E-03
2.30373478E+01	-3.28370198E+00	8.54705899E-03	1.07970635E-03
1.55751789E+01	-1.49102215E+01	8.54589801E-03	1.06606569E-03
2.85766525E+00	-1.96234297E+01	8.54473761E-03	1.05243401E-03
-9.89141743E+00	-1.57183164E+01	8.54357778E-03	1.03881122E-03
-1.75047093E+01	-4.96902018E+00	8.54241852E-03	1.02519726E-03
-1.69432660E+01	8.12162057E+00	8.54125982E-03	1.01159204E-03
-8.49222371E+00	1.81589693E+01	8.54010167E-03	9.97995501E-04
4.39009477E+00	2.10310980E+01	8.53894407E-03	9.84407561E-04
1.64942683E+01	1.55447353E+01	8.53778702E-03	9.70828148E-04
2.29683862E+01	3.87235501E+00	8.53663049E-03	9.57257187E-04
2.12596248E+01	-9.35555158E+00	8.53547450E-03	9.43694607E-04
1.21119576E+01	-1.89335602E+01	8.53431904E-03	9.30140334E-04
-7.69335517E-01	-2.11734052E+01	8.53316408E-03	9.16594294E-04
-1.22364901E+01	-1.53636968E+01	8.53200965E-03	9.03056414E-04
-1.77786424E+01	-4.01920981E+00	8.53085571E-03	8.89526623E-04
-1.53213623E+01	8.16612684E+00	8.52970228E-03	8.76004848E-04
-6.02793403E+00	1.62274102E+01	8.52854934E-03	8.62491016E-04
6.20711338E+00	1.69226034E+01	8.52739689E-03	8.48985054E-04
1.63533845E+01	1.00113685E+01	8.52624491E-03	8.35486892E-04
2.02758367E+01	-1.68526465E+00	8.52509342E-03	8.21996456E-04
1.63819324E+01	-1.34532889E+01	8.52394239E-03	8.08513676E-04
6.22906878E+00	-2.05983719E+01	8.52279183E-03	7.95038479E-04
-6.13814682E+00	-2.03265895E+01	8.52164172E-03	7.81570795E-04
-1.58389829E+01	-1.28397232E+01	8.52049207E-03	7.68110552E-04
-1.91215890E+01	-1.21612923E+00	8.51934286E-03	7.54657678E-04
-1.48502766E+01	9.85945064E+00	8.51819409E-03	7.41212104E-04
-4.92513728E+00	1.59931228E+01	8.51704575E-03	7.27773757E-04
6.52026436E+00	1.48374811E+01	8.51589784E-03	7.14342568E-04
1.48054326E+01	7.00378710E+00	8.51475036E-03	7.00918465E-04
1.65858944E+01	-4.22371699E+00	8.51360328E-03	6.87501379E-04
1.11751521E+01	-1.42406946E+01	8.51245662E-03	6.74091239E-04
7.83434248E-01	-1.89859616E+01	8.51131037E-03	6.60687975E-04
-1.04074631E+01	-1.65612860E+01	8.51016451E-03	6.47291517E-04
-1.79462321E+01	-7.96204188E+00	8.50901904E-03	6.33901795E-04
-1.88980646E+01	3.36149010E+00	8.50787396E-03	6.20518739E-04
-1.29978862E+01	1.29197813E+01	8.50672926E-03	6.07142281E-04
-2.71788746E+00	1.69955588E+01	8.50558493E-03	5.93772350E-04
7.76204179E+00	1.41197724E+01	8.50444098E-03	5.80408877E-04
1.42525997E+01	5.62563744E+00	8.50329738E-03	5.67051793E-04
1.42319394E+01	-4.92768920E+00	8.50215414E-03	5.53701029E-04
7.82965268E+00	-1.32141782E+01	8.50101126E-03	5.40356515E-04
-2.26594950E+00	-1.58849872E+01	8.49986872E-03	5.27018184E-04
-1.19237793E+01	-1.18945080E+01	8.49872652E-03	5.13685967E-04
-1.72463929E+01	-2.88364478E+00	8.49758465E-03	5.00359794E-04
-1.61267159E+01	7.51852233E+00	8.49644311E-03	4.87039597E-04
-9.06352640E+00	1.51780135E+01	8.49530189E-03	4.73725309E-04
1.07907638E+00	1.71177654E+01	8.49416099E-03	4.60416861E-04
1.02550138E+01	1.26897710E+01	8.49302040E-03	4.47114184E-04
1.48734231E+01	3.79616572E+00	8.49188012E-03	4.33817212E-04
1.32268909E+01	-5.91380377E+00	8.49074013E-03	4.20525875E-04
6.14235341E+00	-1.25326611E+01	8.48960044E-03	4.07240106E-04
-3.39307704E+00	-1.34620000E+01	8.48846103E-03	3.93959839E-04
-1.14644076E+01	-8.42939342E+00	8.48732191E-03	3.80685004E-04
-1.48112857E+01	4.42899805E-01	8.48618306E-03	3.67415534E-04
-1.21211862E+01	9.52867012E+00	8.48504449E-03	3.54151363E-04
-4.52062654E+00	1.51746916E+01	8.48390617E-03	3.40892423E-04
4.91808925E+00	1.51623974E+01	8.48276812E-03	3.27638647E-04
1.24396876E+01	9.56961329E+00	8.48163032E-03	3.14389968E-04
1.51191784E+01	6.98306577E-01	8.48049277E-03	3.01146319E-04
1.20155497E+01	-7.88582502E+00	8.47935546E-03	2.87907633E-04
4.51090148E+00	-1.28014650E+01	8.47821838E-03	2.74673844E-04
-4.28566228E+00	-1.21991563E+01	8.47708153E-03	2.61444884E-04
-1.08135035E+01	-6.47091788E+00	8.47594491E-03	2.48220688E-04
-1.24922133E+01	1.94992389E+00	8.47480851E-03	2.35001189E-04
-8.73385966E+00	9.60129307E+00	8.47367232E-03	2.21786320E-04
-1.13882761E+00	1.33965476E+01	8.47253634E-03	2.08576015E-04
7.18713765E+00	1.18508918E+01	8.47140056E-03	1.95370209E-04
1.29040947E+01	5.64297288E+00	8.47026498E-03	1.82168835E-04
1.37770868E+01	-2.69961407E+00	8.46912959E-03	1.68971826E-04
9.54644336E+00	-9.84738139E+00	8.46799438E-03	1.55779118E-04
1.99083295E+00	-1.30149102E+01	8.46685935E-03	1.42590644E-04
-5.82544638E+00	-1.10614268E+01	8.46572449E-03	1.29406339E-04
-1.08029964E+01	-4.91113025E+00	8.46458981E-03	1.16226137E-04
-1.10452466E+01	2.86042625E+00	8.46345528E-03	1.03049972E-04
-6.58915014E+00	9.09077552E+00	8.46232091E-03	8.98777792E-05
6.52533802E-01	1.13062121E+01	8.46118669E-03	7.67094926E-05
7.69706114E+00	8.69409438E+00	8.46005262E-03	6.35450471E-05
1.17069040E+01	2.38981111E+00	8.45891869E-03	5.03843774E-05
1.11193801E+01	-5.02087615E+00	8.45778489E-03	3.72274184E-05
6.24118654E+00	-1.05673191E+01	8.45665121E-03	2.40741048E-05
-9.17370091E-01	-1.20884004E+01	8.45551767E-03	1.09243716E-05
-7.48443231E+00	-9.07564663E+00	8.45438423E-03	-2.22184614E-06
-1.08925452E+01	-2.83653030E+00	8.45325091E-03	-1.53646134E-05
-9.89501320E+00	4.07102122E+00	8.45211770E-03	-2.85039950E-05
-5.03029784E+00	8.88941712E+00	8.45098458E-03	-4.16400557E-05
1.63755334E+00	9.76590287E+00	8.44985156E-03	-5.47728603E-05
7.38084236E+00	6.46824762E+00	8.44871863E-03	-6.79024734E-05
9.91310334E+00	4.35494841E-01	8.44758578E-03	-8.10289596E-05
8.28940883E+00	-5.83955825E+00	8.44645301E-03	-9.41523836E-05
3.24779988E+00	-9.83221914E+00	8.44532031E-03	-1.07272810E-04
-3.12982983E+00	-9.99337887E+00	8.44418768E-03	-1.20390302E-04
-8.28383276E+00	-6.34070667E+00	8.44305511E-03	-1.33504926E-04
-1.02098539E+01	-4.08798023E-01	8.44192259E-03	-1.46616745E-04
-8.24188248E+00	5.40424729E+00	8.44079012E-03	-1.59725824E-04
-3.27971466E+00	8.81625970E+00	8.43965770E-03	-1.72832226E-04
2.61433253E+00	8.56639116E+00	8.43852531E-03	-1.85936016E-04
7.07054817E+00	4.88724086E+00	8.43739296E-03	-1.99037258E-04
8.36447882E+00	-6.32199406E-01	8.43626064E-03	-2.12136017E-04
6.08404584E+00	-5.72023629E+00	8.43512833E-03	-2.25232355E-04
1.25338182E+00	-8.34796046E+00	8.43399604E-03	-2.38326338E-04
-4.11958969E+00	-7.52955896E+00	8.43286377E-03	-2.51418028E-04
-7.87354551E+00	-3.68194621E+00	8.43173149E-03	-2.64507491E-04
-8.55895915E+00	1.58596851E+00	8.43059922E-03	-2.77594789E-04
-5.99183996E+00	6.15213438E+00	8.42946694E-03	-2.90679987E-04
-1.28523393E+00	8.24240419E+00	8.42833464E-03	-3.03763148E-04
3.63690330E+00	7.12438877E+00	8.42720233E-03	-3.16844336E-04
6.83233045E+00	3.36301462E+00	8.42607000E-03	-3.29923615E-04
7.11319648E+00	-1.44926717E+00	8.42493763E-03	-3.43001048E-04
4.49134868E+00	-5.36195981E+00	8.42380523E-03	-3.56076699E-04
1.30153720E-01	-6.85473701E+00	8.42267280E-03	-3.69150632E-04
-4.16038063E+00	-5.42584194E+00	8.42154031E-03	-3.82222910E-04
-6.66727130E+00	-1.75327384E+00	8.42040777E-03	-3.95293597E-04
-6.45162035E+00	2.61970587E+00	8.41927518E-03	-4.08362755E-04
-3.69160947E+00	5.93138641E+00	8.41814252E-03	-4.21430450E-04
4.32456761E-01	6.91005719E+00	8.41700980E-03	-4.34496743E-04
4.24724606E+00	5.25925397E+00	8.41587700E-03	-4.47561699E-04
6.27093240E+00	1.73532101E+00	8.41474412E-03	-4.60625381E-04
5.79318743E+00	-2.19699647E+00	8.41361116E-03	-4.73687852E-04
3.12382015E+00	-4.97613530E+00	8.41247810E-03	-4.86749175E-04
-5.75003207E-01	-5.56740913E+00	8.41134495E-03	-4.99809415E-04
-3.78810284E+00	-3.84969023E+00	8.41021170E-03	-5.12868633E-04
-5.26451641E+00	-6.21377255E-01	8.40907834E-03	-5.25926894E-04
-4.50121793E+00	2.75957813E+00	8.40794486E-03	-5.38984261E-04
-1.90660007E+00	4.94117948E+00	8.40681127E-03	-5.52040797E-04
1.40635445E+00	5.11321729E+00	8.40567755E-03	-5.65096565E-04
4.09682226E+00	3.30117701E+00	8.40454370E-03	-5.78151628E-04
5.13931013E+00	3.13003977E-01	8.40340972E-03	-5.91206051E-04
4.21325977E+00	-2.62242145E+00	8.40227559E-03	-6.04259895E-04
1.79168943E+00	-4.36488423E+00	8.40114132E-03	-6.17313224E-04
-1.09045582E+00	-4.30935871E+00	8.40000689E-03	-6.30366101E-04
-3.27834980E+00	-2.59475131E+00	8.39887231E-03	-6.43418590E-04
-3.96154073E+00	-4.85336561E-03	8.39773756E-03	-6.56470753E-04
-2.97378025E+00	2.38128390E+00	8.39660264E-03	-6.69522655E-04
-8.18350677E-01	3.63511240E+00	8.39546754E-03	-6.82574357E-04
1.57457980E+00	3.33648957E+00	8.39433227E-03	-6.95625923E-04
3.24478979E+00	1.70607755E+00	8.39319680E-03	-7.08677417E-04
3.58429327E+00	-5.26213950E-01	8.39206115E-03	-7.21728901E-04
2.55297418E+00	-2.44651726E+00	8.39092529E-03	-7.34780439E-04
6.52594854E-01	-3.33239180E+00	8.38978924E-03	-7.47832093E-04
-1.31328275E+00	-2.92421251E+00	8.38865297E-03	-7.60883928E-04
-2.58142517E+00	-1.49122310E+00	8.38751649E-03	-7.73936005E-04
-2.72787810E+00	3.18777051E-01	8.38637978E-03	-7.86988389E-04
-1.80676958E+00	1.76869757E+00	8.38524285E-03	-8.00041143E-04
-2.85935320E-01	2.33247635E+00	8.38410569E-03	-8.13094329E-04
1.17759035E+00	1.88413770E+00	8.38296828E-03	-8.26148011E-04
2.01731171E+00	7.08644420E-01	8.38183064E-03	-8.39202252E-04
1.97353684E+00	-6.53768916E-01	8.38069274E-03	-8.52257116E-04
1.16391662E+00	-1.65063098E+00	8.37955459E-03	-8.65312665E-04
-6.37139913E-03	-1.93954094E+00	8.37841618E-03	-8.78368963E-04
-1.04147569E+00	-1.50037125E+00	8.37727750E-03	-8.91426074E-04
-1.56590809E+00	-6.02630968E-01	8.37613855E-03	-9.04484060E-04
-1.46025591E+00	3.42368116E-01	8.37499932E-03	-9.17542985E-04
-8.73239986E-01	9.69147087E-01	8.37385981E-03	-9.30602912E-04
-1.19834476E-01	1.10110205E+00	8.37272000E-03	-9.43663904E-04
4.76605760E-01	7.93063810E-01	8.37157990E-03	-9.56726026E-04
7.22174586E-01	2.67764508E-01	8.37043950E-03	-9.69789340E-04
6.11681872E-01	-2.11521919E-01	8.36929880E-03	-9.82853910E-04
2.93111974E-01	-4.65752904E-01	8.36815777E-03	-9.95919799E-04
-3.32354786E-02	-4.64570077E-01	8.36701643E-03	-1.00898707E-03
-2.23689240E-01	-3.07637426E-01	8.36587477E-03	-1.02205579E-03
-2.53013766E-01	-1.42905905E-01	8.36473278E-03	-1.03512602E-03
-2.02687031E-01	-7.15370795E-02	8.36359044E-03	-1.04819782E-03
-1.89295722E-01	-9.20758473E-02	8.36244777E-03	-1.06127126E-03
-2.77597274E-01	-1.12374006E-01	8.36130475E-03	-1.07434640E-03
-4.29392470E-01	-1.98089683E-02	8.36016138E-03	-1.08742330E-03
-5.18851917E-01	2.31881374E-01	8.35901764E-03	-1.10050203E-03
-4.08085718E-01	5.70834521E-01	8.35787354E-03	-1.11358265E-03
-4.24517300E-02	8.24519718E-01	8.35672907E-03	-1.12666523E-03
4.88803779E-01	8.03943255E-01	8.35558422E-03	-1.13974983E-03
9.66514559E-01	4.14696597E-01	8.35443899E-03	-1.15283651E-03
1.13331960E+00	-2.63988061E-01	8.35329337E-03	-1.16592534E-03
8.24709794E-01	-9.80543289E-01	8.35214736E-03	-1.17901638E-03
7.54818311E-02	-1.40448260E+00	8.35100094E-03	-1.19210970E-03
-8.57531442E-01	-1.27738414E+00	8.34985412E-03	-1.20520535E-03
-1.58040892E+00	-5.53308554E-01	8.34870689E-03	-1.21830341E-03
-1.72793617E+00	5.42633146E-01	8.34755923E-03	-1.23140394E-03
-1.14049948E+00	1.57731657E+00	8.34641116E-03	-1.24450700E-03
3.12460176E-02	2.07994831E+00	8.34526265E-03	-1.25761265E-03
1.35237592E+00	1.75269132E+00	8.34411370E-03	-1.27072097E-03
2.26382149E+00	6.28218428E-01	8.34296432E-03	-1.28383201E-03
2.31811127E+00	-9.04423044E-01	8.34181448E-03	-1.29694584E-03
1.39144083E+00	-2.23173331E+00	8.34066420E-03	-1.31006252E-03
-2.26228495E-01	-2.76222333E+00	8.33951345E-03	-1.32318212E-03
-1.91554178E+00	-2.18828530E+00	8.33836223E-03	-1.33630471E-03
-2.96560495E+00	-6.48356812E-01	8.33721055E-03	-1.34943034E-03
-2.87407392E+00	1.29142402E+00	8.33605838E-03	-1.36255908E-03
-1.58292836E+00	2.84375331E+00	8.33490573E-03	-1.37569101E-03
4.58612727E-01	3.32028377E+00	8.33375259E-03	-1.38882617E-03
2.44534483E+00	2.43507633E+00	8.33259896E-03	-1.40196464E-03
3.53250584E+00	4.58513039E-01	8.33144482E-03	-1.41510648E-03
3.19303422E+00	-1.85596391E+00	8.33029017E-03	-1.42825176E-03
1.46484025E+00	-3.55710624E+00	8.32913501E-03	-1.44140054E-03
-1.02562590E+00	-3.88546818E+00	8.32797933E-03	-1.45455289E-03
-3.28860901E+00	-2.60773977E+00	8.32682312E-03	-1.46770887E-03
-4.36517240E+00	-1.49612514E-01	8.32566638E-03	-1.48086855E-03
-3.73314384E+00	2.54201132E+00	8.32450910E-03	-1.49403200E-03
-1.55329778E+00	4.36545396E+00	8.32335127E-03	-1.50719927E-03
1.35791668E+00	4.51763445E+00	8.32219290E-03	-1.52037043E-03
3.83322357E+00	2.84772485E+00	8.32103396E-03	-1.53354556E-03
4.82375487E+00	-4.36477743E-02	8.31987447E-03	-1.54672471E-03
3.84393321E+00	-3.01516337E+00	8.31871440E-03	-1.55990796E-03
1.20367583E+00	-4.83318379E+00	8.31755376E-03	-1.57309536E-03
-2.08041461E+00	-4.68164068E+00	8.31639253E-03	-1.58628699E-03
-4.67359262E+00	-2.52274893E+00	8.31523072E-03	-1.59948290E-03
-5.46309219E+00	8.49677233E-01	8.31406831E-03	-1.61268317E-03
-4.03115240E+00	4.10108638E+00	8.31290530E-03	-1.62588787E-03
-8.60334851E-01	5.88558328E+00	8.31174168E-03	-1.63909705E-03
2.82649904E+00	5.40372787E+00	8.31057745E-03	-1.65231079E-03
5.54084627E+00	2.75757585E+00	8.30941260E-03	-1.66552914E-03
6.13371944E+00	-1.05346416E+00	8.30824713E-03	-1.67875219E-03
4.28510962E+00	-4.50920267E+00	8.30708102E-03	-1.69197999E-03
6.69704099E-01	-6.17639841E+00	8.30591428E-03	-1.70521262E-03
-3.28281883E+00	-5.30459531E+00	8.30474688E-03	-1.71845013E-03
-5.94929417E+00	-2.16248571E+00	8.30357884E-03	-1.73169260E-03
-6.17593664E+00	2.03448621E+00	8.30241014E-03	-1.74494009E-03
-3.77184353E+00	5.59054427E+00	8.30124078E-03	-1.75819267E-03
3.77272073E-01	7.01138923E+00	8.30007074E-03	-1.77145041E-03
4.63571922E+00	5.62713833E+00	8.29890003E-03	-1.78471338E-03
7.26525761E+00	1.89690075E+00	8.29772864E-03	-1.79798163E-03
7.13692767E+00	-2.74170529E+00	8.29655655E-03	-1.81125525E-03
4.21565217E+00	-6.43126393E+00	8.29538377E-03	-1.82453429E-03
-3.89760473E-01	-7.64448126E+00	8.29421029E-03	-1.83781883E-03
-4.84585918E+00	-5.82233170E+00	8.29303610E-03	-1.85110894E-03
-7.32516711E+00	-1.63394830E+00	8.29186119E-03	-1.86440467E-03
-6.75696403E+00	3.26054458E+00	8.29068556E-03	-1.87770611E-03
-3.28979055E+00	6.86181037E+00	8.28950920E-03	-1.89101332E-03
1.73327829E+00	7.64193972E+00	8.28833211E-03	-1.90432636E-03
6.29076647E+00	5.18521944E+00	8.28715427E-03	-1.91764531E-03
8.49235241E+00	3.90693212E-01	8.28597569E-03	-1.93097023E-03
7.35749899E+00	-4.85915811E+00	8.28479635E-03	-1.94430119E-03
3.24247209E+00	-8.44239886E+00	8.28361625E-03	-1.95763827E-03
-2.26919684E+00	-8.86011334E+00	8.28243538E-03	-1.97098153E-03
-6.98227719E+00	-5.86659404E+00	8.28125374E-03	-1.98433104E-03
-8.97227974E+00	-6.02568004E-01	8.28007131E-03	-1.99768687E-03
-7.37982365E+00	4.83610278E+00	8.27888810E-03	-2.01104909E-03
-2.78900893E+00	8.23188106E+00	8.27770409E-03	-2.02441777E-03
2.97576398E+00	8.14971828E+00	8.27651928E-03	-2.03779297E-03
7.56570301E+00	4.54321192E+00	8.27533366E-03	-2.05117478E-03
9.05552625E+00	-1.19281013E+00	8.27414723E-03	-2.06456325E-03
6.74075808E+00	-6.75810140E+00	8.27295997E-03	-2.07795846E-03
1.45446592E+00	-9.86574493E+00	8.27177189E-03	-2.09136049E-03
-4.73734566E+00	-9.17672568E+00	8.27058297E-03	-2.10476939E-03
-9.35125012E+00	-4.86833070E+00	8.26939321E-03	-2.11818524E-03
-1.04907604E+01	1.40432675E+00	8.26820260E-03	-2.13160811E-03
-7.63305524E+00	7.15135674E+00	8.26701113E-03	-2.14503808E-03
-1.87173667E+00	1.00460421E+01	8.26581880E-03	-2.15847520E-03
4.49528168E+00	8.87748699E+00	8.26462560E-03	-2.17191956E-03
8.87825871E+00	4.06776959E+00	8.26343153E-03	-2.18537123E-03
9.44618883E+00	-2.46676409E+00	8.26223657E-03	-2.19883027E-03
5.88920864E+00	-8.06692929E+00	8.26104072E-03	-2.21229677E-03
-4.24334922E-01	-1.04004464E+01	8.25984397E-03	-2.22577078E-03
-6.97238515E+00	-8.41961847E+00	8.25864632E-03	-2.23925238E-03
-1.10845698E+01	-2.81383005E+00	8.25744776E-03	-2.25274165E-03
-1.10275222E+01	4.23758005E+00	8.25624828E-03	-2.26623866E-03
-6.72886157E+00	9.92460015E+00	8.25504787E-03	-2.27974347E-03
1.62264255E-01	1.19390057E+01	8.25384653E-03	-2.29325617E-03
6.91506719E+00	9.42325500E+00	8.25264425E-03	-2.30677682E-03
1.08093688E+01	3.34558369E+00	8.25144102E-03	-2.32030550E-03
1.02431380E+01	-3.86197775E+00	8.25023684E-03	-2.33384228E-03
5.40417182E+00	-9.26827999E+00	8.24903170E-03	-2.34738723E-03
-1.77549656E+00	-1.06279031E+01	8.24782559E-03	-2.36094043E-03
-8.37635375E+00	-7.30719428E+00	8.24661850E-03	-2.37450196E-03
-1.16631899E+01	-5.69761092E-01	8.24541043E-03	-2.38807187E-03
-1.02015706E+01	6.90570211E+00	8.24420138E-03	-2.40165026E-03
-4.46334084E+00	1.20916378E+01	8.24299132E-03	-2.41523719E-03
3.33378786E+00	1.28372883E+01	8.24178026E-03	-2.42883273E-03
1.00996296E+01	8.75736422E+00	8.24056818E-03	-2.44243697E-03
1.31137428E+01	1.41661087E+00	8.23935509E-03	-2.45604998E-03
1.11367167E+01	-6.27592144E+00	8.23814097E-03	-2.46967182E-03
4.93628301E+00	-1.12287078E+01	8.23692582E-03	-2.48330259E-03
-2.99480368E+00	-1.14215062E+01	8.23570963E-03	-2.49694234E-03
-9.42662012E+00	-6.74236336E+00	8.23449238E-03	-2.51059116E-03
-1.16943900E+01	9.38885999E-01	8.23327408E-03	-2.52424913E-03
-8.79017593E+00	8.50183465E+00	8.23205472E-03	-2.53791632E-03
-1.79684647E+00	1.28257843E+01	8.23083428E-03	-2.55159280E-03
6.52163856E+00	1.20581053E+01	8.22961277E-03	-2.56527865E-03
1.28189977E+01	6.38519600E+00	8.22839017E-03	-2.57897395E-03
1.45173873E+01	-2.01434391E+00	8.22716647E-03	-2.59267877E-03
1.08645772E+01	-9.82657011E+00	8.22594168E-03	-2.60639320E-03
3.26389998E+00	-1.39318767E+01	8.22471577E-03	-2.62011730E-03
-5.26688537E+00	-1.26735504E+01	8.22348875E-03	-2.63385116E-03
-1.12995427E+01	-6.54896091E+00	8.22226060E-03	-2.64759486E-03
-1.23817126E+01	1.96502791E+00	8.22103132E-03	-2.66134846E-03
-8.04483871E+00	9.39277223E+00	8.21980090E-03	-2.67511206E-03
-1.93442374E-02	1.26586638E+01	8.21856933E-03	-2.68888572E-03
8.44041357E+00	1.03411494E+01	8.21733661E-03	-2.70266953E-03
1.38583775E+01	3.27079263E+00	8.21610272E-03	-2.71646356E-03
1.39450803E+01	-5.77860608E+00	8.21486766E-03	-2.73026790E-03
8.54141608E+00	-1.31914318E+01	8.21363143E-03	-2.74408261E-03
-2.90852453E-01	-1.59665346E+01	8.21239400E-03	-2.75790779E-03
-9.07868263E+00	-1.29413946E+01	8.21115538E-03	-2.77174351E-03
-1.43293526E+01	-5.28458946E+00	8.20991556E-03	-2.78558986E-03
-1.39460297E+01	3.95175837E+00	8.20867453E-03	-2.79944690E-03
-8.09312803E+00	1.10486819E+01	8.20743227E-03	-2.81331472E-03
8.45927400E-01	1.31212009E+01	8.20618879E-03	-2.82719341E-03
9.21155470E+00	9.29746082E+00	8.20494408E-03	-2.84108303E-03
1.35388738E+01	1.09416630E+00	8.20369812E-03	-2.85498368E-03
1.19655379E+01	-8.17279420E+00	8.20245091E-03	-2.86889544E-03
5.00468094E+00	-1.47137950E+01	8.20120244E-03	-2.88281838E-03
-4.63731279E+00	-1.57970934E+01	8.19995271E-03	-2.89675259E-03
-1.31342696E+01	-1.08675194E+01	8.19870169E-03	-2.91069814E-03
-1.70787371E+01	-1.79429031E+00	8.19744940E-03	-2.92465513E-03
-1.48663931E+01	7.86138896E+00	8.19619581E-03	-2.93862364E-03
-7.36348946E+00	1.42718234E+01	8.19494092E-03	-2.95260373E-03
2.42039361E+00	1.48903842E+01	8.19368472E-03	-2.96659551E-03
1.05314014E+01	9.49494263E+00	8.19242720E-03	-2.98059906E-03
1.36646745E+01	2.99273815E-01	8.19116836E-03	-2.99461444E-03
1.05097433E+01	-8.92170916E+00	8.18990818E-03	-3.00864176E-03
2.30029568E+00	-1.43476598E+01	8.18864666E-03	-3.02268109E-03
-7.66199691E+00	-1.36610439E+01	8.18738379E-03	-3.03673252E-03
-1.53260615E+01	-7.00067263E+00	8.18611956E-03	-3.05079614E-03
-1.75256626E+01	3.07134064E+00	8.18485396E-03	-3.06487202E-03
-1.32698661E+01	1.25846397E+01	8.18358699E-03	-3.07896025E-03
-4.16381943E+00	1.77550806E+01	8.18231862E-03	-3.09306093E-03
6.21820132E+00	1.65176616E+01	8.18104887E-03	-3.10717412E-03
1.37625299E+01	9.37641801E+00	8.17977771E-03	-3.12129993E-03
1.54763398E+01	-7.78809980E-01	8.17850514E-03	-3.13543843E-03
1.07078274E+01	-9.82324430E+00	8.17723115E-03	-3.14958971E-03
1.42843097E+00	-1.40575987E+01	8.17595572E-03	-3.16375387E-03
-8.54497788E+00	-1.17097196E+01	8.17467887E-03	-3.17793098E-03
-1.50815205E+01	-3.66790755E+00	8.17340056E-03	-3.19212113E-03
-1.54071266E+01	6.85726605E+00	8.17212080E-03	-3.20632441E-03
-9.23915613E+00	1.56141413E+01	8.17083957E-03	-3.22054092E-03
1.07881433E+00	1.90226453E+01	8.16955687E-03	-3.23477073E-03
1.15042542E+01	1.56282776E+01	8.16827268E-03	-3.24901394E-03
1.79175812E+01	6.70679938E+00	8.16698701E-03	-3.26327063E-03
1.77872995E+01	-4.23147845E+00	8.16569983E-03	-3.27754090E-03
1.12046760E+01	-1.28452483E+01	8.16441114E-03	-3.29182483E-03
8.64560137E-01	-1.57121079E+01	8.16312093E-03	-3.30612252E-03
-9.00749023E+00	-1.17190212E+01	8.16182920E-03	-3.32043405E-03
-1.43550368E+01	-2.52796709E+00	8.16053593E-03	-3.33475951E-03
-1.29339274E+01	8.07821443E+00	8.15924110E-03	-3.34909900E-03
-5.23331775E+00	1.57127718E+01	8.15794473E-03	-3.36345261E-03
5.70315461E+00	1.71566946E+01	8.15664678E-03	-3.37782042E-03
1.54910381E+01	1.16697641E+01	8.15534726E-03	-3.39220254E-03
2.01692509E+01	1.30742819E+00	8.15404616E-03	-3.40659904E-03
1.78045162E+01	-9.89114676E+00	8.15274346E-03	-3.42101003E-03
9.28592019E+00	-1.75225522E+01	8.15143916E-03	-3.43543560E-03
-2.01693473E+00	-1.85960947E+01	8.15013325E-03	-3.44987584E-03
-1.16009804E+01	-1.27504206E+01	8.14882571E-03	-3.46433084E-03
-1.56432597E+01	-2.41422772E+00	8.14751654E-03	-3.47880069E-03
-1.25502841E+01	8.16038719E+00	8.14620572E-03	-3.49328550E-03
-3.61485345E+00	1.46077269E+01	8.14489326E-03	-3.50778536E-03
7.49065554E+00	1.42142181E+01	8.14357913E-03	-3.52230036E-03
1.61863602E+01	7.02614076E+00	8.14226333E-03	-3.53683059E-03
1.88323948E+01	-4.15247038E+00	8.14094585E-03	-3.55137615E-03
1.42067540E+01	-1.48771353E+01	8.13962668E-03	-3.56593715E-03
4.01376558E+00	-2.08497378E+01	8.13830581E-03	-3.58051366E-03
-7.78766142E+00	-1.96559384E+01	8.13698322E-03	-3.59510580E-03
-1.65707006E+01	-1.17504574E+01	8.13565892E-03	-3.60971365E-03
-1.89055356E+01	-2.87935035E-01	8.13433288E-03	-3.62433733E-03
-1.39500696E+01	1.01382643E+01	8.13300510E-03	-3.63897691E-03
-3.80176216E+00	1.53450756E+01	8.13167557E-03	-3.65363250E-03
7.33693546E+00	1.32520702E+01	8.13034428E-03	-3.66830421E-03
1.48481006E+01	4.73214182E+00	8.12901121E-03	-3.68299212E-03
1.55639860E+01	-6.72752910E+00	8.12767637E-03	-3.69769635E-03
9.05540307E+00	-1.64229203E+01	8.12633973E-03	-3.71241698E-03
-2.18072680E+00	-2.03290972E+01	8.12500128E-03	-3.72715412E-03
-1.37155503E+01	-1.67305563E+01	8.12366102E-03	-3.74190786E-03
-2.09677143E+01	-6.92583540E+00	8.12231894E-03	-3.75667832E-03
-2.10524153E+01	5.28247338E+00	8.12097502E-03	-3.77146559E-03
-1.39531892E+01	1.51115348E+01	8.11962926E-03	-3.78626977E-03
-2.54004348E+00	1.87245646E+01	8.11828164E-03	-3.80109097E-03
8.57831408E+00	1.47830015E+01	8.11693216E-03	-3.81592928E-03
1.49093028E+01	4.99582135E+00	8.11558079E-03	-3.83078482E-03
1.38918218E+01	-6.56013338E+00	8.11422754E-03	-3.84565767E-03
5.93842655E+00	-1.50791889E+01	8.11287239E-03	-3.86054796E-03
-5.71988277E+00	-1.69667757E+01	8.11151533E-03	-3.87545578E-03
-1.63282168E+01	-1.12975685E+01	8.11015634E-03	-3.89038124E-03
-2.15229662E+01	-2.00847094E-01	8.10879543E-03	-3.90532443E-03
-1.90961403E+01	1.19865810E+01	8.10743257E-03	-3.92028548E-03
-9.89560743E+00	2.04621608E+01	8.10606776E-03	-3.93526448E-03
2.50544381E+00	2.18937063E+01	8.10470098E-03	-3.95026154E-03
1.32406051E+01	1.57685661E+01	8.10333223E-03	-3.96527677E-03
1.81093226E+01	4.60895362E+00	8.10196148E-03	-3.98031027E-03
1.52735485E+01	-7.03736423E+00	8.10058874E-03	-3.99536215E-03
6.00587893E+00	-1.44274835E+01	8.09921399E-03	-4.01043253E-03
-5.81608799E+00	-1.45383182E+01	8.09783721E-03	-4.02552150E-03
-1.52689739E+01	-7.29293857E+00	8.09645840E-03	-4.04062919E-03
-1.83699579E+01	4.39916412E+00	8.09507755E-03	-4.05575569E-03
-1.36892878E+01	1.58077355E+01	8.09369464E-03	-4.07090112E-03
-2.93666212E+00	2.22861250E+01	8.09230966E-03	-4.08606559E-03
9.71821459E+00	2.11474611E+01	8.09092260E-03	-4.10124921E-03
1.93200613E+01	1.27550299E+01	8.08953345E-03	-4.11645209E-03
2.21241154E+01	3.84532396E-01	8.08814219E-03	-4.13167435E-03
1.71089403E+01	-1.10894208E+01	8.08674882E-03	-4.14691609E-03
6.39400743E+00	-1.71554081E+01	8.08535332E-03	-4.16217744E-03
-5.60932138E+00	-1.54854990E+01	8.08395568E-03	-4.17745849E-03
-1.39738558E+01	-6.87856957E+00	8.08255589E-03	-4.19275938E-03
-1.52449574E+01	5.05633795E+00	8.08115393E-03	-4.20808020E-03
-8.83900791E+00	1.53517791E+01	8.07974980E-03	-4.22342109E-03
2.71396550E+00	1.96853008E+01	8.07834348E-03	-4.23878214E-03
1.47839949E+01	1.61269203E+01	8.07693496E-03	-4.25416349E-03
2.25046588E+01	5.92475756E+00	8.07552423E-03	-4.26956524E-03
2.27359295E+01	-6.99021711E+00	8.07411127E-03	-4.28498752E-03
1.53344185E+01	-1.75829506E+01	8.07269607E-03	-4.30043043E-03
3.21711698E+00	-2.17415509E+01	8.07127862E-03	-4.31589410E-03
-8.80932397E+00	-1.79358210E+01	8.06985891E-03	-4.33137866E-03
-1.59836231E+01	-7.83719091E+00	8.06843692E-03	-4.34688421E-03
-1.55097633E+01	4.35194508E+00	8.06701265E-03	-4.36241087E-03
-7.68699905E+00	1.35910844E+01	8.06558607E-03	-4.37795878E-03
4.20734055E+00	1.60352299E+01	8.06415717E-03	-4.39352804E-03
1.52369376E+01	1.05891386E+01	8.06272595E-03	-4.40911878E-03
2.07969537E+01	-6.45719184E-01	8.06129239E-03	-4.42473113E-03
1.84736287E+01	-1.32134079E+01	8.05985648E-03	-4.44036520E-03
9.02251404E+00	-2.20968470E+01	8.05841819E-03	-4.45602112E-03
-3.93041297E+00	-2.37398848E+01	8.05697753E-03	-4.47169901E-03
-1.53456925E+01	-1.74826926E+01	8.05553447E-03	-4.48739900E-03
-2.07990128E+01	-5.83082655E+00	8.05408901E-03	-4.50312121E-03
-1.82639131E+01	6.55184304E+00	8.05264112E-03	-4.51886577E-03
-8.92925797E+00	1.47214918E+01	8.05119081E-03	-4.53463280E-03
3.27923434E+00	1.54472338E+01	8.04973804E-03	-4.55042243E-03
1.32816597E+01	8.51478167E+00	8.04828281E-03	-4.56623479E-03
1.68933620E+01	-3.18562816E+00	8.04682511E-03	-4.58207000E-03
1.25147900E+01	-1.48235122E+01	8.04536492E-03	-4.59792821E-03
1.77985465E+00	-2.15758902E+01	8.04390222E-03	-4.61380952E-03
-1.10994030E+01	-2.05733761E+01	8.04243701E-03	-4.62971408E-03
-2.10282602E+01	-1.20597187E+01	8.04096927E-03	-4.64564201E-03
-2.40816594E+01	7.03208411E-01	8.03949898E-03	-4.66159345E-03
-1.90860377E+01	1.27472040E+01	8.03802613E-03	-4.67756853E-03
-8.09265307E+00	1.93978833E+01	8.03655071E-03	-4.69356738E-03
4.44883352E+00	1.81569802E+01	8.03507271E-03	-4.70959013E-03
1.34837390E+01	9.70783763E+00	8.03359209E-03	-4.72563692E-03
1.53898746E+01	-2.36158543E+00	8.03210887E-03	-4.74170788E-03
9.43767293E+00	-1.30067958E+01	8.03062301E-03	-4.75780315E-03
-1.91594714E+00	-1.77621996E+01	8.02913450E-03	-4.77392286E-03
-1.40185694E+01	-1.45431635E+01	8.02764333E-03	-4.79006714E-03
-2.18985156E+01	-4.48806698E+00	8.02614949E-03	-4.80623615E-03
-2.22697528E+01	8.49907313E+00	8.02465296E-03	-4.82243001E-03
-1.48571627E+01	1.93207868E+01	8.02315371E-03	-4.83864886E-03
-2.50810406E+00	2.37391153E+01	8.02165175E-03	-4.85489285E-03
9.95435328E+00	2.00817233E+01	8.02014706E-03	-4.87116210E-03
1.76739151E+01	9.91362377E+00	8.01863961E-03	-4.88745677E-03
1.77160844E+01	-2.59585398E+00	8.01712939E-03	-4.90377699E-03
1.02477422E+01	-1.23552008E+01	8.01561639E-03	-4.92012291E-03
-1.53382794E+00	-1.54035017E+01	8.01410059E-03	-4.93649467E-03
-1.26932449E+01	-1.05062188E+01	8.01258198E-03	-4.95289241E-03
-1.85490490E+01	3.49012626E-01	8.01106054E-03	-4.96931628E-03
-1.65620066E+01	1.27557098E+01	8.00953626E-03	-4.98576642E-03
-7.35865325E+00	2.16662297E+01	8.00800911E-03	-5.00224298E-03
5.52174287E+00	2.34265370E+01	8.00647909E-03	-5.01874610E-03
1.70536795E+01	1.72478198E+01	8.00494617E-03	-5.03527593E-03
2.27494527E+01	5.52249592E+00	8.00341035E-03	-5.05183263E-03
2.04646044E+01	-7.14156854E+00	8.00187159E-03	-5.06841633E-03
1.12575911E+01	-1.57781949E+01	8.00032990E-03	-5.08502719E-03
-1.04168620E+00	-1.70622003E+01	7.99878525E-03	-5.10166536E-03
-1.13792351E+01	-1.06451755E+01	7.99723762E-03	-5.11833099E-03
-1.55154501E+01	7.09736965E-01	7.99568700E-03	-5.13502424E-03
-1.17327213E+01	1.22469201E+01	7.99413337E-03	-5.15174524E-03
-1.52450457E+00	1.91386620E+01	7.99257671E-03	-5.16849417E-03
1.10104044E+01	1.84319210E+01	7.99101702E-03	-5.18527117E-03
2.08224394E+01	1.02370422E+01	7.98945426E-03	-5.20207640E-03
2.39464577E+01	-2.31932400E+00	7.98788843E-03	-5.21891001E-03
1.90970853E+01	-1.43561470E+01	7.98631950E-03	-5.23577217E-03
8.18233656E+00	-2.12044662E+01	7.98474746E-03	-5.25266302E-03
-4.46953111E+00	-2.02851396E+01	7.98317229E-03	-5.26958274E-03
-1.38563143E+01	-1.21417612E+01	7.98159398E-03	-5.28653147E-03
-1.63162572E+01	-2.14210736E-01	7.98001250E-03	-5.30350938E-03
-1.09987026E+01	1.05536912E+01	7.97842784E-03	-5.32051663E-03
-1.99630315E-01	1.57094250E+01	7.97683998E-03	-5.33755338E-03
1.15708931E+01	1.30850389E+01	7.97524890E-03	-5.35461980E-03
1.94111610E+01	3.66648506E+00	7.97365458E-03	-5.37171605E-03
2.00042162E+01	-8.80920884E+00	7.97205701E-03	-5.38884229E-03
1.29518089E+01	-1.93639107E+01	7.97045617E-03	-5.40599869E-03
9.30145161E-01	-2.37848822E+01	7.96885204E-03	-5.42318541E-03
-1.13925643E+01	-2.03186583E+01	7.96724459E-03	-5.44040263E-03
-1.92379769E+01	-1.03710011E+01	7.96563382E-03	-5.45765052E-03
-1.96393013E+01	2.06651306E+00	7.96401970E-03	-5.47492923E-03
-1.26289830E+01	1.20293149E+01	7.96240221E-03	-5.49223895E-03
-1.21599746E+00	1.55801455E+01	7.96078134E-03	-5.50957985E-03
9.83507359E+00	1.13904501E+01	7.95915707E-03	-5.52695209E-03
1.59284790E+01	1.26715834E+00	7.95752937E-03	-5.54435585E-03
1.44884559E+01	-1.05844828E+01	7.95589822E-03	-5.56179130E-03
5.99188660E+00	-1.92617340E+01	7.95426362E-03	-5.57925863E-03
-6.23104459E+00	-2.11412745E+01	7.95262553E-03	-5.59675800E-03
-1.73443573E+01	-1.53354448E+01	7.95098394E-03	-5.61428959E-03
-2.29560457E+01	-4.04311325E+00	7.94933882E-03	-5.63185359E-03
-2.08834286E+01	8.34272254E+00	7.94769017E-03	-5.64945017E-03
-1.20240810E+01	1.70075857E+01	7.94603795E-03	-5.66707951E-03
1.54188720E-02	1.86522201E+01	7.94438215E-03	-5.68474179E-03
1.03796123E+01	1.28133308E+01	7.94272274E-03	-5.70243720E-03
1.49220005E+01	2.03871854E+00	7.94105971E-03	-5.72016592E-03
1.18709315E+01	-9.14999428E+00	7.93939304E-03	-5.73792813E-03
2.53391033E+00	-1.60855154E+01	7.93772270E-03	-5.75572402E-03
-9.23993931E+00	-1.58353300E+01	7.93604868E-03	-5.77355378E-03
-1.86185808E+01	-8.37731174E+00	7.93437095E-03	-5.79141760E-03
-2.17359095E+01	3.40019471E+00	7.93268949E-03	-5.80931565E-03
-1.72449577E+01	1.48695794E+01	7.93100428E-03	-5.82724814E-03
-6.85186624E+00	2.15307945E+01	7.92931530E-03	-5.84521526E-03
5.38041769E+00	2.08199997E+01	7.92762252E-03	-5.86321720E-03
1.46738892E+01	1.31325141E+01	7.92592593E-03	-5.88125414E-03
1.74585127E+01	1.65149354E+00	7.92422551E-03	-5.89932629E-03
1.28017067E+01	-8.94413464E+00	7.92252122E-03	-5.91743384E-03
2.77102874E+00	-1.43682251E+01	7.92081305E-03	-5.93557700E-03
-8.41166018E+00	-1.24501617E+01	7.91910098E-03	-5.95375594E-03
-1.60793121E+01	-3.99922630E+00	7.91738499E-03	-5.97197089E-03
-1.70007692E+01	7.53370459E+00	7.91566504E-03	-5.99022203E-03
-1.06761439E+01	1.74559332E+01	7.91394113E-03	-6.00850957E-03
4.72191209E-01	2.17263981E+01	7.91221322E-03	-6.02683371E-03
1.20850028E+01	1.85788699E+01	7.91048129E-03	-6.04519466E-03
1.96263502E+01	9.22310746E+00	7.90874532E-03	-6.06359261E-03
2.02070048E+01	-2.65391722E+00	7.90700528E-03	-6.08202779E-03
1.37374371E+01	-1.23806804E+01	7.90526116E-03	-6.10050039E-03
2.94968046E+00	-1.61827580E+01	7.90351293E-03	-6.11901063E-03
-7.71552363E+00	-1.26948420E+01	7.90176056E-03	-6.13755872E-03
-1.39033984E+01	-3.49664911E+00	7.90000403E-03	-6.15614486E-03
-1.30964867E+01	7.53825323E+00	7.89824332E-03	-6.17476927E-03
-5.61838067E+00	1.58130620E+01	7.89647839E-03	-6.19343217E-03
5.51028410E+00	1.78614916E+01	7.89470924E-03	-6.21213377E-03
1.57999193E+01	1.27375876E+01	7.89293583E-03	-6.23087429E-03
2.11047027E+01	2.38495642E+00	7.89115813E-03	-6.24965395E-03
1.92878924E+01	-9.15782340E+00	7.88937613E-03	-6.26847297E-03
1.10708388E+01	-1.73900173E+01	7.88758979E-03	-6.28733156E-03
-2.71400623E-01	-1.91588316E+01	7.88579910E-03	-6.30622995E-03
-1.02393571E+01	-1.39180599E+01	7.88400402E-03	-6.32516837E-03
-1.49234312E+01	-3.93214474E+00	7.88220453E-03	-6.34414704E-03
-1.25710598E+01	6.65073682E+00	7.88040060E-03	-6.36316619E-03
-4.27794374E+00	1.34777143E+01	7.87859221E-03	-6.38222604E-03
6.46980180E+00	1.37430749E+01	7.87677934E-03	-6.40132684E-03
1.52120352E+01	7.30804708E+00	7.87496195E-03	-6.42046879E-03
1.83144985E+01	-3.25817244E+00	7.87314001E-03	-6.43965215E-03
1.44262953E+01	-1.37263974E+01	7.87131351E-03	-6.45887714E-03
5.01096124E+00	-1.99166866E+01	7.86948241E-03	-6.47814400E-03
-6.25685420E+00	-1.93777651E+01	7.86764669E-03	-6.49745297E-03
-1.49797631E+01	-1.23617322E+01	7.86580632E-03	-6.51680429E-03
-1.78074780E+01	-1.70654275E+00	7.86396127E-03	-6.53619819E-03
-1.37750518E+01	8.31986017E+00	7.86211152E-03	-6.55563492E-03
-4.67427919E+00	1.37428230E+01	7.86025703E-03	-6.57511473E-03
5.68505682E+00	1.24755001E+01	7.85839778E-03	-6.59463785E-03
1.30202093E+01	5.14447305E+00	7.85653373E-03	-6.61420453E-03
1.43005900E+01	-5.18054842E+00	7.85466487E-03	-6.63381503E-03
8.95836247E+00	-1.42372411E+01	7.85279116E-03	-6.65346959E-03
-8.98752120E-01	-1.82923288E+01	7.85091257E-03	-6.67316846E-03
-1.13513699E+01	-1.56392627E+01	7.84902908E-03	-6.69291190E-03
-1.82546074E+01	-7.27151831E+00	7.84714064E-03	-6.71270017E-03
-1.89042064E+01	3.53345760E+00	7.84524725E-03	-6.73253351E-03
-1.31126021E+01	1.25450170E+01	7.84334885E-03	-6.75241218E-03
-3.26664639E+00	1.62838122E+01	7.84144543E-03	-6.77233646E-03
6.64915507E+00	1.34126043E+01	7.83953695E-03	-6.79230659E-03
1.26642320E+01	5.25675529E+00	7.83762338E-03	-6.81232285E-03
1.24163558E+01	-4.74861789E+00	7.83570470E-03	-6.83238550E-03
6.08831493E+00	-1.24550479E+01	7.83378087E-03	-6.85249480E-03
-3.68478721E+00	-1.46734813E+01	7.83185185E-03	-6.87265102E-03
-1.28928341E+01	-1.04492134E+01	7.82991763E-03	-6.89285444E-03
-1.77724161E+01	-1.42967066E+00	7.82797815E-03	-6.91310533E-03
-1.63173092E+01	8.81589692E+00	7.82603341E-03	-6.93340395E-03
-9.07175938E+00	1.62435324E+01	7.82408335E-03	-6.95375060E-03
1.10656889E+00	1.79613238E+01	7.82212796E-03	-6.97414554E-03
1.02107983E+01	1.33810161E+01	7.82016719E-03	-6.99458906E-03
1.47014082E+01	4.43565737E+00	7.81820101E-03	-7.01508144E-03
1.29223712E+01	-5.21683207E+00	7.81622939E-03	-7.03562296E-03
5.74965791E+00	-1.16763037E+01	7.81425230E-03	-7.05621391E-03
-3.78226613E+00	-1.23682712E+01	7.81226970E-03	-7.07685457E-03
-1.17177117E+01	-7.06658423E+00	7.81028156E-03	-7.09754524E-03
-1.47767843E+01	2.03546029E+00	7.80828785E-03	-7.11828621E-03
-1.16677069E+01	1.12262662E+01	7.80628852E-03	-7.13907778E-03
-3.58975419E+00	1.67792642E+01	7.80428355E-03	-7.15992023E-03
6.26831480E+00	1.64495731E+01	7.80227290E-03	-7.18081386E-03
1.40243102E+01	1.03630636E+01	7.80025654E-03	-7.20175899E-03
1.66659090E+01	9.46104207E-01	7.79823442E-03	-7.22275590E-03
1.32512405E+01	-8.06746934E+00	7.79620652E-03	-7.24380491E-03
5.26793336E+00	-1.31454306E+01	7.79417279E-03	-7.26490631E-03
-3.98612841E+00	-1.23719034E+01	7.79213321E-03	-7.28606043E-03
-1.07430633E+01	-6.20060743E+00	7.79008772E-03	-7.30726756E-03
-1.22817069E+01	2.74990626E+00	7.78803631E-03	-7.32852803E-03
-8.01020846E+00	1.07681522E+01	7.78597892E-03	-7.34984215E-03
3.16187811E-01	1.45504136E+01	7.78391553E-03	-7.37121023E-03
9.32157840E+00	1.25237460E+01	7.78184608E-03	-7.39263260E-03
1.53795334E+01	5.46182202E+00	7.77977056E-03	-7.41410958E-03
1.60708064E+01	-3.84686434E+00	7.77768891E-03	-7.43564150E-03
1.11427004E+01	-1.17361565E+01	7.77560110E-03	-7.45722867E-03
2.58988657E+00	-1.51405937E+01	7.77350709E-03	-7.47887143E-03
-6.16720839E+00	-1.28183755E+01	7.77140683E-03	-7.50057011E-03
-1.16679115E+01	-5.83066321E+00	7.76930030E-03	-7.52232505E-03
-1.17991502E+01	2.90780851E+00	7.76718745E-03	-7.54413659E-03
-6.62864824E+00	9.81724552E+00	7.76506824E-03	-7.56600505E-03
1.64535781E+00	1.20960367E+01	7.76294262E-03	-7.58793079E-03
9.59873834E+00	8.83691096E+00	7.76081056E-03	-7.60991414E-03
1.39685924E+01	1.37142125E+00	7.75867202E-03	-7.63195546E-03
1.29611847E+01	-7.28745171E+00	7.75652695E-03	-7.65405509E-03
6.95669985E+00	-1.36714040E+01	7.75437532E-03	-7.67621339E-03
-1.66552545E+00	-1.52525601E+01	7.75221707E-03	-7.69843070E-03
-9.50173252E+00	-1.14471077E+01	7.75005217E-03	-7.72070739E-03
-1.34987831E+01	-3.82845935E+00	7.74788058E-03	-7.74304382E-03
-1.21736064E+01	4.52696890E+00	7.74570224E-03	-7.76544035E-03
-6.18961656E+00	1.02894567E+01	7.74351712E-03	-7.78789734E-03
1.93403358E+00	1.12133170E+01	7.74132518E-03	-7.81041516E-03
8.85409813E+00	7.02444066E+00	7.73912636E-03	-7.83299418E-03
1.17536201E+01	-4.92939936E-01	7.73692062E-03	-7.85563478E-03
9.46571793E+00	-8.23597225E+00	7.73470793E-03	-7.87833734E-03
2.92259362E+00	-1.30431439E+01	7.73248822E-03	-7.90110222E-03
-5.24247017E+00	-1.29630381E+01	7.73026146E-03	-7.92392982E-03
-1.17705091E+01	-8.02293154E+00	7.72802760E-03	-7.94682052E-03
-1.40903570E+01	-1.94972528E-01	7.72578659E-03	-7.96977471E-03
-1.13406846E+01	7.41686646E+00	7.72353838E-03	-7.99279277E-03
-4.69434730E+00	1.18336697E+01	7.72128294E-03	-8.01587510E-03
3.13651715E+00	1.13929902E+01	7.71902020E-03	-8.03902211E-03
9.00620498E+00	6.39793464E+00	7.71675012E-03	-8.06223418E-03
1.06011336E+01	-1.02963293E+00	7.71447265E-03	-8.08551173E-03
7.35603977E+00	-7.82300914E+00	7.71218775E-03	-8.10885515E-03
6.57734360E-01	-1.12121427E+01	7.70989536E-03	-8.13226487E-03
-6.73620568E+00	-9.83024453E+00	7.70759543E-03	-8.15574128E-03
-1.18206165E+01	-4.24358947E+00	7.70528792E-03	-8.17928482E-03
-1.25504521E+01	3.30034657E+00	7.70297276E-03	-8.20289589E-03
-8.64780427E+00	9.79513482E+00	7.70064992E-03	-8.22657492E-03
-1.69013351E+00	1.26894660E+01	7.69831933E-03	-8.25032233E-03
5.54599300E+00	1.09025935E+01	7.69598095E-03	-8.27413856E-03
1.02126165E+01	5.23692851E+00	7.69363472E-03	-8.29802404E-03
1.05312594E+01	-1.96934027E+00	7.69128059E-03	-8.32197920E-03
6.48961863E+00	-7.79998891E+00	7.68891850E-03	-8.34600449E-03
-1.78959669E-01	-9.93664179E+00	7.68654841E-03	-8.37010034E-03
-6.71498560E+00	-7.57853696E+00	7.68417025E-03	-8.39426720E-03
-1.04531050E+01	-1.74121054E+00	7.68178397E-03	-8.41850553E-03
-9.88849926E+00	5.17670241E+00	7.67938952E-03	-8.44281578E-03
-5.26288934E+00	1.03743655E+01	7.67698684E-03	-8.46719841E-03
1.55759132E+00	1.17763109E+01	7.67457587E-03	-8.49165387E-03
7.85323491E+00	8.85280882E+00	7.67215656E-03	-8.51618264E-03
1.11518510E+01	2.80903814E+00	7.66972884E-03	-8.54078518E-03
1.02141433E+01	-3.92319236E+00	7.66729266E-03	-8.56546196E-03
5.51050543E+00	-8.67703041E+00	7.66484796E-03	-8.59021347E-03
-9.93932479E-01	-9.62098527E+00	7.66239469E-03	-8.61504017E-03
-6.64926298E+00	-6.47826503E+00	7.65993277E-03	-8.63994257E-03
-9.19213204E+00	-6.12421871E-01	7.65746216E-03	-8.66492114E-03
-7.64526704E+00	5.54502776E+00	7.65498279E-03	-8.68997638E-03
-2.68768479E+00	9.48529595E+00	7.65249459E-03	-8.71510879E-03
3.64413841E+00	9.62783743E+00	7.64999752E-03	-8.74031886E-03
8.79354105E+00	5.93780206E+00	7.64749149E-03	-8.76560711E-03
1.07152619E+01	-8.53741725E-02	7.64497646E-03	-8.79097403E-03
8.68511807E+00	-6.03316340E+00	7.64245235E-03	-8.81642016E-03
3.56742352E+00	-9.56632414E+00	7.63991911E-03	-8.84194599E-03
-2.55766514E+00	-9.34887466E+00	7.63737666E-03	-8.86755207E-03
-7.24676692E+00	-5.56462983E+00	7.63482495E-03	-8.89323890E-03
-8.67634176E+00	1.83214575E-01	7.63226390E-03	-8.91900703E-03
-6.36048707E+00	5.53851017E+00	7.62969345E-03	-8.94485699E-03
-1.32085437E+00	8.34790439E+00	7.62711353E-03	-8.97078933E-03
4.34955481E+00	7.51823133E+00	7.62452408E-03	-8.99680458E-03
8.34319103E+00	3.43417578E+00	7.62192502E-03	-9.02290329E-03
9.06477552E+00	-2.22288732E+00	7.61931628E-03	-9.04908603E-03
6.25597527E+00	-7.17128533E+00	7.61669781E-03	-9.07535335E-03
1.07367900E+00	-9.45238524E+00	7.61406951E-03	-9.10170581E-03
-4.39907519E+00	-8.20720796E+00	7.61143133E-03	-9.12814399E-03
-8.00303658E+00	-3.99849811E+00	7.60878319E-03	-9.15466846E-03
-8.36664322E+00	1.44178074E+00	7.60612502E-03	-9.18127979E-03
-5.43811670E+00	5.92734597E+00	7.60345674E-03	-9.20797858E-03
-4.79475894E-01	7.69989018E+00	7.60077829E-03	-9.23476541E-03
4.46444434E+00	6.12258388E+00	7.59808958E-03	-9.26164087E-03
7.39905380E+00	1.91122279E+00	7.59539054E-03	-9.28860558E-03
7.17582241E+00	-3.18000721E+00	7.59268109E-03	-9.31566012E-03
3.93335976E+00	-7.08121616E+00	7.58996116E-03	-9.34280512E-03
-9.85189969E-01	-8.24040653E+00	7.58723067E-03	-9.37004118E-03
-5.59429410E+00	-6.23233357E+00	7.58448954E-03	-9.39736894E-03
-8.07268625E+00	-1.90405991E+00	7.58173769E-03	-9.42478901E-03
-7.48679187E+00	2.99090307E+00	7.57897505E-03	-9.45230204E-03
-4.14363190E+00	6.51241732E+00	7.57620152E-03	-9.47990866E-03
5.59605813E-01	7.31199489E+00	7.57341703E-03	-9.50760950E-03
4.71793880E+00	5.15721281E+00	7.57062149E-03	-9.53540524E-03
6.69040341E+00	9.98452949E-01	7.56781483E-03	-9.56329651E-03
5.74853922E+00	-3.43821625E+00	7.56499695E-03	-9.59128399E-03
2.34526166E+00	-6.35832147E+00	7.56216778E-03	-9.61936834E-03
-2.09437960E+00	-6.61672463E+00	7.55932722E-03	-9.64755024E-03
-5.76551784E+00	-4.15877761E+00	7.55647520E-03	-9.67583036E-03
-7.21291745E+00	-1.53476216E-02	7.55361161E-03	-9.70420940E-03
-5.90278450E+00	4.13531849E+00	7.55073638E-03	-9.73268804E-03
-2.41248789E+00	6.65309253E+00	7.54784941E-03	-9.76126699E-03
1.82792376E+00	6.58882827E+00	7.54495062E-03	-9.78994696E-03
5.12774601E+00	4.04473608E+00	7.54203991E-03	-9.81872865E-03
6.21618572E+00	1.05940142E-01	7.53911719E-03	-9.84761278E-03
4.73743211E+00	-3.61824313E+00	7.53618236E-03	-9.87660010E-03
1.36747897E+00	-5.64982019E+00	7.53323534E-03	-9.90569131E-03
-2.48379074E+00	-5.22741852E+00	7.53027602E-03	-9.93488718E-03
-5.25500740E+00	-2.58959048E+00	7.52730432E-03	-9.96418843E-03
-5.85980232E+00	1.14862419E+00	7.52432013E-03	-9.99359584E-03
-4.10603718E+00	4.46515108E+00	7.52132335E-03	-1.00231102E-02
-7.46364777E-01	6.04906428E+00	7.51831389E-03	-1.00527322E-02
2.84934440E+00	5.31646545E+00	7.51529165E-03	-1.00824626E-02
5.25784793E+00	2.62122681E+00	7.51225652E-03	-1.01123023E-02
5.57062645E+00	-9.14355722E-01	7.50920840E-03	-1.01422520E-02
3.73947054E+00	-3.86991898E+00	7.50614719E-03	-1.01723126E-02
5.68540668E-01	-5.10151988E+00	7.50307279E-03	-1.02024848E-02
-2.63291356E+00	-4.18784294E+00	7.49998508E-03	-1.02327694E-02
-4.58790293E+00	-1.57418961E+00	7.49688396E-03	-1.02631673E-02
-4.55864454E+00	1.63347077E+00	7.49376933E-03	-1.02936794E-02
-2.62186960E+00	4.13077981E+00	7.49064107E-03	-1.03243064E-02
3.89607224E-01	4.94065416E+00	7.48749908E-03	-1.03550491E-02
3.24442144E+00	3.79051783E+00	7.48434324E-03	-1.03859085E-02
4.81636846E+00	1.19579382E+00	7.48117343E-03	-1.04168855E-02
4.52829601E+00	-1.77329664E+00	7.47798955E-03	-1.04479808E-02
2.56135176E+00	-3.93731511E+00	7.47479149E-03	-1.04791954E-02
-2.45282217E-01	-4.48021233E+00	7.47157911E-03	-1.05105302E-02
-2.75274475E+00	-3.25957730E+00	7.46835231E-03	-1.05419860E-02
-3.98638524E+00	-8.36975383E-01	7.46511097E-03	-1.05735638E-02
-3.51623138E+00	1.77299551E+00	7.46185496E-03	-1.06052644E-02
-1.60562023E+00	3.52391765E+00	7.45858416E-03	-1.06370889E-02
9.22034521E-01	3.75433536E+00	7.45529846E-03	-1.06690382E-02
3.03376869E+00	2.43412371E+00	7.45199772E-03	-1.07011131E-02
3.90611973E+00	1.49298265E-01	7.44868182E-03	-1.07333147E-02
3.24274138E+00	-2.15758008E+00	7.44535064E-03	-1.07656439E-02
1.36837321E+00	-3.57732748E+00	7.44200404E-03	-1.07981017E-02
-9.28380786E-01	-3.59319821E+00	7.43864189E-03	-1.08306891E-02
-2.72943824E+00	-2.26737629E+00	7.43526406E-03	-1.08634071E-02
-3.35733582E+00	-1.88544850E-01	7.43187042E-03	-1.08962567E-02
-2.63184328E+00	1.78729762E+00	7.42846084E-03	-1.09292389E-02
-9.16271504E-01	2.88949009E+00	7.42503517E-03	-1.09623547E-02
1.05462050E+00	2.73361831E+00	7.42159328E-03	-1.09956052E-02
2.48546427E+00	1.45328933E+00	7.41813503E-03	-1.10289914E-02
2.83869197E+00	-3.81041381E-01	7.41466028E-03	-1.10625144E-02
2.03307082E+00	-2.01249262E+00	7.41116889E-03	-1.10961752E-02
4.49669549E-01	-2.80825800E+00	7.40766070E-03	-1.11299751E-02
-1.24633035E+00	-2.50287624E+00	7.40413558E-03	-1.11639149E-02
-2.38622792E+00	-1.28102056E+00	7.40059338E-03	-1.11979959E-02
-2.56268399E+00	3.23751608E-01	7.39703394E-03	-1.12322192E-02
-1.77403307E+00	1.66264056E+00	7.39345712E-03	-1.12665859E-02
-3.97894371E-01	2.23597759E+00	7.38986276E-03	-1.13010971E-02
9.84379160E-01	1.88062871E+00	7.38625071E-03	-1.13357540E-02
1.83227348E+00	8.10528088E-01	7.38262081E-03	-1.13705578E-02
1.85702263E+00	-4.95864978E-01	7.37897290E-03	-1.14055097E-02
1.11665059E+00	-1.50526294E+00	7.37530682E-03	-1.14406108E-02
-3.45699181E-02	-1.84512853E+00	7.37162241E-03	-1.14758623E-02
-1.11094220E+00	-1.43802137E+00	7.36791950E-03	-1.15112656E-02
-1.69915991E+00	-5.06968462E-01	7.36419792E-03	-1.15468218E-02
-1.61575255E+00	5.39857012E-01	7.36045752E-03	-1.15825321E-02
-9.58438975E-01	1.28840335E+00	7.35669811E-03	-1.16183979E-02
-3.98471204E-02	1.48377103E+00	7.35291952E-03	-1.16544204E-02
7.58825505E-01	1.11527466E+00	7.34912159E-03	-1.16906009E-02
1.14704679E+00	3.94402742E-01	7.34530412E-03	-1.17269407E-02
1.03067339E+00	-3.54828180E-01	7.34146695E-03	-1.17634412E-02
5.26145831E-01	-8.39129494E-01	7.33760989E-03	-1.18001037E-02
-1.13012302E-01	-9.10002777E-01	7.33373275E-03	-1.18369294E-02
-6.17094883E-01	-6.04332029E-01	7.32983536E-03	-1.18739199E-02
-8.12283502E-01	-1.02917125E-01	7.32591751E-03	-1.19110765E-02
-6.77406332E-01	3.65619969E-01	7.32197903E-03	-1.19484005E-02
-3.27916318E-01	6.27484236E-01	7.31801971E-03	-1.19858935E-02
5.65172641E-02	6.27346912E-01	7.31403936E-03	-1.20235568E-02
3.21177919E-01	4.29965702E-01	7.31003779E-03	-1.20613919E-02
3.99562661E-01	1.67517707E-01	7.30601478E-03	-1.20994003E-02
3.24917002E-01	-3.54034657E-02	7.30197015E-03	-1.21375834E-02
1.91581707E-01	-1.20159979E-01	7.29790367E-03	-1.21759427E-02
9.19076112E-02	-1.09035273E-01	7.29381515E-03	-1.22144798E-02
6.42320830E-02	-7.42798587E-02	7.28970437E-03	-1.22531963E-02
7.88040136E-02	-8.25669677E-02	7.28557112E-03	-1.22920936E-02
6.67336678E-02	-1.47866955E-01	7.28141518E-03	-1.23311733E-02
-2.65632600E-02	-2.19851557E-01	7.27723632E-03	-1.23704371E-02
-1.95325201E-01	-2.14848704E-01	7.27303433E-03	-1.24098866E-02
-3.63034905E-01	-7.25108845E-02	7.26880898E-03	-1.24495234E-02
-4.16919057E-01	1.93936719E-01	7.26456005E-03	-1.24893491E-02
-2.71911845E-01	4.84581773E-01	7.26028729E-03	-1.25293654E-02
6.92134081E-02	6.49535758E-01	7.25599047E-03	-1.25695741E-02
4.94216366E-01	5.62057811E-01	7.25166937E-03	-1.26099769E-02
8.16128117E-01	1.93454336E-01	7.24732372E-03	-1.26505754E-02
8.54542832E-01	-3.50041102E-01	7.24295330E-03	-1.26913715E-02
5.28268781E-01	-8.53446571E-01	7.23855784E-03	-1.27323669E-02
-8.60524014E-02	-1.07837285E+00	7.23413711E-03	-1.27735634E-02
-7.63401792E-01	-8.73601979E-01	7.22969084E-03	-1.28149630E-02
-1.21269358E+00	-2.60449363E-01	7.22521877E-03	-1.28565673E-02
-1.20207415E+00	5.51351769E-01	7.22072065E-03	-1.28983784E-02
-6.73419166E-01	1.23349002E+00	7.21619621E-03	-1.29403981E-02
2.08657444E-01	1.47235548E+00	7.21164517E-03	-1.29826283E-02
1.10336076E+00	1.11158057E+00	7.20706727E-03	-1.30250710E-02
1.62501983E+00	2.39821314E-01	7.20246223E-03	-1.30677281E-02
1.50860148E+00	-8.21606835E-01	7.19782976E-03	-1.31106018E-02
7.38613351E-01	-1.63565719E+00	7.19316958E-03	-1.31536939E-02
-4.19477631E-01	-1.82894094E+00	7.18848141E-03	-1.31970065E-02
-1.50810062E+00	-1.25992297E+00	7.18376495E-03	-1.32405418E-02
-2.05815590E+00	-1.00974279E-01	7.17901989E-03	-1.32843019E-02
-1.79001386E+00	1.20885580E+00	7.17424595E-03	-1.33282888E-02
-7.49061316E-01	2.13022570E+00	7.16944281E-03	-1.33725048E-02
6.88066944E-01	2.24616234E+00	7.16461016E-03	-1.34169521E-02
1.94894503E+00	1.44903601E+00	7.15974769E-03	-1.34616328E-02
2.49442745E+00	8.79916451E-03	7.15485508E-03	-1.35065492E-02
2.04958306E+00	-1.51505536E+00	7.14993200E-03	-1.35517037E-02
7.37841877E-01	-2.49067312E+00	7.14497813E-03	-1.35970985E-02
-9.45159844E-01	-2.47591768E+00	7.13999312E-03	-1.36427361E-02
-2.31699876E+00	-1.41667438E+00	7.13497665E-03	-1.36886187E-02
-2.78415684E+00	3.06681378E-01	7.12992837E-03	-1.37347488E-02
-2.09655915E+00	2.01330687E+00	7.12484792E-03	-1.37811289E-02
-4.72157723E-01	2.99010855E+00	7.11973495E-03	-1.38277614E-02
1.46823163E+00	2.78846871E+00	7.11458911E-03	-1.38746489E-02
2.93865794E+00	1.42606306E+00	7.10941002E-03	-1.39217939E-02
3.30744854E+00	-5.96070416E-01	7.10419732E-03	-1.39691991E-02
2.36839740E+00	-2.47781875E+00	7.09895063E-03	-1.40168669E-02
4.47654880E-01	-3.43840391E+00	7.09366957E-03	-1.40648003E-02
-1.70638253E+00	-3.04212341E+00	7.08835374E-03	-1.41130017E-02
-3.21438888E+00	-1.39558623E+00	7.08300276E-03	-1.41614740E-02
-3.42532468E+00	8.71827785E-01	7.07761622E-03	-1.42102200E-02
-2.19677107E+00	2.84586351E+00	7.07219371E-03	-1.42592425E-02
2.38753637E-02	3.69408461E+00	7.06673483E-03	-1.43085444E-02
2.35965850E+00	3.01424207E+00	7.06123916E-03	-1.43581286E-02
3.84921111E+00	1.01868779E+00	7.05570625E-03	-1.44079980E-02
3.84094465E+00	-1.52846896E+00	7.05013569E-03	-1.44581556E-02
2.27461327E+00	-3.60523163E+00	7.04452704E-03	-1.45086046E-02
-2.70908849E-01	-4.34373702E+00	7.03887984E-03	-1.45593479E-02
-2.79234375E+00	-3.39418968E+00	7.03319363E-03	-1.46103888E-02
-4.26009802E+00	-1.08822099E+00	7.02746797E-03	-1.46617304E-02
-4.04169806E+00	1.67324349E+00	7.02170238E-03	-1.47133759E-02
-2.17638954E+00	3.77109334E+00	7.01589637E-03	-1.47653287E-02
6.17788323E-01	4.32140289E+00	7.01004947E-03	-1.48175921E-02
3.21656343E+00	3.04733756E+00	7.00416119E-03	-1.48701695E-02
4.53854165E+00	4.13350053E-01	6.99823101E-03	-1.49230643E-02
3.99142735E+00	-2.54153721E+00	6.99225844E-03	-1.49762801E-02
1.73128681E+00	-4.61236222E+00	6.98624295E-03	-1.50298203E-02
-1.37790970E+00	-4.91805550E+00	6.98018402E-03	-1.50836886E-02
-4.09712699E+00	-3.27326381E+00	6.97408111E-03	-1.51378887E-02
-5.30939915E+00	-2.85510342E-01	6.96793368E-03	-1.51924243E-02
-4.48164559E+00	2.87050854E+00	6.96174116E-03	-1.52472991E-02
-1.90021690E+00	4.91816919E+00	6.95550300E-03	-1.53025171E-02
1.42318960E+00	4.99939133E+00	6.94921863E-03	-1.53580822E-02
4.14594945E+00	3.03804828E+00	6.94288746E-03	-1.54139983E-02
5.13565157E+00	-2.07333160E-01	6.93650889E-03	-1.54702695E-02
3.93980310E+00	-3.43175020E+00	6.93008232E-03	-1.55268999E-02
9.89384065E-01	-5.30369640E+00	6.92360715E-03	-1.55838937E-02
-2.55432377E+00	-5.00973077E+00	6.91708273E-03	-1.56412551E-02
-5.25610434E+00	-2.60092800E+00	6.91050844E-03	-1.56989885E-02
-5.98702113E+00	1.00590770E+00	6.90388363E-03	-1.57570982E-02
-4.39379209E+00	4.38144948E+00	6.89720763E-03	-1.58155888E-02
-1.06227843E+00	6.15553393E+00	6.89047979E-03	-1.58744648E-02
2.69931730E+00	5.57850395E+00	6.88369940E-03	-1.59337308E-02
5.37789210E+00	2.84212832E+00	6.87686578E-03	-1.59933915E-02
5.86882258E+00	-9.76934032E-01	6.86997822E-03	-1.60534518E-02
3.93651455E+00	-4.33676855E+00	6.86303599E-03	-1.61139165E-02
3.30203533E-01	-5.84957969E+00	6.85603837E-03	-1.61747906E-02
-3.50013882E+00	-4.85197656E+00	6.84898460E-03	-1.62360792E-02
-5.98050444E+00	-1.69187311E+00	6.84187391E-03	-1.62977873E-02
-6.05278174E+00	2.39148752E+00	6.83470554E-03	-1.63599202E-02
-3.61772612E+00	5.75410279E+00	6.82747869E-03	-1.64224834E-02
4.04206036E-01	7.00931782E+00	6.82019255E-03	-1.64854821E-02
4.42697539E+00	5.59865757E+00	6.81284631E-03	-1.65489220E-02
6.83192962E+00	2.03638847E+00	6.80543912E-03	-1.66128087E-02
6.62683488E+00	-2.27864269E+00	6.79797013E-03	-1.66771479E-02
3.86247633E+00	-5.61572174E+00	6.79043847E-03	-1.67419455E-02
-3.67965979E-01	-6.61114040E+00	6.78284325E-03	-1.68072074E-02
-4.35461846E+00	-4.83089855E+00	6.77518357E-03	-1.68729397E-02
-6.45616312E+00	-9.65052236E-01	6.76745850E-03	-1.69391486E-02
-5.77001364E+00	3.43253495E+00	6.75966711E-03	-1.70058405E-02
-2.51380193E+00	6.56136319E+00	6.75180844E-03	-1.70730217E-02
2.04268684E+00	7.10326879E+00	6.74388150E-03	-1.71406989E-02
6.07550558E+00	4.76801514E+00	6.73588530E-03	-1.72088786E-02
7.93912834E+00	4.29848255E-01	6.72781882E-03	-1.72775678E-02
6.83919656E+00	-4.20780736E+00	6.71968103E-03	-1.73467734E-02
3.17029371E+00	-7.29105983E+00	6.71147086E-03	-1.74165025E-02
-1.62456405E+00	-7.56705471E+00	6.70318722E-03	-1.74867623E-02
-5.62355781E+00	-4.90342221E+00	6.69482903E-03	-1.75575602E-02
-7.19999311E+00	-3.60265645E-01	6.68639514E-03	-1.76289038E-02
-5.68875338E+00	4.22198586E+00	6.67788442E-03	-1.77008008E-02
-1.67218868E+00	6.95892366E+00	6.66929567E-03	-1.77732590E-02
3.23704957E+00	6.68813369E+00	6.66062772E-03	-1.78462864E-02
7.03578318E+00	3.45347235E+00	6.65187932E-03	-1.79198913E-02
8.13888895E+00	-1.49384379E+00	6.64304924E-03	-1.79940819E-02
6.03024316E+00	-6.18519474E+00	6.63413619E-03	-1.80688669E-02
1.48880534E+00	-8.72364726E+00	6.62513886E-03	-1.81442549E-02
-3.70846218E+00	-8.05565729E+00	6.61605593E-03	-1.82202550E-02
-7.49371798E+00	-4.41127302E+00	6.60688603E-03	-1.82968761E-02
-8.34382695E+00	7.70989112E-01	6.59762777E-03	-1.83741276E-02
-5.90651126E+00	5.41146305E+00	6.58827973E-03	-1.84520191E-02
-1.15952203E+00	7.62519978E+00	6.57884044E-03	-1.85305601E-02
3.96844263E+00	6.49035519E+00	6.56930844E-03	-1.86097608E-02
7.36845263E+00	2.43581065E+00	6.55968218E-03	-1.86896313E-02
7.60578934E+00	-2.91475051E+00	6.54996013E-03	-1.87701819E-02
4.51197577E+00	-7.38628591E+00	6.54014068E-03	-1.88514234E-02
-7.29692592E-01	-9.12836680E+00	6.53022222E-03	-1.89333666E-02
-6.04651720E+00	-7.37080641E+00	6.52020307E-03	-1.90160227E-02
-9.30591607E+00	-2.75040941E+00	6.51008155E-03	-1.90994030E-02
-9.17984047E+00	2.92935504E+00	6.49985589E-03	-1.91835193E-02
-5.69346527E+00	7.41530533E+00	6.48952433E-03	-1.92683835E-02
-2.31403235E-01	8.91293001E+00	6.47908504E-03	-1.93540079E-02
5.00777445E+00	6.81971978E+00	6.46853614E-03	-1.94404049E-02
7.89397242E+00	1.98356379E+00	6.45787573E-03	-1.95275876E-02
7.23075759E+00	-3.62443452E+00	6.44710185E-03	-1.96155690E-02
3.25183814E+00	-7.69687512E+00	6.43621250E-03	-1.97043626E-02
-2.45705717E+00	-8.52266368E+00	6.42520561E-03	-1.97939822E-02
-7.58585428E+00	-5.68841829E+00	6.41407908E-03	-1.98844422E-02
-1.00288820E+01	-2.61348565E-01	6.40283077E-03	-1.99757569E-02
-8.74117246E+00	5.62644911E+00	6.39145845E-03	-2.00679414E-02
-4.17405261E+00	9.63024827E+00	6.37995987E-03	-2.01610109E-02
1.89130920E+00	1.01405195E+01	6.36833271E-03	-2.02549811E-02
7.05140044E+00	6.94287107E+00	6.35657457E-03	-2.03498682E-02
9.24773298E+00	1.31933103E+00	6.34468303E-03	-2.04456888E-02
7.60448055E+00	-4.45603828E+00	6.33265559E-03	-2.05424598E-02
2.79529118E+00	-8.02898688E+00	6.32048966E-03	-2.06401986E-02
-3.21438561E+00	-7.91879611E+00	6.30818263E-03	-2.07389233E-02
-7.95136035E+00	-4.12750658E+00	6.29573179E-03	-2.08386523E-02
-9.43250720E+00	1.84589811E+00	6.28313437E-03	-2.09394044E-02
-6.97381822E+00	7.59803262E+00	6.27038752E-03	-2.10411992E-02
-1.48081151E+00	1.07860727E+01	6.25748832E-03	-2.11440567E-02
4.90245505E+00	1.00775298E+01	6.24443378E-03	-2.12479975E-02
9.64960218E+00	5.69969430E+00	6.23122081E-03	-2.13530429E-02
1.08711052E+01	-6.37712465E-01	6.21784625E-03	-2.14592145E-02
8.08490962E+00	-6.42116635E+00	6.20430685E-03	-2.15665348E-02
2.42391408E+00	-9.34378456E+00	6.19059928E-03	-2.16750270E-02
-3.80889392E+00	-8.24116051E+00	6.17672009E-03	-2.17847149E-02
-8.06327495E+00	-3.57270019E+00	6.16266578E-03	-2.18956230E-02
-8.57286663E+00	2.75064048E+00	6.14843271E-03	-2.20077766E-02
-5.07773878E+00	8.12817050E+00	6.13401716E-03	-2.21212017E-02
1.05707283E+00	1.03172671E+01	6.11941529E-03	-2.22359252E-02
7.38023524E+00	8.34508482E+00	6.10462317E-03	-2.23519748E-02
1.13372889E+01	2.91368184E+00	6.08963674E-03	-2.24693791E-02
1.13037528E+01	-3.86972614E+00	6.07445182E-03	-2.25881676E-02
7.25015559E+00	-9.33364110E+00	6.05906413E-03	-2.27083707E-02
7.66714306E-01	-1.13183654E+01	6.04346925E-03	-2.28300199E-02
-5.56743782E+00	-9.05343087E+00	6.02766262E-03	-2.29531478E-02
-9.22024265E+00	-3.47952626E+00	6.01163957E-03	-2.30777878E-02
-8.73161951E+00	3.11976749E+00	5.99539526E-03	-2.32039747E-02
-4.31220594E+00	8.03265900E+00	5.97892473E-03	-2.33317444E-02
2.22974899E+00	9.21405649E+00	5.96222286E-03	-2.34611340E-02
8.20879137E+00	6.11873435E+00	5.94528437E-03	-2.35921820E-02
1.11430802E+01	-6.65132897E-02	5.92810383E-03	-2.37249280E-02
9.76067062E+00	-6.89008943E+00	5.91067562E-03	-2.38594134E-02
4.52338363E+00	-1.16180506E+01	5.89299396E-03	-2.39956807E-02
-2.54717070E+00	-1.23377759E+01	5.87505290E-03	-2.41337742E-02
-8.67584817E+00	-8.73702957E+00	5.85684627E-03	-2.42737397E-02
-1.14505754E+01	-2.24093389E+00	5.83836775E-03	-2.44156249E-02
-9.79958903E+00	4.55292854E+00	5.81961078E-03	-2.45594789E-02
-4.43295590E+00	8.91742428E+00	5.80056859E-03	-2.47053531E-02
2.43383751E+00	9.09797895E+00	5.78123422E-03	-2.48533005E-02
7.96709701E+00	5.02832699E+00	5.76160046E-03	-2.50033766E-02
9.85789137E+00	-1.63221765E+00	5.74165988E-03	-2.51556386E-02
7.25993136E+00	-8.15937133E+00	5.72140477E-03	-2.53101464E-02
1.14160105E+00	-1.18594463E+01	5.70082722E-03	-2.54669619E-02
-6.09387610E+00	-1.11593026E+01	5.67991900E-03	-2.56261500E-02
-1.15708910E+01	-6.24973628E+00	5.65867165E-03	-2.57877779E-02
-1.31006804E+01	9.80582209E-01	5.63707640E-03	-2.59519157E-02
-1.00696518E+01	7.69804274E+00	5.61512418E-03	-2.61186366E-02
-3.69599623E+00	1.12633815E+01	5.59280563E-03	-2.62880168E-02
3.45278648E+00	1.02988154E+01	5.57011105E-03	-2.64601359E-02
8.49052660E+00	5.25109232E+00	5.54703042E-03	-2.66350769E-02
9.37747587E+00	-1.78004918E+00	5.52355337E-03	-2.68129265E-02
5.74943878E+00	-7.88268815E+00	5.49966916E-03	-2.69937754E-02
-9.26174759E-01	-1.05064069E+01	5.47536669E-03	-2.71777185E-02
-7.93406037E+00	-8.49599994E+00	5.45063447E-03	-2.73648548E-02
-1.24023144E+01	-2.56648069E+00	5.42546059E-03	-2.75552884E-02
-1.24626604E+01	4.97552035E+00	5.39983274E-03	-2.77491279E-02
-8.01089126E+00	1.11551010E+01	5.37373816E-03	-2.79464873E-02
-7.58166071E-01	1.35270933E+01	5.34716366E-03	-2.81474864E-02
6.45100591E+00	1.11658312E+01	5.32009555E-03	-2.83522507E-02
1.07819516E+01	5.04565219E+00	5.29251970E-03	-2.85609119E-02
1.05543467E+01	-2.34453067E+00	5.26442143E-03	-2.87736088E-02
5.92549866E+00	-8.00039453E+00	5.23578557E-03	-2.89904870E-02
-1.16588988E+00	-9.61411272E+00	5.20659642E-03	-2.92117001E-02
-7.77610262E+00	-6.51014191E+00	5.17683770E-03	-2.94374096E-02
-1.11423444E+01	7.45642657E-02	5.14649257E-03	-2.96677858E-02
-9.80069160E+00	7.48202021E+00	5.11554362E-03	-2.99030085E-02
-4.18395873E+00	1.27010060E+01	5.08397280E-03	-3.01432674E-02
3.54427595E+00	1.35820850E+01	5.05176149E-03	-3.03887631E-02
1.03555182E+01	9.70950053E+00	5.01889038E-03	-3.06397076E-02
1.35750505E+01	2.57632802E+00	4.98533957E-03	-3.08963252E-02
1.19625265E+01	-5.01060432E+00	4.95108847E-03	-3.11588540E-02
6.21742072E+00	-1.00586201E+01	4.91611584E-03	-3.14275459E-02
-1.29704186E+00	-1.05963422E+01	4.88039978E-03	-3.17026687E-02
-7.50290207E+00	-6.47274592E+00	4.84391770E-03	-3.19845069E-02
-9.84855038E+00	5.76189967E-01	4.80664639E-03	-3.22733629E-02
-7.34156569E+00	7.62282094E+00	4.76856197E-03	-3.25695588E-02
-9.55322937E-01	1.17269612E+01	4.72963993E-03	-3.28734380E-02
6.75704509E+00	1.11241344E+01	4.68985520E-03	-3.31853666E-02
1.26880502E+01	5.94300203E+00	4.64918213E-03	-3.35057362E-02
1.44285394E+01	-1.83933092E+00	4.60759458E-03	-3.38349653E-02
1.12424953E+01	-9.18850132E+00	4.56506603E-03	-3.41735021E-02
4.36944730E+00	-1.32333982E+01	4.52156963E-03	-3.45218273E-02
-3.46966835E+00	-1.24244933E+01	4.47707833E-03	-3.48804569E-02
-9.16608439E+00	-7.16211249E+00	4.43156509E-03	-3.52499457E-02
-1.04764486E+01	3.60600096E-01	4.38500302E-03	-3.56308912E-02
-6.93017591E+00	7.03891127E+00	4.33736568E-03	-3.60239375E-02
-2.35388255E-02	1.01081604E+01	4.28862735E-03	-3.64297803E-02
7.37986209E+00	8.26146267E+00	4.23876343E-03	-3.68491720E-02
1.22022953E+01	2.18176808E+00	4.18775094E-03	-3.72829279E-02
1.23945642E+01	-5.72807905E+00	4.13556903E-03	-3.77319327E-02
7.76664407E+00	-1.23102999E+01	4.08219979E-03	-3.81971486E-02
6.99627305E-02	-1.49242831E+01	4.02762902E-03	-3.86796234E-02
-7.70364428E+00	-1.25130540E+01	3.97184742E-03	-3.91805010E-02
-1.25251414E+01	-6.03319132E+00	3.91485182E-03	-3.97010324E-02
-1.25491819E+01	1.92675012E+00	3.85664693E-03	-4.02425887E-02
-7.85998189E+00	8.18710266E+00	3.79724724E-03	-4.08066762E-02
-4.40121995E-01	1.02585765E+01	3.73667966E-03	-4.13949534E-02
6.62677391E+00	7.34766863E+00	3.67498652E-03	-4.20092511E-02
1.03992373E+01	6.79618660E-01	3.61222952E-03	-4.26515953E-02
9.26611649E+00	-6.99278845E+00	3.54849451E-03	-4.33242346E-02
3.60002838E+00	-1.24978452E+01	3.48389758E-03	-4.40296715E-02
-4.38859115E+00	-1.35246324E+01	3.41859266E-03	-4.47706998E-02
-1.15392956E+01	-9.55766317E+00	3.35278109E-03	-4.55504487E-02
-1.50142496E+01	-2.08874935E+00	3.28672389E-03	-4.63724346E-02
-1.34427882E+01	5.98051761E+00	3.22075731E-03	-4.72406242E-02
-7.47595426E+00	1.15058304E+01	3.15531278E-03	-4.81595092E-02
4.73568740E-01	1.23667886E+01	3.09094279E-03	-4.91341968E-02
7.20238181E+00	8.32223883E+00	3.02835447E-03	-5.01705199E-02
1.00074408E+01	1.10868839E+00	2.96845361E-03	-5.12751722E-02
7.77681999E+00	-6.25892986E+00	2.91240294E-03	-5.24558745E-02
1.43982965E+00	-1.07030390E+01	2.86169977E-03	-5.37215814E-02
-6.40588488E+00	-1.03258325E+01	2.81828078E-03	-5.50827407E-02
-1.25407201E+01	-5.17708807E+00	2.78466464E-03	-5.65516222E-02
-1.44215080E+01	2.76285930E+00	2.76414903E-03	-5.81427372E-02
-1.12083977E+01	1.03788475E+01	2.76108605E-03	-5.98733822E-02
-4.10580191E+00	1.46750320E+01	2.78127350E-03	-6.17643502E-02
4.12065152E+00	1.39820085E+01	2.83252021E-03	-6.38408751E-02
1.02569871E+01	8.63006967E+00	2.92547898E-03	-6.61339054E-02
1.19352458E+01	8.16707098E-01	3.07490093E-03	-6.86818506E-02
8.58749505E+00	-6.27876851E+00	3.30157337E-03	-7.15330234E-02
1.67452889E+00	-9.77691863E+00	3.63540282E-03	-7.47491324E-02
-5.90340737E+00	-8.25950867E+00	4.12049303E-03	-7.84104057E-02
-1.09766315E+01	-2.34203622E+00	4.82386237E-03	-8.26233361E-02
-1.13851482E+01	5.57371085E+00	5.85118144E-03	-8.75328097E-02
-6.85105184E+00	1.22675595E+01	7.37702044E-03	-9.33419166E-02
9.07711206E-01	1.49991832E+01	9.70783382E-03	-1.00345978E-01
8.86823262E+00	1.26132399E+01	1.34278250E-02	-1.08994512E-01
1.39197270E+01	6.00581914E+00	1.97906807E-02	-1.20010722E-01
1.41161884E+01	-2.23589435E+00	3.20324930E-02	-1.34616444E-01
9.45964497E+00	-8.87551229E+00	6.17538879E-02	-1.54468675E-01
1.89827016E+00	-1.13308908E+01	1.93799699E-01	-1.48271689E-01
-5.45986646E+00	-8.71367790E+00	-1.23926270E-01	-2.94370416E-02
-9.60037830E+00	-2.18589774E+00	-4.29583394E-02	-2.00406097E-01
-8.81801718E+00	5.51009331E+00	6.38882306E-02	-3.46986652E-01
-3.40398018E+00	1.11585959E+01	1.08893941E+00	9.04333254E-02
4.47187151E+00	1.23680132E+01	-1.62781442E-01	1.42583141E-01
1.16360871E+01	8.53562154E+00	-2.11018844E-01	-1.38145005E-01
1.51908870E+01	1.09091544E+00	-2.33644656E-01	-6.74636601E-01
1.36817648E+01	-7.08016702E+00	9.09171688E-01	4.06158348E-01
7.68292374E+00	-1.27975968E+01	1.81193636E-01	2.58252964E-01
-4.35003230E-01	-1.38673922E+01	3.26737435E-02	1.35048233E-01
-7.46079867E+00	-9.96360297E+00	-1.85172923E-02	-2.45809239E-01
-1.06363836E+01	-2.75700651E+00	1.85475496E-01	9.76400019E-02
-8.76681917E+00	4.76078785E+00	1.05975664E-01	8.87292040E-02
-2.69939914E+00	9.48480084E+00	7.68457750E-02	7.33226316E-02
5.02070742E+00	9.44862572E+00	6.11338785E-02	6.10561709E-02
1.11787072E+01	4.61624427E+00	5.11414059E-02	5.13567390E-02
1.31872231E+01	-3.10492725E+00	4.41843759E-02	4.35163827E-02
1.01291287E+01	-1.06341532E+01	3.90523903E-02	3.70393415E-02
3.12626592E+00	-1.49594013E+01	3.51098240E-02	3.15877756E-02
-5.11366730E+00	-1.43502556E+01	3.19876368E-02	2.69264973E-02
-1.13884400E+01	-9.05311335E+00	2.94557347E-02	2.28872573E-02
-1.32903349E+01	-1.18930402E+00	2.73627839E-02	1.93465667E-02
-1.01733810E+01	6.10173109E+00	2.56050162E-02	1.62117062E-02
-3.40959219E+00	9.92798416E+00	2.41088521E-02	1.34116620E-02
4.16798502E+00	8.80873591E+00	2.28206549E-02	1.08910909E-02
9.40981450E+00	3.26799318E+00	2.17004051E-02	8.60619802E-03
1.01199616E+01	-4.38067853E+00	2.07176439E-02	6.52185471E-03
5.93982366E+00	-1.09698993E+01	1.98487867E-02	4.60954224E-03
-1.50985428E+00	-1.37565534E+01	1.90752937E-02	2.84585648E-03
-9.28453092E+00	-1.15267115E+01	1.83823957E-02	1.21140252E-03
-1.43034093E+01	-5.08266562E+00	1.77581863E-02	-3.10034864E-04
-1.45896315E+01	3.08286829E+00	1.71929641E-02	-1.73212224E-03
-1.00635686E+01	9.79253918E+00	1.66787479E-02	-3.06646357E-03
-2.57066528E+00	1.24637253E+01	1.62089139E-02	-4.32297872E-03
4.86578926E+00	1.01457193E+01	1.57779206E-02	-5.51020144E-03
9.26442266E+00	3.89757150E+00	1.53810980E-02	-6.63551607E-03
8.88583675E+00	-3.64415378E+00	1.50144840E-02	-7.70534724E-03
3.92969851E+00	-9.33183404E+00	1.46746957E-02	-8.72531320E-03
-3.55073446E+00	-1.07764901E+01	1.43588283E-02	-9.70035063E-03
-1.04803679E+01	-7.30888448E+00	1.40643742E-02	-1.06348170E-02
-1.40034935E+01	-2.45718462E-01	1.37891573E-02	-1.15325749E-02
-1.26336065E+01	7.64449314E+00	1.35312808E-02	-1.23970624E-02
-6.84908422E+00	1.32587083E+01	1.32890839E-02	-1.32313514E-02
1.10361490E+00	1.44084178E+01	1.30611062E-02	-1.40381969E-02
8.11785619E+00	1.06972824E+01	1.28460590E-02	-1.48200786E-02
1.14784016E+01	3.67506919E+00	1.26428004E-02	-1.55792361E-02
9.95187160E+00	-3.79207350E+00	1.24503154E-02	-1.63176985E-02
4.27756446E+00	-8.67929032E+00	1.22676987E-02	-1.70373107E-02
-3.13724632E+00	-9.02106590E+00	1.20941402E-02	-1.77397550E-02
-9.19252742E+00	-4.69907541E+00	1.19289132E-02	-1.84265705E-02
-1.13465575E+01	2.51606143E+00	1.17713635E-02	-1.90991691E-02
-8.63831182E+00	9.68361489E+00	1.16209010E-02	-1.97588503E-02
-2.07029993E+00	1.38803492E+01	1.14769915E-02	-2.04068134E-02
5.80015566E+00	1.33773007E+01	1.13391509E-02	-2.10441687E-02
1.18940457E+01	8.33211528E+00	1.12069389E-02	-2.16719468E-02
1.38502982E+01	7.19950858E-01	1.10799544E-02	-2.22911072E-02
1.09723321E+01	-6.46663921E+00	1.09578309E-02	-2.29025461E-02
4.50164308E+00	-1.04243360E+01	1.08402333E-02	-2.35071023E-02
-2.88932740E+00	-9.66520611E+00	1.07268541E-02	-2.41055640E-02
-8.17819423E+00	-4.60945311E+00	1.06174109E-02	-2.46986733E-02
-9.21038457E+00	2.59187172E+00	1.05116435E-02	-2.52871312E-02
-5.56303273E+00	8.93002204E+00	1.04093122E-02	-2.58716022E-02
1.29135281E+00	1.17535371E+01	1.03101953E-02	-2.64527173E-02
8.58462482E+00	9.83475243E+00	1.02140876E-02	-2.70310783E-02
1.33717775E+01	3.85922932E+00	1.01207988E-02	-2.76072602E-02
1.37165019E+01	-3.85652343E+00	1.00301522E-02	-2.81818145E-02
9.46623942E+00	-1.03023162E+01	9.94198336E-03	-2.87552716E-02
2.30661335E+00	-1.29867653E+01	9.85613899E-03	-2.93281432E-02
-4.92366773E+00	-1.09360889E+01	9.77247602E-03	-2.99009245E-02
-9.37874072E+00	-5.07831212E+00	9.69086067E-03	-3.04740962E-02
-9.34941402E+00	2.13908958E+00	9.61116762E-03	-3.10481261E-02
-4.94472906E+00	7.74100913E+00	9.53327936E-03	-3.16234714E-02
1.96094781E+00	9.42431311E+00	9.45708546E-03	-3.22005799E-02
8.49076977E+00	6.48166824E+00	9.38248203E-03	-3.27798913E-02
1.19280671E+01	7.91473896E-02	9.30937113E-03	-3.33618393E-02
1.08092210E+01	-7.22109158E+00	9.23766033E-03	-3.39468523E-02
5.50744105E+00	-1.24974913E+01	9.16726225E-03	-3.45353552E-02
-1.92494407E+00	-1.36454829E+01	9.09809412E-03	-3.51277702E-02
-8.58867199E+00	-1.02197652E+01	9.03007746E-03	-3.57245184E-02
-1.19062538E+01	-3.60536788E+00	8.96313771E-03	-3.63260205E-02
-1.06555650E+01	3.54800418E+00	8.89720393E-03	-3.69326984E-02
-5.45333577E+00	8.39723764E+00	8.83220850E-03	-3.75449758E-02
1.50316052E+00	9.04935812E+00	8.76808687E-03	-3.81632799E-02
7.32860136E+00	5.31708880E+00	8.70477732E-03	-3.87880419E-02
9.61409743E+00	-1.21547647E+00	8.64222074E-03	-3.94196983E-02
7.39389600E+00	-7.83991162E+00	8.58036038E-03	-4.00586920E-02
1.52655560E+00	-1.18191992E+01	8.51914173E-03	-4.07054735E-02
-5.65954324E+00	-1.14890852E+01	8.45851229E-03	-4.13605016E-02
-1.13097685E+01	-6.92213356E+00	8.39842141E-03	-4.20242450E-02
-1.31932250E+01	1.10095168E-01	8.33882017E-03	-4.26971831E-02
-1.05956611E+01	6.85760188E+00	8.27966119E-03	-4.33798073E-02
-4.59778297E+00	1.07017168E+01	8.22089853E-03	-4.40726223E-02
2.36941459E+00	1.02057409E+01	8.16248755E-03	-4.47761471E-02
7.50941353E+00	5.68443587E+00	8.10438479E-03	-4.54909167E-02
8.78602439E+00	-9.33808365E-01	8.04654788E-03	-4.62174829E-02
5.73686701E+00	-6.89259197E+00	7.98893541E-03	-4.69564164E-02
-3.50734025E-01	-9.72121453E+00	7.93150683E-03	-4.77083079E-02
-6.96832284E+00	-8.22673087E+00	7.87422239E-03	-4.84737696E-02
-1.14025363E+01	-2.96625239E+00	7.81704303E-03	-4.92534373E-02
-1.18274162E+01	3.98714348E+00	7.75993030E-03	-5.00479717E-02
-8.03325648E+00	9.88634695E+00	7.70284625E-03	-5.08580606E-02
-1.50136074E+00	1.24177286E+01	7.64575344E-03	-5.16844208E-02
5.20113598E+00	1.06274333E+01	7.58861478E-03	-5.25278004E-02
9.45879221E+00	5.29538308E+00	7.53139351E-03	-5.33889807E-02
9.65799063E+00	-1.38971925E+00	7.47405312E-03	-5.42687793E-02
5.82758358E+00	-6.71921290E+00	7.41655730E-03	-5.51680519E-02
-3.84707925E-01	-8.55620950E+00	7.35886990E-03	-5.60876960E-02
-6.38622337E+00	-6.19011282E+00	7.30095484E-03	-5.70286533E-02
-9.68836007E+00	-6.12095603E-01	7.24277607E-03	-5.79919133E-02
-8.90646415E+00	5.89519985E+00	7.18429756E-03	-5.89785169E-02
-4.30911977E+00	1.06840557E+01	7.12548322E-03	-5.99895600E-02
2.30070117E+00	1.18082438E+01	7.06629689E-03	-6.10261978E-02
8.32008639E+00	8.80020804E+00	7.00670227E-03	-6.20896494E-02
1.13967049E+01	2.84871786E+00	6.94666296E-03	-6.31812027E-02
1.03710805E+01	-3.69001326E+00	6.88614236E-03	-6.43022197E-02
5.73289166E+00	-8.24647679E+00	6.82510373E-03	-6.54541421E-02
-5.88423253E-01	-9.07057605E+00	6.76351013E-03	-6.66384983E-02
-6.00970493E+00	-5.92745293E+00	6.70132448E-03	-6.78569096E-02
-8.33666171E+00	-1.79417498E-01	6.63850951E-03	-6.91110985E-02
-6.64220616E+00	5.77428640E+00	6.57502785E-03	-7.04028965E-02
-1.62892436E+00	9.46987208E+00	6.51084203E-03	-7.17342538E-02
4.66592216E+00	9.36969344E+00	6.44591459E-03	-7.31072492E-02
9.69915917E+00	5.47310216E+00	6.38020810E-03	-7.45241010E-02
1.14470600E+01	-6.94848098E-01	6.31368532E-03	-7.59871797E-02
9.21389592E+00	-6.70728243E+00	6.24630934E-03	-7.74990216E-02
3.90073839E+00	-1.02164334E+01	6.17804372E-03	-7.90623435E-02
-2.36900326E+00	-9.89478782E+00	6.10885273E-03	-8.06800601E-02
-7.11164162E+00	-5.95886481E+00	6.03870161E-03	-8.23553019E-02
-8.48266696E+00	-6.87614578E-02	5.96755690E-03	-8.40914368E-02
-6.01110556E+00	5.35098042E+00	5.89538688E-03	-8.58920925E-02
-7.76112347E-01	8.09157812E+00	5.82216198E-03	-8.77611832E-02
5.04035835E+00	7.04506831E+00	5.74785544E-03	-8.97029383E-02
9.03975942E+00	2.63961367E+00	5.67244403E-03	-9.17219352E-02
9.57230418E+00	-3.34580456E+00	5.59590888E-03	-9.38231366E-02
6.39313244E+00	-8.50737942E+00	5.51823658E-03	-9.60119318E-02
7.48621304E-01	-1.07868078E+01	5.43942048E-03	-9.82941842E-02
-5.13663612E+00	-9.29419725E+00	5.35946221E-03	-1.00676285E-01
-8.96077158E+00	-4.65457078E+00	5.27837359E-03	-1.03165214E-01
-9.26830842E+00	1.25673372E+00	5.19617899E-03	-1.05768611E-01
-6.02560203E+00	6.07791684E+00	5.11291807E-03	-1.08494853E-01
-6.20318021E-01	7.91257958E+00	5.02864927E-03	-1.11353149E-01
4.70944236E+00	6.08575098E+00	4.94345400E-03	-1.14353644E-01
7.78180695E+00	1.40245339E+00	4.85744185E-03	-1.17507544E-01
7.34640861E+00	-4.19021881E+00	4.77075688E-03	-1.20827257E-01
3.57722559E+00	-8.39606173E+00	4.68358556E-03	-1.24326561E-01
-2.01106995E+00	-9.49499332E+00	4.59616650E-03	-1.28020795E-01
-7.18393315E+00	-7.02788763E+00	4.50880260E-03	-1.31927094E-01
-9.89038417E+00	-1.96860382E+00	4.42187625E-03	-1.36064657E-01
-9.08367436E+00	3.68061061E+00	4.33586841E-03	-1.40455069E-01
-5.13075195E+00	7.70211102E+00	4.25138274E-03	-1.45122682E-01
3.49526506E-01	8.55386397E+00	4.16917621E-03	-1.50095082E-01
5.14862285E+00	5.98018883E+00	4.09019824E-03	-1.55403639E-01
7.36007725E+00	1.10011193E+00	4.01564100E-03	-1.61084187E-01
6.14058976E+00	-4.05663129E+00	3.94700457E-03	-1.67177847E-01
2.03643213E+00	-7.37390622E+00	3.88618190E-03	-1.73732045E-01
-3.25110901E+00	-7.49917827E+00	3.83557071E-03	-1.80801774E-01
-7.56103703E+00	-4.37787605E+00	3.79822184E-03	-1.88451173E-01
-9.14466008E+00	7.38785944E-01	3.77803823E-03	-1.96755523E-01
-7.36253017E+00	5.80978862E+00	3.78004436E-03	-2.05803785E-01
-2.92873100E+00	8.83122885E+00	3.81075555E-03	-2.15701878E-01
2.39032270E+00	8.63900164E+00	3.87869045E-03	-2.26576950E-01
6.49555230E+00	5.36561895E+00	3.99509251E-03	-2.38583005E-01
7.79994295E+00	3.71946316E-01	4.17496134E-03	-2.51908456E-01
5.85813551E+00	-4.31269873E+00	4.43855290E-03	-2.66786379E-01
1.53090363E+00	-6.81182317E+00	4.81360430E-03	-2.83508705E-01
-3.37597779E+00	-6.15196889E+00	5.33870567E-03	-3.02446250E-01
-6.84738974E+00	-2.64182841E+00	6.06853852E-03	-3.24077598E-01
-7.46950842E+00	2.26730879E+00	7.08224675E-03	-3.49031843E-01
-4.98942506E+00	6.57748790E+00	8.49725749E-03	-3.78153695E-01
-4.02444962E-01	8.55180133E+00	1.04929871E-02	-4.12606105E-01
4.46204014E+00	7.40739364E+00	1.33533825E-02	-4.54038688E-01
7.68376994E+00	3.61738391E+00	1.75475406E-02	-5.04877899E-01
8.02182910E+00	-1.29435753E+00	2.38930880E-02	-5.68857688E-01
5.40279305E+00	-5.37684405E+00	3.39165840E-02	-6.52065351E-01
9.34775603E-01	-7.03868366E+00	5.07418401E-02	-7.65212773E-01
-3.55211886E+00	-5.68043057E+00	8.16395536E-02	-9.29257575E-01
-6.24856051E+00	-1.92112684E+00	1.47183291E-01	-1.19216093E+00
-6.09051390E+00	2.66642403E+00	3.28872523E-01	-1.69541078E+00
-3.17533723E+00	6.19898659E+00	1.30796080E+00	-3.08835930E+00
1.29315871E+00	7.24184592E+00	3.87391521E+00	4.66240957E+00
5.50222768E+00	5.37761248E+00	-1.66871079E-01	7.93656745E-01
7.76477092E+00	1.35955847E+00	-2.62242133E-01	-8.35467050E-01
7.19331742E+00	-3.20614548E+00	2.30690009E+00	-5.02259975E+00
4.04422158E+00	-6.51533173E+00	2.04040174E+00	3.30125433E+00
-4.01125763E-01	-7.29071734E+00	5.83501423E-01	1.78544981E+00
-4.36386182E+00	-5.28538097E+00	3.07858149E-01	1.24194231E+00
-6.28676682E+00	-1.36633799E+00	2.01595676E-01	9.62718367E-01
-5.45407516E+00	2.84916976E+00	1.47379801E-01	7.90365726E-01
-2.26513752E+00	5.65241008E+00	1.15218578E-01	6.72374330E-01
1.94257025E+00	5.92865223E+00	9.42444976E-02	5.86079885E-01
5.44342775E+00	3.59439743E+00	7.96422953E-02	5.20005946E-01
6.82065559E+00	-3.85030466E-01	6.89767055E-02	4.67678340E-01
5.52886369E+00	-4.39812276E+00	6.08945892E-02	4.25149203E-01
2.09895220E+00	-6.84225189E+00	5.45890526E-02	3.89865543E-01
-2.09106246E+00	-6.76487383E+00	4.95516695E-02	3.60098804E-01
-5.38064793E+00	-4.23434845E+00	4.54475717E-02	3.34634626E-01
-6.49537366E+00	-2.96236849E-01	4.20480224E-02	3.12593601E-01
-5.05019282E+00	3.46075302E+00	3.91919399E-02	2.93322509E-01
-1.68858589E+00	5.54906812E+00	3.67629041E-02	2.76325551E-01
2.19217957E+00	5.17547140E+00	3.46748717E-02	2.61219357E-01
5.01283277E+00	2.54642987E+00	3.28629999E-02	2.47702660E-01
5.64703488E+00	-1.23172080E+00	3.12775789E-02	2.35535324E-01
3.86419706E+00	-4.61099674E+00	2.98799177E-02	2.24523516E-01
4.06210699E-01	-6.22877901E+00	2.86394912E-02	2.14509010E-01
-3.32625500E+00	-5.44970295E+00	2.75319219E-02	2.05361336E-01
-5.84546483E+00	-2.60704456E+00	2.65375267E-02	1.96971928E-01
-6.17296966E+00	1.14764719E+00	2.56402536E-02	1.89249695E-01
-4.22154426E+00	4.31947746E+00	2.48268925E-02	1.82117629E-01
-8.13781587E-01	5.67380799E+00	2.40864804E-02	1.75510176E-01
2.66346872E+00	4.72470406E+00	2.34098501E-02	1.69371177E-01
4.82386855E+00	1.91493119E+00	2.27892810E-02	1.63652238E-01
4.83554136E+00	-1.57877949E+00	2.22182284E-02	1.58311428E-01
2.74277995E+00	-4.33024348E+00	2.16911110E-02	1.53312235E-01
-5.68776585E-01	-5.23875180E+00	2.12031415E-02	1.48622713E-01
-3.74268592E+00	-3.96266424E+00	2.07501925E-02	1.44214790E-01
-5.50317237E+00	-1.04098323E+00	2.03286877E-02	1.40063696E-01
-5.16336516E+00	2.33953454E+00	1.99355141E-02	1.36147492E-01
-2.88792098E+00	4.83148506E+00	1.95679502E-02	1.32446671E-01
3.90001362E-01	5.46821686E+00	1.92236070E-02	1.28943838E-01
3.35714559E+00	4.04195591E+00	1.89003794E-02	1.25623421E-01
4.85235800E+00	1.17086174E+00	1.85964056E-02	1.22471447E-01
4.32682936E+00	-1.96530716E+00	1.83100335E-02	1.19475337E-01
2.04990384E+00	-4.10826747E+00	1.80397921E-02	1.16623734E-01
-1.01640326E+00	-4.42524478E+00	1.77843677E-02	1.13906364E-01
-3.61686758E+00	-2.83201371E+00	1.75425838E-02	1.11313904E-01
-4.71081384E+00	-9.76206472E-03	1.73133836E-02	1.08837878E-01
-3.88279680E+00	2.88416878E+00	1.70958154E-02	1.06470562E-01
-1.49424404E+00	4.68916234E+00	1.68890201E-02	1.04204899E-01
1.47863007E+00	4.70465737E+00	1.66922200E-02	1.02034434E-01
3.84862589E+00	2.95901835E+00	1.65047100E-02	9.99532470E-02
4.69610277E+00	1.81075218E-01	1.63258487E-02	9.79559001E-02
3.72933822E+00	-2.50727413E+00	1.61550522E-02	9.60373891E-02
1.38558216E+00	-4.04795238E+00	1.59917872E-02	9.41931009E-02
-1.36129980E+00	-3.86697904E+00	1.58355660E-02	9.24187764E-02
-3.40259478E+00	-2.09115640E+00	1.56859420E-02	9.07104769E-02
-3.94026026E+00	5.20350579E-01	1.55425049E-02	8.90645542E-02
-2.79713715E+00	2.89505589E+00	1.54048776E-02	8.74776248E-02
-4.71401603E-01	4.08299876E+00	1.52727128E-02	8.59465461E-02
2.07987227E+00	3.63230347E+00	1.51456900E-02	8.44683950E-02
3.83449048E+00	1.75606654E+00	1.50235133E-02	8.30404495E-02
4.11430849E+00	-7.70494548E-01	1.49059088E-02	8.16601715E-02
2.84603814E+00	-2.93427968E+00	1.47926227E-02	8.03251914E-02
5.73658693E-01	-3.89445254E+00	1.46834196E-02	7.90332945E-02
-1.77563275E+00	-3.31242528E+00	1.45780807E-02	7.77824085E-02
-3.27160851E+00	-1.47224419E+00	1.44764025E-02	7.65705920E-02
-3.35145792E+00	8.50704604E-01	1.43781955E-02	7.53960247E-02
-2.03293993E+00	2.71301422E+00	1.42832830E-02	7.42569978E-02
1.10217983E-01	3.38394853E+00	1.41915001E-02	7.31519057E-02
2.19378102E+00	2.62987502E+00	1.41026924E-02	7.20792383E-02
3.38469127E+00	7.91850679E-01	1.40167157E-02	7.10375740E-02
3.23108151E+00	-1.36822474E+00	1.39334349E-02	7.00255732E-02
1.82995391E+00	-2.98426081E+00	1.38527233E-02	6.90419727E-02
-2.29188860E-01	-3.43394334E+00	1.37744619E-02	6.80855801E-02
-2.11503078E+00	-2.57823018E+00	1.36985391E-02	6.71552690E-02
-3.09310203E+00	-8.00437304E-01	1.36248499E-02	6.62499745E-02
-2.81444597E+00	1.16398886E+00	1.35532953E-02	6.53686890E-02
-1.44088922E+00	2.53205793E+00	1.34837823E-02	6.45104584E-02
4.37416094E-01	2.78611698E+00	1.34162230E-02	6.36743787E-02
2.05203720E+00	1.86998024E+00	1.33505347E-02	6.28595926E-02
2.76822326E+00	1.94257044E-01	1.32866390E-02	6.20652867E-02
2.33214663E+00	-1.54432443E+00	1.32244622E-02	6.12906884E-02
9.57237249E-01	-2.65067581E+00	1.31639342E-02	6.05350638E-02
-7.78735984E-01	-2.70742412E+00	1.31049889E-02	5.97977149E-02
-2.17752520E+00	-1.72970331E+00	1.30475636E-02	5.90779779E-02
-2.70247897E+00	-1.41726788E-01	1.29915989E-02	5.83752204E-02
-2.18489314E+00	1.40839642E+00	1.29370384E-02	5.76888404E-02
-8.75493093E-01	2.31522047E+00	1.28838286E-02	5.70182640E-02
6.73042187E-01	2.25430209E+00	1.28319187E-02	5.63629437E-02
1.83855701E+00	1.29853537E+00	1.27812605E-02	5.57223573E-02
2.17928663E+00	-1.28620224E-01	1.27318079E-02	5.50960062E-02
1.60075660E+00	-1.43719330E+00	1.26835174E-02	5.44834139E-02
3.76918574E-01	-2.11248538E+00	1.26363472E-02	5.38841252E-02
-9.76186761E-01	-1.91553693E+00	1.25902578E-02	5.32977048E-02
-1.91691260E+00	-9.64303385E-01	1.25452114E-02	5.27237362E-02
-2.09397014E+00	3.31054878E-01	1.25011719E-02	5.21618208E-02
-1.47580084E+00	1.44574615E+00	1.24581049E-02	5.16115766E-02
-3.46171219E-01	1.95426642E+00	1.24159776E-02	5.10726381E-02
8.25305588E-01	1.69348784E+00	1.23747586E-02	5.05446546E-02
1.57944071E+00	8.12588495E-01	1.23344179E-02	5.00272899E-02
1.64861260E+00	-3.03925766E-01	1.22949268E-02	4.95202215E-02
1.05135556E+00	-1.20230653E+00	1.22562580E-02	4.90231398E-02
6.76014877E-02	-1.54335510E+00	1.22183851E-02	4.85357475E-02
-8.88506820E-01	-1.22948423E+00	1.21812829E-02	4.80577592E-02
-1.44120489E+00	-4.27722833E-01	1.21449275E-02	4.75889004E-02
-1.39926982E+00	5.14032820E-01	1.21092956E-02	4.71289074E-02
-8.18998991E-01	1.21714934E+00	1.20743652E-02	4.66775266E-02
3.56729274E-02	1.42427483E+00	1.20401150E-02	4.62345138E-02
8.12893553E-01	1.09223829E+00	1.20065246E-02	4.57996342E-02
1.21881687E+00	3.92782239E-01	1.19735743E-02	4.53726617E-02
1.12927637E+00	-3.72429255E-01	1.19412455E-02	4.49533784E-02
6.24939174E-01	-9.01917089E-01	1.19095200E-02	4.45415744E-02
-5.82263661E-02	-1.01374976E+00	1.18783804E-02	4.41370476E-02
-6.36365350E-01	-7.06928274E-01	1.18478100E-02	4.37396029E-02
-8.94804424E-01	-1.44858432E-01	1.18177928E-02	4.33490522E-02
-7.66535236E-01	4.25623652E-01	1.17883133E-02	4.29652141E-02
-3.43731276E-01	7.80966786E-01	1.17593565E-02	4.25879135E-02
1.76094357E-01	8.07459639E-01	1.17309081E-02	4.22169812E-02
5.80861372E-01	5.34197392E-01	1.17029543E-02	4.18522542E-02
7.30552099E-01	1.04388318E-01	1.16754818E-02	4.14935746E-02
6.04347134E-01	-2.96576624E-01	1.16484777E-02	4.11407900E-02
2.93048603E-01	-5.21574245E-01	1.16219297E-02	4.07937533E-02
-5.37022965E-02	-5.16005785E-01	1.15958257E-02	4.04523220E-02
-2.97623422E-01	-3.26044608E-01	1.15701542E-02	4.01163583E-02
-3.67150121E-01	-6.30996385E-02	1.15449042E-02	3.97857292E-02
-2.75812732E-01	1.54377557E-01	1.15200647E-02	3.94603056E-02
-1.00449393E-01	2.52959219E-01	1.14956256E-02	3.91399628E-02
6.53911763E-02	2.27480634E-01	1.14715766E-02	3.88245799E-02
1.57797258E-01	1.28669515E-01	1.14479082E-02	3.85140401E-02
1.66456554E-01	2.59915269E-02	1.14246109E-02	3.82082300E-02
1.27335235E-01	-3.25755922E-02	1.14016756E-02	3.79070397E-02
9.16851787E-02	-4.27136876E-02	1.13790937E-02	3.76103630E-02
9.05398999E-02	-3.78356822E-02	1.13568565E-02	3.73180966E-02
1.14988138E-01	-6.05723611E-02	1.13349558E-02	3.70301405E-02
1.23060168E-01	-1.29249230E-01	1.13133838E-02	3.67463978E-02
6.90967516E-02	-2.19443609E-01	1.12921326E-02	3.64667743E-02
-6.12658651E-02	-2.72486198E-01	1.12711949E-02	3.61911787E-02
-2.31266850E-01	-2.27994297E-01	1.12505634E-02	3.59195226E-02
-3.61970033E-01	-6.37270514E-02	1.12302310E-02	3.56517197E-02
-3.68714692E-01	1.79554081E-01	1.12101909E-02	3.53876867E-02
-2.08475483E-01	4.04628552E-01	1.11904367E-02	3.51273425E-02
8.63152467E-02	4.97077467E-01	1.11709618E-02	3.48706082E-02
4.07762245E-01	3.81363901E-01	1.11517600E-02	3.46174074E-02
6.11572977E-01	6.70729170E-02	1.11328254E-02	3.43676657E-02
5.81192806E-01	-3.39714142E-01	1.11141520E-02	3.41213108E-02
2.88710373E-01	-6.70631470E-01	1.10957342E-02	3.38782725E-02
-1.77651461E-01	-7.64453860E-01	1.10775665E-02	3.36384825E-02
-6.37081589E-01	-5.43090497E-01	1.10596434E-02	3.34018744E-02
-8.86089523E-01	-5.90619946E-02	1.10419599E-02	3.31683836E-02
-7.87763948E-01	5.11119264E-01	1.10245107E-02	3.29379473E-02
-3.41462349E-01	9.30834276E-01	1.10072909E-02	3.27105043E-02
3.01009830E-01	1.00164435E+00	1.09902959E-02	3.24859953E-02
8.85650954E-01	6.55147509E-01	1.09735207E-02	3.22643623E-02
1.15705949E+00	-3.43522399E-03	1.09569610E-02	3.20455491E-02
9.69733261E-01	-7.23973351E-01	1.09406122E-02	3.18295009E-02
3.61594458E-01	-1.20636547E+00	1.09244699E-02	3.16161644E-02
-4.45918851E-01	-1.22576300E+00	1.09085300E-02	3.14054878E-02
-1.12742658E+00	-7.35840721E-01	1.08927882E-02	3.11974206E-02
-1.38464659E+00	9.66365972E-02	1.08772404E-02	3.09919138E-02
-1.07609184E+00	9.46293506E-01	1.08618827E-02	3.07889198E-02
-2.89306652E-01	1.45582249E+00	1.08467109E-02	3.05883921E-02
6.79604425E-01	1.38556848E+00	1.08317212E-02	3.03902861E-02
1.43684956E+00	7.23452723E-01	1.08169094E-02	3.01945581E-02
1.65090620E+00	-2.94453313E-01	1.08022717E-02	3.00011663E-02
1.19654066E+00	-1.26730889E+00	1.07878037E-02	2.98100703E-02
2.20613984E-01	-1.78793018E+00	1.07735010E-02	2.96212317E-02
-9.03037396E-01	-1.61360843E+00	1.07593587E-02	2.94346142E-02
-1.71710999E+00	-7.77711806E-01	1.07453712E-02	2.92501845E-02
-1.86773009E+00	4.08500030E-01	1.07315314E-02	2.90679133E-02
-1.25831660E+00	1.47073679E+00	1.07178296E-02	2.88877774E-02
-1.03827216E-01	1.96116556E+00	1.07042512E-02	2.87097645E-02
1.14266357E+00	1.64679174E+00	1.06907701E-02	2.85338828E-02
1.96677356E+00	6.17598962E-01	1.06773305E-02	2.83601866E-02
2.00404991E+00	-7.34880797E-01	1.06637815E-02	2.81888575E-02
1.19888155E+00	-1.86588547E+00	1.06495074E-02	2.80205452E-02
-1.57822699E-01	-2.29662296E+00	1.06281133E-02	2.78581653E-02
-1.53350949E+00	-1.81609114E+00	1.06245845E-02	2.76635295E-02
-2.36407428E+00	-5.80563318E-01	1.06155366E-02	2.75105102E-02
-2.28625602E+00	9.35194146E-01	1.06021265E-02	2.73523734E-02
-1.29656724E+00	2.12101328E+00	1.05688226E-02	2.71929021E-02
2.32391478E-01	2.47821088E+00	1.05770621E-02	2.70214477E-02
1.69083395E+00	1.83031656E+00	1.05663398E-02	2.68668245E-02
2.47445329E+00	4.08735288E-01	1.05547105E-02	2.67118106E-02
2.23426332E+00	-1.22706527E+00	1.05430634E-02	2.65578499E-02
1.03035607E+00	-2.40808956E+00	1.05315033E-02	2.64052499E-02
-6.77686131E-01	-2.62776187E+00	1.05200527E-02	2.62541031E-02
-2.20573139E+00	-1.75670913E+00	1.05087168E-02	2.61044374E-02
-2.91897175E+00	-1.09517037E-01	1.04974964E-02	2.59562558E-02
-2.49502424E+00	1.66931471E+00	1.04863905E-02	2.58095501E-02
-1.06723959E+00	2.85932948E+00	1.04753975E-02	2.56643065E-02
8.14955792E-01	2.95788180E+00	1.04645156E-02	2.55205081E-02
2.39836276E+00	1.89386250E+00	1.04537430E-02	2.53781365E-02
3.02902653E+00	7.06866258E-02	1.04430780E-02	2.52371725E-02
2.42399989E+00	-1.78459021E+00	1.04325187E-02	2.50975966E-02
7.98960154E-01	-2.90993373E+00	1.04220633E-02	2.49593888E-02
-1.20526285E+00	-2.82016483E+00	1.04117102E-02	2.48225294E-02
-2.77305891E+00	-1.51435707E+00	1.04014578E-02	2.46869988E-02
-3.24355546E+00	5.09578300E-01	1.03913043E-02	2.45527775E-02
-2.38611062E+00	2.44469626E+00	1.03812482E-02	2.44198464E-02
-5.07044163E-01	3.49702565E+00	1.03712880E-02	2.42881866E-02
1.66093889E+00	3.21121109E+00	1.03614222E-02	2.41577794E-02
3.24718925E+00	1.66619591E+00	1.03516493E-02	2.40286064E-02
3.59583786E+00	-5.42859209E-01	1.03419678E-02	2.39006497E-02
2.53980881E+00	-2.53466611E+00	1.03323765E-02	2.37738916E-02
4.81700901E-01	-3.49507576E+00	1.03228739E-02	2.36483147E-02
-1.75657309E+00	-3.01185693E+00	1.03134586E-02	2.35239019E-02
-3.25960304E+00	-1.25331633E+00	1.03041294E-02	2.34006364E-02
-3.39061842E+00	1.08630263E+00	1.02948851E-02	2.32785018E-02
-2.05864831E+00	3.05797586E+00	1.02857242E-02	2.31574818E-02
2.31216127E-01	3.83977864E+00	1.02766457E-02	2.30375607E-02
2.57015720E+00	3.07577888E+00	1.02676483E-02	2.29187229E-02
4.00749112E+00	1.03225841E+00	1.02587308E-02	2.28009531E-02
3.93788997E+00	-1.49682373E+00	1.02498921E-02	2.26842362E-02
2.35617094E+00	-3.50210417E+00	1.02411310E-02	2.25685575E-02
-1.27454223E-01	-4.16597358E+00	1.02324465E-02	2.24539026E-02
-2.52313374E+00	-3.20026631E+00	1.02238375E-02	2.23402572E-02
-3.85719582E+00	-9.74986486E-01	1.02153028E-02	2.22276075E-02
-3.56971122E+00	1.61895941E+00	1.02068415E-02	2.21159398E-02
-1.75143223E+00	3.52251790E+00	1.01984525E-02	2.20052405E-02
8.79975809E-01	3.93710391E+00	1.01901348E-02	2.18954965E-02
3.26000149E+00	2.65559580E+00	1.01818875E-02	2.17866949E-02
4.40444071E+00	1.58626519E-01	1.01737095E-02	2.16788229E-02
3.81218456E+00	-2.56775346E+00	1.01656000E-02	2.15718679E-02
1.67880619E+00	-4.42403803E+00	1.01575579E-02	2.14658179E-02
-1.16980187E+00	-4.64294951E+00	1.01495824E-02	2.13606606E-02
-3.60194255E+00	-3.10807688E+00	1.01416726E-02	2.12563842E-02
-4.63524503E+00	-4.13175825E-01	1.01338276E-02	2.11529772E-02
-3.83924839E+00	2.36679934E+00	1.01260466E-02	2.10504280E-02
-1.52037966E+00	4.10481325E+00	1.01183286E-02	2.09487254E-02
1.38995579E+00	4.07969275E+00	1.01106728E-02	2.08478584E-02
3.70380078E+00	2.27677813E+00	1.01030785E-02	2.07478162E-02
4.45592546E+00	-5.93963221E-01	1.00955448E-02	2.06485880E-02
3.30059038E+00	-3.37458484E+00	1.00880710E-02	2.05501634E-02
6.62776245E-01	-4.92285560E+00	1.00806562E-02	2.04525321E-02
-2.42179806E+00	-4.57725929E+00	1.00732997E-02	2.03556840E-02
-4.71782657E+00	-2.43397386E+00	1.00660008E-02	2.02596091E-02
-5.28941056E+00	6.79970858E-01	1.00587586E-02	2.01642977E-02
-3.88518818E+00	3.53127729E+00	1.00515726E-02	2.00697401E-02
-1.05106981E+00	4.97530074E+00	1.00444420E-02	1.99759268E-02
2.07953493E+00	4.42256850E+00	1.00373660E-02	1.98828486E-02
4.23761135E+00	2.08664791E+00	1.00303440E-02	1.97904963E-02
4.53239066E+00	-1.09080307E+00	1.00233754E-02	1.96988609E-02
2.81905280E+00	-3.81216097E+00	1.00164594E-02	1.96079336E-02
-2.31453047E-01	-4.94617359E+00	1.00095954E-02	1.95177057E-02
-3.39321934E+00	-3.99025785E+00	1.00027828E-02	1.94281686E-02
-5.37551909E+00	-1.28389475E+00	9.99602092E-03	1.93393139E-02
-5.34623610E+00	2.11717496E+00	9.98930915E-03	1.92511332E-02
-3.27626333E+00	4.85955407E+00	9.98264688E-03	1.91636186E-02
3.75830729E-02	5.83748672E+00	9.97603351E-03	1.90767619E-02
3.28482682E+00	4.64497219E+00	9.96946845E-03	1.89905552E-02
5.16640157E+00	1.74972779E+00	9.96295112E-03	1.89049908E-02
4.92202790E+00	-1.68538644E+00	9.95648096E-03	1.88200611E-02
2.64566905E+00	-4.26557754E+00	9.95005739E-03	1.87357585E-02
-7.41849429E-01	-4.92749380E+00	9.94367987E-03	1.86520756E-02
-3.85634572E+00	-3.37519381E+00	9.93734785E-03	1.85690051E-02
-5.40652491E+00	-2.10002018E-01	9.93106079E-03	1.84865400E-02
-4.71944667E+00	3.30232302E+00	9.92481818E-03	1.84046730E-02
-2.02143925E+00	5.73702437E+00	9.91861948E-03	1.83233973E-02
1.64257767E+00	6.08646582E+00	9.91246419E-03	1.82427060E-02
4.82294052E+00	4.17388359E+00	9.90635181E-03	1.81625924E-02
6.24820926E+00	7.34897026E-01	9.90028184E-03	1.80830498E-02
5.34262123E+00	-2.87018990E+00	9.89425380E-03	1.80040717E-02
2.46727332E+00	-5.20080988E+00	9.88826720E-03	1.79256517E-02
-1.21600416E+00	-5.31928646E+00	9.88232158E-03	1.78477835E-02
-4.20711834E+00	-3.17652203E+00	9.87641647E-03	1.77704607E-02
-5.27252486E+00	3.58495740E-01	9.87055141E-03	1.76936773E-02
-3.94854359E+00	3.84128128E+00	9.86472594E-03	1.76174272E-02
-7.37856555E-01	5.83158972E+00	9.85893964E-03	1.75417044E-02
3.08382942E+00	5.47765259E+00	9.85319206E-03	1.74665032E-02
5.97665331E+00	2.86795849E+00	9.84748276E-03	1.73918175E-02
6.75789583E+00	-9.94528845E-01	9.84181133E-03	1.73176419E-02
5.08489476E+00	-4.58914364E+00	9.83617735E-03	1.72439706E-02
1.60235657E+00	-6.48816475E+00	9.83058040E-03	1.71707981E-02
-2.30903540E+00	-5.93590123E+00	9.82502008E-03	1.70981189E-02
-5.08476431E+00	-3.16113225E+00	9.81949599E-03	1.70259278E-02
-5.60849877E+00	7.06387815E-01	9.81400774E-03	1.69542193E-02
-3.66855097E+00	4.08536977E+00	9.80855493E-03	1.68829883E-02
-5.20416391E-02	5.57970377E+00	9.80313720E-03	1.68122296E-02
3.76484380E+00	4.54611905E+00	9.79775415E-03	1.67419382E-02
6.20873469E+00	1.36203911E+00	9.79240542E-03	1.66721090E-02
6.24579088E+00	-2.71769915E+00	9.78709064E-03	1.66027371E-02
3.80561691E+00	-6.06092619E+00	9.78180946E-03	1.65338176E-02
-1.81306927E-01	-7.31556756E+00	9.77656151E-03	1.64653459E-02
-4.15125190E+00	-5.95943837E+00	9.77134644E-03	1.63973170E-02
-6.53452358E+00	-2.51873372E+00	9.76616392E-03	1.63297264E-02
-6.39053661E+00	1.63614925E+00	9.76101359E-03	1.62625696E-02
-3.79350230E+00	4.83836203E+00	9.75589513E-03	1.61958418E-02
1.89604494E-01	5.79696376E+00	9.75080820E-03	1.61295388E-02
3.92328413E+00	4.12258874E+00	9.74575248E-03	1.60636561E-02
5.86143899E+00	4.92288070E-01	9.74072764E-03	1.59981893E-02
5.17440083E+00	-3.61616001E+00	9.73573336E-03	1.59331341E-02
2.09085004E+00	-6.51630947E+00	9.73076934E-03	1.58684864E-02
-2.18609331E+00	-6.99426925E+00	9.72583526E-03	1.58042420E-02
-5.95792852E+00	-4.80392339E+00	9.72093082E-03	1.57403967E-02
-7.71403216E+00	-7.74218182E-01	9.71605573E-03	1.56769465E-02
-6.74404030E+00	3.51783934E+00	9.71120967E-03	1.56138875E-02
-3.43093419E+00	6.37933263E+00	9.70639237E-03	1.55512155E-02
8.96156186E-01	6.68510555E+00	9.70160352E-03	1.54889269E-02
4.49306261E+00	4.33660347E+00	9.69684286E-03	1.54270176E-02
5.90340223E+00	3.08541799E-01	9.69211009E-03	1.53654840E-02
4.54986179E+00	-3.73842806E+00	9.68740494E-03	1.53043223E-02
9.73826520E-01	-6.12532938E+00	9.68272714E-03	1.52435288E-02
-3.37607234E+00	-5.83446807E+00	9.67807641E-03	1.51830998E-02
-6.72397804E+00	-2.92605823E+00	9.67345250E-03	1.51230318E-02
-7.68312561E+00	1.47849958E+00	9.66885513E-03	1.50633212E-02
-5.81949074E+00	5.64276661E+00	9.66428406E-03	1.50039645E-02
-1.83372923E+00	7.91310278E+00	9.65973902E-03	1.49449582E-02
2.71463203E+00	7.38748150E+00	9.65521975E-03	1.48862990E-02
6.03206620E+00	4.28454790E+00	9.65072603E-03	1.48279835E-02
6.81439461E+00	-1.38234977E-01	9.64625758E-03	1.47700084E-02
4.77662704E+00	-4.08702677E+00	9.64181419E-03	1.47123703E-02
7.73790979E-01	-5.95396728E+00	9.63739559E-03	1.46550660E-02
-3.53859112E+00	-4.96857557E+00	9.63300156E-03	1.45980923E-02
-6.36976607E+00	-1.51427171E+00	9.62863187E-03	1.45414462E-02
-6.51755196E+00	3.01996257E+00	9.62428628E-03	1.44851244E-02
-3.85825057E+00	6.79543869E+00	9.61996457E-03	1.44291239E-02
5.96779367E-01	8.26460284E+00	9.61566651E-03	1.43734416E-02
5.10314678E+00	6.79828917E+00	9.61139187E-03	1.43180745E-02
7.88397254E+00	2.94514301E+00	9.60714045E-03	1.42630198E-02
7.84731086E+00	-1.78363283E+00	9.60291202E-03	1.42082744E-02
5.03049968E+00	-5.51968774E+00	9.59870638E-03	1.41538354E-02
5.90381194E-01	-6.79037766E+00	9.59452330E-03	1.40997000E-02
-3.65899563E+00	-5.11547186E+00	9.59036258E-03	1.40458655E-02
-5.97659993E+00	-1.20568447E+00	9.58622402E-03	1.39923289E-02
-5.39869693E+00	3.31922752E+00	9.58210740E-03	1.39390876E-02
-2.13232358E+00	6.58119489E+00	9.57801254E-03	1.38861388E-02
2.52260617E+00	7.20209929E+00	9.57393924E-03	1.38334798E-02
6.69329701E+00	4.86355149E+00	9.56988729E-03	1.37811081E-02
8.68801999E+00	4.41005248E-01	9.56585650E-03	1.37290209E-02
7.68035336E+00	-4.34391722E+00	9.56184668E-03	1.36772157E-02
4.04689620E+00	-7.61452509E+00	9.55785765E-03	1.36256900E-02
-7.79522932E-01	-8.09582736E+00	9.55388921E-03	1.35744411E-02
-4.88392340E+00	-5.63147673E+00	9.54994119E-03	1.35234667E-02
-6.64040484E+00	-1.25099352E+00	9.54601339E-03	1.34727642E-02
-5.36974513E+00	3.24178893E+00	9.54210565E-03	1.34223312E-02
-1.61717798E+00	5.99474970E+00	9.53821778E-03	1.33721653E-02
3.06344034E+00	5.85588759E+00	9.53434960E-03	1.33222641E-02
6.73382769E+00	2.84178565E+00	9.53050095E-03	1.32726253E-02
7.85320718E+00	-1.86424191E+00	9.52667164E-03	1.32232466E-02
5.90264460E+00	-6.38534947E+00	9.52286152E-03	1.31741256E-02
1.59898559E+00	-8.90627562E+00	9.51907042E-03	1.31252601E-02
-3.38950486E+00	-8.40636618E+00	9.51529816E-03	1.30766478E-02
-7.11270891E+00	-5.07435729E+00	9.51154458E-03	1.30282865E-02
-8.12435139E+00	-2.36290988E-01	9.50780953E-03	1.29801741E-02
-6.06691593E+00	4.17599821E+00	9.50409283E-03	1.29323083E-02
-1.81887910E+00	6.40272993E+00	9.50039435E-03	1.28846870E-02
2.85666216E+00	5.56703461E+00	9.49671391E-03	1.28373081E-02
6.02169026E+00	2.03150038E+00	9.49305136E-03	1.27901696E-02
6.34579931E+00	-2.74472682E+00	9.48940655E-03	1.27432693E-02
3.64573336E+00	-6.79212491E+00	9.48577934E-03	1.26966052E-02
-1.03670121E+00	-8.42485266E+00	9.48216956E-03	1.26501752E-02
-5.85115602E+00	-6.92262107E+00	9.47857707E-03	1.26039774E-02
-8.88290354E+00	-2.82472979E+00	9.47500174E-03	1.25580098E-02
-8.92509216E+00	2.28351429E+00	9.47144340E-03	1.25122705E-02
-5.96740459E+00	6.40713946E+00	9.46790192E-03	1.24667575E-02
-1.20310643E+00	7.94485293E+00	9.46437716E-03	1.24214688E-02
3.44961656E+00	6.33553348E+00	9.46086898E-03	1.23764027E-02
6.12005278E+00	2.28649664E+00	9.45737724E-03	1.23315572E-02
5.74001953E+00	-2.50966702E+00	9.45390180E-03	1.22869305E-02
2.47671588E+00	-6.05661649E+00	9.45044253E-03	1.22425208E-02
-2.33213585E+00	-6.85994940E+00	9.44699929E-03	1.21983262E-02
-6.71580722E+00	-4.53207669E+00	9.44357196E-03	1.21543449E-02
-8.86478251E+00	4.83317552E-02	9.44016040E-03	1.21105753E-02
-7.86163197E+00	5.08762027E+00	9.43676449E-03	1.20670155E-02
-4.05343040E+00	8.59839103E+00	9.43338409E-03	1.20236639E-02
1.08526965E+00	9.20037398E+00	9.43001908E-03	1.19805186E-02
5.54458251E+00	6.67790279E+00	9.42666933E-03	1.19375781E-02
7.58846351E+00	2.06860020E+00	9.42333472E-03	1.18948406E-02
6.45480346E+00	-2.75336537E+00	9.42001513E-03	1.18523045E-02
2.66375287E+00	-5.83218854E+00	9.41671044E-03	1.18099681E-02
-2.19081637E+00	-5.91945588E+00	9.41342052E-03	1.17678298E-02
-6.08341135E+00	-2.97894445E+00	9.41014526E-03	1.17258881E-02
-7.37414337E+00	1.79696576E+00	9.40688455E-03	1.16841413E-02
-5.47155755E+00	6.46661014E+00	9.40363826E-03	1.16425879E-02
-1.07339552E+00	9.12136741E+00	9.40040628E-03	1.16012262E-02
4.11239909E+00	8.65574675E+00	9.39718849E-03	1.15600549E-02
8.05451985E+00	5.21454700E+00	9.39398479E-03	1.15190723E-02
9.21640137E+00	1.36330480E-01	9.39079507E-03	1.14782769E-02
7.17575021E+00	-4.58456004E+00	9.38761920E-03	1.14376673E-02
2.79540167E+00	-7.10097963E+00	9.38445710E-03	1.13972420E-02
-2.12388885E+00	-6.45735962E+00	9.38130863E-03	1.13569995E-02
-5.56919829E+00	-2.97517531E+00	9.37817371E-03	1.13169383E-02
-6.12734477E+00	1.87633005E+00	9.37505222E-03	1.12770572E-02
-3.55551505E+00	6.07247341E+00	9.37194407E-03	1.12373545E-02
1.11976748E+00	7.84994550E+00	9.36884913E-03	1.11978290E-02
6.01559118E+00	6.41878997E+00	9.36576733E-03	1.11584793E-02
9.15128182E+00	2.28231193E+00	9.36269854E-03	1.11193040E-02
9.24694119E+00	-2.96431762E+00	9.35964268E-03	1.10803016E-02
6.23990260E+00	-7.27580022E+00	9.35659964E-03	1.10414710E-02
1.31073513E+00	-8.98022235E+00	9.35356933E-03	1.10028107E-02
-3.59188398E+00	-7.45237815E+00	9.35055164E-03	1.09643195E-02
-6.53604728E+00	-3.36537181E+00	9.34754648E-03	1.09259960E-02
-6.38488840E+00	1.58108476E+00	9.34455377E-03	1.08878390E-02
-3.25443649E+00	5.34627316E+00	9.34157339E-03	1.08498471E-02
1.53363728E+00	6.37160516E+00	9.33860526E-03	1.08120191E-02
5.98539925E+00	4.20939346E+00	9.33564928E-03	1.07743538E-02
8.23910908E+00	-2.96297068E-01	9.33270538E-03	1.07368500E-02
7.31637518E+00	-5.34962508E+00	9.32977344E-03	1.06995063E-02
3.51716539E+00	-8.92664413E+00	9.32685339E-03	1.06623216E-02
-1.70050390E+00	-9.59085995E+00	9.32394513E-03	1.06252947E-02
-6.30757894E+00	-7.07190455E+00	9.32104858E-03	1.05884244E-02
-8.52094603E+00	-2.37415330E+00	9.31816365E-03	1.05517095E-02
-7.52102527E+00	2.62834380E+00	9.31529025E-03	1.05151488E-02
-3.78079484E+00	5.94717814E+00	9.31242830E-03	1.04787412E-02
1.12621807E+00	6.28057752E+00	9.30957772E-03	1.04424856E-02
5.16135766E+00	3.53720132E+00	9.30673841E-03	1.04063808E-02
6.64331630E+00	-1.12825971E+00	9.30391030E-03	1.03704257E-02
4.92602184E+00	-5.78174282E+00	9.30109330E-03	1.03346192E-02
6.58786420E-01	-8.49028967E+00	9.29828734E-03	1.02989601E-02
-4.47582074E+00	-8.10152171E+00	9.29549233E-03	1.02634475E-02
-8.44029467E+00	-4.70797002E+00	9.29270819E-03	1.02280801E-02
-9.66298454E+00	3.90570400E-01	9.28993484E-03	1.01928570E-02
-7.67048826E+00	5.21101383E+00	9.28717221E-03	1.01577771E-02
-3.27703998E+00	7.88568879E+00	9.28442021E-03	1.01228393E-02
1.74496113E+00	7.41369765E+00	9.28167878E-03	1.00880427E-02
5.37998979E+00	4.06225661E+00	9.27894783E-03	1.00533861E-02
6.18147764E+00	-7.43307144E-01	9.27622729E-03	1.00188685E-02
3.85361055E+00	-4.99598791E+00	9.27351708E-03	9.98448902E-03
-6.31313123E-01	-6.91711846E+00	9.27081713E-03	9.95024656E-03
-5.42664564E+00	-5.67326741E+00	9.26812737E-03	9.91614015E-03
-8.55689772E+00	-1.71128191E+00	9.26544772E-03	9.88216882E-03
-8.71409882E+00	3.42294977E+00	9.26277811E-03	9.84833159E-03
-5.78410296E+00	7.70819764E+00	9.26011847E-03	9.81462750E-03
-8.91267582E-01	9.46209567E+00	9.25746874E-03	9.78105559E-03
4.05569238E+00	8.01758588E+00	9.25482883E-03	9.74761492E-03
7.13291798E+00	3.98938607E+00	9.25219868E-03	9.71430456E-03
7.17533879E+00	-9.76135715E-01	9.24957823E-03	9.68112357E-03
4.24360214E+00	-4.86603163E+00	9.24696740E-03	9.64807104E-03
-4.03519791E-01	-6.11216187E+00	9.24436612E-03	9.61514605E-03
-4.81920858E+00	-4.22179753E+00	9.24177434E-03	9.58234772E-03
-7.15476007E+00	2.62263138E-02	9.23919197E-03	9.54967513E-03
-6.40459212E+00	4.89793854E+00	9.23661897E-03	9.51712741E-03
-2.81010411E+00	8.40470071E+00	9.23405525E-03	9.48470367E-03
2.23951876E+00	9.10475272E+00	9.23150076E-03	9.45240306E-03
6.76846714E+00	6.68281164E+00	9.22895544E-03	9.42022470E-03
9.01039817E+00	2.07485010E+00	9.22641922E-03	9.38816774E-03
8.11836214E+00	-2.91111329E+00	9.22389203E-03	9.35623134E-03
4.50293877E+00	-6.32432864E+00	9.22137382E-03	9.32441466E-03
-3.36658555E-01	-6.85624958E+00	9.21886453E-03	9.29271686E-03
-4.41926072E+00	-4.36490955E+00	9.21636408E-03	9.26113713E-03
-6.08082283E+00	7.17479478E-02	9.21387243E-03	9.22967464E-03
-4.64364305E+00	4.59384463E+00	9.21138951E-03	9.19832859E-03
-6.86586553E-01	7.31117627E+00	9.20891526E-03	9.16709817E-03
4.19139805E+00	7.06494169E+00	9.20644963E-03	9.13598260E-03
8.01781058E+00	3.89285674E+00	9.20399255E-03	9.10498108E-03
9.24168377E+00	-9.88738205E-01	9.20154397E-03	9.07409283E-03
7.35670462E+00	-5.67713306E+00	9.19910382E-03	9.04331708E-03
3.10207261E+00	-8.35028233E+00	9.19667206E-03	9.01265306E-03
-1.83845508E+00	-7.99904826E+00	9.19424863E-03	8.98210001E-03
-5.51664877E+00	-4.83004424E+00	9.19183346E-03	8.95165717E-03
-6.50410998E+00	-1.77969065E-01	9.18942651E-03	8.92132381E-03
-4.46477776E+00	4.03572690E+00	9.18702772E-03	8.89109918E-03
-2.85874504E-01	6.07847814E+00	9.18463704E-03	8.86098254E-03
4.28395929E+00	5.10354471E+00	9.18225440E-03	8.83097317E-03
7.34200263E+00	1.48797727E+00	9.17987977E-03	8.80107034E-03
7.59833702E+00	-3.32318148E+00	9.17751307E-03	8.77127335E-03
4.89339404E+00	-7.40198530E+00	9.17515427E-03	8.74158147E-03
2.58787504E-01	-9.11492337E+00	9.17280331E-03	8.71199401E-03
-4.50135554E+00	-7.77898526E+00	9.17046013E-03	8.68251028E-03
-7.53830343E+00	-3.93292162E+00	9.16812469E-03	8.65312957E-03
-7.70182162E+00	8.83986073E-01	9.16579694E-03	8.62385121E-03
-4.99942469E+00	4.75475756E+00	9.16347682E-03	8.59467451E-03
-5.88088654E-01	6.15700172E+00	9.16116428E-03	8.56559880E-03
3.69641870E+00	4.57332902E+00	9.15885928E-03	8.53662342E-03
6.08136106E+00	6.94905063E-01	9.15656176E-03	8.50774769E-03
5.57039957E+00	-3.86211766E+00	9.15427168E-03	8.47897097E-03
2.34156034E+00	-7.21116357E+00	9.15198899E-03	8.45029261E-03
-2.32899452E+00	-7.95583715E+00	9.14971364E-03	8.42171195E-03
-6.58467173E+00	-5.75008105E+00	9.14744558E-03	8.39322835E-03
-8.73741255E+00	-1.43341618E+00	9.14518477E-03	8.36484119E-03
-7.94560984E+00	3.31124785E+00	9.14293115E-03	8.33654983E-03
-4.54861725E+00	6.63745040E+00	9.14068469E-03	8.30835365E-03
7.51414076E-02	7.27770132E+00	9.13844533E-03	8.28025202E-03
4.06722445E+00	5.04975074E+00	9.13621303E-03	8.25224434E-03
5.83860694E+00	9.24058690E-01	9.13398774E-03	8.22433000E-03
4.70715761E+00	-3.37263389E+00	9.13176943E-03	8.19650838E-03
1.16725613E+00	-6.05597307E+00	9.12955804E-03	8.16877889E-03
-3.31513526E+00	-6.00239230E+00	9.12735353E-03	8.14114094E-03
-6.89717974E+00	-3.19816661E+00	9.12515585E-03	8.11359394E-03
-8.10249041E+00	1.26015379E+00	9.12296497E-03	8.08613730E-03
-6.41335408E+00	5.61181955E+00	9.12078084E-03	8.05877044E-03
-2.47447136E+00	8.14277390E+00	9.11860342E-03	8.03149280E-03
2.17168816E+00	7.87412285E+00	9.11643266E-03	8.00430378E-03
5.70904861E+00	4.95148038E+00	9.11426852E-03	7.97720284E-03
6.77875332E+00	5.80223973E-01	9.11211097E-03	7.95018941E-03
5.02224035E+00	-3.46489372E+00	9.10995995E-03	7.92326294E-03
1.21921062E+00	-5.55631352E+00	9.10781543E-03	7.89642286E-03
-3.03278897E+00	-4.86705212E+00	9.10567736E-03	7.86966863E-03
-5.96579187E+00	-1.69850701E+00	9.10354572E-03	7.84299972E-03
-6.35366635E+00	2.64730608E+00	9.10142045E-03	7.81641558E-03
-4.00242372E+00	6.39710480E+00	9.09930151E-03	7.78991567E-03
1.77271450E-01	8.02210619E+00	9.09718887E-03	7.76349946E-03
4.54207842E+00	6.85134428E+00	9.09508249E-03	7.73716643E-03
7.38026397E+00	3.33660021E+00	9.09298233E-03	7.71091606E-03
7.59952433E+00	-1.13545317E+00	9.09088835E-03	7.68474783E-03
5.16174500E+00	-4.80565151E+00	9.08880050E-03	7.65866122E-03
1.09149461E+00	-6.25096531E+00	9.08671877E-03	7.63265572E-03
-2.94255355E+00	-4.95363653E+00	9.08464309E-03	7.60673084E-03
-5.30238665E+00	-1.50292160E+00	9.08257345E-03	7.58088605E-03
-5.03876721E+00	2.64935679E+00	9.08050979E-03	7.55512087E-03
-2.26825481E+00	5.77835384E+00	9.07845209E-03	7.52943481E-03
1.88060525E+00	6.58163452E+00	9.07640031E-03	7.50382737E-03
5.72747165E+00	4.70026728E+00	9.07435440E-03	7.47829806E-03
7.71911266E+00	8.57302569E-01	9.07231434E-03	7.45284641E-03
7.05271992E+00	-3.43943854E+00	9.07028009E-03	7.42747193E-03
3.99354040E+00	-6.50787609E+00	9.06825161E-03	7.40217414E-03
-2.38706609E-01	-7.16803735E+00	9.06622887E-03	7.37695259E-03
-3.96602690E+00	-5.21207349E+00	9.06421184E-03	7.35180679E-03
-5.72895501E+00	-1.48051071E+00	9.06220047E-03	7.32673628E-03
-4.87077258E+00	2.48315817E+00	9.06019473E-03	7.30174061E-03
-1.79504842E+00	5.05778749E+00	9.05819460E-03	7.27681931E-03
2.20465909E+00	5.19653776E+00	9.05620003E-03	7.25197193E-03
5.47141471E+00	2.84331095E+00	9.05421099E-03	7.22719801E-03
6.65361662E+00	-1.05194115E+00	9.05222745E-03	7.20249713E-03
5.24606384E+00	-4.92219898E+00	9.05024938E-03	7.17786882E-03
1.78696889E+00	-7.21732327E+00	9.04827673E-03	7.15331264E-03
-2.36560319E+00	-7.02644059E+00	9.04630949E-03	7.12882817E-03
-5.58484187E+00	-4.43886354E+00	9.04434761E-03	7.10441496E-03
-6.62996792E+00	-5.00606829E-01	9.04239107E-03	7.08007259E-03
-5.14090020E+00	3.21289557E+00	9.04043983E-03	7.05580063E-03
-1.77539142E+00	5.23326521E+00	9.03849386E-03	7.03159865E-03
2.06363191E+00	4.78756377E+00	9.03655313E-03	7.00746624E-03
4.79774950E+00	2.10263968E+00	9.03461761E-03	6.98340296E-03
5.30853078E+00	-1.69452321E+00	9.03268726E-03	6.95940842E-03
3.38302927E+00	-5.03712783E+00	9.03076207E-03	6.93548220E-03
-2.08072248E-01	-6.55167811E+00	9.02884198E-03	6.91162388E-03
-4.02796471E+00	-5.60816224E+00	9.02692698E-03	6.88783307E-03
-6.55600036E+00	-2.56706829E+00	9.02501704E-03	6.86410936E-03
-6.79868718E+00	1.37335323E+00	9.02311212E-03	6.84045234E-03
-4.68383127E+00	4.66480557E+00	9.02121219E-03	6.81686163E-03
-1.08147317E+00	6.03292952E+00	9.01931723E-03	6.79333683E-03
2.55353065E+00	4.98585958E+00	9.01742721E-03	6.76987755E-03
4.77046628E+00	2.00419622E+00	9.01554209E-03	6.74648339E-03
4.70475257E+00	-1.66105628E+00	9.01366185E-03	6.72315398E-03
2.41935574E+00	-4.49795028E+00	9.01178646E-03	6.69988893E-03
-1.12927265E+00	-5.34311521E+00	9.00991589E-03	6.67668786E-03
-4.48360880E+00	-3.84569562E+00	9.00805011E-03	6.65355039E-03
-6.27493880E+00	-6.00801891E-01	9.00618910E-03	6.63047615E-03
-5.77204597E+00	3.09798241E+00	9.00433282E-03	6.60746477E-03
-3.16885634E+00	5.78406530E+00	9.00248125E-03	6.58451588E-03
5.01896771E-01	6.40771840E+00	9.00063437E-03	6.56162910E-03
3.79072668E+00	4.75300942E+00	8.99879213E-03	6.53880408E-03
5.41653524E+00	1.51616254E+00	8.99695452E-03	6.51604046E-03
4.77843635E+00	-1.98279045E+00	8.99512152E-03	6.49333788E-03
2.18958613E+00	-4.33574527E+00	8.99329308E-03	6.47069597E-03
-1.25806078E+00	-4.61219045E+00	8.99146919E-03	6.44811439E-03
-4.14008742E+00	-2.72748339E+00	8.98964982E-03	6.42559279E-03
-5.27475127E+00	5.32058026E-01	8.98783494E-03	6.40313081E-03
-4.19478173E+00	3.83378253E+00	8.98602453E-03	6.38072810E-03
-1.32758983E+00	5.83913297E+00	8.98421856E-03	6.35838434E-03
2.18534031E+00	5.74075204E+00	8.98241701E-03	6.33609917E-03
4.95357322E+00	3.58081586E+00	8.98061985E-03	6.31387225E-03
5.89771643E+00	2.25242842E-01	8.97882705E-03	6.29170325E-03
4.67863505E+00	-2.99215970E+00	8.97703859E-03	6.26959184E-03
1.82514457E+00	-4.80929017E+00	8.97525445E-03	6.24753767E-03
-1.48774260E+00	-4.54064329E+00	8.97347460E-03	6.22554042E-03
-3.91721909E+00	-2.34535518E+00	8.97169901E-03	6.20359977E-03
-4.49297507E+00	8.46487692E-01	8.96992766E-03	6.18171539E-03
-3.00194855E+00	3.71587279E+00	8.96816053E-03	6.15988695E-03
-6.49649395E-02	5.08846168E+00	8.96639759E-03	6.13811413E-03
3.12192135E+00	4.40397926E+00	8.96463882E-03	6.11639662E-03
5.27372349E+00	1.93387735E+00	8.96288419E-03	6.09473410E-03
5.53274636E+00	-1.33704681E+00	8.96113368E-03	6.07312625E-03
3.80738141E+00	-4.11360491E+00	8.95938727E-03	6.05157276E-03
7.99761230E-01	-5.31276714E+00	8.95764494E-03	6.03007332E-03
-2.28505865E+00	-4.49486190E+00	8.95590665E-03	6.00862763E-03
-4.22793220E+00	-2.03166137E+00	8.95417239E-03	5.98723537E-03
-4.28406837E+00	1.05282000E+00	8.95244214E-03	5.96589625E-03
-2.47526187E+00	3.50095215E+00	8.95071586E-03	5.94460995E-03
4.28815589E-01	4.32846632E+00	8.94899355E-03	5.92337619E-03
3.22884516E+00	3.21539863E+00	8.94727517E-03	5.90219466E-03
4.78220044E+00	6.25738592E-01	8.94556071E-03	5.88106507E-03
4.46024807E+00	-2.38867883E+00	8.94385014E-03	5.85998712E-03
2.39367447E+00	-4.61729576E+00	8.94214344E-03	5.83896052E-03
-5.89690312E-01	-5.17789204E+00	8.94044058E-03	5.81798499E-03
-3.30553613E+00	-3.86561556E+00	8.93874155E-03	5.79706023E-03
-4.69197368E+00	-1.22596887E+00	8.93704633E-03	5.77618595E-03
-4.23290859E+00	1.67376625E+00	8.93535489E-03	5.75536188E-03
-2.15699802E+00	3.67897775E+00	8.93366721E-03	5.73458773E-03
6.64459860E-01	4.01114036E+00	8.93198327E-03	5.71386321E-03
3.07562523E+00	2.57410085E+00	8.93030305E-03	5.69318806E-03
4.10312771E+00	-1.73098148E-02	8.92862653E-03	5.67256199E-03
3.34330634E+00	-2.69387504E+00	8.92695369E-03	5.65198473E-03
1.11565279E+00	-4.36689514E+00	8.92528450E-03	5.63145601E-03
-1.67562940E+00	-4.36455509E+00	8.92361895E-03	5.61097555E-03
-3.91220311E+00	-2.69491872E+00	8.92195702E-03	5.59054308E-03
-4.71243064E+00	-3.27728389E-02	8.92029868E-03	5.57015833E-03
-3.78069446E+00	2.56028102E+00	8.91864392E-03	5.54982105E-03
-1.51683670E+00	4.06637191E+00	8.91699271E-03	5.52953096E-03
1.15447277E+00	3.91783895E+00	8.91534504E-03	5.50928780E-03
3.16183049E+00	2.21723216E+00	8.91370089E-03	5.48909132E-03
3.71804431E+00	-3.14397787E-01	8.91206023E-03	5.46894124E-03
2.63052032E+00	-2.63598442E+00	8.91042304E-03	5.44883732E-03
3.68683559E-01	-3.80828122E+00	8.90878932E-03	5.42877929E-03
-2.13469434E+00	-3.36814630E+00	8.90715903E-03	5.40876690E-03
-3.86440445E+00	-1.50616244E+00	8.90553216E-03	5.38879991E-03
-4.13044822E+00	1.02031094E+00	8.90390869E-03	5.36887805E-03
-2.83877886E+00	3.19946689E+00	8.90228860E-03	5.34900107E-03
-5.19046994E-01	4.17397148E+00	8.90067187E-03	5.32916874E-03
1.89765973E+00	3.58117714E+00	8.89905849E-03	5.30938079E-03
3.45788488E+00	1.68963586E+00	8.89744843E-03	5.28963700E-03
3.56729114E+00	-7.19235528E-01	8.89584167E-03	5.26993711E-03
2.22185263E+00	-2.67258281E+00	8.89423821E-03	5.25028087E-03
-1.15672486E-03	-3.39845690E+00	8.89263801E-03	5.23066806E-03
-2.18454096E+00	-2.63079848E+00	8.89104107E-03	5.21109843E-03
-3.44417753E+00	-7.06562064E-01	8.88944735E-03	5.19157175E-03
-3.28197871E+00	1.58013222E+00	8.88785685E-03	5.17208777E-03
-1.77794375E+00	3.30400539E+00	8.88626955E-03	5.15264626E-03
4.52555389E-01	3.78100328E+00	8.88468543E-03	5.13324699E-03
2.51476086E+00	2.83721325E+00	8.88310447E-03	5.11388973E-03
3.59735077E+00	8.68709294E-01	8.88152666E-03	5.09457424E-03
3.29494026E+00	-1.32760996E+00	8.87995197E-03	5.07530031E-03
1.76206346E+00	-2.88011975E+00	8.87838039E-03	5.05606769E-03
-3.59663698E-01	-3.19203822E+00	8.87681191E-03	5.03687617E-03
-2.20761428E+00	-2.17420623E+00	8.87524650E-03	5.01772552E-03
-3.04720830E+00	-2.70303390E-01	8.87368415E-03	4.99861551E-03
-2.56269118E+00	1.73141053E+00	8.87212484E-03	4.97954592E-03
-9.74533227E-01	3.02018993E+00	8.87056855E-03	4.96051654E-03
1.05991317E+00	3.08716547E+00	8.86901528E-03	4.94152714E-03
2.71823492E+00	1.92223204E+00	8.86746499E-03	4.92257751E-03
3.34492550E+00	7.45659465E-03	8.86591768E-03	4.90366742E-03
2.70951074E+00	-1.88598671E+00	8.86437333E-03	4.88479666E-03
1.08927265E+00	-3.01192786E+00	8.86283191E-03	4.86596503E-03
-8.52638784E-01	-2.94639601E+00	8.86129343E-03	4.84717230E-03
-2.34046687E+00	-1.74951394E+00	8.85975785E-03	4.82841826E-03
-2.79790212E+00	6.95722769E-02	8.85822517E-03	4.80970270E-03
-2.07335587E+00	1.76625796E+00	8.85669537E-03	4.79102542E-03
-4.90422082E-01	2.66310938E+00	8.85516843E-03	4.77238620E-03
1.29257761E+00	2.41855986E+00	8.85364433E-03	4.75378484E-03
2.55334368E+00	1.15510661E+00	8.85212306E-03	4.73522114E-03
2.79535096E+00	-6.00851113E-01	8.85060461E-03	4.71669488E-03
1.94038960E+00	-2.13892634E+00	8.84908896E-03	4.69820587E-03
3.49382050E-01	-2.85264042E+00	8.84757609E-03	4.67975390E-03
-1.33255580E+00	-2.47863219E+00	8.84606599E-03	4.66133877E-03
-2.44050755E+00	-1.19289207E+00	8.84455865E-03	4.64296029E-03
-2.55524814E+00	4.70753076E-01	8.84305404E-03	4.62461825E-03
-1.66381075E+00	1.84277268E+00	8.84155215E-03	4.60631246E-03
-1.53765062E-01	2.38832647E+00	8.84005298E-03	4.58804272E-03
1.35210911E+00	1.91669047E+00	8.83855649E-03	4.56980884E-03
2.25046376E+00	6.47739103E-01	8.83706269E-03	4.55161061E-03
2.19724378E+00	-8.87162758E-01	8.83557154E-03	4.53344786E-03
1.23742193E+00	-2.06570653E+00	8.83408305E-03	4.51532039E-03
-2.24077429E-01	-2.42517218E+00	8.83259719E-03	4.49722800E-03
-1.59411786E+00	-1.84210034E+00	8.83111395E-03	4.47917050E-03
-2.33308004E+00	-5.71467475E-01	8.82963332E-03	4.46114772E-03
-2.16807593E+00	8.66125016E-01	8.82815527E-03	4.44315946E-03
-1.19344591E+00	1.89970547E+00	8.82667980E-03	4.42520553E-03
1.78134760E-01	2.13666799E+00	8.82520690E-03	4.40728575E-03
1.38985306E+00	1.51334122E+00	8.82373654E-03	4.38939994E-03
1.96687644E+00	3.09766817E-01	8.82226872E-03	4.37154791E-03
1.70255767E+00	-9.72913592E-01	8.82080342E-03	4.35372948E-03
7.31736766E-01	-1.81913826E+00	8.81934063E-03	4.33594447E-03
-5.34403062E-01	-1.90448327E+00	8.81788032E-03	4.31819269E-03
-1.58132938E+00	-1.21815219E+00	8.81642250E-03	4.30047398E-03
-1.99935544E+00	-5.63702398E-02	8.81496714E-03	4.28278814E-03
-1.64280714E+00	1.10622036E+00	8.81351423E-03	4.26513501E-03
-6.78433976E-01	1.81160326E+00	8.81206376E-03	4.24751441E-03
4.92270096E-01	1.79974878E+00	8.81061572E-03	4.22992616E-03
1.40129109E+00	1.10450837E+00	8.80917009E-03	4.21237009E-03
1.70247450E+00	2.89848981E-02	8.80772685E-03	4.19484602E-03
1.30422626E+00	-9.85274547E-01	8.80628600E-03	4.17735379E-03
3.95777386E-01	-1.53906667E+00	8.80484752E-03	4.15989321E-03
-6.39305760E-01	-1.43229432E+00	8.80341140E-03	4.14246413E-03
-1.38340569E+00	-7.35174681E-01	8.80197763E-03	4.12506637E-03
-1.55204620E+00	2.51013934E-01	8.80054618E-03	4.10769975E-03
-1.10106735E+00	1.12341569E+00	8.79911706E-03	4.09036413E-03
-2.33615692E-01	1.54187882E+00	8.79769024E-03	4.07305932E-03
6.91493163E-01	1.36106132E+00	8.79626572E-03	4.05578516E-03
1.30915999E+00	6.79147080E-01	8.79484348E-03	4.03854149E-03
1.39300607E+00	-2.12468120E-01	8.79342351E-03	4.02132814E-03
9.38424767E-01	-9.53905085E-01	8.79200579E-03	4.00414495E-03
1.53507396E-01	-1.26273938E+00	8.79059032E-03	3.98699176E-03
-6.34104881E-01	-1.04197011E+00	8.78917707E-03	3.96986840E-03
-1.11317456E+00	-4.08854467E-01	8.78776605E-03	3.95277472E-03
-1.11126608E+00	3.62895762E-01	8.78635723E-03	3.93571055E-03
-6.55482386E-01	9.60023853E-01	8.78495061E-03	3.91867573E-03
4.94098093E-02	1.15597751E+00	8.78354617E-03	3.90167011E-03
7.12234210E-01	8.95627130E-01	8.78214389E-03	3.88469354E-03
1.07574298E+00	3.06981126E-01	8.78074378E-03	3.86774584E-03
1.01634529E+00	-3.60572003E-01	8.77934581E-03	3.85082688E-03
5.84642560E-01	-8.42498233E-01	8.77794997E-03	3.83393648E-03
-2.58132227E-02	-9.64710955E-01	8.77655626E-03	3.81707450E-03
-5.64572618E-01	-7.06386345E-01	8.77516466E-03	3.80024079E-03
-8.27236813E-01	-1.97647176E-01	8.77377515E-03	3.78343520E-03
-7.33007086E-01	3.42645896E-01	8.77238773E-03	3.76665756E-03
-3.47525630E-01	7.00003585E-01	8.77100238E-03	3.74990773E-03
1.54288232E-01	7.48828713E-01	8.76961910E-03	3.73318556E-03
5.66123325E-01	4.95067321E-01	8.76823787E-03	3.71649091E-03
7.34526224E-01	6.30184831E-02	8.76685868E-03	3.69982361E-03
6.15130662E-01	-3.64024580E-01	8.76548152E-03	3.68318353E-03
2.80487443E-01	-6.21645196E-01	8.76410638E-03	3.66657051E-03
-1.19592505E-01	-6.27701040E-01	8.76273324E-03	3.64998442E-03
-4.24994798E-01	-4.06871398E-01	8.76136209E-03	3.63342510E-03
-5.29929101E-01	-6.99232856E-02	8.75999293E-03	3.61689241E-03
-4.19154532E-01	2.39600172E-01	8.75862574E-03	3.60038621E-03
-1.63792137E-01	4.06301405E-01	8.75726052E-03	3.58390634E-03
1.17432070E-01	3.85683528E-01	8.75589724E-03	3.56745268E-03
3.11840991E-01	2.13026745E-01	8.75453590E-03	3.55102507E-03
3.57410481E-01	-2.15425737E-02	8.75317649E-03	3.53462338E-03
2.60687163E-01	-2.17431436E-01	8.75181899E-03	3.51824747E-03
8.36652546E-02	-3.06286339E-01	8.75046341E-03	3.50189719E-03
-9.08533369E-02	-2.74959252E-01	8.74910972E-03	3.48557240E-03
-1.97563938E-01	-1.61346261E-01	8.74775791E-03	3.46927298E-03
-2.13215811E-01	-2.86065904E-02	8.74640797E-03	3.45299877E-03
-1.58253965E-01	6.76084963E-02	8.74505990E-03	3.43674965E-03
-7.80135210E-02	1.02771442E-01	8.74371369E-03	3.42052547E-03
-1.53035081E-02	8.79592043E-02	8.74236931E-03	3.40432610E-03
1.08987280E-02	5.55812444E-02	8.74102677E-03	3.38815140E-03
1.04407347E-02	3.60564946E-02	8.73968605E-03	3.37200125E-03
9.74716975E-03	3.89609882E-02	8.73834713E-03	3.35587550E-03
3.06095382E-02	4.88821563E-02	8.73701002E-03	3.33977403E-03
7.28151415E-02	3.77453651E-02	8.73567470E-03	3.32369669E-03
1.11065683E-01	-1.38388551E-02	8.73434116E-03	3.30764337E-03
1.08682676E-01	-9.88660366E-02	8.73300939E-03	3.29161392E-03
4.11361298E-02	-1.80991301E-01	8.73167937E-03	3.27560822E-03
-8.36306088E-02	-2.09842352E-01	8.73035111E-03	3.25962613E-03
-2.20482396E-01	-1.48129678E-01	8.72902458E-03	3.24366753E-03
-3.03061683E-01	3.13326080E-03	8.72769979E-03	3.22773229E-03
-2.74885459E-01	1.95573623E-01	8.72637671E-03	3.21182028E-03
-1.21267812E-01	3.48018013E-01	8.72505534E-03	3.19593136E-03
1.14490842E-01	3.80767884E-01	8.72373568E-03	3.18006543E-03
3.41300765E-01	2.55129389E-01	8.72241770E-03	3.16422234E-03
4.55659166E-01	-7.31757198E-04	8.72110140E-03	3.14840197E-03
3.88460335E-01	-2.94165886E-01	8.71978677E-03	3.13260420E-03
1.42295575E-01	-5.01292101E-01	8.71847380E-03	3.11682891E-03
-1.99612974E-01	-5.19348260E-01	8.71716248E-03	3.10107596E-03
-5.00465367E-01	-3.16033419E-01	8.71585280E-03	3.08534523E-03
-6.24617534E-01	4.72609728E-02	8.71454475E-03	3.06963661E-03
-4.98071977E-01	4.31816246E-01	8.71323832E-03	3.05394996E-03
-1.47978453E-01	6.74317398E-01	8.71193350E-03	3.03828518E-03
2.98681893E-01	6.55957022E-01	8.71063029E-03	3.02264212E-03
6.60567965E-01	3.58719410E-01	8.70932867E-03	3.00702068E-03
7.75557456E-01	-1.17232476E-01	8.70802863E-03	2.99142074E-03
5.72556111E-01	-5.86147326E-01	8.70673017E-03	2.97584217E-03
1.09972324E-01	-8.49230355E-01	8.70543327E-03	2.96028486E-03
-4.38609921E-01	-7.78808151E-01	8.70413792E-03	2.94474868E-03
-8.49483212E-01	-3.78532261E-01	8.70284413E-03	2.92923353E-03
-9.40323463E-01	2.08186140E-01	8.70155187E-03	2.91373927E-03
-6.50693410E-01	7.48901855E-01	8.70026113E-03	2.89826580E-03
-7.62398325E-02	1.01440936E+00	8.69897192E-03	2.88281300E-03
5.61174242E-01	8.75914621E-01	8.69768421E-03	2.86738074E-03
9.98855256E-01	3.65983599E-01	8.69639801E-03	2.85196893E-03
1.04137427E+00	-3.24952122E-01	8.69511330E-03	2.83657743E-03
6.46888995E-01	-9.18999790E-01	8.69383006E-03	2.82120614E-03
-4.61553229E-02	-1.16228112E+00	8.69254831E-03	2.80585494E-03
-7.66665609E-01	-9.32735196E-01	8.69126801E-03	2.79052372E-03
-1.21694401E+00	-2.98570513E-01	8.68998917E-03	2.77521237E-03
-1.19565473E+00	4.99926630E-01	8.68871178E-03	2.75992077E-03
-6.86915670E-01	1.14162541E+00	8.68743583E-03	2.74464882E-03
1.23617870E-01	1.35428094E+00	8.68616130E-03	2.72939639E-03
9.16063886E-01	1.03031200E+00	8.68488820E-03	2.71416338E-03
1.36290060E+00	2.79489106E-01	8.68361651E-03	2.69894968E-03
1.26472217E+00	-6.06479851E-01	8.68234622E-03	2.68375517E-03
6.38906338E-01	-1.26674858E+00	8.68107732E-03	2.66857975E-03
-2.77905259E-01	-1.41795874E+00	8.67980981E-03	2.65342332E-03
-1.11833512E+00	-9.75094866E-01	8.67854367E-03	2.63828575E-03
-1.53086594E+00	-9.51644075E-02	8.67727891E-03	2.62316694E-03
-1.32598441E+00	8.77691061E-01	8.67601550E-03	2.60806679E-03
-5.61145771E-01	1.54688474E+00	8.67475345E-03	2.59298518E-03
4.73149014E-01	1.62516278E+00	8.67349274E-03	2.57792202E-03
1.36425372E+00	1.05744387E+00	8.67223336E-03	2.56287718E-03
1.74300907E+00	5.23339693E-02	8.67097531E-03	2.54785058E-03
1.43757642E+00	-9.94146382E-01	8.66971858E-03	2.53284209E-03
5.51394338E-01	-1.65501143E+00	8.66846316E-03	2.51785162E-03
-5.69694151E-01	-1.64712586E+00	8.66720903E-03	2.50287906E-03
-1.47145473E+00	-9.52798505E-01	8.66595620E-03	2.48792430E-03
-1.77455667E+00	1.63890606E-01	8.66470466E-03	2.47298725E-03
-1.33316413E+00	1.25632035E+00	8.66345439E-03	2.45806780E-03
-3.02590906E-01	1.87300705E+00	8.66220539E-03	2.44316585E-03
9.14820186E-01	1.74302599E+00	8.66095765E-03	2.42828128E-03
1.82716416E+00	8.93023076E-01	8.65971116E-03	2.41341401E-03
2.05216160E+00	-3.54501359E-01	8.65846592E-03	2.39856393E-03
1.47735880E+00	-1.50456027E+00	8.65722191E-03	2.38373093E-03
3.14265598E-01	-2.08759782E+00	8.65597913E-03	2.36891493E-03
-9.78956290E-01	-1.85277144E+00	8.65473757E-03	2.35411580E-03
-1.87828480E+00	-8.77020698E-01	8.65349722E-03	2.33933346E-03
-2.00677451E+00	4.57285848E-01	8.65225807E-03	2.32456781E-03
-1.29308408E+00	1.61062246E+00	8.65102012E-03	2.30981875E-03
-9.01302122E-03	2.10308504E+00	8.64978336E-03	2.29508617E-03
1.33262789E+00	1.71255907E+00	8.64854778E-03	2.28036998E-03
2.18162043E+00	5.72480181E-01	8.64731337E-03	2.26567007E-03
2.17456207E+00	-8.73525769E-01	8.64608013E-03	2.25098636E-03
1.28831254E+00	-2.04519558E+00	8.64484804E-03	2.23631875E-03
-1.42004733E-01	-2.45947954E+00	8.64361710E-03	2.22166713E-03
-1.55117700E+00	-1.93038238E+00	8.64238731E-03	2.20703141E-03
-2.36932521E+00	-6.52123720E-01	8.64115864E-03	2.19241150E-03
-2.25462066E+00	8.71229618E-01	8.63993110E-03	2.17780729E-03
-1.23821879E+00	2.02448915E+00	8.63870469E-03	2.16321869E-03
2.79940558E-01	2.33010186E+00	8.63747938E-03	2.14864561E-03
1.68617039E+00	1.64632193E+00	8.63625517E-03	2.13408795E-03
2.39890956E+00	2.32601439E-01	8.63503206E-03	2.11954562E-03
2.10691291E+00	-1.34749209E+00	8.63381004E-03	2.10501851E-03
9.02217164E-01	-2.44969963E+00	8.63258909E-03	2.09050655E-03
-7.48726054E-01	-2.61024409E+00	8.63136923E-03	2.07600963E-03
-2.18738509E+00	-1.73884198E+00	8.63015042E-03	2.06152766E-03
-2.82767418E+00	-1.63291546E-01	8.62893267E-03	2.04706055E-03
-2.39633749E+00	1.49562117E+00	8.62771598E-03	2.03260820E-03
-1.05056265E+00	2.57126539E+00	8.62650033E-03	2.01817053E-03
6.77636730E-01	2.62191988E+00	8.62528571E-03	2.00374744E-03
2.09098854E+00	1.61511021E+00	8.62407212E-03	1.98933883E-03
2.60796540E+00	-5.13679281E-02	8.62285955E-03	1.97494463E-03
2.00195418E+00	-1.70345078E+00	8.62164800E-03	1.96056473E-03
5.00241687E-01	-2.66032713E+00	8.62043745E-03	1.94619904E-03
-1.30016722E+00	-2.51171038E+00	8.61922790E-03	1.93184749E-03
-2.66893562E+00	-1.28994338E+00	8.61801935E-03	1.91750996E-03
-3.03736745E+00	5.35128403E-01	8.61681178E-03	1.90318639E-03
-2.23278401E+00	2.23958198E+00	8.61560518E-03	1.88887666E-03
-5.55732722E-01	3.13552518E+00	8.61439956E-03	1.87458071E-03
1.33414846E+00	2.85154223E+00	8.61319490E-03	1.86029843E-03
2.68039067E+00	1.48907628E+00	8.61199119E-03	1.84602975E-03
2.93576778E+00	-4.11036019E-01	8.61078844E-03	1.83177456E-03
1.98827544E+00	-2.08141711E+00	8.60958662E-03	1.81753279E-03
2.13682540E-01	-2.83667512E+00	8.60838574E-03	1.80330435E-03
-1.66956143E+00	-2.35354816E+00	8.60718579E-03	1.78908914E-03
-2.88716759E+00	-8.08166501E-01	8.60598676E-03	1.77488708E-03
