jMRUI Data Textfile

Filename: /Users/kayigwe/Desktop/TE26_BASISSET/converter/sample_basis_sets/JMRUI/mI.txt

PointsInDataset: 2048
DatasetsInFile: 1
SamplingInterval: 2.500000E-01
ZeroOrderPhase: 0.000000E+00
BeginTime: 0.000000E+00
TransmitterFrequency: 1.232618E+08
MagneticField: 2.895033E+00
TypeOfNucleus: 0.000000E+00
NameOfPatient: mI
DateOfExperiment: 20260523
Spectrometer: Unknown
AdditionalInfo: Converted by basis_set_converter


Signal and FFT
sig(real)	sig(imag)	fft(real)	fft(imag)
Signal 1 out of 1 in file
5.35898010E+01	-5.41096859E+00	1.36686004E-02	-4.34530360E-04
5.14351739E+01	-1.62444411E+01	1.36657710E-02	-4.55453007E-04
4.70156509E+01	-2.63804933E+01	1.36629425E-02	-4.76369123E-04
4.05387430E+01	-3.53363216E+01	1.36601149E-02	-4.97278811E-04
3.23158627E+01	-4.26882279E+01	1.36572880E-02	-5.18182171E-04
2.27459089E+01	-4.80940204E+01	1.36544619E-02	-5.39079307E-04
1.22940498E+01	-5.13109253E+01	1.36516365E-02	-5.59970318E-04
1.46691777E+00	-5.22079968E+01	1.36488120E-02	-5.80855306E-04
-9.21435988E+00	-5.07723357E+01	1.36459882E-02	-6.01734371E-04
-1.92417518E+01	-4.71087954E+01	1.36431651E-02	-6.22607615E-04
-2.81469616E+01	-4.14332391E+01	1.36403427E-02	-6.43475139E-04
-3.55256132E+01	-3.40597876E+01	1.36375211E-02	-6.64337042E-04
-4.10576370E+01	-2.53828485E+01	1.36347001E-02	-6.85193427E-04
-4.45227510E+01	-1.58550121E+01	1.36318798E-02	-7.06044392E-04
-4.58102326E+01	-5.96212690E+00	1.36290602E-02	-7.26890039E-04
-4.49225242E+01	3.80298631E+00	1.36262413E-02	-7.47730467E-04
-4.19725839E+01	1.29666703E+01	1.36234229E-02	-7.68565777E-04
-3.71752596E+01	2.10989417E+01	1.36206052E-02	-7.89396069E-04
-3.08333103E+01	2.78350274E+01	1.36177882E-02	-8.10221443E-04
-2.33189942E+01	3.28927852E+01	1.36149717E-02	-8.31041999E-04
-1.50523824E+01	3.60851316E+01	1.36121558E-02	-8.51857836E-04
-6.47771255E+00	3.73269215E+01	1.36093405E-02	-8.72669054E-04
1.96082138E+00	3.66360585E+01	1.36065257E-02	-8.93475753E-04
9.84246308E+00	3.41289624E+01	1.36037115E-02	-9.14278032E-04
1.67911807E+01	3.00108440E+01	1.36008978E-02	-9.35075991E-04
2.24937267E+01	2.45615265E+01	1.35980846E-02	-9.55869729E-04
2.67135805E+01	1.81177823E+01	1.35952719E-02	-9.76659345E-04
2.93001592E+01	1.10533211E+01	1.35924598E-02	-9.97444938E-04
3.01929846E+01	3.75765609E+00	1.35896481E-02	-1.01822661E-03
2.94208031E+01	-3.38491847E+00	1.35868368E-02	-1.03900445E-03
2.70959487E+01	-1.00150634E+01	1.35840261E-02	-1.05977857E-03
2.34045059E+01	-1.58158069E+01	1.35812157E-02	-1.08054907E-03
1.85930432E+01	-2.05267830E+01	1.35784058E-02	-1.10131603E-03
1.29528479E+01	-2.39546784E+01	1.35755963E-02	-1.12207957E-03
6.80268689E+00	-2.59795274E+01	1.35727872E-02	-1.14283978E-03
4.71139209E-01	-2.65567597E+01	1.35699785E-02	-1.16359675E-03
-5.72048988E+00	-2.57151598E+01	1.35671701E-02	-1.18435059E-03
-1.14737697E+01	-2.35511277E+01	1.35643621E-02	-1.20510140E-03
-1.65265030E+01	-2.02198180E+01	1.35615545E-02	-1.22584927E-03
-2.06632765E+01	-1.59238789E+01	1.35587472E-02	-1.24659430E-03
-2.37228420E+01	-1.09005938E+01	1.35559402E-02	-1.26733659E-03
-2.56021889E+01	-5.40826150E+00	1.35531335E-02	-1.28807625E-03
-2.62573703E+01	2.87379215E-01	1.35503271E-02	-1.30881335E-03
-2.57013373E+01	5.92594974E+00	1.35475210E-02	-1.32954802E-03
-2.39991846E+01	1.12638408E+01	1.35447151E-02	-1.35028034E-03
-2.12613282E+01	1.60837621E+01	1.35419095E-02	-1.37101040E-03
-1.76352017E+01	2.02021245E+01	1.35391042E-02	-1.39173832E-03
-1.32960788E+01	2.34741144E+01	1.35362990E-02	-1.41246419E-03
-8.43761173E+00	2.57964754E+01	1.35334941E-02	-1.43318810E-03
-3.26261250E+00	2.71081531E+01	1.35306894E-02	-1.45391016E-03
2.02548352E+00	2.73890674E+01	1.35278848E-02	-1.47463045E-03
7.23014214E+00	2.66573558E+01	1.35250805E-02	-1.49534909E-03
1.21680319E+01	2.49654724E+01	1.35222762E-02	-1.51606616E-03
1.66740101E+01	2.23955330E+01	1.35194722E-02	-1.53678177E-03
2.06048069E+01	1.90542721E+01	1.35166683E-02	-1.55749601E-03
2.38415109E+01	1.50679231E+01	1.35138644E-02	-1.57820898E-03
2.62910236E+01	1.05772657E+01	1.35110607E-02	-1.59892077E-03
2.78866854E+01	5.73299782E+00	1.35082571E-02	-1.61963150E-03
2.85882867E+01	6.91513881E-01	1.35054536E-02	-1.64034125E-03
2.83816573E+01	-4.38891054E+00	1.35026501E-02	-1.66105011E-03
2.72779904E+01	-9.35158334E+00	1.34998467E-02	-1.68175820E-03
2.53130025E+01	-1.40446085E+01	1.34970434E-02	-1.70246560E-03
2.25459654E+01	-1.83239624E+01	1.34942400E-02	-1.72317242E-03
1.90585896E+01	-2.20565422E+01	1.34914367E-02	-1.74387875E-03
1.49536779E+01	-2.51232677E+01	1.34886334E-02	-1.76458469E-03
1.03534318E+01	-2.74222694E+01	1.34858300E-02	-1.78529034E-03
5.39727201E+00	-2.88721360E+01	1.34830267E-02	-1.80599579E-03
2.39034973E-01	-2.94151312E+01	1.34802233E-02	-1.82670114E-03
-4.95656310E+00	-2.90202240E+01	1.34774198E-02	-1.84740649E-03
-1.00182586E+01	-2.76857252E+01	1.34746163E-02	-1.86811194E-03
-1.47733640E+01	-2.54412864E+01	1.34718127E-02	-1.88881758E-03
-1.90535987E+01	-2.23490013E+01	1.34690090E-02	-1.90952352E-03
-2.27014594E+01	-1.85033627E+01	1.34662052E-02	-1.93022985E-03
-2.55768781E+01	-1.40298638E+01	1.34634013E-02	-1.95093666E-03
-2.75638472E+01	-9.08209869E+00	1.34605973E-02	-1.97164406E-03
-2.85766345E+01	-3.83730045E+00	1.34577931E-02	-1.99235214E-03
-2.85651858E+01	1.50964178E+00	1.34549888E-02	-2.01306101E-03
-2.75193120E+01	6.75353339E+00	1.34521842E-02	-2.03377075E-03
-2.54712895E+01	1.16873288E+01	1.34493795E-02	-2.05448146E-03
-2.24965686E+01	1.61113222E+01	1.34465746E-02	-2.07519325E-03
-1.87123763E+01	1.98426205E+01	1.34437695E-02	-2.09590621E-03
-1.42741152E+01	2.27243869E+01	1.34409642E-02	-2.11662044E-03
-9.36959494E+00	2.46343099E+01	1.34381586E-02	-2.13733604E-03
-4.21127040E+00	2.54917645E+01	1.34353528E-02	-2.15805310E-03
9.73199541E-01	2.52631716E+01	1.34325467E-02	-2.17877173E-03
5.95163601E+00	2.39651466E+01	1.34297404E-02	-2.19949201E-03
1.04987251E+01	2.16651351E+01	1.34269337E-02	-2.22021405E-03
1.44074903E+01	1.84793768E+01	1.34241268E-02	-2.24093795E-03
1.75002023E+01	1.45681911E+01	1.34213195E-02	-2.26166380E-03
1.96380809E+01	1.01287420E+01	1.34185119E-02	-2.28239170E-03
2.07291888E+01	5.38560060E+00	1.34157040E-02	-2.30312176E-03
2.07340060E+01	5.79566354E-01	1.34128957E-02	-2.32385406E-03
1.96682919E+01	-4.04466704E+00	1.34100870E-02	-2.34458871E-03
1.76029977E+01	-8.25133061E+00	1.34072780E-02	-2.36532580E-03
1.46611569E+01	-1.18261632E+01	1.34044685E-02	-2.38606543E-03
1.10118654E+01	-1.45880346E+01	1.34016587E-02	-2.40680770E-03
6.86163466E+00	-1.63989251E+01	1.33988484E-02	-2.42755272E-03
2.44356735E+00	-1.71716624E+01	1.33960377E-02	-2.44830057E-03
-1.99506063E+00	-1.68749391E+01	1.33932265E-02	-2.46905135E-03
-6.20612292E+00	-1.55352890E+01	1.33904149E-02	-2.48980517E-03
-9.95411970E+00	-1.32358746E+01	1.33876028E-02	-2.51056212E-03
-1.30290410E+01	-1.01121275E+01	1.33847902E-02	-2.53132230E-03
-1.52578784E+01	-6.34446714E+00	1.33819771E-02	-2.55208582E-03
-1.65141219E+01	-2.14849831E+00	1.33791635E-02	-2.57285276E-03
-1.67246938E+01	2.23676387E+00	1.33763493E-02	-2.59362323E-03
-1.58739219E+01	6.56197391E+00	1.33735347E-02	-2.61439732E-03
-1.40043259E+01	1.05810980E+01	1.33707194E-02	-2.63517514E-03
-1.12141767E+01	1.40648430E+01	1.33679036E-02	-2.65595678E-03
-7.65198070E+00	1.68131122E+01	1.33650872E-02	-2.67674234E-03
-3.50821329E+00	1.86657872E+01	1.33622702E-02	-2.69753193E-03
9.95211035E-01	1.95112398E+01	1.33594526E-02	-2.71832564E-03
5.61712135E+00	1.92921110E+01	1.33566344E-02	-2.73912357E-03
1.01102237E+01	1.80080587E+01	1.33538155E-02	-2.75992582E-03
1.42344376E+01	1.57153557E+01	1.33509960E-02	-2.78073248E-03
1.77696860E+01	1.25233994E+01	1.33481758E-02	-2.80154367E-03
2.05274323E+01	8.58837292E+00	1.33453550E-02	-2.82235947E-03
2.23603416E+01	4.10445758E+00	1.33425334E-02	-2.84317999E-03
2.31695624E+01	-7.06873903E-01	1.33397111E-02	-2.86400533E-03
2.29092703E+01	-5.60885179E+00	1.33368882E-02	-2.88483559E-03
2.15882805E+01	-1.03620030E+01	1.33340645E-02	-2.90567087E-03
1.92687042E+01	-1.47366365E+01	1.33312400E-02	-2.92651126E-03
1.60617956E+01	-1.85245382E+01	1.33284148E-02	-2.94735687E-03
1.21212864E+01	-2.15492544E+01	1.33255888E-02	-2.96820779E-03
7.63464178E+00	-2.36744428E+01	1.33227620E-02	-2.98906414E-03
2.81277264E+00	-2.48098918E+01	1.33199345E-02	-3.00992600E-03
-2.12119190E+00	-2.49149547E+01	1.33171061E-02	-3.03079349E-03
-6.94343450E+00	-2.39992966E+01	1.33142769E-02	-3.05166669E-03
-1.14406524E+01	-2.21210046E+01	1.33114468E-02	-3.07254572E-03
-1.54203447E+01	-1.93822591E+01	1.33086159E-02	-3.09343066E-03
-1.87196694E+01	-1.59228874E+01	1.33057841E-02	-3.11432163E-03
-2.12124568E+01	-1.19122258E+01	1.33029514E-02	-3.13521872E-03
-2.28140830E+01	-7.53979094E+00	1.33001179E-02	-3.15612204E-03
-2.34840398E+01	-3.00530308E+00	1.32972834E-02	-3.17703168E-03
-2.32261700E+01	1.49138682E+00	1.32944480E-02	-3.19794775E-03
-2.20866628E+01	5.75993531E+00	1.32916117E-02	-3.21887035E-03
-2.01500253E+01	9.62823076E+00	1.32887744E-02	-3.23979958E-03
-1.75333374E+01	1.29497986E+01	1.32859362E-02	-3.26073555E-03
-1.43791775E+01	1.56095761E+01	1.32830969E-02	-3.28167835E-03
-1.08476510E+01	1.75278488E+01	1.32802567E-02	-3.30262808E-03
-7.10797793E+00	1.86622531E+01	1.32774155E-02	-3.32358486E-03
-3.33008971E+00	1.90078531E+01	1.32745732E-02	-3.34454877E-03
3.23344032E-01	1.85954052E+01	1.32717300E-02	-3.36551994E-03
3.70408777E+00	1.74880064E+01	1.32688856E-02	-3.38649844E-03
6.68440760E+00	1.57763941E+01	1.32660402E-02	-3.40748440E-03
9.16180813E+00	1.35732157E+01	1.32631938E-02	-3.42847791E-03
1.10622972E+01	1.10066149E+01	1.32603462E-02	-3.44947907E-03
1.23421215E+01	8.21348852E+00	1.32574975E-02	-3.47048800E-03
1.29879967E+01	5.33275878E+00	1.32546477E-02	-3.49150478E-03
1.30159277E+01	2.49897583E+00	1.32517968E-02	-3.51252954E-03
1.24687766E+01	-1.63476124E-01	1.32489447E-02	-3.53356236E-03
1.14127801E+01	-2.54534777E+00	1.32460915E-02	-3.55460335E-03
9.93325178E+00	-4.55650592E+00	1.32432371E-02	-3.57565262E-03
8.12972191E+00	-6.12882406E+00	1.32403815E-02	-3.59671028E-03
6.11076790E+00	-7.21793866E+00	1.32375247E-02	-3.61777641E-03
3.98878031E+00	-7.80388146E+00	1.32346667E-02	-3.63885114E-03
1.87488813E+00	-7.89064627E+00	1.32318074E-02	-3.65993457E-03
-1.25760863E-01	-7.50478726E+00	1.32289469E-02	-3.68102679E-03
-1.91820237E+00	-6.69317630E+00	1.32260852E-02	-3.70212792E-03
-3.42121434E+00	-5.52006696E+00	1.32232221E-02	-3.72323806E-03
-4.57014235E+00	-4.06362495E+00	1.32203578E-02	-3.74435731E-03
-5.31893669E+00	-2.41208843E+00	1.32174922E-02	-3.76548578E-03
-5.64137837E+00	-6.59719149E-01	1.32146252E-02	-3.78662358E-03
-5.53149928E+00	1.09730226E+00	1.32117570E-02	-3.80777081E-03
-5.00322611E+00	2.76489468E+00	1.32088873E-02	-3.82892758E-03
-4.08929732E+00	4.25487993E+00	1.32060164E-02	-3.85009400E-03
-2.83951885E+00	5.48845701E+00	1.32031440E-02	-3.87127016E-03
-1.31843756E+00	6.39924805E+00	1.32002702E-02	-3.89245618E-03
3.97478340E-01	6.93583194E+00	1.31973951E-02	-3.91365217E-03
2.22305322E+00	7.06369636E+00	1.31945185E-02	-3.93485823E-03
4.06790659E+00	6.76655417E+00	1.31916405E-02	-3.95607447E-03
5.84013168E+00	6.04698528E+00	1.31887610E-02	-3.97730099E-03
7.45003227E+00	4.92638201E+00	1.31858801E-02	-3.99853791E-03
8.81379561E+00	3.44419292E+00	1.31829977E-02	-4.01978533E-03
9.85697740E+00	1.65647993E+00	1.31801138E-02	-4.04104335E-03
1.05176747E+01	-3.66176208E-01	1.31772284E-02	-4.06231210E-03
1.07492665E+01	-2.54136460E+00	1.31743414E-02	-4.08359167E-03
1.05226099E+01	-4.77804692E+00	1.31714530E-02	-4.10488218E-03
9.82759143E+00	-6.98017133E+00	1.31685629E-02	-4.12618373E-03
8.67395126E+00	-9.05057350E+00	1.31656713E-02	-4.14749643E-03
7.09132187E+00	-1.08950219E+01	1.31627782E-02	-4.16882039E-03
5.12844864E+00	-1.24262499E+01	1.31598834E-02	-4.19015573E-03
2.85159335E+00	-1.35678091E+01	1.31569870E-02	-4.21150255E-03
3.42155575E-01	-1.42575743E+01	1.31540890E-02	-4.23286095E-03
-2.30641653E+00	-1.44507386E+01	1.31511893E-02	-4.25423106E-03
-4.99231923E+00	-1.41221478E+01	1.31482880E-02	-4.27561299E-03
-7.60954977E+00	-1.32678487E+01	1.31453851E-02	-4.29700683E-03
-1.00523581E+01	-1.19057542E+01	1.31424804E-02	-4.31841271E-03
-1.22198036E+01	-1.00753631E+01	1.31395740E-02	-4.33983073E-03
-1.40202126E+01	-7.83651891E+00	1.31366659E-02	-4.36126101E-03
-1.53753302E+01	-5.26723371E+00	1.31337561E-02	-4.38270365E-03
-1.62239645E+01	-2.46064974E+00	1.31308445E-02	-4.40415878E-03
-1.65249408E+01	4.78742400E-01	1.31279312E-02	-4.42562649E-03
-1.62592092E+01	3.43947140E+00	1.31250161E-02	-4.44710691E-03
-1.54309883E+01	6.30784698E+00	1.31220992E-02	-4.46860015E-03
-1.40678682E+01	8.97289913E+00	1.31191804E-02	-4.49010632E-03
-1.22198508E+01	1.13312643E+01	1.31162599E-02	-4.51162552E-03
-9.95735147E+00	1.32917851E+01	1.31133375E-02	-4.53315789E-03
-7.36824503E+00	1.47796003E+01	1.31104133E-02	-4.55470352E-03
-4.55408212E+00	1.57395225E+01	1.31074871E-02	-4.57626254E-03
-1.62564924E+00	1.61385344E+01	1.31045591E-02	-4.59783506E-03
1.30192112E+00	1.59672760E+01	1.31016292E-02	-4.61942118E-03
4.11425862E+00	1.52404433E+01	1.30986974E-02	-4.64102104E-03
6.70283737E+00	1.39960754E+01	1.30957636E-02	-4.66263473E-03
8.96978799E+00	1.22937590E+01	1.30928279E-02	-4.68426239E-03
1.08322077E+01	1.02118355E+01	1.30898903E-02	-4.70590411E-03
1.22257613E+01	7.84374552E+00	1.30869506E-02	-4.72756003E-03
1.31074017E+01	5.29368805E+00	1.30840089E-02	-4.74923025E-03
1.34570815E+01	2.67180493E+00	1.30810653E-02	-4.77091489E-03
1.32783800E+01	8.91248510E-02	1.30781196E-02	-4.79261407E-03
1.25980215E+01	-2.34748917E+00	1.30751718E-02	-4.81432790E-03
1.14643180E+01	-4.54014674E+00	1.30722220E-02	-4.83605651E-03
9.94461987E+00	-6.40426361E+00	1.30692701E-02	-4.85780001E-03
8.12190826E+00	-7.87221970E+00	1.30663161E-02	-4.87955851E-03
6.09070070E+00	-8.89617518E+00	1.30633601E-02	-4.90133214E-03
3.95247478E+00	-9.44992125E+00	1.30604018E-02	-4.92312101E-03
1.81083354E+00	-9.52969131E+00	1.30574415E-02	-4.94492525E-03
-2.33354363E-01	-9.15390935E+00	1.30544790E-02	-4.96674497E-03
-2.08660941E+00	-8.36190404E+00	1.30515143E-02	-4.98858029E-03
-3.66707498E+00	-7.21166605E+00	1.30485474E-02	-5.01043134E-03
-4.90813824E+00	-5.77677015E+00	1.30455783E-02	-5.03229822E-03
-5.76127924E+00	-4.14262054E+00	1.30426070E-02	-5.05418107E-03
-6.19802888E+00	-2.40220675E+00	1.30396334E-02	-5.07608000E-03
-6.21096096E+00	-6.51576095E-01	1.30366576E-02	-5.09799514E-03
-5.81368962E+00	1.01476283E+00	1.30336795E-02	-5.11992660E-03
-5.03989041E+00	2.50829228E+00	1.30306991E-02	-5.14187451E-03
-3.94140755E+00	3.75059178E+00	1.30277164E-02	-5.16383899E-03
-2.58554979E+00	4.67691735E+00	1.30247314E-02	-5.18582016E-03
-1.05171214E+00	5.23910022E+00	1.30217441E-02	-5.20781814E-03
5.72512635E-01	5.40764557E+00	1.30187544E-02	-5.22983306E-03
2.19554931E+00	5.17295012E+00	1.30157623E-02	-5.25186504E-03
3.72618878E+00	4.54559795E+00	1.30127678E-02	-5.27391421E-03
5.07787425E+00	3.55573517E+00	1.30097709E-02	-5.29598069E-03
6.17273628E+00	2.25156429E+00	1.30067716E-02	-5.31806460E-03
6.94520219E+00	6.97035922E-01	1.30037698E-02	-5.34016607E-03
7.34502681E+00	-1.03115105E+00	1.30007656E-02	-5.36228522E-03
7.33961867E+00	-2.84710262E+00	1.29977589E-02	-5.38442218E-03
6.91556750E+00	-4.65967625E+00	1.29947497E-02	-5.40657708E-03
6.07931369E+00	-6.37664701E+00	1.29917380E-02	-5.42875004E-03
4.85693707E+00	-7.90891214E+00	1.29887238E-02	-5.45094119E-03
3.29307918E+00	-9.17455322E+00	1.29857070E-02	-5.47315066E-03
1.44904898E+00	-1.01025828E+01	1.29826877E-02	-5.49537856E-03
-5.99804462E-01	-1.06362163E+01	1.29796658E-02	-5.51762504E-03
-2.76733925E+00	-1.07355307E+01	1.29766413E-02	-5.53989022E-03
-4.96034929E+00	-1.03793968E+01	1.29736141E-02	-5.56217423E-03
-7.08261639E+00	-9.56660289E+00	1.29705844E-02	-5.58447719E-03
-9.03911415E+00	-8.31611917E+00	1.29675519E-02	-5.60679924E-03
-1.07401858E+01	-6.66649010E+00	1.29645168E-02	-5.62914051E-03
-1.21055176E+01	-4.67437552E+00	1.29614791E-02	-5.65150112E-03
-1.30677390E+01	-2.41229833E+00	1.29584386E-02	-5.67388121E-03
-1.35754914E+01	3.43103601E-02	1.29553954E-02	-5.69628091E-03
-1.35958334E+01	2.57064795E+00	1.29523494E-02	-5.71870035E-03
-1.31158719E+01	5.09651211E+00	1.29493007E-02	-5.74113967E-03
-1.21435439E+01	7.51054132E+00	1.29462492E-02	-5.76359898E-03
-1.07075073E+01	9.71454429E+00	1.29431949E-02	-5.78607844E-03
-8.85613600E+00	1.16177327E+01	1.29401378E-02	-5.80857816E-03
-6.65565514E+00	1.31406735E+01	1.29370779E-02	-5.83109829E-03
-4.18748793E+00	1.42187861E+01	1.29340151E-02	-5.85363896E-03
-1.54492139E+00	1.48052291E+01	1.29309495E-02	-5.87620030E-03
1.17077028E+00	1.48730435E+01	1.29278809E-02	-5.89878245E-03
3.85458070E+00	1.44164513E+01	1.29248095E-02	-5.92138554E-03
6.40222190E+00	1.34512457E+01	1.29217351E-02	-5.94400971E-03
8.71457658E+00	1.20142457E+01	1.29186578E-02	-5.96665510E-03
1.07019559E+01	1.01618321E+01	1.29155775E-02	-5.98932183E-03
1.22879732E+01	7.96762035E+00	1.29124942E-02	-6.01201006E-03
1.34128587E+01	5.51936809E+00	1.29094080E-02	-6.03471991E-03
1.40360646E+01	2.91524778E+00	1.29063187E-02	-6.05745153E-03
1.41380395E+01	2.59646186E-01	1.29032264E-02	-6.08020506E-03
1.37210881E+01	-2.34132516E+00	1.29001310E-02	-6.10298062E-03
1.28092732E+01	-4.78440983E+00	1.28970325E-02	-6.12577837E-03
1.14473598E+01	-6.97367291E+00	1.28939310E-02	-6.14859844E-03
9.69884374E+00	-8.82465381E+00	1.28908263E-02	-6.17144098E-03
7.64315164E+00	-1.02680189E+01	1.28877185E-02	-6.19430611E-03
5.37213274E+00	-1.12525492E+01	1.28846076E-02	-6.21719400E-03
2.98599991E+00	-1.17473282E+01	1.28814935E-02	-6.24010477E-03
5.88899322E-01	-1.17430308E+01	1.28783762E-02	-6.26303857E-03
-1.71569350E+00	-1.12522546E+01	1.28752556E-02	-6.28599555E-03
-3.82954589E+00	-1.03088789E+01	1.28721319E-02	-6.30897584E-03
-5.66400487E+00	-8.96647874E+00	1.28690048E-02	-6.33197959E-03
-7.14390565E+00	-7.29586547E+00	1.28658746E-02	-6.35500695E-03
-8.21087840E+00	-5.38186342E+00	1.28627410E-02	-6.37805806E-03
-8.82590718E+00	-3.31946509E+00	1.28596041E-02	-6.40113306E-03
-8.97102828E+00	-1.20953588E+00	1.28564639E-02	-6.42423211E-03
-8.65009352E+00	8.45742592E-01	1.28533203E-02	-6.44735535E-03
-7.88856516E+00	2.74749015E+00	1.28501734E-02	-6.47050292E-03
-6.73235143E+00	4.40460450E+00	1.28470230E-02	-6.49367498E-03
-5.24573274E+00	5.73790100E+00	1.28438693E-02	-6.51687167E-03
-3.50846794E+00	6.68373526E+00	1.28407121E-02	-6.54009314E-03
-1.61220424E+00	7.19695055E+00	1.28375515E-02	-6.56333954E-03
3.43655981E-01	7.25302076E+00	1.28343874E-02	-6.58661102E-03
2.25645581E+00	6.84929365E+00	1.28312198E-02	-6.60990773E-03
4.02496058E+00	6.00527620E+00	1.28280486E-02	-6.63322982E-03
5.55401212E+00	4.76194399E+00	1.28248740E-02	-6.65657745E-03
6.75896150E+00	3.18009596E+00	1.28216958E-02	-6.67995076E-03
7.56968998E+00	1.33781563E+00	1.28185140E-02	-6.70334992E-03
7.93404233E+00	-6.72863674E-01	1.28153286E-02	-6.72677506E-03
7.82051950E+00	-2.74995868E+00	1.28121396E-02	-6.75022635E-03
7.22010522E+00	-4.78604171E+00	1.28089469E-02	-6.77370394E-03
6.14713413E+00	-6.67306977E+00	1.28057506E-02	-6.79720799E-03
4.63914644E+00	-8.30733860E+00	1.28025506E-02	-6.82073865E-03
2.75571321E+00	-9.59435423E+00	1.27993469E-02	-6.84429607E-03
5.76258246E-01	-1.04534127E+01	1.27961395E-02	-6.86788043E-03
-1.80305639E+00	-1.08216848E+01	1.27929283E-02	-6.89149186E-03
-4.27327391E+00	-1.06576181E+01	1.27897133E-02	-6.91513053E-03
-6.71727043E+00	-9.94348757E+00	1.27864946E-02	-6.93879661E-03
-9.01488840E+00	-8.68695925E+00	1.27832720E-02	-6.96249024E-03
-1.10483696E+01	-6.92156479E+00	1.27800456E-02	-6.98621159E-03
-1.27078604E+01	-4.70602707E+00	1.27768154E-02	-7.00996082E-03
-1.38967495E+01	-2.12242445E+00	1.27735812E-02	-7.03373810E-03
-1.45365940E+01	7.26770042E-01	1.27703432E-02	-7.05754357E-03
-1.45713981E+01	3.72268709E+00	1.27671012E-02	-7.08137741E-03
-1.39710229E+01	6.73495945E+00	1.27638553E-02	-7.10523979E-03
-1.27335382E+01	9.62733559E+00	1.27606054E-02	-7.12913085E-03
-1.08863597E+01	1.22637823E+01	1.27573516E-02	-7.15305077E-03
-8.48606877E+00	1.45148152E+01	1.27540937E-02	-7.17699972E-03
-5.61686341E+00	1.62637732E+01	1.27508317E-02	-7.20097785E-03
-2.38765233E+00	1.74127384E+01	1.27475657E-02	-7.22498534E-03
1.07213093E+00	1.78878070E+01	1.27442957E-02	-7.24902235E-03
4.61785146E+00	1.76434292E+01	1.27410215E-02	-7.27308906E-03
8.09592904E+00	1.66655685E+01	1.27377432E-02	-7.29718562E-03
1.13507653E+01	1.49734763E+01	1.27344607E-02	-7.32131222E-03
1.42320338E+01	1.26199314E+01	1.27311740E-02	-7.34546901E-03
1.66019905E+01	9.68986899E+00	1.27278832E-02	-7.36965617E-03
1.83424449E+01	6.29739587E+00	1.27245881E-02	-7.39387388E-03
1.93610301E+01	2.58127345E+00	1.27212888E-02	-7.41812230E-03
1.95964297E+01	-1.30096944E+00	1.27179852E-02	-7.44240161E-03
1.90222555E+01	-5.18005234E+00	1.27146773E-02	-7.46671197E-03
1.76493274E+01	-8.88277717E+00	1.27113651E-02	-7.49105358E-03
1.55261776E+01	-1.22403130E+01	1.27080486E-02	-7.51542659E-03
1.27376879E+01	-1.50965244E+01	1.27047276E-02	-7.53983120E-03
9.40186133E+00	-1.73159171E+01	1.27014023E-02	-7.56426756E-03
5.66483232E+00	-1.87907765E+01	1.26980726E-02	-7.58873587E-03
1.69431292E+00	-1.94471023E+01	1.26947384E-02	-7.61323629E-03
-2.32823230E+00	-1.92489906E+01	1.26913998E-02	-7.63776902E-03
-6.21631314E+00	-1.82011859E+01	1.26880566E-02	-7.66233422E-03
-9.78761024E+00	-1.63496156E+01	1.26847090E-02	-7.68693208E-03
-1.28731694E+01	-1.37798213E+01	1.26813568E-02	-7.71156279E-03
-1.53261070E+01	-1.06133138E+01	1.26780001E-02	-7.73622651E-03
-1.70293516E+01	-7.00199298E+00	1.26746387E-02	-7.76092344E-03
-1.79019862E+01	-3.12088379E+00	1.26712727E-02	-7.78565376E-03
-1.79038208E+01	8.40461524E-01	1.26679021E-02	-7.81041766E-03
-1.70379127E+01	4.68746139E+00	1.26645269E-02	-7.83521531E-03
-1.53508590E+01	8.23041016E+00	1.26611469E-02	-7.86004691E-03
-1.29308060E+01	1.12942638E+01	1.26577622E-02	-7.88491264E-03
-9.90324510E+00	1.37277754E+01	1.26543728E-02	-7.90981270E-03
-6.42478899E+00	1.54114749E+01	1.26509786E-02	-7.93474726E-03
-2.67524057E+00	1.62640460E+01	1.26475796E-02	-7.95971652E-03
1.15163567E+00	1.62467314E+01	1.26441758E-02	-7.98472067E-03
4.85814952E+00	1.53655088E+01	1.26407671E-02	-8.00975991E-03
8.25298739E+00	1.36708966E+01	1.26373536E-02	-8.03483441E-03
1.11612194E+01	1.12553839E+01	1.26339351E-02	-8.05994439E-03
1.34334614E+01	8.24861226E+00	1.26305118E-02	-8.08509002E-03
1.49536862E+01	4.81056363E+00	1.26270834E-02	-8.11027151E-03
1.56452509E+01	1.12312419E+00	1.26236501E-02	-8.13548905E-03
1.54748090E+01	-2.61951354E+00	1.26202118E-02	-8.16074284E-03
1.44538922E+01	-6.22108127E+00	1.26167684E-02	-8.18603307E-03
1.26380823E+01	-9.49353324E+00	1.26133200E-02	-8.21135995E-03
1.01238294E+01	-1.22668447E+01	1.26098665E-02	-8.23672367E-03
7.04310401E+00	-1.43977736E+01	1.26064078E-02	-8.26212443E-03
3.55619872E+00	-1.57771109E+01	1.26029441E-02	-8.28756244E-03
-1.56909011E-01	-1.63350344E+01	1.25994751E-02	-8.31303790E-03
-3.90613746E+00	-1.60442939E+01	1.25960009E-02	-8.33855100E-03
-7.50128484E+00	-1.49210818E+01	1.25925215E-02	-8.36410196E-03
-1.07618602E+01	-1.30235768E+01	1.25890369E-02	-8.38969098E-03
-1.35262226E+01	-1.04482846E+01	1.25855469E-02	-8.41531827E-03
-1.56595390E+01	-7.32441978E+00	1.25820517E-02	-8.44098403E-03
-1.70601510E+01	-3.80668213E+00	1.25785511E-02	-8.46668847E-03
-1.76640384E+01	-6.68645974E-02	1.25750451E-02	-8.49243180E-03
-1.74471874E+01	3.71521532E+00	1.25715337E-02	-8.51821423E-03
-1.64257970E+01	7.36094306E+00	1.25680169E-02	-8.54403597E-03
-1.46543798E+01	1.07017830E+01	1.25644946E-02	-8.56989723E-03
-1.22219395E+01	1.35873303E+01	1.25609669E-02	-8.59579823E-03
-9.24650288E+00	1.58921301E+01	1.25574336E-02	-8.62173918E-03
-5.86837681E+00	1.75209444E+01	1.25538948E-02	-8.64772029E-03
-2.24255062E+00	1.84122487E+01	1.25503503E-02	-8.67374179E-03
1.46930055E+00	1.85398539E+01	1.25468003E-02	-8.69980389E-03
5.10675813E+00	1.79126636E+01	1.25432446E-02	-8.72590680E-03
8.51812200E+00	1.65726827E+01	1.25396833E-02	-8.75205075E-03
1.15670181E+01	1.45914906E+01	1.25361163E-02	-8.77823595E-03
1.41378512E+01	1.20654667E+01	1.25325435E-02	-8.80446264E-03
1.61398915E+01	9.11011153E+00	1.25289650E-02	-8.83073102E-03
1.75098756E+01	5.85383319E+00	1.25253807E-02	-8.85704133E-03
1.82131051E+01	2.43157425E+00	1.25217905E-02	-8.88339379E-03
1.82431111E+01	-1.02136947E+00	1.25181945E-02	-8.90978863E-03
1.76200368E+01	-4.37502869E+00	1.25145926E-02	-8.93622606E-03
1.63879513E+01	-7.50969003E+00	1.25109848E-02	-8.96270633E-03
1.46113500E+01	-1.03198976E+01	1.25073711E-02	-8.98922966E-03
1.23711214E+01	-1.27174269E+01	1.25037514E-02	-9.01579629E-03
9.76025516E+00	-1.46332077E+01	1.25001256E-02	-9.04240643E-03
6.87955004E+00	-1.60182427E+01	1.24964938E-02	-9.06906033E-03
3.83353994E+00	-1.68436290E+01	1.24928560E-02	-9.09575822E-03
7.26807946E-01	-1.70998300E+01	1.24892120E-02	-9.12250034E-03
-2.33919968E+00	-1.67953760E+01	1.24855619E-02	-9.14928691E-03
-5.26880664E+00	-1.59551741E+01	1.24819056E-02	-9.17611819E-03
-7.97418954E+00	-1.46186036E+01	1.24782431E-02	-9.20299440E-03
-1.03769607E+01	-1.28375429E+01	1.24745743E-02	-9.22991580E-03
-1.24093359E+01	-1.06744401E+01	1.24708993E-02	-9.25688261E-03
-1.40149921E+01	-8.20049525E+00	1.24672180E-02	-9.28389508E-03
-1.51497241E+01	-5.49397478E+00	1.24635303E-02	-9.31095346E-03
-1.57819995E+01	-2.63863612E+00	1.24598363E-02	-9.33805799E-03
-1.58934815E+01	2.77794636E-01	1.24561358E-02	-9.36520892E-03
-1.54795604E+01	3.16517400E+00	1.24524289E-02	-9.39240650E-03
-1.45498853E+01	5.93261261E+00	1.24487155E-02	-9.41965097E-03
-1.31288495E+01	8.49035268E+00	1.24449956E-02	-9.44694258E-03
-1.12559423E+01	1.07519159E+01	1.24412692E-02	-9.47428159E-03
-8.98584597E+00	1.26365513E+01	1.24375362E-02	-9.50166825E-03
-6.38814290E+00	1.40719683E+01	1.24337966E-02	-9.52910281E-03
-3.54649171E+00	1.49972868E+01	1.24300503E-02	-9.55658553E-03
-5.57146868E-01	1.53660867E+01	1.24262973E-02	-9.58411666E-03
2.47327140E+00	1.51493871E+01	1.24225376E-02	-9.61169648E-03
5.43080286E+00	1.43383520E+01	1.24187711E-02	-9.63932522E-03
8.19795393E+00	1.29464916E+01	1.24149979E-02	-9.66700316E-03
1.06582024E+01	1.10111236E+01	1.24112178E-02	-9.69473055E-03
1.27010456E+01	8.59387569E+00	1.24074308E-02	-9.72250767E-03
1.42273710E+01	5.78004502E+00	1.24036370E-02	-9.75033478E-03
1.51548686E+01	2.67668592E+00	1.23998362E-02	-9.77821213E-03
1.54231636E+01	-5.90626689E-01	1.23960284E-02	-9.80614001E-03
1.49983264E+01	-3.88232697E+00	1.23922136E-02	-9.83411868E-03
1.38764159E+01	-7.05055556E+00	1.23883917E-02	-9.86214841E-03
1.20857439E+01	-9.94580631E+00	1.23845628E-02	-9.89022948E-03
9.68759991E+00	-1.24242184E+01	1.23807267E-02	-9.91836216E-03
6.77525064E+00	-1.43551378E+01	1.23768835E-02	-9.94654672E-03
3.47113001E+00	-1.56285213E+01	1.23730330E-02	-9.97478344E-03
-7.77595721E-02	-1.61617307E+01	1.23691753E-02	-1.00030726E-02
-3.70609367E+00	-1.59052696E+01	1.23653104E-02	-1.00314145E-02
-7.23786511E+00	-1.48470499E+01	1.23614381E-02	-1.00598094E-02
-1.04950550E+01	-1.30148392E+01	1.23575584E-02	-1.00882575E-02
-1.33068865E+01	-1.04766358E+01	1.23536713E-02	-1.01167593E-02
-1.55191486E+01	-7.33883098E+00	1.23497768E-02	-1.01453149E-02
-1.70030459E+01	-3.74214756E+00	1.23458749E-02	-1.01739246E-02
-1.76630282E+01	1.44514266E-01	1.23419654E-02	-1.02025888E-02
-1.74430952E+01	4.13206113E+00	1.23380483E-02	-1.02313077E-02
-1.63311384E+01	8.02063016E+00	1.23341237E-02	-1.02600816E-02
-1.43609877E+01	1.16099576E+01	1.23301914E-02	-1.02889108E-02
-1.16119579E+01	1.47101198E+01	1.23262514E-02	-1.03177956E-02
-8.20583369E+00	1.71520313E+01	1.23223037E-02	-1.03467364E-02
-4.30139058E+00	1.87970767E+01	1.23183482E-02	-1.03757333E-02
-8.66980864E-02	1.95452903E+01	1.23143849E-02	-1.04047868E-02
4.23040286E+00	1.93415649E+01	1.23104138E-02	-1.04338970E-02
8.43313730E+00	1.81794811E+01	1.23064348E-02	-1.04630644E-02
1.23073445E+01	1.61024816E+01	1.23024479E-02	-1.04922892E-02
1.56530778E+01	1.32022700E+01	1.22984530E-02	-1.05215717E-02
1.82955805E+01	9.61448068E+00	1.22944500E-02	-1.05509123E-02
2.00949905E+01	5.51183047E+00	1.22904390E-02	-1.05803112E-02
2.09541903E+01	1.09511995E+00	1.22864199E-02	-1.06097688E-02
2.08243287E+01	-3.41741542E+00	1.22823927E-02	-1.06392853E-02
1.97076714E+01	-7.80179774E+00	1.22783572E-02	-1.06688611E-02
1.76575995E+01	-1.18403693E+01	1.22743135E-02	-1.06984966E-02
1.47757434E+01	-1.53335253E+01	1.22702616E-02	-1.07281920E-02
1.12064141E+01	-1.81104330E+01	1.22662013E-02	-1.07579477E-02
7.12865491E+00	-2.00381151E+01	1.22621327E-02	-1.07877639E-02
2.74638261E+00	-2.10283714E+01	1.22580556E-02	-1.08176410E-02
-1.72280174E+00	-2.10421457E+01	1.22539701E-02	-1.08475794E-02
-6.05947145E+00	-2.00910994E+01	1.22498760E-02	-1.08775794E-02
-1.00542067E+01	-1.82363248E+01	1.22457734E-02	-1.09076412E-02
-1.35187115E+01	-1.55843012E+01	1.22416622E-02	-1.09377653E-02
-1.62955759E+01	-1.22803648E+01	1.22375424E-02	-1.09679520E-02
-1.82661339E+01	-8.50011098E+00	1.22334139E-02	-1.09982015E-02
-1.93559881E+01	-4.43926316E+00	1.22292766E-02	-1.10285143E-02
-1.95379242E+01	-3.02631603E-01	1.22251306E-02	-1.10588907E-02
-1.88320966E+01	3.70717315E+00	1.22209757E-02	-1.10893311E-02
-1.73035386E+01	7.40060441E+00	1.22168119E-02	-1.11198357E-02
-1.50572096E+01	1.06109933E+01	1.22126392E-02	-1.11504049E-02
-1.22309381E+01	1.32027634E+01	1.22084576E-02	-1.11810392E-02
-8.98673870E+00	1.50776083E+01	1.22042669E-02	-1.12117387E-02
-5.50106842E+00	1.61783319E+01	1.22000671E-02	-1.12425040E-02
-1.95463484E+00	1.64902009E+01	1.21958582E-02	-1.12733352E-02
1.47762101E+00	1.60398216E+01	1.21916401E-02	-1.13042329E-02
4.63577647E+00	1.48917000E+01	1.21874128E-02	-1.13351974E-02
7.38289126E+00	1.31427867E+01	1.21831763E-02	-1.13662290E-02
9.61126028E+00	1.09154213E+01	1.21789304E-02	-1.13973280E-02
1.12466558E+01	8.34917297E+00	1.21746751E-02	-1.14284950E-02
1.22503979E+01	5.59212625E+00	1.21704104E-02	-1.14597301E-02
1.26192363E+01	2.79216934E+00	1.21661362E-02	-1.14910339E-02
1.23831659E+01	8.88189458E-02	1.21618525E-02	-1.15224066E-02
1.16014257E+01	-2.39394467E+00	1.21575591E-02	-1.15538487E-02
1.03570339E+01	-4.55344657E+00	1.21532562E-02	-1.15853605E-02
8.75028951E+00	-6.31241456E+00	1.21489436E-02	-1.16169425E-02
6.89171454E+00	-7.62125314E+00	1.21446212E-02	-1.16485949E-02
4.89492272E+00	-8.45847040E+00	1.21402890E-02	-1.16803182E-02
2.86987588E+00	-8.82935818E+00	1.21359470E-02	-1.17121128E-02
9.16937045E-01	-8.76313670E+00	1.21315951E-02	-1.17439791E-02
-8.77950139E-01	-8.30886588E+00	1.21272332E-02	-1.17759174E-02
-2.44672401E+00	-7.53049066E+00	1.21228613E-02	-1.18079282E-02
-3.74118699E+00	-6.50142394E+00	1.21184794E-02	-1.18400118E-02
-4.73349663E+00	-5.29907568E+00	1.21140873E-02	-1.18721687E-02
-5.41526205E+00	-3.99971300E+00	1.21096850E-02	-1.19043993E-02
-5.79543595E+00	-2.67398481E+00	1.21052725E-02	-1.19367039E-02
-5.89726742E+00	-1.38337206E+00	1.21008497E-02	-1.19690829E-02
-5.75463145E+00	-1.77736564E-01	1.20964165E-02	-1.20015369E-02
-5.40807565E+00	9.05954870E-01	1.20919730E-02	-1.20340662E-02
-4.90092111E+00	1.84375122E+00	1.20875190E-02	-1.20666711E-02
-4.27572563E+00	2.62379306E+00	1.20830544E-02	-1.20993522E-02
-3.57136554E+00	3.24453021E+00	1.20785793E-02	-1.21321099E-02
-2.82092277E+00	3.71232549E+00	1.20740935E-02	-1.21649445E-02
-2.05048267E+00	4.03872412E+00	1.20695971E-02	-1.21978566E-02
-1.27886221E+00	4.23767831E+00	1.20650898E-02	-1.22308465E-02
-5.18204250E-01	4.32300269E+00	1.20605718E-02	-1.22639146E-02
2.24700956E-01	4.30629921E+00	1.20560429E-02	-1.22970615E-02
9.46566087E-01	4.19553418E+00	1.20515030E-02	-1.23302875E-02
1.64546874E+00	3.99438084E+00	1.20469521E-02	-1.23635931E-02
2.31868366E+00	3.70236299E+00	1.20423902E-02	-1.23969787E-02
2.96073938E+00	3.31575663E+00	1.20378171E-02	-1.24304448E-02
3.56192662E+00	2.82913338E+00	1.20332329E-02	-1.24639919E-02
4.10743932E+00	2.23736726E+00	1.20286374E-02	-1.24976203E-02
4.57726684E+00	1.53788096E+00	1.20240306E-02	-1.25313305E-02
4.94688356E+00	7.32882144E-01	1.20194124E-02	-1.25651231E-02
5.18870506E+00	-1.68663013E-01	1.20147827E-02	-1.25989984E-02
5.27420615E+00	-1.14955311E+00	1.20101416E-02	-1.26329569E-02
5.17652922E+00	-2.18356599E+00	1.20054889E-02	-1.26669991E-02
4.87336004E+00	-3.23550163E+00	1.20008245E-02	-1.27011255E-02
4.34981370E+00	-4.26212079E+00	1.19961485E-02	-1.27353365E-02
3.60106110E+00	-5.21396934E+00	1.19914607E-02	-1.27696326E-02
2.63443633E+00	-6.03799983E+00	1.19867610E-02	-1.28040143E-02
1.47079694E+00	-6.68082923E+00	1.19820495E-02	-1.28384821E-02
1.44960872E-01	-7.09240942E+00	1.19773259E-02	-1.28730365E-02
-1.29488886E+00	-7.22984230E+00	1.19725904E-02	-1.29076779E-02
-2.78886239E+00	-7.06104581E+00	1.19678427E-02	-1.29424068E-02
-4.26803178E+00	-6.56797470E+00	1.19630829E-02	-1.29772238E-02
-5.65797627E+00	-5.74912056E+00	1.19583108E-02	-1.30121294E-02
-6.88299666E+00	-4.62105801E+00	1.19535264E-02	-1.30471240E-02
-7.87073128E+00	-3.21886581E+00	1.19487296E-02	-1.30822082E-02
-8.55686457E+00	-1.59532806E+00	1.19439203E-02	-1.31173824E-02
-8.88959983E+00	1.81093548E-01	1.19390985E-02	-1.31526472E-02
-8.83357208E+00	2.02943655E+00	1.19342642E-02	-1.31880032E-02
-8.37290492E+00	3.86039840E+00	1.19294171E-02	-1.32234507E-02
-7.51316590E+00	5.58124028E+00	1.19245573E-02	-1.32589904E-02
-6.28204420E+00	7.10113332E+00	1.19196847E-02	-1.32946228E-02
-4.72865787E+00	8.33660658E+00	1.19147992E-02	-1.33303483E-02
-2.92148970E+00	9.21673949E+00	1.19099007E-02	-1.33661677E-02
-9.45044628E-01	9.68774971E+00	1.19049892E-02	-1.34020813E-02
1.10458955E+00	9.71666012E+00	1.19000646E-02	-1.34380897E-02
3.12501857E+00	9.29378367E+00	1.18951268E-02	-1.34741935E-02
5.01333446E+00	8.43383908E+00	1.18901757E-02	-1.35103932E-02
6.67206388E+00	7.17559813E+00	1.18852112E-02	-1.35466894E-02
8.01489570E+00	5.58006106E+00	1.18802334E-02	-1.35830826E-02
8.97182078E+00	3.72725339E+00	1.18752420E-02	-1.36195735E-02
9.49335136E+00	1.71182899E+00	1.18702371E-02	-1.36561625E-02
9.55354468E+00	-3.62255958E-01	1.18652185E-02	-1.36928502E-02
9.15163104E+00	-2.38767150E+00	1.18601861E-02	-1.37296373E-02
8.31213607E+00	-4.25987695E+00	1.18551400E-02	-1.37665242E-02
7.08348373E+00	-5.88313462E+00	1.18500799E-02	-1.38035116E-02
5.53516487E+00	-7.17599893E+00	1.18450059E-02	-1.38406001E-02
3.75364782E+00	-8.07593987E+00	1.18399177E-02	-1.38777902E-02
1.83728837E+00	-8.54281570E+00	1.18348155E-02	-1.39150826E-02
-1.09440917E-01	-8.56098478E+00	1.18296990E-02	-1.39524778E-02
-1.98204011E+00	-8.13993456E+00	1.18245682E-02	-1.39899764E-02
-3.68201063E+00	-7.31340134E+00	1.18194230E-02	-1.40275792E-02
-5.12245121E+00	-6.13705068E+00	1.18142633E-02	-1.40652865E-02
-6.23288065E+00	-4.68487950E+00	1.18090890E-02	-1.41030992E-02
-6.96300049E+00	-3.04457990E+00	1.18039001E-02	-1.41410178E-02
-7.28518201E+00	-1.31216754E+00	1.17986965E-02	-1.41790429E-02
-7.19554686E+00	4.13781010E-01	1.17934780E-02	-1.42171751E-02
-6.71360186E+00	2.03791841E+00	1.17882446E-02	-1.42554152E-02
-5.88048146E+00	3.47358643E+00	1.17829962E-02	-1.42937637E-02
-4.75593829E+00	4.64761582E+00	1.17777327E-02	-1.43322212E-02
-3.41429894E+00	5.50418626E+00	1.17724540E-02	-1.43707886E-02
-1.93966226E+00	6.00753276E+00	1.17671600E-02	-1.44094662E-02
-4.20658550E-01	6.14336372E+00	1.17618506E-02	-1.44482550E-02
1.05489280E+00	5.91894191E+00	1.17565258E-02	-1.44871554E-02
2.40509321E+00	5.36186563E+00	1.17511855E-02	-1.45261682E-02
3.55853342E+00	4.51766947E+00	1.17458294E-02	-1.45652940E-02
4.45805621E+00	3.44643525E+00	1.17404577E-02	-1.46045336E-02
5.06350965E+00	2.21866042E+00	1.17350701E-02	-1.46438876E-02
5.35335897E+00	9.10670023E-01	1.17296666E-02	-1.46833567E-02
5.32510325E+00	-4.00123561E-01	1.17242470E-02	-1.47229415E-02
4.99452201E+00	-1.63981071E+00	1.17188113E-02	-1.47626429E-02
4.39385106E+00	-2.74214445E+00	1.17133594E-02	-1.48024614E-02
3.56905169E+00	-3.65202978E+00	1.17078912E-02	-1.48423978E-02
2.57638854E+00	-4.32815606E+00	1.17024065E-02	-1.48824529E-02
1.47856632E+00	-4.74465049E+00	1.16969053E-02	-1.49226272E-02
3.40692255E-01	-4.89170004E+00	1.16913875E-02	-1.49629217E-02
-7.73671217E-01	-4.77515925E+00	1.16858530E-02	-1.50033369E-02
-1.80611826E+00	-4.41522681E+00	1.16803016E-02	-1.50438736E-02
-2.70646641E+00	-3.84433040E+00	1.16747333E-02	-1.50845327E-02
-3.43511613E+00	-3.10440405E+00	1.16691480E-02	-1.51253147E-02
-3.96459777E+00	-2.24377141E+00	1.16635455E-02	-1.51662205E-02
-4.28026048E+00	-1.31386226E+00	1.16579258E-02	-1.52072508E-02
-4.38011864E+00	-3.65986265E-01	1.16522887E-02	-1.52484064E-02
-4.27392683E+00	5.51630153E-01	1.16466342E-02	-1.52896881E-02
-3.98160213E+00	1.39636955E+00	1.16409621E-02	-1.53310966E-02
-3.53114946E+00	2.13317955E+00	1.16352723E-02	-1.53726327E-02
-2.95626826E+00	2.73587576E+00	1.16295648E-02	-1.54142972E-02
-2.29382882E+00	3.18775964E+00	1.16238393E-02	-1.54560910E-02
-1.58140069E+00	3.48157016E+00	1.16180958E-02	-1.54980147E-02
-8.54998403E-01	3.61883413E+00	1.16123343E-02	-1.55400693E-02
-1.47180335E-01	3.60871829E+00	1.16065544E-02	-1.55822554E-02
5.14400176E-01	3.46651414E+00	1.16007563E-02	-1.56245741E-02
1.10793442E+00	3.21190285E+00	1.15949396E-02	-1.56670259E-02
1.61787484E+00	2.86715140E+00	1.15891044E-02	-1.57096119E-02
2.03485629E+00	2.45538316E+00	1.15832505E-02	-1.57523329E-02
2.35518592E+00	1.99904743E+00	1.15773778E-02	-1.57951896E-02
2.57999454E+00	1.51868526E+00	1.15714861E-02	-1.58381829E-02
2.71416143E+00	1.03205576E+00	1.15655754E-02	-1.58813138E-02
2.76513338E+00	5.53650995E-01	1.15596455E-02	-1.59245830E-02
2.74175684E+00	9.45915388E-02	1.15536963E-02	-1.59679915E-02
2.65323039E+00	-3.37138149E-01	1.15477277E-02	-1.60115401E-02
2.50826444E+00	-7.36182694E-01	1.15417396E-02	-1.60552296E-02
2.31450841E+00	-1.09912507E+00	1.15357318E-02	-1.60990611E-02
2.07827561E+00	-1.42371087E+00	1.15297042E-02	-1.61430354E-02
1.80456415E+00	-1.70808770E+00	1.15236567E-02	-1.61871534E-02
1.49734276E+00	-1.95015212E+00	1.15175891E-02	-1.62314160E-02
1.16004455E+00	-2.14708033E+00	1.15115014E-02	-1.62758242E-02
7.96192484E-01	-2.29509683E+00	1.15053934E-02	-1.63203788E-02
4.10068532E-01	-2.38950805E+00	1.14992649E-02	-1.63650808E-02
7.33546651E-03	-2.42499950E+00	1.14931158E-02	-1.64099313E-02
-4.04474348E-01	-2.39616708E+00	1.14869461E-02	-1.64549310E-02
-8.15675331E-01	-2.29822806E+00	1.14807555E-02	-1.65000810E-02
-1.21440225E+00	-2.12783763E+00	1.14745440E-02	-1.65453822E-02
-1.58686805E+00	-1.88392416E+00	1.14683113E-02	-1.65908357E-02
-1.91790543E+00	-1.56845151E+00	1.14620574E-02	-1.66364424E-02
-2.19176383E+00	-1.18701979E+00	1.14557822E-02	-1.66822033E-02
-2.39310764E+00	-7.49227893E-01	1.14494854E-02	-1.67281194E-02
-2.50814055E+00	-2.68739187E-01	1.14431669E-02	-1.67741917E-02
-2.52576516E+00	2.36984031E-01	1.14368267E-02	-1.68204212E-02
-2.43867977E+00	7.47284496E-01	1.14304645E-02	-1.68668090E-02
-2.24431445E+00	1.23923062E+00	1.14240802E-02	-1.69133561E-02
-1.94551698E+00	1.68880455E+00	1.14176736E-02	-1.69600635E-02
-1.55091576E+00	2.07228417E+00	1.14112447E-02	-1.70069323E-02
-1.07490872E+00	2.36772643E+00	1.14047933E-02	-1.70539635E-02
-5.37254715E-01	2.55644751E+00	1.13983191E-02	-1.71011583E-02
3.77267076E-02	2.62439109E+00	1.13918222E-02	-1.71485177E-02
6.22311592E-01	2.56328010E+00	1.13853022E-02	-1.71960427E-02
1.18682046E+00	2.37145946E+00	1.13787591E-02	-1.72437346E-02
1.70127291E+00	2.05435694E+00	1.13721928E-02	-1.72915943E-02
2.13714351E+00	1.62451403E+00	1.13656029E-02	-1.73396231E-02
2.46910426E+00	1.10116821E+00	1.13589895E-02	-1.73878220E-02
2.67663707E+00	5.09398758E-01	1.13523523E-02	-1.74361921E-02
2.74540571E+00	-1.21121377E-01	1.13456912E-02	-1.74847347E-02
2.66829119E+00	-7.57697111E-01	1.13390060E-02	-1.75334509E-02
2.44601519E+00	-1.36641259E+00	1.13322966E-02	-1.75823418E-02
2.08730312E+00	-1.91405200E+00	1.13255627E-02	-1.76314086E-02
1.60856787E+00	-2.37002009E+00	1.13188043E-02	-1.76806525E-02
1.03312694E+00	-2.70814155E+00	1.13120211E-02	-1.77300747E-02
3.89996238E-01	-2.90822537E+00	1.13052130E-02	-1.77796764E-02
-2.87668978E-01	-2.95729503E+00	1.12983799E-02	-1.78294588E-02
-9.64392112E-01	-2.85040648E+00	1.12915214E-02	-1.78794231E-02
-1.60434236E+00	-2.59100242E+00	1.12846376E-02	-1.79295707E-02
-2.17333163E+00	-2.19078053E+00	1.12777281E-02	-1.79799026E-02
-2.64072085E+00	-1.66908441E+00	1.12707929E-02	-1.80304203E-02
-2.98112172E+00	-1.05185522E+00	1.12638317E-02	-1.80811249E-02
-3.17579389E+00	-3.70209398E-01	1.12568444E-02	-1.81320177E-02
-3.21365750E+00	3.41270368E-01	1.12498308E-02	-1.81831001E-02
-3.09186581E+00	1.04642709E+00	1.12427907E-02	-1.82343734E-02
-2.81591038E+00	1.70949147E+00	1.12357239E-02	-1.82858388E-02
-2.39925998E+00	2.29699888E+00	1.12286302E-02	-1.83374976E-02
-1.86256265E+00	2.77955146E+00	1.12215095E-02	-1.83893513E-02
-1.23246555E+00	3.13332758E+00	1.12143615E-02	-1.84414012E-02
-5.40128442E-01	3.34125839E+00	1.12071861E-02	-1.84936487E-02
1.80477242E-01	3.39381322E+00	1.11999831E-02	-1.85460950E-02
8.94382373E-01	3.28936040E+00	1.11927523E-02	-1.85987416E-02
1.56744250E+00	3.03409602E+00	1.11854934E-02	-1.86515900E-02
2.16806732E+00	2.64155822E+00	1.11782063E-02	-1.87046415E-02
2.66876534E+00	2.13176818E+00	1.11708908E-02	-1.87578975E-02
3.04742602E+00	1.53005804E+00	1.11635467E-02	-1.88113595E-02
3.28828027E+00	8.65661652E-01	1.11561738E-02	-1.88650290E-02
3.38250064E+00	1.70153401E-01	1.11487719E-02	-1.89189074E-02
3.32842511E+00	-5.24175021E-01	1.11413407E-02	-1.89729962E-02
3.13140953E+00	-1.18591148E+00	1.11338801E-02	-1.90272968E-02
2.80333415E+00	-1.78601157E+00	1.11263898E-02	-1.90818108E-02
2.36180721E+00	-2.29910654E+00	1.11188697E-02	-1.91365398E-02
1.82912183E+00	-2.70457320E+00	1.11113195E-02	-1.91914852E-02
1.23103254E+00	-2.98732460E+00	1.11037390E-02	-1.92466486E-02
5.95422780E-01	-3.13829740E+00	1.10961280E-02	-1.93020316E-02
-4.90645353E-02	-3.15462952E+00	1.10884863E-02	-1.93576357E-02
-6.74364311E-01	-3.03953773E+00	1.10808136E-02	-1.94134625E-02
-1.25423218E+00	-2.80191970E+00	1.10731097E-02	-1.94695137E-02
-1.76534011E+00	-2.45571647E+00	1.10653744E-02	-1.95257908E-02
-2.18818314E+00	-2.01908066E+00	1.10576075E-02	-1.95822956E-02
-2.50776816E+00	-1.51340093E+00	1.10498087E-02	-1.96390296E-02
-2.71406830E+00	-9.62236284E-01	1.10419778E-02	-1.96959945E-02
-2.80223850E+00	-3.90212977E-01	1.10341146E-02	-1.97531921E-02
-2.77259910E+00	1.78065803E-01	1.10262188E-02	-1.98106239E-02
-2.63040372E+00	7.19052439E-01	1.10182901E-02	-1.98682918E-02
-2.38541517E+00	1.21119085E+00	1.10103284E-02	-1.99261975E-02
-2.05131912E+00	1.63572455E+00	1.10023334E-02	-1.99843427E-02
-1.64500880E+00	1.97735332E+00	1.09943049E-02	-2.00427291E-02
-1.18577594E+00	2.22472241E+00	1.09862425E-02	-2.01013587E-02
-6.94443801E-01	2.37073600E+00	1.09781461E-02	-2.01602331E-02
-1.92477129E-01	2.41269284E+00	1.09700153E-02	-2.02193542E-02
2.98898045E-01	2.35224831E+00	1.09618500E-02	-2.02787239E-02
7.59534122E-01	2.19521223E+00	1.09536499E-02	-2.03383439E-02
1.17113376E+00	1.95119579E+00	1.09454147E-02	-2.03982163E-02
1.51792963E+00	1.63312531E+00	1.09371441E-02	-2.04583427E-02
1.78725152E+00	1.25664287E+00	1.09288379E-02	-2.05187252E-02
1.96996385E+00	8.39417194E-01	1.09204958E-02	-2.05793658E-02
2.06076068E+00	4.00389684E-01	1.09121175E-02	-2.06402662E-02
2.05830944E+00	-4.10172682E-02	1.09037028E-02	-2.07014286E-02
1.96523891E+00	-4.65701572E-01	1.08952513E-02	-2.07628548E-02
1.78797192E+00	-8.55663395E-01	1.08867629E-02	-2.08245470E-02
1.53640810E+00	-1.19473880E+00	1.08782371E-02	-2.08865071E-02
1.22346749E+00	-1.46925682E+00	1.08696738E-02	-2.09487372E-02
8.64510848E-01	-1.66859363E+00	1.08610727E-02	-2.10112393E-02
4.76658157E-01	-1.78560000E+00	1.08524333E-02	-2.10740155E-02
7.80313751E-02	-1.81688266E+00	1.08437555E-02	-2.11370680E-02
-3.13048127E-01	-1.76292491E+00	1.08350390E-02	-2.12003989E-02
-6.78873828E-01	-1.62803841E+00	1.08262834E-02	-2.12640103E-02
-1.00314446E+00	-1.42014488E+00	1.08174884E-02	-2.13279044E-02
-1.27169462E+00	-1.15039436E+00	1.08086538E-02	-2.13920833E-02
-1.47313105E+00	-8.32634299E-01	1.07997792E-02	-2.14565494E-02
-1.59934316E+00	-4.82751734E-01	1.07908643E-02	-2.15213049E-02
-1.64586156E+00	-1.17917346E-01	1.07819088E-02	-2.15863519E-02
-1.61204495E+00	2.44233556E-01	1.07729123E-02	-2.16516929E-02
-1.50108376E+00	5.86444187E-01	1.07638746E-02	-2.17173301E-02
-1.31981813E+00	8.92662173E-01	1.07547954E-02	-2.17832658E-02
-1.07837726E+00	1.14880674E+00	1.07456741E-02	-2.18495025E-02
-7.89656788E-01	1.34343797E+00	1.07365107E-02	-2.19160424E-02
-4.68659588E-01	1.46829328E+00	1.07273046E-02	-2.19828881E-02
-1.31733168E-01	1.51866301E+00	1.07180557E-02	-2.20500419E-02
2.04257217E-01	1.49358503E+00	1.07087634E-02	-2.21175062E-02
5.22776803E-01	1.39584827E+00	1.06994275E-02	-2.21852837E-02
8.08446512E-01	1.23180486E+00	1.06900477E-02	-2.22533768E-02
1.04780181E+00	1.01100159E+00	1.06806235E-02	-2.23217879E-02
1.22994551E+00	7.45650902E-01	1.06711546E-02	-2.23905198E-02
1.34706084E+00	4.49970496E-01	1.06616407E-02	-2.24595750E-02
1.39475860E+00	1.39427891E-01	1.06520813E-02	-2.25289561E-02
1.37224218E+00	-1.70069035E-01	1.06424761E-02	-2.25986657E-02
1.28228364E+00	-4.62991709E-01	1.06328248E-02	-2.26687066E-02
1.13101535E+00	-7.24977059E-01	1.06231269E-02	-2.27390813E-02
9.27551099E-01	-9.43539042E-01	1.06133820E-02	-2.28097928E-02
6.83460149E-01	-1.10866920E+00	1.06035899E-02	-2.28808437E-02
4.12125105E-01	-1.21329673E+00	1.05937500E-02	-2.29522368E-02
1.28020034E-01	-1.25358709E+00	1.05838620E-02	-2.30239750E-02
-1.54051219E-01	-1.22906717E+00	1.05739254E-02	-2.30960610E-02
-4.19715671E-01	-1.14257528E+00	1.05639400E-02	-2.31684979E-02
-6.55751251E-01	-1.00004319E+00	1.05539052E-02	-2.32412885E-02
-8.50730256E-01	-8.10126543E-01	1.05438206E-02	-2.33144357E-02
-9.95555563E-01	-5.83707211E-01	1.05336859E-02	-2.33879425E-02
-1.08386581E+00	-3.33297051E-01	1.05235006E-02	-2.34618120E-02
-1.11229349E+00	-7.23763376E-02	1.05132643E-02	-2.35360472E-02
-1.08056826E+00	1.85297886E-01	1.05029765E-02	-2.36106512E-02
-9.91465817E-01	4.26378484E-01	1.04926369E-02	-2.36856271E-02
-8.50610396E-01	6.38576764E-01	1.04822448E-02	-2.37609780E-02
-6.66145820E-01	8.11243271E-01	1.04718000E-02	-2.38367072E-02
-4.48295307E-01	9.35856026E-01	1.04613020E-02	-2.39128178E-02
-2.08834552E-01	1.00639704E+00	1.04507503E-02	-2.39893131E-02
3.94948958E-02	1.01960408E+00	1.04401444E-02	-2.40661964E-02
2.83603739E-01	9.75090965E-01	1.04294838E-02	-2.41434711E-02
5.10676580E-01	8.75335525E-01	1.04187682E-02	-2.42211405E-02
7.08770499E-01	7.25540139E-01	1.04079970E-02	-2.42992080E-02
8.67366355E-01	5.33374303E-01	1.03971697E-02	-2.43776771E-02
9.77851596E-01	3.08612894E-01	1.03862858E-02	-2.44565512E-02
1.03391692E+00	6.26868953E-02	1.03753449E-02	-2.45358339E-02
1.03185286E+00	-1.91834302E-01	1.03643464E-02	-2.46155288E-02
9.70736218E-01	-4.41808285E-01	1.03532898E-02	-2.46956394E-02
8.52500186E-01	-6.74111010E-01	1.03421747E-02	-2.47761695E-02
6.81885505E-01	-8.76232089E-01	1.03310005E-02	-2.48571226E-02
4.66273924E-01	-1.03685194E+00	1.03197666E-02	-2.49385026E-02
2.15408525E-01	-1.14637916E+00	1.03084725E-02	-2.50203132E-02
-5.89909296E-02	-1.19742742E+00	1.02971178E-02	-2.51025583E-02
-3.43706059E-01	-1.18521221E+00	1.02857018E-02	-2.51852417E-02
-6.24576320E-01	-1.10784977E+00	1.02742240E-02	-2.52683673E-02
-8.87115497E-01	-9.66542501E-01	1.02626838E-02	-2.53519391E-02
-1.11716663E+00	-7.65638288E-01	1.02510807E-02	-2.54359611E-02
-1.30157082E+00	-5.12554738E-01	1.02394141E-02	-2.55204374E-02
-1.42882296E+00	-2.17563801E-01	1.02276834E-02	-2.56053721E-02
-1.48968556E+00	1.06562569E-01	1.02158881E-02	-2.56907693E-02
-1.47773127E+00	4.45039116E-01	1.02040275E-02	-2.57766332E-02
-1.38978489E+00	7.81673406E-01	1.01921011E-02	-2.58629681E-02
-1.22623779E+00	1.09957175E+00	1.01801081E-02	-2.59497783E-02
-9.91211076E-01	1.38191887E+00	1.01680481E-02	-2.60370682E-02
-6.92548933E-01	1.61279913E+00	1.01559204E-02	-2.61248421E-02
-3.41630468E-01	1.77802234E+00	1.01437244E-02	-2.62131046E-02
4.70034384E-02	1.86591345E+00	1.01314594E-02	-2.63018601E-02
4.56202493E-01	1.86802384E+00	1.01191247E-02	-2.63911132E-02
8.66922727E-01	1.77972244E+00	1.01067198E-02	-2.64808686E-02
1.25907972E+00	1.60062795E+00	1.00942440E-02	-2.65711310E-02
1.61250383E+00	1.33484900E+00	1.00816965E-02	-2.66619051E-02
1.90795365E+00	9.91007017E-01	1.00690768E-02	-2.67531957E-02
2.12813732E+00	5.82026947E-01	1.00563841E-02	-2.68450077E-02
2.25868734E+00	1.24692830E-01	1.00436177E-02	-2.69373460E-02
2.28903350E+00	-3.61021689E-01	1.00307769E-02	-2.70302156E-02
2.21312064E+00	-8.52824273E-01	1.00178611E-02	-2.71236215E-02
2.02992344E+00	-1.32713969E+00	1.00048694E-02	-2.72175689E-02
1.74371951E+00	-1.76026229E+00	9.99180118E-03	-2.73120630E-02
1.36409348E+00	-2.12956742E+00	9.97865568E-03	-2.74071091E-02
9.05659162E-01	-2.41471772E+00	9.96543213E-03	-2.75027123E-02
3.87502498E-01	-2.59879716E+00	9.95212979E-03	-2.75988781E-02
-1.67635784E-01	-2.66930675E+00	9.93874787E-03	-2.76956121E-02
-7.34402594E-01	-2.61896097E+00	9.92528560E-03	-2.77929196E-02
-1.28605041E+00	-2.44623310E+00	9.91174218E-03	-2.78908063E-02
-1.79576885E+00	-2.15561035E+00	9.89811681E-03	-2.79892778E-02
-2.23805919E+00	-1.75753507E+00	9.88440868E-03	-2.80883400E-02
-2.59007638E+00	-1.26802626E+00	9.87061697E-03	-2.81879986E-02
-2.83286262E+00	-7.07993820E-01	9.85674084E-03	-2.82882595E-02
-2.95240113E+00	-1.02276656E-01	9.84277945E-03	-2.83891286E-02
-2.94042736E+00	5.21547624E-01	9.82873193E-03	-2.84906121E-02
-2.79494796E+00	1.13451906E+00	9.81459743E-03	-2.85927161E-02
-2.52043408E+00	1.70774468E+00	9.80037506E-03	-2.86954468E-02
-2.12767427E+00	2.21386117E+00	9.78606393E-03	-2.87988104E-02
-1.63329174E+00	2.62842964E+00	9.77166314E-03	-2.89028134E-02
-1.05895101E+00	2.93118437E+00	9.75717177E-03	-2.90074622E-02
-4.30296814E-01	3.10706585E+00	9.74258890E-03	-2.91127634E-02
2.24315782E-01	3.14698084E+00	9.72791357E-03	-2.92187236E-02
8.75229072E-01	3.04824818E+00	9.71314485E-03	-2.93253495E-02
1.49294943E+00	2.81470814E+00	9.69828175E-03	-2.94326480E-02
2.04959160E+00	2.45649244E+00	9.68332331E-03	-2.95406260E-02
2.52022134E+00	1.98947275E+00	9.66826852E-03	-2.96492905E-02
2.88402461E+00	1.43442343E+00	9.65311639E-03	-2.97586486E-02
3.12524293E+00	8.15950874E-01	9.63786588E-03	-2.98687075E-02
3.23383006E+00	1.61253822E-01	9.62251596E-03	-2.99794745E-02
3.20580273E+00	-5.01212422E-01	9.60706558E-03	-3.00909571E-02
3.04327695E+00	-1.14309213E+00	9.59151368E-03	-3.02031627E-02
2.75420085E+00	-1.73743133E+00	9.57585917E-03	-3.03160990E-02
2.35181195E+00	-2.25985819E+00	9.56010096E-03	-3.04297736E-02
1.85386220E+00	-2.68958451E+00	9.54423794E-03	-3.05441945E-02
1.28166553E+00	-3.01018470E+00	9.52826898E-03	-3.06593695E-02
6.59029750E-01	-3.21012505E+00	9.51219293E-03	-3.07753067E-02
1.11378598E-02	-3.28303267E+00	9.49600864E-03	-3.08920143E-02
-6.36558467E-01	-3.22771051E+00	9.47971493E-03	-3.10095006E-02
-1.25937612E+00	-3.04791944E+00	9.46331061E-03	-3.11277740E-02
-1.83432120E+00	-2.75196155E+00	9.44679445E-03	-3.12468430E-02
-2.34085784E+00	-2.35210719E+00	9.43016524E-03	-3.13667163E-02
-2.76150403E+00	-1.86391414E+00	9.41342173E-03	-3.14874026E-02
-3.08224699E+00	-1.30548765E+00	9.39656265E-03	-3.16089109E-02
-3.29278442E+00	-6.96727648E-01	9.37958672E-03	-3.17312501E-02
-3.38660892E+00	-5.86025891E-02	9.36249263E-03	-3.18544296E-02
-3.36096181E+00	5.87519498E-01	9.34527906E-03	-3.19784585E-02
-3.21668744E+00	1.22046330E+00	9.32794467E-03	-3.21033463E-02
-2.95802073E+00	1.81975371E+00	9.31048809E-03	-3.22291026E-02
-2.59233832E+00	2.36604144E+00	9.29290795E-03	-3.23557372E-02
-2.12989836E+00	2.84145879E+00	9.27520284E-03	-3.24832598E-02
-1.58358559E+00	3.22992449E+00	9.25737132E-03	-3.26116806E-02
-9.68669008E-01	3.51741983E+00	9.23941197E-03	-3.27410097E-02
-3.02568821E-01	3.69225821E+00	9.22132330E-03	-3.28712574E-02
3.95379913E-01	3.74536645E+00	9.20310382E-03	-3.30024342E-02
1.10418756E+00	3.67058917E+00	9.18475202E-03	-3.31345507E-02
1.80151956E+00	3.46501801E+00	9.16626636E-03	-3.32676178E-02
2.46408254E+00	3.12933613E+00	9.14764527E-03	-3.34016465E-02
3.06811115E+00	2.66815711E+00	9.12888718E-03	-3.35366478E-02
3.58997387E+00	2.09032633E+00	9.10999047E-03	-3.36726331E-02
4.00690513E+00	1.40914450E+00	9.09095349E-03	-3.38096140E-02
4.29785844E+00	6.42467846E-01	9.07177460E-03	-3.39476019E-02
4.44445955E+00	-1.87361937E-01	9.05245209E-03	-3.40866090E-02
4.43202328E+00	-1.05380067E+00	9.03298426E-03	-3.42266470E-02
4.25058219E+00	-1.92663194E+00	9.01336935E-03	-3.43677284E-02
3.89586302E+00	-2.77276518E+00	8.99360560E-03	-3.45098655E-02
3.37013773E+00	-3.55730462E+00	8.97369121E-03	-3.46530709E-02
2.68287221E+00	-4.24487156E+00	8.95362434E-03	-3.47973575E-02
1.85109766E+00	-4.80114046E+00	8.93340314E-03	-3.49427384E-02
8.99438050E-01	-5.19452704E+00	8.91302572E-03	-3.50892267E-02
-1.40258220E-01	-5.39794728E+00	8.89249016E-03	-3.52368360E-02
-1.22971389E+00	-5.39054918E+00	8.87179450E-03	-3.53855798E-02
-2.32545188E+00	-5.15930942E+00	8.85093676E-03	-3.55354722E-02
-3.38043536E+00	-4.70038217E+00	8.82991492E-03	-3.56865272E-02
-4.34606695E+00	-4.02009160E+00	8.80872693E-03	-3.58387592E-02
-5.17446542E+00	-3.13547137E+00	8.78737071E-03	-3.59921829E-02
-5.82091260E+00	-2.07427366E+00	8.76584414E-03	-3.61468130E-02
-6.24634170E+00	-8.74397631E-01	8.74414505E-03	-3.63026647E-02
-6.41972400E+00	4.17280764E-01	8.72227126E-03	-3.64597533E-02
-6.32020543E+00	1.74665909E+00	8.70022053E-03	-3.66180945E-02
-5.93884788E+00	3.05468257E+00	8.67799060E-03	-3.67777040E-02
-5.27984404E+00	4.28004873E+00	8.65557915E-03	-3.69385981E-02
-4.36109760E+00	5.36221578E+00	8.63298385E-03	-3.71007931E-02
-3.21409211E+00	6.24456050E+00	8.61020230E-03	-3.72643058E-02
-1.88301116E+00	6.87751249E+00	8.58723208E-03	-3.74291532E-02
-4.23115118E-01	7.22148208E+00	8.56407070E-03	-3.75953524E-02
1.10157407E+00	7.24940147E+00	8.54071566E-03	-3.77629212E-02
2.62118428E+00	6.94871205E+00	8.51716440E-03	-3.79318774E-02
4.06336382E+00	6.32265568E+00	8.49341431E-03	-3.81022392E-02
5.35694015E+00	5.39076251E+00	8.46946273E-03	-3.82740251E-02
6.43567036E+00	4.18847138E+00	8.44530697E-03	-3.84472541E-02
7.24187302E+00	2.76586764E+00	8.42094428E-03	-3.86219452E-02
7.72972968E+00	1.18557542E+00	8.39637187E-03	-3.87981180E-02
7.86805580E+00	-4.80106956E-01	8.37158687E-03	-3.89757923E-02
7.64236520E+00	-2.15269179E+00	8.34658641E-03	-3.91549886E-02
7.05608815E+00	-3.75142914E+00	8.32136751E-03	-3.93357272E-02
6.13084895E+00	-5.19746665E+00	8.29592718E-03	-3.95180293E-02
4.90576154E+00	-6.41801307E+00	8.27026235E-03	-3.97019161E-02
3.43575831E+00	-7.35027007E+00	8.24436989E-03	-3.98874095E-02
1.78902457E+00	-7.94490499E+00	8.21824664E-03	-4.00745315E-02
4.36649408E-02	-8.16885920E+00	8.19188935E-03	-4.02633049E-02
-1.71622459E+00	-8.00732178E+00	8.16529473E-03	-4.04537525E-02
-3.40486753E+00	-7.46474376E+00	8.13845940E-03	-4.06458978E-02
-4.93926358E+00	-6.56482263E+00	8.11137996E-03	-4.08397646E-02
-6.24354290E+00	-5.34944566E+00	8.08405290E-03	-4.10353773E-02
-7.25297247E+00	-3.87664118E+00	8.05647467E-03	-4.12327606E-02
-7.91738756E+00	-2.21764504E+00	8.02864164E-03	-4.14319398E-02
-8.20385309E+00	-4.53241453E-01	8.00055012E-03	-4.16329407E-02
-8.09840331E+00	1.33041954E+00	7.97219633E-03	-4.18357893E-02
-7.60676169E+00	3.04629524E+00	7.94357643E-03	-4.20405126E-02
-6.75400131E+00	4.61096430E+00	7.91468651E-03	-4.22471377E-02
-5.58316813E+00	5.94892978E+00	7.88552256E-03	-4.24556925E-02
-4.15294863E+00	6.99647290E+00	7.85608052E-03	-4.26662052E-02
-2.53451877E+00	7.70484645E+00	7.82635622E-03	-4.28787048E-02
-8.07756595E-01	8.04263649E+00	7.79634542E-03	-4.30932208E-02
9.42963794E-01	7.99717106E+00	7.76604380E-03	-4.33097832E-02
2.63315808E+00	7.57491097E+00	7.73544694E-03	-4.35284227E-02
4.18255179E+00	6.80081724E+00	7.70455033E-03	-4.37491705E-02
5.51909682E+00	5.71674905E+00	7.67334939E-03	-4.39720587E-02
6.58246901E+00	4.37900072E+00	7.64183941E-03	-4.41971197E-02
7.32686569E+00	2.85513335E+00	7.61001562E-03	-4.44243869E-02
7.72296710E+00	1.22029386E+00	7.57787311E-03	-4.46538941E-02
7.75897720E+00	-4.46761894E-01	7.54540690E-03	-4.48856760E-02
7.44071496E+00	-2.06771416E+00	7.51261189E-03	-4.51197679E-02
6.79078267E+00	-3.56856838E+00	7.47948287E-03	-4.53562059E-02
5.84689033E+00	-4.88318092E+00	7.44601454E-03	-4.55950270E-02
4.65946061E+00	-5.95624260E+00	7.41220145E-03	-4.58362686E-02
3.28867538E+00	-6.74557998E+00	7.37803807E-03	-4.60799694E-02
1.80115007E+00	-7.22367955E+00	7.34351873E-03	-4.63261684E-02
2.66435003E-01	-7.37838945E+00	7.30863762E-03	-4.65749059E-02
-1.24645745E+00	-7.21280311E+00	7.27338885E-03	-4.68262228E-02
-2.67231263E+00	-6.74437640E+00	7.23776636E-03	-4.70801609E-02
-3.95259658E+00	-6.00337144E+00	7.20176396E-03	-4.73367632E-02
-5.03783020E+00	-5.03075354E+00	7.16537534E-03	-4.75960732E-02
-5.88936086E+00	-3.87569155E+00	7.12859404E-03	-4.78581358E-02
-6.48047942E+00	-2.59282457E+00	7.09141345E-03	-4.81229965E-02
-6.79687313E+00	-1.23945966E+00	7.05382681E-03	-4.83907022E-02
-6.83644444E+00	1.27143973E-01	7.01582721E-03	-4.86613006E-02
-6.60856108E+00	1.45226686E+00	6.97740758E-03	-4.89348405E-02
-6.13283062E+00	2.68588575E+00	6.93856069E-03	-4.92113720E-02
-5.43751225E+00	3.78441417E+00	6.89927914E-03	-4.94909462E-02
-4.55768878E+00	4.71197992E+00	6.85955535E-03	-4.97736153E-02
-3.53332291E+00	5.44122633E+00	6.81938157E-03	-5.00594330E-02
-2.40731386E+00	5.95365498E+00	6.77874987E-03	-5.03484539E-02
-1.22365544E+00	6.23955433E+00	6.73765212E-03	-5.06407342E-02
-2.57758703E-02	6.29757914E+00	6.69608001E-03	-5.09363312E-02
1.14488490E+00	6.13405855E+00	6.65402500E-03	-5.12353037E-02
2.25003011E+00	5.76211614E+00	6.61147839E-03	-5.15377119E-02
3.25538780E+00	5.20068312E+00	6.56843122E-03	-5.18436173E-02
4.13133538E+00	4.47347706E+00	6.52487434E-03	-5.21530832E-02
4.85330039E+00	3.60800446E+00	6.48079837E-03	-5.24661741E-02
5.40198193E+00	2.63462796E+00	6.43619369E-03	-5.27829564E-02
5.76344213E+00	1.58571953E+00	6.39105043E-03	-5.31034978E-02
5.92911533E+00	4.94902776E-01	6.34535850E-03	-5.34278680E-02
5.89577542E+00	-6.03629451E-01	6.29910753E-03	-5.37561384E-02
5.66548939E+00	-1.67574782E+00	6.25228688E-03	-5.40883820E-02
5.24557042E+00	-2.68800272E+00	6.20488567E-03	-5.44246738E-02
4.64852678E+00	-3.60825831E+00	6.15689270E-03	-5.47650908E-02
3.89198736E+00	-4.40637398E+00	6.10829650E-03	-5.51097118E-02
2.99857111E+00	-5.05495307E+00	6.05908530E-03	-5.54586179E-02
1.99565820E+00	-5.53016385E+00	6.00924700E-03	-5.58118919E-02
9.15017228E-01	-5.81262060E+00	5.95876920E-03	-5.61696192E-02
-2.07755354E-01	-5.88829415E+00	5.90763916E-03	-5.65318873E-02
-1.33401863E+00	-5.74940346E+00	5.85584379E-03	-5.68987860E-02
-2.42311409E+00	-5.39522532E+00	5.80336966E-03	-5.72704076E-02
-3.43363727E+00	-4.83274886E+00	5.75020295E-03	-5.76468467E-02
-4.32493285E+00	-4.07709773E+00	5.69632949E-03	-5.80282008E-02
-5.05876735E+00	-3.15164574E+00	5.64173468E-03	-5.84145698E-02
-5.60111051E+00	-2.08776216E+00	5.58640354E-03	-5.88060564E-02
-5.92393521E+00	-9.24140375E-01	5.53032065E-03	-5.92027664E-02
-6.00693029E+00	2.94312337E-01	5.47347017E-03	-5.96048083E-02
-5.83901170E+00	1.51801780E+00	5.41583580E-03	-6.00122938E-02
-5.41951606E+00	2.69466499E+00	5.35740076E-03	-6.04253378E-02
-4.75896907E+00	3.77147355E+00	5.29814780E-03	-6.08440583E-02
-3.87933756E+00	4.69768329E+00	5.23805914E-03	-6.12685770E-02
-2.81369932E+00	5.42714477E+00	5.17711652E-03	-6.16990190E-02
-1.60529674E+00	5.92086731E+00	5.11530109E-03	-6.21355130E-02
-3.05977554E-01	6.14937085E+00	5.05259347E-03	-6.25781918E-02
1.02593441E+00	6.09468792E+00	4.98897366E-03	-6.30271919E-02
2.32825557E+00	5.75187245E+00	4.92442110E-03	-6.34826540E-02
3.53792646E+00	5.12989318E+00	4.85891455E-03	-6.39447231E-02
4.59421233E+00	4.25181987E+00	4.79243215E-03	-6.44135485E-02
5.44194662E+00	3.15424919E+00	4.72495133E-03	-6.48892844E-02
6.03463064E+00	1.88596102E+00	4.65644884E-03	-6.53720895E-02
6.33720166E+00	5.05843580E-01	4.58690067E-03	-6.58621277E-02
6.32829214E+00	-9.19827835E-01	4.51628204E-03	-6.63595679E-02
6.00182613E+00	-2.32062949E+00	4.44456740E-03	-6.68645846E-02
5.36783220E+00	-3.62557926E+00	4.37173033E-03	-6.73773578E-02
4.45239521E+00	-4.76688376E+00	4.29774358E-03	-6.78980734E-02
3.29671864E+00	-5.68363138E+00	4.22257897E-03	-6.84269233E-02
1.95532186E+00	-6.32521587E+00	4.14620739E-03	-6.89641060E-02
4.93449878E-01	-6.65428440E+00	4.06859875E-03	-6.95098264E-02
-1.01617729E+00	-6.64902666E+00	3.98972193E-03	-7.00642963E-02
-2.49710521E+00	-6.30465580E+00	3.90954476E-03	-7.06277348E-02
-3.87317175E+00	-5.63397724E+00	3.82803393E-03	-7.12003687E-02
-5.07259430E+00	-4.66699304E+00	3.74515498E-03	-7.17824324E-02
-6.03188359E+00	-3.44954647E+00	3.66087224E-03	-7.23741685E-02
-6.69935675E+00	-2.04106840E+00	3.57514875E-03	-7.29758285E-02
-7.03804175E+00	-5.11541642E-01	3.48794624E-03	-7.35876725E-02
-7.02779956E+00	1.06215265E+00	3.39922504E-03	-7.42099702E-02
-6.66653381E+00	2.60030388E+00	3.30894401E-03	-7.48430011E-02
-5.97041118E+00	4.02462701E+00	3.21706052E-03	-7.54870551E-02
-4.97307319E+00	5.26246168E+00	3.12353031E-03	-7.61424327E-02
-3.72387968E+00	6.25067553E+00	3.02830745E-03	-7.68094457E-02
-2.28528147E+00	6.93904809E+00	2.93134428E-03	-7.74884179E-02
-7.29471044E-01	7.29294197E+00	2.83259128E-03	-7.81796856E-02
8.65497239E-01	7.29510989E+00	2.73199698E-03	-7.88835978E-02
2.41989535E+00	6.94653715E+00	2.62950792E-03	-7.96005175E-02
3.85657861E+00	6.26627604E+00	2.52506848E-03	-8.03308221E-02
5.10506935E+00	5.29028827E+00	2.41862079E-03	-8.10749042E-02
6.10523697E+00	4.06936903E+00	2.31010464E-03	-8.18331721E-02
6.81036977E+00	2.66628000E+00	2.19945732E-03	-8.26060512E-02
7.18947182E+00	1.15226280E+00	2.08661351E-03	-8.33939844E-02
7.22866551E+00	-3.96860952E-01	1.97150514E-03	-8.41974332E-02
6.93163432E+00	-1.90477616E+00	1.85406122E-03	-8.50168790E-02
6.31909763E+00	-3.29871306E+00	1.73420770E-03	-8.58528237E-02
5.42736571E+00	-4.51321112E+00	1.61186728E-03	-8.67057915E-02
4.30607592E+00	-5.49340154E+00	1.48695923E-03	-8.75763293E-02
3.01525660E+00	-6.19763414E+00	1.35939923E-03	-8.84650090E-02
1.62190086E+00	-6.59931708E+00	1.22909910E-03	-8.93724282E-02
1.96256131E-01	-6.68788670E+00	1.09596660E-03	-9.02992121E-02
-1.19195323E+00	-6.46887793E+00	9.59905224E-04	-9.12460150E-02
-2.47715612E+00	-5.96311888E+00	8.20813867E-04	-9.22135223E-02
-3.60121817E+00	-5.20512338E+00	6.78586606E-04	-9.32024522E-02
-4.51620627E+00	-4.24079950E+00	5.33112371E-04	-9.42135579E-02
-5.18649785E+00	-3.12462782E+00	3.84274625E-04	-9.52476298E-02
-5.59014213E+00	-1.91648820E+00	2.31951013E-04	-9.63054980E-02
-5.71942738E+00	-6.78327272E-01	7.60129862E-05	-9.73880347E-02
-5.58065679E+00	5.29139701E-01	-8.36746128E-05	-9.84961573E-02
-5.19318120E+00	1.64950966E+00	-2.47253990E-04	-9.96308314E-02
-4.58777812E+00	2.63339318E+00	-4.14874880E-04	-1.00793074E-01
-3.80450026E+00	3.44060454E+00	-5.86695072E-04	-1.01983958E-01
-2.89014164E+00	4.04174471E+00	-7.62880974E-04	-1.03204613E-01
-1.89548336E+00	4.41912249E+00	-9.43608229E-04	-1.04456236E-01
-8.72485486E-01	4.56700025E+00	-1.12906239E-03	-1.05740089E-01
1.28415454E-01	4.49119140E+00	-1.31943966E-03	-1.07057509E-01
1.06075973E+00	4.20807284E+00	-1.51494769E-03	-1.08409910E-01
1.88414854E+00	3.74310577E+00	-1.71580644E-03	-1.09798795E-01
2.56586898E+00	3.12898115E+00	-1.92224917E-03	-1.11225756E-01
3.08200316E+00	2.40351951E+00	-2.13452352E-03	-1.12692485E-01
3.41799927E+00	1.60746007E+00	-2.35289259E-03	-1.14200784E-01
3.56871613E+00	7.82269885E-01	-2.57763634E-03	-1.15752572E-01
3.53798279E+00	-3.19078072E-02	-2.80905290E-03	-1.17349893E-01
3.33774008E+00	-7.98065866E-01	-3.04746023E-03	-1.18994934E-01
2.98685005E+00	-1.48382880E+00	-3.29319781E-03	-1.20690032E-01
2.50967054E+00	-2.06258102E+00	-3.54662859E-03	-1.22437689E-01
1.93449706E+00	-2.51420417E+00	-3.80814116E-03	-1.24240592E-01
1.29197075E+00	-2.82542639E+00	-4.07815214E-03	-1.26101625E-01
6.13542401E-01	-2.98980960E+00	-4.35710889E-03	-1.28023895E-01
-6.99318393E-02	-3.00742011E+00	-4.64549251E-03	-1.30010750E-01
-7.29405381E-01	-2.88424193E+00	-4.94382125E-03	-1.32065809E-01
-1.33862903E+00	-2.63140016E+00	-5.25265434E-03	-1.34192987E-01
-1.87489415E+00	-2.26426422E+00	-5.57259628E-03	-1.36396533E-01
-2.31953256E+00	-1.80149738E+00	-5.90430164E-03	-1.38681065E-01
-2.65819083E+00	-1.26411122E+00	-6.24848031E-03	-1.41051617E-01
-2.88090905E+00	-6.74572280E-01	-6.60590237E-03	-1.43513687E-01
-2.98204256E+00	-5.59940320E-02	-6.97739333E-03	-1.46073292E-01
-2.96006809E+00	5.68566588E-01	-7.36404431E-03	-1.48736955E-01
-2.81731513E+00	1.17670345E+00	-7.76656888E-03	-1.51512268E-01
-2.55965812E+00	1.74715336E+00	-8.18623642E-03	-1.54407003E-01
-2.19619661E+00	2.26020264E+00	-8.62425443E-03	-1.57430181E-01
-1.73894084E+00	2.69803024E+00	-9.08195029E-03	-1.60591762E-01
-1.20250876E+00	3.04501153E+00	-9.56068449E-03	-1.63902851E-01
-6.03830136E-01	3.28800468E+00	-1.00627482E-02	-1.67375625E-01
3.81553684E-02	3.41663611E+00	-1.05893840E-02	-1.71024848E-01
7.02825713E-01	3.42359345E+00	-1.11425909E-02	-1.74866126E-01
1.36825204E+00	3.30492429E+00	-1.17247575E-02	-1.78917549E-01
2.01164393E+00	3.06032871E+00	-1.23391435E-02	-1.83199665E-01
2.60988165E+00	2.69342375E+00	-1.29883387E-02	-1.87736940E-01
3.14014472E+00	2.21194968E+00	-1.36737374E-02	-1.92556270E-01
3.58063573E+00	1.62788300E+00	-1.44049005E-02	-1.97691952E-01
3.91138619E+00	9.57419051E-01	-1.51808152E-02	-2.03182194E-01
4.11511799E+00	2.20789688E-01	-1.60067593E-02	-2.09071974E-01
4.17812239E+00	-5.58112373E-01	-1.68904511E-02	-2.15410557E-01
4.09110786E+00	-1.35232048E+00	-1.78432727E-02	-2.22273001E-01
3.84996094E+00	-2.13259685E+00	-1.88707209E-02	-2.29733937E-01
3.45636101E+00	-2.86844021E+00	-1.99851169E-02	-2.37904278E-01
2.91819118E+00	-3.52927010E+00	-2.12001446E-02	-2.46917741E-01
2.24969357E+00	-4.08574352E+00	-2.25226222E-02	-2.56929735E-01
1.47132803E+00	-4.51114427E+00	-2.39937479E-02	-2.68173654E-01
6.09308552E-01	-4.78277342E+00	-2.56880143E-02	-2.81018796E-01
-3.05190058E-01	-4.88326146E+00	-2.67808569E-02	-2.96247441E-01
-1.23714195E+00	-4.80171963E+00	-2.91126604E-02	-3.12865660E-01
-2.14906176E+00	-4.53465057E+00	-3.08268351E-02	-3.33001539E-01
-3.00262248E+00	-4.08654668E+00	-3.36776906E-02	-3.58674163E-01
-3.76042553E+00	-3.47011846E+00	-3.40634811E-02	-3.89594775E-01
-4.38783430E+00	-2.70611350E+00	-3.62563690E-02	-4.31000184E-01
-4.85477235E+00	-1.82270931E+00	-3.91341637E-02	-4.90419220E-01
-5.13738321E+00	-8.54487860E-01	-3.71416741E-02	-5.85811465E-01
-5.21945126E+00	1.58974680E-01	-1.06680506E-02	-7.71977344E-01
-5.09349171E+00	1.17484448E+00	5.02564991E-01	-1.19655400E+00
-4.76143297E+00	2.14901219E+00	4.55390445E-01	-1.10157700E+00
-4.23483506E+00	3.03822170E+00	1.15881354E+00	4.62064788E-01
-3.53461259E+00	3.80223335E+00	1.13101493E+00	2.62091147E-01
-2.69025871E+00	4.40590341E+00	2.07308439E-01	3.52574529E-01
-1.73859528E+00	4.82106173E+00	9.32161626E-02	1.36338723E-01
-7.22102960E-01	5.02807758E+00	5.26884644E-02	2.81359782E-02
3.13089199E-01	5.01701802E+00	3.26362222E-02	-4.51899257E-02
1.31945307E+00	4.78832433E+00	2.17275989E-02	-9.09409676E-02
2.25043193E+00	4.35295752E+00	1.61302587E-02	-1.27728703E-01
3.06280469E+00	3.73199335E+00	4.26974328E-03	-1.62427374E-01
3.71891399E+00	2.95567853E+00	-1.05488308E-03	-1.95661175E-01
4.18863405E+00	2.06199035E+00	-7.76735688E-03	-2.25918201E-01
4.45096671E+00	1.09477112E+00	-1.20353350E-02	-2.54000776E-01
4.49517371E+00	1.01533918E-01	-1.75642859E-02	-2.83585841E-01
4.32137848E+00	-8.68944408E-01	-2.37667630E-02	-3.15742713E-01
3.94059989E+00	-1.76911361E+00	-2.90188942E-02	-3.49531562E-01
3.37421234E+00	-2.55508896E+00	-3.43864331E-02	-3.87980720E-01
2.65285839E+00	-3.18890596E+00	-4.02648691E-02	-4.31369693E-01
1.81487138E+00	-3.64046786E+00	-4.71389802E-02	-4.83418301E-01
9.04292450E-01	-3.88908013E+00	-5.49724259E-02	-5.49281290E-01
-3.14103577E-02	-3.92448879E+00	-6.29491362E-02	-6.42049544E-01
-9.43797485E-01	-3.74736769E+00	-6.20945851E-02	-8.03065554E-01
-1.78595451E+00	-3.36923017E+00	2.58996248E-01	-1.25802117E+00
-2.51489558E+00	-2.81177310E+00	3.65244203E-01	-3.13565841E-01
-3.09374519E+00	-2.10569212E+00	9.10662136E-03	-6.69552143E-01
-3.49358308E+00	-1.28903627E+00	-4.35036479E-02	-9.82283412E-01
-3.69485705E+00	-4.05194389E-01	1.73667936E-02	-1.56062941E+00
-3.68829323E+00	4.99374798E-01	1.42785714E+00	-2.04323808E+00
-3.47526183E+00	1.37754489E+00	1.41644530E+00	3.04510521E-01
-3.06758707E+00	2.18392667E+00	1.66801914E-01	-5.83982938E-01
-2.48682033E+00	2.87714826E+00	5.88990925E-02	-1.49904942E+00
-1.76302440E+00	3.42189247E+00	7.22499024E-01	-3.63753802E+00
-9.33142440E-01	3.79058862E+00	5.31104890E+00	-2.62177874E-01
-3.90458157E-02	3.96467758E+00	2.73622239E+00	1.12813697E+00
8.74629658E-01	3.93539336E+00	1.92202455E+00	2.66289233E+00
1.76274136E+00	3.70403238E+00	6.08488177E-01	1.43474236E+00
2.58187171E+00	3.28170984E+00	5.08717859E-01	7.00340161E-01
3.29241962E+00	2.68862988E+00	8.66335655E-01	8.63708936E-01
3.86044806E+00	1.95292162E+00	8.66000877E-01	7.03268278E-01
4.25920082E+00	1.10911408E+00	4.63424966E-01	1.09644575E+00
4.47022204E+00	1.96339983E-01	2.54647105E-01	7.65949534E-01
4.48403578E+00	-7.43631216E-01	2.07297573E-01	5.98670719E-01
4.30036758E+00	-1.66842541E+00	1.63075962E-01	4.76206762E-01
3.92791491E+00	-2.53705657E+00	1.65041630E-01	3.43606332E-01
3.38369638E+00	-3.31178252E+00	2.04617997E-01	2.20844558E-01
2.69203026E+00	-3.95973771E+00	2.82815343E-01	4.44233423E-02
1.88320948E+00	-4.45427282E+00	7.78923341E-01	1.49518789E-01
9.91952057E-01	-4.77594995E+00	4.64224194E-01	7.26495020E-01
5.57135413E-02	-4.91316222E+00	9.33695704E-02	4.26310928E-01
-8.87050410E-01	-4.86236792E+00	1.36241552E-01	4.45839093E-02
-1.79858582E+00	-4.62794921E+00	4.97318103E-01	-1.01526505E-01
-2.64342841E+00	-4.22172360E+00	1.07570936E+00	1.21071852E+00
-3.38981055E+00	-3.66215189E+00	4.01853791E-01	8.40570081E-01
-4.01083377E+00	-2.97329814E+00	1.39522652E-01	5.49684458E-01
-4.48536872E+00	-2.18360532E+00	2.68982071E-01	3.06284514E-01
-4.79866079E+00	-1.32455416E+00	5.47371663E-01	5.43090096E-01
-4.94263558E+00	-4.29272805E-01	1.90376817E-01	7.34841744E-01
-4.91591317E+00	4.68838593E-01	9.16069845E-02	5.58841888E-01
-4.72355274E+00	1.33741080E+00	6.81615802E-02	4.83481479E-01
-4.37655986E+00	2.14628734E+00	6.38032418E-02	4.29567400E-01
-3.89119597E+00	2.86854680E+00	7.29641841E-02	3.95481114E-01
-3.28813411E+00	3.48133876E+00	6.74420495E-02	3.79469436E-01
-2.59150695E+00	3.96651696E+00	5.47890167E-02	3.64752051E-01
-1.82789213E+00	4.31106443E+00	4.90610415E-02	3.38952319E-01
-1.02527676E+00	4.50731392E+00	4.78955968E-02	3.20363962E-01
-2.12038526E-01	4.55297474E+00	4.70783138E-02	3.04852246E-01
5.84024826E-01	4.45098268E+00	4.64112685E-02	2.91784223E-01
1.33659233E+00	4.20919342E+00	4.50511769E-02	2.80018527E-01
2.02162328E+00	3.83994184E+00	4.43104719E-02	2.69170083E-01
2.61805358E+00	3.35949012E+00	4.32913045E-02	2.59615049E-01
3.10837555E+00	2.78738665E+00	4.24745522E-02	2.50645836E-01
3.47909581E+00	2.14575671E+00	4.17191228E-02	2.42400288E-01
3.72106802E+00	1.45854374E+00	4.10138644E-02	2.34770100E-01
3.82969920E+00	7.50718602E-01	4.03459207E-02	2.27674893E-01
3.80502893E+00	4.74730244E-02	3.97131312E-02	2.21053389E-01
3.65168143E+00	-6.26587336E-01	3.91099191E-02	2.14848251E-01
3.37869040E+00	-1.24823450E+00	3.85354284E-02	2.09019447E-01
2.99919732E+00	-1.79637795E+00	3.79908586E-02	2.03530970E-01
2.53002511E+00	-2.25277479E+00	3.74685194E-02	1.98350193E-01
1.99113064E+00	-2.60267073E+00	3.69700669E-02	1.93448149E-01
1.40494305E+00	-2.83535097E+00	3.64925598E-02	1.88801471E-01
7.95598414E-01	-2.94457889E+00	3.60354006E-02	1.84388867E-01
1.88086479E-01	-2.92890053E+00	3.55970372E-02	1.80192284E-01
-3.92669515E-01	-2.79179381E+00	3.51755796E-02	1.76194563E-01
-9.22772876E-01	-2.54164431E+00	3.47704905E-02	1.72380203E-01
-1.38032090E+00	-2.19153397E+00	3.43807834E-02	1.68736555E-01
-1.74634235E+00	-1.75883511E+00	3.40055478E-02	1.65251519E-01
-2.00566399E+00	-1.26461043E+00	3.36439289E-02	1.61914277E-01
-2.14766359E+00	-7.32828385E-01	3.32951769E-02	1.58714984E-01
-2.16686726E+00	-1.89413874E-01	3.29586244E-02	1.55644815E-01
-2.06335203E+00	3.38835813E-01	3.26335470E-02	1.52695662E-01
-1.84292041E+00	8.25429661E-01	3.23193467E-02	1.49860038E-01
-1.51702211E+00	1.24540746E+00	3.20155089E-02	1.47131167E-01
-1.10240896E+00	1.57655441E+00	3.17214889E-02	1.44502892E-01
-6.20521793E-01	1.80054578E+00	3.14368002E-02	1.41969394E-01
-9.66223210E-02	1.90396002E+00	3.11610019E-02	1.39525422E-01
4.41302385E-01	1.87910151E+00	3.08936680E-02	1.37166090E-01
9.63820840E-01	1.72457916E+00	3.06344030E-02	1.34886877E-01
1.44146851E+00	1.44559738E+00	3.03828366E-02	1.32683589E-01
1.84622377E+00	1.05392803E+00	3.01386259E-02	1.30552344E-01
2.15297490E+00	5.67547804E-01	2.99014352E-02	1.28489507E-01
2.34090047E+00	9.94280513E-03	2.96709643E-02	1.26491709E-01
2.39468601E+00	-5.90899401E-01	2.94469236E-02	1.24555803E-01
2.30550422E+00	-1.20377155E+00	2.92290412E-02	1.22678846E-01
2.07169579E+00	-1.79574632E+00	2.90170605E-02	1.20858088E-01
1.69910100E+00	-2.33382291E+00	2.88107396E-02	1.19090950E-01
1.20100968E+00	-2.78663822E+00	2.86098496E-02	1.17375014E-01
5.97716755E-01	-3.12615253E+00	2.84141741E-02	1.15708011E-01
-8.43078034E-02	-3.32921774E+00	2.82235083E-02	1.14087806E-01
-8.13603636E-01	-3.37893828E+00	2.80376584E-02	1.12512392E-01
-1.55520744E+00	-3.26574354E+00	2.78564402E-02	1.10979876E-01
-2.27237220E+00	-2.98810355E+00	2.76796793E-02	1.09488475E-01
-2.92843166E+00	-2.55283729E+00	2.75072098E-02	1.08036504E-01
-3.48871249E+00	-1.97498446E+00	2.73388744E-02	1.06622372E-01
-3.92239075E+00	-1.27723497E+00	2.71745233E-02	1.05244576E-01
-4.20418916E+00	-4.88935518E-01	2.70140139E-02	1.03901692E-01
-4.31581798E+00	3.55283256E-01	2.68572106E-02	1.02592370E-01
-4.24707381E+00	1.21719271E+00	2.67039840E-02	1.01315333E-01
-3.99652829E+00	2.05687956E+00	2.65542109E-02	1.00069368E-01
-3.57175976E+00	2.83478605E+00	2.64077736E-02	9.88533228E-02
-2.98910617E+00	3.51376708E+00	2.62645601E-02	9.76661034E-02
-2.27294410E+00	4.06105077E+00	2.61244629E-02	9.65066695E-02
-1.45452558E+00	4.44999275E+00	2.59873797E-02	9.53740310E-02
-5.70430432E-01	4.66152378E+00	2.58532125E-02	9.42672454E-02
3.39285778E-01	4.68520633E+00	2.57218676E-02	9.31854148E-02
1.23314917E+00	4.51983652E+00	2.55932553E-02	9.21276830E-02
2.07041863E+00	4.17355304E+00	2.54672897E-02	9.10932333E-02
2.81321183E+00	3.66344207E+00	2.53438885E-02	9.00812862E-02
3.42848776E+00	3.01465591E+00	2.52229728E-02	8.90910972E-02
3.88977428E+00	2.25909097E+00	2.51044671E-02	8.81219546E-02
4.17854281E+00	1.43369636E+00	2.49882986E-02	8.71731784E-02
4.28515176E+00	5.78505750E-01	2.48743977E-02	8.62441177E-02
4.20930450E+00	-2.65498013E-01	2.47626976E-02	8.53341495E-02
3.95999526E+00	-1.05856646E+00	2.46531339E-02	8.44426773E-02
3.55494536E+00	-1.76429448E+00	2.45456449E-02	8.35691296E-02
3.01956197E+00	-2.35153615E+00	2.44401711E-02	8.27129585E-02
2.38547847E+00	-2.79601989E+00	2.43366556E-02	8.18736385E-02
1.68876002E+00	-3.08157235E+00	2.42350432E-02	8.10506654E-02
9.67876988E-01	-3.20088347E+00	2.41352810E-02	8.02435552E-02
2.61562111E-01	-3.15577128E+00	2.40373182E-02	7.94518431E-02
-3.93326365E-01	-2.95693453E+00	2.39411056E-02	7.86750826E-02
-9.63814154E-01	-2.62321030E+00	2.38465959E-02	7.79128444E-02
-1.42257956E+00	-2.18038292E+00	2.37537436E-02	7.71647158E-02
-1.74938246E+00	-1.65961567E+00	2.36625045E-02	7.64302997E-02
-1.93207526E+00	-1.09559851E+00	2.35728364E-02	7.57092140E-02
-1.96714226E+00	-5.24520565E-01	2.34846982E-02	7.50010908E-02
-1.85974174E+00	1.80146075E-02	2.33980504E-02	7.43055759E-02
-1.62325441E+00	4.99010822E-01	2.33128550E-02	7.36223279E-02
-1.27837013E+00	8.89923025E-01	2.32290749E-02	7.29510179E-02
-8.51771815E-01	1.16821961E+00	2.31466747E-02	7.22913286E-02
-3.74497590E-01	1.31857763E+00	2.30656198E-02	7.16429541E-02
1.19919784E-01	1.33364785E+00	2.29858770E-02	7.10055994E-02
5.97425960E-01	1.21435261E+00	2.29074141E-02	7.03789794E-02
1.02541541E+00	9.69707119E-01	2.28302001E-02	6.97628192E-02
1.37458634E+00	6.16183017E-01	2.27542046E-02	6.91568532E-02
1.62057588E+00	1.76658962E-01	2.26793987E-02	6.85608248E-02
1.74528662E+00	-3.20973601E-01	2.26057539E-02	6.79744860E-02
1.73783467E+00	-8.45462864E-01	2.25332432E-02	6.73975971E-02
1.59507377E+00	-1.36400754E+00	2.24618398E-02	6.68299263E-02
1.32167502E+00	-1.84411967E+00	2.23915182E-02	6.62712494E-02
9.29768436E-01	-2.25543253E+00	2.23222535E-02	6.57213496E-02
4.38177670E-01	-2.57135279E+00	2.22540216E-02	6.51800168E-02
-1.28698303E-01	-2.77046802E+00	2.21867991E-02	6.46470479E-02
-7.42283680E-01	-2.83763736E+00	2.21205633E-02	6.41222461E-02
-1.37141808E+00	-2.76471386E+00	2.20552923E-02	6.36054207E-02
-1.98404779E+00	-2.55086986E+00	2.19909646E-02	6.30963872E-02
-2.54891897E+00	-2.20252049E+00	2.19275596E-02	6.25949665E-02
-3.03717940E+00	-1.73286390E+00	2.18650572E-02	6.21009852E-02
-3.42380438E+00	-1.16107760E+00	2.18034378E-02	6.16142751E-02
-3.68877590E+00	-5.11228686E-01	2.17426825E-02	6.11346730E-02
-3.81796178E+00	1.89031214E-01	2.16827729E-02	6.06620207E-02
-3.80366069E+00	9.09905962E-01	2.16236909E-02	6.01961647E-02
-3.64479999E+00	1.62094666E+00	2.15654193E-02	5.97369560E-02
-3.34679357E+00	2.29251314E+00	2.15079412E-02	5.92842499E-02
-2.92108539E+00	2.89712993E+00	2.14512400E-02	5.88379059E-02
-2.38442080E+00	3.41067178E+00	2.13952998E-02	5.83977877E-02
-1.75790002E+00	3.81332800E+00	2.13401050E-02	5.79637627E-02
-1.06587650E+00	4.09031037E+00	2.12856406E-02	5.75357022E-02
-3.34766763E-01	4.23228677E+00	2.12318917E-02	5.71134810E-02
4.08161968E-01	4.23553894E+00	2.11788442E-02	5.66969777E-02
1.13596472E+00	4.10185852E+00	2.11264839E-02	5.62860738E-02
1.82309851E+00	3.83820821E+00	2.10747974E-02	5.58806545E-02
2.44636541E+00	3.45618572E+00	2.10237714E-02	5.54806079E-02
2.98568795E+00	2.97133415E+00	2.09733930E-02	5.50858252E-02
3.42469810E+00	2.40234655E+00	2.09236498E-02	5.46962006E-02
3.75113418E+00	1.77021144E+00	2.08745294E-02	5.43116310E-02
3.95705051E+00	1.09734324E+00	2.08260201E-02	5.39320162E-02
4.03885453E+00	4.06735640E-01	2.07781101E-02	5.35572586E-02
3.99719256E+00	-2.78831605E-01	2.07307881E-02	5.31872631E-02
3.83670946E+00	-9.37510421E-01	2.06840432E-02	5.28219371E-02
3.56570922E+00	-1.54901308E+00	2.06378646E-02	5.24611904E-02
3.19574200E+00	-2.09514612E+00	2.05922418E-02	5.21049353E-02
2.74114036E+00	-2.56025016E+00	2.05471646E-02	5.17530860E-02
2.21852278E+00	-2.93155103E+00	2.05026230E-02	5.14055592E-02
1.64627735E+00	-3.19942993E+00	2.04586073E-02	5.10622735E-02
1.04403331E+00	-3.35762097E+00	2.04151079E-02	5.07231496E-02
4.32123739E-01	-3.40334257E+00	2.03721156E-02	5.03881103E-02
-1.68960695E-01	-3.33736655E+00	2.03296213E-02	5.00570800E-02
-7.39128114E-01	-3.16402427E+00	2.02876163E-02	4.97299853E-02
-1.25925286E+00	-2.89114529E+00	2.02460918E-02	4.94067545E-02
-1.71175220E+00	-2.52992005E+00	2.02050395E-02	4.90873174E-02
-2.08116633E+00	-2.09467523E+00	2.01644511E-02	4.87716059E-02
-2.35473023E+00	-1.60254984E+00	2.01243186E-02	4.84595531E-02
-2.52291967E+00	-1.07306105E+00	2.00846342E-02	4.81510942E-02
-2.57994774E+00	-5.27552358E-01	2.00453901E-02	4.78461653E-02
-2.52418294E+00	1.14772111E-02	2.00065789E-02	4.75447047E-02
-2.35845664E+00	5.21156458E-01	1.99681932E-02	4.72466516E-02
-2.09022644E+00	9.79121805E-01	1.99302259E-02	4.69519468E-02
-1.73156385E+00	1.36446723E+00	1.98926699E-02	4.66605326E-02
-1.29893975E+00	1.65872782E+00	1.98555185E-02	4.63723524E-02
-8.12789128E-01	1.84685123E+00	1.98187649E-02	4.60873511E-02
-2.96847998E-01	1.91810430E+00	1.97824026E-02	4.58054748E-02
2.22731559E-01	1.86685778E+00	1.97464252E-02	4.55266706E-02
7.18466695E-01	1.69319170E+00	1.97108264E-02	4.52508871E-02
1.16279272E+00	1.40326734E+00	1.96756000E-02	4.49780739E-02
1.52942377E+00	1.00941990E+00	1.96407401E-02	4.47081817E-02
1.79476029E+00	5.29937958E-01	1.96062409E-02	4.44411623E-02
1.93926832E+00	-1.14883326E-02	1.95720965E-02	4.41769687E-02
1.94874954E+00	-5.86649542E-01	1.95383013E-02	4.39155547E-02
1.81542000E+00	-1.16400836E+00	1.95048499E-02	4.36568752E-02
1.53871965E+00	-1.71015773E+00	1.94717368E-02	4.34008861E-02
1.12578469E+00	-2.19148308E+00	1.94389568E-02	4.31475443E-02
5.91530045E-01	-2.57594844E+00	1.94065046E-02	4.28968075E-02
-4.16912844E-02	-2.83491228E+00	1.93743753E-02	4.26486343E-02
-7.44861249E-01	-2.94487019E+00	1.93425639E-02	4.24029843E-02
-1.48348617E+00	-2.88901885E+00	1.93110655E-02	4.21598179E-02
-2.21915983E+00	-2.65853942E+00	1.92798754E-02	4.19190963E-02
-2.91143218E+00	-2.25350934E+00	1.92489889E-02	4.16807814E-02
-3.51989311E+00	-1.68336850E+00	1.92184014E-02	4.14448360E-02
-4.00636238E+00	-9.66888405E-01	1.91881085E-02	4.12112238E-02
-4.33706461E+00	-1.31620475E-01	1.91581057E-02	4.09799091E-02
-4.48466311E+00	7.87170586E-01	1.91283888E-02	4.07508568E-02
-4.43002827E+00	1.74805078E+00	1.90989536E-02	4.05240327E-02
-4.16362698E+00	2.70537052E+00	1.90697959E-02	4.02994033E-02
-3.68643694E+00	3.61153267E+00	1.90409116E-02	4.00769356E-02
-3.01031441E+00	4.41945707E+00	1.90122968E-02	3.98565974E-02
-2.15777372E+00	5.08510726E+00	1.89839477E-02	3.96383571E-02
-1.16117062E+00	5.56993660E+00	1.89558603E-02	3.94221838E-02
-6.13164076E-02	5.84311097E+00	1.89280309E-02	3.92080470E-02
1.09441521E+00	5.88337389E+00	1.89004558E-02	3.89959171E-02
2.25439474E+00	5.68043732E+00	1.88731315E-02	3.87857647E-02
3.36533634E+00	5.23580619E+00	1.88460544E-02	3.85775614E-02
4.37504867E+00	4.56297589E+00	1.88192210E-02	3.83712789E-02
5.23518396E+00	3.68697774E+00	1.87926279E-02	3.81668898E-02
5.90382857E+00	2.64328540E+00	1.87662718E-02	3.79643670E-02
6.34778502E+00	1.47613296E+00	1.87401494E-02	3.77636841E-02
6.54441088E+00	2.36331360E-01	1.87142574E-02	3.75648150E-02
6.48290415E+00	-1.02129978E+00	1.86885927E-02	3.73677343E-02
6.16495588E+00	-2.24074330E+00	1.86631521E-02	3.71724168E-02
5.60472702E+00	-3.36768138E+00	1.86379328E-02	3.69788381E-02
4.82814614E+00	-4.35231437E+00	1.86129315E-02	3.67869740E-02
3.87156426E+00	-5.15194115E+00	1.85881455E-02	3.65968009E-02
2.77984128E+00	-5.73315385E+00	1.85635717E-02	3.64082955E-02
1.60397205E+00	-6.07352199E+00	1.85392074E-02	3.62214350E-02
3.98387498E-01	-6.16267088E+00	1.85150498E-02	3.60361969E-02
-7.81914921E-01	-6.00269484E+00	1.84910962E-02	3.58525595E-02
-1.88424727E+00	-5.60788511E+00	1.84673438E-02	3.56705009E-02
-2.86094988E+00	-5.00379292E+00	1.84437900E-02	3.54900001E-02
-3.67179933E+00	-4.22568693E+00	1.84204323E-02	3.53110361E-02
-4.28597160E+00	-3.31650000E+00	1.83972680E-02	3.51335886E-02
-4.68345404E+00	-2.32438900E+00	1.83742946E-02	3.49576375E-02
-4.85583358E+00	-1.30005341E+00	1.83515098E-02	3.47831629E-02
-4.80642640E+00	-2.93970133E-01	1.83289110E-02	3.46101456E-02
-4.54975416E+00	6.46294769E-01	1.83064959E-02	3.44385664E-02
-4.11041022E+00	1.47854450E+00	1.82842622E-02	3.42684067E-02
-3.52139517E+00	2.16804351E+00	1.82622075E-02	3.40996480E-02
-2.82203071E+00	2.68913108E+00	1.82403296E-02	3.39322722E-02
-2.05558381E+00	3.02627568E+00	1.82186263E-02	3.37662616E-02
-1.26674728E+00	3.17452466E+00	1.81970953E-02	3.36015987E-02
-4.99127550E-01	3.13934131E+00	1.81757346E-02	3.34382664E-02
2.07113932E-01	2.93585830E+00	1.81545420E-02	3.32762477E-02
8.17332989E-01	2.58761097E+00	1.81335154E-02	3.31155260E-02
1.30407748E+00	2.12484329E+00	1.81126528E-02	3.29560851E-02
1.64828100E+00	1.58250212E+00	1.80919522E-02	3.27979089E-02
1.83992426E+00	9.98050359E-01	1.80714116E-02	3.26409816E-02
1.87814716E+00	4.09235741E-01	1.80510290E-02	3.24852876E-02
1.77082884E+00	-1.48050605E-01	1.80308025E-02	3.23308118E-02
1.53368502E+00	-6.41702633E-01	1.80107303E-02	3.21775392E-02
1.18895947E+00	-1.04501017E+00	1.79908105E-02	3.20254549E-02
7.63808047E-01	-1.33787167E+00	1.79710413E-02	3.18745444E-02
2.88488408E-01	-1.50755696E+00	1.79514208E-02	3.17247935E-02
-2.05525249E-01	-1.54899884E+00	1.79319473E-02	3.15761880E-02
-6.87384302E-01	-1.46462290E+00	1.79126191E-02	3.14287143E-02
-1.12855575E+00	-1.26375340E+00	1.78934345E-02	3.12823585E-02
-1.50426705E+00	-9.61658119E-01	1.78743917E-02	3.11371075E-02
-1.79463367E+00	-5.78313960E-01	1.78554891E-02	3.09929479E-02
-1.98542217E+00	-1.36988388E-01	1.78367250E-02	3.08498668E-02
-2.06842813E+00	3.37262747E-01	1.78180980E-02	3.07078515E-02
-2.04147490E+00	8.19081550E-01	1.77996063E-02	3.05668894E-02
-1.90806347E+00	1.28418726E+00	1.77812484E-02	3.04269681E-02
-1.67672497E+00	1.71057072E+00	1.77630228E-02	3.02880754E-02
-1.36014310E+00	2.07944498E+00	1.77449280E-02	3.01501994E-02
-9.74124448E-01	2.37591421E+00	1.77269624E-02	3.00133282E-02
-5.36498242E-01	2.58934577E+00	1.77091247E-02	2.98774503E-02
-6.60252399E-02	2.71345232E+00	1.76914133E-02	2.97425542E-02
4.18612528E-01	2.74611133E+00	1.76738269E-02	2.96086286E-02
8.99682182E-01	2.68896550E+00	1.76563640E-02	2.94756624E-02
1.36108783E+00	2.54686023E+00	1.76390233E-02	2.93436448E-02
1.78885155E+00	2.32718065E+00	1.76218034E-02	2.92125649E-02
2.17138211E+00	2.03915251E+00	1.76047029E-02	2.90824121E-02
2.49954426E+00	1.69316682E+00	1.75877206E-02	2.89531761E-02
2.76655684E+00	1.30017986E+00	1.75708551E-02	2.88248465E-02
2.96776022E+00	8.71227310E-01	1.75541052E-02	2.86974132E-02
3.10030109E+00	4.17076491E-01	1.75374695E-02	2.85708663E-02
3.16278579E+00	-5.19757078E-02	1.75209469E-02	2.84451958E-02
3.15495091E+00	-5.26167443E-01	1.75045362E-02	2.83203921E-02
3.07739362E+00	-9.96221664E-01	1.74882360E-02	2.81964457E-02
2.93139355E+00	-1.45321498E+00	1.74720452E-02	2.80733471E-02
2.71884507E+00	-1.88840722E+00	1.74559627E-02	2.79510871E-02
2.44230393E+00	-2.29307647E+00	1.74399873E-02	2.78296565E-02
2.10513737E+00	-2.65840285E+00	1.74241178E-02	2.77090464E-02
1.71175328E+00	-2.97543856E+00	1.74083531E-02	2.75892479E-02
1.26787256E+00	-3.23519153E+00	1.73926921E-02	2.74702522E-02
7.80801263E-01	-3.42883765E+00	1.73771337E-02	2.73520506E-02
2.59655637E-01	-3.54806142E+00	1.73616769E-02	2.72346348E-02
-2.84505926E-01	-3.58550981E+00	1.73463205E-02	2.71179963E-02
-8.38683962E-01	-3.53532979E+00	1.73310635E-02	2.70021269E-02
-1.38810228E+00	-3.39374740E+00	1.73159049E-02	2.68870183E-02
-1.91655233E+00	-3.15963756E+00	1.73008437E-02	2.67726627E-02
-2.40691854E+00	-2.83502883E+00	1.72858788E-02	2.66590521E-02
-2.84186890E+00	-2.42548747E+00	1.72710093E-02	2.65461786E-02
-3.20467829E+00	-1.94032999E+00	1.72562341E-02	2.64340346E-02
-3.48013743E+00	-1.39262302E+00	1.72415524E-02	2.63226124E-02
-3.65548852E+00	-7.98943424E-01	1.72269631E-02	2.62119047E-02
-3.72132088E+00	-1.78888081E-01	1.72124653E-02	2.61019039E-02
-3.67235748E+00	4.45657957E-01	1.71980582E-02	2.59926029E-02
-3.50806562E+00	1.05146705E+00	1.71837407E-02	2.58839944E-02
-3.23303334E+00	1.61508205E+00	1.71695119E-02	2.57760714E-02
-2.85706599E+00	2.11403477E+00	1.71553711E-02	2.56688269E-02
-2.39497478E+00	2.52809575E+00	1.71413173E-02	2.55622539E-02
-1.86604938E+00	2.84047414E+00	1.71273496E-02	2.54563457E-02
-1.29322837E+00	3.03888509E+00	1.71134671E-02	2.53510955E-02
-7.02003651E-01	3.11640643E+00	1.70996692E-02	2.52464968E-02
-1.19115003E-01	3.07205701E+00	1.70859548E-02	2.51425430E-02
4.28891573E-01	2.91104466E+00	1.70723232E-02	2.50392276E-02
9.17155312E-01	2.64465166E+00	1.70587735E-02	2.49365444E-02
1.32394836E+00	2.28974894E+00	1.70453051E-02	2.48344869E-02
1.63198505E+00	1.86795476E+00	1.70319170E-02	2.47330491E-02
1.82950388E+00	1.40447789E+00	1.70186085E-02	2.46322248E-02
1.91104487E+00	9.26708076E-01	1.70053788E-02	2.45320079E-02
1.87786297E+00	4.62635141E-01	1.69922271E-02	2.44323926E-02
1.73794002E+00	3.91922894E-02	1.69791528E-02	2.43333729E-02
1.50558320E+00	-3.19373216E-01	1.69661551E-02	2.42349431E-02
1.20062471E+00	-5.92997643E-01	1.69532332E-02	2.41370973E-02
8.47263998E-01	-7.67068294E-01	1.69403864E-02	2.40398300E-02
4.72618120E-01	-8.33375225E-01	1.69276140E-02	2.39431356E-02
1.05066231E-01	-7.90680212E-01	1.69149153E-02	2.38470086E-02
-2.27510419E-01	-6.44859489E-01	1.69022896E-02	2.37514435E-02
-4.99483103E-01	-4.08603718E-01	1.68897362E-02	2.36564349E-02
-6.89113319E-01	-1.00687041E-01	1.68772544E-02	2.35619776E-02
-7.79967857E-01	2.55154800E-01	1.68648436E-02	2.34680663E-02
-7.62018385E-01	6.31671416E-01	1.68525031E-02	2.33746959E-02
-6.32351890E-01	9.99782073E-01	1.68402322E-02	2.32818612E-02
-3.95442546E-01	1.33039327E+00	1.68280303E-02	2.31895571E-02
-6.29633357E-02	1.59623581E+00	1.68158968E-02	2.30977788E-02
3.46854796E-01	1.77360530E+00	1.68038311E-02	2.30065213E-02
8.10279305E-01	1.84389530E+00	1.67918324E-02	2.29157798E-02
1.29948404E+00	1.79482491E+00	1.67799002E-02	2.28255494E-02
1.78422203E+00	1.62128171E+00	1.67680339E-02	2.27358253E-02
2.23365885E+00	1.32572521E+00	1.67562329E-02	2.26466031E-02
2.61825188E+00	9.18124102E-01	1.67444965E-02	2.25578779E-02
2.91155737E+00	4.15430370E-01	1.67328243E-02	2.24696452E-02
3.09185213E+00	-1.59377136E-01	1.67212156E-02	2.23819006E-02
3.14346823E+00	-7.78619377E-01	1.67096699E-02	2.22946395E-02
3.05775805E+00	-1.41153034E+00	1.66981865E-02	2.22078576E-02
2.83363062E+00	-2.02605501E+00	1.66867650E-02	2.21215505E-02
2.47762788E+00	-2.59071898E+00	1.66754047E-02	2.20357140E-02
2.00353944E+00	-3.07645272E+00	1.66641052E-02	2.19503436E-02
1.43158329E+00	-3.45825725E+00	1.66528659E-02	2.18654354E-02
7.87208063E-01	-3.71660910E+00	1.66416862E-02	2.17809851E-02
9.95956207E-02	-3.83852020E+00	1.66305656E-02	2.16969886E-02
-6.00038753E-01	-3.81819132E+00	1.66195037E-02	2.16134419E-02
-1.28023966E+00	-3.65722467E+00	1.66084999E-02	2.15303410E-02
-1.91108503E+00	-3.36438980E+00	1.65975536E-02	2.14476818E-02
-2.46582950E+00	-2.95496602E+00	1.65866645E-02	2.13654606E-02
-2.92231767E+00	-2.44971129E+00	1.65758319E-02	2.12836735E-02
-3.26408405E+00	-1.87353061E+00	1.65650554E-02	2.12023166E-02
-3.48107842E+00	-1.25393508E+00	1.65543346E-02	2.11213861E-02
-3.56998096E+00	-6.19394321E-01	1.65436688E-02	2.10408784E-02
-3.53409902E+00	2.31049012E-03	1.65330578E-02	2.09607897E-02
-3.38286500E+00	5.85628406E-01	1.65225009E-02	2.08811164E-02
-3.13098054E+00	1.10858026E+00	1.65119977E-02	2.08018549E-02
-2.79727415E+00	1.55382089E+00	1.65015478E-02	2.07230017E-02
-2.40335672E+00	1.90936350E+00	1.64911508E-02	2.06445531E-02
-1.97217003E+00	2.16893219E+00	1.64808060E-02	2.05665058E-02
-1.52652802E+00	2.33193440E+00	1.64705132E-02	2.04888563E-02
-1.08774736E+00	2.40307103E+00	1.64602719E-02	2.04116011E-02
-6.74455045E-01	2.39162613E+00	1.64500817E-02	2.03347370E-02
-3.01645334E-01	2.31049850E+00	1.64399420E-02	2.02582606E-02
1.99611599E-02	2.17505312E+00	1.64298526E-02	2.01821686E-02
2.84226516E-01	2.00188013E+00	1.64198129E-02	2.01064577E-02
4.89567178E-01	1.80755256E+00	1.64098226E-02	2.00311248E-02
6.38606913E-01	1.60747054E+00	1.63998812E-02	1.99561666E-02
7.37551762E-01	1.41487032E+00	1.63899884E-02	1.98815800E-02
7.95346277E-01	1.24006201E+00	1.63801437E-02	1.98073620E-02
8.22684045E-01	1.08994041E+00	1.63703467E-02	1.97335093E-02
8.30953604E-01	9.67792107E-01	1.63605972E-02	1.96600190E-02
8.31202733E-01	8.73398769E-01	1.63508945E-02	1.95868881E-02
8.33199785E-01	8.03414694E-01	1.63412385E-02	1.95141136E-02
8.44660747E-01	7.51976376E-01	1.63316287E-02	1.94416926E-02
8.70695723E-01	7.11485637E-01	1.63220647E-02	1.93696221E-02
9.13509938E-01	6.73496239E-01	1.63125461E-02	1.92978992E-02
9.72373458E-01	6.29627940E-01	1.63030726E-02	1.92265211E-02
1.04385229E+00	5.72431895E-01	1.62936439E-02	1.91554850E-02
1.12227302E+00	4.96137106E-01	1.62842594E-02	1.90847881E-02
1.20037506E+00	3.97218797E-01	1.62749191E-02	1.90144277E-02
1.27009050E+00	2.74745135E-01	1.62656223E-02	1.89444009E-02
1.32338235E+00	1.30477446E-01	1.62563689E-02	1.88747052E-02
1.35306797E+00	-3.12804238E-02	1.62471584E-02	1.88053378E-02
1.35355718E+00	-2.04067405E-01	1.62379905E-02	1.87362961E-02
1.32144142E+00	-3.79849816E-01	1.62288649E-02	1.86675775E-02
1.25588380E+00	-5.49753733E-01	1.62197812E-02	1.85991793E-02
1.15877584E+00	-7.04881521E-01	1.62107392E-02	1.85310991E-02
1.03464645E+00	-8.37141977E-01	1.62017384E-02	1.84633342E-02
8.90328772E-01	-9.40022193E-01	1.61927786E-02	1.83958823E-02
7.34410969E-01	-1.00923362E+00	1.61838594E-02	1.83287407E-02
5.76514661E-01	-1.04317463E+00	1.61749805E-02	1.82619071E-02
4.26459829E-01	-1.04316628E+00	1.61661416E-02	1.81953790E-02
2.93384897E-01	-1.01343604E+00	1.61573425E-02	1.81291540E-02
1.84895652E-01	-9.60844379E-01	1.61485827E-02	1.80632298E-02
1.06315683E-01	-8.94370040E-01	1.61398620E-02	1.79976039E-02
6.01043371E-02	-8.24389726E-01	1.61311800E-02	1.79322741E-02
4.54962218E-02	-7.61805250E-01	1.61225366E-02	1.78672379E-02
5.83998484E-02	-7.17084878E-01	1.61139313E-02	1.78024933E-02
9.15733995E-02	-6.99294150E-01	1.61053639E-02	1.77380378E-02
1.35074150E-01	-7.15194399E-01	1.60968341E-02	1.76738693E-02
1.76956476E-01	-7.68484205E-01	1.60883416E-02	1.76099855E-02
2.04173237E-01	-8.59250117E-01	1.60798862E-02	1.75463842E-02
2.03618160E-01	-9.83678878E-01	1.60714675E-02	1.74830633E-02
1.63234028E-01	-1.13406494E+00	1.60630852E-02	1.74200207E-02
7.31040457E-02	-1.29912571E+00	1.60547392E-02	1.73572541E-02
-7.35577074E-02	-1.46461399E+00	1.60464290E-02	1.72947615E-02
-2.79596001E-01	-1.61419472E+00	1.60381545E-02	1.72325408E-02
-5.43352850E-01	-1.73053203E+00	1.60299154E-02	1.71705899E-02
-8.58406987E-01	-1.79651565E+00	1.60217114E-02	1.71089068E-02
-1.21364648E+00	-1.79654311E+00	1.60135423E-02	1.70474895E-02
-1.59368348E+00	-1.71776747E+00	1.60054077E-02	1.69863360E-02
-1.97959564E+00	-1.55121990E+00	1.59973075E-02	1.69254442E-02
-2.34995515E+00	-1.29272266E+00	1.59892414E-02	1.68648122E-02
-2.68208454E+00	-9.43520373E-01	1.59812090E-02	1.68044381E-02
-2.95346098E+00	-5.10575134E-01	1.59732103E-02	1.67443199E-02
-3.14317797E+00	-6.49291609E-03	1.59652449E-02	1.66844558E-02
-3.23336719E+00	5.50926440E-01	1.59573125E-02	1.66248438E-02
-3.21048340E+00	1.13949781E+00	1.59494131E-02	1.65654820E-02
-3.06636218E+00	1.73377508E+00	1.59415462E-02	1.65063687E-02
-2.79897397E+00	2.30642584E+00	1.59337116E-02	1.64475019E-02
-2.41281652E+00	2.82977294E+00	1.59259092E-02	1.63888799E-02
-1.91891107E+00	3.27740632E+00	1.59181387E-02	1.63305009E-02
-1.33439354E+00	3.62576238E+00	1.59103998E-02	1.62723630E-02
-6.81718556E-01	3.85556823E+00	1.59026924E-02	1.62144646E-02
1.24795813E-02	3.95305579E+00	1.58950162E-02	1.61568038E-02
7.18802073E-01	3.91086465E+00	1.58873709E-02	1.60993789E-02
1.40669074E+00	3.72857204E+00	1.58797564E-02	1.60421883E-02
2.04612380E+00	3.41281187E+00	1.58721724E-02	1.59852301E-02
2.60929623E+00	2.97697192E+00	1.58646188E-02	1.59285028E-02
3.07217894E+00	2.44048489E+00	1.58570952E-02	1.58720046E-02
3.41585831E+00	1.82775629E+00	1.58496015E-02	1.58157340E-02
3.62757179E+00	1.16679520E+00	1.58421375E-02	1.57596892E-02
3.70137470E+00	4.87633751E-01	1.58347030E-02	1.57038687E-02
3.63839739E+00	-1.79365421E-01	1.58272976E-02	1.56482708E-02
3.44667850E+00	-8.05207462E-01	1.58199214E-02	1.55928939E-02
3.14058754E+00	-1.36386294E+00	1.58125739E-02	1.55377365E-02
2.73987676E+00	-1.83366575E+00	1.58052552E-02	1.54827970E-02
2.26842565E+00	-2.19842580E+00	1.57979648E-02	1.54280739E-02
1.75276106E+00	-2.44819017E+00	1.57907026E-02	1.53735656E-02
1.22044970E+00	-2.57961031E+00	1.57834685E-02	1.53192706E-02
6.98466521E-01	-2.59589854E+00	1.57762623E-02	1.52651874E-02
2.11643163E-01	-2.50638458E+00	1.57690837E-02	1.52113145E-02
-2.18706667E-01	-2.32570859E+00	1.57619325E-02	1.51576505E-02
-5.75900837E-01	-2.07271060E+00	1.57548086E-02	1.51041938E-02
-8.48676382E-01	-1.76909492E+00	1.57477117E-02	1.50509430E-02
-1.03160863E+00	-1.43796167E+00	1.57406418E-02	1.49978967E-02
-1.12514480E+00	-1.10230435E+00	1.57335985E-02	1.49450534E-02
-1.13526104E+00	-7.83572516E-01	1.57265818E-02	1.48924118E-02
-1.07277690E+00	-5.00391953E-01	1.57195914E-02	1.48399704E-02
-9.52383331E-01	-2.67521915E-01	1.57126271E-02	1.47877278E-02
-7.91458350E-01	-9.51110431E-02	1.57056888E-02	1.47356827E-02
-6.08756880E-01	1.17083911E-02	1.56987763E-02	1.46838338E-02
-4.23067576E-01	5.28724101E-02	1.56918894E-02	1.46321795E-02
-2.51929084E-01	3.30926284E-02	1.56850280E-02	1.45807187E-02
-1.10491438E-01	-3.87483176E-02	1.56781918E-02	1.45294500E-02
-1.05956755E-02	-1.50459754E-01	1.56713807E-02	1.44783720E-02
3.98726787E-02	-2.87594442E-01	1.56645946E-02	1.44274836E-02
3.73216273E-02	-4.34607478E-01	1.56578332E-02	1.43767833E-02
-1.75295238E-02	-5.76036469E-01	1.56510964E-02	1.43262699E-02
-1.19941107E-01	-6.97617979E-01	1.56443841E-02	1.42759421E-02
-2.61719414E-01	-7.87262529E-01	1.56376960E-02	1.42257987E-02
-4.32006147E-01	-8.35823131E-01	1.56310320E-02	1.41758384E-02
-6.18224148E-01	-8.37609434E-01	1.56243919E-02	1.41260600E-02
-8.07103105E-01	-7.90619824E-01	1.56177756E-02	1.40764622E-02
-9.85705449E-01	-6.96485560E-01	1.56111830E-02	1.40270439E-02
-1.14237503E+00	-5.60142758E-01	1.56046138E-02	1.39778038E-02
-1.26753938E+00	-3.89268066E-01	1.55980679E-02	1.39287408E-02
-1.35430945E+00	-1.93530772E-01	1.55915451E-02	1.38798536E-02
-1.39883796E+00	1.62733380E-02	1.55850454E-02	1.38311411E-02
-1.40041704E+00	2.29133697E-01	1.55785685E-02	1.37826021E-02
-1.36131683E+00	4.34707931E-01	1.55721143E-02	1.37342355E-02
-1.28638692E+00	6.24105826E-01	1.55656826E-02	1.36860401E-02
-1.18246081E+00	7.90513457E-01	1.55592734E-02	1.36380148E-02
-1.05761845E+00	9.29610674E-01	1.55528864E-02	1.35901585E-02
-9.20372434E-01	1.03975259E+00	1.55465215E-02	1.35424700E-02
-7.78848363E-01	1.12190527E+00	1.55401785E-02	1.34949482E-02
-6.40029544E-01	1.17934604E+00	1.55338574E-02	1.34475921E-02
-5.09130273E-01	1.21715784E+00	1.55275580E-02	1.34004005E-02
-3.89150769E-01	1.24156396E+00	1.55212801E-02	1.33533724E-02
-2.80651704E-01	1.25916231E+00	1.55150235E-02	1.33065067E-02
-1.81768075E-01	1.27612676E+00	1.55087883E-02	1.32598023E-02
-8.84623625E-02	1.29744596E+00	1.55025742E-02	1.32132582E-02
5.00289818E-03	1.32626734E+00	1.54963810E-02	1.31668734E-02
1.05411355E-01	1.36340590E+00	1.54902087E-02	1.31206468E-02
2.19811567E-01	1.40706467E+00	1.54840571E-02	1.30745774E-02
3.54673241E-01	1.45279675E+00	1.54779261E-02	1.30286641E-02
5.15052317E-01	1.49371997E+00	1.54718155E-02	1.29829060E-02
7.03837056E-01	1.52097446E+00	1.54657253E-02	1.29373021E-02
9.21142412E-01	1.52439377E+00	1.54596552E-02	1.28918513E-02
1.16390979E+00	1.49334214E+00	1.54536052E-02	1.28465527E-02
1.42575451E+00	1.41765606E+00	1.54475752E-02	1.28014053E-02
1.69708489E+00	1.28861795E+00	1.54415649E-02	1.27564082E-02
1.96549640E+00	1.09988551E+00	1.54355743E-02	1.27115603E-02
2.21642300E+00	8.48300749E-01	1.54296033E-02	1.26668608E-02
2.43400747E+00	5.34510131E-01	1.54236517E-02	1.26223086E-02
2.60213473E+00	1.63338904E-01	1.54177194E-02	1.25779029E-02
2.70555780E+00	-2.56120330E-01	1.54118063E-02	1.25336427E-02
2.73103723E+00	-7.10724861E-01	1.54059122E-02	1.24895271E-02
2.66841084E+00	-1.18380301E+00	1.54000371E-02	1.24455551E-02
2.51151362E+00	-1.65595490E+00	1.53941809E-02	1.24017259E-02
2.25887548E+00	-2.10608770E+00	1.53883433E-02	1.23580386E-02
1.91413886E+00	-2.51262179E+00	1.53825244E-02	1.23144922E-02
1.48615612E+00	-2.85479043E+00	1.53767239E-02	1.22710859E-02
9.88748435E-01	-3.11394684E+00	1.53709417E-02	1.22278189E-02
4.40130990E-01	-3.27478953E+00	1.53651779E-02	1.21846901E-02
-1.37967246E-01	-3.32642051E+00	1.53594321E-02	1.21416989E-02
-7.21439138E-01	-3.26316037E+00	1.53537044E-02	1.20988442E-02
-1.28512169E+00	-3.08505936E+00	1.53479946E-02	1.20561253E-02
-1.80422215E+00	-2.79806308E+00	1.53423025E-02	1.20135413E-02
-2.25575647E+00	-2.41381420E+00	1.53366282E-02	1.19710914E-02
-2.61990609E+00	-1.94909577E+00	1.53309715E-02	1.19287747E-02
-2.88120329E+00	-1.42494630E+00	1.53253322E-02	1.18865904E-02
-3.02946543E+00	-8.65498818E-01	1.53197103E-02	1.18445378E-02
-3.06041429E+00	-2.96615619E-01	1.53141056E-02	1.18026159E-02
-2.97593707E+00	2.55595376E-01	1.53085181E-02	1.17608239E-02
-2.78396915E+00	7.66287900E-01	1.53029477E-02	1.17191612E-02
-2.49800362E+00	1.21331133E+00	1.52973941E-02	1.16776268E-02
-2.13625748E+00	1.57847867E+00	1.52918575E-02	1.16362201E-02
-1.72054740E+00	1.84858640E+00	1.52863375E-02	1.15949401E-02
-1.27494721E+00	2.01612033E+00	1.52808342E-02	1.15537862E-02
-8.24314089E-01	2.07960216E+00	1.52753475E-02	1.15127575E-02
-3.92778905E-01	2.04355555E+00	1.52698771E-02	1.14718534E-02
-2.29878781E-03	1.91809541E+00	1.52644231E-02	1.14310729E-02
3.28634701E-01	1.71816941E+00	1.52589854E-02	1.13904155E-02
5.86048861E-01	1.46250367E+00	1.52535637E-02	1.13498803E-02
7.61238031E-01	1.17232389E+00	1.52481582E-02	1.13094666E-02
8.51160809E-01	8.69938047E-01	1.52427685E-02	1.12691737E-02
8.58464173E-01	5.77274954E-01	1.52373947E-02	1.12290008E-02
7.91137564E-01	3.14475773E-01	1.52320367E-02	1.11889472E-02
6.61824723E-01	9.86306219E-02	1.52266943E-02	1.11490122E-02
4.86843828E-01	-5.72578920E-02	1.52213675E-02	1.11091951E-02
2.84985580E-01	-1.45018688E-01	1.52160562E-02	1.10694952E-02
7.61730839E-02	-1.61718727E-01	1.52107602E-02	1.10299117E-02
-1.19924307E-01	-1.09710373E-01	1.52054795E-02	1.09904439E-02
-2.85229069E-01	3.67737215E-03	1.52002141E-02	1.09510913E-02
-4.04455982E-01	1.66776537E-01	1.51949637E-02	1.09118530E-02
-4.66096110E-01	3.64497436E-01	1.51897284E-02	1.08727285E-02
-4.63121457E-01	5.79457800E-01	1.51845079E-02	1.08337169E-02
-3.93367581E-01	7.93242545E-01	1.51793024E-02	1.07948178E-02
-2.59574373E-01	9.87705236E-01	1.51741115E-02	1.07560303E-02
-6.90891457E-02	1.14622089E+00	1.51689354E-02	1.07173538E-02
1.66740448E-01	1.25480467E+00	1.51637738E-02	1.06787877E-02
4.33435019E-01	1.30302182E+00	1.51586267E-02	1.06403313E-02
7.14447536E-01	1.28463017E+00	1.51534941E-02	1.06019839E-02
9.92344338E-01	1.19791628E+00	1.51483757E-02	1.05637450E-02
1.25001773E+00	1.04570856E+00	1.51432716E-02	1.05256138E-02
1.47184417E+00	8.35074029E-01	1.51381816E-02	1.04875898E-02
1.64470766E+00	5.76727409E-01	1.51331058E-02	1.04496723E-02
1.75881879E+00	2.84201436E-01	1.51280439E-02	1.04118607E-02
1.80827641E+00	-2.71567240E-02	1.51229959E-02	1.03741544E-02
1.79133773E+00	-3.41286784E-01	1.51179618E-02	1.03365527E-02
1.71038506E+00	-6.42532629E-01	1.51129414E-02	1.02990551E-02
1.57159910E+00	-9.16694305E-01	1.51079346E-02	1.02616608E-02
1.38437023E+00	-1.15193974E+00	1.51029415E-02	1.02243694E-02
1.16049767E+00	-1.33951293E+00	1.50979619E-02	1.01871803E-02
9.13241220E-01	-1.47419162E+00	1.50929957E-02	1.01500928E-02
6.56299827E-01	-1.55446670E+00	1.50880428E-02	1.01131063E-02
4.02795470E-01	-1.58243703E+00	1.50831033E-02	1.00762202E-02
1.64339101E-01	-1.56343473E+00	1.50781769E-02	1.00394341E-02
-4.97521549E-02	-1.50541580E+00	1.50732637E-02	1.00027472E-02
-2.33029783E-01	-1.41816854E+00	1.50683635E-02	9.96615908E-03
-3.82240602E-01	-1.31240507E+00	1.50634763E-02	9.92966910E-03
-4.97384844E-01	-1.19880928E+00	1.50586020E-02	9.89327669E-03
-5.81505931E-01	-1.08711728E+00	1.50537405E-02	9.85698131E-03
-6.40232977E-01	-9.85302811E-01	1.50488918E-02	9.82078240E-03
-6.81116036E-01	-8.98931509E-01	1.50440557E-02	9.78467939E-03
-7.12809938E-01	-8.30734148E-01	1.50392323E-02	9.74867175E-03
-7.44174083E-01	-7.80431792E-01	1.50344214E-02	9.71275891E-03
-7.83361895E-01	-7.44825843E-01	1.50296230E-02	9.67694035E-03
-8.36974336E-01	-7.18145251E-01	1.50248369E-02	9.64121552E-03
-9.09346898E-01	-6.92622933E-01	1.50200632E-02	9.60558388E-03
-1.00202917E+00	-6.59255410E-01	1.50153017E-02	9.57004490E-03
-1.11350124E+00	-6.08685066E-01	1.50105524E-02	9.53459806E-03
-1.23915283E+00	-5.32134432E-01	1.50058153E-02	9.49924283E-03
-1.37153091E+00	-4.22317247E-01	1.50010902E-02	9.46397869E-03
-1.50084018E+00	-2.74252119E-01	1.49963770E-02	9.42880511E-03
-1.61566162E+00	-8.59113205E-02	1.49916758E-02	9.39372160E-03
-1.70383611E+00	1.41350807E-01	1.49869864E-02	9.35872763E-03
-1.75344729E+00	4.02629155E-01	1.49823088E-02	9.32382270E-03
-1.75382882E+00	6.89578756E-01	1.49776429E-02	9.28900631E-03
-1.69651810E+00	9.90804145E-01	1.49729886E-02	9.25427795E-03
-1.57608132E+00	1.29250476E+00	1.49683459E-02	9.21963713E-03
-1.39074321E+00	1.57933416E+00	1.49637148E-02	9.18508336E-03
-1.14276804E+00	1.83541392E+00	1.49590951E-02	9.15061614E-03
-8.38556374E-01	2.04543041E+00	1.49544867E-02	9.11623498E-03
-4.88442537E-01	2.19573508E+00	1.49498897E-02	9.08193942E-03
-1.06199473E-01	2.27536707E+00	1.49453040E-02	9.04772895E-03
2.91720357E-01	2.27692132E+00	1.49407294E-02	9.01360311E-03
6.87159681E-01	2.19719502E+00	1.49361660E-02	8.97956142E-03
1.06138166E+00	2.03756053E+00	1.49316137E-02	8.94560342E-03
1.39626853E+00	1.80403143E+00	1.49270723E-02	8.91172862E-03
1.67550989E+00	1.50701035E+00	1.49225419E-02	8.87793657E-03
1.88569620E+00	1.16072985E+00	1.49180224E-02	8.84422681E-03
2.01723849E+00	7.82419585E-01	1.49135138E-02	8.81059888E-03
2.06504655E+00	3.91253472E-01	1.49090158E-02	8.77705231E-03
2.02891397E+00	7.14663365E-03	1.49045286E-02	8.74358667E-03
1.91357866E+00	-3.50516172E-01	1.49000521E-02	8.71020149E-03
1.72844986E+00	-6.64133183E-01	1.48955861E-02	8.67689633E-03
1.48701621E+00	-9.19032052E-01	1.48911307E-02	8.64367075E-03
1.20597211E+00	-1.10442924E+00	1.48866857E-02	8.61052431E-03
9.04119693E-01	-1.21413386E+00	1.48822512E-02	8.57745657E-03
6.01120296E-01	-1.24694472E+00	1.48778270E-02	8.54446708E-03
3.16180263E-01	-1.20671023E+00	1.48734131E-02	8.51155543E-03
6.67615995E-02	-1.10204431E+00	1.48690095E-02	8.47872117E-03
-1.32593251E-01	-9.45715313E-01	1.48646160E-02	8.44596389E-03
-2.71240407E-01	-7.53748005E-01	1.48602327E-02	8.41328315E-03
-3.43148368E-01	-5.44298998E-01	1.48558594E-02	8.38067854E-03
-3.47295752E-01	-3.36382104E-01	1.48514962E-02	8.34814964E-03
-2.87723760E-01	-1.48531083E-01	1.48471429E-02	8.31569602E-03
-1.73238067E-01	2.50792351E-03	1.48427996E-02	8.28331729E-03
-1.67792110E-02	1.02963619E-01	1.48384661E-02	8.25101301E-03
1.65496327E-01	1.43023725E-01	1.48341424E-02	8.21878280E-03
3.55361851E-01	1.17547170E-01	1.48298284E-02	8.18662623E-03
5.33814545E-01	2.64540001E-02	1.48255242E-02	8.15454291E-03
6.82428938E-01	-1.25235054E-01	1.48212296E-02	8.12253244E-03
7.84676363E-01	-3.27713238E-01	1.48169445E-02	8.09059442E-03
8.27119219E-01	-5.67035967E-01	1.48126691E-02	8.05872844E-03
8.00397316E-01	-8.26058770E-01	1.48084031E-02	8.02693413E-03
6.99937853E-01	-1.08560105E+00	1.48041465E-02	7.99521108E-03
5.26339648E-01	-1.32575615E+00	1.47998993E-02	7.96355891E-03
2.85404665E-01	-1.52725790E+00	1.47956615E-02	7.93197723E-03
-1.21857269E-02	-1.67281027E+00	1.47914329E-02	7.90046566E-03
-3.51527906E-01	-1.74828890E+00	1.47872136E-02	7.86902382E-03
-7.14441713E-01	-1.74373266E+00	1.47830035E-02	7.83765132E-03
-1.08064017E+00	-1.65405775E+00	1.47788025E-02	7.80634780E-03
-1.42904341E+00	-1.47944605E+00	1.47746105E-02	7.77511287E-03
-1.73914725E+00	-1.22538217E+00	1.47704276E-02	7.74394617E-03
-1.99235377E+00	-9.02337650E-01	1.47662537E-02	7.71284732E-03
-2.17317385E+00	-5.25125035E-01	1.47620887E-02	7.68181595E-03
-2.27022125E+00	-1.11967102E-01	1.47579326E-02	7.65085171E-03
-2.27693250E+00	3.16654342E-01	1.47537854E-02	7.61995423E-03
-2.19196594E+00	7.39290979E-01	1.47496469E-02	7.58912314E-03
-2.01925593E+00	1.13487368E+00	1.47455172E-02	7.55835809E-03
-1.76772179E+00	1.48402037E+00	1.47413962E-02	7.52765872E-03
-1.45065479E+00	1.77021858E+00	1.47372838E-02	7.49702468E-03
-1.08482841E+00	1.98080460E+00	1.47331801E-02	7.46645561E-03
-6.89395394E-01	2.10767628E+00	1.47290849E-02	7.43595117E-03
-2.84649219E-01	2.14769523E+00	1.47249982E-02	7.40551100E-03
1.09264536E-01	2.10275649E+00	1.47209200E-02	7.37513476E-03
4.73598736E-01	1.97952678E+00	1.47168502E-02	7.34482211E-03
7.92133309E-01	1.78887526E+00	1.47127887E-02	7.31457270E-03
1.05210771E+00	1.54504175E+00	1.47087356E-02	7.28438619E-03
1.24489795E+00	1.26460471E+00	1.47046908E-02	7.25426225E-03
1.36639763E+00	9.65323973E-01	1.47006543E-02	7.22420054E-03
1.41708396E+00	6.64940841E-01	1.46966259E-02	7.19420072E-03
1.40177201E+00	3.80019213E-01	1.46926057E-02	7.16426246E-03
1.32908230E+00	1.24907038E-01	1.46885936E-02	7.13438544E-03
1.21066655E+00	-8.91127956E-02	1.46845895E-02	7.10456932E-03
1.06025243E+00	-2.54427900E-01	1.46805935E-02	7.07481378E-03
8.92579893E-01	-3.67422405E-01	1.46766055E-02	7.04511850E-03
7.22307505E-01	-4.28508540E-01	1.46726254E-02	7.01548314E-03
5.62967735E-01	-4.41870185E-01	1.46686531E-02	6.98590740E-03
4.26044814E-01	-4.14945392E-01	1.46646888E-02	6.95639094E-03
3.20238112E-01	-3.57693131E-01	1.46607323E-02	6.92693347E-03
2.50959103E-01	-2.81704117E-01	1.46567835E-02	6.89753465E-03
2.20091759E-01	-1.99225592E-01	1.46528424E-02	6.86819417E-03
2.26026205E-01	-1.22174595E-01	1.46489091E-02	6.83891173E-03
2.63955052E-01	-6.12133862E-02	1.46449834E-02	6.80968702E-03
3.26402605E-01	-2.49543730E-02	1.46410653E-02	6.78051972E-03
4.03940442E-01	-1.93507303E-02	1.46371547E-02	6.75140953E-03
4.86029946E-01	-4.73137121E-02	1.46332517E-02	6.72235615E-03
5.61924098E-01	-1.08579711E-01	1.46293562E-02	6.69335927E-03
6.21557777E-01	-1.99830723E-01	1.46254681E-02	6.66441860E-03
6.56358152E-01	-3.15052532E-01	1.46215874E-02	6.63553382E-03
6.59914203E-01	-4.46097074E-01	1.46177141E-02	6.60670465E-03
6.28456358E-01	-5.83400379E-01	1.46138482E-02	6.57793079E-03
5.61112775E-01	-7.16796408E-01	1.46099895E-02	6.54921194E-03
4.59926666E-01	-8.36360617E-01	1.46061380E-02	6.52054782E-03
3.29637871E-01	-9.33215886E-01	1.46022938E-02	6.49193812E-03
1.77250298E-01	-1.00023732E+00	1.45984567E-02	6.46338256E-03
1.14232947E-02	-1.03260125E+00	1.45946268E-02	6.43488086E-03
-1.58261533E-01	-1.02813667E+00	1.45908039E-02	6.40643273E-03
-3.22097305E-01	-9.87453368E-01	1.45869882E-02	6.37803787E-03
-4.71047366E-01	-9.13838991E-01	1.45831794E-02	6.34969602E-03
-5.97474668E-01	-8.12935691E-01	1.45793776E-02	6.32140688E-03
-6.95746033E-01	-6.92224424E-01	1.45755828E-02	6.29317018E-03
-7.62662568E-01	-5.60360312E-01	1.45717949E-02	6.26498564E-03
-7.97681524E-01	-4.26414237E-01	1.45680139E-02	6.23685297E-03
-8.02911654E-01	-2.99083281E-01	1.45642397E-02	6.20877192E-03
-7.82882271E-01	-1.85935241E-01	1.45604723E-02	6.18074220E-03
-7.44104392E-01	-9.27498534E-02	1.45567116E-02	6.15276353E-03
-6.94459150E-01	-2.30119242E-02	1.45529577E-02	6.12483566E-03
-6.42462757E-01	2.24002889E-02	1.45492105E-02	6.09695830E-03
-5.96467653E-01	4.53033903E-02	1.45454699E-02	6.06913119E-03
-5.63865223E-01	5.00634146E-02	1.45417360E-02	6.04135407E-03
-5.50356144E-01	4.32247894E-02	1.45380086E-02	6.01362667E-03
-5.59349981E-01	3.29399730E-02	1.45342879E-02	5.98594872E-03
-5.91546331E-01	2.82423389E-02	1.45305736E-02	5.95831997E-03
-6.44736362E-01	3.82180853E-02	1.45268658E-02	5.93074014E-03
-7.13846891E-01	7.11420079E-02	1.45231644E-02	5.90320899E-03
-7.91230527E-01	1.33646176E-01	1.45194695E-02	5.87572625E-03
-8.67186229E-01	2.29989506E-01	1.45157809E-02	5.84829167E-03
-9.30676275E-01	3.61489969E-01	1.45120987E-02	5.82090499E-03
-9.70189618E-01	5.26170083E-01	1.45084228E-02	5.79356595E-03
-9.74689047E-01	7.18651201E-01	1.45047532E-02	5.76627431E-03
-9.34571517E-01	9.30314042E-01	1.45010898E-02	5.73902981E-03
-8.42568113E-01	1.14972310E+00	1.44974327E-02	5.71183221E-03
-6.94512667E-01	1.36329264E+00	1.44937817E-02	5.68468125E-03
-4.89915896E-01	1.55615326E+00	1.44901369E-02	5.65757668E-03
-2.32294686E-01	1.71316186E+00	1.44864981E-02	5.63051826E-03
7.07772156E-02	1.81998584E+00	1.44828655E-02	5.60350575E-03
4.07911306E-01	1.86418482E+00	1.44792389E-02	5.57653890E-03
7.64432523E-01	1.83621134E+00	1.44756183E-02	5.54961746E-03
1.12316597E+00	1.73025574E+00	1.44720038E-02	5.52274120E-03
1.46543526E+00	1.54486957E+00	1.44683951E-02	5.49590988E-03
1.77220940E+00	1.28331603E+00	1.44647924E-02	5.46912325E-03
2.02532276E+00	9.53613906E-01	1.44611956E-02	5.44238109E-03
2.20868606E+00	5.68262344E-01	1.44576046E-02	5.41568315E-03
2.30940461E+00	1.43655717E-01	1.44540195E-02	5.38902919E-03
2.31872485E+00	-3.00780347E-01	1.44504402E-02	5.36241899E-03
2.23274044E+00	-7.43680720E-01	1.44468666E-02	5.33585231E-03
2.05280390E+00	-1.16299258E+00	1.44432988E-02	5.30932893E-03
1.78560954E+00	-1.53730726E+00	1.44397366E-02	5.28284860E-03
1.44293455E+00	-1.84718514E+00	1.44361802E-02	5.25641110E-03
1.04104843E+00	-2.07638566E+00	1.44326294E-02	5.23001620E-03
5.99823554E-01	-2.21291951E+00	1.44290842E-02	5.20366367E-03
1.41599981E-01	-2.24985073E+00	1.44255445E-02	5.17735330E-03
-3.10124914E-01	-2.18579219E+00	1.44220105E-02	5.15108485E-03
-7.32098974E-01	-2.02505807E+00	1.44184819E-02	5.12485809E-03
-1.10271982E+00	-1.77745880E+00	1.44149589E-02	5.09867282E-03
-1.40335031E+00	-1.45774817E+00	1.44114413E-02	5.07252880E-03
-1.61945878E+00	-1.08475500E+00	1.44079292E-02	5.04642581E-03
-1.74150912E+00	-6.80253043E-01	1.44044224E-02	5.02036364E-03
-1.76554143E+00	-2.67640533E-01	1.44009211E-02	4.99434207E-03
-1.69340448E+00	1.29486554E-01	1.43974251E-02	4.96836088E-03
-1.53262359E+00	4.88775936E-01	1.43939344E-02	4.94241986E-03
-1.29591176E+00	7.90482400E-01	1.43904490E-02	4.91651878E-03
-1.00035511E+00	1.01866536E+00	1.43869688E-02	4.89065743E-03
-6.66325216E-01	1.16214360E+00	1.43834939E-02	4.86483561E-03
-3.16188590E-01	1.21514626E+00	1.43800243E-02	4.83905310E-03
2.71029539E-02	1.17761895E+00	1.43765597E-02	4.81330969E-03
3.41450072E-01	1.05516684E+00	1.43731004E-02	4.78760517E-03
6.06979092E-01	8.58640061E-01	1.43696461E-02	4.76193932E-03
8.07262705E-01	6.03390451E-01	1.43661970E-02	4.73631195E-03
9.30310690E-01	3.08249855E-01	1.43627529E-02	4.71072284E-03
9.69268790E-01	-5.70193262E-03	1.43593139E-02	4.68517179E-03
9.22783446E-01	-3.16498179E-01	1.43558799E-02	4.65965860E-03
7.95012396E-01	-6.02686111E-01	1.43524508E-02	4.63418305E-03
5.95284484E-01	-8.44676872E-01	1.43490268E-02	4.60874495E-03
3.37435062E-01	-1.02595806E+00	1.43456076E-02	4.58334409E-03
3.88642696E-02	-1.13409236E+00	1.43421934E-02	4.55798028E-03
-2.80616877E-01	-1.16144094E+00	1.43387840E-02	4.53265331E-03
-6.00074646E-01	-1.10556901E+00	1.43353795E-02	4.50736298E-03
-8.98789375E-01	-9.69312704E-01	1.43319799E-02	4.48210910E-03
-1.15755341E+00	-7.60508988E-01	1.43285850E-02	4.45689146E-03
-1.35984673E+00	-4.91412436E-01	1.43251949E-02	4.43170988E-03
-1.49281652E+00	-1.77843127E-01	1.43218095E-02	4.40656414E-03
-1.54800102E+00	1.61873272E-01	1.43184289E-02	4.38145407E-03
-1.52175649E+00	5.08099539E-01	1.43150530E-02	4.35637947E-03
-1.41536648E+00	8.41134009E-01	1.43116817E-02	4.33134013E-03
-1.23483420E+00	1.14242800E+00	1.43083151E-02	4.30633588E-03
-9.90380138E-01	1.39569464E+00	1.43049531E-02	4.28136652E-03
-6.95686007E-01	1.58783949E+00	1.43015957E-02	4.25643185E-03
-3.66942229E-01	1.70965685E+00	1.42982429E-02	4.23153170E-03
-2.17679123E-02	1.75625322E+00	1.42948946E-02	4.20666586E-03
3.21921089E-01	1.72717863E+00	1.42915508E-02	4.18183416E-03
6.47019011E-01	1.62626704E+00	1.42882115E-02	4.15703640E-03
9.38238919E-01	1.46120692E+00	1.42848767E-02	4.13227240E-03
1.18295929E+00	1.24288070E+00	1.42815464E-02	4.10754197E-03
1.37185762E+00	9.84526747E-01	1.42782204E-02	4.08284494E-03
1.49929661E+00	7.00787981E-01	1.42748989E-02	4.05818110E-03
1.56344690E+00	4.06716837E-01	1.42715817E-02	4.03355029E-03
1.56614940E+00	1.16807190E-01	1.42682689E-02	4.00895232E-03
1.51253850E+00	-1.55880702E-01	1.42649604E-02	3.98438701E-03
1.41046373E+00	-4.00445133E-01	1.42616562E-02	3.95985418E-03
1.26976055E+00	-6.08673499E-01	1.42583562E-02	3.93535364E-03
1.10142998E+00	-7.75349956E-01	1.42550606E-02	3.91088523E-03
9.16791251E-01	-8.98328977E-01	1.42517691E-02	3.88644875E-03
7.26671118E-01	-9.78381334E-01	1.42484819E-02	3.86204404E-03
5.40688607E-01	-1.01883572E+00	1.42451988E-02	3.83767091E-03
3.66684304E-01	-1.02505371E+00	1.42419199E-02	3.81332920E-03
2.10330729E-01	-1.00378719E+00	1.42386451E-02	3.78901872E-03
7.49449744E-02	-9.62474398E-01	1.42353745E-02	3.76473930E-03
-3.84916442E-02	-9.08533879E-01	1.42321079E-02	3.74049077E-03
-1.31118610E-01	-8.48713483E-01	1.42288454E-02	3.71627295E-03
-2.05812749E-01	-7.88545598E-01	1.42255869E-02	3.69208567E-03
-2.66675881E-01	-7.31949585E-01	1.42223325E-02	3.66792877E-03
-3.18442512E-01	-6.81009355E-01	1.42190820E-02	3.64380206E-03
-3.65861870E-01	-6.35938955E-01	1.42158356E-02	3.61970538E-03
-4.13109468E-01	-5.95233181E-01	1.42125930E-02	3.59563856E-03
-4.63279905E-01	-5.55984855E-01	1.42093544E-02	3.57160144E-03
-5.18004974E-01	-5.14336657E-01	1.42061198E-02	3.54759383E-03
-5.77230026E-01	-4.66024413E-01	1.42028889E-02	3.52361558E-03
-6.39167828E-01	-4.06961275E-01	1.41996620E-02	3.49966652E-03
-7.00433927E-01	-3.33808937E-01	1.41964389E-02	3.47574649E-03
-7.56351983E-01	-2.44483150E-01	1.41932196E-02	3.45185531E-03
-8.01402941E-01	-1.38546158E-01	1.41900041E-02	3.42799282E-03
-8.29779355E-01	-1.74480360E-02	1.41867924E-02	3.40415886E-03
-8.35996753E-01	1.15408667E-01	1.41835844E-02	3.38035327E-03
-8.15508274E-01	2.54791883E-01	1.41803802E-02	3.35657588E-03
-7.65267561E-01	3.93945751E-01	1.41771797E-02	3.33282654E-03
-6.84188019E-01	5.25058737E-01	1.41739828E-02	3.30910507E-03
-5.73453995E-01	6.39859613E-01	1.41707897E-02	3.28541132E-03
-4.36650550E-01	7.30295148E-01	1.41676001E-02	3.26174513E-03
-2.79692584E-01	7.89235200E-01	1.41644142E-02	3.23810634E-03
-1.10549930E-01	8.11146979E-01	1.41612319E-02	3.21449479E-03
6.12183949E-02	7.92680773E-01	1.41580532E-02	3.19091032E-03
2.25091723E-01	7.33114661E-01	1.41548780E-02	3.16735278E-03
3.70333960E-01	6.34615139E-01	1.41517064E-02	3.14382200E-03
4.86804394E-01	5.02283669E-01	1.41485383E-02	3.12031784E-03
5.65771876E-01	3.43974955E-01	1.41453737E-02	3.09684013E-03
6.00668579E-01	1.69890041E-01	1.41422126E-02	3.07338873E-03
5.87721836E-01	-8.03505279E-03	1.41390549E-02	3.04996346E-03
5.26409550E-01	-1.76907943E-01	1.41359007E-02	3.02656420E-03
4.19696108E-01	-3.23774304E-01	1.41327498E-02	3.00319077E-03
2.74020696E-01	-4.36565963E-01	1.41296024E-02	2.97984302E-03
9.90274718E-02	-5.05034116E-01	1.41264584E-02	2.95652081E-03
-9.29540480E-02	-5.21597659E-01	1.41233177E-02	2.93322398E-03
-2.87651235E-01	-4.82040314E-01	1.41201803E-02	2.90995239E-03
-4.69768655E-01	-3.85998932E-01	1.41170462E-02	2.88670587E-03
-6.24027224E-01	-2.37198525E-01	1.41139155E-02	2.86348428E-03
-7.36252270E-01	-4.34064127E-02	1.41107880E-02	2.84028748E-03
-7.94434525E-01	1.83902819E-01	1.41076638E-02	2.81711531E-03
-7.89687432E-01	4.30159360E-01	1.41045428E-02	2.79396762E-03
-7.17028939E-01	6.78554873E-01	1.41014250E-02	2.77084426E-03
-5.75926026E-01	9.11093015E-01	1.40983104E-02	2.74774510E-03
-3.70554983E-01	1.10976767E+00	1.40951990E-02	2.72466998E-03
-1.09748905E-01	1.25779168E+00	1.40920908E-02	2.70161876E-03
1.93375143E-01	1.34079298E+00	1.40889857E-02	2.67859128E-03
5.22094791E-01	1.34789479E+00	1.40858837E-02	2.65558741E-03
8.57030797E-01	1.27260213E+00	1.40827848E-02	2.63260701E-03
1.17730956E+00	1.11342801E+00	1.40796890E-02	2.60964992E-03
1.46186786E+00	8.74208714E-01	1.40765962E-02	2.58671600E-03
1.69081632E+00	5.64077562E-01	1.40735065E-02	2.56380511E-03
1.84677200E+00	1.97088628E-01	1.40704198E-02	2.54091712E-03
1.91607036E+00	-2.08494170E-01	1.40673361E-02	2.51805186E-03
1.88977294E+00	-6.31204618E-01	1.40642554E-02	2.49520922E-03
1.76439877E+00	-1.04761948E+00	1.40611777E-02	2.47238903E-03
1.54232466E+00	-1.43376540E+00	1.40581029E-02	2.44959117E-03
1.23182023E+00	-1.76659908E+00	1.40550310E-02	2.42681549E-03
8.46707383E-01	-2.02546565E+00	1.40519621E-02	2.40406185E-03
4.05658359E-01	-2.19343994E+00	1.40488960E-02	2.38133012E-03
-6.88291241E-02	-2.25846144E+00	1.40458328E-02	2.35862016E-03
-5.51719475E-01	-2.21418575E+00	1.40427725E-02	2.33593182E-03
-1.01691110E+00	-2.06049287E+00	1.40397150E-02	2.31326497E-03
-1.43880096E+00	-1.80361429E+00	1.40366603E-02	2.29061947E-03
-1.79384294E+00	-1.45586516E+00	1.40336084E-02	2.26799519E-03
-2.06200049E+00	-1.03499351E+00	1.40305593E-02	2.24539198E-03
-2.22799956E+00	-5.63183408E-01	1.40275129E-02	2.22280973E-03
-2.28230027E+00	-6.57718650E-02	1.40244693E-02	2.20024827E-03
-2.22172296E+00	4.30241773E-01	1.40214284E-02	2.17770750E-03
-2.04968633E+00	8.97801135E-01	1.40183903E-02	2.15518726E-03
-1.77603996E+00	1.31141209E+00	1.40153548E-02	2.13268742E-03
-1.41649995E+00	1.64867377E+00	1.40123220E-02	2.11020786E-03
-9.91721473E-01	1.89162459E+00	1.40092918E-02	2.08774843E-03
-5.26065928E-01	2.02781785E+00	1.40062643E-02	2.06530901E-03
-4.61397715E-02	2.05105909E+00	1.40032394E-02	2.04288946E-03
4.20803011E-01	1.96175890E+00	1.40002171E-02	2.02048965E-03
8.48494299E-01	1.76687942E+00	1.39971974E-02	1.99810945E-03
1.21321847E+00	1.47947920E+00	1.39941803E-02	1.97574873E-03
1.49521422E+00	1.11788648E+00	1.39911657E-02	1.95340736E-03
1.67982460E+00	7.04554845E-01	1.39881536E-02	1.93108520E-03
1.75832472E+00	2.64674998E-01	1.39851441E-02	1.90878213E-03
1.72837801E+00	-1.75368209E-01	1.39821370E-02	1.88649802E-03
1.59409568E+00	-5.89595439E-01	1.39791325E-02	1.86423273E-03
1.36569996E+00	-9.53988275E-01	1.39761304E-02	1.84198615E-03
1.05881711E+00	-1.24790338E+00	1.39731307E-02	1.81975814E-03
6.93449168E-01	-1.45525858E+00	1.39701335E-02	1.79754857E-03
2.92694011E-01	-1.56541983E+00	1.39671386E-02	1.77535731E-03
-1.18702183E-01	-1.57373819E+00	1.39641462E-02	1.75318425E-03
-5.15866045E-01	-1.48170908E+00	1.39611561E-02	1.73102925E-03
-8.75294813E-01	-1.29675109E+00	1.39581685E-02	1.70889218E-03
-1.17623704E+00	-1.03162591E+00	1.39551831E-02	1.68677293E-03
-1.40187189E+00	-7.03543627E-01	1.39522001E-02	1.66467135E-03
-1.54021734E+00	-3.33017280E-01	1.39492194E-02	1.64258734E-03
-1.58471679E+00	5.74549977E-02	1.39462410E-02	1.62052076E-03
-1.53447552E+00	4.44792330E-01	1.39432648E-02	1.59847149E-03
-1.39414188E+00	8.06726881E-01	1.39402909E-02	1.57643941E-03
-1.17345128E+00	1.12310479E+00	1.39373193E-02	1.55442439E-03
-8.86472683E-01	1.37701266E+00	1.39343499E-02	1.53242631E-03
-5.50615515E-01	1.55566369E+00	1.39313827E-02	1.51044504E-03
-1.85468677E-01	1.65099546E+00	1.39284177E-02	1.48848046E-03
1.88447603E-01	1.65995182E+00	1.39254548E-02	1.46653245E-03
5.50933624E-01	1.58444324E+00	1.39224942E-02	1.44460090E-03
8.83284888E-01	1.43100146E+00	1.39195356E-02	1.42268566E-03
1.16931697E+00	1.21016429E+00	1.39165792E-02	1.40078663E-03
1.39618078E+00	9.35642747E-01	1.39136250E-02	1.37890369E-03
1.55492511E+00	6.23335779E-01	1.39106728E-02	1.35703671E-03
1.64078220E+00	2.90264970E-01	1.39077227E-02	1.33518557E-03
1.65317227E+00	-4.64957962E-02	1.39047746E-02	1.31335015E-03
1.59544248E+00	-3.70823950E-01	1.39018286E-02	1.29153034E-03
1.47437345E+00	-6.68421387E-01	1.38988847E-02	1.26972600E-03
1.29950144E+00	-9.27505711E-01	1.38959427E-02	1.24793704E-03
1.08231459E+00	-1.13928366E+00	1.38930028E-02	1.22616331E-03
8.35388090E-01	-1.29818835E+00	1.38900648E-02	1.20440472E-03
5.71523675E-01	-1.40188013E+00	1.38871288E-02	1.18266113E-03
3.02955342E-01	-1.45102831E+00	1.38841948E-02	1.16093243E-03
4.06744812E-02	-1.44890651E+00	1.38812627E-02	1.13921851E-03
-2.06084255E-01	-1.40084674E+00	1.38783325E-02	1.11751924E-03
-4.30169952E-01	-1.31360556E+00	1.38754042E-02	1.09583450E-03
-6.26645092E-01	-1.19469982E+00	1.38724778E-02	1.07416420E-03
-7.92724149E-01	-1.05176855E+00	1.38695533E-02	1.05250819E-03
-9.27542701E-01	-8.92012218E-01	1.38666307E-02	1.03086638E-03
-1.03179170E+00	-7.21751579E-01	1.38637098E-02	1.00923863E-03
-1.10726130E+00	-5.46135768E-01	1.38607909E-02	9.87624850E-04
-1.15634448E+00	-3.69014882E-01	1.38578737E-02	9.66024909E-04
-1.18155202E+00	-1.92976966E-01	1.38549583E-02	9.44438695E-04
-1.18508743E+00	-1.95343391E-02	1.38520447E-02	9.22866093E-04
-1.16852334E+00	1.50569208E-01	1.38491329E-02	9.01306990E-04
-1.13261024E+00	3.16969452E-01	1.38462228E-02	8.79761271E-04
-1.07723513E+00	4.79257312E-01	1.38433145E-02	8.58228822E-04
-1.00153326E+00	6.36568297E-01	1.38404079E-02	8.36709530E-04
-9.04140965E-01	7.87233793E-01	1.38375029E-02	8.15203281E-04
-7.83563955E-01	9.28536627E-01	1.38345997E-02	7.93709961E-04
-6.38623346E-01	1.05660389E+00	1.38316982E-02	7.72229459E-04
-4.68933506E-01	1.16645763E+00	1.38287983E-02	7.50761661E-04
-2.75360840E-01	1.25222934E+00	1.38259000E-02	7.29306456E-04
-6.04124427E-02	1.30752917E+00	1.38230034E-02	7.07863730E-04
1.71492338E-01	1.32594519E+00	1.38201084E-02	6.86433372E-04
4.13906040E-01	1.30163543E+00	1.38172150E-02	6.65015271E-04
6.58419602E-01	1.22996416E+00	1.38143232E-02	6.43609315E-04
8.94923243E-01	1.10812752E+00	1.38114329E-02	6.22215393E-04
1.11205746E+00	9.35710652E-01	1.38085442E-02	6.00833395E-04
1.29783327E+00	7.15121210E-01	1.38056571E-02	5.79463208E-04
1.44038525E+00	4.51850293E-01	1.38027715E-02	5.58104724E-04
1.52880754E+00	1.54523531E-01	1.37998873E-02	5.36757831E-04
1.55401311E+00	-1.65280732E-01	1.37970047E-02	5.15422420E-04
1.50955079E+00	-4.93451952E-01	1.37941236E-02	4.94098381E-04
1.39231392E+00	-8.13994126E-01	1.37912439E-02	4.72785605E-04
1.20307853E+00	-1.10986803E+00	1.37883657E-02	4.51483982E-04
9.46818414E-01	-1.36398160E+00	1.37854889E-02	4.30193403E-04
6.32757874E-01	-1.56026713E+00	1.37826135E-02	4.08913759E-04
2.74140243E-01	-1.68477421E+00	1.37797396E-02	3.87644942E-04
-1.12290343E-01	-1.72670220E+00	1.37768670E-02	3.66386844E-04
-5.07075775E-01	-1.67929630E+00	1.37739958E-02	3.45139355E-04
-8.89061265E-01	-1.54053725E+00	1.37711260E-02	3.23902369E-04
-1.23658678E+00	-1.31356582E+00	1.37682575E-02	3.02675776E-04
-1.52878147E+00	-1.00679882E+00	1.37653904E-02	2.81459471E-04
-1.74687968E+00	-6.33713132E-01	1.37625245E-02	2.60253344E-04
-1.87547191E+00	-2.12295710E-01	1.37596600E-02	2.39057289E-04
-1.90360534E+00	2.35819599E-01	1.37567968E-02	2.17871200E-04
-1.82565484E+00	6.86485560E-01	1.37539349E-02	1.96694968E-04
-1.64189848E+00	1.11438284E+00	1.37510742E-02	1.75528488E-04
-1.35874825E+00	1.49449034E+00	1.37482148E-02	1.54371654E-04
-9.88608690E-01	1.80359467E+00	1.37453566E-02	1.33224358E-04
-5.49359139E-01	2.02174333E+00	1.37424996E-02	1.12086495E-04
-6.34804203E-02	2.13354706E+00	1.37396438E-02	9.09579584E-05
4.43129616E-01	2.12924402E+00	1.37367892E-02	6.98386436E-05
9.42585783E-01	2.00545146E+00	1.37339358E-02	4.87284444E-05
1.40660700E+00	1.76554928E+00	1.37310836E-02	2.76272557E-05
1.80817368E+00	1.41966192E+00	1.37282325E-02	6.53497223E-06
2.12314886E+00	9.84230586E-01	1.37253826E-02	-1.45485110E-05
2.33176123E+00	4.81193554E-01	1.37225337E-02	-3.56232987E-05
2.41985515E+00	-6.31821526E-02	1.37196860E-02	-5.66894957E-05
2.37982603E+00	-6.19751507E-01	1.37168394E-02	-7.77472064E-05
2.21117800E+00	-1.15813956E+00	1.37139938E-02	-9.87965350E-05
1.92066426E+00	-1.64848807E+00	1.37111493E-02	-1.19837586E-04
1.52199596E+00	-2.06319448E+00	1.37083059E-02	-1.40870463E-04
1.03513274E+00	-2.37853645E+00	1.37054635E-02	-1.61895270E-04
4.85194545E-01	-2.57608136E+00	1.37026221E-02	-1.82912110E-04
-9.89418751E-02	-2.64379298E+00	1.36997818E-02	-2.03921088E-04
-6.86277951E-01	-2.57676594E+00	1.36969424E-02	-2.24922306E-04
-1.24546128E+00	-2.37754153E+00	1.36941040E-02	-2.45915869E-04
-1.74657949E+00	-2.05598461E+00	1.36912666E-02	-2.66901878E-04
-2.16287108E+00	-1.62872844E+00	1.36884301E-02	-2.87880437E-04
-2.47224958E+00	-1.11822135E+00	1.36855946E-02	-3.08851648E-04
-2.65854908E+00	-5.51433760E-01	1.36827600E-02	-3.29815615E-04
-2.71241691E+00	4.16949078E-02	1.36799263E-02	-3.50772439E-04
-2.63180131E+00	6.29974231E-01	1.36770935E-02	-3.71722224E-04
-2.42200761E+00	1.18274083E+00	1.36742616E-02	-3.92665071E-04
-2.09532317E+00	1.67158861E+00	1.36714306E-02	-4.13601082E-04
