jMRUI Data Textfile

Filename: /Users/kayigwe/Desktop/TE26_BASISSET/converter/sample_basis_sets/JMRUI/MM.txt

PointsInDataset: 2048
DatasetsInFile: 1
SamplingInterval: 2.500000E-01
ZeroOrderPhase: 0.000000E+00
BeginTime: 0.000000E+00
TransmitterFrequency: 1.232618E+08
MagneticField: 2.895033E+00
TypeOfNucleus: 0.000000E+00
NameOfPatient: MM
DateOfExperiment: 20260523
Spectrometer: Unknown
AdditionalInfo: Converted by basis_set_converter


Signal and FFT
sig(real)	sig(imag)	fft(real)	fft(imag)
Signal 1 out of 1 in file
5.83651926E+02	6.97029698E+00	-2.57654484E-01	4.87995533E-02
1.06713875E+03	-3.17630553E+02	-2.58064640E-01	1.93816976E-03
6.02269478E+02	-6.37290943E+02	-2.45021921E-01	2.07591605E-02
2.66159457E+02	-7.56845683E+02	-2.99231443E-01	5.89523544E-04
-2.38241843E+02	-6.79798425E+02	-2.86131146E-01	-7.10774861E-02
-4.79426554E+02	-4.27020356E+02	-2.49734556E-01	-9.25693503E-02
-6.07370296E+02	-1.13461900E+02	-2.14729636E-01	-1.18625812E-01
-4.27469439E+02	1.31292945E+02	-1.50180994E-01	-1.00039275E-01
-2.12145016E+02	2.34297253E+02	-1.73098786E-01	-3.70577182E-02
5.30529250E+01	1.97304118E+02	-2.00853249E-01	-1.12441920E-01
1.72423706E+02	6.75928880E+01	-7.94213099E-02	-7.88762257E-02
2.25735224E+02	-8.53637039E+01	-1.61226438E-01	2.25308289E-02
1.17531406E+02	-1.90606730E+02	-2.09286838E-01	-3.59988095E-02
1.27748213E+01	-2.37070048E+02	-2.32432125E-01	-6.98818129E-02
-1.25278348E+02	-2.10399541E+02	-1.83399518E-01	-1.36331470E-01
-1.72592560E+02	-1.41350482E+02	-1.61889574E-01	-1.11160913E-01
-1.99021298E+02	-7.69230206E+01	-1.32733908E-01	-1.53450905E-01
-1.77379113E+02	-2.94796231E+01	-8.19085285E-02	-1.27755810E-01
-1.76123439E+02	-9.05496791E+00	-2.74100591E-02	-9.31780678E-02
-1.65960753E+02	1.83157000E+01	-8.07070208E-02	2.49162151E-02
-1.85680110E+02	4.65657147E+01	-1.83937144E-01	-6.13790605E-02
-1.75995766E+02	1.00291084E+02	-1.03051922E-01	-1.24793485E-01
-1.57102957E+02	1.44262036E+02	-4.69418294E-02	-7.73781387E-02
-8.40052981E+01	1.74237526E+02	-6.95710676E-02	-3.00804878E-02
-1.27118409E+01	1.60411952E+02	-6.63789813E-02	-2.52739794E-02
6.28699860E+01	1.04819230E+02	-1.17276707E-01	2.49280459E-02
8.02073574E+01	4.03962124E+01	-1.56975222E-01	-5.05670813E-02
6.58413313E+01	-2.74322896E+01	-1.09876669E-01	-5.40664229E-02
1.94655063E+01	-5.34987762E+01	-1.15797031E-01	-4.31124914E-02
-4.03849111E+01	-2.70396343E+01	-1.25518331E-01	-5.11358484E-02
-9.79428793E+01	2.96987662E+01	-9.14213629E-02	-5.14834372E-02
-9.65407539E+01	9.97988412E+01	-1.49278884E-01	-1.20722174E-02
-7.12525028E+01	1.43088811E+02	-1.24546819E-01	-1.13006963E-01
-5.93105227E+00	1.64081645E+02	-6.83010897E-02	-9.79956164E-03
4.89468163E+01	1.37191044E+02	-1.74371838E-01	-2.96049064E-02
9.75664279E+01	1.05561628E+02	-1.51545082E-01	-7.57269807E-02
9.34376740E+01	6.24197480E+01	-1.46764287E-01	-1.05212911E-01
9.59897768E+01	4.67147402E+01	-1.07808876E-01	-1.08523997E-01
8.70594168E+01	2.14240780E+01	-8.54010367E-02	-1.08125494E-01
8.95897851E+01	1.34865604E+01	-7.88729155E-02	-6.53279511E-02
9.30686243E+01	-5.61285569E-01	-9.62904203E-02	-8.93820039E-02
1.08407300E+02	-2.27086485E+01	-7.56739121E-02	-6.82273816E-02
8.98858728E+01	-5.58153422E+01	-6.20901094E-02	-8.23461140E-02
7.08930387E+01	-9.71252084E+01	-6.66468590E-02	2.78374147E-02
1.89883977E+01	-1.15847206E+02	-2.19964343E-01	-5.36452590E-02
-2.08058052E+01	-9.73269630E+01	-1.07515176E-01	-1.49037464E-01
-6.41910085E+01	-5.91659139E+01	-8.43511839E-02	-9.61694952E-02
-6.39732198E+01	-7.71029530E+00	-7.25078321E-02	-8.07290507E-02
-3.90676445E+01	4.18354371E+01	-1.09673483E-01	-6.88418309E-02
1.44920408E+01	5.26311330E+01	-1.03703374E-01	-9.56824475E-02
5.17910461E+01	3.13694144E+01	-1.03462552E-01	-1.15014196E-01
7.68658591E+01	-1.05496802E+01	-4.49507836E-02	-1.11726333E-01
5.41605524E+01	-5.70891320E+01	-7.22919961E-02	-5.88639970E-02
1.33435831E+01	-7.93789179E+01	-7.59328629E-02	-9.21608891E-02
-4.04150313E+01	-8.79165140E+01	-6.03404811E-02	-3.96723615E-02
-7.83228726E+01	-5.99012695E+01	-1.52912439E-01	-4.42840338E-02
-9.59863464E+01	-8.25464317E+00	-1.39240905E-01	-1.38541430E-01
-6.80669604E+01	3.31477497E+01	-9.71475315E-02	-1.35538274E-01
-3.16683695E+01	5.48023245E+01	-7.02674333E-02	-1.56721944E-01
1.76657937E+01	5.19696369E+01	-4.71750149E-02	-1.15675612E-01
3.68446660E+01	2.28240659E+01	-4.86970645E-02	-1.44919610E-01
4.87004855E+01	-1.18368895E+01	-9.67483146E-05	-8.69583467E-02
2.49150918E+01	-3.71157403E+01	-5.39735444E-02	-7.96731142E-02
6.02587609E+00	-3.80110200E+01	-3.91701077E-02	-5.68621507E-02
-2.47643964E+01	-2.84245288E+01	-1.14319829E-01	-9.05678692E-02
-3.77833605E+01	-2.22457262E+00	-2.77541230E-02	-1.24634136E-01
-2.88423769E+01	1.14016951E+01	-7.18816525E-02	-5.49865486E-02
-2.03010704E+01	2.44706448E+01	-8.63181343E-02	-1.20375829E-01
-7.73040204E-01	1.65650009E+01	-6.44100958E-02	-1.09962572E-01
4.14799177E+00	-1.49068358E+00	-7.04275131E-02	-1.39200812E-01
-5.19114586E+00	-1.66649017E+01	-1.34769012E-02	-1.43704879E-01
-2.40184538E+01	-1.40288036E+01	-2.30234638E-02	-8.10913361E-02
-3.55224069E+01	-2.66844666E+00	-6.42373548E-02	-1.36077112E-01
-2.51501990E+01	1.70906547E+01	2.26178846E-02	-1.36854548E-01
-1.53694229E+01	3.18602718E+01	7.22515427E-03	-7.69703433E-02
3.65778010E+00	3.79109768E+01	-8.76482651E-03	-6.33209435E-02
1.99395161E+01	3.57580149E+01	-4.95054118E-02	-8.71600645E-02
3.11592552E+01	1.28897094E+01	1.72984614E-02	-1.08006987E-01
2.35130200E+01	1.59725672E+00	6.62431405E-03	-3.21333008E-02
2.20688050E-01	-1.61325546E+01	-3.96782566E-02	-2.85386076E-02
-1.53847178E+01	-9.45304023E+00	-8.06405875E-02	-6.31962005E-02
-2.65942430E+01	5.99005128E+00	-2.63259324E-02	-9.48390986E-02
-1.66010657E+01	2.92706451E+01	-5.31520746E-02	-3.80666094E-02
-1.76709488E-01	3.27105316E+01	-6.94459140E-02	-1.04526528E-01
2.68896288E+01	3.58251524E+01	-1.64701417E-02	-6.79770339E-02
4.20195565E+01	1.68626248E+01	-8.55339557E-02	-4.77380589E-02
4.67202488E+01	-8.68441194E+00	-8.48137364E-02	-1.24674841E-01
3.95650106E+01	-3.69207698E+01	-2.36771521E-02	-1.04721594E-01
1.25990554E+01	-4.45567124E+01	-7.01805615E-02	-7.83296795E-02
-1.24374656E+01	-4.44090415E+01	-7.04073531E-02	-1.43381427E-01
-3.19959064E+01	-2.59820397E+01	-3.60090317E-03	-1.49677597E-01
-3.49665146E+01	7.86780525E+00	2.16184593E-02	-9.00764312E-02
-1.66217522E+01	3.55773200E+01	-2.15248227E-02	-6.42552338E-02
5.85752309E+00	4.39219505E+01	-4.19185178E-02	-7.89846166E-02
3.52516207E+01	2.52807822E+01	-4.71879414E-02	-1.18613503E-01
5.19999136E+01	7.29179731E+00	2.39155953E-02	-1.16042510E-01
4.46942369E+01	-2.09797274E+01	5.87602039E-03	-3.63546719E-02
2.99805344E+01	-4.48704979E+01	-6.54325734E-02	-5.17283121E-02
9.01558299E+00	-4.47969260E+01	-4.81163443E-02	-1.24197090E-01
-1.29585481E+01	-5.00585031E+01	1.58656794E-02	-7.21823268E-02
-2.99418228E+01	-3.56653922E+01	-6.02964419E-02	-6.01357071E-02
-3.95337549E+01	-2.44555389E+01	-1.63627153E-02	-8.67103171E-02
-3.74876840E+01	-6.97141064E+00	-7.34584323E-02	-6.19940786E-02
-2.68358052E+01	4.40189161E-01	-1.62234443E-02	-1.24764032E-01
-2.73214041E+01	9.94524824E+00	-3.78648558E-02	-3.27963476E-02
-2.32056194E+01	7.09451704E+00	-6.69212568E-02	-1.04775767E-01
-2.32858672E+01	1.44068010E+01	-5.67085649E-02	-5.94228069E-02
-2.24025900E+01	2.35366313E+01	-9.37669619E-02	-1.36166762E-01
-7.24763035E+00	2.45965775E+01	-2.12616538E-02	-1.11364519E-01
6.11015999E+00	3.41963650E+01	-6.88677851E-02	-1.09988838E-01
1.78625804E+01	2.59428951E+01	-3.91478609E-02	-1.19726568E-01
2.72575413E+01	9.36158156E+00	-7.33848263E-02	-1.20192856E-01
2.53701164E+01	-1.04211715E+01	-5.15484732E-02	-1.65008406E-01
7.58883374E+00	-1.70755747E+01	-2.57108389E-02	-1.59907702E-01
-8.14960304E+00	-1.80184808E+01	-2.19921700E-02	-1.74697566E-01
-2.15358480E+01	-1.78279217E-01	4.63620506E-02	-1.96693774E-01
-3.31873472E+01	1.31262412E+01	9.55340217E-02	-9.62555060E-02
-1.67851850E+01	2.80542568E+01	1.63329070E-02	-4.41432087E-02
-2.01595435E+00	3.25214593E+01	-3.15019304E-02	-6.99823607E-02
2.86045511E+01	2.95403826E+01	-3.98188666E-02	-1.17179164E-01
3.38792789E+01	1.80194725E+01	-7.92107877E-03	-1.27972539E-01
3.23452518E+01	-5.55395352E+00	4.12858406E-03	-1.27437096E-01
2.82211314E+01	-2.03189859E+01	1.87446001E-02	-1.01881072E-01
1.15055257E+01	-2.01684907E+01	-9.18395806E-03	-1.02759283E-01
-9.74760706E+00	-2.15256274E+01	9.33265291E-03	-1.04282894E-01
-7.18377804E+00	-7.25909956E+00	-3.15217976E-02	-9.01744851E-02
-1.17734669E+01	1.93750213E+00	-3.40762072E-02	-1.68383233E-01
-4.25382250E+00	9.37774923E+00	6.32341562E-02	-1.73611032E-01
4.60238389E+00	1.64308743E+01	7.80348997E-02	-8.72574735E-02
9.59082358E+00	1.64581526E+01	3.34656041E-02	-7.48976928E-02
1.62857911E+01	5.34810111E+00	3.81900606E-02	-7.45010935E-02
5.22456347E+00	-2.98880535E+00	2.44553910E-02	-4.85257455E-02
3.41960355E+00	-9.27216853E-01	-1.48858100E-02	-4.14898926E-02
5.16157961E+00	-1.49413846E+00	-5.14728906E-02	-7.63507534E-02
4.98549057E+00	3.66697898E+00	-3.44987904E-02	-1.31938790E-01
2.13581352E+01	4.76767050E+00	1.76894508E-02	-1.23007613E-01
1.89760873E+01	9.66412004E-01	-2.70194361E-03	-1.13486919E-01
2.91286389E+01	-1.18845668E+01	6.22210213E-02	-1.37964832E-01
2.33628530E+01	-2.14365048E+01	6.47113517E-02	-2.32172714E-02
9.97277987E+00	-2.10583597E+01	-3.04517134E-02	-3.31159514E-02
-2.11273864E+00	-3.15768639E+01	-5.44024805E-02	-8.03986223E-02
-1.63372981E+01	-2.37784978E+01	-7.26775526E-03	-1.41458757E-01
-2.09644653E+01	-1.22901418E+01	2.19048259E-02	-5.52861790E-02
-2.61290914E+01	1.83892829E+00	-6.09173708E-02	-1.00911770E-01
-1.85188051E+01	1.05821017E+01	-5.04296800E-03	-1.23049192E-01
-1.43092989E+00	1.31787494E+01	-1.55073676E-02	-1.44496698E-01
1.63741998E-01	1.00481700E+01	6.19546998E-02	-1.15366959E-01
1.23999905E+01	-6.71480428E-01	-1.63576325E-03	-7.62200756E-02
7.77068542E+00	-1.21782313E+01	1.28409544E-02	-9.63428986E-02
2.77522524E+00	-1.19027946E+01	-3.36918166E-02	-1.13130142E-01
-4.73467858E+00	-2.15765829E+01	5.80811299E-02	-1.56738634E-01
-1.28770150E+01	-1.76041434E+01	4.65992847E-02	-5.55960426E-02
-1.43931496E+01	-8.40662026E+00	2.56424745E-03	-8.89235250E-02
-1.82005272E+01	-2.77180606E+00	1.80451375E-02	-1.01017607E-01
-1.64927816E+01	1.16989266E+01	4.49831305E-02	-7.56618181E-02
-1.47560308E+00	9.65751769E+00	-2.70795231E-02	-5.80413450E-02
6.23153018E+00	1.70420820E+01	1.25381245E-02	-1.48403455E-01
7.04966904E+00	1.03207052E+01	7.20776290E-02	-7.20013390E-02
7.24783975E+00	4.54060336E+00	2.04123512E-02	-3.76073924E-02
9.85235922E+00	-5.33187683E+00	-1.86396235E-02	-5.15657083E-02
9.64279146E+00	-9.29689233E+00	-1.28397467E-02	-7.80977162E-02
2.48506575E+00	-1.60511133E+01	-3.64389997E-02	-8.29167797E-02
-8.23962878E-01	-1.38930007E+01	1.00756154E-02	-1.38248557E-01
-4.52712931E+00	-1.41373304E+01	3.91247113E-02	-6.45970277E-02
-1.06271852E+01	-1.14859992E+01	2.85701773E-03	-7.44541735E-02
-1.50481572E+01	-3.27258000E+00	9.05742333E-03	-4.25948228E-02
-1.20499954E+01	6.73002298E+00	-4.75055845E-02	-6.49657332E-02
-3.92722772E+00	1.46514034E+01	-1.72626665E-02	-8.55836001E-02
4.78747920E-01	6.88711517E+00	-5.01610210E-02	-6.59581262E-02
7.71750244E+00	1.06631965E+01	-6.83530688E-02	-1.32270895E-01
8.16992280E+00	9.59456112E+00	2.82859051E-03	-1.55268225E-01
1.41238952E+01	2.79894201E+00	2.10940550E-02	-1.05593417E-01
1.68846046E+01	1.60963519E+00	7.64798514E-03	-9.00688248E-02
1.83574833E+01	-7.17245644E+00	-2.18145019E-02	-7.56476769E-02
8.89621144E+00	-1.21224868E+01	-4.72621824E-02	-1.18478707E-01
6.35685531E+00	-1.31974488E+01	-1.18796455E-02	-1.53827365E-01
8.56929893E-01	-1.55081550E+01	3.64725336E-02	-1.36045971E-01
-2.14956977E+00	-7.82937585E+00	3.44410277E-02	-9.23994204E-02
2.54384747E+00	-1.32969581E+01	1.36837156E-02	-6.86667893E-02
-5.73276519E+00	-1.00675391E+01	-3.87685677E-02	-8.58139531E-02
1.02614306E+00	-7.00890744E+00	6.32891513E-03	-1.22040116E-01
5.81584002E+00	-1.18622553E+01	-3.32208486E-02	-6.81877059E-02
9.01028936E-01	-1.27859102E+01	-3.72756696E-02	-1.69848886E-01
-2.56209354E+00	-1.44057495E+01	3.71801524E-02	-1.12699950E-01
-1.77894113E+01	-1.58354945E+01	-1.97437461E-02	-1.22037380E-01
-1.24637021E+01	-1.70196744E+01	3.30113758E-02	-1.29055360E-01
-1.45222861E+01	-1.57104412E+01	1.63895546E-02	-9.95045579E-02
-1.81331024E+01	-5.41165763E+00	1.60294923E-02	-9.28128439E-02
-1.49027557E+01	-3.59189847E+00	-3.28087432E-03	-9.55250827E-02
-1.87121510E+01	-8.85581926E+00	3.07546377E-03	-8.61691519E-02
-1.32961158E+01	6.25267203E+00	-2.69066352E-02	-9.50012572E-02
-1.90047736E+01	-1.54458153E+00	-1.92487811E-02	-9.52169776E-02
-1.60430862E+01	1.13944805E+01	-5.59635616E-02	-1.27589412E-01
-1.44037406E+01	1.00858661E+01	1.18154057E-02	-1.41603395E-01
-9.93624546E+00	1.37429981E+01	-4.31021386E-02	-8.97539546E-02
-6.96542565E+00	5.81309608E+00	-5.46929645E-02	-1.85049948E-01
-8.08256235E+00	1.18858310E+01	2.51843326E-02	-1.95183736E-01
-3.82834369E+00	1.22643937E+01	7.73080183E-02	-1.37734574E-01
9.75802740E-01	5.02757015E+00	1.47420775E-02	-5.93776259E-02
7.95981005E-01	-2.11918986E+00	-3.95962170E-02	-1.14731510E-01
1.79903042E+00	4.13808405E+00	-4.84488398E-02	-1.31710114E-01
-6.44158667E+00	1.01329252E+01	-3.51628288E-02	-2.19962250E-01
-1.36267362E+00	7.09994224E+00	5.88971502E-02	-1.91365533E-01
1.06481870E+00	1.02847233E+01	4.36578108E-02	-1.75584438E-01
2.91218385E+00	3.87726694E+00	9.85867874E-02	-1.53383330E-01
-4.41148410E-01	7.54776672E+00	7.65805843E-02	-1.06724548E-01
3.85247245E+00	7.31696690E+00	7.65161139E-02	-6.71589541E-02
-2.47384175E+00	8.11737755E-01	-1.99593390E-02	-6.34726820E-02
3.53902647E+00	7.16368061E+00	1.79652382E-02	-1.40580387E-01
1.98361762E+00	1.57635541E+00	2.57471775E-02	-7.95421918E-02
6.93132808E+00	1.13664752E+00	-1.57895976E-02	-1.03134750E-01
-5.55641150E+00	4.75724996E+00	-2.36487830E-02	-1.22499825E-01
3.51775284E+00	1.80760361E-01	-3.40169309E-03	-1.61529587E-01
2.31480687E+00	2.97253115E+00	1.72832952E-02	-1.40886355E-01
-4.11289991E+00	1.67541582E+00	1.34569673E-02	-1.61713739E-01
6.04185663E+00	8.47987901E+00	5.63029463E-02	-1.53500146E-01
4.91790412E+00	7.63477337E+00	5.66073221E-02	-1.05593759E-01
2.05116713E+00	4.32751005E+00	1.24308990E-03	-9.32595778E-02
7.58640233E+00	2.51232469E+00	-1.46532527E-02	-1.54779800E-01
3.27230126E+00	-1.61575096E+00	4.74282735E-02	-1.74173623E-01
1.20027359E+01	-1.14603349E+00	5.86946784E-02	-1.03088967E-01
5.28229879E+00	-8.09112230E+00	-2.62000237E-02	-1.41705940E-01
-3.00974930E-01	-7.70545236E+00	8.46914056E-02	-2.12345482E-01
-2.03173485E+00	-8.90527002E+00	1.08124559E-01	-8.17323970E-02
-5.09017877E+00	-1.00803115E+01	3.98682788E-02	-9.32020979E-02
-7.87628375E+00	-1.30541927E+01	4.99451639E-02	-8.39215979E-02
-8.92304342E+00	-7.42833764E+00	1.56996058E-02	-7.27292176E-02
-1.07171564E+01	-7.73928698E+00	-2.49550129E-02	-1.02273327E-01
-6.88077380E+00	2.68713642E+00	2.40842459E-02	-1.52186110E-01
-7.73164461E+00	9.21218787E+00	1.87666618E-02	-7.36521516E-02
-7.09642550E+00	6.78113864E+00	-4.88248813E-02	-1.45058746E-01
-7.19064580E+00	2.73044615E+00	1.16519286E-02	-1.69001713E-01
-3.73440466E+00	3.48745454E+00	1.18189186E-02	-1.87740120E-01
1.79069355E+00	2.95305477E+00	8.35310785E-02	-1.81660001E-01
8.87029526E-02	3.33114858E+00	7.76597561E-02	-1.33924171E-01
-1.15241497E+01	2.89508290E+00	9.06249763E-02	-1.25384813E-01
-5.63264335E+00	4.45307184E+00	8.12221874E-02	-6.90955235E-02
-4.63476135E+00	-4.54919512E+00	1.18042196E-02	-6.40894298E-02
-5.70764333E+00	3.59565872E+00	7.94459768E-03	-1.19625371E-01
-4.02933811E+00	4.32334517E+00	2.43902053E-02	-1.02523805E-01
2.93338140E+00	8.33987570E+00	-8.34113999E-04	-1.29535947E-01
-6.16575830E-01	6.54199758E+00	4.44482730E-02	-1.35887744E-01
3.46880954E+00	4.23729081E+00	2.86772964E-02	-9.58730295E-02
9.09352584E-01	4.86663295E+00	-7.79895342E-03	-1.15267396E-01
-2.45258479E+00	-1.82197130E+00	-3.93150883E-03	-1.54846265E-01
3.67108778E+00	4.03731104E+00	3.36030182E-02	-1.82637085E-01
-1.79256300E+00	1.05326191E+01	9.77077449E-02	-1.43811104E-01
-4.93491617E+00	7.06101445E+00	4.06650449E-02	-7.25361126E-02
4.34043050E+00	4.11761519E+00	1.00626737E-02	-1.40449936E-01
-1.85345617E+00	2.51114828E+00	4.55826304E-02	-1.21974228E-01
-1.74413978E+00	4.84599988E+00	2.33258820E-02	-1.44479311E-01
-5.12415203E+00	8.24176227E+00	7.37065691E-02	-1.34880408E-01
2.64351836E+00	1.13657214E+01	4.86844576E-02	-1.01117937E-01
7.64525786E+00	9.18338154E+00	3.81890874E-02	-1.19162095E-01
1.08347493E+01	6.63068126E+00	6.82550376E-02	-1.22866842E-01
7.21549009E+00	1.25225686E+01	6.97390952E-02	-5.95208405E-02
1.05364910E+01	7.06305952E+00	2.69230713E-03	-5.53934078E-02
9.91233366E+00	1.23116086E+00	-2.69292704E-02	-8.12709375E-02
7.66268530E+00	2.27523894E-01	-3.35602230E-02	-1.45129996E-01
1.09204017E+01	5.64397410E-01	3.35722878E-02	-1.36462877E-01
1.69352112E+00	-4.38424759E+00	-6.77686746E-03	-9.21474130E-02
-1.28799528E+00	4.13328907E-01	-5.49535804E-02	-1.38867938E-01
2.30517479E+00	-1.94955005E+00	-1.56327187E-02	-2.32401886E-01
4.12237671E-02	1.13573715E+00	1.11263128E-01	-1.84500513E-01
1.19692445E+01	1.78026329E-01	4.61222323E-02	-7.76934365E-02
7.00091091E+00	1.27733751E+00	-1.34952304E-02	-1.43304018E-01
8.79556556E+00	-8.79482600E-01	3.33638287E-02	-1.69761292E-01
3.51410443E+00	-2.46518804E+00	4.08178155E-02	-1.51964606E-01
5.77283880E+00	-1.68996841E+00	6.38547581E-02	-1.58352233E-01
-5.69633282E-01	-2.55256573E-01	5.91717275E-02	-9.27870928E-02
8.78290849E+00	-3.80620651E+00	-1.58939282E-02	-1.42318801E-01
-1.63723852E+00	-1.97227709E+00	6.85720099E-02	-1.78874399E-01
5.38515685E-01	-6.18615515E+00	5.63984457E-02	-1.18879114E-01
-4.89633594E+00	-5.41594431E+00	6.52455791E-02	-1.46625489E-01
-2.04345960E+00	-7.34132516E+00	8.74055327E-02	-8.77954579E-02
-5.94826888E+00	-5.38227682E+00	3.14676805E-02	-4.87999316E-02
-7.69610812E+00	-1.08623935E+00	-4.79791954E-02	-7.43181566E-02
-7.19866553E+00	2.72829223E+00	-3.89200638E-02	-1.65708675E-01
-7.72335240E+00	4.78525178E+00	6.56942685E-04	-1.50585496E-01
-3.10824346E+00	8.79986458E+00	-1.81293728E-02	-1.90023331E-01
-1.57248632E+00	2.32398757E+00	5.32058760E-02	-1.91617328E-01
-4.94518404E+00	1.48109257E+00	3.74618389E-02	-1.62486190E-01
-6.71200521E-01	3.81275326E+00	6.92090815E-02	-1.56574447E-01
-4.61586253E+00	1.73909271E+00	5.01051221E-03	-1.19154224E-01
-5.65742523E+00	-4.64143487E-01	1.82106822E-02	-2.19335670E-01
-1.04139831E+01	6.00199056E-02	8.71027554E-02	-1.68442714E-01
-2.87760431E+00	7.11730058E+00	5.05156299E-02	-1.64670959E-01
-8.43148519E-01	4.40434144E+00	7.71140969E-02	-1.81146639E-01
-3.01299378E+00	3.33109897E+00	1.21543634E-01	-1.71261781E-01
6.05239458E-01	7.06543276E+00	1.28876196E-01	-8.09794453E-02
1.00497111E+00	3.48364119E+00	4.58375847E-02	-8.34078810E-02
3.71142219E-02	3.94027558E+00	6.61473670E-02	-1.06016353E-01
5.26966631E+00	3.50608886E+00	4.61307345E-02	-7.41704987E-02
8.36986061E+00	-5.27574994E+00	-3.59909704E-03	-8.50280650E-02
3.40564370E+00	-6.13446912E+00	-1.07283116E-02	-1.59446238E-01
8.71418766E+00	-8.64529331E+00	6.98731645E-02	-1.53575503E-01
1.36045789E+00	9.87199027E-01	4.01151605E-02	-9.49659151E-02
4.30396782E+00	-8.11168046E+00	1.13775311E-02	-1.26519301E-01
1.34893136E+00	-6.42111177E-01	2.75390930E-02	-1.30290670E-01
1.94128260E+00	-7.64846345E+00	6.52091537E-03	-1.28041955E-01
4.03665134E+00	-3.47881216E+00	1.47520959E-02	-1.61305518E-01
-5.37534731E+00	-3.99722246E+00	2.36197105E-02	-1.52425727E-01
-8.27141569E+00	6.24986102E-01	4.59256215E-02	-1.85447074E-01
3.42645648E+00	3.45644897E-01	7.74471600E-02	-1.02840820E-01
-5.15184162E+00	6.34329200E-01	-4.80505403E-02	-1.36723364E-01
1.22132384E+00	5.44442229E+00	5.64465777E-02	-2.47767384E-01
1.21823681E+00	-2.88121915E+00	1.09206295E-01	-1.35143609E-01
4.96380224E+00	3.55795180E+00	5.13499291E-02	-1.39853625E-01
3.75159210E+00	1.78273328E+00	8.34907739E-02	-1.32134987E-01
5.09575922E+00	-2.37107889E+00	4.40499869E-02	-1.03422993E-01
1.28298850E+00	1.75384133E+00	2.93236946E-02	-1.31445276E-01
6.94833050E+00	-3.42255621E+00	2.71914628E-02	-1.50366976E-01
7.48470324E+00	1.95920453E+00	7.24131903E-02	-1.59447822E-01
4.43188173E+00	-1.03068365E+00	4.87930137E-02	-1.06910468E-01
3.29581961E+00	-2.82732276E+00	4.41237746E-02	-1.62883546E-01
-9.41366716E-01	1.22489467E-01	8.31370563E-02	-9.91673900E-02
3.49033329E+00	-3.42629680E+00	1.53275057E-03	-1.08699029E-01
6.16728726E+00	-4.78594186E+00	2.89613915E-02	-1.51950616E-01
2.24527731E-01	-3.27308450E+00	4.31741649E-02	-1.44418764E-01
-1.26425294E+00	-3.31461923E+00	3.15620259E-02	-1.19431545E-01
-3.53000325E+00	-8.66577465E-01	4.48129754E-03	-1.87419492E-01
-6.09488500E+00	-2.63287822E+00	1.25110734E-01	-1.68543966E-01
-4.21955726E+00	2.92379375E+00	4.73078269E-02	-5.74553760E-02
-4.82568106E+00	-1.90086538E+00	-6.15796907E-03	-1.58177800E-01
-2.60107761E+00	1.15633810E+00	8.51790169E-02	-1.51602790E-01
5.11605900E+00	4.54373849E+00	3.32018264E-02	-8.12712062E-02
-4.20648048E+00	6.26257777E+00	3.20000672E-03	-1.55947559E-01
2.22511752E+00	3.01490264E+00	5.43224190E-02	-1.29196906E-01
-9.26667273E+00	1.96058049E+00	5.00284417E-04	-1.41998479E-01
6.59795121E+00	3.84367754E+00	5.67870832E-02	-1.65241081E-01
-2.56573444E+00	5.39573804E+00	3.35704557E-02	-1.31478715E-01
5.20629456E+00	5.57572679E+00	5.74333792E-02	-1.68015472E-01
-1.28896460E+00	-3.13269285E-01	9.03703296E-02	-1.06238226E-01
-5.05670210E-01	-9.68057182E-01	1.37279897E-02	-5.81764090E-02
2.99649139E+00	-3.53013531E+00	-4.74043438E-02	-1.48946731E-01
4.54339908E-01	3.33118368E+00	4.19156649E-02	-1.82321645E-01
-7.81593189E-01	4.51958267E+00	3.39374749E-02	-1.37886077E-01
-1.75538578E+00	4.53585240E+00	5.44441762E-02	-1.37068555E-01
3.14622039E+00	-2.70780183E+00	-3.40564441E-03	-8.54308282E-02
-1.18021514E-01	3.71920113E+00	-4.55675963E-02	-1.77361331E-01
6.36792869E+00	6.75260857E+00	1.76033420E-02	-2.15402034E-01
-2.39162816E+00	-5.84717195E-01	8.37878124E-02	-2.06775878E-01
3.83188710E+00	-1.37900034E-01	1.06151338E-01	-1.07724670E-01
5.08763389E-01	-2.41590021E+00	8.59975974E-03	-7.76317240E-02
-4.41720628E+00	-6.40231576E+00	-3.55065804E-02	-1.38137975E-01
6.58470622E-01	-2.63973328E+00	-1.25116549E-02	-2.10808845E-01
1.52798371E+00	1.19058987E+00	7.88909762E-02	-1.92785631E-01
-3.31010699E+00	1.35340536E+00	3.80056658E-02	-1.21118675E-01
4.87369026E-01	-2.84838919E+00	2.24240661E-02	-1.72039087E-01
-2.87313099E+00	1.22510855E+00	4.18536085E-02	-1.35822315E-01
5.29828418E+00	4.07354123E+00	-1.25799471E-03	-1.66154835E-01
5.20876548E-01	-1.95061888E+00	5.40730398E-02	-1.77927402E-01
7.36564527E+00	1.21962033E+00	3.75038320E-02	-1.22457730E-01
2.84847059E+00	3.65035507E-01	-2.56784222E-02	-1.46911443E-01
2.27710200E+00	-5.43665337E+00	1.36473071E-03	-2.23288346E-01
1.08656745E+00	-3.12165401E+00	6.13058818E-02	-2.02046821E-01
-4.86735905E-01	-7.36536203E+00	7.97716938E-02	-1.81347501E-01
-6.92581206E+00	-7.70890404E+00	6.74940079E-02	-1.06083701E-01
-4.19388641E+00	-5.05265692E+00	-1.71982522E-02	-1.49438226E-01
-4.40502559E+00	-4.30630580E+00	3.65525918E-02	-1.80561978E-01
-3.09362506E+00	-2.94911190E+00	2.47313982E-02	-1.63158131E-01
-9.09990314E+00	4.30596188E+00	3.18418444E-02	-1.50243112E-01
-4.81415434E+00	-2.39163444E+00	-2.73406346E-02	-1.69608921E-01
-3.33961360E+00	-7.94957572E-01	1.18466366E-02	-2.29422711E-01
2.96941718E+00	4.01819619E+00	5.03495241E-02	-2.31637538E-01
-5.17530353E+00	1.22633035E-01	9.80594652E-02	-1.73840361E-01
-1.55760004E+00	1.37935325E+00	-9.40257904E-04	-1.59900861E-01
1.02251140E+00	-2.23670050E-01	6.30154769E-02	-2.50678180E-01
3.68954958E+00	-3.61250965E-01	9.98485779E-02	-1.70396560E-01
2.23892670E+00	4.03152619E+00	7.32933039E-02	-1.54897664E-01
1.54278192E+00	2.30510960E+00	2.26486548E-02	-1.55334047E-01
-3.62849413E-01	-8.87371958E-01	6.87008801E-02	-2.31459076E-01
1.45512566E+00	4.15922886E+00	1.15821963E-01	-1.40750382E-01
-9.79351801E-01	-4.15315287E-01	4.92747070E-02	-1.36629231E-01
6.15885087E+00	-1.43869946E+00	5.40819545E-02	-1.43193192E-01
1.43335345E+00	6.77080868E-01	3.21011164E-02	-1.47873095E-01
6.92081119E-02	-7.43421728E-01	3.12209673E-02	-1.59788030E-01
3.23281273E+00	-7.07760558E-01	2.76854342E-02	-1.71029597E-01
2.44421164E+00	6.74872895E-01	2.94093296E-02	-1.87420077E-01
2.29152173E+00	-1.63964443E+00	7.08138908E-02	-2.01903473E-01
-1.91617675E+00	-9.12844992E-01	7.79740892E-02	-1.26300527E-01
1.10165373E+00	-1.38611530E+00	-2.22777839E-02	-1.46186988E-01
-2.33893119E+00	-4.12439372E+00	1.30676153E-02	-2.55865111E-01
-4.74818774E+00	-3.18754053E+00	1.24257631E-01	-2.28041381E-01
1.95559267E+00	-3.20834363E+00	1.05384677E-01	-1.22712882E-01
-1.50095579E+00	-2.71342449E+00	2.00686595E-02	-1.51635988E-01
5.85941216E-01	-2.84405261E+00	6.68170857E-02	-2.03262728E-01
2.74937008E+00	1.18247912E+00	8.23955070E-02	-1.62658105E-01
-8.46498201E-01	3.36114160E+00	8.28557155E-02	-1.73676925E-01
-3.67319140E+00	-7.03506609E-01	1.09551382E-01	-1.29065987E-01
4.20861641E+00	-5.44870845E+00	5.80543149E-02	-9.02757051E-02
-2.31462456E+00	-4.90261605E+00	1.22323057E-02	-1.15336809E-01
-6.60244609E-01	-4.63646391E+00	1.72109934E-02	-1.42987462E-01
1.59014437E+00	-3.30913036E+00	-8.89333446E-03	-1.39894418E-01
4.05146083E+00	-3.20819859E+00	1.30243023E-03	-2.19803715E-01
-1.76386304E+00	-4.55559252E+00	8.15885885E-02	-1.79400812E-01
-1.21216380E+00	-6.97602524E+00	3.99690882E-02	-1.47918919E-01
2.14994369E+00	-5.49250220E-01	3.79907177E-02	-1.39538666E-01
4.12212431E-01	-4.35164744E+00	-1.68912505E-02	-1.71123692E-01
5.26059576E+00	-2.97872263E+00	5.87544579E-02	-2.12866866E-01
5.93283221E-01	1.53964128E+00	5.81979004E-02	-1.34824534E-01
-4.58484964E-01	-1.09509165E-01	2.95594713E-03	-1.41353569E-01
1.84396587E-02	3.08153427E-01	-1.46557164E-02	-1.96017564E-01
-1.48779324E+00	-4.27598955E+00	5.10316372E-02	-2.09907422E-01
7.90458464E-01	-3.58983435E+00	2.99304632E-02	-1.70323582E-01
7.78813351E-01	1.08612932E+00	4.94511969E-02	-2.02031860E-01
8.81562693E-03	1.46947403E+00	5.06713699E-02	-1.50009160E-01
7.34630229E-02	4.42098141E-01	2.07687467E-02	-1.75893025E-01
1.05631040E+00	-1.54645341E+00	4.90932675E-02	-1.63460238E-01
-8.16936108E-01	1.09751084E+00	1.07955731E-02	-1.25246287E-01
-4.21565400E+00	-1.29542890E+00	-5.63354424E-02	-1.72782205E-01
1.13032116E+00	-2.75671351E-02	-6.96288138E-03	-2.45015771E-01
-9.80091652E-01	2.65499118E+00	2.00283494E-02	-2.00740781E-01
1.03248222E+00	3.37738649E+00	-2.03857624E-02	-2.31654804E-01
6.52764880E+00	2.81100815E+00	3.42158145E-02	-2.77976800E-01
4.03924068E+00	-6.28443220E+00	7.79445358E-02	-2.32502340E-01
-1.98277768E+00	2.46553460E+00	4.92295398E-02	-2.22083820E-01
7.19798614E-01	-1.80325403E-02	7.78910501E-02	-2.36159567E-01
-5.71076277E+00	1.05658476E-02	8.53293708E-02	-2.14197910E-01
4.86995004E-01	-2.39839105E+00	1.14016797E-01	-1.92381645E-01
5.05180251E+00	2.39310843E-01	6.45077651E-02	-1.35523642E-01
-1.66502839E+00	1.04807083E+00	4.71628858E-02	-1.92090009E-01
-1.47312972E+00	-5.40938573E-01	7.64401541E-02	-1.36311759E-01
5.05230655E-01	-2.15599148E+00	-1.84634430E-02	-1.38488367E-01
-4.29689719E+00	1.02221150E+00	-1.35673620E-02	-2.11623934E-01
8.33322862E-01	-4.70914330E+00	6.99391587E-03	-2.30350320E-01
4.49854361E+00	4.76500901E+00	5.31167925E-02	-2.39320420E-01
2.76243135E-01	-1.12125069E+00	3.62414095E-02	-1.80541590E-01
-3.27256880E+00	-8.28255817E-01	-7.95989845E-03	-2.53207157E-01
2.49787411E-01	-1.96243708E+00	8.12035327E-02	-2.60247880E-01
2.13157702E+00	2.81228711E+00	6.45207175E-02	-2.27700310E-01
5.49335233E+00	-1.51363068E+00	1.07364206E-01	-2.22291554E-01
4.92228402E+00	7.14142589E-01	5.90601186E-02	-1.62703755E-01
-1.51214570E-01	-1.64356918E+00	4.06506329E-02	-2.16662523E-01
-3.11631619E-01	6.40326685E-01	5.49193224E-02	-1.98712198E-01
-3.00338298E-01	3.35684593E-01	2.78707993E-02	-2.18373640E-01
-3.57213129E+00	1.58616725E-01	4.65581480E-02	-2.61440506E-01
1.75625529E+00	-4.96196613E+00	1.18212270E-01	-2.52160818E-01
-3.40523394E-01	-8.24116140E+00	1.07119578E-01	-1.83885438E-01
3.11728208E-01	1.49627254E+00	8.52675443E-02	-1.85927681E-01
2.11820663E+00	-2.35058764E-01	5.62039228E-02	-1.70266915E-01
-2.83883039E-01	1.63993912E+00	4.02605662E-02	-2.24700378E-01
1.00801954E+00	2.53412728E-01	1.02491868E-01	-2.43795259E-01
-3.90530299E+00	-4.46659315E+00	1.52313542E-01	-1.64596620E-01
2.51909113E+00	-1.45083584E+00	4.97091877E-02	-1.04262369E-01
-1.71039110E-01	1.84476074E-01	3.34691457E-02	-1.80806126E-01
-3.14095371E+00	9.45450870E-01	2.26114402E-02	-1.56824686E-01
-2.89793866E-01	-4.79088368E+00	2.93572241E-02	-2.27437474E-01
-4.00898322E+00	-1.17857219E+00	5.57068601E-02	-1.62677545E-01
-3.88722032E+00	-2.84237127E+00	5.61597310E-03	-2.26019000E-01
-3.84375941E-01	-2.78116263E+00	8.61196065E-02	-1.87933821E-01
2.19634661E+00	4.16839375E+00	-4.09611346E-03	-1.71088771E-01
6.89069089E-01	-2.60177753E+00	1.91876445E-02	-2.10847718E-01
-5.79407541E-01	4.34085349E+00	-2.93345662E-02	-2.28247569E-01
-2.81655814E+00	2.18277055E+00	4.59998538E-02	-3.00110772E-01
9.47638327E-01	1.87644993E+00	6.13504626E-02	-2.29370374E-01
-2.34774457E+00	1.18524140E+00	4.89613146E-02	-2.80524117E-01
-4.17259039E+00	4.71213460E+00	1.14979319E-01	-2.44673191E-01
-5.77274885E-01	-2.19495765E-01	7.59379023E-02	-2.13213000E-01
2.93296552E+00	1.98273548E+00	7.94158960E-02	-2.18149987E-01
2.23062087E+00	4.48832375E+00	3.45965287E-02	-2.29049612E-01
2.92238990E+00	-1.32892806E+00	1.16302699E-01	-3.06660318E-01
-3.93813923E+00	-2.82224500E+00	1.70659815E-01	-1.51167797E-01
7.27174926E+00	1.58702717E+00	1.38546475E-02	-1.76061896E-01
4.33503429E-01	5.09418138E+00	1.08901077E-01	-2.43637665E-01
5.69843188E+00	-2.81339726E+00	6.90604894E-02	-1.54972777E-01
1.67699109E+00	-3.32032113E+00	4.54283787E-02	-2.28556559E-01
1.79797943E+00	-1.69887758E+00	7.24071047E-02	-2.17654336E-01
-1.74838956E+00	-4.60488507E+00	1.04971846E-01	-2.29413705E-01
-1.53999142E+00	5.69501040E+00	7.05733544E-02	-1.32910273E-01
-3.79821131E+00	-4.41085423E+00	-2.50746692E-02	-2.69040854E-01
2.01807231E+00	-2.45405886E+00	1.67618264E-01	-3.02042605E-01
-7.80922156E-01	-1.06876159E+00	1.61767985E-01	-1.48945280E-01
-7.40966956E-02	3.39678747E-01	9.13883401E-02	-1.21180421E-01
4.59932533E+00	-2.34431310E+00	9.72015280E-03	-1.48495088E-01
-2.30233462E+00	-2.59999489E-01	5.00795869E-02	-2.30480381E-01
2.09835314E+00	-3.59819878E-01	8.42234675E-02	-1.67969938E-01
-6.20997112E+00	-1.90500457E+00	2.63022210E-02	-1.67199046E-01
-5.17173583E-01	-2.33182042E+00	2.16270865E-02	-2.02667009E-01
3.26431579E+00	-1.01402350E+00	3.67555689E-02	-2.12619837E-01
-2.80971729E+00	-2.23988900E+00	3.12711807E-02	-2.12363272E-01
-1.86006066E+00	9.66708168E-01	4.06738338E-02	-2.27994808E-01
-1.03768080E+00	-5.88062415E+00	3.81142095E-02	-2.19718222E-01
2.27137431E+00	6.28620113E-02	3.83782526E-02	-2.51989287E-01
-2.60747552E-01	-1.81256413E+00	9.00798767E-02	-2.47288382E-01
3.22149640E+00	3.60865073E-01	8.06645472E-02	-1.82716625E-01
3.19031119E+00	2.03763930E+00	8.19481120E-03	-2.13009993E-01
3.09052477E+00	-3.39886631E+00	6.41080374E-02	-2.70064862E-01
2.53951559E-01	-4.03216817E+00	8.43039594E-02	-2.23402910E-01
8.82403287E-01	-9.26247756E+00	8.97058657E-02	-2.18672051E-01
1.78636932E+00	2.02955876E-01	5.34305224E-02	-1.72435796E-01
-3.49355520E+00	1.52437278E+00	3.10628214E-02	-2.45696933E-01
2.56402376E+00	-6.12721541E-01	8.94480954E-02	-2.00278685E-01
1.21580542E+00	-4.52720780E+00	3.11774509E-03	-2.00884677E-01
-1.98640574E+00	-2.09711935E+00	4.97037596E-02	-2.68034390E-01
-3.72656483E-01	1.01335616E-01	6.95257585E-02	-2.12765530E-01
3.65709780E+00	1.13613042E+00	1.66835634E-02	-2.27956629E-01
5.10469448E-01	1.57193902E-01	5.13894602E-02	-2.83629061E-01
2.18490828E+00	-1.93688400E+00	9.57576735E-02	-2.32227682E-01
3.54058602E-01	-3.79145264E+00	3.64817503E-02	-2.21461080E-01
-1.54109693E+00	-3.67744568E-01	4.95860807E-02	-2.65992567E-01
8.37604038E-01	2.45239203E+00	6.52230505E-02	-2.67457118E-01
-2.31740633E+00	-5.29037743E-01	1.00675166E-01	-2.68244427E-01
4.33108812E+00	-6.60016335E-01	9.28723146E-02	-2.20115847E-01
-3.37627233E+00	-2.76096153E+00	6.13489814E-02	-2.46295340E-01
-1.14955339E+00	5.02979691E+00	9.26111561E-02	-2.61162407E-01
3.12073854E-01	3.26018930E+00	1.15180711E-01	-2.43894610E-01
1.13661976E+00	3.72349137E-01	1.15978134E-01	-1.95988756E-01
6.05321353E-01	-2.62329369E+00	4.96171636E-02	-1.91738530E-01
9.76883292E-01	-1.32793801E+00	5.87974906E-02	-2.51982713E-01
-3.63440333E+00	-2.99131859E-01	8.94857033E-02	-2.31568902E-01
4.88851684E+00	-4.47349417E+00	8.17916167E-02	-2.34311213E-01
-6.76463352E-01	-1.42712633E+00	9.68104359E-02	-2.09015097E-01
-3.11045384E+00	2.42230395E-01	5.08089877E-02	-2.08214594E-01
-3.29998643E+00	-1.78186365E+00	6.30935061E-02	-2.37671143E-01
6.62616334E-01	-4.57738874E+00	5.92526199E-02	-2.47618955E-01
-3.90018124E+00	8.45851452E-01	1.21816797E-01	-2.52537752E-01
-1.40783111E+00	-4.16169216E-01	8.15896716E-02	-1.55210559E-01
-2.97030171E+00	1.65525969E+00	4.38915826E-03	-2.37702925E-01
1.68489093E-01	1.93153505E+00	6.95093376E-02	-2.60923793E-01
9.78253381E-01	3.85709435E-01	5.84362884E-02	-2.64266002E-01
1.27989627E+00	-1.41717983E-01	1.15680922E-01	-2.67584112E-01
1.17554477E+00	2.09575089E+00	9.27408541E-02	-2.15225677E-01
-4.80843653E+00	-4.42266769E+00	8.42836076E-02	-2.57303797E-01
-2.17114680E+00	-7.62926103E-02	1.37688154E-01	-2.27504716E-01
1.22691912E+00	3.88020119E-01	9.48123850E-02	-1.68340526E-01
-6.47914793E+00	3.81481445E+00	4.44482770E-02	-2.02293373E-01
2.70389814E+00	-5.12826237E+00	5.25760231E-02	-2.34622003E-01
5.63137854E-01	4.70496005E+00	8.60785161E-02	-2.54764921E-01
-6.87705834E-01	-2.96881331E-01	1.07538046E-01	-1.91544062E-01
9.19134696E-01	3.88937634E-01	2.05603967E-02	-2.07253206E-01
3.27338934E+00	2.88003959E-01	7.95202009E-02	-2.81415689E-01
1.09704153E+00	4.37459130E-01	1.26545697E-01	-2.15118948E-01
-3.32895565E-01	3.69751839E-01	8.96209790E-02	-1.69239839E-01
2.93326075E+00	3.71671378E-01	2.46332824E-02	-1.72119176E-01
-5.02619797E-02	1.32022529E+00	7.99929583E-03	-2.37519399E-01
-3.36118448E-01	-2.35409309E+00	4.64521928E-02	-2.58961215E-01
7.55276019E-01	-2.77579834E+00	5.00941283E-02	-2.48719988E-01
6.66168543E-01	-7.52341998E-01	6.01140261E-02	-2.92234252E-01
-4.36882831E+00	-1.89272683E+00	1.50409781E-01	-2.56746215E-01
-3.35455418E+00	-1.27836712E-01	9.58020225E-02	-1.69550205E-01
1.47502652E+00	-2.52665314E+00	6.56892018E-02	-2.02282999E-01
-2.92410856E+00	1.70987283E+00	4.07942307E-02	-1.77224357E-01
-1.20570506E+00	-1.24271497E-01	1.19479199E-02	-2.38110161E-01
-7.34659255E+00	-1.74782337E+00	5.13740649E-02	-2.29435759E-01
1.45610603E+00	7.22110364E-01	5.84288850E-03	-2.37601605E-01
3.39351468E+00	4.58024291E+00	4.14058310E-02	-2.97512757E-01
2.70013548E+00	4.59982784E+00	9.73001647E-02	-2.56174441E-01
1.15708364E+00	-8.78856328E-02	4.82870632E-02	-2.12802802E-01
1.13457619E+00	-2.00752301E+00	1.28680577E-02	-2.73762974E-01
1.61629099E+00	-7.56445367E-03	7.70032352E-02	-3.19777488E-01
-1.03269327E+00	-2.39521199E+00	1.45492924E-01	-2.63612527E-01
-3.26214673E+00	-5.32461904E+00	1.08487310E-01	-1.90262728E-01
-8.33043826E-01	-9.74579603E-01	6.08742236E-02	-1.89184407E-01
-1.82135417E+00	2.48519900E+00	1.33158874E-02	-2.06905021E-01
-2.06992716E+00	-3.93671663E-01	2.45036563E-02	-2.70723821E-01
-2.24762848E+00	2.28482050E+00	5.57565192E-02	-2.54999456E-01
5.53678522E+00	-1.83031505E+00	5.08769289E-02	-2.69547778E-01
-7.61662462E-01	3.65332641E+00	8.28528558E-02	-2.55564269E-01
2.17544846E+00	1.87178179E+00	6.93236134E-02	-2.23306284E-01
1.84358630E+00	-2.41158991E+00	1.98273200E-02	-2.20325082E-01
-5.34283434E+00	-4.71075170E-01	1.35345587E-02	-2.92955027E-01
6.08308674E+00	3.85698247E-01	7.26468974E-02	-2.87677694E-01
-3.84547647E-01	2.84898860E+00	7.17133704E-02	-2.77579941E-01
-4.61537225E-01	-3.49054676E+00	9.35156477E-02	-2.53937747E-01
-2.11031208E+00	1.05546616E+00	6.74581767E-02	-2.44916037E-01
-2.30807811E+00	1.54012202E+00	8.12574753E-02	-2.26462224E-01
-5.13859815E+00	-3.52671694E+00	1.45661222E-02	-2.18657745E-01
3.74361323E-01	3.54830773E+00	2.97579011E-02	-2.76720834E-01
2.00529765E+00	2.33634669E+00	2.67064246E-02	-2.53379194E-01
1.12648720E+00	-3.65079667E+00	7.05355899E-03	-3.06145622E-01
5.77121229E+00	-8.19041695E-01	5.59637254E-02	-3.37447144E-01
1.07335388E+00	2.37222224E+00	1.15638078E-01	-3.24451617E-01
-1.08550643E+00	1.29621533E+00	1.25402487E-01	-2.49305082E-01
1.53238661E+00	3.35225729E+00	6.59475103E-02	-2.47564273E-01
3.65526197E+00	-1.32471172E+00	8.90247569E-02	-2.74750175E-01
1.40588203E+00	-2.18215596E-01	9.12060828E-02	-2.33837588E-01
-2.00284102E+00	-1.13646135E+00	5.75401170E-02	-2.41268303E-01
-1.24614176E+00	1.71281998E+00	6.37642809E-02	-2.43906781E-01
4.00614616E-01	3.54294106E+00	3.95941002E-02	-2.42934440E-01
-2.64743214E+00	3.56865120E+00	3.92126416E-02	-2.60675206E-01
-9.27989520E-01	3.77625332E+00	2.78219541E-02	-2.71823385E-01
2.19421610E+00	-3.73044365E-02	5.33779425E-02	-2.92813738E-01
-2.84344651E+00	6.16724351E+00	4.84679329E-02	-2.68155035E-01
2.68035853E+00	-1.13285739E+00	4.54255667E-02	-3.02332783E-01
2.84929871E+00	5.63696467E-01	8.48954373E-02	-2.81531738E-01
-5.61857760E-01	-2.29581979E-01	5.54672487E-02	-2.41234586E-01
6.45409915E-01	1.54732369E+00	-5.93305151E-03	-2.70562265E-01
4.44019116E-01	-5.00331441E+00	2.76533545E-02	-3.48356638E-01
-8.07748507E-01	-1.91822516E+00	7.44670698E-02	-3.14650721E-01
8.93630062E-01	-1.29118920E+00	6.31792560E-02	-3.33492492E-01
-1.92779728E-02	2.90852885E+00	1.22302225E-01	-3.05335911E-01
2.77704456E+00	-2.64300741E+00	6.39788919E-02	-2.57827755E-01
8.53532455E-01	-1.80840994E-01	4.49075047E-02	-3.25527466E-01
-1.45577657E+00	1.15202226E+00	1.10231670E-01	-3.37756232E-01
1.60080940E+00	-5.75812073E-01	1.36167780E-01	-2.87069376E-01
1.68405920E-01	-1.00426016E+00	1.24124933E-01	-2.42257241E-01
1.45182465E+00	1.64368190E+00	6.26626704E-02	-2.06651835E-01
3.08609136E+00	-5.47770597E-01	1.37294549E-02	-2.62986223E-01
5.84497173E-01	-5.37036273E+00	1.61782330E-02	-2.79524828E-01
2.23869688E+00	-5.75628242E+00	4.34323429E-03	-3.59514220E-01
4.00680348E+00	1.11851141E+00	1.20433932E-01	-3.48925031E-01
2.41782076E+00	1.01993869E+00	6.12081114E-02	-2.84255031E-01
1.68087844E+00	2.24778437E-01	7.80114313E-02	-3.56928450E-01
1.23991109E+00	2.74752691E+00	1.16579154E-01	-3.16414095E-01
-4.15901179E-01	-5.85035317E-01	1.17843834E-01	-3.14519964E-01
-2.17899392E+00	-3.44556875E+00	1.22190491E-01	-2.72422597E-01
-1.62384464E+00	-2.07200085E+00	8.07060464E-02	-2.80962313E-01
-9.43121365E-01	-2.05729212E+00	1.04641408E-01	-3.04398903E-01
-1.28548141E+00	-3.06957047E+00	1.20793573E-01	-2.58462615E-01
1.64749018E+00	-7.34460114E+00	4.91924823E-02	-2.48302161E-01
-2.75122260E+00	-2.16684788E+00	5.41200271E-02	-3.23193709E-01
6.45666077E+00	2.04386256E+00	9.55887103E-02	-3.15048967E-01
2.83572252E+00	3.38128433E+00	1.12961106E-01	-3.21205360E-01
-2.12124355E+00	-6.39156060E-01	1.52655886E-01	-2.74604120E-01
-1.81533182E+00	-4.18952557E+00	1.09380633E-01	-2.14998803E-01
1.26704530E+00	2.00270632E+00	3.27243131E-02	-2.25350417E-01
-8.44503107E-01	-1.22485905E+00	1.15892944E-02	-3.05673480E-01
5.32049755E-01	-4.63567170E+00	6.79240129E-02	-3.46603440E-01
3.00100587E+00	-1.39941906E+00	1.30390089E-01	-3.22278202E-01
-1.66845093E+00	-6.50414258E-01	1.07758870E-01	-2.41654024E-01
3.43764568E+00	3.94297457E-01	4.16483425E-02	-2.94496082E-01
-2.97163604E+00	2.03625622E+00	1.13589659E-01	-3.09625014E-01
-5.07343918E-01	-3.41773692E+00	8.40090319E-02	-2.56639703E-01
-5.48360241E+00	-1.06504658E+00	5.98061907E-02	-2.89401988E-01
-5.24751130E+00	1.07157239E+00	7.51620715E-02	-3.11982953E-01
5.66465866E+00	-2.94433905E+00	1.08300323E-01	-2.95767960E-01
-1.43124482E+00	1.88889246E+00	8.03938217E-02	-2.80794840E-01
-1.75046783E-01	1.37497537E-01	1.04189648E-01	-2.97698286E-01
1.08562449E+00	-1.19983210E-01	9.74829316E-02	-2.67775487E-01
2.05614256E+00	2.38811116E+00	1.05990264E-01	-2.69269650E-01
3.33435308E+00	2.41541929E+00	8.44080395E-02	-2.32219145E-01
-2.21815569E+00	-8.03671884E-01	6.13442387E-02	-2.33977776E-01
-2.80361737E+00	-7.22962141E-01	2.73648312E-04	-2.43549833E-01
-1.23999951E+00	1.95107204E+00	3.42439575E-02	-3.23489129E-01
6.83427732E-02	-4.75357642E+00	5.14402367E-02	-2.70997856E-01
1.82361563E+00	-2.61687411E+00	3.16317518E-02	-3.04505988E-01
3.42881931E-01	-3.00483982E+00	1.74025444E-02	-2.98243192E-01
1.70054754E+00	-1.93965880E+00	7.47369663E-02	-3.86473418E-01
-6.80393791E-01	4.27529288E+00	1.35349996E-01	-2.24133759E-01
-9.62156777E-02	1.98258860E+00	-3.69322595E-02	-2.66607887E-01
-6.98906752E-01	1.72294439E+00	3.66804827E-02	-3.33443518E-01
-2.27225460E+00	1.47683020E+00	1.21723483E-02	-3.36733244E-01
1.61347895E+00	1.72901998E+00	7.56995485E-02	-3.60322676E-01
-1.95882277E+00	-2.30732085E+00	8.12558189E-02	-3.29387658E-01
-3.78765332E-01	4.46767551E-01	9.49692933E-02	-2.90184851E-01
-1.00375892E+00	2.20556139E+00	3.59787697E-02	-2.95489548E-01
3.13685207E+00	3.49634791E+00	6.55202406E-02	-2.92000803E-01
-5.17294067E-01	-2.78405864E+00	-8.31246642E-03	-2.99582066E-01
-5.75594319E-01	1.34792500E+00	3.90577046E-02	-3.47997035E-01
-2.37334669E+00	3.53728908E+00	8.49392298E-03	-3.33489903E-01
-3.38901284E+00	-6.51611234E+00	4.79084465E-02	-3.85068731E-01
-3.09538777E+00	-3.13733185E+00	6.94350349E-02	-3.55058514E-01
1.44379305E+00	9.50654225E-01	7.11192625E-02	-3.26593173E-01
7.81307440E-01	1.21442103E+00	1.05519753E-02	-3.59834103E-01
-8.43373025E-01	-3.62871004E+00	1.05182753E-01	-3.84714358E-01
-3.08966682E+00	-1.53999515E-01	4.04640978E-02	-3.17089416E-01
-1.08347718E+00	-1.59071733E+00	7.74220081E-02	-3.98676939E-01
-1.51771851E+00	-3.32329655E+00	6.68933820E-02	-3.07274347E-01
6.41007086E-01	1.56397294E+00	1.38423574E-02	-4.03852224E-01
-2.65285653E+00	1.36871628E+00	1.06028699E-01	-4.09661990E-01
9.01570494E-01	-3.40510152E+00	9.49957374E-02	-3.57880541E-01
-9.23142892E-01	9.50542800E-01	5.31143901E-02	-4.18635801E-01
1.63000323E+00	2.40497768E+00	2.09045681E-01	-4.51157197E-01
1.00022548E+00	-5.66649361E-01	1.96781460E-01	-2.57984051E-01
1.59622413E+00	2.88265407E+00	8.45002691E-02	-3.00757183E-01
-3.29031437E-01	-9.12552451E-01	9.32025144E-02	-3.03071318E-01
-5.41499213E-01	-3.87671638E-01	5.93139827E-02	-3.47314619E-01
-2.77434335E-02	-9.21293752E-01	1.06544140E-01	-3.72506783E-01
1.33171579E+00	-1.12245579E+00	1.60490447E-01	-3.55008291E-01
2.42527950E+00	-1.50262894E+00	1.43668294E-01	-2.44854586E-01
-1.35608914E+00	4.37087197E+00	2.29221271E-02	-2.92144337E-01
9.12169141E-01	-5.73554294E-01	8.31183737E-02	-3.67093452E-01
-2.87539282E+00	-2.85457492E+00	1.12020189E-01	-3.30649387E-01
-4.18909706E+00	1.60913676E+00	1.13764137E-01	-3.20080363E-01
1.01925344E+00	2.28022200E-02	1.17374011E-01	-2.85190456E-01
1.74819467E+00	-3.04569266E+00	6.22638591E-02	-2.57106760E-01
-1.27024994E+00	-2.42936044E+00	1.84090121E-02	-3.09400796E-01
-1.38652191E-01	8.72454448E-01	4.54238042E-02	-3.43037694E-01
-7.37440189E-01	2.33499259E+00	4.95182064E-02	-3.43944144E-01
4.78103676E+00	5.60794851E-01	6.49362353E-02	-3.67177910E-01
3.68564942E+00	-8.41264461E-01	8.93910147E-02	-3.54890358E-01
4.08537664E+00	9.46155469E-01	1.06631262E-01	-3.61909119E-01
-2.77795105E+00	2.10357331E+00	1.48413345E-01	-2.92977489E-01
-7.20974068E-02	1.98371563E+00	5.37351013E-02	-2.50925741E-01
-1.45688244E+00	9.62255137E-01	3.81915103E-02	-3.00655787E-01
-2.02061793E+00	-2.27990328E+00	1.23370677E-02	-3.05105676E-01
1.42614825E+00	-3.45710543E+00	2.70524101E-02	-3.49200488E-01
8.66789698E-01	-2.83718014E+00	2.29325234E-02	-3.41353758E-01
-2.46912291E-01	-1.25609451E+00	4.65788084E-02	-3.81786718E-01
-1.98050024E+00	-1.60686903E-02	7.76291483E-02	-3.47694528E-01
2.08120363E+00	4.67644324E+00	7.41153195E-02	-3.16743432E-01
1.13976605E+00	-3.18248802E+00	8.35793459E-03	-2.93112957E-01
1.06292001E+00	2.12073888E+00	-4.14101077E-03	-3.67242805E-01
3.47805224E-01	-9.51103611E-01	1.74794922E-02	-3.56028888E-01
-1.49823113E+00	-8.91461886E-01	-6.25750479E-03	-3.83244631E-01
-3.02351350E+00	-2.57372949E+00	1.36894902E-02	-4.33920387E-01
-1.57333796E+00	5.90313947E+00	1.13795323E-01	-4.25167375E-01
9.93710158E-01	1.67088300E+00	6.31942910E-02	-3.12672087E-01
5.50481070E+00	-1.18851181E+00	1.80672391E-02	-4.08943371E-01
3.46696809E-01	-3.63447386E-01	8.95035102E-02	-3.65038469E-01
4.81288119E-02	1.58496061E+00	2.19788963E-02	-3.62923423E-01
-8.44698478E-01	2.08197320E-01	5.84045158E-02	-3.88733955E-01
-6.96456041E-01	8.08178448E-01	3.94194823E-02	-3.47122615E-01
-1.35332569E+00	-3.36374415E+00	-1.87757885E-02	-3.91962193E-01
-9.79743244E-01	-5.86054470E-02	5.09411454E-02	-4.67918127E-01
-8.22146354E-01	5.92413331E+00	1.02129145E-01	-3.89476562E-01
-4.11265196E-03	1.38226176E+00	6.61817861E-02	-3.89095931E-01
-1.01442261E+00	1.49188144E+00	8.51928278E-02	-3.54449444E-01
-1.35056808E+00	4.12194430E+00	2.01610319E-02	-3.53477268E-01
1.53124219E+00	-2.52703527E+00	3.54808793E-02	-3.91631377E-01
-2.42267898E+00	8.07933609E-01	4.47585788E-02	-3.69593357E-01
-2.53370385E+00	-4.97344333E+00	7.37564823E-03	-3.45610142E-01
1.59438950E+00	-2.56118600E+00	-6.00202828E-02	-3.91748931E-01
-1.70275662E+00	-1.23672142E+00	-4.02194230E-02	-4.92189563E-01
2.22662366E+00	-3.40037157E+00	6.12705833E-02	-5.15480201E-01
2.02624715E+00	1.13683349E+00	1.07138009E-01	-4.46380963E-01
-1.92085352E+00	2.37937586E+00	8.42638683E-02	-3.89763692E-01
2.22878876E+00	-2.43206216E-01	3.25920076E-03	-3.90630198E-01
-1.55732977E+00	-1.72230080E+00	2.43149410E-02	-4.86366443E-01
4.24563203E-01	2.51159696E+00	8.79748670E-02	-4.35340676E-01
1.14684196E+00	-6.93737180E+00	4.10650849E-02	-4.27409064E-01
-3.40873745E+00	1.54611191E+00	6.09530224E-02	-4.35897235E-01
-2.15368935E+00	1.68877503E+00	2.61064230E-02	-4.15962719E-01
-2.15188159E+00	2.03643075E-02	2.78590121E-03	-4.83527554E-01
1.86350696E+00	-4.82438651E+00	8.27690741E-02	-5.07368290E-01
5.86497432E-01	-1.09347103E+00	8.80731993E-02	-4.56650328E-01
-1.77340502E+00	-2.94465418E-01	1.00150645E-01	-4.55283295E-01
8.95355602E-01	2.28473163E+00	5.70997996E-02	-4.09840729E-01
3.76087774E-01	3.82922743E+00	4.85057942E-02	-4.88981215E-01
-6.46122607E-01	1.11356425E+00	9.06224414E-02	-4.43584622E-01
-1.22914174E+00	-1.76523432E+00	4.79372068E-02	-4.76980102E-01
1.60986155E+00	-3.05324823E-01	1.04508294E-01	-4.78474496E-01
3.14346184E+00	8.84239564E-01	9.52307409E-02	-4.56340901E-01
1.38351691E+00	-1.31270715E+00	9.45016138E-02	-4.51011371E-01
-5.87976589E-02	1.03327555E-01	1.09848918E-01	-4.56277285E-01
-3.18995762E+00	1.50218979E+00	9.45598267E-02	-3.97786905E-01
-1.27831536E+00	-1.93587701E+00	4.98258107E-02	-4.49017678E-01
-1.35771021E+00	9.07116356E-01	7.76403480E-02	-4.26885973E-01
2.64628822E+00	-3.14167873E-02	4.45766896E-02	-4.78954955E-01
5.12732101E-01	3.75665044E+00	1.25633508E-01	-4.24382179E-01
4.18162319E-03	1.99662536E+00	-5.83004664E-03	-4.17600599E-01
-1.85188205E+00	-1.47542177E+00	7.83116612E-02	-5.07033022E-01
2.95895918E+00	-2.16545747E+00	5.25961618E-02	-4.13533103E-01
7.60145312E-01	9.76406790E-01	1.62965584E-02	-5.03291543E-01
-2.12808167E+00	-1.86536446E+00	7.82658993E-02	-4.88065740E-01
9.69247266E-01	3.96416794E+00	4.27743590E-02	-4.92929626E-01
-9.17813630E-01	-1.95622892E-01	1.05314550E-01	-5.28428139E-01
-8.29123057E-01	5.92661605E-01	1.18613447E-01	-4.32614791E-01
1.11050698E+00	-1.77955606E+00	2.87656002E-02	-4.56815987E-01
-1.36413926E+00	-6.02877789E-01	6.48580887E-02	-5.03296511E-01
4.51270641E-01	-7.02400524E-01	7.73180457E-02	-5.04562381E-01
5.02587906E-01	1.41312289E+00	1.26647854E-01	-4.77322688E-01
-2.79086222E+00	1.23398486E+00	6.73269698E-02	-4.23134048E-01
6.74911344E+00	6.70533953E-01	5.51758743E-02	-4.72968605E-01
3.66642533E+00	-4.11959872E+00	5.50997507E-02	-4.35118038E-01
4.40355465E+00	8.29746683E-01	-3.76950811E-03	-4.75450479E-01
-3.13786486E-01	-4.37534467E+00	4.65943988E-02	-5.11017068E-01
1.43739035E+00	4.24360186E-03	2.92929280E-02	-4.62796998E-01
1.83981316E+00	3.62351478E-01	-7.93681134E-03	-5.15137071E-01
-1.05776584E+00	-2.82056896E+00	2.31230577E-02	-5.20954337E-01
-2.98523562E+00	2.03975144E+00	-2.59635565E-03	-5.43669858E-01
-1.54455389E+00	5.15224618E+00	4.61207354E-02	-5.62862266E-01
-3.49203681E+00	1.12199678E+00	2.89261036E-02	-5.30984491E-01
-7.28063697E-01	-9.29055932E-01	1.68045286E-02	-5.63417475E-01
-7.51637342E-01	1.63435764E+00	2.49488743E-02	-5.75543018E-01
-1.11368184E+00	9.70236545E-01	3.66076302E-02	-5.93628440E-01
1.28157127E+00	5.81247488E-01	5.12393797E-02	-5.92922374E-01
-5.45221846E+00	1.60214395E+00	5.31023608E-02	-5.97555607E-01
-4.72580548E-01	-1.17150003E+00	7.03528789E-02	-6.01503324E-01
2.59725215E+00	4.60809368E-01	6.09997008E-02	-5.73980867E-01
-4.94509524E-01	1.18258446E-01	1.62931053E-02	-6.16652704E-01
1.43956027E+00	3.15073083E+00	7.89447006E-02	-6.74078782E-01
1.52368318E+00	2.10509727E+00	1.30252589E-01	-6.14776017E-01
-7.63674908E-02	-2.60556231E+00	7.54864549E-02	-5.82954922E-01
4.76985385E-01	2.51928025E+00	6.14740682E-02	-6.32191329E-01
2.59067468E+00	-1.08718122E+00	8.55952555E-02	-6.35947231E-01
-1.80429251E+00	-1.63026875E+00	8.27479318E-02	-6.32297729E-01
1.24009388E+00	2.50767440E+00	4.87921668E-02	-6.46424048E-01
2.60123028E+00	4.49010457E-01	8.70892068E-02	-7.34612311E-01
-2.00638496E+00	3.27434022E+00	1.68491647E-01	-6.63807738E-01
4.45012470E+00	-7.06492720E-01	7.80232017E-02	-6.59397939E-01
5.17463007E-01	8.75336560E-01	1.29513701E-01	-7.43261901E-01
-1.61961518E+00	3.71398028E+00	1.93335999E-01	-7.03521702E-01
1.72396171E+00	-1.04336100E+00	1.64250414E-01	-6.59231726E-01
-3.60366270E-01	-4.85150077E-01	1.50773173E-01	-7.34809493E-01
-1.50705197E+00	1.58058914E-01	2.73632300E-01	-6.96593676E-01
-7.22373259E-01	1.10122897E+00	1.91913702E-01	-5.93178044E-01
-9.45393395E-01	-1.87806572E-01	1.41170091E-01	-6.76145740E-01
-1.88932168E-01	-5.07582644E+00	2.01369148E-01	-7.00797523E-01
-2.90425905E+00	3.34543432E+00	2.04719244E-01	-6.44770369E-01
4.37063317E-01	1.55045698E+00	1.46150972E-01	-6.97699852E-01
1.19568587E+00	-9.20624760E-01	2.45225430E-01	-7.11293831E-01
1.40650536E+00	-1.57988816E+00	1.69174442E-01	-6.35690124E-01
1.00192083E-01	-4.29871288E-01	1.39575891E-01	-7.68519849E-01
1.15477194E+00	-4.95661044E-01	2.54912091E-01	-8.15044197E-01
-1.27342849E+00	9.40562435E-01	3.49962042E-01	-7.34147308E-01
3.39811223E-02	-2.82513104E+00	2.59677958E-01	-6.68580238E-01
2.22403707E+00	-2.67103178E+00	3.04890675E-01	-7.76102785E-01
2.60807531E+00	-2.87087602E+00	3.66642966E-01	-6.63980094E-01
-1.07182917E+00	5.76209443E-01	3.03777861E-01	-6.92464838E-01
5.74241532E+00	5.74683323E-01	3.74997359E-01	-6.67041105E-01
-5.88641101E-01	-2.43795106E+00	3.29134116E-01	-6.34808834E-01
4.89726653E-01	-2.36334892E-01	3.50727423E-01	-6.26324618E-01
3.15887522E+00	1.07415158E+00	2.76219796E-01	-6.05165595E-01
2.29045100E+00	-1.25025383E+00	2.97569192E-01	-7.12574562E-01
4.12093906E+00	-5.96126140E-01	3.94337365E-01	-6.61733245E-01
3.74388915E-01	-3.15341776E+00	3.47453746E-01	-6.11193204E-01
1.29946000E+00	-1.04677544E+00	3.44340401E-01	-6.43795330E-01
-1.39004404E+00	6.71299797E-01	3.76228442E-01	-6.39873415E-01
-1.87756943E+00	1.45635865E+00	3.96458604E-01	-5.95528779E-01
-3.91372667E+00	2.49111198E+00	3.45162764E-01	-5.78049098E-01
-8.09809968E-01	1.60963416E+00	3.80430039E-01	-6.10418136E-01
2.51542410E+00	-1.56193174E+00	3.66070642E-01	-5.20801415E-01
2.91397856E+00	-1.46736281E+00	2.66660146E-01	-5.83883852E-01
1.07243795E+00	-1.41738313E+00	3.50380299E-01	-6.65952448E-01
4.81854240E+00	1.60431453E+00	4.21679453E-01	-5.89816190E-01
-1.57304821E+00	2.89778306E-01	3.57317006E-01	-5.34128893E-01
-5.32281001E+00	1.51259568E+00	3.45655857E-01	-5.92110218E-01
1.91809850E+00	3.20592815E+00	3.89637685E-01	-5.54092803E-01
1.20965354E+00	-8.53659297E-01	3.37551898E-01	-5.33393024E-01
2.34390972E-01	2.15287521E+00	3.27423377E-01	-5.69531029E-01
3.43492545E-01	-4.49517597E+00	3.56553132E-01	-5.92128386E-01
2.92329264E+00	2.08568842E+00	3.91793193E-01	-5.55765351E-01
2.23065162E+00	1.11739352E+00	3.65788961E-01	-5.30513980E-01
-3.51406796E+00	-2.53435777E-01	3.62199473E-01	-5.21067039E-01
2.72269150E-01	-2.23662153E+00	3.25906403E-01	-5.13783634E-01
3.89299998E+00	-2.58104954E+00	3.13491689E-01	-5.47453673E-01
2.89033200E+00	-2.52928485E+00	3.36662107E-01	-5.80777532E-01
1.25070064E+00	1.33533203E+00	4.02334755E-01	-5.53541137E-01
1.43821010E+00	2.66649535E+00	3.69923102E-01	-4.76895132E-01
-1.10437699E+00	2.19325099E+00	3.20768058E-01	-4.95393747E-01
1.67479354E+00	1.48017676E+00	3.18990060E-01	-5.03737269E-01
-4.36896864E+00	1.58092640E+00	3.13043989E-01	-5.06440368E-01
1.19895679E+00	1.59460180E+00	3.03198236E-01	-4.89107451E-01
1.52830233E+00	6.10451421E-01	2.49702356E-01	-4.94932767E-01
1.10408404E+00	1.41685179E+00	2.28429342E-01	-5.68665406E-01
-7.13824472E-01	-1.09239136E+00	3.02247053E-01	-6.12574454E-01
-1.76465671E+00	3.44521556E+00	3.42803359E-01	-5.44980735E-01
-3.44796248E-01	-1.93278183E+00	2.84195593E-01	-5.25738917E-01
-1.46904292E+00	-1.39300351E+00	2.89848695E-01	-5.57856973E-01
-5.49107305E-01	-3.51115131E-01	2.71062169E-01	-5.26503196E-01
-2.84656326E+00	-1.26889056E+00	2.24288208E-01	-5.98658525E-01
3.24723036E+00	-1.25316094E+00	3.21294041E-01	-6.22975704E-01
1.25224665E+00	-2.70844903E+00	2.81491654E-01	-5.36000484E-01
2.79196762E+00	9.11597437E-01	2.22461776E-01	-6.33265545E-01
2.49135828E+00	-6.27990176E-01	3.18025257E-01	-6.61091645E-01
4.75979679E-01	1.48400560E+00	3.20976292E-01	-6.15368402E-01
3.72521470E+00	-7.24895953E-01	3.14357282E-01	-6.13046287E-01
1.84709853E-01	-1.57069624E-01	2.79566822E-01	-6.18117977E-01
1.89249338E+00	2.09178448E+00	2.90462796E-01	-6.86373115E-01
7.00845683E-01	-1.37257091E+00	3.43695920E-01	-6.90156180E-01
3.01541802E+00	-5.85718532E-01	3.67060799E-01	-6.98311957E-01
-2.28120648E+00	2.28014716E+00	4.18897738E-01	-6.73771438E-01
-2.79008051E-01	1.77329463E+00	4.04923297E-01	-6.42252244E-01
-2.32596511E+00	-1.39610338E+00	4.27678014E-01	-6.45463917E-01
-8.72586132E-01	4.36764890E-01	4.08260508E-01	-5.93475910E-01
-3.96570325E-02	1.46133500E+00	3.64569010E-01	-6.49217930E-01
-2.93225142E+00	-2.44512961E+00	4.29835586E-01	-6.73957103E-01
-2.08973560E+00	-9.99841103E-01	4.34003562E-01	-6.61141360E-01
-7.56555621E-01	-4.74739151E-01	5.00071606E-01	-6.91158459E-01
5.13703274E-01	-2.17396765E-01	5.65394637E-01	-5.93281018E-01
-1.41090514E+00	-5.61278653E-01	4.97167234E-01	-5.30703457E-01
1.04091627E+00	-6.13301913E-01	4.88298692E-01	-5.67535105E-01
1.40454698E+00	4.69960943E+00	5.33390080E-01	-5.09863154E-01
1.44066355E-01	3.05318124E-01	4.46598396E-01	-4.52721214E-01
8.78707075E-01	2.99671769E-01	4.26682254E-01	-5.14631733E-01
3.45154937E+00	1.83008381E+00	4.31894728E-01	-4.59324919E-01
1.40267224E+00	2.86821849E+00	3.22877361E-01	-5.03496586E-01
-3.23714585E+00	-9.53976943E-01	3.79473682E-01	-6.14492930E-01
2.21182437E+00	8.63269453E-01	4.63962369E-01	-5.79433916E-01
3.33677541E+00	-1.91649866E-01	4.50482080E-01	-5.19034172E-01
3.97895549E+00	-2.75746553E+00	4.09094144E-01	-5.38089308E-01
-2.59869077E+00	-2.06555542E+00	4.50726476E-01	-5.54438757E-01
1.68270067E+00	5.75553220E-01	4.37524154E-01	-5.00490766E-01
-1.09425807E+00	2.06270433E+00	3.87762929E-01	-5.32132138E-01
-1.42733890E+00	1.86150270E-01	4.12446939E-01	-5.73556105E-01
-3.76788743E-01	4.66646265E-01	4.45496982E-01	-5.79572640E-01
5.72013126E-01	4.15105076E-01	4.82855094E-01	-5.56973425E-01
-3.70103324E+00	1.19847030E+00	4.63574265E-01	-5.18680138E-01
-1.91912019E+00	-2.23124675E+00	4.65049954E-01	-5.47883904E-01
1.38760958E+00	8.31302122E-01	4.98511353E-01	-4.88331716E-01
9.12952844E-01	1.90456680E+00	3.95814123E-01	-4.75775930E-01
-1.75283830E+00	-5.35961916E-01	4.12132527E-01	-5.86943995E-01
-1.88052520E+00	1.20877108E+00	4.91289307E-01	-5.66095309E-01
-5.23581583E-01	1.43304709E+00	4.88353300E-01	-5.49675524E-01
-2.78780022E+00	6.50956635E-01	5.23915682E-01	-5.37594306E-01
-1.64601950E+00	3.43798355E+00	4.99804133E-01	-5.14594135E-01
4.02191010E-03	7.54876538E-01	5.48912216E-01	-5.61989264E-01
5.27247401E+00	2.69145046E+00	6.07341529E-01	-4.67401476E-01
-1.80436855E+00	7.09059978E-01	5.61213805E-01	-4.50682934E-01
-5.23402336E-02	-2.77571390E-01	6.15695106E-01	-4.07477444E-01
3.40015048E+00	2.17268231E+00	5.52193498E-01	-3.33753981E-01
8.92989962E-01	7.37843760E-01	5.38587229E-01	-3.36301965E-01
-1.46374079E+00	-3.56282067E+00	4.95027739E-01	-2.85617086E-01
-2.28112010E-01	-1.16617548E+00	4.53114522E-01	-3.07440551E-01
-8.92102028E-01	7.43323416E-02	4.44630996E-01	-2.89117280E-01
-2.50934141E+00	9.39676729E-01	3.92867647E-01	-2.81171036E-01
-7.60089533E-01	-1.24350584E-01	3.60373212E-01	-3.09752680E-01
-1.33891633E+00	-6.65084344E-01	3.46350901E-01	-3.31375801E-01
-4.01393518E-01	7.24019836E-01	3.64321613E-01	-3.62694102E-01
-1.26389123E+00	2.38268999E-01	3.74272694E-01	-2.99119180E-01
-2.96996987E+00	2.35015721E+00	2.79716047E-01	-3.30377183E-01
4.77865586E-01	-2.32504899E+00	3.28722481E-01	-3.63663989E-01
-9.61000457E-01	1.93998962E+00	2.64506998E-01	-3.54378670E-01
1.24224271E+00	2.67163259E-01	3.23881605E-01	-4.31364795E-01
-2.37648803E-02	-3.81638750E+00	3.32809256E-01	-3.52209588E-01
-8.50924202E-01	-3.93534214E+00	3.11795778E-01	-3.72523127E-01
1.47667058E-01	-4.39934980E+00	2.81775853E-01	-3.25436893E-01
-3.34707751E+00	-5.81656053E-01	2.33877026E-01	-3.95585210E-01
1.04907154E+00	1.70778156E+00	2.75718239E-01	-3.88195838E-01
1.48031300E-01	-3.38062473E-02	2.21600972E-01	-3.87962984E-01
2.67085281E+00	1.30011240E+00	2.29253455E-01	-4.54718941E-01
1.29115562E+00	-2.38734967E+00	2.88719226E-01	-4.33882955E-01
-5.65665547E-01	-2.89365119E+00	2.28866105E-01	-4.04091690E-01
1.62625372E+00	1.23347865E+00	2.56235844E-01	-4.63478187E-01
-1.10518698E+00	-4.14024331E+00	2.40475942E-01	-3.93538896E-01
-4.64914338E-01	1.07941657E-01	1.93869612E-01	-4.79097754E-01
-2.35266512E+00	-7.89442102E-02	2.66094355E-01	-4.58689478E-01
1.27941716E+00	1.41027961E+00	2.09664061E-01	-4.40550455E-01
-1.49487190E+00	-6.99551081E-01	2.11618156E-01	-4.77631968E-01
-8.77980973E-01	1.09604739E+00	2.20125863E-01	-4.71885765E-01
5.32330847E-01	1.22670381E+00	1.77405382E-01	-4.65587705E-01
-9.68624511E-01	3.92938682E-01	1.60583014E-01	-5.48656022E-01
1.75708377E+00	-2.01101346E+00	2.36789001E-01	-5.69355630E-01
-1.06878268E+00	-1.46325416E+00	2.49494169E-01	-5.12633265E-01
-2.19195974E-01	9.95777761E-01	1.74553955E-01	-5.34084910E-01
1.25808610E+00	-2.85299584E+00	2.56212667E-01	-6.12680015E-01
-2.88904461E+00	-5.75613266E-01	2.53312792E-01	-5.03298264E-01
-2.67883408E+00	4.15370841E-01	2.05204685E-01	-6.01174324E-01
2.34896196E+00	2.00555761E+00	2.73830326E-01	-5.55528067E-01
1.23913397E-02	-1.35562775E+00	2.27686912E-01	-6.16949324E-01
-1.80641862E+00	2.56049303E+00	3.40582575E-01	-5.56664726E-01
-1.69456153E-01	1.30450223E+00	2.04811321E-01	-5.48479298E-01
-1.56855937E+00	5.80915539E-02	3.24873813E-01	-6.29276751E-01
1.71247589E+00	-7.28687266E-01	2.94145955E-01	-5.00114366E-01
-1.08449589E+00	-2.18347811E-02	2.46686151E-01	-5.74660226E-01
6.36690930E-01	1.47200234E+00	2.94436295E-01	-5.58254186E-01
-3.14316687E-01	1.17627859E+00	2.58322316E-01	-5.30902544E-01
1.11841124E+00	-6.50103733E-01	2.30937221E-01	-5.78087215E-01
-2.72138633E+00	1.20227944E+00	2.74531620E-01	-5.85741150E-01
-2.62059476E+00	2.36995160E+00	2.58652092E-01	-5.87925303E-01
4.15318751E-01	-1.70202260E-01	3.16521809E-01	-5.73752407E-01
-4.65443350E+00	-1.09781622E-01	2.35560717E-01	-5.12158871E-01
2.95798430E-01	-4.08352918E-01	2.19507515E-01	-6.09880116E-01
-3.22737294E+00	-2.93715516E-01	2.57439249E-01	-5.91069951E-01
3.22375802E-01	2.27762112E+00	2.41307093E-01	-6.19600914E-01
-2.25746525E+00	-2.01446088E+00	2.87468043E-01	-6.23325807E-01
-1.56751377E+00	6.45416151E+00	2.89316428E-01	-5.85352654E-01
1.75943331E+00	-3.22405393E-01	2.55113737E-01	-5.87883441E-01
-1.81647620E-01	3.45641780E+00	2.69341723E-01	-6.03783795E-01
1.36381814E+00	-2.91247640E+00	2.39215309E-01	-5.92419214E-01
-3.18448435E-01	1.40070292E-01	2.56178518E-01	-6.56873461E-01
-7.77224208E-01	-3.44622527E-01	3.07839536E-01	-6.08019433E-01
-1.65867771E-01	3.14893538E-01	2.46712945E-01	-5.89926678E-01
1.01229489E+00	1.10835787E+00	2.38896065E-01	-6.48237477E-01
-1.92966415E+00	-1.05059486E+00	2.94128594E-01	-6.64862470E-01
-2.14619599E+00	4.45688188E+00	3.07327237E-01	-6.15629917E-01
3.84841359E-01	2.01033705E+00	2.80212505E-01	-6.17570559E-01
9.39596834E-01	1.90992908E+00	2.82396943E-01	-6.07475323E-01
3.77768638E-01	1.57550323E-01	2.36501524E-01	-6.23845875E-01
3.48238595E+00	-5.78868373E-01	2.65347496E-01	-6.92873293E-01
-3.40804194E+00	9.85885825E-01	3.46670144E-01	-6.75034977E-01
9.90057135E-01	-9.27893133E-01	3.55100212E-01	-5.91412285E-01
-4.74601215E-01	2.54025018E+00	2.86822705E-01	-5.63867842E-01
-1.69640913E+00	-1.81943802E+00	2.68086510E-01	-5.97563870E-01
-4.33092275E-01	-1.27504352E+00	2.63924844E-01	-5.79025247E-01
1.74701756E+00	1.92282219E+00	2.13014473E-01	-6.04359072E-01
-2.77414177E+00	2.57565667E+00	2.36716030E-01	-6.43015704E-01
-7.81788302E-01	1.17030150E+00	2.29078019E-01	-6.38989568E-01
-8.09309878E-01	-3.71433804E-01	2.54432510E-01	-6.64472596E-01
-1.70750939E+00	5.61076015E-01	2.34097606E-01	-6.18849209E-01
1.15673683E+00	-1.45368615E-01	2.00788346E-01	-7.02202943E-01
4.25752068E+00	-6.54775434E-01	2.94056612E-01	-6.96665221E-01
1.51458915E+00	4.44783331E-01	2.66608399E-01	-6.48477447E-01
-1.41198258E+00	-1.67028408E+00	2.57070263E-01	-6.55391066E-01
-3.78898815E+00	-3.35749459E+00	2.34487505E-01	-6.70158123E-01
-8.42359171E-02	7.90792963E-02	2.72532388E-01	-6.92140897E-01
1.40113811E+00	-7.99237548E-01	2.88979303E-01	-6.50473987E-01
9.38458048E-01	-2.42986990E+00	2.62310295E-01	-5.96037765E-01
-1.80681858E+00	6.11270940E-01	1.49998023E-01	-6.10440823E-01
-1.36190219E+00	-1.39141929E+00	1.55920432E-01	-7.22092665E-01
-1.63442480E+00	1.67584162E+00	1.91762755E-01	-7.36773427E-01
-2.18607700E-01	6.65426147E-01	2.39508865E-01	-7.78388720E-01
2.00454077E-01	3.15840249E+00	3.00222797E-01	-7.08577159E-01
4.85967359E-01	2.15005144E+00	2.42627714E-01	-6.68028402E-01
-1.92279701E+00	2.02287770E+00	2.19842873E-01	-6.79924216E-01
8.99872422E-01	1.94159096E-01	1.82015165E-01	-6.95110743E-01
1.80002594E+00	-2.63527756E+00	1.94822250E-01	-7.42950774E-01
2.88226227E+00	2.20267394E+00	1.87707103E-01	-7.31144283E-01
-4.56733789E-01	-3.38041636E-01	2.02045220E-01	-8.30228821E-01
-3.23690043E+00	-1.39519604E+00	3.56700084E-01	-7.48146175E-01
-1.61727502E+00	8.23278228E-01	2.25985812E-01	-6.26041195E-01
-1.38043403E+00	-8.19664197E-01	1.94978956E-01	-7.04537931E-01
1.31229766E+00	3.03254693E+00	1.60482916E-01	-6.64578562E-01
2.05934234E+00	-9.24305133E-01	1.03965979E-01	-7.32809462E-01
1.95460465E+00	-2.56322214E+00	8.98575633E-02	-7.88129174E-01
4.85989514E-01	-1.98071278E+00	1.55136328E-01	-8.72418392E-01
9.20983840E-02	-3.83390355E+00	2.06478763E-01	-8.20811739E-01
-8.70654686E-03	9.76012346E-01	2.25283537E-01	-8.21956284E-01
2.21519787E+00	1.10896478E+00	1.97792784E-01	-7.25463887E-01
1.14354081E+00	-1.45117044E+00	9.52970011E-02	-8.05247042E-01
9.04569934E-01	1.90228562E+00	1.41348605E-01	-8.51578949E-01
1.57019499E+00	-1.21114783E+00	1.56101702E-01	-8.99186556E-01
-1.13208118E-01	-3.39564610E-01	2.48340019E-01	-8.59387718E-01
-1.24832672E+00	6.27255437E-01	1.89956018E-01	-7.89740706E-01
1.20219439E+00	3.06723548E+00	1.47366433E-01	-8.13952197E-01
-5.22613473E-01	1.07522307E+00	1.25627104E-01	-8.40451499E-01
8.88404494E-01	8.97216464E-01	1.23990515E-01	-8.72092474E-01
8.73006531E-01	1.78567492E-01	1.48746149E-01	-8.85998755E-01
2.42065843E+00	-2.66934698E-01	1.25600685E-01	-8.57219756E-01
-1.80179330E-01	1.42044712E+00	1.05841000E-01	-9.11966131E-01
-1.27755593E+00	-6.91870185E-01	1.17292027E-01	-8.96198114E-01
-1.17457521E+00	1.35434535E+00	9.00889703E-02	-9.58483740E-01
-1.22798404E+00	-2.59446376E+00	1.61476707E-01	-9.42559217E-01
1.64848381E+00	4.66821358E-01	1.13366482E-01	-9.22128076E-01
1.68300704E-01	-4.44713122E+00	1.30112782E-01	-9.23373885E-01
8.62904196E-01	3.47140066E+00	5.06210150E-02	-8.95325238E-01
-1.29286319E+00	5.14070277E-01	9.86918446E-03	-9.95700900E-01
8.07125269E-02	1.91801858E+00	5.98136640E-02	-1.02527090E+00
1.40222046E+00	-6.23855638E-01	4.62470030E-02	-1.04244725E+00
-1.79659290E+00	1.57279988E-01	1.10025656E-01	-1.03644795E+00
1.70682203E+00	-1.01623860E+00	-1.14393211E-02	-9.75514045E-01
1.24217256E+00	1.18911038E+00	-2.65160533E-02	-1.13025532E+00
-3.16821336E-01	2.21387952E-01	2.28097416E-02	-1.15805200E+00
-3.12125194E-01	2.20591528E-01	5.19750633E-02	-1.15164768E+00
-3.07466676E-01	2.19778769E-01	1.91946192E-02	-1.10838904E+00
-3.02845655E-01	2.18949922E-01	-3.49395726E-03	-1.24336110E+00
-2.98262003E-01	2.18105235E-01	3.01856074E-02	-1.28351241E+00
-2.93715592E-01	2.17244953E-01	1.70247605E-01	-1.26832536E+00
-2.89206294E-01	2.16369321E-01	1.34292233E-01	-1.13853015E+00
-2.84733981E-01	2.15478579E-01	6.41104399E-02	-1.10534222E+00
-2.80298521E-01	2.14572971E-01	-8.50301737E-02	-1.05839339E+00
-2.75899784E-01	2.13652734E-01	-2.64877917E-01	-1.23466935E+00
-2.71537639E-01	2.12718109E-01	-2.14663415E-01	-1.39268747E+00
-2.67211955E-01	2.11769331E-01	-2.65811813E-01	-1.49580115E+00
-2.62922599E-01	2.10806636E-01	-1.64489798E-01	-1.71374535E+00
-2.58669437E-01	2.09830257E-01	4.73321633E-03	-1.76124353E+00
-2.54452337E-01	2.08840429E-01	1.61498625E-01	-1.72844021E+00
-2.50271163E-01	2.07837381E-01	1.68673452E-01	-1.61261093E+00
-2.46125782E-01	2.06821344E-01	1.73264449E-01	-1.62638504E+00
-2.42016058E-01	2.05792546E-01	1.81150915E-01	-1.53005522E+00
-2.37941856E-01	2.04751214E-01	6.36555525E-02	-1.47401161E+00
-2.33903037E-01	2.03697573E-01	-1.45717619E-01	-1.53318116E+00
-2.29899467E-01	2.02631847E-01	-1.85840950E-01	-1.80692936E+00
-2.25931007E-01	2.01554258E-01	-9.34720164E-02	-1.86903076E+00
-2.21997519E-01	2.00465028E-01	-1.42539521E-01	-1.99400575E+00
-2.18098865E-01	1.99364377E-01	-5.51487464E-02	-2.14164877E+00
-2.14234907E-01	1.98252522E-01	2.12280975E-02	-2.24118513E+00
-2.10405504E-01	1.97129680E-01	1.28854633E-01	-2.29972016E+00
-2.06610516E-01	1.95996067E-01	1.69418467E-01	-2.36340510E+00
-2.02849805E-01	1.94851897E-01	2.85865373E-01	-2.44414869E+00
-1.99123228E-01	1.93697381E-01	3.51854252E-01	-2.45523000E+00
-1.95430646E-01	1.92532730E-01	4.19752634E-01	-2.53700310E+00
-1.91771915E-01	1.91358155E-01	5.34041046E-01	-2.56766733E+00
-1.88146895E-01	1.90173863E-01	6.11121946E-01	-2.56902921E+00
-1.84555443E-01	1.88980061E-01	6.24437704E-01	-2.57000423E+00
-1.80997417E-01	1.87776953E-01	6.37051717E-01	-2.69952566E+00
-1.77472673E-01	1.86564745E-01	7.82406767E-01	-2.77940721E+00
-1.73981067E-01	1.85343637E-01	8.27922532E-01	-2.83438419E+00
-1.70522457E-01	1.84113831E-01	9.70733670E-01	-2.98398367E+00
-1.67096698E-01	1.82875525E-01	1.16636431E+00	-3.05504609E+00
-1.63703646E-01	1.81628919E-01	1.43796818E+00	-3.07406235E+00
-1.60343155E-01	1.80374208E-01	1.59368855E+00	-2.90895009E+00
-1.57015082E-01	1.79111588E-01	1.61889444E+00	-2.90552489E+00
-1.53719280E-01	1.77841252E-01	1.75059633E+00	-2.90872883E+00
-1.50455604E-01	1.76563392E-01	1.82224396E+00	-2.91883164E+00
-1.47223908E-01	1.75278200E-01	1.94468922E+00	-3.01441227E+00
-1.44024046E-01	1.73985864E-01	2.18874166E+00	-3.13436407E+00
-1.40855872E-01	1.72686572E-01	2.55385889E+00	-3.16386981E+00
-1.37719238E-01	1.71380512E-01	3.01451563E+00	-3.08809807E+00
-1.34613998E-01	1.70067868E-01	3.52076369E+00	-2.70844337E+00
-1.31540005E-01	1.68748824E-01	3.75094038E+00	-2.10566641E+00
-1.28497112E-01	1.67423562E-01	3.68437311E+00	-1.48028053E+00
-1.25485170E-01	1.66092263E-01	3.30263043E+00	-1.08149025E+00
-1.22504032E-01	1.64755108E-01	3.00298242E+00	-1.02558098E+00
-1.19553551E-01	1.63412273E-01	2.85658226E+00	-9.99768438E-01
-1.16633577E-01	1.62063935E-01	2.76536202E+00	-9.99325335E-01
-1.13743963E-01	1.60710271E-01	2.75624569E+00	-9.74599029E-01
-1.10884559E-01	1.59351453E-01	2.73481111E+00	-8.75330868E-01
-1.08055218E-01	1.57987655E-01	2.65691880E+00	-8.34624411E-01
-1.05255790E-01	1.56619048E-01	2.70264505E+00	-8.02435871E-01
-1.02486126E-01	1.55245801E-01	2.68722570E+00	-6.37053647E-01
-9.97460779E-02	1.53868084E-01	2.60213395E+00	-5.54187128E-01
-9.70354951E-02	1.52486063E-01	2.55419713E+00	-4.70072889E-01
-9.43542286E-02	1.51099904E-01	2.49039348E+00	-3.77544884E-01
-9.17021289E-02	1.49709771E-01	2.37339860E+00	-2.81207689E-01
-8.90790462E-02	1.48315828E-01	2.25822710E+00	-2.83115592E-01
-8.64848306E-02	1.46918235E-01	2.19112951E+00	-2.65276436E-01
-8.39193323E-02	1.45517155E-01	2.14463521E+00	-3.00687225E-01
-8.13824013E-02	1.44112745E-01	2.16717608E+00	-2.21670243E-01
-7.88738873E-02	1.42705163E-01	2.03346090E+00	-1.76026572E-01
-7.63936401E-02	1.41294566E-01	2.03123715E+00	-2.24994677E-01
-7.39415095E-02	1.39881108E-01	2.05494049E+00	-1.62126342E-01
-7.15173451E-02	1.38464944E-01	2.07772164E+00	-4.55239788E-02
-6.91209965E-02	1.37046225E-01	1.97854807E+00	1.72430305E-01
-6.67523130E-02	1.35625103E-01	1.73652067E+00	2.94859474E-01
-6.44111441E-02	1.34201727E-01	1.46362350E+00	2.92104080E-01
-6.20973393E-02	1.32776246E-01	1.24780441E+00	1.65334285E-01
-5.98107477E-02	1.31348807E-01	1.13810790E+00	7.55710368E-03
-5.75512188E-02	1.29919556E-01	1.10305645E+00	-1.09799399E-01
-5.53186016E-02	1.28488637E-01	1.06346649E+00	-1.78411692E-01
-5.31127456E-02	1.27056193E-01	1.00745357E+00	-2.38536719E-01
-5.09334997E-02	1.25622367E-01	9.31044051E-01	-3.33406967E-01
-4.87807133E-02	1.24187298E-01	9.06581243E-01	-4.31489053E-01
-4.66542354E-02	1.22751127E-01	8.32979086E-01	-5.39911865E-01
-4.45539152E-02	1.21313990E-01	8.59351098E-01	-7.18870437E-01
-4.24796018E-02	1.19876026E-01	9.11511071E-01	-8.21525310E-01
-4.04311444E-02	1.18437369E-01	1.04184354E+00	-9.26972951E-01
-3.84083922E-02	1.16998153E-01	1.09950406E+00	-8.29588708E-01
-3.64111943E-02	1.15558512E-01	9.92625223E-01	-9.21387075E-01
-3.44393998E-02	1.14118576E-01	1.07733572E+00	-1.03842874E+00
-3.24928581E-02	1.12678478E-01	1.10108636E+00	-1.11529029E+00
-3.05714183E-02	1.11238344E-01	1.25272193E+00	-1.23208682E+00
-2.86749298E-02	1.09798304E-01	1.37059014E+00	-1.19396762E+00
-2.68032418E-02	1.08358483E-01	1.47187154E+00	-1.27085071E+00
-2.49562038E-02	1.06919008E-01	1.76384843E+00	-1.16702082E+00
-2.31336651E-02	1.05480001E-01	1.76679217E+00	-8.44684147E-01
-2.13354753E-02	1.04041587E-01	1.61345601E+00	-7.29980260E-01
-1.95614839E-02	1.02603886E-01	1.42943822E+00	-6.70186063E-01
-1.78115406E-02	1.01167019E-01	1.26504242E+00	-8.50755261E-01
-1.60854949E-02	9.97311044E-02	1.33872936E+00	-9.72463196E-01
-1.43831968E-02	9.82962606E-02	1.34272406E+00	-1.03412350E+00
-1.27044960E-02	9.68626039E-02	1.40596854E+00	-1.10362103E+00
-1.10492426E-02	9.54302497E-02	1.43523313E+00	-1.18746783E+00
-9.41728666E-03	9.39993121E-02	1.59209087E+00	-1.25635482E+00
-7.80847826E-03	9.25699039E-02	1.68028754E+00	-1.27113892E+00
-6.22266772E-03	9.11421370E-02	1.94317758E+00	-1.30685113E+00
-4.65970544E-03	8.97161216E-02	2.14855084E+00	-1.04167096E+00
-3.11944195E-03	8.82919670E-02	2.16518675E+00	-7.83953416E-01
-1.60172790E-03	8.68697811E-02	2.02374987E+00	-5.11871279E-01
-1.06414080E-04	8.54496709E-02	1.77664464E+00	-4.83033725E-01
1.36664859E-03	8.40317418E-02	1.67473509E+00	-5.27439791E-01
2.81760903E-03	8.26160983E-02	1.60325128E+00	-5.84579756E-01
4.24661602E-03	8.12028434E-02	1.61647306E+00	-6.20991832E-01
5.65381817E-03	7.97920793E-02	1.62196795E+00	-5.65123134E-01
7.03936392E-03	7.83839066E-02	1.51636276E+00	-4.97508805E-01
8.40340156E-03	7.69784250E-02	1.40163974E+00	-5.33247968E-01
9.74607919E-03	7.55757329E-02	1.29784610E+00	-5.71225240E-01
1.10675447E-02	7.41759275E-02	1.21527389E+00	-6.91161462E-01
1.23679459E-02	7.27791049E-02	1.18830077E+00	-7.84707354E-01
1.36474303E-02	7.13853599E-02	1.18721403E+00	-9.08061674E-01
1.49061451E-02	6.99947862E-02	1.19950744E+00	-9.69622114E-01
1.61442376E-02	6.86074764E-02	1.24197310E+00	-1.11985436E+00
1.73618547E-02	6.72235218E-02	1.36882798E+00	-1.07283050E+00
1.85591431E-02	6.58430127E-02	1.24977360E+00	-1.10917128E+00
1.97362492E-02	6.44660380E-02	1.35489287E+00	-1.25162428E+00
2.08933193E-02	6.30926858E-02	1.39771306E+00	-1.21287713E+00
2.20304993E-02	6.17230428E-02	1.38527641E+00	-1.26765759E+00
2.31479352E-02	6.03571945E-02	1.39893641E+00	-1.34970821E+00
2.42457724E-02	5.89952255E-02	1.50284818E+00	-1.43224022E+00
2.53241561E-02	5.76372192E-02	1.56499339E+00	-1.41081148E+00
2.63832314E-02	5.62832576E-02	1.59803057E+00	-1.46440787E+00
2.74231431E-02	5.49334221E-02	1.69964543E+00	-1.47392502E+00
2.84440356E-02	5.35877924E-02	1.74168897E+00	-1.42082554E+00
2.94460531E-02	5.22464475E-02	1.71979859E+00	-1.42292061E+00
3.04293395E-02	5.09094652E-02	1.76816679E+00	-1.45298750E+00
3.13940385E-02	4.95769221E-02	1.76730730E+00	-1.38707917E+00
3.23402935E-02	4.82488937E-02	1.65219541E+00	-1.42569926E+00
3.32682475E-02	4.69254545E-02	1.62757742E+00	-1.57431896E+00
3.41780431E-02	4.56066779E-02	1.66198920E+00	-1.69524163E+00
3.50698230E-02	4.42926362E-02	1.73442748E+00	-1.84600881E+00
3.59437292E-02	4.29834005E-02	1.89396448E+00	-1.91288782E+00
3.67999034E-02	4.16790410E-02	1.95065956E+00	-1.91301271E+00
3.76384873E-02	4.03796267E-02	1.98108353E+00	-2.00006050E+00
3.84596219E-02	3.90852257E-02	2.05133416E+00	-2.13115108E+00
3.92634481E-02	3.77959049E-02	2.21174140E+00	-2.27281209E+00
4.00501063E-02	3.65117302E-02	2.40180146E+00	-2.34074341E+00
4.08197368E-02	3.52327664E-02	2.59162935E+00	-2.39986405E+00
4.15724792E-02	3.39590773E-02	2.80593210E+00	-2.43462837E+00
4.23084731E-02	3.26907257E-02	3.06263928E+00	-2.42596935E+00
4.30278575E-02	3.14277733E-02	3.25014724E+00	-2.31033096E+00
4.37307712E-02	3.01702809E-02	3.36763351E+00	-2.33813691E+00
4.44173525E-02	2.89183080E-02	3.71727406E+00	-2.32945062E+00
4.50877394E-02	2.76719135E-02	3.97541525E+00	-2.10156418E+00
4.57420695E-02	2.64311549E-02	4.16980584E+00	-1.91136554E+00
4.63804800E-02	2.51960890E-02	4.31764716E+00	-1.62820542E+00
4.70031078E-02	2.39667713E-02	4.37874195E+00	-1.38326916E+00
4.76100893E-02	2.27432567E-02	4.36533842E+00	-1.09918540E+00
4.82015606E-02	2.15255986E-02	4.25457401E+00	-9.77896706E-01
4.87776574E-02	2.03138500E-02	4.26874482E+00	-8.90662649E-01
4.93385149E-02	1.91080625E-02	4.26199533E+00	-7.58432455E-01
4.98842681E-02	1.79082869E-02	4.17239299E+00	-6.22147109E-01
5.04150512E-02	1.67145731E-02	4.06264197E+00	-7.00372729E-01
5.09309985E-02	1.55269698E-02	4.18815561E+00	-7.55719792E-01
5.14322435E-02	1.43455249E-02	4.28070204E+00	-7.34160392E-01
5.19189194E-02	1.31702856E-02	4.42327883E+00	-6.84119426E-01
5.23911590E-02	1.20012977E-02	4.51990639E+00	-6.73267535E-01
5.28490946E-02	1.08386063E-02	4.82539669E+00	-6.42861663E-01
5.32928583E-02	9.68225574E-03	5.12018629E+00	-4.08050147E-01
5.37225814E-02	8.53228915E-03	5.37424618E+00	-4.99165211E-02
5.41383951E-02	7.38874888E-03	5.50574574E+00	3.51080013E-01
5.45404299E-02	6.25167637E-03	5.67416612E+00	9.52466337E-01
5.49288159E-02	5.12111214E-03	5.29713507E+00	1.67751919E+00
5.53036831E-02	3.99709582E-03	4.79910589E+00	1.93888358E+00
5.56651605E-02	2.87966616E-03	4.33584690E+00	2.08048070E+00
5.60133771E-02	1.76886100E-03	4.03772996E+00	2.01959722E+00
5.63484611E-02	6.64717329E-04	3.76326510E+00	2.09992034E+00
5.66705405E-02	-4.32728750E-04	3.48431363E+00	1.98366966E+00
5.69797428E-02	-1.52344200E-03	3.31854160E+00	1.94753109E+00
5.72761949E-02	-2.60738804E-03	3.15771589E+00	1.83611182E+00
5.75600233E-02	-3.68453334E-03	3.01055420E+00	1.83275434E+00
5.78313540E-02	-4.75484524E-03	2.83575374E+00	1.61536999E+00
5.80903127E-02	-5.81829190E-03	2.89931862E+00	1.56540867E+00
5.83370244E-02	-6.87484232E-03	2.73097584E+00	1.51078678E+00
5.85716138E-02	-7.92446635E-03	2.76412075E+00	1.36529267E+00
5.87942049E-02	-8.96713463E-03	2.70656397E+00	1.36610353E+00
5.90049214E-02	-1.00028187E-02	2.66273762E+00	1.21230649E+00
5.92038866E-02	-1.10314907E-02	2.72420192E+00	1.12095144E+00
5.93912230E-02	-1.20531239E-02	2.78939736E+00	1.05683030E+00
5.95670528E-02	-1.30676921E-02	2.86868975E+00	1.05937432E+00
5.97314978E-02	-1.40751701E-02	2.86774583E+00	1.04515149E+00
5.98846792E-02	-1.50755333E-02	2.96268230E+00	9.61857722E-01
6.00267176E-02	-1.60687580E-02	3.10610934E+00	9.95168274E-01
6.01577333E-02	-1.70548213E-02	3.24433483E+00	1.06423566E+00
6.02778460E-02	-1.80337010E-02	3.31556917E+00	1.26935654E+00
6.03871748E-02	-1.90053756E-02	3.26923672E+00	1.33915943E+00
6.04858385E-02	-1.99698246E-02	3.39046059E+00	1.49093765E+00
6.05739553E-02	-2.09270280E-02	3.25251740E+00	1.75694479E+00
6.06516429E-02	-2.18769668E-02	3.09592792E+00	1.79086434E+00
6.07190184E-02	-2.28196224E-02	2.99239501E+00	1.86693683E+00
6.07761984E-02	-2.37549774E-02	2.84491166E+00	1.85860200E+00
6.08232993E-02	-2.46830146E-02	2.78003338E+00	1.84143299E+00
6.08604364E-02	-2.56037181E-02	2.66765880E+00	1.83609821E+00
6.08877251E-02	-2.65170722E-02	2.57390325E+00	1.71293889E+00
6.09052798E-02	-2.74230623E-02	2.65110692E+00	1.58042701E+00
6.09132147E-02	-2.83216742E-02	2.75730606E+00	1.60509096E+00
6.09116433E-02	-2.92128948E-02	2.80531165E+00	1.62023698E+00
6.09006786E-02	-3.00967112E-02	2.92001028E+00	1.70893250E+00
6.08804332E-02	-3.09731117E-02	2.89720632E+00	1.85457089E+00
6.08510189E-02	-3.18420848E-02	2.90646013E+00	1.92701646E+00
6.08125473E-02	-3.27036202E-02	2.85522756E+00	2.09623470E+00
6.07651292E-02	-3.35577078E-02	2.76631427E+00	2.14113381E+00
6.07088751E-02	-3.44043385E-02	2.72739886E+00	2.28235625E+00
6.06438947E-02	-3.52435037E-02	2.53932646E+00	2.35307005E+00
6.05702974E-02	-3.60751955E-02	2.44153194E+00	2.36751850E+00
6.04881920E-02	-3.68994068E-02	2.28002716E+00	2.37017739E+00
6.03976867E-02	-3.77161308E-02	2.22781225E+00	2.31317297E+00
6.02988891E-02	-3.85253617E-02	2.11661713E+00	2.34833884E+00
6.01919066E-02	-3.93270942E-02	2.00879162E+00	2.23513523E+00
6.00768456E-02	-4.01213237E-02	2.02977363E+00	2.18326827E+00
5.99538122E-02	-4.09080460E-02	2.00588804E+00	2.20241606E+00
5.98229121E-02	-4.16872578E-02	1.92262581E+00	2.18951303E+00
5.96842500E-02	-4.24589563E-02	1.92638367E+00	2.12114017E+00
5.95379306E-02	-4.32231393E-02	1.91162673E+00	2.20113631E+00
5.93840577E-02	-4.39798053E-02	1.79495695E+00	2.17078136E+00
5.92227346E-02	-4.47289532E-02	1.75867555E+00	2.18565114E+00
5.90540641E-02	-4.54705828E-02	1.58414766E+00	2.12961226E+00
5.88781485E-02	-4.62046942E-02	1.56556268E+00	2.00728602E+00
5.86950894E-02	-4.69312883E-02	1.46760346E+00	1.94691195E+00
5.85049880E-02	-4.76503663E-02	1.43270446E+00	1.76571441E+00
5.83079449E-02	-4.83619304E-02	1.43409180E+00	1.61273591E+00
5.81040600E-02	-4.90659830E-02	1.52344607E+00	1.43997485E+00
5.78934330E-02	-4.97625273E-02	1.56097123E+00	1.31458044E+00
5.76761626E-02	-5.04515669E-02	1.75016689E+00	1.03177923E+00
5.74523473E-02	-5.11331059E-02	2.09666200E+00	9.81639775E-01
5.72220848E-02	-5.18071492E-02	2.37944234E+00	9.88581403E-01
5.69854724E-02	-5.24737021E-02	2.68999406E+00	1.11311929E+00
5.67426068E-02	-5.31327705E-02	2.93867665E+00	1.27286483E+00
5.64935840E-02	-5.37843606E-02	3.18667852E+00	1.53852788E+00
5.62384997E-02	-5.44284794E-02	3.34230615E+00	1.82733085E+00
5.59774489E-02	-5.50651344E-02	3.48217552E+00	2.21054105E+00
5.57105259E-02	-5.56943334E-02	3.45981629E+00	2.60908953E+00
5.54378247E-02	-5.63160850E-02	3.40781697E+00	3.00929152E+00
5.51594386E-02	-5.69303981E-02	3.19193754E+00	3.43007252E+00
5.48754603E-02	-5.75372821E-02	2.87022036E+00	3.74038556E+00
5.45859820E-02	-5.81367471E-02	2.49309360E+00	3.93493335E+00
5.42910953E-02	-5.87288035E-02	2.12743613E+00	4.02187842E+00
5.39908912E-02	-5.93134621E-02	1.77555239E+00	4.02500168E+00
5.36854604E-02	-5.98907346E-02	1.47327735E+00	3.93509070E+00
5.33748926E-02	-6.04606326E-02	1.30726672E+00	3.80884377E+00
5.30592772E-02	-6.10231687E-02	1.14978630E+00	3.81325390E+00
5.27387030E-02	-6.15783555E-02	9.17500585E-01	3.70605216E+00
5.24132583E-02	-6.21262065E-02	8.10326784E-01	3.63301572E+00
5.20830306E-02	-6.26667354E-02	5.85734869E-01	3.52253018E+00
5.17481071E-02	-6.31999563E-02	5.53575771E-01	3.32674003E+00
5.14085743E-02	-6.37258840E-02	4.98697155E-01	3.29484165E+00
5.10645182E-02	-6.42445334E-02	4.24816558E-01	3.17851687E+00
5.07160240E-02	-6.47559200E-02	4.17278158E-01	3.13082761E+00
5.03631767E-02	-6.52600600E-02	3.39781391E-01	3.11907413E+00
5.00060605E-02	-6.57569695E-02	2.46189208E-01	3.03407218E+00
4.96447590E-02	-6.62466654E-02	2.41533219E-01	2.99229091E+00
4.92793553E-02	-6.67291649E-02	1.02847329E-01	2.99433883E+00
4.89099321E-02	-6.72044855E-02	2.24452806E-02	2.83755732E+00
4.85365712E-02	-6.76726454E-02	1.66103642E-02	2.80011055E+00
4.81593542E-02	-6.81336628E-02	-8.55023789E-02	2.72695790E+00
4.77783617E-02	-6.85875567E-02	-1.03340137E-01	2.60885993E+00
4.73936741E-02	-6.90343461E-02	-1.16063183E-01	2.56986372E+00
4.70053712E-02	-6.94740507E-02	-1.83866377E-01	2.49256261E+00
4.66135319E-02	-6.99066905E-02	-1.88108050E-01	2.41015877E+00
4.62182350E-02	-7.03322857E-02	-2.48272682E-01	2.34100991E+00
4.58195584E-02	-7.07508570E-02	-2.34991040E-01	2.21349501E+00
4.54175795E-02	-7.11624256E-02	-2.28246613E-01	2.15318330E+00
4.50123752E-02	-7.15670127E-02	-1.78948435E-01	2.05932070E+00
4.46040219E-02	-7.19646403E-02	-1.61095018E-01	2.04824410E+00
4.41925952E-02	-7.23553304E-02	-9.43801126E-02	1.96814126E+00
4.37781705E-02	-7.27391054E-02	-6.15364167E-02	2.07933554E+00
4.33608221E-02	-7.31159883E-02	-1.66785796E-01	2.02644988E+00
4.29406243E-02	-7.34860020E-02	-1.50122172E-01	2.01953256E+00
4.25176505E-02	-7.38491702E-02	-2.55025641E-01	1.94992636E+00
4.20919737E-02	-7.42055165E-02	-1.99147043E-01	1.84124918E+00
4.16636662E-02	-7.45550652E-02	-1.61847037E-01	1.82786478E+00
4.12327998E-02	-7.48978406E-02	-1.62037393E-01	1.84791109E+00
4.07994458E-02	-7.52338675E-02	-2.12799046E-01	1.77468153E+00
4.03636748E-02	-7.55631709E-02	-1.39496222E-01	1.75686199E+00
3.99255571E-02	-7.58857761E-02	-1.93860690E-01	1.75175883E+00
3.94851621E-02	-7.62017089E-02	-1.50603616E-01	1.72417861E+00
3.90425589E-02	-7.65109952E-02	-2.29276083E-01	1.72454459E+00
3.85978160E-02	-7.68136611E-02	-1.85191705E-01	1.64160368E+00
3.81510012E-02	-7.71097332E-02	-2.35833299E-01	1.67793196E+00
3.77021819E-02	-7.73992383E-02	-2.42143016E-01	1.53790491E+00
3.72514249E-02	-7.76822034E-02	-1.57311248E-01	1.55869698E+00
3.67987965E-02	-7.79586559E-02	-2.19016529E-01	1.56692099E+00
3.63443624E-02	-7.82286234E-02	-2.35228899E-01	1.45866260E+00
3.58881877E-02	-7.84921337E-02	-1.25093020E-01	1.42166022E+00
3.54303370E-02	-7.87492150E-02	-1.20332618E-01	1.47567413E+00
3.49708743E-02	-7.89998955E-02	-1.22355062E-01	1.47056346E+00
3.45098632E-02	-7.92442040E-02	-1.74727054E-01	1.45395762E+00
3.40473666E-02	-7.94821692E-02	-9.75122789E-02	1.37890773E+00
3.35834470E-02	-7.97138203E-02	-9.36887343E-02	1.48346510E+00
3.31181662E-02	-7.99391866E-02	-1.55077389E-01	1.43988148E+00
3.26515855E-02	-8.01582977E-02	-1.80780688E-01	1.43921034E+00
3.21837657E-02	-8.03711832E-02	-1.84940818E-01	1.33705176E+00
3.17147671E-02	-8.05778733E-02	-1.29543807E-01	1.37900128E+00
3.12446493E-02	-8.07783982E-02	-1.96699446E-01	1.33394432E+00
3.07734716E-02	-8.09727883E-02	-1.38842871E-01	1.29165112E+00
3.03012926E-02	-8.11610742E-02	-1.17847318E-01	1.29494013E+00
2.98281704E-02	-8.13432868E-02	-1.13029699E-01	1.33977276E+00
2.93541625E-02	-8.15194572E-02	-1.84052717E-01	1.31099424E+00
2.88793261E-02	-8.16896165E-02	-1.73216485E-01	1.26390995E+00
2.84037175E-02	-8.18537963E-02	-1.68696074E-01	1.20626146E+00
2.79273927E-02	-8.20120281E-02	-7.89726165E-02	1.21489380E+00
2.74504073E-02	-8.21643438E-02	-1.30612527E-01	1.27986996E+00
2.69728162E-02	-8.23107753E-02	-1.64533134E-01	1.21100009E+00
2.64946736E-02	-8.24513549E-02	-1.27185120E-01	1.20603119E+00
2.60160336E-02	-8.25861149E-02	-1.70547791E-01	1.19630130E+00
2.55369494E-02	-8.27150878E-02	-1.24881712E-01	1.12505435E+00
2.50574739E-02	-8.28383062E-02	-9.84935661E-02	1.18851372E+00
2.45776594E-02	-8.29558031E-02	-1.48977043E-01	1.14567468E+00
2.40975577E-02	-8.30676113E-02	-1.02943479E-01	1.13112084E+00
2.36172200E-02	-8.31737641E-02	-9.46519904E-02	1.13025337E+00
2.31366972E-02	-8.32742947E-02	-8.68533721E-02	1.19024712E+00
2.26560394E-02	-8.33692366E-02	-1.96707638E-01	1.16095002E+00
2.21752965E-02	-8.34586234E-02	-1.67586641E-01	1.07393257E+00
2.16945176E-02	-8.35424889E-02	-1.50135135E-01	1.05251753E+00
2.12137515E-02	-8.36208667E-02	-1.04490427E-01	1.02828548E+00
2.07330463E-02	-8.36937910E-02	-6.96394821E-02	1.04929581E+00
2.02524498E-02	-8.37612959E-02	-8.79974407E-02	1.11068152E+00
1.97720093E-02	-8.38234156E-02	-1.77255937E-01	1.04388953E+00
1.92917713E-02	-8.38801845E-02	-8.37487203E-02	9.85857894E-01
1.88117821E-02	-8.39316370E-02	-1.06298176E-01	1.03137679E+00
1.83320874E-02	-8.39778078E-02	-8.27120437E-02	9.57033991E-01
1.78527324E-02	-8.40187315E-02	-1.59056535E-02	9.99453065E-01
1.73737619E-02	-8.40544430E-02	-3.72295171E-02	1.03834577E+00
1.68952200E-02	-8.40849771E-02	-4.89260361E-02	1.02780473E+00
1.64171505E-02	-8.41103689E-02	-2.77689464E-02	1.05397601E+00
1.59395967E-02	-8.41306535E-02	-8.16060926E-02	1.09047147E+00
1.54626012E-02	-8.41458661E-02	-1.30851328E-01	1.05252365E+00
1.49862063E-02	-8.41560419E-02	-1.20295109E-01	1.00781420E+00
1.45104539E-02	-8.41612164E-02	-1.21023195E-01	1.03366669E+00
1.40353853E-02	-8.41614250E-02	-1.71773908E-01	9.70447931E-01
1.35610411E-02	-8.41567032E-02	-1.02123086E-01	9.57567958E-01
1.30874619E-02	-8.41470867E-02	-1.55486528E-01	9.59657321E-01
1.26146875E-02	-8.41326110E-02	-1.04556002E-01	9.16594697E-01
1.21427572E-02	-8.41133121E-02	-1.38905330E-01	9.27146330E-01
1.16717100E-02	-8.40892257E-02	-6.66392346E-02	8.70475706E-01
1.12015843E-02	-8.40603876E-02	-6.67915954E-02	9.60480864E-01
1.07324181E-02	-8.40268339E-02	-1.05470203E-01	9.47104732E-01
1.02642489E-02	-8.39886004E-02	-1.75248040E-01	9.34514484E-01
9.79711377E-03	-8.39457234E-02	-1.27739450E-01	8.07658969E-01
9.33104928E-03	-8.38982388E-02	-6.76730299E-02	8.76403511E-01
8.86609156E-03	-8.38461829E-02	-8.92890227E-02	8.35075138E-01
8.40227625E-03	-8.37895917E-02	-3.82426127E-02	8.71435531E-01
7.93963857E-03	-8.37285016E-02	-6.75890226E-02	8.71102648E-01
7.47821326E-03	-8.36629489E-02	-6.00679814E-02	8.88959648E-01
7.01803461E-03	-8.35929698E-02	-8.69325286E-02	8.61040548E-01
6.55913648E-03	-8.35186007E-02	-5.47823176E-02	8.71968872E-01
6.10155224E-03	-8.34398779E-02	-9.20165593E-02	8.78686839E-01
5.64531485E-03	-8.33568379E-02	-1.00830472E-01	8.47031473E-01
5.19045680E-03	-8.32695170E-02	-7.02876187E-02	8.16541288E-01
4.73701014E-03	-8.31779518E-02	-4.72049998E-02	8.58132439E-01
4.28500651E-03	-8.30821786E-02	-7.00874633E-02	8.66607843E-01
3.83447705E-03	-8.29822340E-02	-1.13211917E-01	8.97768628E-01
3.38545252E-03	-8.28781544E-02	-1.72589517E-01	8.05370523E-01
2.93796322E-03	-8.27699764E-02	-1.07344472E-01	7.76655869E-01
2.49203901E-03	-8.26577364E-02	-1.14524038E-01	7.49619635E-01
2.04770933E-03	-8.25414709E-02	-4.79398522E-02	7.52577960E-01
1.60500318E-03	-8.24212165E-02	-6.62870315E-02	7.57865409E-01
1.16394915E-03	-8.22970097E-02	-6.71926493E-03	7.82511844E-01
7.24575387E-04	-8.21688870E-02	-1.01363071E-01	8.08370649E-01
2.86909629E-04	-8.20368848E-02	-2.08433002E-02	7.09380979E-01
-1.49020815E-04	-8.19010397E-02	-3.71788701E-04	8.72108556E-01
-5.83189053E-04	-8.17613881E-02	-1.81237229E-01	8.13293785E-01
-1.01556861E-03	-8.16179665E-02	-1.07066185E-01	6.45748285E-01
-1.44613342E-03	-8.14708114E-02	4.59255042E-02	6.94028937E-01
-1.87485784E-03	-8.13199592E-02	1.65762752E-02	8.23145370E-01
-2.30171662E-03	-8.11654462E-02	-6.42341026E-02	7.99890764E-01
-2.72668495E-03	-8.10073090E-02	-4.92039780E-02	7.81244063E-01
-3.14973838E-03	-8.08455837E-02	-7.50637385E-02	7.88251220E-01
-3.57085291E-03	-8.06803068E-02	-7.77530970E-02	7.60905542E-01
-3.99000490E-03	-8.05115145E-02	-8.91037621E-02	7.70975001E-01
-4.40717114E-03	-8.03392431E-02	-1.19955580E-01	7.10690130E-01
-4.82232881E-03	-8.01635288E-02	-3.46657453E-02	6.76633279E-01
-5.23545547E-03	-7.99844079E-02	-2.37796189E-02	7.47368029E-01
-5.64652909E-03	-7.98019164E-02	-5.06948560E-02	7.39316364E-01
-6.05552802E-03	-7.96160904E-02	-5.02006289E-02	7.53928922E-01
-6.46243101E-03	-7.94269660E-02	-7.08177689E-02	7.45144588E-01
-6.86721718E-03	-7.92345793E-02	-7.91963261E-02	7.53594289E-01
-7.26986604E-03	-7.90389661E-02	-1.06108498E-01	7.24446438E-01
-7.67035750E-03	-7.88401624E-02	-9.37760150E-02	7.30577214E-01
-8.06867181E-03	-7.86382040E-02	-1.61348203E-01	6.99177896E-01
-8.46478963E-03	-7.84331267E-02	-1.11916072E-01	6.06506737E-01
-8.85869199E-03	-7.82249662E-02	-5.56424098E-02	6.31217064E-01
-9.25036028E-03	-7.80137583E-02	-5.36744065E-02	6.26717624E-01
-9.63977627E-03	-7.77995385E-02	-5.52143981E-03	6.23680856E-01
-1.00269221E-02	-7.75823424E-02	1.38993026E-02	6.88849385E-01
-1.04117803E-02	-7.73622055E-02	-4.09587523E-02	7.02215837E-01
-1.07943336E-02	-7.71391631E-02	-3.44261010E-02	6.82353878E-01
-1.11745654E-02	-7.69132506E-02	-4.19429874E-02	6.88497409E-01
-1.15524592E-02	-7.66845033E-02	-2.29944561E-02	6.95351848E-01
-1.19279990E-02	-7.64529563E-02	-5.46936699E-02	7.36657958E-01
-1.23011689E-02	-7.62186449E-02	-1.04339748E-01	7.36495700E-01
-1.26719538E-02	-7.59816039E-02	-1.77086326E-01	6.75552449E-01
-1.30403386E-02	-7.57418684E-02	-9.98136445E-02	5.88949695E-01
-1.34063087E-02	-7.54994732E-02	-8.93544262E-02	6.58158057E-01
-1.37698496E-02	-7.52544532E-02	-1.14568864E-01	6.09240873E-01
-1.41309475E-02	-7.50068430E-02	-1.13106652E-01	6.23694061E-01
-1.44895888E-02	-7.47566772E-02	-1.21093247E-01	5.36834745E-01
-1.48457601E-02	-7.45039904E-02	-2.12104954E-02	5.62488917E-01
-1.51994485E-02	-7.42488169E-02	-5.64790935E-02	6.09242224E-01
-1.55506414E-02	-7.39911912E-02	-7.77109831E-02	5.95285525E-01
-1.58993264E-02	-7.37311475E-02	-7.74292757E-02	5.59880634E-01
-1.62454917E-02	-7.34687199E-02	-5.65056527E-02	5.68675724E-01
-1.65891257E-02	-7.32039425E-02	-6.91251744E-02	5.44707306E-01
-1.69302169E-02	-7.29368492E-02	-4.89360950E-02	5.43365256E-01
-1.72687544E-02	-7.26674738E-02	-4.87244103E-02	4.96082173E-01
-1.76047276E-02	-7.23958502E-02	4.20509387E-02	5.09396156E-01
-1.79381261E-02	-7.21220119E-02	3.77872094E-02	5.70601834E-01
-1.82689398E-02	-7.18459925E-02	1.50956095E-02	6.05141620E-01
-1.85971592E-02	-7.15678254E-02	-3.21888254E-02	5.69998858E-01
-1.89227746E-02	-7.12875439E-02	2.14694560E-02	5.73574361E-01
-1.92457772E-02	-7.10051813E-02	-4.31945894E-02	5.87214369E-01
-1.95661579E-02	-7.07207706E-02	8.90646587E-03	5.28655641E-01
-1.98839085E-02	-7.04343448E-02	3.01423453E-03	5.89010743E-01
-2.01990206E-02	-7.01459367E-02	1.51411487E-04	5.37135823E-01
-2.05114865E-02	-6.98555792E-02	4.68192447E-02	5.87186918E-01
-2.08212984E-02	-6.95633048E-02	-9.28336791E-03	6.17836522E-01
-2.11284492E-02	-6.92691460E-02	-4.40893985E-02	5.71644150E-01
-2.14329317E-02	-6.89731353E-02	1.32006676E-02	5.39328646E-01
-2.17347394E-02	-6.86753049E-02	5.97062121E-03	6.09943548E-01
-2.20338657E-02	-6.83756869E-02	-3.73298323E-02	5.47901098E-01
-2.23303045E-02	-6.80743135E-02	5.03018238E-02	5.67041431E-01
-2.26240500E-02	-6.77712164E-02	-2.97212319E-03	6.44754995E-01
-2.29150966E-02	-6.74664274E-02	-7.07361799E-02	6.32332270E-01
-2.32034390E-02	-6.71599782E-02	-1.36197539E-01	5.47345318E-01
-2.34890721E-02	-6.68519003E-02	-2.25544574E-02	4.51640533E-01
-2.37719913E-02	-6.65422250E-02	3.29093267E-02	5.67316229E-01
-2.40521920E-02	-6.62309837E-02	-4.70658170E-02	5.79928139E-01
-2.43296701E-02	-6.59182073E-02	-7.06376823E-02	5.42277018E-01
-2.46044215E-02	-6.56039270E-02	-5.24528733E-02	4.90907293E-01
-2.48764427E-02	-6.52881735E-02	-1.71604416E-02	4.97995933E-01
-2.51457302E-02	-6.49709776E-02	6.31694290E-03	4.96541114E-01
-2.54122808E-02	-6.46523697E-02	-3.42486461E-03	5.50970409E-01
-2.56760918E-02	-6.43323805E-02	-4.35810760E-02	4.90992566E-01
-2.59371603E-02	-6.40110401E-02	2.62830598E-02	4.97614233E-01
-2.61954841E-02	-6.36883787E-02	1.41616646E-02	5.19963106E-01
-2.64510611E-02	-6.33644263E-02	1.89760684E-02	5.70003309E-01
-2.67038892E-02	-6.30392128E-02	-8.97884307E-02	5.35706788E-01
-2.69539670E-02	-6.27127679E-02	-8.42581400E-03	4.38235793E-01
-2.72012930E-02	-6.23851212E-02	4.13647632E-02	5.10631573E-01
-2.74458660E-02	-6.20563021E-02	8.32196534E-03	5.46273688E-01
-2.76876852E-02	-6.17263399E-02	-4.35003880E-02	5.27580405E-01
-2.79267499E-02	-6.13952638E-02	-1.99259487E-02	4.79292918E-01
-2.81630596E-02	-6.10631028E-02	5.05354276E-03	4.95215921E-01
-2.83966142E-02	-6.07298856E-02	-6.44337909E-03	5.15372964E-01
-2.86274136E-02	-6.03956411E-02	-3.25964738E-02	4.78885934E-01
-2.88554582E-02	-6.00603977E-02	2.12104372E-02	4.74968203E-01
-2.90807484E-02	-5.97241838E-02	-7.39607242E-03	4.82623793E-01
-2.93032850E-02	-5.93870277E-02	6.78635004E-02	4.70345079E-01
-2.95230688E-02	-5.90489575E-02	2.24842229E-02	5.77677907E-01
-2.97401011E-02	-5.87100011E-02	-4.00705985E-02	5.09432535E-01
-2.99543832E-02	-5.83701863E-02	-3.49991607E-03	5.02813790E-01
-3.01659167E-02	-5.80295408E-02	-1.04186734E-02	5.28504682E-01
-3.03747033E-02	-5.76880919E-02	-9.20617459E-02	5.23233867E-01
-3.05807452E-02	-5.73458671E-02	-5.86471246E-02	3.87130201E-01
-3.07840446E-02	-5.70028934E-02	4.37654935E-02	4.61322846E-01
-3.09846038E-02	-5.66591980E-02	-3.07654696E-02	4.62755737E-01
-3.11824255E-02	-5.63148075E-02	3.93830328E-02	4.35923594E-01
-3.13775126E-02	-5.59697488E-02	2.20780278E-02	5.00491048E-01
-3.15698680E-02	-5.56240483E-02	1.90189582E-03	4.85860891E-01
-3.17594952E-02	-5.52777325E-02	-1.34928926E-02	4.94332261E-01
-3.19463974E-02	-5.49308274E-02	-2.17762220E-02	4.76331381E-01
-3.21305783E-02	-5.45833593E-02	-4.50635241E-02	4.78949236E-01
-3.23120417E-02	-5.42353538E-02	-5.19122358E-02	4.18764162E-01
-3.24907918E-02	-5.38868369E-02	-1.25985809E-02	4.17951416E-01
-3.26668325E-02	-5.35378340E-02	-2.08269196E-02	3.92653502E-01
-3.28401685E-02	-5.31883705E-02	4.51868413E-02	3.81221146E-01
-3.30108042E-02	-5.28384717E-02	5.14234181E-02	4.26649692E-01
-3.31787443E-02	-5.24881626E-02	5.76309045E-02	4.21791304E-01
-3.33439939E-02	-5.21374682E-02	7.34174037E-02	4.65695015E-01
-3.35065581E-02	-5.17864131E-02	1.28644666E-02	4.76556676E-01
-3.36664421E-02	-5.14350220E-02	3.97921212E-02	4.08784616E-01
-3.38236514E-02	-5.10833193E-02	1.00320719E-01	4.93126857E-01
-3.39781917E-02	-5.07313292E-02	-1.16583203E-02	5.24430735E-01
-3.41300687E-02	-5.03790758E-02	-4.83403681E-03	4.48251662E-01
-3.42792884E-02	-5.00265830E-02	-1.70721561E-03	4.88849851E-01
-3.44258571E-02	-4.96738745E-02	-7.73404535E-02	4.33371433E-01
-3.45697809E-02	-4.93209740E-02	4.61566230E-03	3.25886330E-01
-3.47110664E-02	-4.89679048E-02	1.08900538E-01	4.10936638E-01
-3.48497201E-02	-4.86146902E-02	5.02943324E-02	4.66240403E-01
-3.49857490E-02	-4.82613533E-02	4.20274097E-02	4.66644387E-01
-3.51191598E-02	-4.79079169E-02	-5.71482610E-03	4.54259604E-01
-3.52499598E-02	-4.75544039E-02	3.92892912E-02	4.26589642E-01
-3.53781561E-02	-4.72008367E-02	-4.93805756E-03	4.70119215E-01
-3.55037562E-02	-4.68472377E-02	-3.41433241E-04	3.81204639E-01
-3.56267676E-02	-4.64936293E-02	6.28767778E-02	4.34853697E-01
-3.57471980E-02	-4.61400334E-02	-8.16621367E-03	4.37655926E-01
-3.58650552E-02	-4.57864720E-02	3.27128466E-02	3.71370170E-01
-3.59803473E-02	-4.54329668E-02	8.64442833E-02	4.27765726E-01
-3.60930822E-02	-4.50795393E-02	3.18473853E-02	4.64150556E-01
-3.62032684E-02	-4.47262109E-02	5.99218139E-03	4.20680728E-01
-3.63109142E-02	-4.43730028E-02	4.08138245E-02	3.89152816E-01
-3.64160281E-02	-4.40199361E-02	7.25080513E-02	4.24660702E-01
-3.65186187E-02	-4.36670316E-02	4.66682967E-02	4.27371384E-01
-3.66186950E-02	-4.33143101E-02	7.52335225E-02	4.38538134E-01
-3.67162657E-02	-4.29617920E-02	3.27636036E-02	4.55587180E-01
-3.68113400E-02	-4.26094978E-02	5.16851698E-02	4.32894470E-01
-3.69039270E-02	-4.22574475E-02	2.89001623E-02	4.47311947E-01
-3.69940360E-02	-4.19056613E-02	6.46713846E-02	4.25195999E-01
-3.70816765E-02	-4.15541590E-02	3.76297787E-02	4.85122066E-01
-3.71668579E-02	-4.12029602E-02	1.62454052E-02	4.40883424E-01
-3.72495900E-02	-4.08520845E-02	8.32227745E-03	4.65103234E-01
-3.73298824E-02	-4.05015512E-02	-1.32702489E-02	3.98899159E-01
-3.74077452E-02	-4.01513794E-02	6.07316469E-02	4.00525824E-01
-3.74831882E-02	-3.98015882E-02	6.29148099E-02	4.66225276E-01
-3.75562216E-02	-3.94521964E-02	-2.36281475E-02	4.79024206E-01
-3.76268557E-02	-3.91032226E-02	-8.92512417E-03	3.78127185E-01
-3.76951007E-02	-3.87546854E-02	4.83484013E-02	4.35799339E-01
-3.77609671E-02	-3.84066029E-02	-3.42089486E-03	4.28853673E-01
-3.78244654E-02	-3.80589934E-02	8.01208326E-03	4.34179456E-01
-3.78856062E-02	-3.77118749E-02	-3.64969896E-02	3.91961014E-01
-3.79444003E-02	-3.73652651E-02	3.43018461E-02	3.68410321E-01
-3.80008585E-02	-3.70191817E-02	1.42893771E-02	3.97066730E-01
-3.80549918E-02	-3.66736421E-02	5.23811134E-02	3.67847299E-01
-3.81068112E-02	-3.63286636E-02	5.43765694E-02	4.28669836E-01
-3.81563277E-02	-3.59842634E-02	3.07896224E-02	4.13141021E-01
-3.82035527E-02	-3.56404584E-02	2.15728227E-02	4.50436134E-01
-3.82484973E-02	-3.52972654E-02	-5.26217411E-02	3.93831571E-01
-3.82911731E-02	-3.49547010E-02	2.41839310E-02	3.29963853E-01
-3.83315914E-02	-3.46127816E-02	4.76848587E-02	3.78504115E-01
-3.83697639E-02	-3.42715236E-02	4.01476520E-02	3.68620546E-01
-3.84057021E-02	-3.39309430E-02	6.27697837E-02	3.69020673E-01
-3.84394178E-02	-3.35910558E-02	7.73909789E-02	3.96826778E-01
-3.84709228E-02	-3.32518777E-02	5.48962415E-02	4.01649394E-01
-3.85002290E-02	-3.29134244E-02	8.59361269E-02	4.16741181E-01
-3.85273484E-02	-3.25757113E-02	1.95202678E-02	4.54283973E-01
-3.85522929E-02	-3.22387537E-02	2.12247917E-02	3.88629738E-01
-3.85750747E-02	-3.19025667E-02	1.62359422E-02	4.10263863E-01
-3.85957060E-02	-3.15671652E-02	3.82402212E-02	3.47751301E-01
-3.86141990E-02	-3.12325639E-02	6.46763919E-02	4.12210234E-01
-3.86305660E-02	-3.08987776E-02	4.44542844E-02	3.51486821E-01
-3.86448194E-02	-3.05658206E-02	1.30477378E-01	4.27549919E-01
-3.86569717E-02	-3.02337072E-02	2.57616854E-02	4.47283720E-01
-3.86670354E-02	-2.99024516E-02	8.07061011E-02	4.18495928E-01
-3.86750231E-02	-2.95720676E-02	2.11792384E-02	4.80363968E-01
-3.86809473E-02	-2.92425691E-02	7.00668057E-03	4.06448044E-01
-3.86848209E-02	-2.89139697E-02	4.37914881E-02	4.39935202E-01
-3.86866565E-02	-2.85862828E-02	-1.26577994E-02	4.54455988E-01
-3.86864669E-02	-2.82595217E-02	-2.74325142E-02	3.92825668E-01
-3.86842651E-02	-2.79336996E-02	3.05484335E-02	3.95219751E-01
-3.86800640E-02	-2.76088294E-02	-1.81379859E-02	4.43456527E-01
-3.86738764E-02	-2.72849240E-02	-4.75788348E-02	3.53435283E-01
-3.86657156E-02	-2.69619959E-02	4.31104245E-02	3.58801867E-01
-3.86555944E-02	-2.66400577E-02	-5.67338363E-03	4.06327149E-01
-3.86435261E-02	-2.63191217E-02	4.13021617E-03	3.35905369E-01
-3.86295238E-02	-2.59992000E-02	5.64220540E-02	3.77054534E-01
-3.86136007E-02	-2.56803047E-02	2.11494018E-02	3.96483110E-01
-3.85957701E-02	-2.53624475E-02	2.01338951E-02	3.67250577E-01
-3.85760452E-02	-2.50456403E-02	7.99829251E-02	3.89506954E-01
-3.85544395E-02	-2.47298944E-02	-3.03761874E-03	4.85547655E-01
-3.85309663E-02	-2.44152213E-02	-6.98041443E-02	3.36557505E-01
-3.85056389E-02	-2.41016322E-02	7.31227397E-02	3.65068400E-01
-3.84784709E-02	-2.37891382E-02	-1.93446946E-02	4.18824012E-01
-3.84494757E-02	-2.34777501E-02	1.11658531E-02	3.66957449E-01
-3.84186669E-02	-2.31674786E-02	-2.64310885E-02	3.97136555E-01
-3.83860580E-02	-2.28583345E-02	4.05563348E-03	3.35243201E-01
-3.83516626E-02	-2.25503280E-02	4.87978800E-04	4.04409978E-01
-3.83154943E-02	-2.22434695E-02	-5.04047427E-02	3.28740008E-01
-3.82775668E-02	-2.19377692E-02	3.13040229E-02	3.21490401E-01
-3.82378937E-02	-2.16332369E-02	6.47242356E-03	3.57273707E-01
-3.81964887E-02	-2.13298825E-02	1.55346593E-02	3.19924013E-01
-3.81533655E-02	-2.10277156E-02	4.63698134E-02	3.49904675E-01
-3.81085379E-02	-2.07267458E-02	1.47859340E-02	3.51540080E-01
-3.80620197E-02	-2.04269825E-02	5.35810918E-02	3.36869478E-01
-3.80138246E-02	-2.01284348E-02	3.62617323E-02	3.94459488E-01
-3.79639665E-02	-1.98311118E-02	4.78207066E-03	3.54326598E-01
-3.79124591E-02	-1.95350224E-02	3.38155705E-02	3.77750428E-01
-3.78593163E-02	-1.92401755E-02	-3.00729401E-02	3.70755348E-01
-3.78045520E-02	-1.89465795E-02	2.89238676E-03	3.09787949E-01
-3.77481801E-02	-1.86542430E-02	2.74983495E-02	3.39437500E-01
-3.76902144E-02	-1.83631743E-02	1.51942976E-02	3.27292962E-01
-3.76306688E-02	-1.80733816E-02	4.24831804E-02	3.20961037E-01
-3.75695573E-02	-1.77848729E-02	5.94635011E-02	3.44269956E-01
-3.75068937E-02	-1.74976560E-02	4.85615164E-02	3.73154243E-01
-3.74426921E-02	-1.72117388E-02	1.92309316E-02	3.80116069E-01
-3.73769663E-02	-1.69271288E-02	-7.17285528E-03	3.54685190E-01
-3.73097303E-02	-1.66438334E-02	2.90271825E-02	3.27073569E-01
-3.72409980E-02	-1.63618601E-02	1.57994725E-02	3.93330622E-01
-3.71707835E-02	-1.60812158E-02	-7.36379187E-02	3.03907893E-01
-3.70991006E-02	-1.58019078E-02	7.67860108E-02	2.35029156E-01
-3.70259633E-02	-1.55239428E-02	7.91869592E-02	3.74583718E-01
-3.69513856E-02	-1.52473276E-02	2.35853626E-02	3.14208097E-01
-3.68753815E-02	-1.49720688E-02	8.87534547E-02	3.44219494E-01
-3.67979649E-02	-1.46981729E-02	5.05802905E-02	3.63445121E-01
-3.67191498E-02	-1.44256462E-02	6.21913609E-02	3.90558406E-01
-3.66389502E-02	-1.41544949E-02	-1.09418837E-02	3.75695626E-01
-3.65573799E-02	-1.38847250E-02	4.82904869E-02	3.50888576E-01
-3.64744530E-02	-1.36163425E-02	-3.12190072E-02	4.02175206E-01
-3.63901834E-02	-1.33493532E-02	-1.71370359E-02	2.70808924E-01
-3.63045850E-02	-1.30837626E-02	6.77094912E-02	3.39921470E-01
-3.62176718E-02	-1.28195764E-02	3.46822489E-03	3.45231586E-01
-3.61294577E-02	-1.25567998E-02	2.54875872E-02	3.17046978E-01
-3.60399566E-02	-1.22954382E-02	4.35009056E-02	3.08195356E-01
-3.59491824E-02	-1.20354966E-02	8.27556897E-02	3.49100694E-01
-3.58571489E-02	-1.17769800E-02	2.63110074E-02	3.76340025E-01
-3.57638702E-02	-1.15198934E-02	4.21520372E-02	3.37431460E-01
-3.56693600E-02	-1.12642413E-02	4.67954883E-02	3.88715098E-01
-3.55736322E-02	-1.10100285E-02	-2.03628035E-03	3.71732271E-01
-3.54767005E-02	-1.07572593E-02	1.18659372E-02	3.63692829E-01
-3.53785790E-02	-1.05059381E-02	-2.52706498E-02	3.58279623E-01
-3.52792812E-02	-1.02560692E-02	-6.69298633E-03	3.11206979E-01
-3.51788211E-02	-1.00076565E-02	1.59924284E-02	3.13271764E-01
-3.50772124E-02	-9.76070416E-03	5.96021775E-02	3.17880779E-01
-3.49744687E-02	-9.51521588E-03	4.57984624E-02	4.01902999E-01
-3.48706039E-02	-9.27119541E-03	-3.74532953E-02	3.81978283E-01
-3.47656317E-02	-9.02864632E-03	-4.70068670E-02	3.38891456E-01
-3.46595657E-02	-8.78757210E-03	-5.13791266E-02	2.83299135E-01
-3.45524196E-02	-8.54797607E-03	2.15623814E-02	2.48390674E-01
-3.44442069E-02	-8.30986146E-03	6.65999972E-02	2.97936472E-01
-3.43349414E-02	-8.07323137E-03	5.59545214E-02	3.34727074E-01
-3.42246366E-02	-7.83808877E-03	4.18382156E-02	3.54698882E-01
-3.41133060E-02	-7.60443654E-03	8.44989013E-03	3.63806509E-01
-3.40009632E-02	-7.37227741E-03	-1.06666395E-02	3.38274788E-01
-3.38876217E-02	-7.14161401E-03	-6.55935917E-03	3.20356001E-01
-3.37732949E-02	-6.91244885E-03	5.47148846E-03	3.14313467E-01
-3.36579964E-02	-6.68478432E-03	-3.48739049E-03	3.09374851E-01
-3.35417394E-02	-6.45862270E-03	3.30583696E-02	2.78396894E-01
-3.34245373E-02	-6.23396614E-03	7.19260184E-02	3.39857439E-01
-3.33064036E-02	-6.01081671E-03	1.70399471E-02	3.77989358E-01
-3.31873515E-02	-5.78917634E-03	-1.98599192E-02	3.53695246E-01
-3.30673944E-02	-5.56904684E-03	-2.34950452E-02	3.32987600E-01
-3.29465454E-02	-5.35042994E-03	-3.72703752E-02	3.11611439E-01
-3.28248177E-02	-5.13332724E-03	-2.79598178E-03	2.81541113E-01
-3.27022247E-02	-4.91774023E-03	5.60242003E-04	3.12372113E-01
-3.25787792E-02	-4.70367029E-03	2.24211064E-03	2.86403224E-01
-3.24544946E-02	-4.49111870E-03	7.86956130E-03	3.21652569E-01
-3.23293839E-02	-4.28008662E-03	-2.09741048E-02	2.78287097E-01
-3.22034600E-02	-4.07057511E-03	3.83190527E-02	2.84653801E-01
-3.20767360E-02	-3.86258514E-03	1.69753776E-02	3.26533342E-01
-3.19492249E-02	-3.65611754E-03	-2.83971829E-02	3.13781909E-01
-3.18209394E-02	-3.45117307E-03	2.69053253E-03	2.42368545E-01
-3.16918926E-02	-3.24775236E-03	5.75476735E-02	3.30763713E-01
-3.15620972E-02	-3.04585596E-03	-6.40964086E-02	3.08699647E-01
-3.14315661E-02	-2.84548429E-03	1.94208380E-02	2.26201407E-01
-3.13003118E-02	-2.64663770E-03	2.85379081E-02	2.95016672E-01
-3.11683473E-02	-2.44931641E-03	1.08089699E-02	2.62041205E-01
-3.10356851E-02	-2.25352057E-03	4.45441420E-02	2.65447432E-01
-3.09023378E-02	-2.05925020E-03	4.48241326E-02	2.82204342E-01
-3.07683180E-02	-1.86650524E-03	6.33446462E-02	2.71823785E-01
-3.06336382E-02	-1.67528554E-03	8.68528239E-02	3.46153294E-01
-3.04983110E-02	-1.48559084E-03	-2.29443922E-02	3.49177256E-01
-3.03623487E-02	-1.29742077E-03	6.19690230E-03	2.63830327E-01
-3.02257636E-02	-1.11077491E-03	4.01799471E-02	2.79371634E-01
-3.00885683E-02	-9.25652688E-04	7.90232300E-02	3.04601701E-01
-2.99507749E-02	-7.42053487E-04	1.37793960E-02	3.64814128E-01
-2.98123956E-02	-5.59976571E-04	7.19661634E-03	2.74103451E-01
-2.96734428E-02	-3.79421121E-04	6.82930667E-02	3.53160301E-01
-2.95339284E-02	-2.00386224E-04	-6.08534220E-02	3.55863648E-01
-2.93938647E-02	-2.28708782E-05	-1.74352559E-02	2.34826205E-01
-2.92532636E-02	1.53126010E-04	5.51184603E-02	3.01467917E-01
-2.91121371E-02	3.27605621E-04	-1.51203030E-02	3.09797538E-01
-2.89704972E-02	5.00569224E-04	3.37957564E-02	2.54267611E-01
-2.88283558E-02	6.72018176E-04	7.08058380E-02	3.35265582E-01
-2.86857246E-02	8.41953919E-04	-1.59557839E-02	3.71786742E-01
-2.85426156E-02	1.01037798E-03	-6.63379468E-02	2.94392807E-01
-2.83990403E-02	1.17729198E-03	-9.63422151E-03	2.40585190E-01
-2.82550105E-02	1.34269761E-03	3.31043912E-02	2.67583393E-01
-2.81105378E-02	1.50659666E-03	2.30528504E-02	3.03314868E-01
-2.79656338E-02	1.66899098E-03	-9.21001506E-03	2.76218538E-01
-2.78203100E-02	1.82988253E-03	4.51109064E-02	2.62929920E-01
-2.76745777E-02	1.98927333E-03	3.53575907E-02	3.02196195E-01
-2.75284486E-02	2.14716549E-03	5.89988630E-02	3.04685039E-01
-2.73819338E-02	2.30356119E-03	1.07913677E-02	3.78478696E-01
-2.72350446E-02	2.45846271E-03	-5.27124358E-02	3.08288134E-01
-2.70877924E-02	2.61187238E-03	-1.31663938E-02	2.90050193E-01
-2.69401883E-02	2.76379262E-03	-2.62362504E-02	2.93805203E-01
-2.67922433E-02	2.91422594E-03	-3.70291760E-02	2.63883367E-01
-2.66439686E-02	3.06317490E-03	1.97432675E-02	2.33141394E-01
-2.64953751E-02	3.21064215E-03	2.75767269E-02	3.09898411E-01
-2.63464739E-02	3.35663042E-03	-2.22622284E-02	2.67706274E-01
-2.61972757E-02	3.50114251E-03	3.03052691E-02	2.77600855E-01
-2.60477914E-02	3.64418127E-03	-6.44424104E-03	2.88344314E-01
-2.58980318E-02	3.78574964E-03	1.66466848E-02	2.82475198E-01
-2.57480076E-02	3.92585065E-03	-1.33164499E-02	2.91531022E-01
-2.55977294E-02	4.06448737E-03	7.50294927E-03	2.71669629E-01
-2.54472078E-02	4.20166295E-03	-7.13661932E-03	2.97372248E-01
-2.52964534E-02	4.33738061E-03	-2.73411590E-02	2.74312794E-01
-2.51454765E-02	4.47164364E-03	-2.34952117E-02	2.35016949E-01
-2.49942877E-02	4.60445539E-03	4.86015928E-02	2.30095424E-01
-2.48428972E-02	4.73581928E-03	3.95900044E-02	3.04006636E-01
-2.46913153E-02	4.86573881E-03	6.42569299E-03	2.81481448E-01
-2.45395523E-02	4.99421752E-03	3.22666503E-02	2.91905987E-01
-2.43876183E-02	5.12125903E-03	1.45797349E-02	3.28456326E-01
-2.42355234E-02	5.24686702E-03	-4.43926357E-02	3.33831252E-01
-2.40832776E-02	5.37104523E-03	-6.86501477E-02	2.67696517E-01
-2.39308909E-02	5.49379747E-03	-3.05342712E-02	2.45933041E-01
-2.37783733E-02	5.61512760E-03	-1.72208018E-02	2.40705895E-01
-2.36257344E-02	5.73503955E-03	9.28311432E-03	2.59630225E-01
-2.34729843E-02	5.85353731E-03	-2.21212140E-02	2.73209277E-01
-2.33201324E-02	5.97062492E-03	-1.19990000E-02	2.50164307E-01
-2.31671886E-02	6.08630649E-03	-2.72286116E-02	2.60244272E-01
-2.30141623E-02	6.20058617E-03	1.12867477E-03	2.05528026E-01
-2.28610632E-02	6.31346819E-03	6.29048969E-02	2.89954056E-01
-2.27079006E-02	6.42495681E-03	-5.30263492E-02	3.31758512E-01
-2.25546840E-02	6.53505638E-03	-8.43027506E-02	2.33489000E-01
-2.24014228E-02	6.64377127E-03	-3.45124161E-02	1.86134904E-01
-2.22481260E-02	6.75110593E-03	3.24382512E-02	1.96655317E-01
-2.20948031E-02	6.85706484E-03	3.22976449E-02	2.57232803E-01
-2.19414630E-02	6.96165254E-03	6.11655404E-03	2.50446006E-01
-2.17881150E-02	7.06487364E-03	1.51442537E-02	2.67961570E-01
-2.16347679E-02	7.16673279E-03	-3.34820331E-02	2.62484979E-01
-2.14814308E-02	7.26723467E-03	7.79114583E-04	2.18426610E-01
-2.13281124E-02	7.36638404E-03	-6.55941955E-03	2.74573791E-01
-2.11748217E-02	7.46418570E-03	-4.99169468E-02	1.99690740E-01
-2.10215673E-02	7.56064448E-03	4.79127690E-02	2.03264897E-01
-2.08683580E-02	7.65576528E-03	1.52137984E-03	2.57376929E-01
-2.07152023E-02	7.74955304E-03	9.51448052E-03	2.00894732E-01
-2.05621088E-02	7.84201275E-03	6.13008805E-02	2.37878155E-01
-2.04090859E-02	7.93314943E-03	1.54318132E-02	2.93675728E-01
-2.02561422E-02	8.02296816E-03	-3.14890815E-02	2.24810333E-01
-2.01032859E-02	8.11147406E-03	5.18209721E-02	2.25169312E-01
-1.99505253E-02	8.19867229E-03	5.88912813E-03	2.69149300E-01
-1.97978686E-02	8.28456806E-03	2.61249836E-02	2.41717208E-01
-1.96453240E-02	8.36916662E-03	-5.33308933E-03	2.70858384E-01
-1.94928996E-02	8.45247326E-03	1.49894216E-02	2.31282912E-01
-1.93406034E-02	8.53449330E-03	-4.17623565E-03	2.70133840E-01
-1.91884433E-02	8.61523212E-03	5.42057725E-03	2.18098186E-01
-1.90364271E-02	8.69469512E-03	1.08199870E-02	2.58348095E-01
-1.88845629E-02	8.77288775E-03	2.31738140E-02	2.12662086E-01
-1.87328582E-02	8.84981550E-03	4.65725341E-02	2.85883564E-01
-1.85813207E-02	8.92548389E-03	5.49803473E-03	2.65222229E-01
-1.84299581E-02	8.99989849E-03	1.69127412E-03	3.04847264E-01
-1.82787779E-02	9.07306488E-03	-3.95507007E-02	2.41084793E-01
-1.81277877E-02	9.14498870E-03	1.11964783E-02	2.81473221E-01
-1.79769947E-02	9.21567562E-03	-6.20712022E-02	2.45913250E-01
-1.78264064E-02	9.28513133E-03	1.51172272E-02	2.49647723E-01
-1.76760301E-02	9.35336157E-03	-6.96395247E-02	2.70777497E-01
-1.75258729E-02	9.42037211E-03	-2.73783057E-02	2.14259362E-01
-1.73759421E-02	9.48616874E-03	-7.38873860E-02	2.35813657E-01
-1.72262446E-02	9.55075730E-03	-2.32717057E-02	1.20438743E-01
-1.70767876E-02	9.61414364E-03	9.58972469E-02	2.08767064E-01
-1.69275779E-02	9.67633365E-03	2.22110496E-02	3.12808756E-01
-1.67786224E-02	9.73733327E-03	-6.81430740E-02	2.66962639E-01
-1.66299280E-02	9.79714843E-03	-4.50461894E-02	2.11213303E-01
-1.64815014E-02	9.85578512E-03	-4.44618700E-02	2.10025562E-01
-1.63333493E-02	9.91324934E-03	-2.54487344E-02	1.69181656E-01
-1.61854783E-02	9.96954713E-03	2.55873170E-02	1.87503869E-01
-1.60378949E-02	1.00246845E-02	1.51288640E-02	2.28946512E-01
-1.58906057E-02	1.00786677E-02	-5.76079741E-03	2.21823180E-01
-1.57436170E-02	1.01315026E-02	-1.00925695E-02	2.26920354E-01
-1.55969353E-02	1.01831955E-02	-2.37326673E-02	1.99732649E-01
-1.54505667E-02	1.02337525E-02	5.66748835E-03	2.12940441E-01
-1.53045175E-02	1.02831798E-02	-4.65972841E-02	2.05837310E-01
-1.51587939E-02	1.03314837E-02	-3.17560190E-03	1.41751961E-01
-1.50134020E-02	1.03786702E-02	4.15694672E-02	1.80314990E-01
-1.48683477E-02	1.04247458E-02	2.32114863E-02	1.95177833E-01
-1.47236371E-02	1.04697166E-02	5.02763566E-02	1.62428131E-01
-1.45792760E-02	1.05135890E-02	1.16754012E-01	2.52354285E-01
-1.44352702E-02	1.05563692E-02	-2.11157841E-02	3.11742997E-01
-1.42916255E-02	1.05980636E-02	-3.04270617E-02	1.97648320E-01
-1.41483476E-02	1.06386786E-02	-3.10419712E-03	2.13459903E-01
-1.40054422E-02	1.06782204E-02	1.52979570E-02	1.73489096E-01
-1.38629148E-02	1.07166956E-02	4.71084754E-02	2.33944943E-01
-1.37207708E-02	1.07541105E-02	-5.45289212E-03	2.17529963E-01
-1.35790158E-02	1.07904715E-02	3.21450125E-02	2.06088476E-01
-1.34376551E-02	1.08257851E-02	2.44600743E-02	2.23826961E-01
-1.32966940E-02	1.08600577E-02	3.38948488E-02	2.33802337E-01
-1.31561378E-02	1.08932958E-02	-3.94382751E-03	2.53373799E-01
-1.30159915E-02	1.09255058E-02	-1.57745218E-02	1.92477931E-01
-1.28762604E-02	1.09566943E-02	6.95433029E-02	2.05731479E-01
-1.27369496E-02	1.09868677E-02	1.81837027E-02	3.11029561E-01
-1.25980638E-02	1.10160327E-02	-8.21800549E-02	2.33302384E-01
-1.24596082E-02	1.10441957E-02	-1.64795277E-02	1.65540262E-01
-1.23215876E-02	1.10713632E-02	1.20221990E-02	1.87576576E-01
-1.21840067E-02	1.10975419E-02	3.15092341E-02	1.86112508E-01
-1.20468703E-02	1.11227382E-02	5.27203894E-02	2.24044104E-01
-1.19101830E-02	1.11469589E-02	1.56316310E-02	2.49104339E-01
-1.17739495E-02	1.11702104E-02	1.37579525E-02	2.27976318E-01
-1.16381743E-02	1.11924993E-02	-4.31059541E-06	2.65246886E-01
-1.15028619E-02	1.12138324E-02	-5.81824946E-02	2.07834715E-01
-1.13680168E-02	1.12342160E-02	2.27499554E-02	1.61920239E-01
-1.12336431E-02	1.12536570E-02	4.82263403E-02	2.30047927E-01
-1.10997454E-02	1.12721620E-02	1.42429353E-02	2.52397566E-01
-1.09663277E-02	1.12897374E-02	-1.11936599E-02	2.54161964E-01
-1.08333943E-02	1.13063901E-02	-5.20209091E-02	2.39717770E-01
-1.07009493E-02	1.13221267E-02	-4.88507870E-02	1.54007911E-01
-1.05689968E-02	1.13369537E-02	6.00020107E-02	1.73250855E-01
-1.04375406E-02	1.13508779E-02	8.81790020E-03	2.47155148E-01
-1.03065848E-02	1.13639059E-02	2.10511749E-02	1.90825616E-01
-1.01761332E-02	1.13760445E-02	4.34764165E-02	2.85430111E-01
-1.00461896E-02	1.13873001E-02	-7.93993305E-02	2.68357744E-01
-9.91675779E-03	1.13976796E-02	-4.48000029E-02	1.77894735E-01
-9.78784143E-03	1.14071896E-02	-2.09341502E-02	2.14081439E-01
-9.65944415E-03	1.14158368E-02	-4.98909649E-02	1.75767492E-01
-9.53156953E-03	1.14236279E-02	4.66973449E-03	1.69965928E-01
-9.40422106E-03	1.14305695E-02	-1.48218084E-02	1.77891596E-01
-9.27740221E-03	1.14366683E-02	4.53835293E-02	1.68639906E-01
-9.15111635E-03	1.14419310E-02	8.50442298E-03	2.49697281E-01
-9.02536683E-03	1.14463642E-02	-3.58997778E-02	1.85780852E-01
-8.90015691E-03	1.14499748E-02	6.07343908E-03	1.71762229E-01
-8.77548981E-03	1.14527692E-02	3.63134144E-02	1.88748470E-01
-8.65136869E-03	1.14547543E-02	4.35113130E-03	2.35452862E-01
-8.52779665E-03	1.14559367E-02	-7.52302172E-03	1.87770296E-01
-8.40477674E-03	1.14563230E-02	4.83511567E-03	2.23077095E-01
-8.28231192E-03	1.14559199E-02	-1.91047194E-02	1.91237043E-01
-8.16040515E-03	1.14547342E-02	-1.30726698E-02	2.18795225E-01
-8.03905928E-03	1.14527723E-02	-5.00852465E-02	1.58289087E-01
-7.91827713E-03	1.14500411E-02	3.62864765E-04	1.65019166E-01
-7.79806146E-03	1.14465472E-02	-2.95486193E-02	1.02346969E-01
-7.67841498E-03	1.14422972E-02	1.28319791E-01	9.89560146E-02
-7.55934032E-03	1.14372977E-02	1.17387808E-01	2.28293684E-01
-7.44084009E-03	1.14315554E-02	9.57020657E-02	2.55225231E-01
-7.32291681E-03	1.14250770E-02	2.91378621E-02	3.02956761E-01
-7.20557298E-03	1.14178690E-02	-2.51432039E-03	2.45368384E-01
-7.08881101E-03	1.14099381E-02	2.49046130E-02	2.80344119E-01
-6.97263328E-03	1.14012909E-02	-7.68032300E-02	2.93804382E-01
-6.85704211E-03	1.13919340E-02	-6.99107128E-02	1.72016671E-01
-6.74203975E-03	1.13818739E-02	-8.96328576E-03	2.24713586E-01
-6.62762843E-03	1.13711174E-02	-8.35244352E-02	1.77434802E-01
-6.51381029E-03	1.13596708E-02	1.71627307E-02	1.46750529E-01
-6.40058744E-03	1.13475410E-02	-1.10028578E-02	1.94348275E-01
-6.28796194E-03	1.13347343E-02	2.38011524E-02	1.63694076E-01
-6.17593577E-03	1.13212573E-02	1.71731561E-02	2.09466169E-01
-6.06451089E-03	1.13071166E-02	1.84334243E-02	1.82823129E-01
-5.95368919E-03	1.12923187E-02	5.83732163E-02	2.06112321E-01
-5.84347251E-03	1.12768702E-02	5.10624971E-02	2.92311257E-01
-5.73386264E-03	1.12607775E-02	-7.34270310E-02	2.83687388E-01
-5.62486132E-03	1.12440472E-02	-4.17067141E-02	2.06811869E-01
-5.51647024E-03	1.12266856E-02	-7.07907628E-02	2.24283574E-01
-5.40869104E-03	1.12086994E-02	-2.51159824E-02	1.48875808E-01
-5.30152530E-03	1.11900949E-02	-3.11109433E-03	2.40762552E-01
-5.19497456E-03	1.11708787E-02	-8.21335467E-02	1.97022004E-01
-5.08904030E-03	1.11510571E-02	-3.59797529E-02	1.57601049E-01
-4.98372398E-03	1.11306365E-02	-2.75168495E-02	1.68233618E-01
-4.87902696E-03	1.11096235E-02	-9.93474155E-03	1.47569531E-01
-4.77495059E-03	1.10880243E-02	3.50563529E-02	1.94855276E-01
-4.67149617E-03	1.10658453E-02	-5.02811932E-02	2.26645340E-01
-4.56866493E-03	1.10430930E-02	-3.76786851E-02	1.35647018E-01
-4.46645807E-03	1.10197737E-02	9.14852983E-03	1.61237214E-01
-4.36487673E-03	1.09958937E-02	2.38345009E-02	1.70091502E-01
-4.26392202E-03	1.09714593E-02	-5.35412138E-04	2.11332893E-01
-4.16359498E-03	1.09464768E-02	-2.26117871E-03	1.55845565E-01
-4.06389662E-03	1.09209526E-02	4.51379125E-02	2.06315901E-01
-3.96482789E-03	1.08948928E-02	7.65080613E-03	2.28869538E-01
-3.86638972E-03	1.08683038E-02	-2.73098388E-02	2.45861875E-01
-3.76858295E-03	1.08411918E-02	-5.19768976E-02	1.78671311E-01
-3.67140842E-03	1.08135630E-02	6.78481709E-04	2.05283072E-01
-3.57486690E-03	1.07854236E-02	-5.26035521E-02	1.92639496E-01
-3.47895911E-03	1.07567798E-02	3.70031764E-03	1.89280869E-01
-3.38368574E-03	1.07276378E-02	-6.58851484E-02	2.25259449E-01
-3.28904742E-03	1.06980037E-02	-6.22445842E-02	1.37123862E-01
-3.19504476E-03	1.06678837E-02	-8.82259928E-03	1.43514028E-01
-3.10167831E-03	1.06372838E-02	7.52477856E-04	1.66356904E-01
-3.00894857E-03	1.06062102E-02	-1.47903292E-02	1.51606316E-01
-2.91685600E-03	1.05746690E-02	6.25238789E-02	1.58412375E-01
-2.82540103E-03	1.05426661E-02	2.85074663E-04	2.54954669E-01
-2.73458404E-03	1.05102077E-02	-1.69729183E-02	1.55844592E-01
-2.64440535E-03	1.04772997E-02	4.34473980E-02	2.50890460E-01
-2.55486527E-03	1.04439481E-02	-7.16832043E-02	2.27250491E-01
-2.46596405E-03	1.04101590E-02	-1.27391949E-02	2.09967659E-01
-2.37770190E-03	1.03759382E-02	-9.30885445E-02	2.22414430E-01
-2.29007898E-03	1.03412918E-02	-5.57126074E-02	1.57739883E-01
-2.20309542E-03	1.03062256E-02	-8.23302464E-02	1.67150340E-01
-2.11675132E-03	1.02707455E-02	-1.75550689E-02	9.94717014E-02
-2.03104671E-03	1.02348573E-02	3.50278537E-03	1.90693291E-01
-1.94598161E-03	1.01985670E-02	-4.80357700E-02	1.62996805E-01
-1.86155598E-03	1.01618804E-02	-4.04755766E-02	1.44551062E-01
-1.77776975E-03	1.01248032E-02	-3.01149828E-03	9.60367147E-02
-1.69462281E-03	1.00873413E-02	7.08580901E-02	1.64311252E-01
-1.61211500E-03	1.00495003E-02	7.19035399E-03	2.21347722E-01
-1.53024615E-03	1.00112861E-02	-1.57067697E-02	1.80224161E-01
-1.44901603E-03	9.97270441E-03	2.48380043E-02	2.00113381E-01
-1.36842436E-03	9.93376084E-03	-4.31904424E-02	2.60488941E-01
-1.28847085E-03	9.89446108E-03	-1.17776435E-01	1.63551158E-01
-1.20915516E-03	9.85481078E-03	-3.17090942E-02	8.62231730E-02
-1.13047691E-03	9.81481556E-03	4.43631052E-02	1.36269872E-01
-1.05243570E-03	9.77448102E-03	2.56391936E-02	2.04819411E-01
-9.75031059E-04	9.73381274E-03	-2.89198511E-02	1.99887340E-01
-8.98262517E-04	9.69281626E-03	-2.38365606E-02	1.54703111E-01
-8.22129550E-04	9.65149711E-03	1.57981120E-02	1.62191507E-01
-7.46631601E-04	9.60986078E-03	2.17149289E-02	1.83658184E-01
-6.71768079E-04	9.56791276E-03	2.76166404E-02	2.19847510E-01
-5.97538359E-04	9.52565849E-03	-1.95184189E-02	2.34185251E-01
-5.23941779E-04	9.48310340E-03	-1.71960164E-02	2.25388202E-01
-4.50977645E-04	9.44025289E-03	-6.10582055E-02	2.41208246E-01
-3.78645229E-04	9.39711234E-03	-7.52134541E-02	1.92053898E-01
-3.06943769E-04	9.35368709E-03	-6.35931665E-02	1.72153413E-01
-2.35872469E-04	9.30998248E-03	-2.47653089E-02	1.62874942E-01
-1.65430502E-04	9.26600380E-03	-2.33533644E-02	2.03416164E-01
-9.56170054E-05	9.22175632E-03	-3.68816726E-02	2.09929209E-01
-2.64310877E-05	9.17724529E-03	-5.32525010E-02	2.24901308E-01
4.21281765E-05	9.13247593E-03	-9.17513830E-02	2.56808935E-01
1.10061744E-04	9.08745344E-03	-2.14609451E-01	1.72117922E-01
1.77370603E-04	9.04218298E-03	-7.85616321E-02	3.17815919E-02
2.44055773E-04	8.99666970E-03	-3.31436962E-02	1.49889306E-01
3.10118303E-04	8.95091871E-03	-5.70418621E-02	1.17075679E-01
3.75559274E-04	8.90493511E-03	-7.63398477E-02	1.49437166E-01
4.40379796E-04	8.85872394E-03	-4.70535299E-02	2.88265121E-02
5.04581011E-04	8.81229026E-03	7.44594014E-02	1.45144383E-01
5.68164087E-04	8.76563906E-03	-1.50851734E-02	1.82826623E-01
6.31130225E-04	8.71877533E-03	-2.73299554E-02	2.05190817E-01
6.93480652E-04	8.67170402E-03	-8.87190386E-02	1.26136979E-01
7.55216624E-04	8.62443005E-03	2.89061299E-02	1.49196538E-01
8.16339428E-04	8.57695833E-03	-7.81981949E-02	2.04557058E-01
8.76850376E-04	8.52929372E-03	-5.46771783E-02	1.21379104E-01
9.36750809E-04	8.48144108E-03	-5.40197904E-02	1.39947332E-01
9.96042095E-04	8.43340521E-03	-1.13794500E-02	1.03764929E-01
1.05472563E-03	8.38519090E-03	1.00883712E-02	1.69497665E-01
1.11280284E-03	8.33680292E-03	-1.69370723E-02	1.96742560E-01
1.17027516E-03	8.28824599E-03	-9.60087273E-02	2.12250654E-01
1.22714408E-03	8.23952482E-03	-1.10838744E-01	8.98360951E-02
1.28341110E-03	8.19064408E-03	-6.85197532E-03	1.03176176E-01
1.33907774E-03	8.14160842E-03	-3.09889692E-02	1.44365340E-01
1.39414555E-03	8.09242247E-03	-2.82353145E-02	1.42254576E-01
1.44861611E-03	8.04309080E-03	-4.96053669E-02	1.42235105E-01
1.50249102E-03	7.99361799E-03	-4.39327689E-02	1.28467206E-01
1.55577192E-03	7.94400857E-03	-4.64779290E-02	9.34968297E-02
1.60846044E-03	7.89426703E-03	3.95673349E-02	1.17741826E-01
1.66055826E-03	7.84439787E-03	-4.37666912E-02	1.76737632E-01
1.71206709E-03	7.79440551E-03	3.19603210E-03	8.46774887E-02
1.76298863E-03	7.74429440E-03	2.14025006E-02	1.93895486E-01
1.81332464E-03	7.69406890E-03	-2.08778263E-02	1.44375448E-01
1.86307689E-03	7.64373340E-03	-1.12138732E-03	2.15389078E-01
1.91224715E-03	7.59329221E-03	-9.18698841E-02	1.50406282E-01
1.96083724E-03	7.54274964E-03	3.12509425E-03	1.38133840E-01
2.00884900E-03	7.49210996E-03	-4.90548858E-02	1.94344310E-01
2.05628428E-03	7.44137743E-03	-7.49376339E-02	1.43738805E-01
2.10314495E-03	7.39055625E-03	-3.97125228E-02	1.14672226E-01
2.14943292E-03	7.33965061E-03	-2.79709917E-02	1.52767284E-01
2.19515009E-03	7.28866467E-03	-5.04849474E-02	1.12281111E-01
2.24029841E-03	7.23760256E-03	1.63279099E-02	1.32621777E-01
2.28487983E-03	7.18646837E-03	-1.69766255E-02	1.72553222E-01
2.32889633E-03	7.13526619E-03	-3.24994868E-02	1.80054805E-01
2.37234991E-03	7.08400004E-03	-7.18916113E-02	1.44336898E-01
2.41524258E-03	7.03267393E-03	-1.17875706E-02	1.41189245E-01
2.45757639E-03	6.98129186E-03	-8.80889238E-02	1.74540784E-01
2.49935338E-03	6.92985777E-03	-5.17003986E-02	4.23990030E-02
2.54057562E-03	6.87837559E-03	7.49393597E-02	1.39400719E-01
2.58124522E-03	6.82684920E-03	-2.86585658E-02	2.03623960E-01
2.62136426E-03	6.77528248E-03	-1.74726948E-02	1.63660821E-01
2.66093489E-03	6.72367925E-03	-7.44745350E-02	1.93379581E-01
2.69995925E-03	6.67204332E-03	-4.70154904E-02	9.75376062E-02
2.73843949E-03	6.62037848E-03	-2.37782372E-02	1.68993648E-01
2.77637779E-03	6.56868845E-03	-3.36055317E-02	8.53487416E-02
2.81377635E-03	6.51697697E-03	6.63574570E-02	1.86383204E-01
2.85063737E-03	6.46524771E-03	-4.89559172E-02	2.14660850E-01
2.88696309E-03	6.41350434E-03	-4.00835021E-02	2.01577729E-01
2.92275574E-03	6.36175048E-03	-1.11395054E-01	1.63450758E-01
2.95801758E-03	6.30998974E-03	-3.30800926E-02	1.02498455E-01
2.99275088E-03	6.25822567E-03	1.45043714E-03	1.44100843E-01
3.02695793E-03	6.20646183E-03	1.49086832E-02	2.01287087E-01
3.06064104E-03	6.15470171E-03	-4.36054733E-02	2.18791519E-01
3.09380251E-03	6.10294881E-03	-4.91154375E-02	2.44049408E-01
3.12644468E-03	6.05120657E-03	-1.60982196E-01	2.14266432E-01
3.15856989E-03	5.99947841E-03	-1.09543445E-01	1.17436217E-01
3.19018050E-03	5.94776774E-03	-8.53990170E-02	1.33437946E-01
3.22127888E-03	5.89607790E-03	-4.97031437E-02	1.40794452E-01
3.25186742E-03	5.84441223E-03	-9.82954031E-02	1.73304221E-01
3.28194851E-03	5.79277404E-03	-9.15008865E-02	1.11872237E-01
3.31152456E-03	5.74116661E-03	-6.60831390E-02	1.27300452E-01
3.34059799E-03	5.68959317E-03	-6.19315009E-02	1.23628981E-01
3.36917123E-03	5.63805695E-03	-5.50279566E-02	1.24057626E-01
3.39724674E-03	5.58656113E-03	-3.12412621E-02	1.37920374E-01
3.42482697E-03	5.53510887E-03	-5.13916248E-02	1.58807060E-01
3.45191438E-03	5.48370330E-03	-4.01368249E-02	1.65267887E-01
3.47851147E-03	5.43234752E-03	-8.87420306E-02	1.98082865E-01
3.50462071E-03	5.38104459E-03	-1.26822178E-01	1.42530601E-01
3.53024461E-03	5.32979756E-03	-9.94415283E-02	9.18232159E-02
3.55538567E-03	5.27860945E-03	-4.00084901E-02	9.90042684E-02
3.58004643E-03	5.22748322E-03	-4.31081517E-02	1.31825989E-01
3.60422942E-03	5.17642185E-03	-2.89561075E-02	1.43392876E-01
3.62793716E-03	5.12542825E-03	-6.70717084E-02	1.79274191E-01
3.65117222E-03	5.07450533E-03	-9.27364545E-02	1.21087747E-01
3.67393715E-03	5.02365593E-03	-1.61688733E-02	1.12785463E-01
3.69623452E-03	4.97288292E-03	-3.28873556E-02	2.08175927E-01
3.71806692E-03	4.92218909E-03	-1.11914158E-01	1.48192041E-01
3.73943691E-03	4.87157723E-03	-1.98046894E-02	1.34441461E-01
3.76034710E-03	4.82105010E-03	-5.63416937E-02	2.13154428E-01
3.78080009E-03	4.77061040E-03	-1.02785743E-01	2.00631528E-01
3.80079849E-03	4.72026085E-03	-1.44467568E-01	1.57336127E-01
3.82034491E-03	4.67000410E-03	-9.18198248E-02	1.09881044E-01
3.83944198E-03	4.61984280E-03	-7.28556068E-02	1.33497771E-01
3.85809232E-03	4.56977956E-03	-4.32838170E-02	1.56999712E-01
3.87629859E-03	4.51981695E-03	-9.39342472E-02	2.00001278E-01
3.89406342E-03	4.46995754E-03	-1.04738671E-01	1.65633898E-01
3.91138946E-03	4.42020384E-03	-1.19475315E-01	1.74509129E-01
3.92827937E-03	4.37055836E-03	-1.17256873E-01	1.54945995E-01
3.94473581E-03	4.32102356E-03	-1.39982948E-01	1.54465034E-01
3.96076146E-03	4.27160189E-03	-1.09518329E-01	1.25573133E-01
3.97635898E-03	4.22229576E-03	-1.35504116E-01	1.63740832E-01
3.99153105E-03	4.17310756E-03	-1.34990905E-01	1.00005026E-01
4.00628037E-03	4.12403963E-03	-1.02334312E-01	1.37649139E-01
4.02060962E-03	4.07509433E-03	-1.31506427E-01	1.20511566E-01
4.03452149E-03	4.02627393E-03	-1.03982580E-01	1.23023331E-01
4.04801868E-03	3.97758073E-03	-1.18918512E-01	1.40621525E-01
4.06110390E-03	3.92901697E-03	-1.48635010E-01	1.36662059E-01
4.07377984E-03	3.88058487E-03	-1.63510474E-01	8.16773852E-02
4.08604924E-03	3.83228661E-03	-1.07304239E-01	4.16150443E-02
4.09791479E-03	3.78412438E-03	-3.75681638E-02	6.42188574E-02
4.10937921E-03	3.73610030E-03	-1.19934118E-02	1.50206053E-01
4.12044523E-03	3.68821649E-03	-8.69852079E-02	2.06539884E-01
4.13111557E-03	3.64047504E-03	-1.32193250E-01	1.66979962E-01
4.14139296E-03	3.59287799E-03	-1.44148570E-01	1.59857376E-01
4.15128012E-03	3.54542739E-03	-1.50315376E-01	9.94629034E-02
4.16077980E-03	3.49812522E-03	-8.19178332E-02	1.19657944E-01
4.16989471E-03	3.45097349E-03	-1.10070535E-01	1.41058091E-01
4.17862761E-03	3.40397412E-03	-7.73170387E-02	1.58268200E-01
4.18698122E-03	3.35712905E-03	-1.21213427E-01	1.94971504E-01
4.19495828E-03	3.31044018E-03	-1.29051607E-01	2.21376129E-01
4.20256155E-03	3.26390938E-03	-2.65837139E-01	2.11570828E-01
4.20979376E-03	3.21753848E-03	-2.18744724E-01	4.53269783E-02
4.21665765E-03	3.17132933E-03	-1.05687357E-01	1.06171290E-01
4.22315596E-03	3.12528369E-03	-1.37769856E-01	1.84614867E-01
4.22929145E-03	3.07940335E-03	-2.19705897E-01	1.77528381E-01
4.23506687E-03	3.03369005E-03	-2.16067067E-01	1.36707484E-01
4.24048494E-03	2.98814550E-03	-2.69263275E-01	1.15678207E-01
4.24554843E-03	2.94277138E-03	-1.94869205E-01	2.40915404E-02
4.25026008E-03	2.89756938E-03	-1.65235909E-01	1.10137133E-01
4.25462263E-03	2.85254112E-03	-1.81634226E-01	7.78242097E-02
4.25863883E-03	2.80768822E-03	-1.67567990E-01	1.40505528E-01
4.26231143E-03	2.76301228E-03	-2.31864454E-01	1.14825197E-01
4.26564317E-03	2.71851484E-03	-2.17159212E-01	1.02945028E-01
4.26863679E-03	2.67419746E-03	-2.21770328E-01	9.79274140E-02
4.27129504E-03	2.63006164E-03	-2.51866419E-01	1.34080577E-01
4.27362065E-03	2.58610888E-03	-3.22105298E-01	5.41704042E-02
4.27561638E-03	2.54234064E-03	-2.52410060E-01	-6.77138809E-04
4.27728495E-03	2.49875836E-03	-2.29177556E-01	1.42609318E-02
4.27862911E-03	2.45536345E-03	-2.12625501E-01	3.67536747E-02
