jMRUI Data Textfile

Filename: /Users/kayigwe/Desktop/TE26_BASISSET/converter/sample_basis_sets/JMRUI/MM09.txt

PointsInDataset: 2048
DatasetsInFile: 1
SamplingInterval: 2.500000E-01
ZeroOrderPhase: 0.000000E+00
BeginTime: 0.000000E+00
TransmitterFrequency: 1.232618E+08
MagneticField: 2.895033E+00
TypeOfNucleus: 0.000000E+00
NameOfPatient: MM09
DateOfExperiment: 20260523
Spectrometer: Unknown
AdditionalInfo: Converted by basis_set_converter


Signal and FFT
sig(real)	sig(imag)	fft(real)	fft(imag)
Signal 1 out of 1 in file
5.00000000E+02	1.33226763E-14	1.09906156E-03	9.34077621E-02
7.38787072E+02	-6.62275189E+02	1.09777523E-03	9.29786933E-02
1.07197912E+02	-9.78560695E+02	1.09649631E-03	9.25501255E-02
-5.68880037E+02	-7.93942508E+02	1.09522478E-03	9.21220559E-02
-9.46089641E+02	-2.09799327E+02	1.09396061E-03	9.16944815E-02
-8.37903685E+02	4.71574665E+02	1.09270376E-03	9.12673995E-02
-3.06720210E+02	9.03316087E+02	1.09145421E-03	9.08408070E-02
3.71642906E+02	8.70491432E+02	1.09021193E-03	9.04147011E-02
8.51069852E+02	3.96977941E+02	1.08897689E-03	8.99890792E-02
8.91668045E+02	-2.70360276E+02	1.08774906E-03	8.95639382E-02
4.79699921E+02	-7.90268299E+02	1.08652842E-03	8.91392755E-02
-1.68978987E+02	-9.01533359E+02	1.08531494E-03	8.87150881E-02
-7.21902666E+02	-5.54130600E+02	1.08410859E-03	8.82913734E-02
-9.00319305E+02	6.87137006E+01	1.08290935E-03	8.78681285E-02
-6.19636884E+02	6.47023931E+02	1.08171718E-03	8.74453507E-02
-2.92718234E+01	8.88383050E+02	1.08053206E-03	8.70230372E-02
5.66728407E+02	6.75711915E+02	1.07935397E-03	8.66011852E-02
8.66198856E+02	1.23877064E+02	1.07818287E-03	8.61797921E-02
7.21977223E+02	-4.82143237E+02	1.07701874E-03	8.57588551E-02
2.14075935E+02	-8.34348792E+02	1.07586156E-03	8.53383714E-02
-3.94411970E+02	-7.58183282E+02	1.07471129E-03	8.49183384E-02
-7.93512441E+02	-2.98926745E+02	1.07356792E-03	8.44987534E-02
-7.84208499E+02	3.04680387E+02	1.07243142E-03	8.40796136E-02
-3.77580840E+02	7.44455762E+02	1.07130176E-03	8.36609165E-02
2.14082737E+02	8.00056715E+02	1.07017892E-03	8.32426593E-02
6.88019271E+02	4.49289873E+02	1.06906287E-03	8.28248393E-02
8.05853278E+02	-1.23728542E+02	1.06795359E-03	8.24074540E-02
5.13411640E+02	-6.25105679E+02	1.06685105E-03	8.19905007E-02
-3.46900992E+01	-8.01839785E+02	1.06575524E-03	8.15739768E-02
-5.56667192E+02	-5.69414475E+02	1.06466612E-03	8.11578796E-02
-7.88367604E+02	-5.20091835E+01	1.06358367E-03	8.07422065E-02
-6.16880185E+02	4.83692591E+02	1.06250786E-03	8.03269549E-02
-1.35405504E+02	7.65890274E+02	1.06143869E-03	7.99121223E-02
4.07194290E+02	6.55505539E+02	1.06037611E-03	7.94977060E-02
7.34954932E+02	2.14604343E+02	1.05932011E-03	7.90837036E-02
6.85102334E+02	-3.28195502E+02	1.05827067E-03	7.86701123E-02
2.88789009E+02	-6.96192871E+02	1.05722775E-03	7.82569297E-02
-2.47717679E+02	-7.05596089E+02	1.05619135E-03	7.78441532E-02
-6.50309401E+02	-3.57227996E+02	1.05516143E-03	7.74317803E-02
-7.17023417E+02	1.66768356E+02	1.05413798E-03	7.70198084E-02
-4.19281086E+02	5.98073124E+02	1.05312097E-03	7.66082351E-02
8.63295450E+01	7.19528153E+02	1.05211038E-03	7.61970577E-02
5.40304795E+02	4.74404182E+02	1.05110619E-03	7.57862739E-02
7.13356316E+02	-7.34678360E+00	1.05010837E-03	7.53758811E-02
5.22152832E+02	-4.77865898E+02	1.04911691E-03	7.49658768E-02
6.92810343E+01	-6.98850013E+02	1.04813179E-03	7.45562586E-02
-4.11647091E+02	-5.62184465E+02	1.04715297E-03	7.41470239E-02
-6.76440372E+02	-1.42710959E+02	1.04618045E-03	7.37381704E-02
-5.94259329E+02	3.42556663E+02	1.04521420E-03	7.33296955E-02
-2.12164331E+02	6.46639643E+02	1.04425420E-03	7.29215969E-02
2.71509127E+02	6.18240181E+02	1.04330043E-03	7.25138720E-02
6.10032565E+02	2.76934096E+02	1.04235287E-03	7.21065185E-02
6.34090753E+02	-1.99414103E+02	1.04141149E-03	7.16995339E-02
3.36391039E+02	-5.67267134E+02	1.04047629E-03	7.12929158E-02
-1.27165598E+02	-6.41873064E+02	1.03954724E-03	7.08866618E-02
-5.19044904E+02	-3.89988901E+02	1.03862431E-03	7.04807696E-02
-6.41743638E+02	5.56318034E+01	1.03770750E-03	7.00752367E-02
-4.37268340E+02	4.66110946E+02	1.03679677E-03	6.96700607E-02
-1.43544821E+01	6.33948714E+02	1.03589212E-03	6.92652393E-02
4.09243598E+02	4.77859731E+02	1.03499352E-03	6.88607700E-02
6.18818523E+02	8.20047106E+01	1.03410096E-03	6.84566507E-02
5.11484810E+02	-3.49244134E+02	1.03321440E-03	6.80528788E-02
1.46582641E+02	-5.96760750E+02	1.03233385E-03	6.76494520E-02
-2.86926479E+02	-5.37957173E+02	1.03145927E-03	6.72463680E-02
-5.68253262E+02	-2.07411517E+02	1.03059065E-03	6.68436245E-02
-5.57181665E+02	2.23107089E+02	1.02972797E-03	6.64412192E-02
-2.63880322E+02	5.33836225E+02	1.02887121E-03	6.60391496E-02
1.58595116E+02	5.69152692E+02	1.02802036E-03	6.56374136E-02
4.94103728E+02	3.15449040E+02	1.02717540E-03	6.52360088E-02
5.73951519E+02	-9.41829668E+01	1.02633630E-03	6.48349330E-02
3.61652920E+02	-4.49695009E+02	1.02550306E-03	6.44341837E-02
-3.06373448E+01	-5.71742615E+02	1.02467565E-03	6.40337588E-02
-4.01285422E+02	-4.02105699E+02	1.02385406E-03	6.36336560E-02
-5.62769110E+02	-3.13091133E+01	1.02303827E-03	6.32338729E-02
-4.36501792E+02	3.49577250E+02	1.02222827E-03	6.28344075E-02
-9.09655415E+01	5.47347460E+02	1.02142403E-03	6.24352572E-02
2.95290476E+02	4.64617448E+02	1.02062554E-03	6.20364201E-02
5.25861394E+02	1.47689809E+02	1.01983278E-03	6.16378937E-02
4.86310896E+02	-2.39153633E+02	1.01904574E-03	6.12396759E-02
2.00894685E+02	-4.98755252E+02	1.01826441E-03	6.08417644E-02
-1.81894832E+02	-5.01521498E+02	1.01748875E-03	6.04441570E-02
-4.66526796E+02	-2.50053165E+02	1.01671877E-03	6.00468514E-02
-5.10267972E+02	1.24233076E+02	1.01595444E-03	5.96498456E-02
-2.94702897E+02	4.29719608E+02	1.01519575E-03	5.92531372E-02
6.68699438E+01	5.12645708E+02	1.01444268E-03	5.88567241E-02
3.88915183E+02	3.34449717E+02	1.01369521E-03	5.84606041E-02
5.08823259E+02	-1.04817490E+01	1.01295334E-03	5.80647749E-02
3.68970243E+02	-3.44724800E+02	1.01221704E-03	5.76692345E-02
4.42877636E+01	-4.99038063E+02	1.01148630E-03	5.72739806E-02
-2.97781300E+02	-3.98013557E+02	1.01076111E-03	5.68790110E-02
-4.83591478E+02	-9.68341033E+01	1.01004146E-03	5.64843237E-02
-4.21401956E+02	2.48730854E+02	1.00932731E-03	5.60899164E-02
-1.46598044E+02	4.62843199E+02	1.00861867E-03	5.56957870E-02
1.98224827E+02	4.39030820E+02	1.00791552E-03	5.53019333E-02
4.37205159E+02	1.93070909E+02	1.00721784E-03	5.49083533E-02
4.50867592E+02	-1.46911837E+02	1.00652563E-03	5.45150447E-02
2.35799083E+02	-4.07134985E+02	1.00583885E-03	5.41220054E-02
-9.54300850E+01	-4.56949946E+02	1.00515751E-03	5.37292334E-02
-3.73129125E+02	-2.74387735E+02	1.00448159E-03	5.33367264E-02
-4.57383163E+02	4.44000500E+01	1.00381107E-03	5.29444824E-02
-3.08503716E+02	3.35715703E+02	1.00314594E-03	5.25524993E-02
-5.58237644E+00	4.52336778E+02	1.00248618E-03	5.21607750E-02
2.95447238E+02	3.37877633E+02	1.00183180E-03	5.17693073E-02
4.42040573E+02	5.39522525E+01	1.00118276E-03	5.13780943E-02
3.62305099E+02	-2.52893277E+02	1.00053906E-03	5.09871337E-02
1.00181380E+02	-4.26779962E+02	9.99900683E-04	5.05964235E-02
-2.08633071E+02	-3.81647161E+02	9.99267620E-04	5.02059617E-02
-4.06890861E+02	-1.43783482E+02	9.98639856E-04	4.98157461E-02
-3.95829941E+02	1.63248344E+02	9.98017379E-04	4.94257747E-02
-1.84318715E+02	3.82754115E+02	9.97400177E-04	4.90360454E-02
1.17316270E+02	4.04843504E+02	9.96788236E-04	4.86465562E-02
3.54789551E+02	2.21397492E+02	9.96181545E-04	4.82573050E-02
4.08739999E+02	-7.14027119E+01	9.95580092E-04	4.78682898E-02
2.54683583E+02	-3.23449761E+02	9.94983865E-04	4.74795086E-02
-2.60558127E+01	-4.07631120E+02	9.94392851E-04	4.70909592E-02
-2.89213674E+02	-2.83896483E+02	9.93807040E-04	4.67026396E-02
-4.01684920E+02	-1.82000109E+01	9.93226419E-04	4.63145479E-02
-3.08813042E+02	2.52580024E+02	9.92650977E-04	4.59266820E-02
-6.08696002E+01	3.91122072E+02	9.92080702E-04	4.55390399E-02
2.14060770E+02	3.29268356E+02	9.91515584E-04	4.51516195E-02
3.76211592E+02	1.01492068E+02	9.90955611E-04	4.47644189E-02
3.45155939E+02	-1.74174576E+02	9.90400771E-04	4.43774360E-02
1.39645246E+02	-3.57266139E+02	9.89851055E-04	4.39906689E-02
-1.33440398E+02	-3.56427187E+02	9.89306451E-04	4.36041155E-02
-3.34636923E+02	-1.74949533E+02	9.88766948E-04	4.32177738E-02
-3.63090167E+02	9.23712778E+01	9.88232536E-04	4.28316419E-02
-2.07071116E+02	3.08708315E+02	9.87703204E-04	4.24457178E-02
5.14683939E+01	3.65207775E+02	9.87178941E-04	4.20599994E-02
2.79892232E+02	2.35724542E+02	9.86659739E-04	4.16744849E-02
3.62895278E+02	-1.12154362E+01	9.86145585E-04	4.12891722E-02
2.60674635E+02	-2.48622358E+02	9.85636471E-04	4.09040593E-02
2.79266312E+01	-3.56317327E+02	9.85132386E-04	4.05191444E-02
-2.15348291E+02	-2.81737750E+02	9.84633320E-04	4.01344254E-02
-3.45684455E+02	-6.55243773E+01	9.84139264E-04	3.97499004E-02
-2.98782376E+02	1.80529675E+02	9.83650208E-04	3.93655673E-02
-1.01176232E+02	3.31249144E+02	9.83166142E-04	3.89814244E-02
1.44630397E+02	3.11729093E+02	9.82687056E-04	3.85974696E-02
3.13301512E+02	1.34516301E+02	9.82212943E-04	3.82137009E-02
3.20549915E+02	-1.08112914E+02	9.81743791E-04	3.78301165E-02
1.65217633E+02	-2.92164678E+02	9.81279592E-04	3.74467144E-02
-7.14327663E+01	-3.25267026E+02	9.80820338E-04	3.70634927E-02
-2.68189885E+02	-1.92994925E+02	9.80366018E-04	3.66804494E-02
-3.25950971E+02	3.50333512E+01	9.79916625E-04	3.62975826E-02
-2.17606644E+02	2.41751427E+02	9.79472149E-04	3.59148904E-02
-6.59003074E-01	3.22718310E+02	9.79032582E-04	3.55323709E-02
2.13241467E+02	2.38856557E+02	9.78597915E-04	3.51500222E-02
3.15728810E+02	3.52396037E+01	9.78168140E-04	3.47678422E-02
2.56594679E+02	-1.83064794E+02	9.77743248E-04	3.43858293E-02
6.83295604E+01	-3.05182192E+02	9.77323232E-04	3.40039813E-02
-1.51633598E+02	-2.70717631E+02	9.76908083E-04	3.36222965E-02
-2.91314512E+02	-9.95795161E+01	9.76497792E-04	3.32407729E-02
-2.81168438E+02	1.19362314E+02	9.76092353E-04	3.28594086E-02
-1.28672908E+02	2.74394215E+02	9.75691758E-04	3.24782018E-02
8.66625995E+01	2.87935773E+02	9.75295998E-04	3.20971505E-02
2.54717927E+02	1.55328737E+02	9.74905065E-04	3.17162529E-02
2.91052680E+02	-5.39384998E+01	9.74518953E-04	3.13355070E-02
1.79303827E+02	-2.32606035E+02	9.74137654E-04	3.09549111E-02
-2.15818562E+01	-2.90594807E+02	9.73761161E-04	3.05744631E-02
-2.08398127E+02	-2.00394559E+02	9.73389466E-04	3.01941613E-02
-2.86678187E+02	-1.00320005E+01	9.73022561E-04	2.98140038E-02
-2.18438083E+02	1.82448338E+02	9.72660441E-04	2.94339886E-02
-4.05482246E+01	2.79456596E+02	9.72303098E-04	2.90541140E-02
1.55120666E+02	2.33313003E+02	9.71950526E-04	2.86743781E-02
2.69118556E+02	6.96360625E+01	9.71602717E-04	2.82947789E-02
2.44939546E+02	-1.26784320E+02	9.71259664E-04	2.79153147E-02
9.69920611E+01	-2.55884001E+02	9.70921362E-04	2.75359836E-02
-9.78091438E+01	-2.53279227E+02	9.70587803E-04	2.71567837E-02
-2.40000679E+02	-1.22342849E+02	9.70258982E-04	2.67777132E-02
-2.58334033E+02	6.85611794E+01	9.69934891E-04	2.63987703E-02
-1.45447476E+02	2.21740333E+02	9.69615526E-04	2.60199530E-02
3.93984063E+01	2.60145146E+02	9.69300879E-04	2.56412595E-02
2.01394709E+02	1.66099284E+02	9.68990944E-04	2.52626881E-02
2.58791242E+02	-1.06667153E+01	9.68685717E-04	2.48842368E-02
1.84127323E+02	-1.79271450E+02	9.68385190E-04	2.45059038E-02
1.73038525E+01	-2.54386387E+02	9.68089359E-04	2.41276873E-02
-1.55689930E+02	-1.99397286E+02	9.67798216E-04	2.37495855E-02
-2.47077583E+02	-4.42025595E+01	9.67511758E-04	2.33715965E-02
-2.11811982E+02	1.30977073E+02	9.67229978E-04	2.29937185E-02
-6.97410884E+01	2.37041989E+02	9.66952872E-04	2.26159496E-02
1.05463213E+02	2.21311349E+02	9.66680433E-04	2.22382881E-02
2.24483874E+02	9.36562943E+01	9.66412656E-04	2.18607322E-02
2.27872024E+02	-7.94780407E+01	9.66149537E-04	2.14832799E-02
1.15712571E+02	-2.09631337E+02	9.65891071E-04	2.11059295E-02
-5.33466815E+01	-2.31506486E+02	9.65637252E-04	2.07286791E-02
-1.92732841E+02	-1.35703816E+02	9.65388076E-04	2.03515271E-02
-2.32261801E+02	2.73859536E+01	9.65143538E-04	1.99744714E-02
-1.53454978E+02	1.74053617E+02	9.64903633E-04	1.95975104E-02
1.90083758E+00	2.30217987E+02	9.64668357E-04	1.92206422E-02
1.53871975E+02	1.68823195E+02	9.64437705E-04	1.88438650E-02
2.25486039E+02	2.28188026E+01	9.64211673E-04	1.84671771E-02
1.81698497E+02	-1.32475573E+02	9.63990257E-04	1.80905765E-02
4.65012160E+01	-2.18205647E+02	9.63773452E-04	1.77140615E-02
-1.10157689E+02	-1.92004113E+02	9.63561255E-04	1.73376304E-02
-2.08542636E+02	-6.88954521E+01	9.63353660E-04	1.69612812E-02
-1.99696352E+02	8.72135444E+01	9.63150665E-04	1.65850122E-02
-8.97737167E+01	1.96686178E+02	9.62952266E-04	1.62088217E-02
6.39367146E+01	2.04764111E+02	9.62758458E-04	1.58327078E-02
1.82845808E+02	1.08933378E+02	9.62569239E-04	1.54566686E-02
2.07227993E+02	-4.06156706E+01	9.62384604E-04	1.50807026E-02
1.26198611E+02	-1.67248291E+02	9.62204549E-04	1.47048077E-02
-1.75304906E+01	-2.07139084E+02	9.62029073E-04	1.43289823E-02
-1.50134376E+02	-1.41421669E+02	9.61858170E-04	1.39532246E-02
-2.04577398E+02	-5.05022835E+00	9.61691839E-04	1.35775327E-02
-1.54483778E+02	1.31755491E+02	9.61530075E-04	1.32019050E-02
-2.68722250E+01	1.99650027E+02	9.61372877E-04	1.28263395E-02
1.12370407E+02	1.65295667E+02	9.61220240E-04	1.24508346E-02
1.92489023E+02	4.76981693E+01	9.61072162E-04	1.20753884E-02
1.73797716E+02	-9.22419130E+01	9.60928640E-04	1.16999992E-02
6.73099751E+01	-1.83249048E+02	9.60789672E-04	1.13246652E-02
-7.16335582E+01	-1.79959754E+02	9.60655254E-04	1.09493846E-02
-1.72104827E+02	-8.55108113E+01	9.60525385E-04	1.05741556E-02
-1.83780510E+02	5.08064746E+01	9.60400061E-04	1.01989765E-02
-1.02126797E+02	1.59248438E+02	9.60279281E-04	9.82384543E-03
3.00163321E+01	1.85286731E+02	9.60163043E-04	9.44876069E-03
1.44886483E+02	1.17008370E+02	9.60051343E-04	9.07372048E-03
1.84532001E+02	-9.51045200E+00	9.59944180E-04	8.69872303E-03
1.30031320E+02	-1.29237165E+02	9.59841552E-04	8.32376656E-03
1.04748907E+01	-1.81595263E+02	9.59743456E-04	7.94884932E-03
-1.12527324E+02	-1.41097493E+02	9.59649892E-04	7.57396952E-03
-1.76579101E+02	-2.97169495E+01	9.59560857E-04	7.19912539E-03
-1.50135155E+02	9.49894592E+01	9.59476350E-04	6.82431518E-03
-4.80087498E+01	1.69607773E+02	9.59396369E-04	6.44953710E-03
7.68587760E+01	1.57099034E+02	9.59320912E-04	6.07478940E-03
1.60825062E+02	6.51610747E+01	9.59249979E-04	5.70007031E-03
1.61970040E+02	-5.83702888E+01	9.59183567E-04	5.32537805E-03
8.10041775E+01	-1.50391953E+02	9.59121676E-04	4.95071086E-03
-3.97560202E+01	-1.64754688E+02	9.59064304E-04	4.57606699E-03
-1.38484176E+02	-9.53892077E+01	9.59011450E-04	4.20144465E-03
-1.65484224E+02	2.12423202E+01	9.58963114E-04	3.82684209E-03
-1.08189344E+02	1.25289647E+02	9.58919293E-04	3.45225755E-03
3.04733622E+00	1.64213490E+02	9.58879989E-04	3.07768925E-03
1.11005853E+02	1.19300628E+02	9.58845199E-04	2.70313545E-03
1.61019535E+02	1.46213399E+01	9.58814924E-04	2.32859436E-03
1.28642501E+02	-9.58371860E+01	9.58789161E-04	1.95406423E-03
3.15688265E+01	-1.56000011E+02	9.58767912E-04	1.57954330E-03
-7.99922957E+01	-1.36158042E+02	9.58751176E-04	1.20502980E-03
-1.49271367E+02	-4.76148883E+01	9.58738952E-04	8.30521977E-04
-1.41813915E+02	6.36814586E+01	9.58731240E-04	4.56018059E-04
-6.25956371E+01	1.40966876E+02	9.58728041E-04	8.15162866E-05
4.71140168E+01	1.45600043E+02	9.58729353E-04	-2.92985102E-04
1.31234522E+02	7.63649849E+01	9.58735177E-04	-6.67487870E-04
1.47529003E+02	-3.04959044E+01	9.58745513E-04	-1.04199378E-03
8.87958396E+01	-1.20234778E+02	9.58760361E-04	-1.41650459E-03
-1.40272922E+01	-1.47635181E+02	9.58779722E-04	-1.79102207E-03
-1.08138300E+02	-9.97810357E+01	9.58803596E-04	-2.16554798E-03
-1.45973682E+02	-2.09962642E+00	9.58831983E-04	-2.54008408E-03
-1.09234000E+02	9.51235709E+01	9.58864884E-04	-2.91463214E-03
-1.77026859E+01	1.42619032E+02	9.58902299E-04	-3.28919391E-03
8.13745310E+01	1.17089147E+02	9.58944230E-04	-3.66377116E-03
1.37663688E+02	3.26116151E+01	9.58990677E-04	-4.03836567E-03
1.23302017E+02	-6.70782055E+01	9.59041640E-04	-4.41297918E-03
4.66697048E+01	-1.31216377E+02	9.59097121E-04	-4.78761346E-03
-5.24223766E+01	-1.27849151E+02	9.59157122E-04	-5.16227029E-03
-1.23400295E+02	-5.97352605E+01	9.59221642E-04	-5.53695141E-03
-1.30727723E+02	3.75933152E+01	9.59290683E-04	-5.91165861E-03
-7.16828320E+01	1.14351183E+02	9.59364247E-04	-6.28639365E-03
2.27736016E+01	1.31954937E+02	9.59442335E-04	-6.66115829E-03
1.04215323E+02	8.24042100E+01	9.59524948E-04	-7.03595430E-03
1.31567197E+02	-8.14005768E+00	9.59612088E-04	-7.41078345E-03
9.18091860E+01	-9.31474596E+01	9.59703757E-04	-7.78564750E-03
6.13818836E+00	-1.29619085E+02	9.59799956E-04	-8.16054824E-03
-8.13086897E+01	-9.98260741E+01	9.59900687E-04	-8.53548742E-03
-1.26182141E+02	-1.99014852E+01	9.60005952E-04	-8.91046681E-03
-1.06401994E+02	6.88643412E+01	9.60115753E-04	-9.28548820E-03
-3.30012733E+01	1.21343486E+02	9.60230092E-04	-9.66055334E-03
5.59818659E+01	1.11502923E+02	9.60348972E-04	-1.00356640E-02
1.15204298E+02	4.53015173E+01	9.60472393E-04	-1.04108220E-02
1.15113517E+02	-4.28287730E+01	9.60600360E-04	-1.07860291E-02
5.66799445E+01	-1.07878170E+02	9.60732874E-04	-1.11612870E-02
-2.95706252E+01	-1.17236718E+02	9.60869937E-04	-1.15365976E-02
-9.94893653E+01	-6.70290805E+01	9.61011553E-04	-1.19119625E-02
-1.17893154E+02	1.63691201E+01	9.61157724E-04	-1.22873837E-02
-7.62570759E+01	9.01710050E+01	9.61308452E-04	-1.26628628E-02
3.38027752E+00	1.17120342E+02	9.61463742E-04	-1.30384017E-02
8.00632020E+01	8.42883207E+01	9.61623594E-04	-1.34140021E-02
1.14971722E+02	9.24724946E+00	9.61788013E-04	-1.37896659E-02
9.10638458E+01	-6.93111706E+01	9.61957002E-04	-1.41653947E-02
2.13737234E+01	-1.11515522E+02	9.62130564E-04	-1.45411904E-02
-5.80633331E+01	-9.65415130E+01	9.62308701E-04	-1.49170548E-02
-1.06833489E+02	-3.28697169E+01	9.62491419E-04	-1.52929897E-02
-1.00695998E+02	4.64694469E+01	9.62678719E-04	-1.56689968E-02
-4.36173399E+01	1.01019488E+02	9.62870605E-04	-1.60450780E-02
3.46787735E+01	1.03518574E+02	9.63067082E-04	-1.64212350E-02
9.41780124E+01	5.35112927E+01	9.63268153E-04	-1.67974696E-02
1.05016700E+02	-2.28383097E+01	9.63473821E-04	-1.71737836E-02
6.24597341E+01	-8.64226024E+01	9.63684091E-04	-1.75501789E-02
-1.10911012E+01	-1.05213434E+02	9.63898967E-04	-1.79266572E-02
-7.78742088E+01	-7.03849634E+01	9.64118452E-04	-1.83032202E-02
-1.04146674E+02	-4.25344717E-01	9.64342551E-04	-1.86798700E-02
-7.72239113E+01	6.86595187E+01	9.64571268E-04	-1.90566081E-02
-1.15805316E+01	1.01868245E+02	9.64804607E-04	-1.94334365E-02
5.89092643E+01	8.29284414E+01	9.65042573E-04	-1.98103568E-02
9.84428520E+01	2.22523163E+01	9.65285171E-04	-2.01873711E-02
8.74654634E+01	-4.87565348E+01	9.65532404E-04	-2.05644810E-02
3.23281103E+01	-9.39469039E+01	9.65784278E-04	-2.09416883E-02
-3.83351135E+01	-9.08168634E+01	9.66040798E-04	-2.13189949E-02
-8.84672416E+01	-4.17059301E+01	9.66301968E-04	-2.16964027E-02
-9.29792571E+01	2.77778571E+01	9.66567793E-04	-2.20739133E-02
-5.02952876E+01	8.20997768E+01	9.66838279E-04	-2.24515286E-02
1.72151369E+01	9.39635748E+01	9.67113430E-04	-2.28292505E-02
7.49480648E+01	5.80179162E+01	9.67393252E-04	-2.32070808E-02
9.37944878E+01	-6.77335729E+00	9.67677750E-04	-2.35850213E-02
6.48083285E+01	-6.71218309E+01	9.67966929E-04	-2.39630738E-02
3.42643207E+00	-9.25096889E+01	9.68260796E-04	-2.43412402E-02
-5.87354679E+01	-7.06142032E+01	9.68559355E-04	-2.47195222E-02
-9.01590391E+01	-1.32698173E+01	9.68862613E-04	-2.50979218E-02
-7.53966033E+01	4.99065252E+01	9.69170575E-04	-2.54764407E-02
-2.26501824E+01	8.68035953E+01	9.69483247E-04	-2.58550808E-02
4.07542055E+01	7.91300278E+01	9.69800635E-04	-2.62338440E-02
8.25145342E+01	3.14697424E+01	9.70122745E-04	-2.66127321E-02
8.18023008E+01	-3.13978899E+01	9.70449583E-04	-2.69917468E-02
3.96404388E+01	-7.73719893E+01	9.70781156E-04	-2.73708902E-02
-2.19557050E+01	-8.34143045E+01	9.71117470E-04	-2.77501640E-02
-7.14638153E+01	-4.70846911E+01	9.71458531E-04	-2.81295700E-02
-8.39795656E+01	1.25431507E+01	9.71804346E-04	-2.85091102E-02
-5.37359999E+01	6.48843002E+01	9.72154922E-04	-2.88887864E-02
3.27180013E+00	8.35237016E+01	9.72510265E-04	-2.92686004E-02
5.77328389E+01	5.95393989E+01	9.72870382E-04	-2.96485542E-02
8.20837417E+01	5.75191145E+00	9.73235280E-04	-3.00286495E-02
6.44517554E+01	-5.01125877E+01	9.73604967E-04	-3.04088883E-02
1.44278002E+01	-7.97073304E+01	9.73979448E-04	-3.07892724E-02
-4.21291150E+01	-6.84419193E+01	9.74358732E-04	-3.11698037E-02
-7.64518306E+01	-2.26629376E+01	9.74742825E-04	-3.15504841E-02
-7.14907253E+01	3.38890652E+01	9.75131736E-04	-3.19313154E-02
-3.03725366E+01	7.23833368E+01	9.75525471E-04	-3.23122996E-02
2.54988506E+01	7.35908509E+01	9.75924039E-04	-3.26934385E-02
6.75756159E+01	3.74807132E+01	9.76327446E-04	-3.30747341E-02
7.47465378E+01	-1.70633874E+01	9.76735701E-04	-3.34561881E-02
4.39211177E+01	-6.21089874E+01	9.77148812E-04	-3.38378025E-02
-8.68488744E+00	-7.49731835E+01	9.77566787E-04	-3.42195792E-02
-5.60691618E+01	-4.96374332E+01	9.77989633E-04	-3.46015202E-02
-7.42968123E+01	4.61720733E-01	9.78417359E-04	-3.49836272E-02
-5.45837383E+01	4.95460487E+01	9.78849973E-04	-3.53659022E-02
-7.51264142E+00	7.27534358E+01	9.79287484E-04	-3.57483472E-02
4.26325531E+01	5.87247338E+01	9.79729900E-04	-3.61309640E-02
7.03883132E+01	1.51505921E+01	9.80177230E-04	-3.65137546E-02
6.20358371E+01	-3.54233719E+01	9.80629482E-04	-3.68967208E-02
2.23712541E+01	-6.72551249E+01	9.81086666E-04	-3.72798646E-02
-2.80138072E+01	-6.45031434E+01	9.81548789E-04	-3.76631880E-02
-6.34150700E+01	-2.91012390E+01	9.82015862E-04	-3.80466928E-02
-6.61232624E+01	2.04986083E+01	9.82487893E-04	-3.84303811E-02
-3.52752918E+01	5.89359029E+01	9.82964891E-04	-3.88142546E-02
1.29708567E+01	6.69030337E+01	9.83446866E-04	-3.91983155E-02
5.38909205E+01	4.08368198E+01	9.83933827E-04	-3.95825655E-02
6.68591279E+01	-5.52090501E+00	9.84425784E-04	-3.99670067E-02
4.57383009E+01	-4.83579148E+01	9.84922746E-04	-4.03516411E-02
1.76461830E+00	-6.60175441E+01	9.85424724E-04	-4.07364705E-02
-4.24181043E+01	-4.99415711E+01	9.85931726E-04	-4.11214970E-02
-6.44130105E+01	-8.80372902E+00	9.86443763E-04	-4.15067225E-02
-5.34179907E+01	3.61550575E+01	9.86960845E-04	-4.18921489E-02
-1.55199234E+01	6.20882989E+01	9.87482982E-04	-4.22777783E-02
2.96536211E+01	5.61484928E+01	9.88010185E-04	-4.26636127E-02
5.90934656E+01	2.18429231E+01	9.88542463E-04	-4.30496539E-02
5.81235144E+01	-2.29988668E+01	9.89079827E-04	-4.34359040E-02
2.77093222E+01	-5.54850270E+01	9.89622288E-04	-4.38223650E-02
-1.62750677E+01	-5.93428172E+01	9.90169857E-04	-4.42090389E-02
-5.13250851E+01	-3.30631326E+01	9.90722543E-04	-4.45959277E-02
-5.98152017E+01	9.56471545E+00	9.91280360E-04	-4.49830333E-02
-3.78562240E+01	4.66804121E+01	9.91843316E-04	-4.53703578E-02
2.94758985E+00	5.95581229E+01	9.92411423E-04	-4.57579031E-02
4.16215084E+01	4.20486556E+01	9.92984694E-04	-4.61456714E-02
5.85972136E+01	3.50011088E+00	9.93563138E-04	-4.65336646E-02
4.56089005E+01	-3.62216440E+01	9.94146768E-04	-4.69218848E-02
9.70656991E+00	-5.69657255E+01	9.94735595E-04	-4.73103339E-02
-3.05558982E+01	-4.85139620E+01	9.95329630E-04	-4.76990140E-02
-5.47038959E+01	-1.56050746E+01	9.95928886E-04	-4.80879271E-02
-5.07493849E+01	2.47002056E+01	9.96533375E-04	-4.84770753E-02
-2.11346561E+01	5.18582510E+01	9.97143108E-04	-4.88664607E-02
1.87304222E+01	5.23091638E+01	9.97758098E-04	-4.92560852E-02
4.84808551E+01	2.62406400E+01	9.98378357E-04	-4.96459510E-02
5.31955538E+01	-1.27214218E+01	9.99003898E-04	-5.00360601E-02
3.08751054E+01	-4.46285174E+01	9.99634732E-04	-5.04264145E-02
-6.74623107E+00	-5.34187880E+01	1.00027087E-03	-5.08170163E-02
-4.03619662E+01	-3.49972485E+01	1.00091233E-03	-5.12078677E-02
-5.29967082E+01	8.75214003E-01	1.00155912E-03	-5.15989706E-02
-3.85736504E+01	3.57450017E+01	1.00221126E-03	-5.19903272E-02
-4.82468646E+00	5.19543167E+01	1.00286876E-03	-5.23819396E-02
3.08436389E+01	4.15784477E+01	1.00353162E-03	-5.27738098E-02
5.03232560E+01	1.02906428E+01	1.00419988E-03	-5.31659400E-02
4.39934084E+01	-2.57252499E+01	1.00487353E-03	-5.35583322E-02
1.54645666E+01	-4.81412249E+01	1.00555259E-03	-5.39509887E-02
-2.04577169E+01	-4.58079133E+01	1.00623708E-03	-5.43439114E-02
-4.54513412E+01	-2.02936558E+01	1.00692700E-03	-5.47371025E-02
-4.70188481E+01	1.51086050E+01	1.00762238E-03	-5.51305641E-02
-2.47308629E+01	4.23014585E+01	1.00832323E-03	-5.55242985E-02
9.74436467E+00	4.76304076E+01	1.00902956E-03	-5.59183076E-02
3.87434478E+01	2.87352784E+01	1.00974139E-03	-5.63125937E-02
4.76538203E+01	-4.42957200E+00	1.01045872E-03	-5.67071589E-02
3.22724307E+01	-3.48324533E+01	1.01118158E-03	-5.71020054E-02
7.73784996E-01	-4.71069964E+01	1.01190998E-03	-5.74971353E-02
-3.06261326E+01	-3.53144985E+01	1.01264394E-03	-5.78925507E-02
-4.60141070E+01	-5.80696726E+00	1.01338346E-03	-5.82882540E-02
-3.78404377E+01	2.61838890E+01	1.01412857E-03	-5.86842471E-02
-1.06150861E+01	4.44051017E+01	1.01487928E-03	-5.90805324E-02
2.15661087E+01	3.98360233E+01	1.01563561E-03	-5.94771120E-02
4.23151721E+01	1.51476403E+01	1.01639756E-03	-5.98739882E-02
4.12938084E+01	-1.68334078E+01	1.01716516E-03	-6.02711630E-02
1.93589835E+01	-3.97841688E+01	1.01793843E-03	-6.06686387E-02
-1.20459012E+01	-4.22130041E+01	1.01871737E-03	-6.10664176E-02
-3.68559813E+01	-2.32087202E+01	1.01950201E-03	-6.14645019E-02
-4.25992821E+01	7.26249953E+00	1.02029235E-03	-6.18628937E-02
-2.66620256E+01	3.35778883E+01	1.02108843E-03	-6.22615953E-02
2.54024247E+00	4.24645079E+01	1.02189024E-03	-6.26606090E-02
2.99998882E+01	2.96898899E+01	1.02269782E-03	-6.30599370E-02
4.18264070E+01	2.06632515E+00	1.02351117E-03	-6.34595816E-02
3.22692847E+01	-2.61740173E+01	1.02433031E-03	-6.38595450E-02
6.50572809E+00	-4.07081722E+01	1.02515527E-03	-6.42598294E-02
-2.21536646E+01	-3.43832536E+01	1.02598605E-03	-6.46604372E-02
-3.91380168E+01	-1.07300809E+01	1.02682268E-03	-6.50613707E-02
-3.60209272E+01	1.79928924E+01	1.02766517E-03	-6.54626321E-02
-1.46955491E+01	3.71486826E+01	1.02851354E-03	-6.58642236E-02
1.37457691E+01	3.71774640E+01	1.02936780E-03	-6.62661477E-02
3.47769085E+01	1.83627480E+01	1.03022798E-03	-6.66684067E-02
3.78539228E+01	-9.46572284E+00	1.03109409E-03	-6.70710027E-02
2.16970754E+01	-3.20628675E+01	1.03196616E-03	-6.74739382E-02
-5.20492282E+00	-3.80570667E+01	1.03284419E-03	-6.78772155E-02
-2.90495807E+01	-2.46689777E+01	1.03372822E-03	-6.82808369E-02
-3.77991065E+01	1.01369478E+00	1.03461824E-03	-6.86848048E-02
-2.72541463E+01	2.57823150E+01	1.03551430E-03	-6.90891215E-02
-3.06002344E+00	3.70973859E+01	1.03641640E-03	-6.94937893E-02
2.23079725E+01	2.94336467E+01	1.03732456E-03	-6.98988107E-02
3.59740156E+01	6.97118099E+00	1.03823880E-03	-7.03041880E-02
3.11939779E+01	-1.86744796E+01	1.03915914E-03	-7.07099236E-02
1.06780631E+01	-3.44554617E+01	1.04008561E-03	-7.11160198E-02
-1.49301824E+01	-3.25270659E+01	1.04101822E-03	-7.15224791E-02
-3.25720945E+01	-1.41426864E+01	1.04195699E-03	-7.19293039E-02
-3.34301926E+01	1.11232561E+01	1.04290193E-03	-7.23364966E-02
-1.73311376E+01	3.03577049E+01	1.04385308E-03	-7.27440596E-02
7.30113438E+00	3.39058623E+01	1.04481045E-03	-7.31519952E-02
2.78489951E+01	2.02138526E+01	1.04577406E-03	-7.35603061E-02
3.39616106E+01	-3.50996547E+00	1.04674394E-03	-7.39689945E-02
2.27658358E+01	-2.50850492E+01	1.04772009E-03	-7.43780630E-02
2.05899506E-01	-3.36097582E+01	1.04870255E-03	-7.47875140E-02
-2.21067931E+01	-2.49668170E+01	1.04969133E-03	-7.51973500E-02
-3.28671164E+01	-3.80438108E+00	1.05068646E-03	-7.56075734E-02
-2.68013479E+01	1.89564481E+01	1.05168796E-03	-7.60181868E-02
-7.24610406E+00	3.17546465E+01	1.05269585E-03	-7.64291925E-02
1.56769865E+01	2.82588373E+01	1.05371015E-03	-7.68405932E-02
3.02970818E+01	1.04947844E+01	1.05473087E-03	-7.72523913E-02
2.93335277E+01	-1.23115945E+01	1.05575806E-03	-7.76645894E-02
1.35175675E+01	-2.85225144E+01	1.05679172E-03	-7.80771900E-02
-8.90314950E+00	-3.00244145E+01	1.05783188E-03	-7.84901955E-02
-2.64619565E+01	-1.62853142E+01	1.05887856E-03	-7.89036086E-02
-3.03351109E+01	5.49371762E+00	1.05993179E-03	-7.93174318E-02
-1.87728349E+01	2.41488789E+01	1.06099159E-03	-7.97316677E-02
2.12407556E+00	3.02736623E+01	1.06205797E-03	-8.01463188E-02
2.16187350E+01	2.09590678E+01	1.06313097E-03	-8.05613877E-02
2.98523125E+01	1.16673654E+00	1.06421061E-03	-8.09768770E-02
2.28272032E+01	-1.89084760E+01	1.06529691E-03	-8.13927893E-02
4.34182810E+00	-2.90872279E+01	1.06638989E-03	-8.18091272E-02
-1.60560629E+01	-2.43647530E+01	1.06748959E-03	-8.22258934E-02
-2.79981831E+01	-7.36683243E+00	1.06859601E-03	-8.26430903E-02
-2.55635660E+01	1.30999814E+01	1.06970920E-03	-8.30607208E-02
-1.02102394E+01	2.66082124E+01	1.07082917E-03	-8.34787874E-02
1.00787660E+01	2.64197916E+01	1.07195594E-03	-8.38972927E-02
2.49432345E+01	1.28436838E+01	1.07308955E-03	-8.43162395E-02
2.69337923E+01	-7.03053775E+00	1.07423001E-03	-8.47356304E-02
1.52421868E+01	-2.30316528E+01	1.07537735E-03	-8.51554682E-02
-3.99256160E+00	-2.71100095E+01	1.07653161E-03	-8.55757554E-02
-2.09039395E+01	-1.73843500E+01	1.07769279E-03	-8.59964948E-02
-2.69567840E+01	1.00082743E+00	1.07886094E-03	-8.64176891E-02
-1.92525003E+01	1.85922076E+01	1.08003607E-03	-8.68393410E-02
-1.91034058E+00	2.64861359E+01	1.08121822E-03	-8.72614533E-02
1.61297757E+01	2.08327860E+01	1.08240740E-03	-8.76840287E-02
2.57135070E+01	4.70864268E+00	1.08360365E-03	-8.81070700E-02
2.21152238E+01	-1.35507334E+01	1.08480699E-03	-8.85305799E-02
7.36412693E+00	-2.46574706E+01	1.08601745E-03	-8.89545612E-02
-1.08895092E+01	-2.30936991E+01	1.08723506E-03	-8.93790167E-02
-2.33394126E+01	-9.84947455E+00	1.08845984E-03	-8.98039492E-02
-2.37659189E+01	8.18044940E+00	1.08969182E-03	-9.02293615E-02
-1.21402450E+01	2.17831887E+01	1.09093103E-03	-9.06552564E-02
5.45740936E+00	2.41333212E+01	1.09217750E-03	-9.10816368E-02
2.00147633E+01	1.42150789E+01	1.09343125E-03	-9.15085054E-02
2.42009425E+01	-2.75336464E+00	1.09469232E-03	-9.19358651E-02
1.60558583E+01	-1.80618339E+01	1.09596074E-03	-9.23637189E-02
-1.00043907E-01	-2.39772460E+01	1.09723652E-03	-9.27920695E-02
-1.59534463E+01	-1.76478228E+01	1.09851971E-03	-9.32209199E-02
-2.34739150E+01	-2.47241168E+00	1.09981033E-03	-9.36502730E-02
-1.89796419E+01	1.37196057E+01	1.10110841E-03	-9.40801316E-02
-4.93575958E+00	2.27056132E+01	1.10241398E-03	-9.45104986E-02
1.13908889E+01	2.00434446E+01	1.10372707E-03	-9.49413771E-02
2.16897175E+01	7.26393467E+00	1.10504771E-03	-9.53727700E-02
2.08348066E+01	-8.99806075E+00	1.10637593E-03	-9.58046801E-02
9.43329340E+00	-2.04460264E+01	1.10771177E-03	-9.62371106E-02
-6.57170081E+00	-2.13526962E+01	1.10905525E-03	-9.66700643E-02
-1.89964485E+01	-1.14228215E+01	1.11040640E-03	-9.71035442E-02
-2.15993818E+01	4.14184366E+00	1.11176526E-03	-9.75375534E-02
-1.32143038E+01	1.73646752E+01	1.11313185E-03	-9.79720949E-02
1.73763677E+00	2.15803031E+01	1.11450622E-03	-9.84071717E-02
1.55758429E+01	1.47924552E+01	1.11588838E-03	-9.88427868E-02
2.13039074E+01	6.12980399E-01	1.11727838E-03	-9.92789433E-02
1.61450131E+01	-1.36561873E+01	1.11867625E-03	-9.97156443E-02
2.88357293E+00	-2.07814562E+01	1.12008202E-03	-1.00152893E-01
-1.16326964E+01	-1.72627900E+01	1.12149572E-03	-1.00590692E-01
-2.00268033E+01	-5.04947985E+00	1.12291738E-03	-1.01029045E-01
-1.81396886E+01	9.53276447E+00	1.12434704E-03	-1.01467954E-01
-7.08805402E+00	1.90561488E+01	1.12578474E-03	-1.01907424E-01
7.38385188E+00	1.87726787E+01	1.12723051E-03	-1.02347457E-01
1.78877736E+01	8.97887044E+00	1.12868437E-03	-1.02788056E-01
1.91617390E+01	-5.21315526E+00	1.13014638E-03	-1.03229225E-01
1.07039017E+01	-1.65417560E+01	1.13161655E-03	-1.03670966E-01
-3.04729041E+00	-1.93097640E+01	1.13309493E-03	-1.04113283E-01
-1.50396764E+01	-1.22476592E+01	1.13458155E-03	-1.04556179E-01
-1.92224393E+01	9.11992229E-01	1.13607645E-03	-1.04999658E-01
-1.35972998E+01	1.34043127E+01	1.13757967E-03	-1.05443721E-01
-1.16816561E+00	1.89080872E+01	1.13909123E-03	-1.05888374E-01
1.16593314E+01	1.47426975E+01	1.14061118E-03	-1.06333619E-01
1.83774860E+01	3.17002843E+00	1.14213955E-03	-1.06779459E-01
1.56764803E+01	-9.82897701E+00	1.14367638E-03	-1.07225898E-01
5.07209336E+00	-1.76436651E+01	1.14522171E-03	-1.07672938E-01
-7.93776461E+00	-1.63940332E+01	1.14677557E-03	-1.08120584E-01
-1.67216793E+01	-6.85471527E+00	1.14833801E-03	-1.08568839E-01
-1.68934684E+01	6.01017831E+00	1.14990905E-03	-1.09017705E-01
-8.50028405E+00	1.56283670E+01	1.15148875E-03	-1.09467187E-01
4.07037973E+00	1.71755627E+01	1.15307713E-03	-1.09917287E-01
1.43820930E+01	9.99337219E+00	1.15467424E-03	-1.10368010E-01
1.72436668E+01	-2.14192915E+00	1.15628011E-03	-1.10819358E-01
1.13208516E+01	-1.30024822E+01	1.15789479E-03	-1.11271335E-01
-2.47522591E-01	-1.71035849E+01	1.15951832E-03	-1.11723944E-01
-1.15101464E+01	-1.24719793E+01	1.16115072E-03	-1.12177190E-01
-1.67634298E+01	-1.59125272E+00	1.16279206E-03	-1.12631074E-01
-1.34384524E+01	9.92640672E+00	1.16444236E-03	-1.13085602E-01
-3.35414205E+00	1.62334546E+01	1.16610167E-03	-1.13540776E-01
8.27301741E+00	1.42144314E+01	1.16777003E-03	-1.13996600E-01
1.55258636E+01	5.02242402E+00	1.16944747E-03	-1.14453077E-01
1.47965341E+01	-6.57189229E+00	1.17113405E-03	-1.14910211E-01
6.57908690E+00	-1.46546065E+01	1.17282981E-03	-1.15368006E-01
-4.84483792E+00	-1.51837998E+01	1.17453478E-03	-1.15826465E-01
-1.36351575E+01	-8.00897907E+00	1.17624901E-03	-1.16285591E-01
-1.53776262E+01	3.11329632E+00	1.17797254E-03	-1.16745389E-01
-9.29893255E+00	1.24842834E+01	1.17970543E-03	-1.17205862E-01
1.39809998E+00	1.53816795E+01	1.18144770E-03	-1.17667014E-01
1.12198029E+01	1.04378590E+01	1.18319940E-03	-1.18128848E-01
1.52017804E+01	2.80758242E-01	1.18496059E-03	-1.18591368E-01
1.14168180E+01	-9.86034139E+00	1.18673130E-03	-1.19054578E-01
1.90433810E+00	-1.48457680E+01	1.18851158E-03	-1.19518482E-01
-8.42508347E+00	-1.22290574E+01	1.19030147E-03	-1.19983082E-01
-1.43233440E+01	-3.45494576E+00	1.19210103E-03	-1.20448384E-01
-1.28700263E+01	6.93352611E+00	1.19391029E-03	-1.20914390E-01
-4.91630670E+00	1.36458985E+01	1.19572930E-03	-1.21381105E-01
5.40523618E+00	1.33373614E+01	1.19755811E-03	-1.21848533E-01
1.28263221E+01	6.27371634E+00	1.19939678E-03	-1.22316676E-01
1.36308476E+01	-3.85961438E+00	1.20124533E-03	-1.22785540E-01
7.51416717E+00	-1.18788054E+01	1.20310383E-03	-1.23255128E-01
-2.31566852E+00	-1.37523543E+01	1.20497232E-03	-1.23725444E-01
-1.08186290E+01	-8.62645179E+00	1.20685086E-03	-1.24196491E-01
-1.37057483E+01	7.91798518E-01	1.20873948E-03	-1.24668274E-01
-9.60124111E+00	9.66194752E+00	1.21063824E-03	-1.25140797E-01
-6.94404693E-01	1.34967857E+01	1.21254718E-03	-1.25614063E-01
8.42556908E+00	1.04311378E+01	1.21446637E-03	-1.26088077E-01
1.31329852E+01	2.12634439E+00	1.21639584E-03	-1.26562843E-01
1.11107049E+01	-7.12673454E+00	1.21833566E-03	-1.27038364E-01
3.48858565E+00	-1.26234835E+01	1.22028586E-03	-1.27514645E-01
-5.78289794E+00	-1.16364701E+01	1.22224651E-03	-1.27991690E-01
-1.19788757E+01	-4.76700387E+00	1.22421765E-03	-1.28469503E-01
-1.20069069E+01	4.41151132E+00	1.22619934E-03	-1.28948087E-01
-5.94891309E+00	1.12110440E+01	1.22819163E-03	-1.29427448E-01
3.02981623E+00	1.22223919E+01	1.23019457E-03	-1.29907589E-01
1.03329760E+01	7.02317305E+00	1.23220822E-03	-1.30388514E-01
1.22851423E+01	-1.65464417E+00	1.23423264E-03	-1.30870228E-01
7.98027455E+00	-9.35857468E+00	1.23626786E-03	-1.31352735E-01
-3.02228140E-01	-1.21991318E+01	1.23831396E-03	-1.31836039E-01
-8.30246457E+00	-8.81240268E+00	1.24037098E-03	-1.32320144E-01
-1.19699891E+01	-1.01197289E+00	1.24243899E-03	-1.32805055E-01
-9.51347776E+00	7.17979433E+00	1.24451803E-03	-1.33290776E-01
-2.27343474E+00	1.16048795E+01	1.24660817E-03	-1.33777311E-01
6.00603957E+00	1.00791744E+01	1.24870945E-03	-1.34264664E-01
1.11123715E+01	3.46871273E+00	1.25082195E-03	-1.34752841E-01
1.05069188E+01	-4.79680781E+00	1.25294571E-03	-1.35241844E-01
4.58556897E+00	-1.05022912E+01	1.25508080E-03	-1.35731680E-01
-3.56764782E+00	-1.07958655E+01	1.25722727E-03	-1.36222352E-01
-9.78556597E+00	-5.61308125E+00	1.25938519E-03	-1.36713864E-01
-1.09468541E+01	2.33386568E+00	1.26155460E-03	-1.37206221E-01
-6.54173294E+00	8.97405965E+00	1.26373558E-03	-1.37699428E-01
1.11034932E+00	1.09623467E+01	1.26592818E-03	-1.38193489E-01
8.08040193E+00	7.36348319E+00	1.26813247E-03	-1.38688409E-01
1.08463487E+01	8.85964748E-02	1.27034850E-03	-1.39184192E-01
8.07181745E+00	-7.11781370E+00	1.27257634E-03	-1.39680843E-01
1.24940297E+00	-1.06043132E+01	1.27481605E-03	-1.40178367E-01
-6.09993074E+00	-8.66177806E+00	1.27706770E-03	-1.40676768E-01
-1.02430307E+01	-2.35937687E+00	1.27933133E-03	-1.41176050E-01
-9.12997540E+00	5.04062794E+00	1.28160703E-03	-1.41676219E-01
-3.40682497E+00	9.77050694E+00	1.28389486E-03	-1.42177279E-01
3.95384608E+00	9.47457987E+00	1.28619487E-03	-1.42679235E-01
9.19582954E+00	4.38116296E+00	1.28850714E-03	-1.43182092E-01
9.69529551E+00	-2.85342318E+00	1.29083173E-03	-1.43685855E-01
5.27300760E+00	-8.52902582E+00	1.29316871E-03	-1.44190528E-01
-1.75293234E+00	-9.79331612E+00	1.29551814E-03	-1.44696116E-01
-7.78091403E+00	-6.07425175E+00	1.29788010E-03	-1.45202624E-01
-9.77126491E+00	6.65527641E-01	1.30025464E-03	-1.45710057E-01
-6.77812175E+00	6.96294953E+00	1.30264184E-03	-1.46218421E-01
-3.96200010E-01	9.63311896E+00	1.30504177E-03	-1.46727719E-01
6.08706823E+00	7.37921719E+00	1.30745449E-03	-1.47237957E-01
9.38411977E+00	1.42035600E+00	1.30988009E-03	-1.47749139E-01
7.87353291E+00	-5.16552904E+00	1.31231862E-03	-1.48261272E-01
2.39586260E+00	-9.03067157E+00	1.31477016E-03	-1.48774360E-01
-4.21075740E+00	-8.25846376E+00	1.31723478E-03	-1.49288408E-01
-8.58022878E+00	-3.31256611E+00	1.31971255E-03	-1.49803421E-01
-8.53279244E+00	3.23519161E+00	1.32220355E-03	-1.50319405E-01
-4.16132961E+00	8.04117446E+00	1.32470784E-03	-1.50836364E-01
2.25113381E+00	8.69666109E+00	1.32722552E-03	-1.51354304E-01
7.42269142E+00	4.93411071E+00	1.32975663E-03	-1.51873230E-01
8.75152757E+00	-1.27060715E+00	1.33230128E-03	-1.52393147E-01
5.62402383E+00	-6.73462771E+00	1.33485952E-03	-1.52914061E-01
-3.05220735E-01	-8.70010733E+00	1.33743143E-03	-1.53435976E-01
-5.98735836E+00	-6.22538670E+00	1.34001710E-03	-1.53958899E-01
-8.54630210E+00	-6.33956330E-01	1.34261660E-03	-1.54482835E-01
-6.73375106E+00	5.19164510E+00	1.34523001E-03	-1.55007788E-01
-1.53651049E+00	8.29511653E+00	1.34785740E-03	-1.55533765E-01
4.35849578E+00	7.14591763E+00	1.35049886E-03	-1.56060771E-01
7.95256428E+00	2.39278795E+00	1.35315447E-03	-1.56588812E-01
7.45993577E+00	-3.49902521E+00	1.35582430E-03	-1.57117892E-01
3.19398653E+00	-7.52556496E+00	1.35850844E-03	-1.57648018E-01
-2.62431900E+00	-7.67508813E+00	1.36120698E-03	-1.58179196E-01
-7.02183339E+00	-3.93223453E+00	1.36391998E-03	-1.58711430E-01
-7.79186109E+00	1.74530200E+00	1.36664755E-03	-1.59244727E-01
-4.60065604E+00	6.44976283E+00	1.36938975E-03	-1.59779092E-01
8.72612690E-01	7.81190174E+00	1.37214668E-03	-1.60314531E-01
5.81830367E+00	5.19342228E+00	1.37491842E-03	-1.60851049E-01
7.73796225E+00	-1.64849218E-02	1.37770506E-03	-1.61388653E-01
5.70578892E+00	-5.13683926E+00	1.38050668E-03	-1.61927349E-01
8.13361904E-01	-7.57383287E+00	1.38332337E-03	-1.62467142E-01
-4.41506033E+00	-6.13411922E+00	1.38615522E-03	-1.63008038E-01
-7.32426446E+00	-1.60782306E+00	1.38900231E-03	-1.63550043E-01
-6.47589322E+00	3.66283973E+00	1.39186475E-03	-1.64093163E-01
-2.35849831E+00	6.99488204E+00	1.39474261E-03	-1.64637404E-01
2.89010876E+00	6.72970334E+00	1.39763600E-03	-1.65182772E-01
6.59209054E+00	3.05777050E+00	1.40054499E-03	-1.65729273E-01
6.89523680E+00	-2.10673669E+00	1.40346968E-03	-1.66276914E-01
3.69887237E+00	-6.12297409E+00	1.40641017E-03	-1.66825700E-01
-1.32241473E+00	-6.97324550E+00	1.40936656E-03	-1.67375637E-01
-5.59519038E+00	-4.27594116E+00	1.41233892E-03	-1.67926733E-01
-6.96550406E+00	5.46545715E-01	1.41532737E-03	-1.68478992E-01
-4.78406068E+00	5.01686142E+00	1.41833199E-03	-1.69032422E-01
-2.11859339E-01	6.87475705E+00	1.42135289E-03	-1.69587029E-01
4.39646208E+00	5.21929082E+00	1.42439016E-03	-1.70142819E-01
6.70465616E+00	9.44276827E-01	1.42744390E-03	-1.70699799E-01
5.57868441E+00	-3.74270791E+00	1.43051421E-03	-1.71257974E-01
1.64275733E+00	-6.45968849E+00	1.43360119E-03	-1.71817352E-01
-3.06444353E+00	-5.86029177E+00	1.43670494E-03	-1.72377939E-01
-6.14509710E+00	-2.30000288E+00	1.43982556E-03	-1.72939741E-01
-6.06315313E+00	2.37053295E+00	1.44296316E-03	-1.73502766E-01
-2.90943399E+00	5.76679498E+00	1.44611784E-03	-1.74067020E-01
1.66975301E+00	6.18727953E+00	1.44928971E-03	-1.74632509E-01
5.33127365E+00	3.46524614E+00	1.45247886E-03	-1.75199240E-01
6.23362259E+00	-9.70691218E-01	1.45568541E-03	-1.75767221E-01
3.96245507E+00	-4.84550770E+00	1.45890947E-03	-1.76336457E-01
-2.81648945E-01	-6.20403413E+00	1.46215113E-03	-1.76906956E-01
-4.31685647E+00	-4.39693110E+00	1.46541052E-03	-1.77478725E-01
-6.10121613E+00	-3.89448920E-01	1.46868773E-03	-1.78051770E-01
-4.76542196E+00	3.75296423E+00	1.47198289E-03	-1.78626099E-01
-1.03513704E+00	5.92866218E+00	1.47529609E-03	-1.79201718E-01
3.16166000E+00	5.06556455E+00	1.47862747E-03	-1.79778635E-01
5.69059126E+00	1.64848463E+00	1.48197712E-03	-1.80356857E-01
5.29588572E+00	-2.55085827E+00	1.48534516E-03	-1.80936390E-01
2.22316177E+00	-5.39187482E+00	1.48873171E-03	-1.81517243E-01
-1.92846174E+00	-5.45579229E+00	1.49213689E-03	-1.82099422E-01
-5.03795847E+00	-2.75349645E+00	1.49556081E-03	-1.82682935E-01
-5.54555097E+00	1.30226732E+00	1.49900359E-03	-1.83267789E-01
-3.23452203E+00	4.63477908E+00	1.50246535E-03	-1.83853991E-01
6.79876126E-01	5.56625855E+00	1.50594621E-03	-1.84441549E-01
4.18867862E+00	3.66201477E+00	1.50944630E-03	-1.85030471E-01
5.51980314E+00	-6.86087573E-02	1.51296572E-03	-1.85620763E-01
4.03252132E+00	-3.70631593E+00	1.51650462E-03	-1.86212434E-01
5.24573540E-01	-5.40881711E+00	1.52006311E-03	-1.86805491E-01
-3.19457722E+00	-4.34337620E+00	1.52364131E-03	-1.87399941E-01
-5.23662264E+00	-1.09314095E+00	1.52723936E-03	-1.87995793E-01
-4.59270924E+00	2.66048685E+00	1.53085739E-03	-1.88593054E-01
-1.63105978E+00	5.00717066E+00	1.53449551E-03	-1.89191733E-01
2.11111901E+00	4.77944338E+00	1.53815387E-03	-1.89791836E-01
4.72497420E+00	2.13284924E+00	1.54183259E-03	-1.90393372E-01
4.90328299E+00	-1.55351174E+00	1.54553180E-03	-1.90996350E-01
2.59362980E+00	-4.39503705E+00	1.54925165E-03	-1.91600776E-01
-9.94583824E-01	-4.96469322E+00	1.55299225E-03	-1.92206659E-01
-4.02277881E+00	-3.00916298E+00	1.55675376E-03	-1.92814007E-01
-4.96487096E+00	4.41055889E-01	1.56053630E-03	-1.93422828E-01
-3.37588211E+00	3.61395724E+00	1.56434001E-03	-1.94033131E-01
-1.00623845E-01	4.90570785E+00	1.56816503E-03	-1.94644924E-01
3.17458900E+00	3.69091422E+00	1.57201151E-03	-1.95258215E-01
4.78974622E+00	6.24348181E-01	1.57587958E-03	-1.95873012E-01
3.95209289E+00	-2.71086971E+00	1.57976939E-03	-1.96489325E-01
1.12441339E+00	-4.62012857E+00	1.58368108E-03	-1.97107161E-01
-2.22909444E+00	-4.15796234E+00	1.58761480E-03	-1.97726529E-01
-4.40054145E+00	-1.59557488E+00	1.59157069E-03	-1.98347438E-01
-4.30777279E+00	1.73557933E+00	1.59554891E-03	-1.98969897E-01
-2.03309572E+00	4.13515461E+00	1.59954959E-03	-1.99593914E-01
1.23658546E+00	4.40146762E+00	1.60357290E-03	-2.00219498E-01
3.82855615E+00	2.43278750E+00	1.60761898E-03	-2.00846657E-01
4.43966259E+00	-7.38245788E-01	1.61168798E-03	-2.01475402E-01
2.79104346E+00	-3.48568482E+00	1.61578007E-03	-2.02105740E-01
-2.46495750E-01	-4.42361772E+00	1.61989539E-03	-2.02737681E-01
-3.11176013E+00	-3.10486356E+00	1.62403411E-03	-2.03371235E-01
-4.35520226E+00	-2.32991532E-01	1.62819638E-03	-2.04006409E-01
-3.37187164E+00	2.71221126E+00	1.63238237E-03	-2.04643213E-01
-6.94864946E-01	4.23685354E+00	1.63659223E-03	-2.05281658E-01
2.29260574E+00	3.59032444E+00	1.64082613E-03	-2.05921751E-01
4.07153028E+00	1.13414938E+00	1.64508423E-03	-2.06563503E-01
3.75911293E+00	-1.85857858E+00	1.64936670E-03	-2.07206922E-01
1.54629355E+00	-3.86266105E+00	1.65367371E-03	-2.07852019E-01
-1.41576289E+00	-3.87775590E+00	1.65800542E-03	-2.08498803E-01
-3.61408884E+00	-1.92721129E+00	1.66236200E-03	-2.09147284E-01
-3.94638634E+00	9.69722581E-01	1.66674364E-03	-2.09797472E-01
-2.27331600E+00	3.33001226E+00	1.67115049E-03	-2.10449375E-01
5.25888025E-01	3.96573079E+00	1.67558274E-03	-2.11103005E-01
3.01492438E+00	2.58154805E+00	1.68004057E-03	-2.11758371E-01
3.93708238E+00	-8.94952895E-02	1.68452414E-03	-2.12415484E-01
2.84939505E+00	-2.67354994E+00	1.68903364E-03	-2.13074352E-01
3.34470439E-01	-3.86226778E+00	1.69356926E-03	-2.13734987E-01
-2.31078168E+00	-3.07490498E+00	1.69813118E-03	-2.14397399E-01
-3.74360891E+00	-7.41326669E-01	1.70271957E-03	-2.15061597E-01
-3.25669212E+00	1.93161674E+00	1.70733463E-03	-2.15727593E-01
-1.12674020E+00	3.58387986E+00	1.71197655E-03	-2.16395397E-01
1.54109362E+00	3.39393619E+00	1.71664551E-03	-2.17065019E-01
3.38625977E+00	1.48676811E+00	1.72134171E-03	-2.17736470E-01
3.48637458E+00	-1.14423077E+00	1.72606535E-03	-2.18409761E-01
1.81789282E+00	-3.15428228E+00	1.73081660E-03	-2.19084902E-01
-7.45967180E-01	-3.53428828E+00	1.73559569E-03	-2.19761904E-01
-2.89178234E+00	-2.11705093E+00	1.74040279E-03	-2.20440779E-01
-3.53848172E+00	3.51105837E-01	1.74523812E-03	-2.21121536E-01
-2.38165586E+00	2.60284110E+00	1.75010187E-03	-2.21804188E-01
-3.57394818E-02	3.50025694E+00	1.75499425E-03	-2.22488744E-01
2.29172946E+00	2.60961395E+00	1.75991548E-03	-2.23175218E-01
3.42138267E+00	4.10193489E-01	1.76486574E-03	-2.23863619E-01
2.79933425E+00	-1.96285120E+00	1.76984526E-03	-2.24553959E-01
7.68164306E-01	-3.30405872E+00	1.77485425E-03	-2.25246250E-01
-1.62068625E+00	-2.94973203E+00	1.77989293E-03	-2.25940504E-01
-3.15087638E+00	-1.10588359E+00	1.78496150E-03	-2.26636731E-01
-3.06022600E+00	1.26973475E+00	1.79006018E-03	-2.27334943E-01
-1.41994159E+00	2.96477537E+00	1.79518921E-03	-2.28035153E-01
9.14462679E-01	3.13072980E+00	1.80034880E-03	-2.28737373E-01
2.74899787E+00	1.70731676E+00	1.80553916E-03	-2.29441613E-01
3.16163762E+00	-5.59249536E-01	1.81076055E-03	-2.30147887E-01
1.96539991E+00	-2.50704048E+00	1.81601317E-03	-2.30856206E-01
-2.08338662E-01	-3.15380469E+00	1.82129726E-03	-2.31566584E-01
-2.24260451E+00	-2.19201260E+00	1.82661306E-03	-2.32279031E-01
-3.10852278E+00	-1.34209253E-01	1.83196080E-03	-2.32993560E-01
-2.38541990E+00	1.95954545E+00	1.83734071E-03	-2.33710185E-01
-4.64559052E-01	3.02749126E+00	1.84275304E-03	-2.34428917E-01
1.66182212E+00	2.54433734E+00	1.84819804E-03	-2.35149770E-01
2.91278419E+00	7.79139972E-01	1.85367594E-03	-2.35872755E-01
2.66793237E+00	-1.35344616E+00	1.85918699E-03	-2.36597887E-01
1.07468014E+00	-2.76681394E+00	1.86473144E-03	-2.37325178E-01
-1.03843243E+00	-2.75582036E+00	1.87030954E-03	-2.38054641E-01
-2.59229191E+00	-1.34823642E+00	1.87592156E-03	-2.38786289E-01
-2.80805528E+00	7.20750974E-01	1.88156774E-03	-2.39520136E-01
-1.59721945E+00	2.39218684E+00	1.88724834E-03	-2.40256194E-01
4.04280911E-01	2.82511552E+00	1.89296362E-03	-2.40994479E-01
2.16968143E+00	1.81941361E+00	1.89871386E-03	-2.41735002E-01
2.80788508E+00	-9.27669223E-02	1.90449931E-03	-2.42477778E-01
2.01299197E+00	-1.92812762E+00	1.91032025E-03	-2.43222821E-01
2.10221355E-01	-2.75763040E+00	1.91617695E-03	-2.43970144E-01
-1.67100137E+00	-2.17652607E+00	1.92206968E-03	-2.44719762E-01
-2.67597343E+00	-5.01326577E-01	1.92799872E-03	-2.45471689E-01
-2.30899073E+00	1.40185721E+00	1.93396436E-03	-2.46225938E-01
-7.77437249E-01	2.56486125E+00	1.93996687E-03	-2.46982525E-01
1.12428338E+00	2.40976374E+00	1.94600653E-03	-2.47741463E-01
2.42653276E+00	1.03571731E+00	1.95208365E-03	-2.48502768E-01
2.47862091E+00	-8.41857886E-01	1.95819851E-03	-2.49266453E-01
1.27363149E+00	-2.26348285E+00	1.96435140E-03	-2.50032534E-01
-5.58106051E-01	-2.51572641E+00	1.97054263E-03	-2.50801026E-01
-2.07842472E+00	-1.48896636E+00	1.97677249E-03	-2.51571944E-01
-2.52161878E+00	2.76460026E-01	1.98304128E-03	-2.52345303E-01
-1.67984674E+00	1.87425065E+00	1.98934932E-03	-2.53121117E-01
2.20645212E-04	2.49719297E+00	1.99569692E-03	-2.53899403E-01
1.65399195E+00	1.84474775E+00	2.00208437E-03	-2.54680177E-01
2.44367854E+00	2.67477958E-01	2.00851201E-03	-2.55463452E-01
1.98250213E+00	-1.42077841E+00	2.01498015E-03	-2.56249246E-01
5.23700655E-01	-2.36261469E+00	2.02148912E-03	-2.57037575E-01
-1.17779782E+00	-2.09230314E+00	2.02803923E-03	-2.57828454E-01
-2.25582226E+00	-7.65740240E-01	2.03463082E-03	-2.58621899E-01
-2.17370308E+00	9.28256121E-01	2.04126421E-03	-2.59417927E-01
-9.91142738E-01	2.12537324E+00	2.04793976E-03	-2.60216553E-01
6.75338523E-01	2.22660752E+00	2.05465779E-03	-2.61017796E-01
1.97355828E+00	1.19772890E+00	2.06141864E-03	-2.61821671E-01
2.25126548E+00	-4.22172056E-01	2.06822267E-03	-2.62628194E-01
1.38361175E+00	-1.80285253E+00	2.07507022E-03	-2.63437384E-01
-1.71790021E-01	-2.24825588E+00	2.08196165E-03	-2.64249257E-01
-1.61588033E+00	-1.54721011E+00	2.08889732E-03	-2.65063830E-01
-2.21847036E+00	-7.29013740E-02	2.09587757E-03	-2.65881121E-01
-1.68725800E+00	1.41537929E+00	2.10290279E-03	-2.66701147E-01
-3.09153811E-01	2.16309303E+00	2.10997333E-03	-2.67523925E-01
1.20416400E+00	1.80281006E+00	2.11708957E-03	-2.68349474E-01
2.08357717E+00	5.34404825E-01	2.12425188E-03	-2.69177811E-01
1.89324293E+00	-9.85090089E-01	2.13146065E-03	-2.70008955E-01
7.46302680E-01	-1.98161964E+00	2.13871626E-03	-2.70842924E-01
-7.61018751E-01	-1.95825272E+00	2.14601910E-03	-2.71679735E-01
-1.85913301E+00	-9.42727959E-01	2.15336955E-03	-2.72519409E-01
-1.99784877E+00	5.34782434E-01	2.16076802E-03	-2.73361962E-01
-1.12181170E+00	1.71821602E+00	2.16821491E-03	-2.74207415E-01
3.09151853E-01	2.01234384E+00	2.17571061E-03	-2.75055785E-01
1.56112279E+00	1.28195001E+00	2.18325554E-03	-2.75907093E-01
2.00234102E+00	-8.68047940E-02	2.19085012E-03	-2.76761358E-01
1.42181500E+00	-1.39023104E+00	2.19849475E-03	-2.77618598E-01
1.29703018E-01	-1.96871751E+00	2.20618987E-03	-2.78478834E-01
-1.20800985E+00	-1.54036214E+00	2.21393589E-03	-2.79342086E-01
-1.91260568E+00	-3.37964683E-01	2.22173325E-03	-2.80208373E-01
-1.63683398E+00	1.01698735E+00	2.22958239E-03	-2.81077715E-01
-5.35746291E-01	1.83537164E+00	2.23748375E-03	-2.81950133E-01
8.19718664E-01	1.71076032E+00	2.24543777E-03	-2.82825648E-01
1.73859166E+00	7.21008271E-01	2.25344490E-03	-2.83704279E-01
1.76195493E+00	-6.18754532E-01	2.26150559E-03	-2.84586049E-01
8.91923752E-01	-1.62402688E+00	2.26962032E-03	-2.85470977E-01
-4.16610974E-01	-1.79050904E+00	2.27778953E-03	-2.86359085E-01
-1.49359651E+00	-1.04689382E+00	2.28601371E-03	-2.87250395E-01
-1.79678160E+00	2.15740293E-01	2.29429333E-03	-2.88144927E-01
-1.18455957E+00	1.34935001E+00	2.30262886E-03	-2.89042704E-01
1.85037350E-02	1.78138676E+00	2.31102080E-03	-2.89943748E-01
1.19343857E+00	1.30381094E+00	2.31946963E-03	-2.90848081E-01
1.74517862E+00	1.72853914E-01	2.32797585E-03	-2.91755724E-01
1.40379226E+00	-1.02808627E+00	2.33653997E-03	-2.92666701E-01
3.56227551E-01	-1.68923363E+00	2.34516249E-03	-2.93581035E-01
-8.55561210E-01	-1.48390463E+00	2.35384392E-03	-2.94498748E-01
-1.61483078E+00	-5.29672599E-01	2.36258478E-03	-2.95419862E-01
-1.54380513E+00	6.78147093E-01	2.37138561E-03	-2.96344403E-01
-6.91423275E-01	1.52343014E+00	2.38024692E-03	-2.97272393E-01
4.98115404E-01	1.58340297E+00	2.38916926E-03	-2.98203855E-01
1.41664972E+00	8.39908171E-01	2.39815317E-03	-2.99138814E-01
1.60285284E+00	-3.17698663E-01	2.40719919E-03	-3.00077295E-01
9.73763017E-01	-1.29624133E+00	2.41630788E-03	-3.01019320E-01
-1.39064946E-01	-1.60254543E+00	2.42547981E-03	-3.01964916E-01
-1.16406546E+00	-1.09184058E+00	2.43471554E-03	-3.02914106E-01
-1.58309544E+00	-3.57060340E-02	2.44401564E-03	-3.03866916E-01
-1.19321766E+00	1.02206567E+00	2.45338070E-03	-3.04823371E-01
-2.04645047E-01	1.54532736E+00	2.46281130E-03	-3.05783496E-01
8.72242853E-01	1.27719921E+00	2.47230804E-03	-3.06747318E-01
1.49025909E+00	3.65913467E-01	2.48187152E-03	-3.07714861E-01
1.34331956E+00	-7.16629483E-01	2.49150234E-03	-3.08686153E-01
5.17821200E-01	-1.41908381E+00	2.50120112E-03	-3.09661220E-01
-5.57264392E-01	-1.39134091E+00	2.51096848E-03	-3.10640088E-01
-1.33315029E+00	-6.58842296E-01	2.52080505E-03	-3.11622784E-01
-1.42124911E+00	3.96168190E-01	2.53071147E-03	-3.12609336E-01
-7.87628103E-01	1.23394196E+00	2.54068837E-03	-3.13599771E-01
2.35319682E-01	1.43324692E+00	2.55073642E-03	-3.14594116E-01
1.12305501E+00	9.03017906E-01	2.56085627E-03	-3.15592399E-01
1.42774488E+00	-7.66335142E-02	2.57104859E-03	-3.16594650E-01
1.00404698E+00	-1.00217586E+00	2.58131404E-03	-3.17600895E-01
7.80607254E-02	-1.40534997E+00	2.59165332E-03	-3.18611164E-01
-8.73058163E-01	-1.08995207E+00	2.60206711E-03	-3.19625485E-01
-1.36685230E+00	-2.27037741E-01	2.61255612E-03	-3.20643889E-01
-1.16017427E+00	7.37499816E-01	2.62312104E-03	-3.21666404E-01
-3.68693923E-01	1.31320996E+00	2.63376260E-03	-3.22693060E-01
5.97320073E-01	1.21435938E+00	2.64448151E-03	-3.23723887E-01
1.24553244E+00	5.01562748E-01	2.65527851E-03	-3.24758916E-01
1.25235582E+00	-4.54337155E-01	2.66615434E-03	-3.25798178E-01
6.24328068E-01	-1.16506261E+00	2.67710975E-03	-3.26841702E-01
-3.10346552E-01	-1.27421018E+00	2.68814551E-03	-3.27889521E-01
-1.07315781E+00	-7.35835187E-01	2.69926236E-03	-3.28941666E-01
-1.28016050E+00	1.67100266E-01	2.71046111E-03	-3.29998169E-01
-8.35099669E-01	9.71270055E-01	2.72174252E-03	-3.31059061E-01
2.62872192E-02	1.27062755E+00	2.73310740E-03	-3.32124376E-01
8.60925759E-01	9.21313835E-01	2.74455655E-03	-3.33194146E-01
1.24620411E+00	1.10484981E-01	2.75609080E-03	-3.34268404E-01
9.93850951E-01	-7.43705189E-01	2.76771095E-03	-3.35347184E-01
2.41706740E-01	-1.20764261E+00	2.77941786E-03	-3.36430519E-01
-6.21221919E-01	-1.05226712E+00	2.79121236E-03	-3.37518444E-01
-1.15584113E+00	-3.65981481E-01	2.80309532E-03	-3.38610992E-01
-1.09630094E+00	4.95102515E-01	2.81506759E-03	-3.39708198E-01
-4.82038849E-01	1.09182825E+00	2.82713007E-03	-3.40810098E-01
3.66966689E-01	1.12587096E+00	2.83928362E-03	-3.41916727E-01
1.01674665E+00	5.88745980E-01	2.85152917E-03	-3.43028121E-01
1.14107114E+00	-2.38408161E-01	2.86386761E-03	-3.44144315E-01
6.85116794E-01	-9.31835969E-01	2.87629987E-03	-3.45265346E-01
-1.10976412E-01	-1.14216422E+00	2.88882689E-03	-3.46391251E-01
-8.38414964E-01	-7.70319237E-01	2.90144960E-03	-3.47522068E-01
-1.12957345E+00	-1.38404653E-02	2.91416897E-03	-3.48657833E-01
-8.43680461E-01	7.37863315E-01	2.92698596E-03	-3.49798585E-01
-1.34631652E-01	1.10387252E+00	2.93990156E-03	-3.50944361E-01
6.31603255E-01	9.04689946E-01	2.95291676E-03	-3.52095202E-01
1.06577402E+00	2.50078072E-01	2.96603257E-03	-3.53251145E-01
9.53000573E-01	-5.21081246E-01	2.97925001E-03	-3.54412231E-01
3.58965322E-01	-1.01611672E+00	2.99257010E-03	-3.55578498E-01
-4.07749954E-01	-9.88427724E-01	3.00599391E-03	-3.56749988E-01
-9.55851553E-01	-4.60194946E-01	3.01952248E-03	-3.57926742E-01
-1.01094646E+00	2.93050690E-01	3.03315689E-03	-3.59108799E-01
-5.52793978E-01	8.86026822E-01	3.04689822E-03	-3.60296203E-01
1.78396536E-01	1.02068690E+00	3.06074759E-03	-3.61488994E-01
8.07772662E-01	6.35922685E-01	3.07470609E-03	-3.62687215E-01
1.01792782E+00	-6.51563341E-02	3.08877486E-03	-3.63890909E-01
7.08880488E-01	-7.22284994E-01	3.10295506E-03	-3.65100120E-01
4.53603094E-02	-1.00308877E+00	3.11724782E-03	-3.66314890E-01
-6.30809197E-01	-7.71110026E-01	3.13165434E-03	-3.67535265E-01
-9.76720718E-01	-1.51916838E-01	3.14617579E-03	-3.68761289E-01
-8.22199392E-01	5.34623701E-01	3.16081340E-03	-3.69993007E-01
-2.53362269E-01	9.39495336E-01	3.17556836E-03	-3.71230464E-01
4.35023682E-01	8.61882553E-01	3.19044194E-03	-3.72473707E-01
8.92193303E-01	3.48642297E-01	3.20543537E-03	-3.73722783E-01
8.90038021E-01	-3.33305066E-01	3.22054994E-03	-3.74977737E-01
4.36808908E-01	-8.35691572E-01	3.23578692E-03	-3.76238619E-01
-2.30749020E-01	-9.06685832E-01	3.25114762E-03	-3.77505475E-01
-7.70949923E-01	-5.17028421E-01	3.26663338E-03	-3.78778355E-01
-9.11982931E-01	1.28607093E-01	3.28224551E-03	-3.80057307E-01
-5.88587913E-01	6.98996925E-01	3.29798540E-03	-3.81342381E-01
2.80871795E-02	9.06217063E-01	3.31385440E-03	-3.82633628E-01
6.20915521E-01	6.50900008E-01	3.32985392E-03	-3.83931098E-01
8.89799286E-01	6.96595674E-02	3.34598538E-03	-3.85234842E-01
7.03506012E-01	-5.37828402E-01	3.36225020E-03	-3.86544913E-01
1.63550741E-01	-8.63255247E-01	3.37864984E-03	-3.87861361E-01
-4.50883359E-01	-7.46077414E-01	3.39518578E-03	-3.89184241E-01
-8.27215357E-01	-2.52583487E-01	3.41185950E-03	-3.90513606E-01
-7.78415788E-01	3.61238792E-01	3.42867252E-03	-3.91849510E-01
-3.35844032E-01	7.82404012E-01	3.44562638E-03	-3.93192007E-01
2.70049536E-01	8.00451139E-01	3.46272263E-03	-3.94541154E-01
7.29628035E-01	4.12515846E-01	3.47996285E-03	-3.95897005E-01
8.12238769E-01	-1.78453170E-01	3.49734865E-03	-3.97259618E-01
4.81886395E-01	-6.69764479E-01	3.51488164E-03	-3.98629049E-01
-8.75569579E-02	-8.13954742E-01	3.53256346E-03	-4.00005357E-01
-6.03747979E-01	-5.43352440E-01	3.55039580E-03	-4.01388600E-01
-8.05890041E-01	-1.57445159E-03	3.56838033E-03	-4.02778836E-01
-5.96423864E-01	5.32557794E-01	3.58651879E-03	-4.04176126E-01
-8.79304265E-02	7.88443541E-01	3.60481289E-03	-4.05580530E-01
4.57204732E-01	6.40726035E-01	3.62326442E-03	-4.06992110E-01
7.62113901E-01	1.70564761E-01	3.64187516E-03	-4.08410927E-01
6.76000707E-01	-3.78718087E-01	3.66064693E-03	-4.09837043E-01
2.48604990E-01	-7.27490522E-01	3.67958156E-03	-4.11270522E-01
-2.98132770E-01	-7.02105510E-01	3.69868093E-03	-4.12711428E-01
-6.85243695E-01	-3.21260537E-01	3.71794694E-03	-4.14159825E-01
-7.19012066E-01	2.16476766E-01	3.73738150E-03	-4.15615779E-01
-3.87829628E-01	6.36114088E-01	3.75698656E-03	-4.17079356E-01
1.34759062E-01	7.26802805E-01	3.77676411E-03	-4.18550624E-01
5.80901717E-01	4.47704933E-01	3.79671615E-03	-4.20029649E-01
7.25666548E-01	-5.39581778E-02	3.81684473E-03	-4.21516501E-01
5.00377902E-01	-5.20454554E-01	3.83715189E-03	-4.23011248E-01
2.49885870E-02	-7.15892965E-01	3.85763976E-03	-4.24513961E-01
-4.55656904E-01	-5.45441789E-01	3.87831044E-03	-4.26024711E-01
-6.97865993E-01	-1.01195081E-01	3.89916611E-03	-4.27543570E-01
-5.82593365E-01	3.87417715E-01	3.92020895E-03	-4.29070610E-01
-1.73835306E-01	6.72056330E-01	3.94144119E-03	-4.30605905E-01
3.16658956E-01	6.11633338E-01	3.96286509E-03	-4.32149529E-01
6.39013128E-01	2.42151433E-01	3.98448294E-03	-4.33701557E-01
6.32465524E-01	-2.44304191E-01	4.00629707E-03	-4.35262066E-01
3.05460748E-01	-5.99355002E-01	4.02830983E-03	-4.36831133E-01
-1.71267495E-01	-6.45094802E-01	4.05052363E-03	-4.38408836E-01
-5.53760493E-01	-3.63161487E-01	4.07294089E-03	-4.39995253E-01
-6.49623936E-01	9.84428230E-02	4.09556410E-03	-4.41590465E-01
-4.14737526E-01	5.02958100E-01	4.11839575E-03	-4.43194553E-01
2.66939476E-02	6.46249315E-01	4.14143839E-03	-4.44807598E-01
4.47716030E-01	4.59761900E-01	4.16469461E-03	-4.46429684E-01
6.35255714E-01	4.31549296E-02	4.18816703E-03	-4.48060894E-01
4.97899148E-01	-3.88831794E-01	4.21185833E-03	-4.49701313E-01
1.10327804E-01	-6.17010155E-01	4.23577120E-03	-4.51351027E-01
-3.27121761E-01	-5.28906493E-01	4.25990840E-03	-4.53010124E-01
-5.91954976E-01	-1.74104653E-01	4.28427272E-03	-4.54678691E-01
-5.52633876E-01	2.63410826E-01	4.30886699E-03	-4.56356817E-01
-2.33828308E-01	5.60600217E-01	4.33369410E-03	-4.58044594E-01
1.98522283E-01	5.69022880E-01	4.35875697E-03	-4.59742112E-01
5.23515432E-01	2.88910365E-01	4.38405857E-03	-4.61449464E-01
5.78104599E-01	-1.33268039E-01	4.40960193E-03	-4.63166744E-01
3.38836089E-01	-4.81321037E-01	4.43539010E-03	-4.64894047E-01
-6.84392583E-02	-5.79996494E-01	4.46142621E-03	-4.66631469E-01
-4.34679327E-01	-3.83168289E-01	4.48771342E-03	-4.68379107E-01
-5.74898318E-01	4.79755475E-03	4.51425495E-03	-4.70137061E-01
-4.21550144E-01	3.84285263E-01	4.54105406E-03	-4.71905430E-01
-5.69332011E-02	5.63087186E-01	4.56811408E-03	-4.73684315E-01
3.30857159E-01	4.53706980E-01	4.59543838E-03	-4.75473819E-01
5.44911867E-01	1.16074364E-01	4.62303039E-03	-4.77274045E-01
4.79447014E-01	-2.75127370E-01	4.65089360E-03	-4.79085100E-01
1.71999225E-01	-5.20786406E-01	4.67903155E-03	-4.80907089E-01
-2.17833112E-01	-4.98661083E-01	4.70744784E-03	-4.82740120E-01
-4.91183150E-01	-2.24138896E-01	4.73614612E-03	-4.84584303E-01
-5.11321391E-01	1.59707494E-01	4.76513013E-03	-4.86439749E-01
-2.71987322E-01	4.56625303E-01	4.79440364E-03	-4.88306570E-01
1.01470891E-01	5.17479326E-01	4.82397050E-03	-4.90184880E-01
4.17679100E-01	3.15105382E-01	4.85383461E-03	-4.92074794E-01
5.17262396E-01	-4.38227221E-02	4.88399996E-03	-4.93976429E-01
3.53124070E-01	-3.74945712E-01	4.91447057E-03	-4.95889903E-01
1.25662557E-02	-5.10870354E-01	4.94525057E-03	-4.97815336E-01
-3.29052973E-01	-3.85746733E-01	4.97634413E-03	-4.99752850E-01
-4.98570573E-01	-6.70610794E-02	5.00775550E-03	-5.01702568E-01
-4.12750383E-01	2.80647062E-01	5.03948900E-03	-5.03664615E-01
-1.19069061E-01	4.80692758E-01	5.07154903E-03	-5.05639118E-01
2.30384204E-01	4.33986080E-01	5.10394006E-03	-5.07626205E-01
4.57623085E-01	1.68045563E-01	5.13666664E-03	-5.09626006E-01
4.49378426E-01	-1.78922525E-01	5.16973339E-03	-5.11638653E-01
2.13499023E-01	-4.29797830E-01	5.20314503E-03	-5.13664280E-01
-1.26914121E-01	-4.58924186E-01	5.23690633E-03	-5.15703022E-01
-3.97696614E-01	-2.54995182E-01	5.27102218E-03	-5.17755017E-01
-4.62690100E-01	7.49974561E-02	5.30549752E-03	-5.19820404E-01
-2.92160510E-01	3.61835324E-01	5.34033741E-03	-5.21899325E-01
2.37901500E-02	4.60809916E-01	5.37554698E-03	-5.23991923E-01
3.22758829E-01	3.24684783E-01	5.41113144E-03	-5.26098343E-01
4.53480726E-01	2.61177554E-02	5.44709613E-03	-5.28218732E-01
3.52322839E-01	-2.81033574E-01	5.48344644E-03	-5.30353241E-01
7.41699960E-02	-4.40958646E-01	5.52018790E-03	-5.32502020E-01
-2.37240136E-01	-3.74895495E-01	5.55732609E-03	-5.34665224E-01
-4.23553930E-01	-1.19849689E-01	5.59486674E-03	-5.36843008E-01
-3.92289643E-01	1.91965858E-01	5.63281565E-03	-5.39035531E-01
-1.62684292E-01	4.01625592E-01	5.67117875E-03	-5.41242954E-01
1.45797613E-01	4.04457565E-01	5.70996204E-03	-5.43465438E-01
3.75575602E-01	2.02249879E-01	5.74917168E-03	-5.45703150E-01
4.11415476E-01	-9.93148065E-02	5.78881390E-03	-5.47956258E-01
2.38174703E-01	-3.45842757E-01	5.82889507E-03	-5.50224930E-01
-5.30826859E-02	-4.13241354E-01	5.86942166E-03	-5.52509340E-01
-3.12896298E-01	-2.70142024E-01	5.91040028E-03	-5.54809663E-01
-4.10072100E-01	7.64601951E-03	5.95183764E-03	-5.57126077E-01
-2.97892197E-01	2.77229358E-01	5.99374060E-03	-5.59458762E-01
-3.64767789E-02	4.02100076E-01	6.03611612E-03	-5.61807902E-01
2.39352331E-01	3.21224004E-01	6.07897133E-03	-5.64173681E-01
3.89569096E-01	7.87990309E-02	6.12231345E-03	-5.66556289E-01
3.39995255E-01	-1.99786241E-01	6.16614986E-03	-5.68955918E-01
1.18870628E-01	-3.72769913E-01	6.21048810E-03	-5.71372762E-01
-1.59056181E-01	-3.54122661E-01	6.25533581E-03	-5.73807018E-01
-3.52035302E-01	-1.56282281E-01	6.30070081E-03	-5.76258886E-01
-3.63581007E-01	1.17684917E-01	6.34659105E-03	-5.78728570E-01
-1.90669147E-01	3.27734776E-01	6.39301466E-03	-5.81216277E-01
7.61867095E-02	3.68401661E-01	6.43997990E-03	-5.83722217E-01
3.00269035E-01	2.21713817E-01	6.48749520E-03	-5.86246602E-01
3.68670441E-01	-3.50614305E-02	6.53556916E-03	-5.88789649E-01
2.49148641E-01	-2.70064218E-01	6.58421055E-03	-5.91351578E-01
5.21096394E-03	-3.64524916E-01	6.63342831E-03	-5.93932612E-01
-2.37566014E-01	-2.72757387E-01	6.68323154E-03	-5.96532978E-01
-3.56151150E-01	-4.41755545E-02	6.73362955E-03	-5.99152906E-01
-2.92376239E-01	2.03233742E-01	6.78463182E-03	-6.01792630E-01
-8.14071211E-02	3.43779990E-01	6.83624801E-03	-6.04452388E-01
1.67534429E-01	3.07894129E-01	6.88848801E-03	-6.07132421E-01
3.27682912E-01	1.16514306E-01	6.94136186E-03	-6.09832976E-01
3.19252434E-01	-1.30936999E-01	6.99487984E-03	-6.12554300E-01
1.49143245E-01	-3.08167528E-01	7.04905242E-03	-6.15296649E-01
-9.39066068E-02	-3.26444056E-01	7.10389031E-03	-6.18060279E-01
-2.85572786E-01	-1.78980633E-01	7.15940440E-03	-6.20845452E-01
-3.29511915E-01	5.68991930E-02	7.21560584E-03	-6.23652435E-01
-2.05756219E-01	2.60263954E-01	7.27250599E-03	-6.26481497E-01
2.03563245E-02	3.28546883E-01	7.33011646E-03	-6.29332914E-01
2.32627438E-01	2.29244701E-01	7.38844908E-03	-6.32206966E-01
3.23685222E-01	1.52996410E-02	7.44751595E-03	-6.35103937E-01
2.49267030E-01	-2.03065514E-01	7.50732941E-03	-6.38024115E-01
4.96700074E-02	-3.15105546E-01	7.56790208E-03	-6.40967794E-01
-1.71991026E-01	-2.65691117E-01	7.62924683E-03	-6.43935274E-01
-3.03025381E-01	-8.23837737E-02	7.69137680E-03	-6.46926858E-01
-2.78431963E-01	1.39822124E-01	7.75430543E-03	-6.49942856E-01
-1.13101211E-01	2.87697359E-01	7.81804643E-03	-6.52983581E-01
1.06977110E-01	2.87451215E-01	7.88261383E-03	-6.56049354E-01
2.69405114E-01	1.41516956E-01	7.94802193E-03	-6.59140499E-01
2.92756184E-01	-7.38694250E-02	8.01428536E-03	-6.62257349E-01
1.67362597E-01	-2.48458933E-01	8.08141909E-03	-6.65400239E-01
-4.09028641E-02	-2.94398343E-01	8.14943837E-03	-6.68569513E-01
-2.25191225E-01	-1.90408738E-01	8.21835884E-03	-6.71765518E-01
-2.92471349E-01	8.46704729E-03	8.28819644E-03	-6.74988610E-01
-2.10466536E-01	1.99951863E-01	8.35896749E-03	-6.78239150E-01
-2.30667984E-02	2.87108616E-01	8.43068868E-03	-6.81517506E-01
1.73103461E-01	2.27388702E-01	8.50337706E-03	-6.84824051E-01
2.78480494E-01	5.33497065E-02	8.57705006E-03	-6.88159166E-01
2.41069976E-01	-1.45016648E-01	8.65172552E-03	-6.91523240E-01
8.20584536E-02	-2.66791089E-01	8.72742167E-03	-6.94916667E-01
-1.16065394E-01	-2.51447085E-01	8.80415719E-03	-6.98339848E-01
-2.52274779E-01	-1.08898625E-01	8.88195114E-03	-7.01793194E-01
-2.58498203E-01	8.66224301E-02	8.96082305E-03	-7.05277121E-01
-1.33607244E-01	2.35192477E-01	9.04079291E-03	-7.08792054E-01
5.70548377E-02	2.62241924E-01	9.12188115E-03	-7.12338425E-01
2.15827696E-01	1.55954940E-01	9.20410869E-03	-7.15916675E-01
2.62735799E-01	-2.77198348E-02	9.28749695E-03	-7.19527252E-01
1.75747653E-01	-1.94482457E-01	9.37206784E-03	-7.23170614E-01
1.03918837E-03	-2.60074435E-01	9.45784380E-03	-7.26847227E-01
-1.71473106E-01	-1.92827859E-01	9.54484780E-03	-7.30557565E-01
-2.54387221E-01	-2.88963454E-02	9.63310336E-03	-7.34302112E-01
-2.07075323E-01	1.47126098E-01	9.72263458E-03	-7.38081361E-01
-5.55466068E-02	2.45835708E-01	9.81346612E-03	-7.41895815E-01
1.21773775E-01	2.18407382E-01	9.90562326E-03	-7.45745986E-01
2.34610681E-01	8.07088009E-02	9.99913187E-03	-7.49632397E-01
2.26778774E-01	-9.57502142E-02	1.00940185E-02	-7.53555580E-01
1.04128235E-01	-2.20928976E-01	1.01903103E-02	-7.57516078E-01
-6.93871849E-02	-2.32181018E-01	1.02880351E-02	-7.61514444E-01
-2.05030083E-01	-1.25578924E-01	1.03872215E-02	-7.65551244E-01
-2.34641380E-01	4.30102515E-02	1.04878987E-02	-7.69627053E-01
-1.44865396E-01	1.87172582E-01	1.05900968E-02	-7.73742460E-01
1.69350755E-02	2.34221441E-01	1.06938464E-02	-7.77898063E-01
1.67630464E-01	1.61824092E-01	1.07991791E-02	-7.82094473E-01
2.31015301E-01	8.53605025E-03	1.09061273E-02	-7.86332316E-01
1.76324332E-01	-1.46689378E-01	1.10147241E-02	-7.90612227E-01
3.31174012E-02	-2.25147446E-01	1.11250035E-02	-7.94934857E-01
-1.24642860E-01	-1.88268856E-01	1.12370005E-02	-7.99300869E-01
-2.16770325E-01	-5.65427234E-02	1.13507509E-02	-8.03710940E-01
-1.97593957E-01	1.01788575E-01	1.14662913E-02	-8.08165761E-01
-7.85678131E-02	2.06061658E-01	1.15836596E-02	-8.12666038E-01
7.84246390E-02	2.04269202E-01	1.17028945E-02	-8.17212491E-01
1.93221534E-01	9.89727534E-02	1.18240357E-02	-8.21805857E-01
2.08296770E-01	-5.48460372E-02	1.19471240E-02	-8.26446887E-01
1.17563791E-01	-1.78469326E-01	1.20722014E-02	-8.31136350E-01
-3.13411974E-02	-2.09710413E-01	1.21993109E-02	-8.35875028E-01
-1.62040475E-01	-1.34174845E-01	1.23284967E-02	-8.40663725E-01
-2.08574078E-01	8.18874537E-03	1.24598043E-02	-8.45503258E-01
-1.48668630E-01	1.44183176E-01	1.25932803E-02	-8.50394464E-01
-1.43455214E-02	2.04980212E-01	1.27289727E-02	-8.55338200E-01
1.25155023E-01	1.60937413E-01	1.28669309E-02	-8.60335338E-01
1.99047768E-01	3.60114142E-02	1.30072054E-02	-8.65386772E-01
1.70903384E-01	-1.05219631E-01	1.31498485E-02	-8.70493417E-01
5.65768598E-02	-1.90919974E-01	1.32949137E-02	-8.75656207E-01
-8.46433093E-02	-1.78518659E-01	1.34424561E-02	-8.80876097E-01
-1.80761861E-01	-7.58301139E-02	1.35925323E-02	-8.86154064E-01
-1.83764929E-01	6.36917880E-02	1.37452008E-02	-8.91491108E-01
-9.35816631E-02	1.68757623E-01	1.39005215E-02	-8.96888253E-01
4.26270635E-02	1.86652764E-01	1.40585561E-02	-9.02346544E-01
1.55107818E-01	1.09665802E-01	1.42193683E-02	-9.07867052E-01
1.87220590E-01	-2.17043823E-02	1.43830234E-02	-9.13450874E-01
1.23941878E-01	-1.40026469E-01	1.45495888E-02	-9.19099131E-01
-1.16939900E-03	-1.85533375E-01	1.47191340E-02	-9.24812972E-01
-1.23738088E-01	-1.36295195E-01	1.48917302E-02	-9.30593573E-01
-1.81681026E-01	-1.87444626E-02	1.50674512E-02	-9.36442139E-01
-1.46637586E-01	1.06474669E-01	1.52463728E-02	-9.42359902E-01
-3.78184211E-02	1.75776544E-01	1.54285732E-02	-9.48348126E-01
8.84726831E-02	1.54907640E-01	1.56141329E-02	-9.54408106E-01
1.67953961E-01	5.58504990E-02	1.58031349E-02	-9.60541167E-01
1.61070615E-01	-6.99701146E-02	1.59956649E-02	-9.66748669E-01
7.26574171E-02	-1.58366088E-01	1.61918112E-02	-9.73032004E-01
-5.12035703E-02	-1.65118023E-01	1.63916649E-02	-9.79392601E-01
-1.47182106E-01	-8.80762066E-02	1.65953199E-02	-9.85831923E-01
-1.67066923E-01	3.24054940E-02	1.68028733E-02	-9.92351472E-01
-1.01965528E-01	1.34585038E-01	1.70144250E-02	-9.98952787E-01
1.38015173E-02	1.66958926E-01	1.72300785E-02	-1.00563745E+00
1.20769137E-01	1.14206694E-01	1.74499404E-02	-1.01240707E+00
1.64858936E-01	4.39202594E-03	1.76741209E-02	-1.01926333E+00
1.24704381E-01	-1.05937211E-01	1.79027338E-02	-1.02620791E+00
2.19703978E-02	-1.60853659E-01	1.81358965E-02	-1.03324258E+00
-9.02979417E-02	-1.33387053E-01	1.83737307E-02	-1.04036914E+00
-1.55049888E-01	-3.87425442E-02	1.86163619E-02	-1.04758942E+00
-1.40207079E-01	7.40632030E-02	1.88639199E-02	-1.05490532E+00
-5.45329553E-02	1.47572606E-01	1.91165390E-02	-1.06231879E+00
5.74454332E-02	1.45140557E-01	1.93743579E-02	-1.06983183E+00
1.38562933E-01	6.91832820E-02	1.96375204E-02	-1.07744650E+00
1.48186875E-01	-4.06550784E-02	1.99061751E-02	-1.08516490E+00
8.25536977E-02	-1.28175937E-01	2.01804758E-02	-1.09298921E+00
-2.38981381E-02	-1.49367991E-01	2.04605818E-02	-1.10092166E+00
-1.16578350E-01	-9.45239966E-02	2.07466579E-02	-1.10896454E+00
-1.48727475E-01	7.37384185E-03	2.10388751E-02	-1.11712022E+00
-1.04994424E-01	1.03946216E-01	2.13374103E-02	-1.12539111E+00
-8.72752307E-03	1.46329322E-01	2.16424468E-02	-1.13377973E+00
9.04624982E-02	1.13886233E-01	2.19541748E-02	-1.14228863E+00
1.42256551E-01	2.42266089E-02	2.22727913E-02	-1.15092047E+00
1.21141983E-01	-7.63146786E-02	2.25985007E-02	-1.15967798E+00
3.89568125E-02	-1.36609627E-01	2.29315151E-02	-1.16856394E+00
-6.16923773E-02	-1.26725557E-01	2.32720545E-02	-1.17758126E+00
-1.29504723E-01	-5.27658724E-02	2.36203473E-02	-1.18673291E+00
-1.30621943E-01	4.67850204E-02	2.39766305E-02	-1.19602196E+00
-6.55172447E-02	1.21071840E-01	2.43411504E-02	-1.20545157E+00
3.17795825E-02	1.32836756E-01	2.47141627E-02	-1.21502500E+00
1.11452832E-01	7.70912491E-02	2.50959332E-02	-1.22474560E+00
1.33395533E-01	-1.68584274E-02	2.54867382E-02	-1.23461685E+00
8.73859773E-02	-1.00799340E-01	2.58868649E-02	-1.24464232E+00
-2.19727172E-03	-1.32342814E-01	2.62966121E-02	-1.25482569E+00
-8.92706780E-02	-9.63179615E-02	2.67162906E-02	-1.26517078E+00
-1.29741019E-01	-1.20367096E-02	2.71462239E-02	-1.27568152E+00
-1.03822602E-01	7.70316923E-02	2.75867486E-02	-1.28636197E+00
-2.56866173E-02	1.25669152E-01	2.80382155E-02	-1.29721631E+00
6.42506202E-02	1.09854354E-01	2.85009898E-02	-1.30824888E+00
1.20221341E-01	3.86073848E-02	2.89754522E-02	-1.31946417E+00
1.14386685E-01	-5.10969742E-02	2.94619996E-02	-1.33086679E+00
5.06671460E-02	-1.13505247E-01	2.99610458E-02	-1.34246153E+00
-3.77394767E-02	-1.17411803E-01	3.04730224E-02	-1.35425335E+00
-1.05640362E-01	-6.17484032E-02	3.09983800E-02	-1.36624737E+00
-1.18940169E-01	2.43440684E-02	3.15375887E-02	-1.37844888E+00
-7.17489866E-02	9.67562057E-02	3.20911396E-02	-1.39086337E+00
1.10720106E-02	1.18999808E-01	3.26595459E-02	-1.40349653E+00
8.69904783E-02	8.05828015E-02	3.32433437E-02	-1.41635425E+00
1.17635431E-01	1.92189652E-03	3.38430935E-02	-1.42944262E+00
8.81803599E-02	-7.64871548E-02	3.44593818E-02	-1.44276796E+00
1.44909650E-02	-1.14907386E-01	3.50928222E-02	-1.45633683E+00
-6.53945729E-02	-9.44890976E-02	3.57440567E-02	-1.47015604E+00
-1.10890450E-01	-2.64981207E-02	3.64137581E-02	-1.48423263E+00
-9.94734787E-02	5.38635247E-02	3.71026311E-02	-1.49857392E+00
-3.78172441E-02	1.05672493E-01	3.78114141E-02	-1.51318752E+00
4.20453789E-02	1.03114894E-01	3.85408817E-02	-1.52808133E+00
9.93530182E-02	4.83343393E-02	3.92918465E-02	-1.54326354E+00
1.05411359E-01	-3.00902538E-02	4.00651612E-02	-1.55874269E+00
5.79485208E-02	-9.20416182E-02	4.08617214E-02	-1.57452765E+00
-1.81452621E-02	-1.06377025E-01	4.16824679E-02	-1.59062762E+00
-8.38563495E-02	-6.65728141E-02	4.25283895E-02	-1.60705222E+00
-1.06041510E-01	6.35284524E-03	4.34005262E-02	-1.62381143E+00
-7.41347649E-02	7.49220609E-02	4.42999722E-02	-1.64091565E+00
-5.15078384E-03	1.04449065E-01	4.52278793E-02	-1.65837573E+00
6.53686920E-02	8.05768555E-02	4.61854607E-02	-1.67620297E+00
1.01657597E-01	1.62370764E-02	4.71739950E-02	-1.69440914E+00
8.58567311E-02	-5.53295619E-02	4.81948304E-02	-1.71300653E+00
2.67864469E-02	-9.77375478E-02	4.92493890E-02	-1.73200798E+00
-4.49396723E-02	-8.99472360E-02	5.03391724E-02	-1.75142688E+00
-9.27706716E-02	-3.66894252E-02	5.14657664E-02	-1.77127721E+00
-9.28362688E-02	3.43340410E-02	5.26308473E-02	-1.79157361E+00
-4.58476518E-02	8.68487031E-02	5.38361877E-02	-1.81233137E+00
2.36460888E-02	9.45264613E-02	5.50836634E-02	-1.83356647E+00
8.00719547E-02	5.41747096E-02	5.63752609E-02	-1.85529567E+00
9.50346910E-02	-1.30060938E-02	5.77130849E-02	-1.87753651E+00
6.15967879E-02	-7.25478518E-02	5.90993671E-02	-1.90030736E+00
-2.53973168E-03	-9.43914394E-02	6.05364755E-02	-1.92362749E+00
-6.43894292E-02	-6.80531738E-02	6.20269248E-02	-1.94751711E+00
-9.26400064E-02	-7.63328366E-03	6.35733865E-02	-1.97199742E+00
-7.34965735E-02	5.57138065E-02	6.51787020E-02	-1.99709072E+00
-1.74004467E-02	8.98355970E-02	6.68458947E-02	-2.02282041E+00
4.66406619E-02	7.78932618E-02	6.85781848E-02	-2.04921110E+00
8.60442927E-02	2.66575816E-02	7.03790046E-02	-2.07628872E+00
8.12230660E-02	-3.72907235E-02	7.22520157E-02	-2.10408051E+00
3.53098302E-02	-8.13419258E-02	7.42011271E-02	-2.13261523E+00
-2.77842932E-02	-8.34791876E-02	7.62305163E-02	-2.16192316E+00
-7.58128713E-02	-4.32724966E-02	7.83446511E-02	-2.19203627E+00
-8.46678701E-02	1.82398226E-02	8.05483143E-02	-2.22298831E+00
-5.04717459E-02	6.95487748E-02	8.28466309E-02	-2.25481492E+00
8.77255456E-03	8.48079207E-02	8.52450978E-02	-2.28755382E+00
6.26472316E-02	5.68451502E-02	8.77496166E-02	-2.32124490E+00
8.39300974E-02	5.06754967E-04	9.03665296E-02	-2.35593041E+00
6.23420821E-02	-5.52104370E-02	9.31026607E-02	-2.39165515E+00
9.49302172E-03	-8.20763713E-02	9.59653589E-02	-2.42846664E+00
-4.73438226E-02	-6.69239548E-02	9.89625482E-02	-2.46641532E+00
-7.92990789E-02	-1.80879136E-02	1.02102782E-01	-2.50555481E+00
-7.05643107E-02	3.91546957E-02	1.05395305E-01	-2.54594216E+00
-2.62008170E-02	7.56599751E-02	1.08850120E-01	-2.58763810E+00
3.07508994E-02	7.32487625E-02	1.12478063E-01	-2.63070736E+00
7.12292050E-02	3.37496811E-02	1.16290892E-01	-2.67521901E+00
7.49747922E-02	-2.22395071E-02	1.20301378E-01	-2.72124681E+00
4.06617335E-02	-6.60842050E-02	1.24523412E-01	-2.76886964E+00
-1.37255663E-02	-7.57514135E-02	1.28972128E-01	-2.81817192E+00
-6.03085526E-02	-4.68740630E-02	1.33664038E-01	-2.86924413E+00
-7.55987079E-02	5.31090630E-03	1.38617181E-01	-2.92218337E+00
-5.23340666E-02	5.39907775E-02	1.43851301E-01	-2.97709392E+00
-2.90697951E-03	7.45472422E-02	1.49388041E-01	-3.03408799E+00
4.72231500E-02	5.69997592E-02	1.55251167E-01	-3.09328642E+00
7.26373790E-02	1.08359646E-02	1.61466824E-01	-3.15481957E+00
6.08399471E-02	-4.01004633E-02	1.68063822E-01	-3.21882826E+00
1.83902245E-02	-6.99184913E-02	1.75073976E-01	-3.28546481E+00
-3.27188219E-02	-6.38342669E-02	1.82532485E-01	-3.35489429E+00
-6.64480938E-02	-2.54910672E-02	1.90478375E-01	-3.42729581E+00
-6.59730940E-02	2.51744530E-02	1.98955004E-01	-3.50286412E+00
-3.20676533E-02	6.22909037E-02	2.08010659E-01	-3.58181127E+00
1.75625523E-02	6.72573255E-02	2.17699238E-01	-3.66436861E+00
5.75178445E-02	3.80576000E-02	2.28081052E-01	-3.75078902E+00
6.76980441E-02	-9.97617845E-03	2.39223759E-01	-3.84134949E+00
4.34074643E-02	-5.22050066E-02	2.51203467E-01	-3.93635398E+00
-2.50520711E-03	-6.73160706E-02	2.64106029E-01	-4.03613685E+00
-4.64325780E-02	-4.80731062E-02	2.78028576E-01	-4.14106668E+00
-6.61414138E-02	-4.76464503E-03	2.93081343E-01	-4.25155077E+00
-5.20199276E-02	4.02837592E-02	3.09389841E-01	-4.36804033E+00
-1.17527158E-02	6.42126279E-02	3.27097468E-01	-4.49103650E+00
3.38436757E-02	5.52229914E-02	3.46368650E-01	-4.62109745E+00
6.15760872E-02	1.83842054E-02	3.67392648E-01	-4.75884664E+00
5.76670203E-02	-2.71983014E-02	3.90388180E-01	-4.90498258E+00
2.45908889E-02	-5.82851902E-02	4.15609098E-01	-5.06029044E+00
-2.04334046E-02	-5.93462806E-02	4.43351357E-01	-5.22565572E+00
-5.43995043E-02	-3.03117280E-02	4.73961663E-01	-5.40208071E+00
-6.02643559E-02	1.36335292E-02	5.07848252E-01	-5.59070423E+00
-3.54933789E-02	4.99838628E-02	5.45494434E-01	-5.79282535E+00
6.88102265E-03	6.04338158E-02	5.87475731E-01	-6.00993238E+00
4.51074274E-02	4.00905913E-02	6.34481744E-01	-6.24373811E+00
5.98757881E-02	-2.55119406E-04	6.87344290E-01	-6.49622318E+00
4.40664989E-02	-3.98427278E-02	7.47073947E-01	-6.76968977E+00
6.16890967E-03	-5.86194411E-02	8.14907980E-01	-7.06682841E+00
-3.42646907E-02	-4.73928011E-02	8.92373882E-01	-7.39080185E+00
-5.67013868E-02	-1.23205342E-02	9.81374573E-01	-7.74535102E+00
-5.00498357E-02	2.84496702E-02	1.08430406E+00	-8.13493011E+00
-1.81346608E-02	5.41650129E-02	1.20420658E+00	-8.56487990E+00
2.24744911E-02	5.20265472E-02	1.34499882E+00	-9.04165226E+00
5.10597549E-02	2.35522426E-02	1.51178509E+00	-9.57310289E+00
5.33203527E-02	-1.64155164E-02	1.71131229E+00	-1.01688761E+01
2.85207980E-02	-4.74403180E-02	1.95263909E+00	-1.08409131E+01
-1.03477487E-02	-5.39369105E-02	2.24814106E+00	-1.16041268E+01
-4.33658605E-02	-3.29948350E-02	2.61505509E+00	-1.24772936E+01
-5.38897977E-02	4.34397590E-03	3.07791247E+00	-1.34842206E+01
-3.69361784E-02	3.88991492E-02	3.67247803E+00	-1.46552205E+01
-1.52602974E-03	5.32001030E-02	4.45231710E+00	-1.60288165E+01
3.41056972E-02	4.03142000E-02	5.50008680E+00	-1.76532206E+01
5.18959426E-02	7.19625271E-03	6.94755187E+00	-1.95859457E+01
4.31059511E-02	-2.90528967E-02	9.01198454E+00	-2.18862988E+01
1.26051068E-02	-5.00119064E-02	1.20628869E+01	-2.45843623E+01
-2.38091548E-02	-4.52961994E-02	1.67385047E+01	-2.75756272E+01
-4.75884448E-02	-1.76960340E-02	2.40996600E+01	-3.02894505E+01
-4.68773720E-02	1.84430451E-02	3.55180825E+01	-3.07669790E+01
-2.24180253E-02	4.46712037E-02	5.07008015E+01	-2.41142584E+01
1.30224826E-02	4.78494097E-02	6.17242630E+01	-5.24650171E+00
4.13103186E-02	2.67260582E-02	5.68592174E+01	1.73774093E+01
4.82195345E-02	-7.61393279E-03	4.18722207E+01	2.91530949E+01
3.05814500E-02	-3.75596764E-02	2.85016580E+01	3.09770511E+01
-2.28166192E-03	-4.80019389E-02	1.95321345E+01	2.88577907E+01
-3.34761555E-02	-3.39521238E-02	1.38469556E+01	2.58666562E+01
-4.72174001E-02	-2.91296297E-03	1.01888443E+01	2.30126146E+01
-3.68127879E-02	2.91188532E-02	7.75296019E+00	2.05388118E+01
-7.91211780E-03	4.58928283E-02	6.07064836E+00	1.84528343E+01
2.45483112E-02	3.91450276E-02	4.86906122E+00	1.67017367E+01
4.40607555E-02	1.26621029E-02	3.98506945E+00	1.52255105E+01
4.09373131E-02	-1.98257472E-02	3.31783471E+00	1.39716193E+01
1.71138572E-02	-4.17587725E-02	2.80290950E+00	1.28974555E+01
-1.50123025E-02	-4.21849243E-02	2.39780347E+00	1.19693472E+01
-3.90289237E-02	-2.12234012E-02	2.07370142E+00	1.11608551E+01
-4.28897963E-02	1.01683133E-02	1.81056117E+00	1.04511745E+01
-2.49522054E-02	3.59170664E-02	1.59412331E+00	9.82383585E+00
5.35261513E-03	4.30602909E-02	1.41403499E+00	9.26569904E+00
3.24722051E-02	2.82674820E-02	1.26264172E+00	8.76619124E+00
4.27108973E-02	-6.21885497E-04	1.13419074E+00	8.31673208E+00
3.11423994E-02	-2.87458085E-02	1.02429413E+00	7.91029951E+00
3.96996633E-03	-4.18618702E-02	9.29559901E-01	7.54110036E+00
-2.47911182E-02	-3.35562187E-02	8.47333797E-01	7.20431856E+00
-4.05388087E-02	-8.37235810E-03	7.75515589E-01	6.89592138E+00
-3.54943528E-02	2.06624572E-02	7.12426420E-01	6.61250898E+00
-1.25385362E-02	3.87721855E-02	6.56711636E-01	6.35119681E+00
1.64145480E-02	3.69483508E-02	6.07268698E-01	6.10952278E+00
3.65968319E-02	1.64260161E-02	5.63193074E-01	5.88537362E+00
3.79158092E-02	-1.21018454E-02	5.23737167E-01	5.67692584E+00
1.99969577E-02	-3.40513866E-02	4.88278822E-01	5.48259821E+00
-7.77789467E-03	-3.84002131E-02	4.56296954E-01	5.30101320E+00
-3.11777164E-02	-2.32184744E-02	4.27352508E-01	5.13096544E+00
-3.84107133E-02	3.49471933E-03	4.01073472E-01	4.97139587E+00
-2.60628725E-02	2.80203159E-02	3.77142978E-01	4.82137036E+00
-6.97753308E-04	3.79618409E-02	3.55289800E-01	4.68006191E+00
2.46256942E-02	2.85078220E-02	3.35280695E-01	4.54673583E+00
3.70731678E-02	4.75222406E-03	3.16914207E-01	4.42073729E+00
3.05364572E-02	-2.10417575E-02	3.00015613E-01	4.30148082E+00
8.62450587E-03	-3.57689163E-02	2.84432787E-01	4.18844139E+00
-1.73171924E-02	-3.21374092E-02	2.70032781E-01	4.08114685E+00
-3.40775266E-02	-1.22739556E-02	2.56699005E-01	3.97917149E+00
-3.33047724E-02	1.35008606E-02	2.44328867E-01	3.88213045E+00
-1.56638503E-02	3.20311857E-02	2.32831810E-01	3.78967500E+00
9.64120947E-03	3.40380053E-02	2.22127658E-01	3.70148839E+00
2.96653273E-02	1.87617044E-02	2.12145221E-01	3.61728227E+00
3.43417716E-02	-5.78570553E-03	2.02821115E-01	3.53679361E+00
2.15395277E-02	-2.70181077E-02	1.94098756E-01	3.45978198E+00
-1.98029780E-03	-3.42257235E-02	1.85927508E-01	3.38602718E+00
-2.41298659E-02	-2.39740199E-02	1.78261944E-01	3.31532716E+00
-3.37042315E-02	-1.73108451E-03	1.71061219E-01	3.24749621E+00
-2.60467049E-02	2.10425734E-02	1.64288528E-01	3.18236331E+00
-5.30699453E-03	3.27960676E-02	1.57910634E-01	3.11977076E+00
1.77992829E-02	2.77440015E-02	1.51897462E-01	3.05957287E+00
3.15240440E-02	8.70888623E-03	1.46221744E-01	3.00163486E+00
2.90572354E-02	-1.44435796E-02	1.40858715E-01	2.94583184E+00
1.19014855E-02	-2.99146159E-02	1.35785835E-01	2.89204795E+00
-1.10190443E-02	-2.99825901E-02	1.30982560E-01	2.84017555E+00
-2.79974530E-02	-1.48531103E-02	1.26430131E-01	2.79011448E+00
-3.05210027E-02	7.56873260E-03	1.22111393E-01	2.74177148E+00
-1.75359384E-02	2.58049846E-02	1.18010628E-01	2.69505953E+00
4.13467645E-03	3.06780060E-02	1.14113421E-01	2.64989741E+00
2.33719277E-02	1.99262206E-02	1.10406526E-01	2.60620918E+00
3.04635195E-02	-7.57413667E-04	1.06877759E-01	2.56392377E+00
2.20044381E-02	-2.07348006E-02	1.03515891E-01	2.52297461E+00
2.52445045E-03	-2.98915960E-02	1.00310568E-01	2.48329927E+00
-1.79314310E-02	-2.37554056E-02	9.72522238E-02	2.44483913E+00
-2.89801251E-02	-5.67464468E-03	9.43320122E-02	2.40753912E+00
-2.51683182E-02	1.50004637E-02	9.15417423E-02	2.37134744E+00
-8.65959316E-03	2.77505013E-02	8.88738211E-02	2.33621531E+00
1.19808730E-02	2.62367453E-02	8.63212021E-02	2.30209679E+00
2.62272596E-02	1.14487333E-02	8.38773385E-02	2.26894854E+00
2.69585723E-02	-8.91148711E-03	8.15361416E-02	2.23672966E+00
1.40147879E-02	-2.44376850E-02	7.92919425E-02	2.20540151E+00
-5.83052835E-03	-2.73358921E-02	7.71394584E-02	2.17492756E+00
-2.24114020E-02	-1.63339894E-02	7.50737610E-02	2.14527324E+00
-2.73748500E-02	2.77517531E-03	7.30902485E-02	2.11640584E+00
-1.83862555E-02	2.01799476E-02	7.11846200E-02	2.08829434E+00
-2.18849299E-04	2.70854453E-02	6.93528522E-02	2.06090935E+00
1.77763353E-02	2.01553153E-02	6.75911782E-02	2.03422297E+00
2.64812919E-02	3.11766051E-03	6.58960682E-02	2.00820871E+00
2.16287853E-02	-1.52346153E-02	6.42642118E-02	1.98284140E+00
5.88955925E-03	-2.55793448E-02	6.26925015E-02	1.95809712E+00
-1.25894351E-02	-2.27981982E-02	6.11780185E-02	1.93395310E+00
-2.43995929E-02	-8.50534355E-03	5.97180189E-02	1.91038767E+00
-2.36589818E-02	9.87560715E-03	5.83099212E-02	1.88738020E+00
-1.09385803E-02	2.29647275E-02	5.69512948E-02	1.86491101E+00
7.12768753E-03	2.42103942E-02	5.56398500E-02	1.84296134E+00
2.12997868E-02	1.31658356E-02	5.43734277E-02	1.82151331E+00
2.44554134E-02	-4.37957115E-03	5.31499911E-02	1.80054982E+00
1.51668619E-02	-1.94317840E-02	5.19676172E-02	1.78005456E+00
-1.66410693E-03	-2.44005872E-02	5.08244893E-02	1.76001194E+00
-1.73893242E-02	-1.69247416E-02	4.97188899E-02	1.74040703E+00
-2.40558443E-02	-9.87262377E-04	4.86491948E-02	1.72122559E+00
-1.84259862E-02	1.52022122E-02	4.76138662E-02	1.70245396E+00
-3.54483245E-03	2.34342713E-02	4.66114482E-02	1.68407907E+00
1.29010601E-02	1.96605913E-02	4.56405608E-02	1.66608840E+00
2.25518582E-02	5.98093867E-03	4.46998958E-02	1.64846995E+00
2.06220486E-02	-1.05168960E-02	4.37882122E-02	1.63121221E+00
8.27022362E-03	-2.14272179E-02	4.29043316E-02	1.61430416E+00
-8.08078046E-03	-2.13073155E-02	4.20471355E-02	1.59773519E+00
-2.00812825E-02	-1.03898688E-02	4.12155606E-02	1.58149514E+00
-2.17167442E-02	5.62343441E-03	4.04085961E-02	1.56557425E+00
-1.23197888E-02	1.85369815E-02	3.96252808E-02	1.54996312E+00
3.17488223E-03	2.18539727E-02	3.88646997E-02	1.53465275E+00
1.68189059E-02	1.40427868E-02	3.81259817E-02	1.51963445E+00
2.17257795E-02	-7.64114709E-04	3.74082971E-02	1.50489989E+00
1.55446708E-02	-1.49529628E-02	3.67108551E-02	1.49044104E+00
1.58122559E-03	-2.13419054E-02	3.60329016E-02	1.47625017E+00
-1.29660254E-02	-1.68143303E-02	3.53737176E-02	1.46231983E+00
-2.07148457E-02	-3.83513292E-03	3.47326167E-02	1.44864287E+00
-1.78437736E-02	1.08855817E-02	3.41089436E-02	1.43521236E+00
-5.97349855E-03	1.98596156E-02	3.35020725E-02	1.42202165E+00
8.73938714E-03	1.86281271E-02	3.29114054E-02	1.40906432E+00
1.87934926E-02	7.97434022E-03	3.23363706E-02	1.39633417E+00
1.91655971E-02	-6.55512441E-03	3.17764215E-02	1.38382522E+00
9.81799909E-03	-1.75357406E-02	3.12310352E-02	1.37153170E+00
-4.36007511E-03	-1.94573956E-02	3.06997111E-02	1.35944805E+00
-1.61073175E-02	-1.14873028E-02	3.01819700E-02	1.34756887E+00
-1.95076336E-02	2.18080593E-03	2.96773530E-02	1.33588898E+00
-1.29676938E-02	1.45305729E-02	2.91854203E-02	1.32440334E+00
4.28733752E-05	1.93231813E-02	2.87057505E-02	1.31310711E+00
1.28289378E-02	1.42473226E-02	2.82379395E-02	1.30199558E+00
1.89135017E-02	2.02945050E-03	2.77815996E-02	1.29106421E+00
1.53171052E-02	-1.10266111E-02	2.73363590E-02	1.28030861E+00
4.01342838E-03	-1.82904565E-02	2.69018607E-02	1.26972452E+00
-9.14824650E-03	-1.61707468E-02	2.64777620E-02	1.25930783E+00
-1.74680906E-02	-5.88808202E-03	2.60637337E-02	1.24905455E+00
-1.68047302E-02	7.21864415E-03	2.56594596E-02	1.23896082E+00
-7.63438848E-03	1.64623968E-02	2.52646357E-02	1.22902290E+00
5.26244945E-03	1.72182720E-02	2.48789699E-02	1.21923717E+00
1.52910640E-02	9.23544707E-03	2.45021813E-02	1.20960011E+00
1.74132478E-02	-3.30386337E-03	2.41339994E-02	1.20010832E+00
1.06766156E-02	-1.39732135E-02	2.37741644E-02	1.19075849E+00
-1.36636702E-03	-1.73940872E-02	2.34224257E-02	1.18154743E+00
-1.25291266E-02	-1.19456157E-02	2.30785424E-02	1.17247202E+00
-1.71676417E-02	-5.27536770E-04	2.27422825E-02	1.16352925E+00
-1.30326063E-02	1.09799658E-02	2.24134222E-02	1.15471619E+00
-2.35656210E-03	1.67430286E-02	2.20917462E-02	1.14603000E+00
9.34749479E-03	1.39302257E-02	2.17770467E-02	1.13746792E+00
1.61314511E-02	4.10085676E-03	2.14691235E-02	1.12902727E+00
1.46336032E-02	-7.65379988E-03	2.11677836E-02	1.12070546E+00
5.74219512E-03	-1.53460007E-02	2.08728406E-02	1.11249994E+00
-5.92101602E-03	-1.51403403E-02	2.05841149E-02	1.10440827E+00
-1.44014418E-02	-7.26414570E-03	2.03014329E-02	1.09642804E+00
-1.54504625E-02	4.17106067E-03	2.00246272E-02	1.08855695E+00
-8.65221196E-03	1.33139837E-02	1.97535362E-02	1.08079273E+00
2.42537870E-03	1.55663443E-02	1.94880036E-02	1.07313318E+00
1.21010421E-02	9.89394581E-03	1.92278786E-02	1.06557616E+00
1.54926083E-02	-7.04700655E-04	1.89730154E-02	1.05811961E+00
1.09790329E-02	-1.07809938E-02	1.87232731E-02	1.05076148E+00
9.71182901E-04	-1.52359999E-02	1.84785154E-02	1.04349983E+00
-9.37292736E-03	-1.18993501E-02	1.82386107E-02	1.03633271E+00
-1.48052419E-02	-2.58362880E-03	1.80034316E-02	1.02925828E+00
-1.26489946E-02	7.89639282E-03	1.77728547E-02	1.02227471E+00
-4.11532862E-03	1.42108682E-02	1.75467608E-02	1.01538022E+00
6.37115383E-03	1.32242857E-02	1.73250346E-02	1.00857310E+00
1.34650424E-02	5.55047424E-03	1.71075643E-02	1.00185167E+00
1.36237406E-02	-4.81694490E-03	1.68942417E-02	9.95214276E-01
6.87490037E-03	-1.25813620E-02	1.66849620E-02	9.88659334E-01
-3.25323639E-03	-1.38480236E-02	1.64796238E-02	9.82185284E-01
-1.15746514E-02	-8.07620303E-03	1.62781288E-02	9.75790608E-01
-1.38998717E-02	1.69901005E-03	1.60803817E-02	9.69473826E-01
-9.14383332E-03	1.04607468E-02	1.58862902E-02	9.63233494E-01
1.72547224E-04	1.37839984E-02	1.56957647E-02	9.57068206E-01
9.25627583E-03	1.00691661E-02	1.55087185E-02	9.50976586E-01
1.35069758E-02	1.30876793E-03	1.53250675E-02	9.44957294E-01
1.08455436E-02	-7.97843412E-03	1.51447299E-02	9.39009024E-01
2.72862846E-03	-1.30770984E-02	1.49676266E-02	9.33130497E-01
-6.64476240E-03	-1.14682942E-02	1.47936808E-02	9.27320467E-01
-1.25042313E-02	-4.07196622E-03	1.46228179E-02	9.21577718E-01
-1.19347266E-02	5.27292612E-03	1.44549655E-02	9.15901062E-01
-5.32509358E-03	1.17996430E-02	1.42900534E-02	9.10289337E-01
3.88050047E-03	1.22441010E-02	1.41280132E-02	9.04741411E-01
1.09758279E-02	6.47582437E-03	1.39687789E-02	8.99256176E-01
1.23975776E-02	-2.48476317E-03	1.38122858E-02	8.93832551E-01
7.51357303E-03	-1.00463189E-02	1.36584717E-02	8.88469478E-01
-1.10249714E-03	-1.23981435E-02	1.35072756E-02	8.83165924E-01
-9.02549348E-03	-8.42943166E-03	1.33586386E-02	8.77920880E-01
-1.22505213E-02	-2.50194738E-04	1.32125033E-02	8.72733359E-01
-9.21622457E-03	7.92837570E-03	1.30688138E-02	8.67602396E-01
-1.55806105E-03	1.19610583E-02	1.29275160E-02	8.62527048E-01
6.77043680E-03	9.86854044E-03	1.27885571E-02	8.57506391E-01
1.15376007E-02	2.80685779E-03	1.26518858E-02	8.52539523E-01
1.03827425E-02	-5.56739641E-03	1.25174522E-02	8.47625562E-01
3.98348741E-03	-1.09893532E-02	1.23852077E-02	8.42763645E-01
-4.33502698E-03	-1.07569570E-02	1.22551051E-02	8.37952926E-01
-1.03267276E-02	-5.07611994E-03	1.21270985E-02	8.33192579E-01
-1.09910411E-02	3.08896368E-03	1.20011430E-02	8.28481795E-01
-6.07429510E-03	9.56118027E-03	1.18771952E-02	8.23819783E-01
1.84452178E-03	1.10865313E-02	1.17552126E-02	8.19205766E-01
8.70504346E-03	6.96900500E-03	1.16351540E-02	8.14638988E-01
1.10465727E-02	-6.16523503E-04	1.15169791E-02	8.10118704E-01
7.75275686E-03	-7.77135059E-03	1.14006488E-02	8.05644189E-01
5.80863862E-04	-1.08758319E-02	1.12861248E-02	8.01214728E-01
-6.77365889E-03	-8.41961570E-03	1.11733701E-02	7.96829626E-01
-1.05803942E-02	-1.73427702E-03	1.10623484E-02	7.92488199E-01
-8.96522709E-03	5.72587112E-03	1.09530245E-02	7.88189777E-01
-2.83129149E-03	1.01676470E-02	1.08453638E-02	7.83933705E-01
4.64205880E-03	9.38682028E-03	1.07393329E-02	7.79719341E-01
9.64615120E-03	3.86054111E-03	1.06348991E-02	7.75546054E-01
9.68319239E-03	-3.53628874E-03	1.05320304E-02	7.71413228E-01
4.81182106E-03	-9.02550247E-03	1.04306959E-02	7.67320259E-01
-2.42245516E-03	-9.85467424E-03	1.03308652E-02	7.63266554E-01
-8.31618480E-03	-5.67617398E-03	1.02325086E-02	7.59251531E-01
-9.90307901E-03	1.31411890E-03	1.01355974E-02	7.55274622E-01
-6.44595841E-03	7.52941758E-03	1.00401035E-02	7.51335267E-01
2.24355706E-04	9.83163469E-03	9.94599923E-03	7.47432919E-01
6.67699881E-03	7.11489939E-03	9.85325793E-03	7.43567041E-01
9.64490173E-03	8.34385039E-04	9.76185341E-03	7.39737106E-01
7.67812122E-03	-5.77114624E-03	9.67176013E-03	7.35942598E-01
1.85040973E-03	-9.34867741E-03	9.58295315E-03	7.32183010E-01
-4.82433831E-03	-8.13216247E-03	9.49540815E-03	7.28457844E-01
-8.94988820E-03	-2.81289694E-03	9.40910135E-03	7.24766613E-01
-8.47497355E-03	3.84915701E-03	9.32400954E-03	7.21108838E-01
-3.71199972E-03	8.45647214E-03	9.24011006E-03	7.17484050E-01
2.85813428E-03	8.70589761E-03	9.15738077E-03	7.13891787E-01
7.87725264E-03	4.53893318E-03	9.07580002E-03	7.10331597E-01
8.82563524E-03	-1.86360382E-03	8.99534670E-03	7.06803035E-01
5.28604665E-03	-7.22180565E-03	8.91600015E-03	7.03305667E-01
-8.77559776E-04	-8.83619419E-03	8.83774020E-03	6.99839064E-01
-6.50032199E-03	-5.94687997E-03	8.76054712E-03	6.96402806E-01
-8.74082491E-03	-8.84760677E-05	8.68440164E-03	6.92996479E-01
-6.51620395E-03	5.72346649E-03	8.60928492E-03	6.89619680E-01
-1.02357739E-03	8.54394325E-03	8.53517855E-03	6.86272010E-01
4.90223589E-03	6.99004472E-03	8.46206450E-03	6.82953078E-01
8.25104168E-03	1.91752548E-03	8.38992518E-03	6.79662501E-01
7.36569247E-03	-4.04781715E-03	8.31874336E-03	6.76399901E-01
2.76090951E-03	-7.86859036E-03	8.24850220E-03	6.73164909E-01
-3.17144791E-03	-7.64169470E-03	8.17918523E-03	6.69957159E-01
-7.40392951E-03	-3.54521399E-03	8.11077633E-03	6.66776295E-01
-7.81783467E-03	2.28428055E-03	8.04325975E-03	6.63621965E-01
-4.26289285E-03	6.86515487E-03	7.97662005E-03	6.60493825E-01
1.39725161E-03	7.89509583E-03	7.91084215E-03	6.57391534E-01
6.26099751E-03	4.90742966E-03	7.84591129E-03	6.54314759E-01
7.87561292E-03	-5.20957714E-04	7.78181300E-03	6.51263173E-01
5.47338364E-03	-5.60069986E-03	7.71853314E-03	6.48236452E-01
3.34460522E-04	-7.76261083E-03	7.65605786E-03	6.45234282E-01
-4.89388945E-03	-5.95642144E-03	7.59437362E-03	6.42256349E-01
-7.56033238E-03	-1.15942560E-03	7.53346714E-03	6.39302349E-01
-6.35333463E-03	4.15045191E-03	7.47332543E-03	6.36371980E-01
-1.94502017E-03	7.27395611E-03	7.41393576E-03	6.33464945E-01
3.38040490E-03	6.66204333E-03	7.35528568E-03	6.30580954E-01
6.90950544E-03	2.68307320E-03	7.29736298E-03	6.27719721E-01
6.88158610E-03	-2.59377423E-03	7.24015572E-03	6.24880964E-01
3.36623453E-03	-6.47375060E-03	7.18365218E-03	6.22064406E-01
-1.80047385E-03	-7.01209686E-03	7.12784090E-03	6.19269774E-01
-5.97410458E-03	-3.98803735E-03	7.07271065E-03	6.16496801E-01
-7.05476942E-03	1.01019080E-03	7.01825041E-03	6.13745222E-01
-4.54294814E-03	5.41851465E-03	6.96444940E-03	6.11014780E-01
2.32276452E-04	7.01181041E-03	6.91129704E-03	6.08305217E-01
4.81535090E-03	5.02640395E-03	6.85878299E-03	6.05616283E-01
6.88638162E-03	5.24354832E-04	6.80689708E-03	6.02947731E-01
5.43483691E-03	-4.17329311E-03	6.75562937E-03	6.00299318E-01
1.25131876E-03	-6.68253264E-03	6.70497009E-03	5.97670804E-01
-3.50121744E-03	-5.76568609E-03	6.65490969E-03	5.95061953E-01
-6.40512503E-03	-1.94084491E-03	6.60543879E-03	5.92472534E-01
-6.01739699E-03	2.80808426E-03	6.55654820E-03	5.89902318E-01
-2.58585057E-03	6.05974907E-03	6.50822890E-03	5.87351081E-01
2.10282849E-03	6.18940895E-03	6.46047204E-03	5.84818601E-01
5.65263448E-03	3.18000418E-03	6.41326897E-03	5.82304660E-01
6.28213115E-03	-1.39425359E-03	6.36661118E-03	5.79809044E-01
3.71777772E-03	-5.19055612E-03	6.32049032E-03	5.77331542E-01
-6.90930415E-04	-6.29690770E-03	6.27489822E-03	5.74871945E-01
-4.68073619E-03	-4.19448793E-03	6.22982685E-03	5.72430049E-01
-6.23597267E-03	1.10198736E-06	6.18526833E-03	5.70005652E-01
-4.60632617E-03	4.13074411E-03	6.14121495E-03	5.67598555E-01
-6.67404891E-04	6.10239588E-03	6.09765911E-03	5.65208563E-01
3.54839528E-03	4.95037689E-03	6.05459337E-03	5.62835483E-01
5.90002035E-03	1.30726029E-03	6.01201045E-03	5.60479125E-01
5.22462481E-03	-2.94165008E-03	5.96990317E-03	5.58139302E-01
1.91170341E-03	-5.63339244E-03	5.92826450E-03	5.55815829E-01
-2.31851428E-03	-5.42795124E-03	5.88708754E-03	5.53508525E-01
-5.30768580E-03	-2.47460572E-03	5.84636551E-03	5.51217211E-01
-5.56011963E-03	1.68694190E-03	5.80609175E-03	5.48941711E-01
-2.99052473E-03	4.92862014E-03	5.76625975E-03	5.46681851E-01
1.05474182E-03	5.62175118E-03	5.72686308E-03	5.44437460E-01
4.50237594E-03	3.45474775E-03	5.68789546E-03	5.42208369E-01
5.61429086E-03	-4.29488900E-04	5.64935069E-03	5.39994412E-01
3.86332566E-03	-4.03550638E-03	5.61122270E-03	5.37795424E-01
1.81559304E-04	-5.53996468E-03	5.57350554E-03	5.35611245E-01
-3.53484749E-03	-4.21309651E-03	5.53619334E-03	5.33441715E-01
-5.40172891E-03	-7.71539447E-04	5.49928036E-03	5.31286677E-01
-4.50169892E-03	3.00742766E-03	5.46276093E-03	5.29145977E-01
-1.33405224E-03	5.20321218E-03	5.42662953E-03	5.27019461E-01
2.46037778E-03	4.72757559E-03	5.39088067E-03	5.24906980E-01
4.94865131E-03	1.86322457E-03	5.35550902E-03	5.22808385E-01
4.88996701E-03	-1.90084275E-03	5.32050931E-03	5.20723530E-01
2.35376342E-03	-4.64282188E-03	5.28587636E-03	5.18652270E-01
-1.33589575E-03	-4.98889590E-03	5.25160509E-03	5.16594464E-01
-4.29096448E-03	-2.80100118E-03	5.21769051E-03	5.14549971E-01
-5.02514267E-03	7.72455849E-04	5.18412770E-03	5.12518653E-01
-3.20093210E-03	3.89870771E-03	5.15091185E-03	5.10500374E-01
2.17210128E-04	5.00021276E-03	5.11803821E-03	5.08494999E-01
3.47198888E-03	3.55023967E-03	5.08550211E-03	5.06502395E-01
4.91629615E-03	3.23459076E-04	5.05329899E-03	5.04522431E-01
3.84631496E-03	-3.01697357E-03	5.02142432E-03	5.02554979E-01
8.43541021E-04	-4.77622004E-03	4.98987369E-03	5.00599910E-01
-2.53997482E-03	-4.08726590E-03	4.95864274E-03	4.98657100E-01
-4.58339536E-03	-1.33745691E-03	4.92772719E-03	4.96726425E-01
-4.27191776E-03	2.04737316E-03	4.89712283E-03	4.94807761E-01
-1.80011317E-03	4.34175796E-03	4.86682551E-03	4.92900988E-01
1.54553823E-03	4.39980494E-03	4.83683118E-03	4.91005988E-01
4.05570531E-03	2.22694739E-03	4.80713582E-03	4.89122643E-01
4.47115466E-03	-1.04075306E-03	4.77773550E-03	4.87250836E-01
2.61396633E-03	-3.73002970E-03	4.74862635E-03	4.85390453E-01
-5.39141594E-04	-4.48686276E-03	4.71980455E-03	4.83541382E-01
-3.36984872E-03	-2.95777610E-03	4.69126636E-03	4.81703511E-01
-4.44846240E-03	4.66004514E-05	4.66300810E-03	4.79876729E-01
-3.25560419E-03	2.98053408E-03	4.63502613E-03	4.78060929E-01
-4.31264512E-04	4.35808593E-03	4.60731689E-03	4.76256004E-01
2.56763953E-03	3.50531333E-03	4.57987687E-03	4.74461846E-01
4.21842094E-03	8.89196215E-04	4.55270261E-03	4.72678352E-01
3.70540744E-03	-2.13682885E-03	4.52579073E-03	4.70905419E-01
1.32233838E-03	-4.03266095E-03	4.49913786E-03	4.69142945E-01
-1.69380479E-03	-3.85502968E-03	4.47274072E-03	4.67390830E-01
-3.80445158E-03	-1.72628120E-03	4.44659608E-03	4.65648974E-01
-3.95395286E-03	1.24423966E-03	4.42070074E-03	4.63917279E-01
-2.09710020E-03	3.53783305E-03	4.39505157E-03	4.62195649E-01
7.93708530E-04	4.00256275E-03	4.36964548E-03	4.60483988E-01
3.23717960E-03	2.43138815E-03	4.34447942E-03	4.58782201E-01
4.00183448E-03	-3.47625599E-04	4.31955042E-03	4.57090197E-01
2.72627977E-03	-2.90713699E-03	4.29485551E-03	4.55407881E-01
8.88155544E-05	-3.95330267E-03	4.27039181E-03	4.53735165E-01
-2.55255849E-03	-2.97946924E-03	4.24615645E-03	4.52071958E-01
-3.85902577E-03	-5.10697204E-04	4.22214662E-03	4.50418171E-01
-3.18922044E-03	2.17844053E-03	4.19835957E-03	4.48773718E-01
-9.13427718E-04	3.72154526E-03	4.17479255E-03	4.47138510E-01
1.78985850E-03	3.35437004E-03	4.15144289E-03	4.45512464E-01
3.54384038E-03	1.29278635E-03	4.12830795E-03	4.43895495E-01
3.47432378E-03	-1.39190371E-03	4.10538511E-03	4.42287519E-01
1.64496220E-03	-3.32927890E-03	4.08267183E-03	4.40688454E-01
-9.89622010E-04	-3.54904586E-03	4.06016557E-03	4.39098219E-01
-3.08156496E-03	-1.96658710E-03	4.03786384E-03	4.37516734E-01
-3.57904220E-03	5.87954894E-04	4.01576421E-03	4.35943918E-01
-2.25476217E-03	2.80468432E-03	3.99386424E-03	4.34379694E-01
1.91683698E-04	3.56533756E-03	3.97216158E-03	4.32823984E-01
2.50284804E-03	2.50707794E-03	3.95065387E-03	4.31276712E-01
3.50944729E-03	1.94622611E-04	3.92933881E-03	4.29737802E-01
2.72162802E-03	-2.18043520E-03	3.90821412E-03	4.28207178E-01
5.66655461E-04	-3.41334404E-03	3.88727757E-03	4.26684768E-01
-1.84193534E-03	-2.89701630E-03	3.86652696E-03	4.25170498E-01
-3.27942004E-03	-9.20410117E-04	3.84596010E-03	4.23664296E-01
-3.03235791E-03	1.49189143E-03	3.82557486E-03	4.22166091E-01
-1.25222415E-03	3.11044551E-03	3.80536912E-03	4.20675811E-01
1.13484387E-03	3.12727391E-03	3.78534080E-03	4.19193388E-01
2.90952390E-03	1.55881060E-03	3.76548786E-03	4.17718753E-01
3.18188023E-03	-7.75276376E-04	3.74580827E-03	4.16251837E-01
1.83728567E-03	-2.68004449E-03	3.72630005E-03	4.14792574E-01
-4.17564071E-04	-3.19677094E-03	3.70696122E-03	4.13340896E-01
-2.42563301E-03	-2.08519072E-03	3.68778986E-03	4.11896738E-01
-3.17299639E-03	6.59246169E-05	3.66878405E-03	4.10460034E-01
-2.30050847E-03	2.15010103E-03	3.64994192E-03	4.09030722E-01
-2.75627350E-04	3.11203653E-03	3.63126161E-03	4.07608736E-01
1.85739466E-03	2.48167351E-03	3.61274130E-03	4.06194015E-01
3.01576995E-03	6.03321910E-04	3.59437919E-03	4.04786495E-01
2.62757699E-03	-1.55154319E-03	3.57617350E-03	4.03386116E-01
9.13671351E-04	-2.88643909E-03	3.55812247E-03	4.01992818E-01
-1.23660841E-03	-2.73756575E-03	3.54022439E-03	4.00606539E-01
-2.72661218E-03	-1.20350312E-03	3.52247755E-03	3.99227220E-01
-2.81143609E-03	9.16635053E-04	3.50488026E-03	3.97854803E-01
-1.46998798E-03	2.53914249E-03	3.48743089E-03	3.96489230E-01
5.95602955E-04	2.84942221E-03	3.47012778E-03	3.95130443E-01
2.32712540E-03	1.71066323E-03	3.45296935E-03	3.93778386E-01
2.85217998E-03	-2.77381529E-04	3.43595398E-03	3.92433001E-01
1.92345079E-03	-2.09385392E-03	3.41908013E-03	3.91094235E-01
3.43130776E-05	-2.82076594E-03	3.40234624E-03	3.89762031E-01
-1.84277324E-03	-2.10667011E-03	3.38575080E-03	3.88436335E-01
-2.75661239E-03	-3.35957649E-04	3.36929229E-03	3.87117094E-01
-2.25904601E-03	1.57743482E-03	3.35296924E-03	3.85804254E-01
-6.24258044E-04	2.66149858E-03	3.33678019E-03	3.84497764E-01
1.30145070E-03	2.37971135E-03	3.32072368E-03	3.83197569E-01
2.53751874E-03	8.96181477E-04	3.30479831E-03	3.81903621E-01
2.46820479E-03	-1.01844841E-03	3.28900267E-03	3.80615866E-01
1.14898468E-03	-2.38704732E-03	3.27333536E-03	3.79334256E-01
-7.32027183E-04	-2.52446374E-03	3.25779503E-03	3.78058739E-01
-2.21270192E-03	-1.38023774E-03	3.24238033E-03	3.76789267E-01
-2.54881278E-03	4.45715786E-04	3.22708992E-03	3.75525792E-01
-1.58784343E-03	2.01730453E-03	3.21192249E-03	3.74268264E-01
1.62932540E-04	2.54194781E-03	3.19687675E-03	3.73016635E-01
1.80384142E-03	1.77005200E-03	3.18195142E-03	3.71770860E-01
2.50491624E-03	1.13052119E-04	3.16714524E-03	3.70530890E-01
1.92547135E-03	-1.57542243E-03	3.15245696E-03	3.69296680E-01
3.79150152E-04	-2.43909363E-03	3.13788536E-03	3.68068184E-01
-1.33523996E-03	-2.05307258E-03	3.12342921E-03	3.66845356E-01
-2.34615705E-03	-6.32487181E-04	3.10908733E-03	3.65628152E-01
-2.15219107E-03	1.08652825E-03	3.09485854E-03	3.64416527E-01
-8.70430234E-04	2.22805577E-03	3.08074166E-03	3.63210438E-01
8.32523451E-04	2.22252315E-03	3.06673555E-03	3.62009840E-01
2.08697950E-03	1.09061174E-03	3.05283907E-03	3.60814691E-01
2.26411857E-03	-5.76424885E-04	3.03905110E-03	3.59624948E-01
1.29094963E-03	-1.92532481E-03	3.02537053E-03	3.58440569E-01
-3.21357952E-04	-2.27736899E-03	3.01179627E-03	3.57261512E-01
-1.74566007E-03	-1.46966337E-03	2.99832724E-03	3.56087737E-01
-2.26299268E-03	7.03390597E-05	2.98496237E-03	3.54919201E-01
-1.62528592E-03	1.55068949E-03	2.97170062E-03	3.53755865E-01
-1.73757052E-04	2.22201589E-03	2.95854095E-03	3.52597689E-01
1.34321653E-03	1.75667160E-03	2.94548232E-03	3.51444633E-01
2.15575102E-03	4.08227286E-04	2.93252373E-03	3.50296657E-01
1.86299979E-03	-1.12610737E-03	2.91966417E-03	3.49153723E-01
6.30567186E-04	-2.06577210E-03	2.90690267E-03	3.48015792E-01
-9.02254724E-04	-1.94377473E-03	2.89423824E-03	3.46882827E-01
-1.95388790E-03	-8.38494721E-04	2.88166992E-03	3.45754789E-01
-1.99882137E-03	6.74542417E-04	2.86919677E-03	3.44631641E-01
-1.02997068E-03	1.82211302E-03	2.85681784E-03	3.43513346E-01
4.45811218E-04	2.02827757E-03	2.84453220E-03	3.42399868E-01
1.67263747E-03	1.20321554E-03	2.83233895E-03	3.41291170E-01
2.03258274E-03	-2.18826215E-04	2.82023717E-03	3.40187216E-01
1.35672268E-03	-1.50779510E-03	2.80822597E-03	3.39087972E-01
3.75389363E-06	-2.01246329E-03	2.79630447E-03	3.37993400E-01
-1.33003118E-03	-1.48926797E-03	2.78447180E-03	3.36903468E-01
-1.96891507E-03	-2.19405276E-04	2.77272709E-03	3.35818140E-01
-1.59991567E-03	1.14186982E-03	2.76106951E-03	3.34737382E-01
-4.25764965E-04	1.90318311E-03	2.74949819E-03	3.33661160E-01
9.45881301E-04	1.68802065E-03	2.73801233E-03	3.32589441E-01
1.81673907E-03	6.20654116E-04	2.72661109E-03	3.31522191E-01
1.75322716E-03	-7.44649973E-04	2.71529366E-03	3.30459378E-01
8.02098359E-04	-1.71125662E-03	2.70405925E-03	3.29400968E-01
-5.40742904E-04	-1.79546411E-03	2.69290707E-03	3.28346931E-01
-1.58858520E-03	-9.68345065E-04	2.68183633E-03	3.27297233E-01
-1.81493712E-03	3.36679747E-04	2.67084626E-03	3.26251844E-01
-1.11787744E-03	1.45072247E-03	2.65993609E-03	3.25210731E-01
1.34904097E-04	1.81211749E-03	2.64910509E-03	3.24173864E-01
1.29978586E-03	1.24942534E-03	2.63835249E-03	3.23141211E-01
1.78772839E-03	6.22433655E-05	2.62767757E-03	3.22112744E-01
1.36197286E-03	-1.13798356E-03	2.61707959E-03	3.21088430E-01
2.52549663E-04	-1.74272838E-03	2.60655784E-03	3.20068241E-01
-9.67585340E-04	-1.45476257E-03	2.59611161E-03	3.19052147E-01
-1.67829270E-03	-4.33952018E-04	2.58574019E-03	3.18040118E-01
-1.52729660E-03	7.90893472E-04	2.57544289E-03	3.17032125E-01
-6.04557862E-04	1.59579252E-03	2.56521903E-03	3.16028139E-01
6.10214258E-04	1.57933455E-03	2.55506793E-03	3.15028133E-01
1.49677250E-03	7.62662188E-04	2.54498892E-03	3.14032077E-01
1.61088841E-03	-4.27830322E-04	2.53498133E-03	3.13039944E-01
9.06762128E-04	-1.38292694E-03	2.52504452E-03	3.12051706E-01
-2.45974062E-04	-1.62221460E-03	2.51517783E-03	3.11067335E-01
-1.25607494E-03	-1.03556866E-03	2.50538062E-03	3.10086804E-01
-1.61380336E-03	6.68025299E-05	2.49565227E-03	3.09110087E-01
-1.14801540E-03	1.11813477E-03	2.48599215E-03	3.08137155E-01
-1.07626021E-04	1.58636562E-03	2.47639964E-03	3.07167983E-01
9.71097881E-04	1.24326446E-03	2.46687412E-03	3.06202545E-01
1.54081776E-03	2.75373677E-04	2.45741501E-03	3.05240815E-01
1.32070940E-03	-8.17002863E-04	2.44802169E-03	3.04282765E-01
4.34642304E-04	-1.47826422E-03	2.43869358E-03	3.03328372E-01
-6.57909599E-04	-1.37997531E-03	2.42943010E-03	3.02377610E-01
-1.39997851E-03	-5.83790714E-04	2.42023067E-03	3.01430453E-01
-1.42091613E-03	4.95874002E-04	2.41109472E-03	3.00486877E-01
-7.21349421E-04	1.30738280E-03	2.40202168E-03	2.99546857E-01
3.32923565E-04	1.44360934E-03	2.39301100E-03	2.98610368E-01
1.20202627E-03	8.46032898E-04	2.38406212E-03	2.97677387E-01
1.44834807E-03	-1.71034008E-04	2.37517450E-03	2.96747889E-01
9.56749247E-04	-1.08556270E-03	2.36634761E-03	2.95821850E-01
-1.21072686E-05	-1.43563098E-03	2.35758090E-03	2.94899247E-01
-9.59727471E-04	-1.05260726E-03	2.34887385E-03	2.93980057E-01
-1.40614992E-03	-1.42048947E-04	2.34022594E-03	2.93064255E-01
-1.13292088E-03	8.26314279E-04	2.33163666E-03	2.92151820E-01
-2.89739852E-04	1.36077569E-03	2.32310549E-03	2.91242729E-01
6.87151923E-04	1.19721101E-03	2.31463192E-03	2.90336958E-01
1.30054210E-03	4.29400345E-04	2.30621547E-03	2.89434486E-01
1.24520489E-03	-5.44081342E-04	2.29785563E-03	2.88535290E-01
5.59609698E-04	-1.22662856E-03	2.28955192E-03	2.87639348E-01
-3.98933252E-04	-1.27683294E-03	2.28130386E-03	2.86746638E-01
-1.14034151E-03	-6.79104077E-04	2.27311096E-03	2.85857139E-01
-1.29222334E-03	2.53506574E-04	2.26497276E-03	2.84970830E-01
-7.86786787E-04	1.04309484E-03	2.25688878E-03	2.84087688E-01
1.09547925E-04	1.29169435E-03	2.24885858E-03	2.83207694E-01
9.36389710E-04	8.81736214E-04	2.24088168E-03	2.82330825E-01
1.27574463E-03	3.12676443E-05	2.23295763E-03	2.81457062E-01
9.63211424E-04	-8.21793883E-04	2.22508600E-03	2.80586383E-01
1.67354449E-04	-1.24504172E-03	2.21726633E-03	2.79718769E-01
-7.00920940E-04	-1.03065543E-03	2.20949819E-03	2.78854199E-01
-1.20040885E-03	-2.97232360E-04	2.20178115E-03	2.77992653E-01
-1.08369616E-03	5.75409572E-04	2.19411477E-03	2.77134112E-01
-4.19541227E-04	1.14281023E-03	2.18649864E-03	2.76278555E-01
4.46903225E-04	1.12214517E-03	2.17893232E-03	2.75425962E-01
1.07333523E-03	5.33053425E-04	2.17141542E-03	2.74576316E-01
1.14599425E-03	-3.17030311E-04	2.16394751E-03	2.73729596E-01
6.36684426E-04	-9.93181452E-04	2.15652819E-03	2.72885783E-01
-1.87385210E-04	-1.15540992E-03	2.14915706E-03	2.72044858E-01
-9.03637090E-04	-7.29501333E-04	2.14183372E-03	2.71206804E-01
-1.15072603E-03	5.95102707E-05	2.13455777E-03	2.70371600E-01
-8.10729341E-04	8.06062719E-04	2.12732884E-03	2.69539229E-01
-6.51210166E-05	1.13243464E-03	2.12014652E-03	2.68709673E-01
7.01872802E-04	8.79756108E-04	2.11301044E-03	2.67882912E-01
1.10117519E-03	1.85119497E-04	2.10592022E-03	2.67058930E-01
9.36134048E-04	-5.92517119E-04	2.09887549E-03	2.66237709E-01
2.99194346E-04	-1.05772234E-03	2.09187588E-03	2.65419230E-01
-4.79462348E-04	-9.79580583E-04	2.08492102E-03	2.64603476E-01
-1.00297250E-03	-4.06165454E-04	2.07801055E-03	2.63790430E-01
-1.00997642E-03	3.64174015E-04	2.07114411E-03	2.62980075E-01
-5.04974107E-04	9.37929377E-04	2.06432135E-03	2.62172393E-01
2.48099013E-04	1.02736192E-03	2.05754191E-03	2.61367368E-01
8.63688653E-04	5.94691884E-04	2.05080545E-03	2.60564982E-01
1.03193169E-03	-1.32648890E-04	2.04411162E-03	2.59765218E-01
6.74527724E-04	-7.81422040E-04	2.03746008E-03	2.58968062E-01
-1.91840666E-05	-1.02402748E-03	2.03085050E-03	2.58173494E-01
-6.92360931E-04	-7.43833130E-04	2.02428254E-03	2.57381501E-01
-1.00412953E-03	-9.10008343E-05	2.01775586E-03	2.56592064E-01
-8.02105511E-04	5.97779835E-04	2.01127016E-03	2.55805169E-01
-1.96690429E-04	9.72846593E-04	2.00482509E-03	2.55020800E-01
4.98979814E-04	8.48989677E-04	1.99842034E-03	2.54238939E-01
9.30904635E-04	2.96760647E-04	1.99205560E-03	2.53459573E-01
8.84277523E-04	-3.97272113E-04	1.98573054E-03	2.52682684E-01
3.90189339E-04	-8.79134564E-04	1.97944486E-03	2.51908259E-01
-2.93962171E-04	-9.07905969E-04	1.97319825E-03	2.51136281E-01
-8.18459048E-04	-4.76065340E-04	1.96699040E-03	2.50366735E-01
-9.19953227E-04	1.90334201E-04	1.96082102E-03	2.49599606E-01
-5.53595932E-04	7.49878644E-04	1.95468980E-03	2.48834880E-01
8.76365030E-05	9.20633498E-04	1.94859645E-03	2.48072541E-01
6.74457439E-04	6.22112645E-04	1.94254067E-03	2.47312575E-01
9.10290206E-04	1.29323519E-05	1.93652218E-03	2.46554966E-01
6.81075412E-04	-5.93308363E-04	1.93054069E-03	2.45799701E-01
1.10236301E-04	-8.89387895E-04	1.92459591E-03	2.45046766E-01
-5.07578382E-04	-7.30075046E-04	1.91868756E-03	2.44296145E-01
-8.58502936E-04	-2.03213437E-04	1.91281537E-03	2.43547825E-01
-7.68834088E-04	4.18433734E-04	1.90697905E-03	2.42801791E-01
-2.90886405E-04	8.18313173E-04	1.90117834E-03	2.42058030E-01
3.27045396E-04	7.97206042E-04	1.89541296E-03	2.41316528E-01
7.69586692E-04	3.72371466E-04	1.88968264E-03	2.40577271E-01
8.15173082E-04	-2.34574946E-04	1.88398713E-03	2.39840246E-01
4.46886168E-04	-7.13169845E-04	1.87832615E-03	2.39105438E-01
-1.42160970E-04	-8.22842282E-04	1.87269945E-03	2.38372834E-01
-6.49974715E-04	-5.13755557E-04	1.86710676E-03	2.37642422E-01
-8.20440475E-04	5.09061627E-05	1.86154785E-03	2.36914188E-01
-5.72416928E-04	5.80966185E-04	1.85602244E-03	2.36188118E-01
-3.81347363E-05	8.08307836E-04	1.85053029E-03	2.35464200E-01
5.07148774E-04	6.22423069E-04	1.84507115E-03	2.34742421E-01
7.86890313E-04	1.23966067E-04	1.83964478E-03	2.34022767E-01
6.63444041E-04	-4.29553403E-04	1.83425093E-03	2.33305227E-01
2.05661319E-04	-7.56731028E-04	1.82888936E-03	2.32589787E-01
-3.49224261E-04	-6.95267490E-04	1.82355984E-03	2.31876435E-01
-7.18460777E-04	-2.82372070E-04	1.81826212E-03	2.31165159E-01
-7.17797550E-04	2.67205912E-04	1.81299597E-03	2.30455945E-01
-3.53335705E-04	6.72787781E-04	1.80776117E-03	2.29748783E-01
1.84530804E-04	7.31052385E-04	1.80255747E-03	2.29043659E-01
6.20486829E-04	4.17881878E-04	1.79738466E-03	2.28340561E-01
7.35160447E-04	-1.02207302E-04	1.79224250E-03	2.27639478E-01
4.75437674E-04	-5.62387957E-04	1.78713078E-03	2.26940398E-01
-2.12083834E-05	-7.30355528E-04	1.78204927E-03	2.26243308E-01
-4.99364824E-04	-5.25531436E-04	1.77699776E-03	2.25548197E-01
-7.16970707E-04	-5.75388976E-05	1.77197602E-03	2.24855054E-01
-5.67795274E-04	4.32322917E-04	1.76698384E-03	2.24163866E-01
-1.33163067E-04	6.95431304E-04	1.76202100E-03	2.23474622E-01
3.62187746E-04	6.01966252E-04	1.75708731E-03	2.22787311E-01
6.66246937E-04	2.04856927E-04	1.75218254E-03	2.22101922E-01
6.27886284E-04	-2.89893167E-04	1.74730649E-03	2.21418442E-01
2.71885218E-04	-6.30002831E-04	1.74245895E-03	2.20736862E-01
-2.16369960E-04	-6.45500781E-04	1.73763973E-03	2.20057170E-01
-5.87350480E-04	-3.33591176E-04	1.73284861E-03	2.19379354E-01
-6.54856101E-04	1.42534802E-04	1.72808541E-03	2.18703404E-01
-3.89401958E-04	5.38997817E-04	1.72334991E-03	2.18029310E-01
6.92797480E-05	6.56095874E-04	1.71864193E-03	2.17357059E-01
4.85699001E-04	4.38832892E-04	1.71396128E-03	2.16686642E-01
6.49456279E-04	2.53766974E-06	1.70930775E-03	2.16018049E-01
4.81490539E-04	-4.28243982E-04	1.70468116E-03	2.15351267E-01
7.21036212E-05	-6.35260355E-04	1.70008131E-03	2.14686288E-01
-3.67447948E-04	-5.17074577E-04	1.69550803E-03	2.14023100E-01
-6.13911457E-04	-1.38656354E-04	1.69096113E-03	2.13361693E-01
-5.45378511E-04	3.04140804E-04	1.68644041E-03	2.12702057E-01
-2.01493684E-04	5.85885950E-04	1.68194571E-03	2.12044181E-01
2.39156799E-04	5.66289234E-04	1.67747683E-03	2.11388056E-01
5.51725260E-04	2.59979551E-04	1.67303361E-03	2.10733672E-01
5.79785496E-04	-1.73324420E-04	1.66861585E-03	2.10081018E-01
3.13549566E-04	-5.12027389E-04	1.66422340E-03	2.09430085E-01
-1.07456670E-04	-5.85935314E-04	1.65985606E-03	2.08780863E-01
-4.67438019E-04	-3.61715548E-04	1.65551368E-03	2.08133342E-01
-5.84892398E-04	4.23418313E-05	1.65119607E-03	2.07487512E-01
-4.04068998E-04	4.18641321E-04	1.64690308E-03	2.06843363E-01
-2.12651923E-05	5.76891668E-04	1.64263452E-03	2.06200887E-01
3.66350589E-04	4.40283515E-04	1.63839024E-03	2.05560073E-01
5.62243927E-04	8.26508639E-05	1.63417007E-03	2.04920912E-01
4.70116161E-04	-3.11298813E-04	1.62997384E-03	2.04283395E-01
1.41150262E-04	-5.41329808E-04	1.62580140E-03	2.03647512E-01
-2.54229312E-04	-4.93407780E-04	1.62165258E-03	2.03013255E-01
-5.14593060E-04	-1.96153524E-04	1.61752722E-03	2.02380613E-01
-5.10082312E-04	1.95886528E-04	1.61342516E-03	2.01749578E-01
-2.47111430E-04	4.82533294E-04	1.60934626E-03	2.01120141E-01
1.37007098E-04	5.20145129E-04	1.60529035E-03	2.00492293E-01
4.45698286E-04	2.93540095E-04	1.60125728E-03	1.99866024E-01
5.23680454E-04	-7.83112892E-05	1.59724689E-03	1.99241327E-01
3.35024725E-04	-4.04675939E-04	1.59325904E-03	1.98618191E-01
-2.04948983E-05	-5.20847915E-04	1.58929358E-03	1.97996609E-01
-3.60086017E-04	-3.71222444E-04	1.58535036E-03	1.97376571E-01
-5.11878308E-04	-3.57783074E-05	1.58142922E-03	1.96758069E-01
-4.01864162E-04	3.12571752E-04	1.57753003E-03	1.96141094E-01
-8.98835314E-05	4.97068633E-04	1.57365264E-03	1.95525639E-01
2.62791432E-04	4.26755513E-04	1.56979691E-03	1.94911693E-01
4.76776500E-04	1.41241211E-04	1.56596269E-03	1.94299249E-01
4.45776864E-04	-2.11410066E-04	1.56214984E-03	1.93688299E-01
1.89322543E-04	-4.51413981E-04	1.55835823E-03	1.93078834E-01
-1.59091232E-04	-4.58882436E-04	1.55458771E-03	1.92470846E-01
-4.21440997E-04	-2.33654236E-04	1.55083815E-03	1.91864326E-01
-4.66098563E-04	1.06489187E-04	1.54710941E-03	1.91259267E-01
-2.73822446E-04	3.87358349E-04	1.54340136E-03	1.90655660E-01
5.42413402E-05	4.67521153E-04	1.53971386E-03	1.90053498E-01
3.49700461E-04	3.09475890E-04	1.53604678E-03	1.89452772E-01
4.63312383E-04	-2.96115202E-06	1.53239999E-03	1.88853474E-01
3.40328101E-04	-3.09027956E-04	1.52877335E-03	1.88255597E-01
4.67684532E-05	-4.53696716E-04	1.52516674E-03	1.87659133E-01
-2.65920150E-04	-3.66158855E-04	1.52158004E-03	1.87064073E-01
-4.38956294E-04	-9.44011110E-05	1.51801310E-03	1.86470411E-01
-3.86814749E-04	2.20967542E-04	1.51446582E-03	1.85878138E-01
-1.39432415E-04	4.19425774E-04	1.51093805E-03	1.85287247E-01
1.74764418E-04	4.02208968E-04	1.50742968E-03	1.84697729E-01
3.95486713E-04	1.81404648E-04	1.50394059E-03	1.84109579E-01
4.12320268E-04	-1.27901628E-04	1.50047065E-03	1.83522788E-01
2.19910809E-04	-3.67561553E-04	1.49701974E-03	1.82937348E-01
-8.09596342E-05	-4.17191196E-04	1.49358775E-03	1.82353252E-01
-3.36107309E-04	-2.54597905E-04	1.49017455E-03	1.81770494E-01
-4.16925610E-04	3.45018908E-05	1.48678002E-03	1.81189064E-01
-2.85169505E-04	3.01609038E-04	1.48340405E-03	1.80608958E-01
-1.09313609E-05	4.11685546E-04	1.48004653E-03	1.80030166E-01
2.64573174E-04	3.11387528E-04	1.47670733E-03	1.79452682E-01
4.01687475E-04	5.48288312E-05	1.47338635E-03	1.78876499E-01
3.33073288E-04	-2.25520816E-04	1.47008347E-03	1.78301609E-01
9.67133980E-05	-3.87198038E-04	1.46679858E-03	1.77728006E-01
-1.84981046E-04	-3.50107789E-04	1.46353156E-03	1.77155683E-01
-3.68529307E-04	-1.36146751E-04	1.46028231E-03	1.76584632E-01
-3.62431303E-04	1.43484357E-04	1.45705073E-03	1.76014847E-01
-1.72733432E-04	3.46033647E-04	1.45383669E-03	1.75446321E-01
1.01556273E-04	3.70042251E-04	1.45064009E-03	1.74879047E-01
3.20098263E-04	2.06124232E-04	1.44746083E-03	1.74313018E-01
3.72995423E-04	-5.97112199E-05	1.44429880E-03	1.73748228E-01
2.36018937E-04	-2.91139491E-04	1.44115389E-03	1.73184669E-01
-1.84467221E-05	-3.71399579E-04	1.43802600E-03	1.72622335E-01
-2.59596926E-04	-2.62168401E-04	1.43491503E-03	1.72061220E-01
-3.65414480E-04	-2.17620224E-05	1.43182088E-03	1.71501317E-01
-2.84375941E-04	2.25927443E-04	1.42874344E-03	1.70942619E-01
-6.04671292E-05	3.55247404E-04	1.42568262E-03	1.70385120E-01
1.90599208E-04	3.02498069E-04	1.42263831E-03	1.69828813E-01
3.41149197E-04	9.72525361E-05	1.41961041E-03	1.69273692E-01
3.16444558E-04	-1.54085732E-04	1.41659883E-03	1.68719751E-01
1.31737991E-04	-3.23409926E-04	1.41360346E-03	1.68166982E-01
-1.16860045E-04	-3.26177875E-04	1.41062422E-03	1.67615381E-01
-3.02354204E-04	-1.63582489E-04	1.40766101E-03	1.67064940E-01
-3.31712001E-04	7.93890597E-05	1.40471372E-03	1.66515654E-01
-1.92487134E-04	2.78336239E-04	1.40178228E-03	1.65967516E-01
4.21281794E-05	3.33110668E-04	1.39886657E-03	1.65420519E-01
2.51734685E-04	2.18197407E-04	1.39596652E-03	1.64874659E-01
3.30485060E-04	-5.51621225E-06	1.39308202E-03	1.64329928E-01
2.40504839E-04	-2.22947361E-04	1.39021299E-03	1.63786321E-01
3.00293599E-05	-3.23991016E-04	1.38735934E-03	1.63243831E-01
-1.92385908E-04	-2.59248074E-04	1.38452098E-03	1.62702453E-01
-3.13825789E-04	-6.41167119E-05	1.38169781E-03	1.62162181E-01
-2.74313343E-04	1.60470436E-04	1.37888975E-03	1.61623009E-01
-9.63835635E-05	3.00224405E-04	1.37609671E-03	1.61084931E-01
1.27624243E-04	2.85634352E-04	1.37331861E-03	1.60547940E-01
2.83455685E-04	1.26500596E-04	1.37055535E-03	1.60012032E-01
2.93191602E-04	-9.42686622E-05	1.36780686E-03	1.59477201E-01
1.54174369E-04	-2.63817993E-04	1.36507304E-03	1.58943440E-01
-6.08180799E-05	-2.97011182E-04	1.36235382E-03	1.58410744E-01
-2.41634748E-04	-1.79149716E-04	1.35964910E-03	1.57879107E-01
-2.97163040E-04	2.76752039E-05	1.35695882E-03	1.57348524E-01
-2.01211611E-04	2.17249791E-04	1.35428287E-03	1.56818989E-01
-4.77339079E-06	2.93758795E-04	1.35162119E-03	1.56290497E-01
1.91022642E-04	2.20186498E-04	1.34897369E-03	1.55763041E-01
2.86949113E-04	3.61613821E-05	1.34634029E-03	1.55236617E-01
2.35943081E-04	-1.63323716E-04	1.34372092E-03	1.54711219E-01
6.61464531E-05	-2.76920699E-04	1.34111548E-03	1.54186841E-01
-1.34529563E-04	-2.48392587E-04	1.33852391E-03	1.53663478E-01
-2.63892950E-04	-9.44136399E-05	1.33594612E-03	1.53141124E-01
-2.57488511E-04	1.05018176E-04	1.33338205E-03	1.52619775E-01
-1.20678250E-04	2.48114323E-04	1.33083160E-03	1.52099425E-01
7.51644288E-05	2.63225865E-04	1.32829471E-03	1.51580069E-01
2.29858468E-04	1.44688330E-04	1.32577130E-03	1.51061700E-01
2.65639956E-04	-4.53356925E-05	1.32326130E-03	1.50544315E-01
1.66226661E-04	-2.09420175E-04	1.32076463E-03	1.50027907E-01
-1.58876780E-05	-2.64804711E-04	1.31828121E-03	1.49512473E-01
-1.87111201E-04	-1.85112282E-04	1.31581098E-03	1.48998005E-01
-2.60830608E-04	-1.28394550E-05	1.31335386E-03	1.48484500E-01
-2.01201534E-04	1.63256017E-04	1.31090978E-03	1.47971952E-01
-4.05246827E-05	2.53862218E-04	1.30847867E-03	1.47460357E-01
1.38187537E-04	2.14388617E-04	1.30606046E-03	1.46949708E-01
2.44075427E-04	6.68693615E-05	1.30365507E-03	1.46440002E-01
2.24605690E-04	-1.12242880E-04	1.30126244E-03	1.45931232E-01
9.16001052E-05	-2.31674364E-04	1.29888250E-03	1.45423395E-01
-8.57592096E-05	-2.31822502E-04	1.29651518E-03	1.44916485E-01
-2.16888087E-04	-1.14471271E-04	1.29416041E-03	1.44410497E-01
-2.36045597E-04	5.90697034E-05	1.29181812E-03	1.43905426E-01
-1.35267036E-04	1.99967076E-04	1.28948825E-03	1.43401268E-01
3.24996948E-05	2.37317092E-04	1.28717073E-03	1.42898017E-01
1.81179577E-04	1.53803058E-04	1.28486549E-03	1.42395670E-01
2.35713078E-04	-6.36302706E-06	1.28257247E-03	1.41894220E-01
1.69927700E-04	-1.60807845E-04	1.28029161E-03	1.41393664E-01
1.90413417E-05	-2.31341657E-04	1.27802283E-03	1.40893996E-01
-1.39144342E-04	-1.83522833E-04	1.27576607E-03	1.40395213E-01
-2.24340661E-04	-4.34324513E-05	1.27352128E-03	1.39897308E-01
-1.94504215E-04	1.16487920E-04	1.27128838E-03	1.39400278E-01
-6.65501401E-05	2.14875084E-04	1.26906732E-03	1.38904117E-01
9.31400539E-05	2.02821441E-04	1.26685803E-03	1.38408822E-01
2.03134276E-04	8.81575119E-05	1.26466045E-03	1.37914388E-01
2.08457510E-04	-6.94011609E-05	1.26247452E-03	1.37420810E-01
1.08043046E-04	-1.89328917E-04	1.26030018E-03	1.36928083E-01
-4.55670384E-05	-2.11427985E-04	1.25813736E-03	1.36436204E-01
-1.73687848E-04	-1.26022343E-04	1.25598602E-03	1.35945167E-01
-2.11779808E-04	2.19254740E-05	1.25384608E-03	1.35454968E-01
-1.41939487E-04	1.56454769E-04	1.25171750E-03	1.34965603E-01
-1.24694615E-06	2.09589761E-04	1.24960020E-03	1.34477067E-01
1.37884871E-04	1.55668027E-04	1.24749414E-03	1.33989356E-01
2.04962632E-04	2.36877974E-05	1.24539926E-03	1.33502465E-01
1.67111583E-04	-1.18241427E-04	1.24331550E-03	1.33016391E-01
4.51515137E-05	-1.98029093E-04	1.24124279E-03	1.32531128E-01
-9.77924004E-05	-1.76204061E-04	1.23918109E-03	1.32046672E-01
-1.88943339E-04	-6.54118021E-05	1.23713035E-03	1.31563020E-01
-1.82909510E-04	7.68070918E-05	1.23509049E-03	1.31080167E-01
-8.42637500E-05	1.77880517E-04	1.23306148E-03	1.30598109E-01
5.55528835E-05	1.87221617E-04	1.23104325E-03	1.30116841E-01
1.65033984E-04	1.01525614E-04	1.22903575E-03	1.29636359E-01
1.89162869E-04	-3.42921018E-05	1.22703893E-03	1.29156659E-01
1.17040274E-04	-1.50612436E-04	1.22505273E-03	1.28677737E-01
-1.32790383E-05	-1.88783390E-04	1.22307710E-03	1.28199589E-01
-1.34836937E-04	-1.30676350E-04	1.22111199E-03	1.27722211E-01
-1.86159491E-04	-7.24284035E-06	1.21915734E-03	1.27245598E-01
-1.42328978E-04	1.17937895E-04	1.21721311E-03	1.26769746E-01
-2.70434676E-05	1.81391943E-04	1.21527924E-03	1.26294652E-01
1.00152019E-04	1.51920240E-04	1.21335568E-03	1.25820312E-01
1.74604023E-04	4.59085120E-05	1.21144237E-03	1.25346720E-01
1.59399263E-04	-8.17192968E-05	1.20953928E-03	1.24873875E-01
6.36414523E-05	-1.65939337E-04	1.20764635E-03	1.24401770E-01
-6.28800235E-05	-1.64741992E-04	1.20576353E-03	1.23930403E-01
-1.55559482E-04	-8.00653742E-05	1.20389077E-03	1.23459769E-01
-1.67950645E-04	4.38719220E-05	1.20202803E-03	1.22989865E-01
-9.50244800E-05	1.43641554E-04	1.20017524E-03	1.22520687E-01
2.49273799E-05	1.69052879E-04	1.19833238E-03	1.22052230E-01
1.30375553E-04	1.08385296E-04	1.19649938E-03	1.21584492E-01
1.68100665E-04	-6.27083853E-06	1.19467620E-03	1.21117467E-01
1.20037578E-04	-1.15961715E-04	1.19286279E-03	1.20651153E-01
1.18836442E-05	-1.65168925E-04	1.19105911E-03	1.20185545E-01
-1.00607798E-04	-1.29894909E-04	1.18926511E-03	1.19720640E-01
-1.60353916E-04	-2.93346311E-05	1.18748075E-03	1.19256433E-01
-1.37894999E-04	8.45263737E-05	1.18570598E-03	1.18792922E-01
-4.58953222E-05	1.53771428E-04	1.18394075E-03	1.18330102E-01
6.79321311E-05	1.43999676E-04	1.18218501E-03	1.17867970E-01
1.45554793E-04	6.13953342E-05	1.18043873E-03	1.17406522E-01
1.48194606E-04	-5.10392485E-05	1.17870187E-03	1.16945754E-01
7.56822311E-05	-1.35852748E-04	1.17697436E-03	1.16485662E-01
-3.40588502E-05	-1.50488717E-04	1.17525618E-03	1.16026244E-01
-1.24827182E-04	-8.86227876E-05	1.17354728E-03	1.15567495E-01
-1.50913382E-04	1.71965758E-05	1.17184761E-03	1.15109412E-01
-1.00103990E-04	1.12650796E-04	1.17015714E-03	1.14651990E-01
6.50293714E-07	1.49521341E-04	1.16847581E-03	1.14195228E-01
9.95047027E-05	1.10033760E-04	1.16680360E-03	1.13739120E-01
1.46385417E-04	1.53920238E-05	1.16514045E-03	1.13283664E-01
1.18341409E-04	-8.55760015E-05	1.16348632E-03	1.12828855E-01
3.07542406E-05	-1.41597023E-04	1.16184118E-03	1.12374691E-01
-7.10553597E-05	-1.24977820E-04	1.16020498E-03	1.11921168E-01
-1.35264491E-04	-4.52737962E-05	1.15857769E-03	1.11468282E-01
-1.29915369E-04	5.61346206E-05	1.15695926E-03	1.11016030E-01
-5.88032286E-05	1.27511257E-04	1.15534965E-03	1.10564409E-01
4.10044769E-05	1.33147588E-04	1.15374882E-03	1.10113415E-01
1.18473922E-04	7.12114689E-05	1.15215674E-03	1.09663044E-01
1.34688591E-04	-2.58522261E-05	1.15057336E-03	1.09213293E-01
8.23849014E-05	-1.08300202E-04	1.14899864E-03	1.08764159E-01
-1.08596366E-05	-1.34572265E-04	1.14743256E-03	1.08315639E-01
-9.71468316E-05	-9.22281820E-05	1.14587506E-03	1.07867729E-01
-1.32851260E-04	-3.79905242E-06	1.14432611E-03	1.07420425E-01
-1.00664811E-04	8.51774025E-05	1.14278568E-03	1.06973725E-01
-1.79589810E-05	1.29595771E-04	1.14125372E-03	1.06527625E-01
7.25602006E-05	1.07637468E-04	1.13973020E-03	1.06082121E-01
1.24892162E-04	3.14663492E-05	1.13821508E-03	1.05637211E-01
1.13108097E-04	-5.94660482E-05	1.13670833E-03	1.05192892E-01
4.41799115E-05	-1.18841434E-04	1.13520991E-03	1.04749159E-01
-4.60661857E-05	-1.17057774E-04	1.13371978E-03	1.04306010E-01
-1.11557562E-04	-5.59722785E-05	1.13223790E-03	1.03863441E-01
-1.19486336E-04	3.25302097E-05	1.13076425E-03	1.03421450E-01
-6.67310096E-05	1.03165734E-04	1.12929878E-03	1.02980032E-01
1.90240988E-05	1.20411803E-04	1.12784147E-03	1.02539186E-01
9.38005076E-05	7.63594945E-05	1.12639227E-03	1.02098907E-01
1.19869601E-04	-5.70834158E-06	1.12495116E-03	1.01659192E-01
8.47776186E-05	-8.36039116E-05	1.12351809E-03	1.01220039E-01
7.26381234E-06	-1.17911602E-04	1.12209304E-03	1.00781444E-01
-7.27235180E-05	-9.19222102E-05	1.12067596E-03	1.00343405E-01
-1.14604994E-04	-1.97479589E-05	1.11926684E-03	9.99059170E-02
-9.77472712E-05	6.13105073E-05	1.11786563E-03	9.94689781E-02
-3.16099925E-05	1.10031003E-04	1.11647230E-03	9.90325851E-02
4.95177491E-05	1.02223996E-04	1.11508681E-03	9.85967347E-02
1.04283489E-04	4.27273900E-05	1.11370914E-03	9.81614240E-02
1.05340584E-04	-3.74979241E-05	1.11233926E-03	9.77266500E-02
5.29903168E-05	-9.74674367E-05	1.11097713E-03	9.72924095E-02
-2.54017040E-05	-1.07101854E-04	1.10962271E-03	9.68586996E-02
-8.96973512E-05	-6.23025471E-05	1.10827599E-03	9.64255172E-02
-1.07528675E-04	1.33760139E-05	1.10693692E-03	9.59928594E-02
-7.05821925E-05	8.10955993E-05	1.10560547E-03	9.55607232E-02
1.56239210E-06	1.06657215E-04	1.10428162E-03	9.51291056E-02
7.17907024E-05	7.77622383E-05	1.10296534E-03	9.46980036E-02
1.04538044E-04	9.90453535E-06	1.10165659E-03	9.42674143E-02
8.37908835E-05	-6.19156100E-05	1.10035534E-03	9.38373348E-02
