jMRUI Data Textfile

Filename: /Users/kayigwe/Desktop/TE26_BASISSET/converter/sample_basis_sets/JMRUI/NAA.txt

PointsInDataset: 2048
DatasetsInFile: 1
SamplingInterval: 2.500000E-01
ZeroOrderPhase: 0.000000E+00
BeginTime: 0.000000E+00
TransmitterFrequency: 1.232618E+08
MagneticField: 2.895033E+00
TypeOfNucleus: 0.000000E+00
NameOfPatient: NAA
DateOfExperiment: 20260523
Spectrometer: Unknown
AdditionalInfo: Converted by basis_set_converter


Signal and FFT
sig(real)	sig(imag)	fft(real)	fft(imag)
Signal 1 out of 1 in file
5.31216097E+01	-4.41340276E+00	1.40047045E-02	-2.08948739E-05
4.63119505E+01	-2.03608597E+01	1.40011434E-02	-4.31149144E-05
2.83232056E+01	-3.20769523E+01	1.39975843E-02	-6.53245203E-05
3.70627246E+00	-3.74327932E+01	1.39940271E-02	-8.75238161E-05
-2.12979399E+01	-3.54872414E+01	1.39904718E-02	-1.09712926E-04
-4.04464053E+01	-2.66356320E+01	1.39869183E-02	-1.31891975E-04
-4.91626052E+01	-1.25624011E+01	1.39833668E-02	-1.54061086E-04
-4.57129042E+01	4.01245058E+00	1.39798170E-02	-1.76220384E-04
-3.15684808E+01	1.97875331E+01	1.39762692E-02	-1.98369991E-04
-1.08745935E+01	3.14943516E+01	1.39727231E-02	-2.20510032E-04
1.07899080E+01	3.65808750E+01	1.39691787E-02	-2.42640630E-04
2.79814061E+01	3.38251103E+01	1.39656362E-02	-2.64761907E-04
3.68295020E+01	2.37168017E+01	1.39620954E-02	-2.86873987E-04
3.59468459E+01	8.46906042E+00	1.39585563E-02	-3.08976992E-04
2.65897874E+01	-8.40197585E+00	1.39550189E-02	-3.31071045E-04
1.20801445E+01	-2.28763198E+01	1.39514832E-02	-3.53156268E-04
-3.28863784E+00	-3.14335889E+01	1.39479492E-02	-3.75232783E-04
-1.55064632E+01	-3.19996659E+01	1.39444168E-02	-3.97300712E-04
-2.18927208E+01	-2.45596131E+01	1.39408860E-02	-4.19360177E-04
-2.16593712E+01	-1.12304869E+01	1.39373569E-02	-4.41411300E-04
-1.58850005E+01	4.26768660E+00	1.39338293E-02	-4.63454202E-04
-6.97641733E+00	1.76255613E+01	1.39303032E-02	-4.85489005E-04
2.16607933E+00	2.51679185E+01	1.39267788E-02	-5.07515829E-04
9.00519435E+00	2.49294736E+01	1.39232558E-02	-5.29534796E-04
1.20013781E+01	1.72508969E+01	1.39197344E-02	-5.51546027E-04
1.08818064E+01	4.69528449E+00	1.39162144E-02	-5.73549642E-04
6.52718886E+00	-8.71173432E+00	1.39126959E-02	-5.95545762E-04
5.71673203E-01	-1.87036055E+01	1.39091788E-02	-6.17534507E-04
-5.12556649E+00	-2.20896209E+01	1.39056632E-02	-6.39515998E-04
-8.97489018E+00	-1.77594968E+01	1.39021490E-02	-6.61490355E-04
-1.00002181E+01	-7.05586159E+00	1.38986361E-02	-6.83457698E-04
-7.98482105E+00	6.61374339E+00	1.38951246E-02	-7.05418146E-04
-3.43484643E+00	1.88170385E+01	1.38916145E-02	-7.27371821E-04
2.58565764E+00	2.54741164E+01	1.38881057E-02	-7.49318840E-04
8.68819441E+00	2.41459077E+01	1.38845982E-02	-7.71259325E-04
1.34178409E+01	1.48312572E+01	1.38810920E-02	-7.93193394E-04
1.55129911E+01	1.99147065E-02	1.38775871E-02	-8.15121166E-04
1.41536773E+01	-1.60209536E+01	1.38740834E-02	-8.37042762E-04
9.17687274E+00	-2.85114061E+01	1.38705809E-02	-8.58958299E-04
1.21659672E+00	-3.35891677E+01	1.38670797E-02	-8.80867897E-04
-8.29009841E+00	-2.94712969E+01	1.38635796E-02	-9.02771675E-04
-1.72852472E+01	-1.69982286E+01	1.38600808E-02	-9.24669751E-04
-2.34774559E+01	5.96799279E-01	1.38565830E-02	-9.46562245E-04
-2.48879292E+01	1.86137390E+01	1.38530865E-02	-9.68449274E-04
-2.04365965E+01	3.22217016E+01	1.38495910E-02	-9.90330958E-04
-1.03996903E+01	3.78058372E+01	1.38460966E-02	-1.01220741E-03
3.43175334E+00	3.39366269E+01	1.38426033E-02	-1.03407876E-03
1.80036724E+01	2.16993805E+01	1.38391111E-02	-1.05594512E-03
2.96606002E+01	4.31973713E+00	1.38356199E-02	-1.07780660E-03
3.50834813E+01	-1.37732399E+01	1.38321297E-02	-1.09966333E-03
3.22591640E+01	-2.81536979E+01	1.38286405E-02	-1.12151543E-03
2.11908860E+01	-3.55277552E+01	1.38251523E-02	-1.14336300E-03
4.10254895E+00	-3.44867834E+01	1.38216651E-02	-1.16520617E-03
-1.49808127E+01	-2.57183535E+01	1.38181788E-02	-1.18704506E-03
-3.12119957E+01	-1.16728066E+01	1.38146934E-02	-1.20887979E-03
-4.02163392E+01	4.17003744E+00	1.38112089E-02	-1.23071047E-03
-3.93409329E+01	1.82019971E+01	1.38077254E-02	-1.25253722E-03
-2.84844391E+01	2.75124653E+01	1.38042426E-02	-1.27436015E-03
-1.02374573E+01	3.04532325E+01	1.38007608E-02	-1.29617939E-03
1.07423870E+01	2.68531484E+01	1.37972797E-02	-1.31799505E-03
2.89687264E+01	1.78944663E+01	1.37937995E-02	-1.33980725E-03
3.96355564E+01	5.73745522E+00	1.37903201E-02	-1.36161611E-03
3.99625251E+01	-6.98674331E+00	1.37868414E-02	-1.38342175E-03
2.99802567E+01	-1.77007354E+01	1.37833635E-02	-1.40522427E-03
1.25198580E+01	-2.43382095E+01	1.37798864E-02	-1.42702380E-03
-7.59474867E+00	-2.56831556E+01	1.37764099E-02	-1.44882046E-03
-2.49161367E+01	-2.15641512E+01	1.37729342E-02	-1.47061436E-03
-3.49027217E+01	-1.28873602E+01	1.37694591E-02	-1.49240563E-03
-3.51624411E+01	-1.49587021E+00	1.37659847E-02	-1.51419436E-03
-2.60557700E+01	1.01471770E+01	1.37625109E-02	-1.53598070E-03
-1.04991793E+01	1.94288647E+01	1.37590377E-02	-1.55776474E-03
6.95024966E+00	2.41464366E+01	1.37555652E-02	-1.57954662E-03
2.14394075E+01	2.30482830E+01	1.37520932E-02	-1.60132643E-03
2.91878720E+01	1.62186428E+01	1.37486218E-02	-1.62310431E-03
2.84856840E+01	5.17601480E+00	1.37451510E-02	-1.64488037E-03
2.00524400E+01	-7.39122098E+00	1.37416806E-02	-1.66665473E-03
6.69060277E+00	-1.82354488E+01	1.37382108E-02	-1.68842749E-03
-7.62467279E+00	-2.43819413E+01	1.37347415E-02	-1.71019879E-03
-1.89225677E+01	-2.39695393E+01	1.37312726E-02	-1.73196874E-03
-2.43276260E+01	-1.68535116E+01	1.37278042E-02	-1.75373744E-03
-2.27637983E+01	-4.76582271E+00	1.37243363E-02	-1.77550503E-03
-1.51065013E+01	9.05866271E+00	1.37208687E-02	-1.79727162E-03
-3.78983013E+00	2.07254513E+01	1.37174016E-02	-1.81903732E-03
7.97053373E+00	2.67768632E+01	1.37139348E-02	-1.84080225E-03
1.70874024E+01	2.52285106E+01	1.37104684E-02	-1.86256653E-03
2.13857683E+01	1.62274596E+01	1.37070023E-02	-1.88433028E-03
2.00677093E+01	2.10922036E+00	1.37035365E-02	-1.90609361E-03
1.37783352E+01	-1.31968211E+01	1.37000711E-02	-1.92785663E-03
4.31029885E+00	-2.52652086E+01	1.36966059E-02	-1.94961948E-03
-5.92791723E+00	-3.04645806E+01	1.36931410E-02	-1.97138226E-03
-1.45173345E+01	-2.70567274E+01	1.36896764E-02	-1.99314509E-03
-1.95584894E+01	-1.57654975E+01	1.36862119E-02	-2.01490808E-03
-2.00262402E+01	3.71782070E-01	1.36827477E-02	-2.03667137E-03
-1.59103747E+01	1.68433321E+01	1.36792837E-02	-2.05843505E-03
-8.15429709E+00	2.89542506E+01	1.36758198E-02	-2.08019925E-03
1.56595580E+00	3.31905309E+01	1.36723561E-02	-2.10196409E-03
1.11710010E+01	2.82496500E+01	1.36688925E-02	-2.12372969E-03
1.85665991E+01	1.54294668E+01	1.36654291E-02	-2.14549616E-03
2.20442197E+01	-1.74042044E+00	1.36619657E-02	-2.16726361E-03
2.06413662E+01	-1.85133846E+01	1.36585025E-02	-2.18903218E-03
1.43990585E+01	-3.02831726E+01	1.36550392E-02	-2.21080196E-03
4.44861135E+00	-3.38827955E+01	1.36515761E-02	-2.23257309E-03
-7.12751890E+00	-2.84484041E+01	1.36481129E-02	-2.25434568E-03
-1.76774562E+01	-1.56087259E+01	1.36446498E-02	-2.27611985E-03
-2.45591953E+01	1.03463476E+00	1.36411866E-02	-2.29789571E-03
-2.58034394E+01	1.69626454E+01	1.36377234E-02	-2.31967339E-03
-2.06939714E+01	2.80082005E+01	1.36342601E-02	-2.34145299E-03
-1.00889938E+01	3.14707878E+01	1.36307968E-02	-2.36323465E-03
3.64812698E+00	2.67717234E+01	1.36273334E-02	-2.38501847E-03
1.71436828E+01	1.54943026E+01	1.36238698E-02	-2.40680458E-03
2.68445299E+01	8.37750436E-01	1.36204062E-02	-2.42859310E-03
2.99809878E+01	-1.33233838E+01	1.36169424E-02	-2.45038413E-03
2.53927582E+01	-2.34880912E+01	1.36134784E-02	-2.47217781E-03
1.39616360E+01	-2.73951062E+01	1.36100143E-02	-2.49397425E-03
-1.51011122E+00	-2.44936906E+01	1.36065499E-02	-2.51577356E-03
-1.69819633E+01	-1.59357459E+01	1.36030853E-02	-2.53757588E-03
-2.82542707E+01	-4.14342982E+00	1.35996205E-02	-2.55938131E-03
-3.21489457E+01	7.88874430E+00	1.35961554E-02	-2.58118997E-03
-2.74478660E+01	1.73515442E+01	1.35926900E-02	-2.60300199E-03
-1.53003915E+01	2.22480772E+01	1.35892244E-02	-2.62481748E-03
1.04135500E+00	2.17626162E+01	1.35857584E-02	-2.64663656E-03
1.71035752E+01	1.63268686E+01	1.35822921E-02	-2.66845936E-03
2.84450695E+01	7.41598238E+00	1.35788254E-02	-2.69028599E-03
3.19230025E+01	-2.84258547E+00	1.35753584E-02	-2.71211657E-03
2.65975959E+01	-1.21453409E+01	1.35718909E-02	-2.73395122E-03
1.40056706E+01	-1.84794631E+01	1.35684231E-02	-2.75579007E-03
-2.28112703E+00	-2.05063659E+01	1.35649548E-02	-2.77763322E-03
-1.76847370E+01	-1.78114983E+01	1.35614861E-02	-2.79948081E-03
-2.79326692E+01	-1.09884218E+01	1.35580169E-02	-2.82133295E-03
-3.02680244E+01	-1.54076172E+00	1.35545472E-02	-2.84318977E-03
-2.42061968E+01	8.39588554E+00	1.35510770E-02	-2.86505137E-03
-1.16260284E+01	1.64829918E+01	1.35476063E-02	-2.88691790E-03
3.81672668E+00	2.06944907E+01	1.35441350E-02	-2.90878945E-03
1.77666702E+01	1.98181122E+01	1.35406631E-02	-2.93066617E-03
2.64118541E+01	1.38205372E+01	1.35371907E-02	-2.95254816E-03
2.75306174E+01	3.96170644E+00	1.35337177E-02	-2.97443555E-03
2.10511250E+01	-7.41151574E+00	1.35302441E-02	-2.99632846E-03
8.98598656E+00	-1.73841998E+01	1.35267698E-02	-3.01822702E-03
-5.20955312E+00	-2.32040983E+01	1.35232948E-02	-3.04013134E-03
-1.76455511E+01	-2.30448986E+01	1.35198192E-02	-3.06204154E-03
-2.50699744E+01	-1.65868081E+01	1.35163429E-02	-3.08395776E-03
-2.57061227E+01	-5.22573395E+00	1.35128658E-02	-3.10588011E-03
-1.96420861E+01	8.18835155E+00	1.35093881E-02	-3.12780871E-03
-8.69977637E+00	2.00518221E+01	1.35059095E-02	-3.14974369E-03
4.14061450E+00	2.69786386E+01	1.35024302E-02	-3.17168517E-03
1.55719015E+01	2.67774709E+01	1.34989501E-02	-3.19363327E-03
2.28088345E+01	1.91464990E+01	1.34954692E-02	-3.21558812E-03
2.42374304E+01	5.86193479E+00	1.34919874E-02	-3.23754984E-03
1.97236557E+01	-9.62565045E+00	1.34885048E-02	-3.25951856E-03
1.05431232E+01	-2.30998142E+01	1.34850213E-02	-3.28149439E-03
-1.00926129E+00	-3.07479634E+01	1.34815369E-02	-3.30347747E-03
-1.22038770E+01	-3.02593567E+01	1.34780516E-02	-3.32546792E-03
-2.05043893E+01	-2.15267881E+01	1.34745654E-02	-3.34746585E-03
-2.41025883E+01	-6.73463609E+00	1.34710782E-02	-3.36947141E-03
-2.22639553E+01	1.02077335E+01	1.34675900E-02	-3.39148470E-03
-1.54381270E+01	2.47353044E+01	1.34641009E-02	-3.41350587E-03
-5.13498834E+00	3.28968110E+01	1.34606107E-02	-3.43553502E-03
6.39702597E+00	3.24595186E+01	1.34571195E-02	-3.45757230E-03
1.66291483E+01	2.35310787E+01	1.34536273E-02	-3.47961782E-03
2.32692180E+01	8.52120724E+00	1.34501340E-02	-3.50167171E-03
2.47489040E+01	-8.54113860E+00	1.34466396E-02	-3.52373410E-03
2.05893128E+01	-2.31329997E+01	1.34431440E-02	-3.54580511E-03
1.15618372E+01	-3.14788245E+01	1.34396474E-02	-3.56788487E-03
-4.12040702E-01	-3.15557052E+01	1.34361496E-02	-3.58997352E-03
-1.26310704E+01	-2.35873815E+01	1.34326506E-02	-3.61207117E-03
-2.22014724E+01	-9.90656703E+00	1.34291505E-02	-3.63417795E-03
-2.67243716E+01	5.75128486E+00	1.34256491E-02	-3.65629399E-03
-2.49215235E+01	1.93022637E+01	1.34221465E-02	-3.67841943E-03
-1.70295299E+01	2.74093429E+01	1.34186427E-02	-3.70055439E-03
-4.83284495E+00	2.83175265E+01	1.34151375E-02	-3.72269899E-03
8.70946765E+00	2.22182503E+01	1.34116311E-02	-3.74485337E-03
2.01782328E+01	1.10762768E+01	1.34081234E-02	-3.76701765E-03
2.65803490E+01	-1.99592863E+00	1.34046143E-02	-3.78919198E-03
2.61714913E+01	-1.36155459E+01	1.34011039E-02	-3.81137646E-03
1.89785768E+01	-2.10073869E+01	1.33975921E-02	-3.83357125E-03
6.85476543E+00	-2.26544543E+01	1.33940790E-02	-3.85577646E-03
-6.97473418E+00	-1.85752097E+01	1.33905644E-02	-3.87799223E-03
-1.87707496E+01	-1.01936500E+01	1.33870484E-02	-3.90021869E-03
-2.53122629E+01	1.24205859E-01	1.33835309E-02	-3.92245597E-03
-2.48105606E+01	9.71906118E+00	1.33800119E-02	-3.94470420E-03
-1.74363002E+01	1.62969176E+01	1.33764915E-02	-3.96696352E-03
-5.29534216E+00	1.84421639E+01	1.33729695E-02	-3.98923405E-03
8.15262116E+00	1.58838435E+01	1.33694460E-02	-4.01151593E-03
1.90738254E+01	9.48212392E+00	1.33659210E-02	-4.03380929E-03
2.43586084E+01	9.65870404E-01	1.33623943E-02	-4.05611428E-03
2.25184928E+01	-7.50133882E+00	1.33588661E-02	-4.07843101E-03
1.41183108E+01	-1.38255438E+01	1.33553362E-02	-4.10075962E-03
1.61469147E+00	-1.64531048E+01	1.33518047E-02	-4.12310025E-03
-1.13533187E+01	-1.47172705E+01	1.33482716E-02	-4.14545304E-03
-2.10145498E+01	-8.99481477E+00	1.33447367E-02	-4.16781811E-03
-2.45505780E+01	-6.39528827E-01	1.33412002E-02	-4.19019561E-03
-2.09007334E+01	8.30223181E+00	1.33376619E-02	-4.21258567E-03
-1.10575181E+01	1.55470719E+01	1.33341219E-02	-4.23498842E-03
2.22632740E+00	1.91145535E+01	1.33305801E-02	-4.25740400E-03
1.52266535E+01	1.78357717E+01	1.33270365E-02	-4.27983255E-03
2.42996951E+01	1.17059930E+01	1.33234911E-02	-4.30227421E-03
2.68945405E+01	1.97721820E+00	1.33199439E-02	-4.32472912E-03
2.22436525E+01	-9.06207398E+00	1.33163948E-02	-4.34719740E-03
1.15484400E+01	-1.85978002E+01	1.33128439E-02	-4.36967921E-03
-2.37566091E+00	-2.39881861E+01	1.33092910E-02	-4.39217467E-03
-1.58793404E+01	-2.34804908E+01	1.33057362E-02	-4.41468394E-03
-2.54583521E+01	-1.67527693E+01	1.33021795E-02	-4.43720714E-03
-2.86621290E+01	-5.11424679E+00	1.32986209E-02	-4.45974442E-03
-2.46962343E+01	8.72283564E+00	1.32950602E-02	-4.48229592E-03
-1.45773575E+01	2.12734168E+01	1.32914976E-02	-4.50486177E-03
-8.24865372E-01	2.91680391E+01	1.32879329E-02	-4.52744213E-03
1.32073380E+01	3.00698667E+01	1.32843661E-02	-4.55003713E-03
2.41718445E+01	2.33652162E+01	1.32807973E-02	-4.57264692E-03
2.95264330E+01	1.04200674E+01	1.32772264E-02	-4.59527163E-03
2.81026613E+01	-5.69340503E+00	1.32736534E-02	-4.61791141E-03
2.03266262E+01	-2.09499740E+01	1.32700783E-02	-4.64056640E-03
8.06444738E+00	-3.14146629E+01	1.32665010E-02	-4.66323675E-03
-5.84829975E+00	-3.42963733E+01	1.32629215E-02	-4.68592261E-03
-1.82699917E+01	-2.87194061E+01	1.32593398E-02	-4.70862411E-03
-2.64551998E+01	-1.59920432E+01	1.32557558E-02	-4.73134140E-03
-2.86455255E+01	7.11582756E-01	1.32521696E-02	-4.75407462E-03
-2.44313321E+01	1.71763642E+01	1.32485812E-02	-4.77682393E-03
-1.48182591E+01	2.92549364E+01	1.32449904E-02	-4.79958947E-03
-1.99228184E+00	3.39570212E+01	1.32413974E-02	-4.82237139E-03
1.11646757E+01	3.02220103E+01	1.32378020E-02	-4.84516983E-03
2.17084576E+01	1.91674642E+01	1.32342042E-02	-4.86798495E-03
2.72848124E+01	3.75385339E+00	1.32306040E-02	-4.89081688E-03
2.66613357E+01	-1.20320632E+01	1.32270015E-02	-4.91366578E-03
2.00195116E+01	-2.42429185E+01	1.32233965E-02	-4.93653181E-03
8.93235543E+00	-2.99915808E+01	1.32197890E-02	-4.95941510E-03
-3.98111759E+00	-2.81553326E+01	1.32161791E-02	-4.98231581E-03
-1.56590253E+01	-1.95880181E+01	1.32125666E-02	-5.00523410E-03
-2.33254591E+01	-6.80548295E+00	1.32089517E-02	-5.02817011E-03
-2.51727468E+01	6.74685496E+00	1.32053342E-02	-5.05112399E-03
-2.08244217E+01	1.76291338E+01	1.32017141E-02	-5.07409590E-03
-1.14508139E+01	2.32878127E+01	1.31980914E-02	-5.09708599E-03
5.08197035E-01	2.26549967E+01	1.31944661E-02	-5.12009441E-03
1.19571504E+01	1.63280552E+01	1.31908381E-02	-5.14312132E-03
1.99458763E+01	6.31055127E+00	1.31872075E-02	-5.16616688E-03
2.24489883E+01	-4.58911239E+00	1.31835742E-02	-5.18923123E-03
1.89119834E+01	-1.35237861E+01	1.31799382E-02	-5.21231454E-03
1.04078020E+01	-1.83322612E+01	1.31762994E-02	-5.23541697E-03
-6.49346977E-01	-1.80429199E+01	1.31726579E-02	-5.25853866E-03
-1.11634511E+01	-1.30461961E+01	1.31690135E-02	-5.28167977E-03
-1.82125332E+01	-4.91632774E+00	1.31653664E-02	-5.30484047E-03
-1.98637317E+01	4.04993838E+00	1.31617164E-02	-5.32802091E-03
-1.57169117E+01	1.14470092E+01	1.31580636E-02	-5.35122126E-03
-7.01935647E+00	1.53692118E+01	1.31544079E-02	-5.37444167E-03
3.68555343E+00	1.48694300E+01	1.31507492E-02	-5.39768230E-03
1.32796023E+01	1.01662664E+01	1.31470876E-02	-5.42094332E-03
1.89577448E+01	2.56145422E+00	1.31434231E-02	-5.44422488E-03
1.90302807E+01	-5.90346577E+00	1.31397556E-02	-5.46752715E-03
1.34099736E+01	-1.29646903E+01	1.31360850E-02	-5.49085030E-03
3.64451545E+00	-1.67044756E+01	1.31324115E-02	-5.51419448E-03
-7.51534032E+00	-1.60367835E+01	1.31287348E-02	-5.53755986E-03
-1.68892504E+01	-1.09951585E+01	1.31250551E-02	-5.56094661E-03
-2.17630338E+01	-2.75104378E+00	1.31213723E-02	-5.58435488E-03
-2.06540997E+01	6.64902819E+00	1.31176863E-02	-5.60778486E-03
-1.37327126E+01	1.47734897E+01	1.31139972E-02	-5.63123670E-03
-2.78387702E+00	1.94124344E+01	1.31103048E-02	-5.65471057E-03
9.27603059E+00	1.91559692E+01	1.31066093E-02	-5.67820665E-03
1.91908112E+01	1.37974204E+01	1.31029105E-02	-5.70172509E-03
2.42447939E+01	4.44900979E+00	1.30992085E-02	-5.72526608E-03
2.29925805E+01	-6.67674107E+00	1.30955031E-02	-5.74882978E-03
1.56445135E+01	-1.67835613E+01	1.30917944E-02	-5.77241635E-03
4.01085064E+00	-2.31893315E+01	1.30880824E-02	-5.79602599E-03
-8.97291558E+00	-2.40329908E+01	1.30843670E-02	-5.81965884E-03
-2.00077862E+01	-1.88042853E+01	1.30806482E-02	-5.84331510E-03
-2.62774198E+01	-8.54566712E+00	1.30769260E-02	-5.86699493E-03
-2.61605042E+01	4.34541484E+00	1.30732004E-02	-5.89069852E-03
-1.96319307E+01	1.66819062E+01	1.30694712E-02	-5.91442602E-03
-8.25927072E+00	2.52870872E+01	1.30657385E-02	-5.93817763E-03
5.19533604E+00	2.78256908E+01	1.30620023E-02	-5.96195352E-03
1.74611321E+01	2.34450192E+01	1.30582626E-02	-5.98575386E-03
2.55592164E+01	1.30472124E+01	1.30545192E-02	-6.00957884E-03
2.75219866E+01	-8.92816659E-01	1.30507723E-02	-6.03342863E-03
2.28609223E+01	-1.49289612E+01	1.30470217E-02	-6.05730342E-03
1.26759701E+01	-2.55156666E+01	1.30432674E-02	-6.08120338E-03
-6.13803593E-01	-2.99238814E+01	1.30395094E-02	-6.10512870E-03
-1.38501299E+01	-2.69588096E+01	1.30357477E-02	-6.12907956E-03
-2.38870520E+01	-1.72865137E+01	1.30319822E-02	-6.15305615E-03
-2.83370765E+01	-3.27900999E+00	1.30282130E-02	-6.17705865E-03
-2.61374872E+01	1.15845541E+01	1.30244399E-02	-6.20108724E-03
-1.78043009E+01	2.36047755E+01	1.30206630E-02	-6.22514210E-03
-5.31339637E+00	2.98047804E+01	1.30168823E-02	-6.24922344E-03
8.36529075E+00	2.86830490E+01	1.30130976E-02	-6.27333143E-03
1.99731231E+01	2.05823796E+01	1.30093090E-02	-6.29746627E-03
2.67422983E+01	7.58386027E+00	1.30055164E-02	-6.32162814E-03
2.70637965E+01	-7.04011752E+00	1.30017199E-02	-6.34581723E-03
2.08812191E+01	-1.96660310E+01	1.29979193E-02	-6.37003373E-03
9.71101088E+00	-2.72322916E+01	1.29941147E-02	-6.39427785E-03
-3.72132127E+00	-2.79914877E+01	1.29903061E-02	-6.41854976E-03
-1.61449914E+01	-2.19153697E+01	1.29864933E-02	-6.44284967E-03
-2.45473713E+01	-1.06597396E+01	1.29826764E-02	-6.46717777E-03
-2.69184472E+01	2.88950214E+00	1.29788553E-02	-6.49153426E-03
-2.27487114E+01	1.53632622E+01	1.29750300E-02	-6.51591932E-03
-1.31522450E+01	2.37541351E+01	1.29712005E-02	-6.54033317E-03
-5.80604209E-01	2.61465624E+01	1.29673668E-02	-6.56477600E-03
1.18020777E+01	2.21553611E+01	1.29635288E-02	-6.58924800E-03
2.09239628E+01	1.29737771E+01	1.29596864E-02	-6.61374939E-03
2.45834289E+01	1.03155355E+00	1.29558397E-02	-6.63828036E-03
2.19989133E+01	-1.06409843E+01	1.29519887E-02	-6.66284111E-03
1.39886220E+01	-1.91780584E+01	1.29481332E-02	-6.68743185E-03
2.73517225E+00	-2.25814553E+01	1.29442733E-02	-6.71205278E-03
-8.80037401E+00	-2.01905766E+01	1.29404089E-02	-6.73670412E-03
-1.76584233E+01	-1.28097776E+01	1.29365400E-02	-6.76138606E-03
-2.16479241E+01	-2.46932825E+00	1.29326666E-02	-6.78609881E-03
-1.98992263E+01	8.11363309E+00	1.29287886E-02	-6.81084259E-03
-1.30605178E+01	1.62352840E+01	1.29249060E-02	-6.83561760E-03
-3.09209904E+00	1.98896903E+01	1.29210188E-02	-6.86042405E-03
7.27991661E+00	1.82665892E+01	1.29171270E-02	-6.88526216E-03
1.52997383E+01	1.19388124E+01	1.29132304E-02	-6.91013214E-03
1.89097660E+01	2.69396206E+00	1.29093291E-02	-6.93503421E-03
1.72783184E+01	-6.94525856E+00	1.29054230E-02	-6.95996858E-03
1.09922912E+01	-1.43884031E+01	1.29015122E-02	-6.98493546E-03
1.87109296E+00	-1.76599974E+01	1.28975965E-02	-7.00993508E-03
-7.54125412E+00	-1.59200787E+01	1.28936760E-02	-7.03496765E-03
-1.46658465E+01	-9.68554405E+00	1.28897506E-02	-7.06003340E-03
-1.75760321E+01	-6.92087193E-01	1.28858202E-02	-7.08513254E-03
-1.55021432E+01	8.56961087E+00	1.28818849E-02	-7.11026530E-03
-9.02505148E+00	1.55230797E+01	1.28779446E-02	-7.13543191E-03
8.73082722E-02	1.82039716E+01	1.28739992E-02	-7.16063258E-03
9.35354605E+00	1.57998320E+01	1.28700488E-02	-7.18586754E-03
1.62368014E+01	8.88463688E+00	1.28660933E-02	-7.21113703E-03
1.88158462E+01	-7.18926088E-01	1.28621327E-02	-7.23644126E-03
1.62964329E+01	-1.04169600E+01	1.28581669E-02	-7.26178048E-03
9.23177780E+00	-1.75369502E+01	1.28541959E-02	-7.28715490E-03
-6.04837306E-01	-2.00510610E+01	1.28502197E-02	-7.31256477E-03
-1.06645280E+01	-1.71353689E+01	1.28462382E-02	-7.33801032E-03
-1.82735248E+01	-9.41260915E+00	1.28422513E-02	-7.36349178E-03
-2.13266459E+01	1.18996598E+00	1.28382592E-02	-7.38900938E-03
-1.88475289E+01	1.19329649E+01	1.28342616E-02	-7.41456338E-03
-1.12706583E+01	1.99787146E+01	1.28302587E-02	-7.44015400E-03
-3.67764815E-01	2.31382460E+01	1.28262503E-02	-7.46578149E-03
1.11706910E+01	2.04540118E+01	1.28222363E-02	-7.49144608E-03
2.04007508E+01	1.24646142E+01	1.28182169E-02	-7.51714803E-03
2.48735929E+01	1.08202125E+00	1.28141919E-02	-7.54288758E-03
2.32784815E+01	-1.08864503E+01	1.28101613E-02	-7.56866496E-03
1.58123534E+01	-2.04469805E+01	1.28061250E-02	-7.59448044E-03
4.17328273E+00	-2.51760987E+01	1.28020831E-02	-7.62033426E-03
-8.83142557E+00	-2.38325582E+01	1.27980355E-02	-7.64622666E-03
-1.99726159E+01	-1.66707478E+01	1.27939821E-02	-7.67215791E-03
-2.64129718E+01	-5.37982668E+00	1.27899229E-02	-7.69812825E-03
-2.64399909E+01	7.33229735E+00	1.27858579E-02	-7.72413794E-03
-1.99263422E+01	1.84032247E+01	1.27817870E-02	-7.75018724E-03
-8.39179444E+00	2.51625620E+01	1.27777102E-02	-7.77627640E-03
5.35781535E+00	2.59777797E+01	1.27736275E-02	-7.80240568E-03
1.79285615E+01	2.06444012E+01	1.27695387E-02	-7.82857535E-03
2.61969462E+01	1.04297828E+01	1.27654440E-02	-7.85478566E-03
2.81072060E+01	-2.23605984E+00	1.27613432E-02	-7.88103689E-03
2.31987247E+01	-1.43453688E+01	1.27572362E-02	-7.90732929E-03
1.27239797E+01	-2.30321261E+01	1.27531232E-02	-7.93366314E-03
-6.75247151E-01	-2.62548538E+01	1.27490039E-02	-7.96003870E-03
-1.36488543E+01	-2.32813867E+01	1.27448784E-02	-7.98645624E-03
-2.29974938E+01	-1.48612823E+01	1.27407466E-02	-8.01291604E-03
-2.64841361E+01	-3.04474528E+00	1.27366085E-02	-8.03941837E-03
-2.33867821E+01	9.31017236E+00	1.27324641E-02	-8.06596351E-03
-1.46518174E+01	1.92264382E+01	1.27283133E-02	-8.09255173E-03
-2.61512008E+00	2.43293951E+01	1.27241560E-02	-8.11918331E-03
9.62731431E+00	2.34266912E+01	1.27199922E-02	-8.14585854E-03
1.90270314E+01	1.68036689E+01	1.27158219E-02	-8.17257769E-03
2.33545797E+01	6.15724207E+00	1.27116451E-02	-8.19934105E-03
2.17362538E+01	-5.82164106E+00	1.27074616E-02	-8.22614891E-03
1.48256365E+01	-1.61191790E+01	1.27032715E-02	-8.25300156E-03
4.57939919E+00	-2.21592406E+01	1.26990747E-02	-8.27989928E-03
-6.28932633E+00	-2.24614312E+01	1.26948712E-02	-8.30684236E-03
-1.50266876E+01	-1.70255225E+01	1.26906608E-02	-8.33383111E-03
-1.95333779E+01	-7.33697294E+00	1.26864437E-02	-8.36086582E-03
-1.88643924E+01	4.01555429E+00	1.26822196E-02	-8.38794678E-03
-1.34167787E+01	1.40174430E+01	1.26779887E-02	-8.41507429E-03
-4.77354072E+00	2.00257133E+01	1.26737507E-02	-8.44224865E-03
4.74068704E+00	2.04755576E+01	1.26695058E-02	-8.46947018E-03
1.26684837E+01	1.53038020E+01	1.26652538E-02	-8.49673917E-03
1.70359541E+01	5.96995029E+00	1.26609947E-02	-8.52405593E-03
1.68262821E+01	-4.93677007E+00	1.26567284E-02	-8.55142077E-03
1.22024536E+01	-1.44020580E+01	1.26524550E-02	-8.57883400E-03
4.43586176E+00	-1.98124910E+01	1.26481743E-02	-8.60629593E-03
-4.43169306E+00	-1.96757360E+01	1.26438863E-02	-8.63380689E-03
-1.21045580E+01	-1.40344727E+01	1.26395909E-02	-8.66136719E-03
-1.66024455E+01	-4.45693165E+00	1.26352882E-02	-8.68897715E-03
-1.67478949E+01	6.39545870E+00	1.26309780E-02	-8.71663708E-03
-1.24585719E+01	1.55042309E+01	1.26266604E-02	-8.74434733E-03
-4.77613900E+00	2.03291115E+01	1.26223352E-02	-8.77210820E-03
4.37696393E+00	1.95096497E+01	1.26180024E-02	-8.79992004E-03
1.26595413E+01	1.32384931E+01	1.26136620E-02	-8.82778317E-03
1.78875523E+01	3.20443670E+00	1.26093139E-02	-8.85569792E-03
1.85889344E+01	-7.87563513E+00	1.26049580E-02	-8.88366463E-03
1.44015828E+01	-1.70024729E+01	1.26005944E-02	-8.91168365E-03
6.20952311E+00	-2.17092401E+01	1.25962229E-02	-8.93975530E-03
-4.02973437E+00	-2.07213395E+01	1.25918435E-02	-8.96787993E-03
-1.37398960E+01	-1.42846962E+01	1.25874562E-02	-8.99605789E-03
-2.03628869E+01	-4.08104929E+00	1.25830609E-02	-9.02428953E-03
-2.20248045E+01	7.23654352E+00	1.25786576E-02	-9.05257519E-03
-1.80591981E+01	1.67533246E+01	1.25742461E-02	-9.08091522E-03
-9.24151934E+00	2.20522265E+01	1.25698265E-02	-9.10930999E-03
2.34472674E+00	2.18224873E+01	1.25653987E-02	-9.13775985E-03
1.37960814E+01	1.61656723E+01	1.25609626E-02	-9.16626516E-03
2.21205589E+01	6.53349065E+00	1.25565182E-02	-9.19482627E-03
2.50281303E+01	-4.67008945E+00	1.25520654E-02	-9.22344357E-03
2.15687997E+01	-1.47067280E+01	1.25476042E-02	-9.25211741E-03
1.24370013E+01	-2.11781372E+01	1.25431345E-02	-9.28084817E-03
-1.55978376E-01	-2.25904002E+01	1.25386563E-02	-9.30963622E-03
-1.30244950E+01	-1.86795373E+01	1.25341695E-02	-9.33848193E-03
-2.28325141E+01	-1.04352525E+01	1.25296740E-02	-9.36738569E-03
-2.69817459E+01	1.65802148E-01	1.25251698E-02	-9.39634787E-03
-2.43211564E+01	1.06410642E+01	1.25206568E-02	-9.42536886E-03
-1.54778157E+01	1.85793465E+01	1.25161350E-02	-9.45444905E-03
-2.71015242E+00	2.21835512E+01	1.25116043E-02	-9.48358883E-03
1.06833861E+01	2.06632686E+01	1.25070647E-02	-9.51278859E-03
2.12420240E+01	1.43986384E+01	1.25025161E-02	-9.54204873E-03
2.62664332E+01	4.84627989E+00	1.24979584E-02	-9.57136964E-03
2.45339935E+01	-5.78954808E+00	1.24933915E-02	-9.60075173E-03
1.66091309E+01	-1.50507692E+01	1.24888155E-02	-9.63019540E-03
4.66648546E+00	-2.07808084E+01	1.24842303E-02	-9.65970107E-03
-8.11833722E+00	-2.16227676E+01	1.24796357E-02	-9.68926913E-03
-1.84356509E+01	-1.73489293E+01	1.24750317E-02	-9.71890002E-03
-2.37228769E+01	-8.94035138E+00	1.24704184E-02	-9.74859414E-03
-2.28185516E+01	1.61428458E+00	1.24657955E-02	-9.77835191E-03
-1.62177923E+01	1.17689178E+01	1.24611630E-02	-9.80817376E-03
-5.87417101E+00	1.90258801E+01	1.24565210E-02	-9.83806013E-03
5.37951660E+00	2.15576250E+01	1.24518692E-02	-9.86801142E-03
1.46172959E+01	1.86889801E+01	1.24472077E-02	-9.89802809E-03
1.95904298E+01	1.11073730E+01	1.24425363E-02	-9.92811057E-03
1.92762075E+01	7.29149431E-01	1.24378551E-02	-9.95825931E-03
1.40717456E+01	-9.76351082E+00	1.24331639E-02	-9.98847473E-03
5.60415752E+00	-1.76099413E+01	1.24284627E-02	-1.00187573E-02
-3.76648724E+00	-2.07081708E+01	1.24237514E-02	-1.00491075E-02
-1.15989451E+01	-1.82018873E+01	1.24190299E-02	-1.00795257E-02
-1.59964516E+01	-1.07467986E+01	1.24142982E-02	-1.01100124E-02
-1.60479485E+01	-3.66977551E-01	1.24095562E-02	-1.01405681E-02
-1.19887616E+01	1.00759087E+01	1.24048039E-02	-1.01711932E-02
-5.06518925E+00	1.76651476E+01	1.24000411E-02	-1.02018883E-02
2.83718380E+00	2.02490238E+01	1.23952678E-02	-1.02326537E-02
9.69047864E+00	1.70642897E+01	1.23904839E-02	-1.02634900E-02
1.38184421E+01	8.97748283E+00	1.23856893E-02	-1.02943976E-02
1.42742432E+01	-1.73605627E+00	1.23808840E-02	-1.03253770E-02
1.10278665E+01	-1.20226020E+01	1.23760680E-02	-1.03564288E-02
4.93782624E+00	-1.89155348E+01	1.23712410E-02	-1.03875533E-02
-2.47136987E+00	-2.03885988E+01	1.23664031E-02	-1.04187512E-02
-9.36881125E+00	-1.59485728E+01	1.23615542E-02	-1.04500229E-02
-1.40355727E+01	-6.79180465E+00	1.23566942E-02	-1.04813689E-02
-1.52572327E+01	4.52491145E+00	1.23518230E-02	-1.05127897E-02
-1.26122891E+01	1.48066047E+01	1.23469405E-02	-1.05442859E-02
-6.59574300E+00	2.11275874E+01	1.23420467E-02	-1.05758579E-02
1.45548141E+00	2.16620367E+01	1.23371415E-02	-1.06075063E-02
9.63280339E+00	1.61990360E+01	1.23322248E-02	-1.06392317E-02
1.58786664E+01	6.19691376E+00	1.23272966E-02	-1.06710344E-02
1.84792475E+01	-5.63328107E+00	1.23223567E-02	-1.07029152E-02
1.65170295E+01	-1.60895965E+01	1.23174050E-02	-1.07348744E-02
1.01670121E+01	-2.23644804E+01	1.23124416E-02	-1.07669128E-02
7.43327413E-01	-2.28024164E+01	1.23074662E-02	-1.07990307E-02
-9.54460742E+00	-1.73227961E+01	1.23024789E-02	-1.08312288E-02
-1.80945842E+01	-7.40275167E+00	1.22974795E-02	-1.08635077E-02
-2.25656578E+01	4.35795621E+00	1.22924680E-02	-1.08958678E-02
-2.15210842E+01	1.49531859E+01	1.22874442E-02	-1.09283099E-02
-1.48816271E+01	2.17613015E+01	1.22824081E-02	-1.09608344E-02
-4.04526418E+00	2.31966056E+01	1.22773596E-02	-1.09934419E-02
8.38960273E+00	1.90593790E+01	1.22722986E-02	-1.10261330E-02
1.92519763E+01	1.05149019E+01	1.22672250E-02	-1.10589083E-02
2.56262372E+01	-2.65195726E-01	1.22621387E-02	-1.10917684E-02
2.56594630E+01	-1.06819418E+01	1.22570397E-02	-1.11247139E-02
1.91175040E+01	-1.83470485E+01	1.22519278E-02	-1.11577455E-02
7.51743621E+00	-2.16215022E+01	1.22468030E-02	-1.11908636E-02
-6.22263852E+00	-1.99388259E+01	1.22416651E-02	-1.12240690E-02
-1.85379633E+01	-1.38621011E+01	1.22365141E-02	-1.12573623E-02
-2.61760257E+01	-4.89074852E+00	1.22313499E-02	-1.12907440E-02
-2.70931885E+01	4.91510230E+00	1.22261724E-02	-1.13242149E-02
-2.10318396E+01	1.33972349E+01	1.22209814E-02	-1.13577756E-02
-9.60707748E+00	1.87505602E+01	1.22157769E-02	-1.13914266E-02
4.12894137E+00	1.98800666E+01	1.22105588E-02	-1.14251688E-02
1.65256495E+01	1.66061782E+01	1.22053270E-02	-1.14590026E-02
2.43384372E+01	9.68960741E+00	1.22000814E-02	-1.14929289E-02
2.56127664E+01	6.74463354E-01	1.21948219E-02	-1.15269482E-02
2.01976620E+01	-8.42520262E+00	1.21895484E-02	-1.15610613E-02
9.74747710E+00	-1.55446924E+01	1.21842607E-02	-1.15952688E-02
-2.77939181E+00	-1.90198472E+01	1.21789588E-02	-1.16295714E-02
-1.39711841E+01	-1.79799606E+01	1.21736427E-02	-1.16639698E-02
-2.09122861E+01	-1.25902799E+01	1.21683120E-02	-1.16984647E-02
-2.19600659E+01	-4.07099464E+00	1.21629669E-02	-1.17330569E-02
-1.71366760E+01	5.53807662E+00	1.21576071E-02	-1.17677470E-02
-8.04241528E+00	1.38377026E+01	1.21522325E-02	-1.18025358E-02
2.66171940E+00	1.86606250E+01	1.21468431E-02	-1.18374240E-02
1.20343945E+01	1.86509979E+01	1.21414388E-02	-1.18724124E-02
1.76643495E+01	1.36729885E+01	1.21360193E-02	-1.19075016E-02
1.82843190E+01	4.91863438E+00	1.21305846E-02	-1.19426924E-02
1.40330536E+01	-5.34299141E+00	1.21251347E-02	-1.19779857E-02
6.32037443E+00	-1.43347731E+01	1.21196693E-02	-1.20133821E-02
-2.63570474E+00	-1.95207560E+01	1.21141884E-02	-1.20488825E-02
-1.04465579E+01	-1.93321315E+01	1.21086918E-02	-1.20844876E-02
-1.51793201E+01	-1.36570546E+01	1.21031794E-02	-1.21201983E-02
-1.58089706E+01	-3.93615077E+00	1.20976512E-02	-1.21560152E-02
-1.23982982E+01	7.18699148E+00	1.20921069E-02	-1.21919393E-02
-5.99144308E+00	1.65806114E+01	1.20865465E-02	-1.22279713E-02
1.71786991E+00	2.15109952E+01	1.20809699E-02	-1.22641121E-02
8.83494492E+00	2.04451957E+01	1.20753768E-02	-1.23003624E-02
1.37101056E+01	1.35293281E+01	1.20697673E-02	-1.23367233E-02
1.52837252E+01	2.58989453E+00	1.20641411E-02	-1.23731953E-02
1.32722622E+01	-9.35602741E+00	1.20584981E-02	-1.24097796E-02
8.18106802E+00	-1.89486966E+01	1.20528383E-02	-1.24464768E-02
1.16465580E+00	-2.34481003E+01	1.20471614E-02	-1.24832880E-02
-6.22431823E+00	-2.15284176E+01	1.20414674E-02	-1.25202139E-02
-1.23483325E+01	-1.36685974E+01	1.20357560E-02	-1.25572554E-02
-1.58108337E+01	-2.02170396E+00	1.20300273E-02	-1.25944136E-02
-1.57457990E+01	1.01993912E+01	1.20242810E-02	-1.26316892E-02
-1.20227936E+01	1.96386146E+01	1.20185170E-02	-1.26690832E-02
-5.32253337E+00	2.37456933E+01	1.20127351E-02	-1.27065966E-02
2.95026949E+00	2.14811155E+01	1.20069353E-02	-1.27442302E-02
1.09248806E+01	1.35771391E+01	1.20011174E-02	-1.27819851E-02
1.66632758E+01	2.28983636E+00	1.19952812E-02	-1.28198621E-02
1.86260119E+01	-9.27187761E+00	1.19894265E-02	-1.28578624E-02
1.60964868E+01	-1.80335091E+01	1.19835534E-02	-1.28959867E-02
9.44365978E+00	-2.17967782E+01	1.19776615E-02	-1.29342362E-02
1.26912392E-01	-1.97989297E+01	1.19717507E-02	-1.29726119E-02
-9.59438329E+00	-1.28460380E+01	1.19658210E-02	-1.30111147E-02
-1.72022916E+01	-3.00736132E+00	1.19598721E-02	-1.30497457E-02
-2.05869947E+01	7.01583504E+00	1.19539038E-02	-1.30885060E-02
-1.86589843E+01	1.46489311E+01	1.19479161E-02	-1.31273965E-02
-1.17223523E+01	1.81113511E+01	1.19419088E-02	-1.31664184E-02
-1.47753537E+00	1.68182653E+01	1.19358817E-02	-1.32055726E-02
9.37828133E+00	1.14324885E+01	1.19298346E-02	-1.32448604E-02
1.78652697E+01	3.58762660E+00	1.19237674E-02	-1.32842828E-02
2.15590319E+01	-4.60911238E+00	1.19176800E-02	-1.33238409E-02
1.93107601E+01	-1.11399683E+01	1.19115720E-02	-1.33635358E-02
1.16280608E+01	-1.45543405E+01	1.19054435E-02	-1.34033687E-02
5.85745133E-01	-1.42543589E+01	1.18992942E-02	-1.34433406E-02
-1.07275953E+01	-1.05474374E+01	1.18931239E-02	-1.34834529E-02
-1.90798469E+01	-4.48939285E+00	1.18869325E-02	-1.35237066E-02
-2.20329578E+01	2.41350926E+00	1.18807197E-02	-1.35641030E-02
-1.86694845E+01	8.55830509E+00	1.18744855E-02	-1.36046432E-02
-9.88586175E+00	1.25777554E+01	1.18682296E-02	-1.36453284E-02
1.84374874E+00	1.35971421E+01	1.18619518E-02	-1.36861599E-02
1.31708113E+01	1.13863233E+01	1.18556520E-02	-1.37271390E-02
2.08388604E+01	6.39681058E+00	1.18493299E-02	-1.37682669E-02
2.26278832E+01	-3.15754922E-01	1.18429855E-02	-1.38095448E-02
1.79969669E+01	-7.27680083E+00	1.18366184E-02	-1.38509741E-02
8.23615677E+00	-1.28695085E+01	1.18302285E-02	-1.38925561E-02
-3.91385924E+00	-1.56703303E+01	1.18238156E-02	-1.39342920E-02
-1.50567570E+01	-1.47884819E+01	1.18173795E-02	-1.39761833E-02
-2.21116086E+01	-1.01347197E+01	1.18109200E-02	-1.40182312E-02
-2.31742343E+01	-2.53907303E+00	1.18044369E-02	-1.40604372E-02
-1.80229140E+01	6.34418785E+00	1.17979299E-02	-1.41028026E-02
-8.13446497E+00	1.43605993E+01	1.17913990E-02	-1.41453288E-02
3.77559607E+00	1.93607347E+01	1.17848438E-02	-1.41880173E-02
1.45377677E+01	1.97743171E+01	1.17782641E-02	-1.42308695E-02
2.14011241E+01	1.50989703E+01	1.17716598E-02	-1.42738868E-02
2.27451237E+01	6.14938079E+00	1.17650306E-02	-1.43170708E-02
1.84438649E+01	-5.03757264E+00	1.17583763E-02	-1.43604229E-02
9.80764861E+00	-1.56552509E+01	1.17516967E-02	-1.44039446E-02
-8.48850978E-01	-2.28430971E+01	1.17449915E-02	-1.44476374E-02
-1.08633429E+01	-2.44807510E+01	1.17382605E-02	-1.44915030E-02
-1.79121961E+01	-1.98328272E+01	1.17315034E-02	-1.45355428E-02
-2.05444597E+01	-9.84172796E+00	1.17247201E-02	-1.45797586E-02
-1.84449272E+01	3.04343832E+00	1.17179104E-02	-1.46241517E-02
-1.23951251E+01	1.54810057E+01	1.17110738E-02	-1.46687240E-02
-3.98397745E+00	2.41376370E+01	1.17042103E-02	-1.47134771E-02
4.82538913E+00	2.66243339E+01	1.16973195E-02	-1.47584126E-02
1.21505525E+01	2.21933993E+01	1.16904013E-02	-1.48035322E-02
1.65641880E+01	1.19831276E+01	1.16834553E-02	-1.48488377E-02
1.73270936E+01	-1.27413565E+00	1.16764813E-02	-1.48943307E-02
1.44638143E+01	-1.40061048E+01	1.16694790E-02	-1.49400131E-02
8.69854496E+00	-2.28023559E+01	1.16624482E-02	-1.49858866E-02
1.28533358E+00	-2.53722329E+01	1.16553886E-02	-1.50319531E-02
-6.23165056E+00	-2.11781143E+01	1.16483000E-02	-1.50782144E-02
-1.22962956E+01	-1.15597050E+01	1.16411820E-02	-1.51246723E-02
-1.56270531E+01	6.82440147E-01	1.16340343E-02	-1.51713288E-02
-1.54759527E+01	1.21144779E+01	1.16268567E-02	-1.52181856E-02
-1.18145509E+01	1.96577585E+01	1.16196490E-02	-1.52652449E-02
-5.39625538E+00	2.14452725E+01	1.16124107E-02	-1.53125085E-02
2.34573586E+00	1.72998773E+01	1.16051417E-02	-1.53599784E-02
9.57560812E+00	8.70808767E+00	1.15978415E-02	-1.54076567E-02
1.44711070E+01	-1.68252151E+00	1.15905100E-02	-1.54555454E-02
1.56919414E+01	-1.08741836E+01	1.15831468E-02	-1.55036465E-02
1.27779212E+01	-1.63865381E+01	1.15757515E-02	-1.55519622E-02
6.35121142E+00	-1.69257258E+01	1.15683240E-02	-1.56004947E-02
-1.96466099E+00	-1.26729849E+01	1.15608638E-02	-1.56492460E-02
-9.92203508E+00	-5.13425350E+00	1.15533706E-02	-1.56982183E-02
-1.52447198E+01	3.37479684E+00	1.15458441E-02	-1.57474140E-02
-1.62856231E+01	1.04327815E+01	1.15382840E-02	-1.57968352E-02
-1.25524565E+01	1.41893913E+01	1.15306898E-02	-1.58464842E-02
-4.92871616E+00	1.38257296E+01	1.15230614E-02	-1.58963634E-02
4.50343838E+00	9.68958618E+00	1.15153983E-02	-1.59464751E-02
1.30146380E+01	3.10142393E+00	1.15077002E-02	-1.59968218E-02
1.80107650E+01	-4.07925341E+00	1.14999666E-02	-1.60474058E-02
1.78202852E+01	-9.98139274E+00	1.14921974E-02	-1.60982296E-02
1.22440942E+01	-1.31918453E+01	1.14843920E-02	-1.61492957E-02
2.68562477E+00	-1.30534768E+01	1.14765501E-02	-1.62006066E-02
-8.19953646E+00	-9.74317686E+00	1.14686713E-02	-1.62521650E-02
-1.72483627E+01	-4.14730209E+00	1.14607552E-02	-1.63039734E-02
-2.17170229E+01	2.40050564E+00	1.14528015E-02	-1.63560345E-02
-2.01127736E+01	8.43609771E+00	1.14448098E-02	-1.64083509E-02
-1.26749058E+01	1.26625797E+01	1.14367795E-02	-1.64609255E-02
-1.34978275E+00	1.41811657E+01	1.14287104E-02	-1.65137610E-02
1.07430797E+01	1.26347958E+01	1.14206020E-02	-1.65668602E-02
2.02013372E+01	8.26247195E+00	1.14124539E-02	-1.66202260E-02
2.43236398E+01	1.86787972E+00	1.14042656E-02	-1.66738613E-02
2.18939708E+01	-5.29642782E+00	1.13960368E-02	-1.67277690E-02
1.35334264E+01	-1.17287832E+01	1.13877669E-02	-1.67819522E-02
1.51747675E+00	-1.59523797E+01	1.13794555E-02	-1.68364139E-02
-1.08821380E+01	-1.68322729E+01	1.13711022E-02	-1.68911572E-02
-2.03308353E+01	-1.38766603E+01	1.13627065E-02	-1.69461852E-02
-2.43623519E+01	-7.44294089E+00	1.13542679E-02	-1.70015011E-02
-2.20382240E+01	1.23073374E+00	1.13457860E-02	-1.70571083E-02
-1.41550468E+01	1.02179335E+01	1.13372602E-02	-1.71130099E-02
-2.95855162E+00	1.73129014E+01	1.13286901E-02	-1.71692094E-02
8.53085976E+00	2.05786216E+01	1.13200751E-02	-1.72257101E-02
1.73694052E+01	1.88971538E+01	1.13114148E-02	-1.72825156E-02
2.14681528E+01	1.23600476E+01	1.13027086E-02	-1.73396293E-02
2.00863214E+01	2.36082124E+00	1.12939560E-02	-1.73970548E-02
1.39252179E+01	-8.67511777E+00	1.12851565E-02	-1.74547958E-02
4.83127381E+00	-1.78830601E+01	1.12763095E-02	-1.75128560E-02
-4.77414761E+00	-2.27294092E+01	1.12674144E-02	-1.75712392E-02
-1.25564760E+01	-2.17456123E+01	1.12584707E-02	-1.76299491E-02
-1.68350744E+01	-1.50033440E+01	1.12494778E-02	-1.76889898E-02
-1.69192668E+01	-4.17068558E+00	1.12404352E-02	-1.77483650E-02
-1.31584988E+01	7.89344863E+00	1.12313422E-02	-1.78080790E-02
-6.73675055E+00	1.79104207E+01	1.12221982E-02	-1.78681357E-02
6.96699726E-01	2.31052526E+01	1.12130026E-02	-1.79285394E-02
7.44361584E+00	2.20126527E+01	1.12037548E-02	-1.79892943E-02
1.21168169E+01	1.49213036E+01	1.11944542E-02	-1.80504047E-02
1.38787289E+01	3.81425920E+00	1.11851001E-02	-1.81118750E-02
1.25385049E+01	-8.18718788E+00	1.11756918E-02	-1.81737098E-02
8.52327021E+00	-1.77178816E+01	1.11662287E-02	-1.82359135E-02
2.75624718E+00	-2.21382986E+01	1.11567101E-02	-1.82984908E-02
-3.52544609E+00	-2.02909895E+01	1.11471352E-02	-1.83614464E-02
-8.98896322E+00	-1.28192583E+01	1.11375035E-02	-1.84247852E-02
-1.24416254E+01	-1.95601038E+00	1.11278141E-02	-1.84885121E-02
-1.30631097E+01	9.14886097E+00	1.11180663E-02	-1.85526320E-02
-1.06005156E+01	1.73560350E+01	1.11082595E-02	-1.86171500E-02
-5.48012987E+00	2.04396151E+01	1.10983927E-02	-1.86820713E-02
1.21226186E+00	1.76991769E+01	1.10884653E-02	-1.87474012E-02
7.91273603E+00	1.01091984E+01	1.10784764E-02	-1.88131450E-02
1.29134735E+01	-2.21611103E-02	1.10684253E-02	-1.88793083E-02
1.47901973E+01	-9.76559401E+00	1.10583112E-02	-1.89458965E-02
1.28177983E+01	-1.64297406E+01	1.10481331E-02	-1.90129155E-02
7.24900601E+00	-1.83093226E+01	1.10378903E-02	-1.90803710E-02
-6.50194104E-01	-1.51112857E+01	1.10275818E-02	-1.91482688E-02
-8.85564441E+00	-7.95521554E+00	1.10172068E-02	-1.92166152E-02
-1.50924354E+01	1.02406460E+00	1.10067644E-02	-1.92854161E-02
-1.74706079E+01	9.32964780E+00	1.09962537E-02	-1.93546778E-02
-1.50685141E+01	1.48062701E+01	1.09856737E-02	-1.94244068E-02
-8.27919185E+00	1.61925047E+01	1.09750235E-02	-1.94946096E-02
1.20886953E+00	1.33818371E+01	1.09643021E-02	-1.95652928E-02
1.08216697E+01	7.35026956E+00	1.09535085E-02	-1.96364631E-02
1.78044405E+01	-1.93094848E-01	1.09426417E-02	-1.97081277E-02
2.00253763E+01	-7.30579755E+00	1.09317007E-02	-1.97802934E-02
1.66381637E+01	-1.23113131E+01	1.09206844E-02	-1.98529675E-02
8.39256923E+00	-1.41699255E+01	1.09095916E-02	-1.99261574E-02
-2.51946540E+00	-1.26487122E+01	1.08984215E-02	-1.99998705E-02
-1.30559098E+01	-8.28373518E+00	1.08871727E-02	-2.00741146E-02
-2.01918219E+01	-2.18123105E+00	1.08758441E-02	-2.01488976E-02
-2.18077512E+01	4.26751059E+00	1.08644347E-02	-2.02242273E-02
-1.73312903E+01	9.68299377E+00	1.08529431E-02	-2.03001119E-02
-7.93279710E+00	1.29513908E+01	1.08413683E-02	-2.03765599E-02
3.79121331E+00	1.34068736E+01	1.08297088E-02	-2.04535798E-02
1.45583008E+01	1.09339078E+01	1.08179635E-02	-2.05311802E-02
2.13458145E+01	5.98920213E+00	1.08061311E-02	-2.06093701E-02
2.22610210E+01	-4.58329675E-01	1.07942102E-02	-2.06881585E-02
1.70779205E+01	-7.07377268E+00	1.07821994E-02	-2.07675549E-02
7.28508341E+00	-1.23872480E+01	1.07700975E-02	-2.08475686E-02
-4.36276064E+00	-1.50902558E+01	1.07579029E-02	-2.09282095E-02
-1.46484525E+01	-1.43502590E+01	1.07456142E-02	-2.10094874E-02
-2.08082395E+01	-1.00705267E+01	1.07332299E-02	-2.10914126E-02
-2.12904287E+01	-3.01228491E+00	1.07207486E-02	-2.11739955E-02
-1.61433411E+01	5.28656316E+00	1.07081687E-02	-2.12572466E-02
-6.93662069E+00	1.28154034E+01	1.06954885E-02	-2.13411770E-02
3.73916550E+00	1.75710008E+01	1.06827064E-02	-2.14257978E-02
1.30295002E+01	1.81021063E+01	1.06698209E-02	-2.15111203E-02
1.86000990E+01	1.39666499E+01	1.06568302E-02	-2.15971563E-02
1.92266420E+01	5.95292800E+00	1.06437325E-02	-2.16839178E-02
1.50406784E+01	-4.03080374E+00	1.06305262E-02	-2.17714169E-02
7.39244956E+00	-1.34022772E+01	1.06172093E-02	-2.18596663E-02
-1.59697393E+00	-1.95864205E+01	1.06037799E-02	-2.19486788E-02
-9.64226814E+00	-2.07482358E+01	1.05902363E-02	-2.20384676E-02
-1.48801093E+01	-1.63611543E+01	1.05765764E-02	-2.21290462E-02
-1.62835662E+01	-7.42818196E+00	1.05627983E-02	-2.22204283E-02
-1.38200343E+01	3.73277205E+00	1.05488998E-02	-2.23126283E-02
-8.34904999E+00	1.40994696E+01	1.05348788E-02	-2.24056606E-02
-1.32500641E+00	2.07881855E+01	1.05207333E-02	-2.24995402E-02
5.59211026E+00	2.18862469E+01	1.05064610E-02	-2.25942823E-02
1.09127764E+01	1.70249465E+01	1.04920596E-02	-2.26899026E-02
1.36023151E+01	7.51410731E+00	1.04775268E-02	-2.27864173E-02
1.32354119E+01	-4.01209056E+00	1.04628602E-02	-2.28838428E-02
1.00200746E+01	-1.43411840E+01	1.04480574E-02	-2.29821962E-02
4.71407771E+00	-2.06033078E+01	1.04331159E-02	-2.30814947E-02
-1.53556269E+00	-2.10946762E+01	1.04180330E-02	-2.31817563E-02
-7.40282630E+00	-1.57594574E+01	1.04028062E-02	-2.32829994E-02
-1.16202910E+01	-6.18871166E+00	1.03874328E-02	-2.33852427E-02
-1.32206928E+01	4.85913382E+00	1.03719098E-02	-2.34885057E-02
-1.17502810E+01	1.42684929E+01	1.03562346E-02	-2.35928082E-02
-7.41059219E+00	1.94632254E+01	1.03404040E-02	-2.36981707E-02
-1.08132463E+00	1.91247132E+01	1.03244152E-02	-2.38046143E-02
5.81046534E+00	1.35264854E+01	1.03082650E-02	-2.39121605E-02
1.15772982E+01	4.40058906E+00	1.02919502E-02	-2.40208317E-02
1.46704793E+01	-5.60756665E+00	1.02754676E-02	-2.41306506E-02
1.41017278E+01	-1.37202926E+01	1.02588137E-02	-2.42416407E-02
9.76990828E+00	-1.78081062E+01	1.02419851E-02	-2.43538265E-02
2.58167791E+00	-1.69458711E+01	1.02249782E-02	-2.44672326E-02
-5.70029465E+00	-1.15994053E+01	1.02077894E-02	-2.45818849E-02
-1.28729236E+01	-3.41393743E+00	1.01904148E-02	-2.46978098E-02
-1.68795714E+01	5.30743926E+00	1.01728506E-02	-2.48150345E-02
-1.64102854E+01	1.22653915E+01	1.01550928E-02	-2.49335870E-02
-1.13353706E+01	1.57710665E+01	1.01371373E-02	-2.50534963E-02
-2.82587243E+00	1.51369571E+01	1.01189797E-02	-2.51747922E-02
6.90138853E+00	1.07680485E+01	1.01006158E-02	-2.52975054E-02
1.51650614E+01	3.96183111E+00	1.00820410E-02	-2.54216676E-02
1.95728353E+01	-3.49575971E+00	1.00632506E-02	-2.55473116E-02
1.87299607E+01	-9.80836204E+00	1.00442398E-02	-2.56744710E-02
1.26865704E+01	-1.35909898E+01	1.00250038E-02	-2.58031807E-02
2.97692831E+00	-1.41414631E+01	1.00055374E-02	-2.59334766E-02
-7.77759659E+00	-1.15222842E+01	9.98583536E-03	-2.60653960E-02
-1.65976099E+01	-6.46766983E+00	9.96589220E-03	-2.61989772E-02
-2.09979385E+01	-1.67582184E-01	9.94570233E-03	-2.63342597E-02
-1.97112449E+01	6.00567246E+00	9.92525995E-03	-2.64712846E-02
-1.30651759E+01	1.07693847E+01	9.90455908E-03	-2.66100943E-02
-2.89693501E+00	1.31596083E+01	9.88359353E-03	-2.67507326E-02
7.97219405E+00	1.26940251E+01	9.86235690E-03	-2.68932448E-02
1.65472276E+01	9.45604849E+00	9.84084259E-03	-2.70376779E-02
2.05142923E+01	4.09149843E+00	9.81904376E-03	-2.71840803E-02
1.88877461E+01	-2.28919652E+00	9.79695333E-03	-2.73325024E-02
1.22626226E+01	-8.30368716E+00	9.77456398E-03	-2.74829963E-02
2.60629717E+00	-1.25694091E+01	9.75186813E-03	-2.76356160E-02
-7.33825633E+00	-1.40138712E+01	9.72885794E-03	-2.77904174E-02
-1.48520896E+01	-1.21583077E+01	9.70552529E-03	-2.79474585E-02
-1.80033528E+01	-7.29643342E+00	9.68186174E-03	-2.81067996E-02
-1.61542453E+01	-4.99468602E-01	9.65785857E-03	-2.82685030E-02
-1.00770064E+01	6.58549715E+00	9.63350674E-03	-2.84326337E-02
-1.66511826E+00	1.21204385E+01	9.60879684E-03	-2.85992589E-02
6.65529295E+00	1.45603305E+01	9.58371915E-03	-2.87684486E-02
1.26280419E+01	1.31070823E+01	9.55826355E-03	-2.89402754E-02
1.47768034E+01	7.99465663E+00	9.53241955E-03	-2.91148148E-02
1.27570530E+01	5.00705770E-01	9.50617624E-03	-2.92921455E-02
7.37119185E+00	-7.34716319E+00	9.47952229E-03	-2.94723492E-02
2.70136897E-01	-1.33105325E+01	9.45244593E-03	-2.96555110E-02
-6.54932878E+00	-1.55823136E+01	9.42493491E-03	-2.98417195E-02
-1.12960803E+01	-1.33446921E+01	9.39697649E-03	-3.00310669E-02
-1.28328021E+01	-7.06679863E+00	9.36855741E-03	-3.02236496E-02
-1.09140770E+01	1.56593778E+00	9.33966386E-03	-3.04195678E-02
-6.17696164E+00	1.00916537E+01	9.31028146E-03	-3.06189261E-02
8.38672808E-02	1.59677530E+01	9.28039523E-03	-3.08218338E-02
6.27439431E+00	1.73239166E+01	9.24998954E-03	-3.10284048E-02
1.08913218E+01	1.35466411E+01	9.21904810E-03	-3.12387583E-02
1.28523088E+01	5.51154158E+00	9.18755391E-03	-3.14530189E-02
1.17050688E+01	-4.61953019E+00	9.15548921E-03	-3.16713167E-02
7.69103305E+00	-1.39896072E+01	9.12283547E-03	-3.18937879E-02
1.67123954E+00	-1.98599232E+01	9.08957331E-03	-3.21205751E-02
-5.05734460E+00	-2.04085068E+01	9.05568248E-03	-3.23518277E-02
-1.10175768E+01	-1.52773871E+01	9.02114179E-03	-3.25877021E-02
-1.48398947E+01	-5.70394108E+00	8.98592907E-03	-3.28283627E-02
-1.55408146E+01	5.80563724E+00	8.95002109E-03	-3.30739814E-02
-1.27486499E+01	1.61674780E+01	8.91339353E-03	-3.33247392E-02
-6.83160552E+00	2.25756874E+01	8.87602089E-03	-3.35808258E-02
1.11151171E+00	2.32761671E+01	8.83787642E-03	-3.38424410E-02
9.42053323E+00	1.80396487E+01	8.79893204E-03	-3.41097946E-02
1.61944437E+01	8.20622802E+00	8.75915827E-03	-3.43831077E-02
1.97137876E+01	-3.70023480E+00	8.71852415E-03	-3.46626130E-02
1.88765362E+01	-1.46672332E+01	8.67699709E-03	-3.49485557E-02
1.35361473E+01	-2.19952226E+01	8.63454283E-03	-3.52411947E-02
4.63650684E+00	-2.39825147E+01	8.59112528E-03	-3.55408028E-02
-5.92183105E+00	-2.03148523E+01	8.54670645E-03	-3.58476686E-02
-1.56823887E+01	-1.20734394E+01	8.50124626E-03	-3.61620970E-02
-2.22210549E+01	-1.38528305E+00	8.45470244E-03	-3.64844105E-02
-2.37779566E+01	9.16562499E+00	8.40703035E-03	-3.68149506E-02
-1.97602645E+01	1.71942827E+01	8.35818284E-03	-3.71540792E-02
-1.09639951E+01	2.10647729E+01	8.30811004E-03	-3.75021803E-02
5.68222651E-01	2.02075553E+01	8.25675919E-03	-3.78596612E-02
1.20364696E+01	1.51517371E+01	8.20407441E-03	-3.82269549E-02
2.06006591E+01	7.29883345E+00	8.14999647E-03	-3.86045220E-02
2.41331569E+01	-1.47511791E+00	8.09446253E-03	-3.89928525E-02
2.17953821E+01	-9.27385999E+00	8.03740587E-03	-3.93924690E-02
1.42702339E+01	-1.45820888E+01	7.97875558E-03	-3.98039288E-02
3.57754077E+00	-1.65354286E+01	7.91843623E-03	-4.02278269E-02
-7.48031393E+00	-1.50244303E+01	7.85636750E-03	-4.06647997E-02
-1.60869283E+01	-1.06387725E+01	7.79246379E-03	-4.11155282E-02
-2.01752712E+01	-4.48685994E+00	7.72663376E-03	-4.15807422E-02
-1.89679293E+01	2.05997257E+00	7.65877987E-03	-4.20612248E-02
-1.31426348E+01	7.64773759E+00	7.58879779E-03	-4.25578173E-02
-4.58294284E+00	1.11987975E+01	7.51657588E-03	-4.30714247E-02
4.20367217E+00	1.21110603E+01	7.44199447E-03	-4.36030217E-02
1.08220134E+01	1.03663988E+01	7.36492519E-03	-4.41536600E-02
1.36605747E+01	6.52678124E+00	7.28523011E-03	-4.47244758E-02
1.23048956E+01	1.61100841E+00	7.20276085E-03	-4.53166984E-02
7.58258109E+00	-3.13400278E+00	7.11735762E-03	-4.59316600E-02
1.24308241E+00	-6.52787065E+00	7.02884805E-03	-4.65708070E-02
-4.61634262E+00	-7.75421697E+00	6.93704598E-03	-4.72357120E-02
-8.19650112E+00	-6.58537854E+00	6.84175003E-03	-4.79280886E-02
-8.51906111E+00	-3.46569157E+00	6.74274202E-03	-4.86498069E-02
-5.67745602E+00	5.85869785E-01	6.63978523E-03	-4.94029122E-02
-7.55404375E-01	4.24548637E+00	6.53262238E-03	-5.01896461E-02
4.54575395E+00	6.26539772E+00	6.42097334E-03	-5.10124704E-02
8.44598308E+00	5.86268094E+00	6.30453264E-03	-5.18740954E-02
9.62507696E+00	2.99783604E+00	6.18296647E-03	-5.27775113E-02
7.60408349E+00	-1.55372651E+00	6.05590942E-03	-5.37260264E-02
2.86800844E+00	-6.37931790E+00	5.92296070E-03	-5.47233097E-02
-3.29124052E+00	-9.82325782E+00	5.78367976E-03	-5.57734422E-02
-9.15225306E+00	-1.04936509E+01	5.63758136E-03	-5.68809763E-02
-1.30453827E+01	-7.73236850E+00	5.48412983E-03	-5.80510062E-02
-1.38018381E+01	-1.89760265E+00	5.32273246E-03	-5.92892509E-02
-1.10541251E+01	5.64505457E+00	5.15273191E-03	-6.06021536E-02
-5.32020197E+00	1.28438010E+01	4.97339729E-03	-6.19970004E-02
2.13512695E+00	1.75190561E+01	4.78391392E-03	-6.34820629E-02
9.61256568E+00	1.80054496E+01	4.58337130E-03	-6.50667716E-02
1.53791642E+01	1.36881667E+01	4.37074909E-03	-6.67619268E-02
1.80612926E+01	5.26559352E+00	4.14490071E-03	-6.85799574E-02
1.69455657E+01	-5.35585539E+00	3.90453409E-03	-7.05352413E-02
1.21314826E+01	-1.55228628E+01	3.64818915E-03	-7.26445045E-02
4.51388555E+00	-2.25339037E+01	3.37421128E-03	-7.49273231E-02
-4.39394818E+00	-2.43827274E+01	3.08072046E-03	-7.74067603E-02
-1.27595158E+01	-2.03350015E+01	2.76557516E-03	-8.01101829E-02
-1.87973614E+01	-1.11699763E+01	2.42633083E-03	-8.30703203E-02
-2.11369450E+01	9.87399800E-01	2.06019260E-03	-8.63266533E-02
-1.91242250E+01	1.32023678E+01	1.66396315E-03	-8.99272619E-02
-1.29954141E+01	2.24883874E+01	1.23398818E-03	-9.39313187E-02
-3.87815244E+00	2.65795518E+01	7.66105557E-04	-9.84125105E-02
6.39655285E+00	2.45077007E+01	2.55611560E-04	-1.03463820E-01
1.56508287E+01	1.68320369E+01	-3.02727844E-04	-1.09204351E-01
2.18234042E+01	5.46789033E+00	-9.14562661E-04	-1.15789299E-01
2.34445200E+01	-6.82814472E+00	-1.58562040E-03	-1.23424932E-01
2.00105329E+01	-1.71690375E+01	-2.32088523E-03	-1.32391794E-01
1.21568302E+01	-2.32507518E+01	-3.12272521E-03	-1.43082049E-01
1.56701824E+00	-2.38843674E+01	-3.98665105E-03	-1.56062264E-01
-9.38163921E+00	-1.92215748E+01	-4.89147056E-03	-1.72184860E-01
-1.81665425E+01	-1.06364200E+01	-5.77521798E-03	-1.92799644E-01
-2.27333864E+01	-3.17521122E-01	-6.47132972E-03	-2.20191319E-01
-2.20184310E+01	9.30557085E+00	-6.51784607E-03	-2.58593228E-01
-1.62363856E+01	1.61472963E+01	-4.47486207E-03	-3.16938869E-01
-6.84627902E+00	1.89196347E+01	5.32880939E-03	-4.18320840E-01
3.80810446E+00	1.73584293E+01	5.92110902E-02	-6.48191067E-01
1.30965075E+01	1.21919732E+01	1.08206015E+00	-1.46654306E+00
1.87827193E+01	4.88607778E+00	2.54287628E-01	4.58215470E-01
1.96031553E+01	-2.75216149E+00	2.63733651E-02	-1.21832735E-01
1.55837123E+01	-9.00761600E+00	2.37218924E-01	-9.56572653E-01
8.00622373E+00	-1.26279755E+01	9.95774099E-01	1.11800036E+00
-9.66033313E-01	-1.30587673E+01	2.28410437E-01	5.46788126E-01
-8.89763291E+00	-1.05066070E+01	1.23614058E-01	3.56220680E-01
-1.37522793E+01	-5.83378571E+00	8.58130092E-02	2.64679804E-01
-1.44365917E+01	-3.20106960E-01	6.66739411E-02	2.10118328E-01
-1.10653427E+01	4.65002051E+00	5.51850252E-02	1.73553002E-01
-4.87915091E+00	7.90735648E+00	4.75462424E-02	1.47190503E-01
2.15324601E+00	8.75854872E+00	4.21091750E-02	1.27210663E-01
7.92589676E+00	7.13446235E+00	3.80460880E-02	1.11507266E-01
1.08047962E+01	3.59440134E+00	3.48966999E-02	9.88178466E-02
1.00799016E+01	-8.17145656E-01	3.23850297E-02	8.83368935E-02
6.13521180E+00	-4.83323408E+00	3.03357203E-02	7.95249083E-02
2.97490639E-01	-7.28981500E+00	2.86320978E-02	7.20062694E-02
-5.58179933E+00	-7.43737976E+00	2.71935679E-02	6.55110200E-02
-9.68198555E+00	-5.15903380E+00	2.59626983E-02	5.98399384E-02
-1.07421770E+01	-1.03148438E+00	2.48974730E-02	5.48426680E-02
-8.41384639E+00	3.79924180E+00	2.39664560E-02	5.04035241E-02
-3.34335844E+00	7.90801994E+00	2.31456651E-02	4.64319964E-02
3.02896263E+00	9.97959440E+00	2.24164912E-02	4.28562239E-02
8.88661819E+00	9.19488708E+00	2.17642761E-02	3.96184065E-02
1.25478335E+01	5.50462532E+00	2.11773195E-02	3.66715128E-02
1.29261991E+01	-2.97098627E-01	2.06461700E-02	3.39768742E-02
9.81852756E+00	-6.73619910E+00	2.01631107E-02	3.15023993E-02
3.95011252E+00	-1.20297714E+01	1.97217794E-02	2.92212272E-02
-3.22453859E+00	-1.45730082E+01	1.93168846E-02	2.71107009E-02
-9.90374202E+00	-1.34092327E+01	1.89439899E-02	2.51515728E-02
-1.43985753E+01	-8.54625126E+00	1.85993478E-02	2.33273854E-02
-1.55525590E+01	-1.01831070E+00	1.82797718E-02	2.16239815E-02
-1.30199771E+01	7.33896929E+00	1.79825349E-02	2.00291152E-02
-7.34188770E+00	1.43518065E+01	1.77052902E-02	1.85321387E-02
1.89857573E-01	1.80894759E+01	1.74460068E-02	1.71237497E-02
7.84095653E+00	1.74041356E+01	1.72029183E-02	1.57957843E-02
1.38391691E+01	1.22755153E+01	1.69744814E-02	1.45410479E-02
1.67814742E+01	3.85720597E+00	1.67593417E-02	1.33531751E-02
1.59538236E+01	-5.79696139E+00	1.65563058E-02	1.22265134E-02
1.14950990E+01	-1.42581361E+01	1.63643180E-02	1.11560257E-02
4.37119473E+00	-1.93590730E+01	1.61824407E-02	1.01372084E-02
-3.83486926E+00	-1.97690772E+01	1.60098392E-02	9.16602304E-03
-1.12725500E+01	-1.53500295E+01	1.58457669E-02	8.23883683E-03
-1.62389451E+01	-7.19636233E+00	1.56895550E-02	7.35237333E-03
-1.75695625E+01	2.65106032E+00	1.55406019E-02	6.50366950E-03
-1.49167710E+01	1.17380915E+01	1.53983652E-02	5.69003899E-03
-8.84883172E+00	1.78323710E+01	1.52623548E-02	4.90904051E-03
-7.39403825E-01	1.94902954E+01	1.51321265E-02	4.15845037E-03
7.53591632E+00	1.64079645E+01	1.50072767E-02	3.43623872E-03
1.40328969E+01	9.46977900E+00	1.48874383E-02	2.74054876E-03
1.72034635E+01	4.91153172E-01	1.47722760E-02	2.06967862E-03
1.62797860E+01	-8.26760840E+00	1.46614835E-02	1.42206544E-03
1.14787943E+01	-1.46825374E+01	1.45547801E-02	7.96271429E-04
3.96798340E+00	-1.72898132E+01	1.44519083E-02	1.90971479E-04
-4.40860665E+00	-1.56216720E+01	1.43526313E-02	-3.95057689E-04
-1.15831237E+01	-1.02785512E+01	1.42567309E-02	-9.62947202E-04
-1.57844393E+01	-2.73250390E+00	1.41640060E-02	-1.51374461E-03
-1.59928176E+01	5.07528998E+00	1.40742706E-02	-2.04842152E-03
-1.22073857E+01	1.12324709E+01	1.39873526E-02	-2.56788041E-03
-5.45110302E+00	1.43214748E+01	1.39030925E-02	-3.07296075E-03
2.49350674E+00	1.37416054E+01	1.38213423E-02	-3.56444442E-03
9.55175643E+00	9.81687824E+00	1.37419643E-02	-4.04306066E-03
1.39044572E+01	3.67490641E+00	1.36648305E-02	-4.50949044E-03
1.44688473E+01	-3.06259649E+00	1.35898216E-02	-4.96437047E-03
1.11820346E+01	-8.69493163E+00	1.35168261E-02	-5.40829678E-03
5.00912000E+00	-1.18599320E+01	1.34457400E-02	-5.84182796E-03
-2.32657260E+00	-1.18549529E+01	1.33764660E-02	-6.26548810E-03
-8.81714796E+00	-8.78885153E+00	1.33089130E-02	-6.67976947E-03
-1.27173987E+01	-3.53402757E+00	1.32429956E-02	-7.08513495E-03
-1.30154320E+01	2.50539580E+00	1.31786336E-02	-7.48202024E-03
-9.69838162E+00	7.75098116E+00	1.31157516E-02	-7.87083583E-03
-3.74244345E+00	1.08462476E+01	1.30542790E-02	-8.25196891E-03
3.16687598E+00	1.09963595E+01	1.29941491E-02	-8.62578500E-03
9.10431789E+00	8.16880704E+00	1.29352991E-02	-8.99262948E-03
1.24333663E+01	3.10491082E+00	1.28776698E-02	-9.35282905E-03
1.22488471E+01	-2.86326534E+00	1.28212053E-02	-9.70669298E-03
8.61484416E+00	-8.14861024E+00	1.27658528E-02	-1.00545143E-02
2.53705142E+00	-1.13163590E+01	1.27115626E-02	-1.03965709E-02
-4.31827634E+00	-1.14616871E+01	1.26582872E-02	-1.07331267E-02
-1.00787629E+01	-8.45991588E+00	1.26059822E-02	-1.10644320E-02
-1.31692592E+01	-3.02062177E+00	1.25546050E-02	-1.13907253E-02
-1.27296486E+01	3.47509202E+00	1.25041155E-02	-1.17122332E-02
-8.83858400E+00	9.31918758E+00	1.24544755E-02	-1.20291715E-02
-2.48822176E+00	1.29189486E+01	1.24056489E-02	-1.23417461E-02
4.67883705E+00	1.32234597E+01	1.23576012E-02	-1.26501531E-02
1.07981468E+01	1.00205760E+01	1.23102996E-02	-1.29545798E-02
1.42647882E+01	4.02089204E+00	1.22637131E-02	-1.32552051E-02
1.41441466E+01	-3.30076072E+00	1.22178119E-02	-1.35522001E-02
1.04094539E+01	-1.00716659E+01	1.21725677E-02	-1.38457285E-02
3.94903570E+00	-1.45038080E+01	1.21279537E-02	-1.41359468E-02
-3.65551923E+00	-1.53671088E+01	1.20839439E-02	-1.44230051E-02
-1.05227061E+01	-1.23268997E+01	1.20405140E-02	-1.47070475E-02
-1.49374516E+01	-6.05271018E+00	1.19976404E-02	-1.49882119E-02
-1.57756184E+01	1.93508720E+00	1.19553007E-02	-1.52666309E-02
-1.27832896E+01	9.64459306E+00	1.19134735E-02	-1.55424319E-02
-6.64338378E+00	1.51205790E+01	1.18721383E-02	-1.58157374E-02
1.18628919E+00	1.69490786E+01	1.18312753E-02	-1.60866653E-02
8.82442374E+00	1.46258294E+01	1.17908660E-02	-1.63553290E-02
1.44223662E+01	8.69148095E+00	1.17508921E-02	-1.66218380E-02
1.66147787E+01	5.97878284E-01	1.17113365E-02	-1.68862977E-02
1.48552166E+01	-7.65957985E+00	1.16721826E-02	-1.71488098E-02
9.55395362E+00	-1.40475148E+01	1.16334145E-02	-1.74094726E-02
1.98264591E+00	-1.70069540E+01	1.15950170E-02	-1.76683812E-02
-6.03296903E+00	-1.58410708E+01	1.15569755E-02	-1.79256272E-02
-1.25587078E+01	-1.08807430E+01	1.15192759E-02	-1.81812997E-02
-1.60269951E+01	-3.38897352E+00	1.14819047E-02	-1.84354845E-02
-1.56235105E+01	4.76737077E+00	1.14448490E-02	-1.86882652E-02
-1.14880350E+01	1.15914670E+01	1.14080963E-02	-1.89397227E-02
-4.67756501E+00	1.54540796E+01	1.13716346E-02	-1.91899353E-02
3.10068184E+00	1.54895634E+01	1.13354525E-02	-1.94389793E-02
9.92001262E+00	1.17935935E+01	1.12995388E-02	-1.96869288E-02
1.41197722E+01	5.37776549E+00	1.12638828E-02	-1.99338559E-02
1.47215969E+01	-2.10218026E+00	1.12284745E-02	-2.01798307E-02
1.16694556E+01	-8.77198554E+00	1.11933038E-02	-2.04249214E-02
5.83178191E+00	-1.30094420E+01	1.11583614E-02	-2.06691947E-02
-1.23414354E+00	-1.38422959E+01	1.11236381E-02	-2.09127155E-02
-7.69321099E+00	-1.11762303E+01	1.10891251E-02	-2.11555471E-02
-1.19106415E+01	-5.79938332E+00	1.10548141E-02	-2.13977515E-02
-1.28717836E+01	8.34125820E-01	1.10206970E-02	-2.16393892E-02
-1.04341631E+01	6.98461571E+00	1.09867659E-02	-2.18805195E-02
-5.34754306E+00	1.10741672E+01	1.09530134E-02	-2.21212003E-02
9.60325738E-01	1.20879409E+01	1.09194323E-02	-2.23614884E-02
6.77261187E+00	9.82856310E+00	1.08860159E-02	-2.26014396E-02
1.05419361E+01	4.95961090E+00	1.08527573E-02	-2.28411084E-02
1.12966392E+01	-1.17276250E+00	1.08196505E-02	-2.30805485E-02
8.88862831E+00	-6.89486684E+00	1.07866893E-02	-2.33198127E-02
4.02017592E+00	-1.06466014E+01	1.07538680E-02	-2.35589529E-02
-1.95375098E+00	-1.13950614E+01	1.07211810E-02	-2.37980200E-02
-7.39219260E+00	-8.91264864E+00	1.06886233E-02	-2.40370645E-02
-1.08054260E+01	-3.84525887E+00	1.06561897E-02	-2.42761357E-02
-1.12477780E+01	2.45031591E+00	1.06238757E-02	-2.45152827E-02
-8.56475608E+00	8.26042300E+00	1.05916767E-02	-2.47545537E-02
-3.43259731E+00	1.19693994E+01	1.05595886E-02	-2.49939963E-02
2.81745826E+00	1.24960789E+01	1.05276075E-02	-2.52336577E-02
8.54301945E+00	9.59525227E+00	1.04957298E-02	-2.54735845E-02
1.22136539E+01	3.94105202E+00	1.04639520E-02	-2.57138230E-02
1.28057605E+01	-3.03406718E+00	1.04322710E-02	-2.59544187E-02
1.00700546E+01	-9.50606745E+00	1.04006841E-02	-2.61954172E-02
4.60505742E+00	-1.37372032E+01	1.03691887E-02	-2.64368634E-02
-2.28174952E+00	-1.45390601E+01	1.03377825E-02	-2.66788019E-02
-8.89131626E+00	-1.15969385E+01	1.03064636E-02	-2.69212773E-02
-1.35516268E+01	-5.56742685E+00	1.02752304E-02	-2.71643336E-02
-1.50353568E+01	2.07909007E+00	1.02440815E-02	-2.74080147E-02
-1.28740339E+01	9.43122010E+00	1.02130159E-02	-2.76523645E-02
-7.49024806E+00	1.46272413E+01	1.01820330E-02	-2.78974265E-02
-1.12553187E-01	1.63347459E+01	1.01511326E-02	-2.81432441E-02
7.51008902E+00	1.40934957E+01	1.01203147E-02	-2.83898608E-02
1.35282801E+01	8.43255604E+00	1.00895799E-02	-2.86373197E-02
1.64461249E+01	7.32983201E-01	1.00589290E-02	-2.88856641E-02
1.54977718E+01	-7.12561847E+00	1.00283635E-02	-2.91349372E-02
1.08512380E+01	-1.32406019E+01	9.99788512E-03	-2.93851822E-02
3.58437309E+00	-1.61599805E+01	9.96749635E-03	-2.96364423E-02
-4.56680019E+00	-1.52338449E+01	9.93720003E-03	-2.98887608E-02
-1.16297433E+01	-1.07576427E+01	9.90699964E-03	-3.01421812E-02
-1.58845001E+01	-3.87713226E+00	9.87689926E-03	-3.03967467E-02
-1.62973380E+01	3.71384178E+00	9.84690365E-03	-3.06525010E-02
-1.27867185E+01	1.02007167E+01	9.81701826E-03	-3.09094878E-02
-6.24972285E+00	1.40907742E+01	9.78724933E-03	-3.11677510E-02
1.66230662E+00	1.45618639E+01	9.75760391E-03	-3.14273345E-02
8.96454509E+00	1.16361294E+01	9.72808998E-03	-3.16882827E-02
1.38484229E+01	6.14387335E+00	9.69871645E-03	-3.19506400E-02
1.51471250E+01	-5.05078359E-01	9.66949334E-03	-3.22144510E-02
1.26332492E+01	-6.67995974E+00	9.64043180E-03	-3.24797607E-02
7.06838777E+00	-1.09271473E+01	9.61154425E-03	-3.27466142E-02
-9.50494069E-03	-1.23120326E+01	9.58284448E-03	-3.30150570E-02
-6.70407852E+00	-1.06260860E+01	9.55434782E-03	-3.32851347E-02
-1.12707456E+01	-6.41474493E+00	9.52607125E-03	-3.35568933E-02
-1.25803741E+01	-8.24560769E-01	9.49803357E-03	-3.38303792E-02
-1.04106192E+01	4.69034679E+00	9.47025564E-03	-3.41056388E-02
-5.48681148E+00	8.73094626E+00	9.44276052E-03	-3.43827190E-02
7.36131821E-01	1.02984662E+01	9.41557376E-03	-3.46616670E-02
6.48760481E+00	9.03991344E+00	9.38872367E-03	-3.49425301E-02
1.01742896E+01	5.33466678E+00	9.36224162E-03	-3.52253561E-02
1.08150847E+01	1.99552068E-01	9.33616240E-03	-3.55101928E-02
8.29908170E+00	-4.96739961E+00	9.31052463E-03	-3.57970884E-02
3.39885548E+00	-8.74473977E+00	9.28537121E-03	-3.60860914E-02
-2.45956756E+00	-1.00601089E+01	9.26074989E-03	-3.63772502E-02
-7.60152417E+00	-8.48329681E+00	9.23671386E-03	-3.66706137E-02
-1.05683500E+01	-4.36128906E+00	9.21332248E-03	-3.69662308E-02
-1.05136049E+01	1.24682009E+00	9.19064210E-03	-3.72641503E-02
-7.42513195E+00	6.82745246E+00	9.16874705E-03	-3.75644215E-02
-2.11783057E+00	1.08039577E+01	9.14772079E-03	-3.78670935E-02
3.99433177E+00	1.19639226E+01	9.12765721E-03	-3.81722155E-02
9.27993326E+00	9.80892772E+00	9.10866227E-03	-3.84798369E-02
1.23202701E+01	4.72751634E+00	9.09085588E-03	-3.87900074E-02
1.22747997E+01	-2.06542657E+00	9.07437414E-03	-3.91027769E-02
9.09039736E+00	-8.81871948E+00	9.05937208E-03	-3.94181965E-02
3.50709579E+00	-1.36964955E+01	9.04602700E-03	-3.97363185E-02
-3.13362319E+00	-1.52749670E+01	9.03454244E-03	-4.00571976E-02
-9.22354190E+00	-1.29493339E+01	9.02515324E-03	-4.03808928E-02
-1.32792454E+01	-7.13433252E+00	9.01813167E-03	-4.07074698E-02
-1.42954499E+01	8.05693739E-01	9.01379528E-03	-4.10370055E-02
-1.19790609E+01	8.88836244E+00	9.01251686E-03	-4.13695952E-02
-6.81427586E+00	1.50241431E+01	9.01473742E-03	-4.17053646E-02
5.08652359E-02	1.75714039E+01	9.02098342E-03	-4.20444906E-02
7.06668144E+00	1.57842185E+01	9.03189042E-03	-4.23872362E-02
1.26322780E+01	1.00277652E+01	9.04823685E-03	-4.27340154E-02
1.54568399E+01	1.69840041E+00	9.07099522E-03	-4.30855140E-02
1.48536108E+01	-7.13338224E+00	9.10141685E-03	-4.34429302E-02
1.09028412E+01	-1.42619200E+01	9.14119032E-03	-4.38084878E-02
4.44676473E+00	-1.79213814E+01	9.19279398E-03	-4.41866432E-02
-3.08593039E+00	-1.72411371E+01	9.26048513E-03	-4.45873252E-02
-9.99255778E+00	-1.24597602E+01	9.35410266E-03	-4.50365331E-02
-1.46810995E+01	-4.84358171E+00	9.51263767E-03	-4.56240123E-02
-1.60428310E+01	3.66254857E+00	1.02025784E-02	-4.68727090E-02
-1.37261169E+01	1.09523095E+01	1.09718450E-02	-4.35483637E-02
-8.24168532E+00	1.53001018E+01	1.00115118E-02	-4.50448997E-02
-8.64912624E-01	1.57838706E+01	1.01484316E-02	-4.56205407E-02
6.65229327E+00	1.24820506E+01	1.04269304E-02	-4.59760559E-02
1.24989785E+01	6.40366014E+00	1.08225091E-02	-4.62077670E-02
1.52536473E+01	-8.16053992E-01	1.13770164E-02	-4.63078335E-02
1.42505360E+01	-7.36163334E+00	1.21835841E-02	-4.62087093E-02
9.76447305E+00	-1.17008380E+01	1.34409682E-02	-4.57361553E-02
2.95724686E+00	-1.29453460E+01	1.56448023E-02	-4.43905783E-02
-4.41061522E+00	-1.10243929E+01	2.04229953E-02	-4.00621066E-02
-1.04345557E+01	-6.64212719E+00	3.10036625E-02	-7.57263000E-03
-1.35698186E+01	-1.04720389E+00	-2.20251693E-02	-4.94079761E-02
-1.30480340E+01	4.31214194E+00	-7.01188958E-03	-4.01903020E-02
-9.08899642E+00	8.15297246E+00	-1.75371519E-02	-8.07288865E-02
-2.84348814E+00	9.65270108E+00	2.60346092E-03	-7.51258907E-02
3.92278111E+00	8.61085607E+00	4.08913068E-02	-8.04651394E-02
9.31989424E+00	5.45231304E+00	9.23334419E-03	-4.97107547E-02
1.18627195E+01	1.08581411E+00	2.38982773E-02	-6.01964556E-02
1.08879170E+01	-3.33780468E+00	1.71828107E-04	-3.78874187E-02
6.73848079E+00	-6.70648647E+00	6.42705155E-04	-4.84440415E-02
6.61096110E-01	-8.20380129E+00	1.63198126E-03	-5.15688004E-02
-5.55546366E+00	-7.48911650E+00	2.25565481E-03	-5.32619574E-02
-1.00970176E+01	-4.76716361E+00	2.68001051E-03	-5.44457052E-02
-1.16461827E+01	-7.35761254E-01	2.98910515E-03	-5.53962994E-02
-9.75881081E+00	3.57642308E+00	3.22872064E-03	-5.62269649E-02
-4.98628886E+00	7.04934986E+00	3.43134372E-03	-5.69953020E-02
1.28987551E+00	8.73947378E+00	3.63719142E-03	-5.77398368E-02
7.26055804E+00	8.11836389E+00	3.97366192E-03	-5.85001782E-02
1.12095637E+01	5.22573407E+00	5.62734648E-03	-5.80791320E-02
1.20007117E+01	6.93902091E-01	3.14507359E-03	-5.89485060E-02
9.39251099E+00	-4.37399276E+00	3.35650490E-03	-5.99537354E-02
4.09435429E+00	-8.65585817E+00	3.45071613E-03	-6.06994295E-02
-2.44533718E+00	-1.09411530E+01	3.49700016E-03	-6.13947840E-02
-8.45173949E+00	-1.04613061E+01	3.51785078E-03	-6.20756086E-02
-1.23151288E+01	-7.13149173E+00	3.52216543E-03	-6.27535796E-02
-1.30220173E+01	-1.62885192E+00	3.51435057E-03	-6.34340129E-02
-1.04098513E+01	4.73072841E+00	3.49695404E-03	-6.41199008E-02
-5.18399449E+00	1.03023570E+01	3.47161506E-03	-6.48131955E-02
1.29554906E+00	1.35385453E+01	3.43946979E-03	-6.55153146E-02
7.38813309E+00	1.34219422E+01	3.40134822E-03	-6.62273739E-02
1.15992965E+01	9.78196476E+00	3.35787985E-03	-6.69503076E-02
1.29466812E+01	3.39606786E+00	3.30955511E-03	-6.76849355E-02
1.11765381E+01	-4.16878210E+00	3.25676365E-03	-6.84320052E-02
6.78847634E+00	-1.09462761E+01	3.19981929E-03	-6.91922179E-02
8.78259250E-01	-1.50948022E+01	3.13897717E-03	-6.99662472E-02
-5.14808087E+00	-1.54124304E+01	3.07444593E-03	-7.07547519E-02
-9.91090952E+00	-1.16946613E+01	3.00639657E-03	-7.15583856E-02
-1.23640780E+01	-4.82542425E+00	2.93496913E-03	-7.23778042E-02
-1.20085324E+01	3.43501395E+00	2.86027772E-03	-7.32136719E-02
-8.97632842E+00	1.09144726E+01	2.78241453E-03	-7.40666663E-02
-3.97934224E+00	1.56196872E+01	2.70145289E-03	-7.49374829E-02
1.85699574E+00	1.62875375E+01	2.61744975E-03	-7.58268388E-02
7.23663988E+00	1.27387764E+01	2.53044769E-03	-7.67354765E-02
1.09648590E+01	5.93132537E+00	2.44047649E-03	-7.76641673E-02
1.21993804E+01	-2.30374214E+00	2.34755445E-03	-7.86137146E-02
1.06347116E+01	-9.76873773E+00	2.25168943E-03	-7.95849577E-02
6.58269620E+00	-1.45037823E+01	2.15287973E-03	-8.05787748E-02
9.27289910E-01	-1.53173397E+01	2.05111476E-03	-8.15960869E-02
-5.04738653E+00	-1.20944723E+01	1.94637561E-03	-8.26378612E-02
-9.93086942E+00	-5.80079735E+00	1.83863547E-03	-8.37051155E-02
-1.25109215E+01	1.81100764E+00	1.72786000E-03	-8.47989222E-02
-1.20777877E+01	8.70078410E+00	1.61400756E-03	-8.59204128E-02
-8.63113072E+00	1.30998950E+01	1.49702938E-03	-8.70707829E-02
-2.92626971E+00	1.39721729E+01	1.37686968E-03	-8.82512974E-02
3.66984573E+00	1.12543315E+01	1.25346569E-03	-8.94632964E-02
9.49451063E+00	5.82168810E+00	1.12674766E-03	-9.07082014E-02
1.30084994E+01	-7.95103888E-01	9.96638758E-04	-9.19875224E-02
1.32131088E+01	-6.84923023E+00	8.63054966E-04	-9.33028653E-02
9.94885661E+00	-1.08435087E+01	7.25904873E-04	-9.46559403E-02
3.98241836E+00	-1.18965423E+01	5.85089456E-04	-9.60485715E-02
-3.15855001E+00	-9.92101510E+00	4.40501786E-04	-9.74827067E-02
-9.57279361E+00	-5.58473248E+00	2.92026683E-04	-9.89604294E-02
-1.34977984E+01	-8.56670578E-02	1.39540311E-04	-1.00483971E-01
-1.38065678E+01	5.18262758E+00	-1.70902846E-05	-1.02055726E-01
-1.03444305E+01	8.98002260E+00	-1.78007710E-04	-1.03678265E-01
-4.00097954E+00	1.04969709E+01	-3.43364823E-04	-1.05354359E-01
3.51433560E+00	9.50346087E+00	-5.13325410E-04	-1.07086992E-01
1.01378999E+01	6.35249185E+00	-6.88064947E-04	-1.08879387E-01
1.40302527E+01	1.85678202E+00	-8.67771455E-04	-1.10735037E-01
1.41009871E+01	-2.91842263E+00	-1.05264645E-03	-1.12657723E-01
1.03258153E+01	-6.89440363E+00	-1.24290598E-03	-1.14651561E-01
3.75995996E+00	-9.20153715E+00	-1.43878187E-03	-1.16721028E-01
-3.75928784E+00	-9.34830270E+00	-1.64052294E-03	-1.18871017E-01
-1.01358586E+01	-7.31310378E+00	-1.84839653E-03	-1.21106880E-01
-1.36116299E+01	-3.54756113E+00	-2.06269007E-03	-1.23434492E-01
-1.32623152E+01	1.10929091E+00	-2.28371284E-03	-1.25860320E-01
-9.24877608E+00	5.59558343E+00	-2.51179791E-03	-1.28391500E-01
-2.75352538E+00	8.84701688E+00	-2.74730423E-03	-1.31035936E-01
4.37402273E+00	1.00362151E+01	-2.99061884E-03	-1.33802412E-01
1.01547077E+01	8.78236123E+00	-3.24215929E-03	-1.36700724E-01
1.30392886E+01	5.27837405E+00	-3.50237599E-03	-1.39741844E-01
1.23286278E+01	2.91908538E-01	-3.77175463E-03	-1.42938108E-01
8.33851493E+00	-4.97920638E+00	-4.05081829E-03	-1.46303456E-01
2.27205181E+00	-9.18007317E+00	-4.34012896E-03	-1.49853720E-01
-4.15100997E+00	-1.11437961E+01	-4.64028814E-03	-1.53606975E-01
-9.19078818E+00	-1.02217613E+01	-4.95193537E-03	-1.57583988E-01
-1.15626987E+01	-6.50361800E+00	-5.27574363E-03	-1.61808776E-01
-1.07598582E+01	-8.51022268E-01	-5.61240916E-03	-1.66309319E-01
-7.14296041E+00	5.28463761E+00	-5.96263221E-03	-1.71118486E-01
-1.78972175E+00	1.02287208E+01	-6.32708232E-03	-1.76275242E-01
3.83596517E+00	1.25431492E+01	-6.70633787E-03	-1.81826263E-01
8.29033843E+00	1.14515965E+01	-7.10078156E-03	-1.87828126E-01
1.05162280E+01	7.10128479E+00	-7.51041952E-03	-1.94350337E-01
1.00775391E+01	5.71899198E-01	-7.93456534E-03	-2.01479640E-01
7.21572296E+00	-6.38755011E+00	-8.37127809E-03	-2.09326285E-01
2.73487085E+00	-1.18316785E+01	-8.81633788E-03	-2.18033472E-01
-2.23480880E+00	-1.41718188E+01	-9.26131610E-03	-2.27792094E-01
-6.52258809E+00	-1.26483601E+01	-9.68978556E-03	-2.38864818E-01
-9.17967523E+00	-7.57831822E+00	-1.00694732E-02	-2.51627571E-01
-9.66490981E+00	-2.96190589E-01	-1.03348789E-02	-2.66645859E-01
-7.92748148E+00	7.20412106E+00	-1.03452593E-02	-2.84827324E-01
-4.38672383E+00	1.28281679E+01	-9.77046770E-03	-3.07761252E-01
1.72604326E-01	1.49796112E+01	-7.72546177E-03	-3.38592590E-01
4.76252419E+00	1.30226480E+01	-1.26912443E-03	-3.84797398E-01
8.38309883E+00	7.47051862E+00	2.41288184E-02	-4.70443393E-01
1.02155961E+01	-1.56959218E-01	2.65020865E-01	-7.12949873E-01
9.79077636E+00	-7.76547572E+00	3.53094172E-02	2.85286580E-02
7.10451455E+00	-1.32806262E+01	-1.22553779E-01	-3.94343581E-01
2.65343428E+00	-1.52301790E+01	4.29532872E-01	-2.40022604E-01
-2.63025702E+00	-1.31455910E+01	1.08391145E-01	-2.71398759E-01
-7.54958662E+00	-7.67044697E+00	6.51652605E-02	-3.73947212E-01
-1.08992456E+01	-3.52165450E-01	6.62498022E-02	-4.94956718E-01
-1.17593170E+01	6.81339561E+00	1.26575817E-01	-7.01845395E-01
-9.75588016E+00	1.19453225E+01	7.49391101E-01	-1.25670471E+00
-5.21232026E+00	1.37844008E+01	3.73812358E-02	4.09631173E-01
8.67581349E-01	1.20029148E+01	-2.91692693E-01	-7.56760235E-01
7.00400445E+00	7.24149638E+00	1.61734797E+00	7.18818504E-02
1.15989494E+01	8.79848379E-01	6.45503935E-01	-6.84193630E-02
1.33625566E+01	-5.37652692E+00	1.23550780E+00	-4.28258589E-01
1.16912578E+01	-9.96565625E+00	-7.93533534E-02	9.45825577E-01
6.88230869E+00	-1.18616129E+01	-9.99271920E-02	2.06423994E-01
1.06977959E-01	-1.07912211E+01	-6.74301911E-02	-5.63575235E-02
-6.86920968E+00	-7.23482775E+00	-3.35374409E-02	-3.55052249E-01
-1.21548327E+01	-2.23481133E+00	8.70828050E-01	-1.36900412E+00
-1.42630219E+01	2.91525928E+00	4.45831451E-01	5.72946181E-01
-1.25501958E+01	7.00587179E+00	2.38221723E-01	1.96320728E-01
-7.42810439E+00	9.18406764E+00	5.43318443E-01	2.20542438E-02
-2.76109158E-01	9.10660668E+00	-1.26333649E-01	4.98788684E-01
6.93162426E+00	6.95753290E+00	-9.49074324E-02	1.69214994E-01
1.21822610E+01	3.35011405E+00	-7.20291972E-02	5.08109688E-02
1.40030999E+01	-8.44498998E-01	-5.36744576E-02	-6.24208627E-02
1.18912406E+01	-4.69410711E+00	2.47992620E-01	-3.43821630E-01
6.46384875E+00	-7.38803249E+00	4.06566641E-02	1.69237116E-01
-7.18762702E-01	-8.37981890E+00	-2.44018429E-02	5.07199610E-02
-7.60663822E+00	-7.47733831E+00	-3.79278978E-02	-5.82522639E-03
-1.22558904E+01	-4.87498647E+00	-4.44145544E-02	-4.58567184E-02
-1.33892796E+01	-1.12498607E+00	-4.91387440E-02	-7.95139898E-02
-1.07556599E+01	2.95386872E+00	-5.34345404E-02	-1.10516151E-01
-5.18426993E+00	6.42645149E+00	-5.78010981E-02	-1.40764793E-01
1.67711356E+00	8.43515204E+00	-6.24958778E-02	-1.71523243E-01
7.85621283E+00	8.40541798E+00	-6.77010130E-02	-2.03839706E-01
1.16310593E+01	6.21603642E+00	-7.35854312E-02	-2.38755146E-01
1.20143260E+01	2.28200603E+00	-8.03368550E-02	-2.77450971E-01
9.00851527E+00	-2.49086883E+00	-8.81864089E-02	-3.21401490E-01
3.56659483E+00	-6.89148946E+00	-9.74356639E-02	-3.72579448E-01
-2.71740609E+00	-9.70005842E+00	-1.08493179E-01	-4.33779242E-01
-8.08499793E+00	-1.00263010E+01	-1.21928535E-01	-5.09176378E-01
-1.11107706E+01	-7.59455839E+00	-1.38554143E-01	-6.05376067E-01
-1.10773800E+01	-2.88271583E+00	-1.59542856E-01	-7.33552733E-01
-8.12970018E+00	2.94535606E+00	-1.86547658E-01	-9.14293939E-01
-3.18085053E+00	8.31699206E+00	-2.21482115E-01	-1.19019396E+00
2.38388508E+00	1.16751732E+01	-2.63263350E-01	-1.66576877E+00
7.10592195E+00	1.19349634E+01	-2.73648245E-01	-2.68070690E+00
9.83654861E+00	8.83549320E+00	5.42648972E-01	-6.15580630E+00
1.00031517E+01	3.07168676E+00	1.13562618E+01	7.02760932E+00
7.70147784E+00	-3.85062877E+00	1.66157409E+00	3.49132050E+00
3.61154575E+00	-1.00106180E+01	7.74425464E-01	2.08182196E+00
-1.21792337E+00	-1.36142049E+01	4.94924275E-01	1.48728914E+00
-5.64471200E+00	-1.35253549E+01	3.62706033E-01	1.16196197E+00
-8.69387394E+00	-9.62567690E+00	2.86576191E-01	9.56886629E-01
-9.74825614E+00	-2.88660942E+00	2.37365470E-01	8.15697756E-01
-8.64164542E+00	4.87802674E+00	2.03041256E-01	7.12463694E-01
-5.65513205E+00	1.15147918E+01	1.77778414E-01	6.33610432E-01
-1.43581045E+00	1.51449067E+01	1.58427068E-01	5.71349294E-01
3.13629031E+00	1.47092834E+01	1.43139841E-01	5.20892945E-01
7.10914666E+00	1.02815445E+01	1.30763684E-01	4.79137046E-01
9.62834719E+00	3.05443846E+00	1.20542590E-01	4.43980411E-01
1.00980026E+01	-4.99738951E+00	1.11960679E-01	4.13949980E-01
8.31254843E+00	-1.16785352E+01	1.04654100E-01	3.87982306E-01
4.53369229E+00	-1.51920880E+01	9.83589909E-02	3.65290320E-01
-5.14960188E-01	-1.46359980E+01	9.28794114E-02	3.45278932E-01
-5.75507936E+00	-1.02351844E+01	8.80668509E-02	3.27489777E-01
-9.96173906E+00	-3.24926915E+00	8.38067219E-02	3.11564024E-01
-1.20421441E+01	4.40719661E+00	8.00092143E-02	2.97216705E-01
-1.13248179E+01	1.07125032E+01	7.66029424E-02	2.84218654E-01
-7.78089767E+00	1.40903419E+01	7.35293193E-02	2.72382992E-01
-2.10279161E+00	1.38107434E+01	7.07448172E-02	2.61556285E-01
4.40515022E+00	1.01356685E+01	6.82081391E-02	2.51612155E-01
1.01191818E+01	4.18552318E+00	6.58875573E-02	2.42443890E-01
1.35100166E+01	-2.41570794E+00	6.37581521E-02	2.33959475E-01
1.35704020E+01	-8.00079730E+00	6.17961760E-02	2.26085718E-01
1.01316822E+01	-1.12897861E+01	5.99827119E-02	2.18755864E-01
3.96537379E+00	-1.16771736E+01	5.83015808E-02	2.11913836E-01
-3.37818060E+00	-9.31465473E+00	5.67388090E-02	2.05511063E-01
-9.96553618E+00	-4.99216971E+00	5.52823153E-02	1.99505285E-01
-1.40079155E+01	1.25104005E-01	5.39216059E-02	1.93859568E-01
-1.43716896E+01	4.81562672E+00	5.26475231E-02	1.88541479E-01
-1.09190356E+01	8.08742453E+00	5.14520397E-02	1.83522424E-01
-4.57052961E+00	9.36689972E+00	5.03280898E-02	1.78777085E-01
2.93841817E+00	8.56421919E+00	4.92694296E-02	1.74282969E-01
9.54323690E+00	6.02580126E+00	4.82705207E-02	1.70020015E-01
1.34385713E+01	2.40900451E+00	4.73264337E-02	1.65970274E-01
1.35957534E+01	-1.47817974E+00	4.64327670E-02	1.62117638E-01
1.00545711E+01	-4.83633387E+00	4.55855774E-02	1.58447606E-01
3.90147803E+00	-7.01038646E+00	4.47813226E-02	1.54947086E-01
-3.05890120E+00	-7.59215745E+00	4.40168110E-02	1.51604230E-01
-8.83911606E+00	-6.48580946E+00	4.32891599E-02	1.48408285E-01
-1.18490959E+01	-3.93129243E+00	4.25957586E-02	1.45349468E-01
-1.13473388E+01	-4.77154686E-01	4.19342373E-02	1.42418863E-01
-7.63094505E+00	3.10593676E+00	4.13024399E-02	1.39608320E-01
-1.91406375E+00	5.97119067E+00	4.06984004E-02	1.36910378E-01
4.06013933E+00	7.38429375E+00	4.01203225E-02	1.34318191E-01
8.54958010E+00	6.91712120E+00	3.95665615E-02	1.31825466E-01
1.03221909E+01	4.59402623E+00	3.90356090E-02	1.29426408E-01
8.99296493E+00	9.37804495E-01	3.85260785E-02	1.27115671E-01
5.09649558E+00	-3.11841241E+00	3.80366941E-02	1.24888314E-01
-1.13751753E-01	-6.45076406E+00	3.75662789E-02	1.22739763E-01
-5.06576131E+00	-8.04968697E+00	3.71137461E-02	1.20665781E-01
-8.33961750E+00	-7.32834026E+00	3.66780904E-02	1.18662432E-01
-9.06614645E+00	-4.33851104E+00	3.62583804E-02	1.16726056E-01
-7.14204929E+00	1.85284412E-01	3.58537522E-02	1.14853248E-01
-3.21228982E+00	4.98707903E+00	3.54634029E-02	1.13040832E-01
1.55730258E+00	8.62702778E+00	3.50865859E-02	1.11285844E-01
5.83508115E+00	9.90612541E+00	3.47226056E-02	1.09585514E-01
8.49494409E+00	8.25217100E+00	3.43708135E-02	1.07937249E-01
8.89940791E+00	3.94229836E+00	3.40306038E-02	1.06338622E-01
7.02651747E+00	-1.92050554E+00	3.37014103E-02	1.04787355E-01
3.42469311E+00	-7.68723123E+00	3.33827032E-02	1.03281310E-01
-9.70958001E-01	-1.16286755E+01	3.30739860E-02	1.01818478E-01
-5.09508802E+00	-1.24537269E+01	3.27747932E-02	1.00396968E-01
-8.00745336E+00	-9.72252735E+00	3.24846876E-02	9.90150001E-02
-9.08744092E+00	-4.02189444E+00	3.22032584E-02	9.76708959E-02
-8.13552462E+00	3.16142912E+00	3.19301190E-02	9.63630711E-02
-5.37859094E+00	9.84288927E+00	3.16649056E-02	9.50900288E-02
-1.39735458E+00	1.41048407E+01	3.14072751E-02	9.38503528E-02
2.99691652E+00	1.46579590E+01	3.11569036E-02	9.26427006E-02
6.91080549E+00	1.12306643E+01	3.09134855E-02	9.14657957E-02
9.52324790E+00	4.66728771E+00	3.06767318E-02	9.03184169E-02
1.02319976E+01	-3.29754284E+00	3.04463707E-02	8.91993784E-02
8.77742466E+00	-1.05235606E+01	3.02221537E-02	8.81074730E-02
5.32397698E+00	-1.50662820E+01	3.00039257E-02	8.70412207E-02
4.75107317E-01	-1.57190126E+01	2.97934408E-02	8.59966554E-02
-4.79997892E+00	-1.23390124E+01	2.95901414E-02	8.49966175E-02
-9.33526636E+00	-5.86790084E+00	2.93834435E-02	8.40010730E-02
-1.20149738E+01	1.95175060E+00	2.91859012E-02	8.30310447E-02
-1.20516760E+01	9.07316778E+00	2.89936090E-02	8.20836116E-02
-9.22559284E+00	1.37065988E+01	2.88060952E-02	8.11575949E-02
-4.00993483E+00	1.47843246E+01	2.86231249E-02	8.02521469E-02
2.47368878E+00	1.22048510E+01	2.84445145E-02	7.93665277E-02
8.68381980E+00	6.80218594E+00	2.82701006E-02	7.85000541E-02
1.30312476E+01	6.77311068E-02	2.80997317E-02	7.76520834E-02
1.43041086E+01	-6.28013230E+00	2.79332652E-02	7.68220057E-02
1.20273776E+01	-1.07492653E+01	2.77705660E-02	7.60092401E-02
6.64454997E+00	-1.24263478E+01	2.76115055E-02	7.52132322E-02
-5.47807942E-01	-1.11461409E+01	2.74559612E-02	7.44334519E-02
-7.71287044E+00	-7.45445342E+00	2.73038161E-02	7.36693920E-02
-1.29587192E+01	-2.40048704E+00	2.71549585E-02	7.29205670E-02
-1.48633273E+01	2.76534874E+00	2.70092816E-02	7.21865112E-02
-1.28867851E+01	6.89919291E+00	2.68666832E-02	7.14667784E-02
-7.54444398E+00	9.20212665E+00	2.67270654E-02	7.07609405E-02
-2.81380201E-01	9.34617871E+00	2.65903346E-02	7.00685864E-02
6.92344499E+00	7.48157910E+00	2.64564010E-02	6.93893214E-02
1.21126699E+01	4.14820810E+00	2.63251783E-02	6.87227664E-02
1.39044754E+01	1.29121922E-01	2.61965842E-02	6.80685568E-02
1.18817085E+01	-3.71574209E+00	2.60705392E-02	6.74263422E-02
6.70085810E+00	-6.60690728E+00	2.59469673E-02	6.67957853E-02
-1.10753790E-01	-7.97640240E+00	2.58257954E-02	6.61765618E-02
-6.60755095E+00	-7.56267369E+00	2.57069533E-02	6.55683592E-02
-1.09915423E+01	-5.46115253E+00	2.55903734E-02	6.49708767E-02
-1.21226255E+01	-2.12056686E+00	2.54759908E-02	6.43838243E-02
-9.82412517E+00	1.72463410E+00	2.53637431E-02	6.38069227E-02
-4.89898082E+00	5.18821532E+00	2.52535701E-02	6.32399026E-02
1.13913343E+00	7.41947826E+00	2.51454140E-02	6.26825041E-02
6.53039848E+00	7.81084137E+00	2.50392190E-02	6.21344765E-02
9.78464790E+00	6.17544714E+00	2.49349315E-02	6.15955780E-02
1.00946182E+01	2.83946621E+00	2.48324996E-02	6.10655749E-02
7.53057105E+00	-1.39318627E+00	2.47318735E-02	6.05442417E-02
2.97113642E+00	-5.41485928E+00	2.46330050E-02	6.00313604E-02
-2.19403421E+00	-8.09621339E+00	2.45358478E-02	5.95267205E-02
-6.48895911E+00	-8.60622055E+00	2.44403571E-02	5.90301183E-02
-8.77178625E+00	-6.67757462E+00	2.43464895E-02	5.85413570E-02
-8.53030807E+00	-2.73003419E+00	2.42542034E-02	5.80602462E-02
-5.97789445E+00	2.20107678E+00	2.41634584E-02	5.75866017E-02
-1.93961743E+00	6.72778553E+00	2.40742155E-02	5.71202452E-02
2.42012672E+00	9.49930171E+00	2.39864370E-02	5.66610040E-02
5.93695394E+00	9.60832581E+00	2.39000866E-02	5.62087112E-02
7.75227256E+00	6.88930660E+00	2.38151289E-02	5.57632047E-02
7.50642938E+00	2.00915683E+00	2.37315300E-02	5.53243278E-02
5.38170498E+00	-3.69024379E+00	2.36492569E-02	5.48919284E-02
2.00402305E+00	-8.56284331E+00	2.35682776E-02	5.44658593E-02
-1.75126354E+00	-1.11388671E+01	2.34885614E-02	5.40459776E-02
-4.98685796E+00	-1.05720553E+01	2.34100781E-02	5.36321448E-02
-6.98514247E+00	-6.91513378E+00	2.33327990E-02	5.32242265E-02
-7.34366896E+00	-1.13320949E+00	2.32566959E-02	5.28220923E-02
-6.02902464E+00	5.15693760E+00	2.31817416E-02	5.24256156E-02
-3.35499592E+00	1.01494210E+01	2.31079097E-02	5.20346737E-02
9.66687299E-02	1.23777673E+01	2.30351747E-02	5.16491471E-02
3.59181220E+00	1.11509557E+01	2.29635118E-02	5.12689202E-02
6.37773273E+00	6.76482957E+00	2.28928969E-02	5.08938804E-02
7.82087717E+00	4.24029961E-01	2.28233067E-02	5.05239182E-02
7.53384501E+00	-6.10295100E+00	2.27547185E-02	5.01589276E-02
5.47316393E+00	-1.09926360E+01	2.26871104E-02	4.97988052E-02
1.98472893E+00	-1.28879940E+01	2.26204610E-02	4.94434505E-02
-2.22578206E+00	-1.12792446E+01	2.25547496E-02	4.90927661E-02
-6.21016786E+00	-6.63535929E+00	2.24899560E-02	4.87466568E-02
-8.97483980E+00	-2.53794312E-01	2.24260606E-02	4.84050304E-02
-9.72362690E+00	6.12024717E+00	2.23630446E-02	4.80677969E-02
-8.08854394E+00	1.07881310E+01	2.23008893E-02	4.77348689E-02
-4.28045548E+00	1.25605367E+01	2.22395769E-02	4.74061611E-02
8.98196318E-01	1.10593897E+01	2.21790898E-02	4.70815908E-02
6.20457177E+00	6.78275426E+00	2.21194111E-02	4.67610772E-02
1.02499772E+01	9.28538265E-01	2.20605243E-02	4.64445416E-02
1.18696528E+01	-4.95872078E+00	2.20024133E-02	4.61319076E-02
1.04671683E+01	-9.40899306E+00	2.19450624E-02	4.58231004E-02
6.22839651E+00	-1.13970482E+01	2.18884564E-02	4.55180475E-02
1.28727386E-01	-1.05680181E+01	2.18325806E-02	4.52166779E-02
-6.28683708E+00	-7.27312723E+00	2.17774204E-02	4.49189226E-02
-1.13033839E+01	-2.42631856E+00	2.17229619E-02	4.46247142E-02
-1.35097904E+01	2.76163455E+00	2.16691913E-02	4.43339871E-02
-1.22108922E+01	7.09087615E+00	2.16160953E-02	4.40466773E-02
-7.65307534E+00	9.64272542E+00	2.15636610E-02	4.37627223E-02
-9.88071277E-01	9.95511587E+00	2.15118757E-02	4.34820611E-02
6.02479692E+00	8.07849673E+00	2.14607270E-02	4.32046344E-02
1.14991252E+01	4.51930611E+00	2.14102030E-02	4.29303841E-02
1.39487655E+01	1.00559708E-01	2.13602919E-02	4.26592536E-02
1.27088005E+01	-4.22134728E+00	2.13109822E-02	4.23911876E-02
8.12592604E+00	-7.54614533E+00	2.12622629E-02	4.21261321E-02
1.46107107E+00	-9.19585123E+00	2.12141230E-02	4.18640345E-02
-5.46797962E+00	-8.83666157E+00	2.11665521E-02	4.16048432E-02
-1.07993794E+01	-6.54216838E+00	2.11195396E-02	4.13485081E-02
-1.31456935E+01	-2.78793922E+00	2.10730755E-02	4.10949799E-02
-1.19684402E+01	1.62739030E+00	2.10271500E-02	4.08442109E-02
-7.70394475E+00	5.73045380E+00	2.09817535E-02	4.05961539E-02
-1.61093915E+00	8.57297107E+00	2.09368764E-02	4.03507633E-02
4.60760657E+00	9.44855284E+00	2.08925098E-02	4.01079943E-02
9.29203905E+00	8.07845790E+00	2.08486445E-02	3.98678031E-02
1.12794899E+01	4.71468006E+00	2.08052720E-02	3.96301468E-02
1.01961973E+01	1.20294703E-01	2.07623835E-02	3.93949837E-02
6.51462376E+00	-4.58580416E+00	2.07199709E-02	3.91622728E-02
1.37315127E+00	-8.19534058E+00	2.06780258E-02	3.89319740E-02
-3.77574352E+00	-9.72709478E+00	2.06365404E-02	3.87040483E-02
-7.57858231E+00	-8.70861284E+00	2.05955069E-02	3.84784574E-02
-9.13591816E+00	-5.33819414E+00	2.05549176E-02	3.82551636E-02
-8.20612904E+00	-4.68695751E-01	2.05147651E-02	3.80341305E-02
-5.21544993E+00	4.59724518E+00	2.04750421E-02	3.78153220E-02
-1.08970731E+00	8.45462449E+00	2.04357415E-02	3.75987031E-02
3.02920577E+00	9.99300959E+00	2.03968564E-02	3.73842394E-02
6.09464395E+00	8.72799212E+00	2.03583799E-02	3.71718971E-02
7.40985384E+00	4.96459317E+00	2.03203053E-02	3.69616434E-02
6.76745016E+00	-2.64657402E-01	2.02826262E-02	3.67534459E-02
4.45337118E+00	-5.47848140E+00	2.02453362E-02	3.65472730E-02
1.13249879E+00	-9.16747051E+00	2.02084290E-02	3.63430938E-02
-2.34040653E+00	-1.02353729E+01	2.01718986E-02	3.61408780E-02
-5.13060730E+00	-8.32938992E+00	2.01357389E-02	3.59405958E-02
-6.60555446E+00	-3.95769159E+00	2.00999440E-02	3.57422181E-02
-6.45619427E+00	1.64556211E+00	2.00645084E-02	3.55457164E-02
-4.74292370E+00	6.87171579E+00	2.00294263E-02	3.53510627E-02
-1.86770970E+00	1.02036617E+01	1.99946923E-02	3.51582296E-02
1.51549471E+00	1.06588235E+01	1.99603010E-02	3.49671903E-02
4.63422524E+00	8.07751392E+00	1.99262471E-02	3.47779184E-02
6.75395504E+00	3.17115648E+00	1.98925255E-02	3.45903881E-02
7.33381295E+00	-2.68323510E+00	1.98591311E-02	3.44045742E-02
6.15494974E+00	-7.84034504E+00	1.98260589E-02	3.42204518E-02
3.39377613E+00	-1.08575033E+01	1.97933041E-02	3.40379965E-02
-3.83781596E-01	-1.09012920E+01	1.97608619E-02	3.38571845E-02
-4.31909447E+00	-7.97347435E+00	1.97287277E-02	3.36779924E-02
-7.44106336E+00	-2.89556382E+00	1.96968969E-02	3.35003972E-02
-8.89812236E+00	2.93676333E+00	1.96653651E-02	3.33243763E-02
-8.18917092E+00	7.95216956E+00	1.96341278E-02	3.31499077E-02
-5.33048865E+00	1.08370773E+01	1.96031806E-02	3.29769697E-02
-9.02998870E-01	1.08814373E+01	1.95725195E-02	3.28055410E-02
4.04963553E+00	8.14530636E+00	1.95421403E-02	3.26356007E-02
8.26176383E+00	3.41012931E+00	1.95120388E-02	3.24671282E-02
1.05722948E+01	-2.05931448E+00	1.94822112E-02	3.23001035E-02
1.02519093E+01	-6.86609688E+00	1.94526535E-02	3.21345067E-02
7.23622778E+00	-9.84432285E+00	1.94233618E-02	3.19703186E-02
2.18892021E+00	-1.03383949E+01	1.93943325E-02	3.18075200E-02
-3.63722198E+00	-8.33338642E+00	1.93655617E-02	3.16460922E-02
-8.71545040E+00	-4.41675846E+00	1.93370460E-02	3.14860168E-02
-1.16562081E+01	4.03077917E-01	1.93087817E-02	3.13272759E-02
-1.16002639E+01	4.96291875E+00	1.92807654E-02	3.11698517E-02
-8.47872955E+00	8.22369190E+00	1.92529936E-02	3.10137268E-02
-3.05865245E+00	9.49659735E+00	1.92254629E-02	3.08588841E-02
3.24712313E+00	8.57206884E+00	1.91981702E-02	3.07053067E-02
8.75830042E+00	5.73489245E+00	1.91711120E-02	3.05529783E-02
1.19893137E+01	1.67498862E+00	1.91442853E-02	3.04018825E-02
1.20639002E+01	-2.67764607E+00	1.91176870E-02	3.02520035E-02
8.96224594E+00	-6.35561615E+00	1.90913138E-02	3.01033256E-02
3.52838968E+00	-8.55476867E+00	1.90651630E-02	2.99558333E-02
-2.76502679E+00	-8.79747493E+00	1.90392314E-02	2.98095116E-02
-8.22708460E+00	-7.03092791E+00	1.90135162E-02	2.96643456E-02
-1.14160221E+01	-3.64268374E+00	1.89880145E-02	2.95203206E-02
-1.15305053E+01	6.12337578E-01	1.89627235E-02	2.93774224E-02
-8.61542171E+00	4.76480806E+00	1.89376405E-02	2.92356367E-02
-3.52832165E+00	7.83932323E+00	1.89127627E-02	2.90949497E-02
2.31758483E+00	9.07851109E+00	1.88880875E-02	2.89553477E-02
7.35484962E+00	8.13358653E+00	1.88636122E-02	2.88168173E-02
1.02905025E+01	5.17225743E+00	1.88393344E-02	2.86793452E-02
1.04420501E+01	8.68138971E-01	1.88152514E-02	2.85429185E-02
7.89234601E+00	-3.73843665E+00	1.87913609E-02	2.84075243E-02
3.43008451E+00	-7.48512354E+00	1.87676602E-02	2.82731502E-02
-1.69589293E+00	-9.38275573E+00	1.87441471E-02	2.81397837E-02
-6.13064464E+00	-8.88547327E+00	1.87208192E-02	2.80074126E-02
-8.77325208E+00	-6.05923724E+00	1.86976741E-02	2.78760251E-02
-9.04654189E+00	-1.59377172E+00	1.86747096E-02	2.77456092E-02
-7.01184627E+00	3.35679659E+00	1.86519235E-02	2.76161534E-02
-3.31098186E+00	7.47086445E+00	1.86293134E-02	2.74876464E-02
1.03523939E+00	9.61759900E+00	1.86068774E-02	2.73600768E-02
4.90813528E+00	9.17735730E+00	1.85846131E-02	2.72334336E-02
7.37411502E+00	6.23040791E+00	1.85625185E-02	2.71077060E-02
7.89945759E+00	1.55384759E+00	1.85405916E-02	2.69828832E-02
6.45144450E+00	-3.57979310E+00	1.85188303E-02	2.68589546E-02
3.47294131E+00	-7.75070243E+00	1.84972326E-02	2.67359100E-02
-2.51373856E-01	-9.79017623E+00	1.84757966E-02	2.66137391E-02
-3.79662319E+00	-9.11507928E+00	1.84545202E-02	2.64924318E-02
-6.31675920E+00	-5.90018043E+00	1.84334017E-02	2.63719782E-02
-7.23283501E+00	-1.03580832E+00	1.84124391E-02	2.62523686E-02
-6.35374151E+00	4.11957293E+00	1.83916305E-02	2.61335934E-02
-3.90907910E+00	8.12211045E+00	1.83709743E-02	2.60156431E-02
-4.91541709E-01	9.85085062E+00	1.83504685E-02	2.58985084E-02
3.07748052E+00	8.82404656E+00	1.83301114E-02	2.57821801E-02
5.93200397E+00	5.33287047E+00	1.83099012E-02	2.56666492E-02
7.35884518E+00	3.55330623E-01	1.82898364E-02	2.55519067E-02
6.96774271E+00	-4.72297583E+00	1.82699151E-02	2.54379439E-02
4.79607031E+00	-8.49942572E+00	1.82501358E-02	2.53247522E-02
1.32012103E+00	-9.94392864E+00	1.82304967E-02	2.52123231E-02
-2.63734846E+00	-8.67783094E+00	1.82109964E-02	2.51006481E-02
-6.09053673E+00	-5.06665162E+00	1.81916332E-02	2.49897190E-02
-8.12835666E+00	-1.05819671E-01	1.81724055E-02	2.48795276E-02
-8.15161094E+00	4.86274645E+00	1.81533119E-02	2.47700659E-02
-6.04819699E+00	8.51973859E+00	1.81343508E-02	2.46613261E-02
-2.25439312E+00	9.91956805E+00	1.81155207E-02	2.45533003E-02
2.32446913E+00	8.72946214E+00	1.80968202E-02	2.44459807E-02
6.52464049E+00	5.29758274E+00	1.80782478E-02	2.43393600E-02
9.21908536E+00	5.40288695E-01	1.80598021E-02	2.42334305E-02
9.62231470E+00	-4.31273613E+00	1.80414817E-02	2.41281849E-02
7.52111882E+00	-8.04188873E+00	1.80232852E-02	2.40236160E-02
3.36198426E+00	-9.74312199E+00	1.80052113E-02	2.39197167E-02
-1.83807293E+00	-9.03966354E+00	1.79872586E-02	2.38164797E-02
-6.74225160E+00	-6.15328347E+00	1.79694258E-02	2.37138983E-02
-1.00442391E+01	-1.82666242E+00	1.79517116E-02	2.36119656E-02
-1.08242979E+01	2.87486769E+00	1.79341147E-02	2.35106747E-02
-8.81148653E+00	6.82761845E+00	1.79166339E-02	2.34100190E-02
-4.47514078E+00	9.11441882E+00	1.78992678E-02	2.33099920E-02
1.08521168E+00	9.22976528E+00	1.78820153E-02	2.32105872E-02
6.42581952E+00	7.18286418E+00	1.78648752E-02	2.31117981E-02
1.01442678E+01	3.48133234E+00	1.78478463E-02	2.30136184E-02
1.12586724E+01	-9.95364510E-01	1.78309273E-02	2.29160420E-02
9.47492576E+00	-5.20137758E+00	1.78141171E-02	2.28190627E-02
5.26710376E+00	-8.16281760E+00	1.77974147E-02	2.27226744E-02
-2.51548075E-01	-9.19769321E+00	1.77808188E-02	2.26268712E-02
-5.63085733E+00	-8.07060759E+00	1.77643283E-02	2.25316472E-02
-9.47477205E+00	-5.04855597E+00	1.77479421E-02	2.24369965E-02
-1.08129117E+01	-8.44042383E-01	1.77316593E-02	2.23429134E-02
-9.35132489E+00	3.54480843E+00	1.77154786E-02	2.22493923E-02
-5.53648141E+00	7.06453692E+00	1.76993990E-02	2.21564275E-02
-4.19471181E-01	8.85675754E+00	1.76834196E-02	2.20640136E-02
4.63751207E+00	8.47054369E+00	1.76675392E-02	2.19721451E-02
8.32864207E+00	5.98369626E+00	1.76517569E-02	2.18808167E-02
9.74501378E+00	1.99826879E+00	1.76360716E-02	2.17900230E-02
8.59858597E+00	-2.49535332E+00	1.76204825E-02	2.16997589E-02
5.27486866E+00	-6.35841947E+00	1.76049884E-02	2.16100191E-02
7.07789465E-01	-8.59153683E+00	1.75895885E-02	2.15207985E-02
-3.88253080E+00	-8.59753284E+00	1.75742818E-02	2.14320922E-02
-7.31454933E+00	-6.34886164E+00	1.75590674E-02	2.13438952E-02
-8.74589048E+00	-2.41045665E+00	1.75439444E-02	2.12562026E-02
-7.87417628E+00	2.19452435E+00	1.75289118E-02	2.11690094E-02
-4.99237486E+00	6.24625997E+00	1.75139687E-02	2.10823111E-02
-8.92350486E-01	8.65086401E+00	1.74991143E-02	2.09961028E-02
3.35151814E+00	8.73800080E+00	1.74843477E-02	2.09103798E-02
6.65925556E+00	6.45106739E+00	1.74696681E-02	2.08251377E-02
8.21228742E+00	2.37451641E+00	1.74550746E-02	2.07403717E-02
7.64666212E+00	-2.41339693E+00	1.74405662E-02	2.06560776E-02
5.12975902E+00	-6.62572997E+00	1.74261424E-02	2.05722508E-02
1.30724355E+00	-9.11376136E+00	1.74118021E-02	2.04888869E-02
-2.86242705E+00	-9.18091170E+00	1.73975446E-02	2.04059817E-02
-6.34380766E+00	-6.77664551E+00	1.73833691E-02	2.03235309E-02
-8.27417448E+00	-2.51575855E+00	1.73692748E-02	2.02415302E-02
-8.16932800E+00	2.48341288E+00	1.73552610E-02	2.01599756E-02
-6.03874584E+00	6.89811262E+00	1.73413268E-02	2.00788628E-02
-2.38418231E+00	9.55584872E+00	1.73274716E-02	1.99981879E-02
1.91798301E+00	9.74779987E+00	1.73136945E-02	1.99179468E-02
5.82412411E+00	7.41607822E+00	1.72999948E-02	1.98381355E-02
8.37314731E+00	3.16535211E+00	1.72863719E-02	1.97587503E-02
8.92054447E+00	-1.90215258E+00	1.72728249E-02	1.96797871E-02
7.30062404E+00	-6.48135261E+00	1.72593532E-02	1.96012421E-02
3.87595605E+00	-9.40775303E+00	1.72459560E-02	1.95231117E-02
-5.41350732E-01	-9.95750292E+00	1.72326327E-02	1.94453920E-02
-4.88126288E+00	-8.02594857E+00	1.72193826E-02	1.93680794E-02
-8.07645890E+00	-4.14109826E+00	1.72062051E-02	1.92911703E-02
-9.32891849E+00	6.86671800E-01	1.71930993E-02	1.92146609E-02
-8.31518016E+00	5.23451183E+00	1.71800648E-02	1.91385479E-02
-5.27590488E+00	8.38297994E+00	1.71671007E-02	1.90628276E-02
-9.63179619E-01	9.39532706E+00	1.71542066E-02	1.89874966E-02
3.54482707E+00	8.09039940E+00	1.71413817E-02	1.89125515E-02
7.11695906E+00	4.86944889E+00	1.71286254E-02	1.88379888E-02
8.86027803E+00	5.95823749E-01	1.71159371E-02	1.87638053E-02
8.35285103E+00	-3.63649969E+00	1.71033162E-02	1.86899976E-02
5.75524173E+00	-6.78345226E+00	1.70907621E-02	1.86165624E-02
1.76905752E+00	-8.10893968E+00	1.70782742E-02	1.85434964E-02
-2.54834694E+00	-7.35748037E+00	1.70658518E-02	1.84707966E-02
-6.06470400E+00	-4.80192846E+00	1.70534945E-02	1.83984597E-02
-7.87422016E+00	-1.15874033E+00	1.70412015E-02	1.83264826E-02
-7.53810344E+00	2.60434615E+00	1.70289725E-02	1.82548622E-02
-5.19879208E+00	5.51808998E+00	1.70168067E-02	1.81835954E-02
-1.53665613E+00	6.85631638E+00	1.70047036E-02	1.81126792E-02
2.41899700E+00	6.31524566E+00	1.69926627E-02	1.80421107E-02
5.57284068E+00	4.08433166E+00	1.69806834E-02	1.79718869E-02
7.06291800E+00	7.92148962E-01	1.69687652E-02	1.79020048E-02
6.49476095E+00	-2.65862270E+00	1.69569076E-02	1.78324616E-02
4.04671217E+00	-5.32592356E+00	1.69451100E-02	1.77632544E-02
4.18446840E-01	-6.47414679E+00	1.69333720E-02	1.76943803E-02
-3.36241981E+00	-5.76906438E+00	1.69216929E-02	1.76258367E-02
-6.22235383E+00	-3.37154214E+00	1.69100723E-02	1.75576207E-02
-7.33576976E+00	9.58243559E-02	1.68985097E-02	1.74897295E-02
-6.35149402E+00	3.70342675E+00	1.68870045E-02	1.74221606E-02
-3.49141450E+00	6.45382106E+00	1.68755564E-02	1.73549111E-02
5.04428353E-01	7.54560800E+00	1.68641648E-02	1.72879785E-02
4.57112507E+00	6.59389719E+00	1.68528292E-02	1.72213602E-02
7.59912194E+00	3.74818889E+00	1.68415491E-02	1.71550535E-02
8.72775053E+00	-3.26763817E-01	1.68303241E-02	1.70890560E-02
7.57567564E+00	-4.60682006E+00	1.68191538E-02	1.70233650E-02
4.34879462E+00	-7.96475574E+00	1.68080376E-02	1.69579781E-02
-2.02091355E-01	-9.46296977E+00	1.67969751E-02	1.68928928E-02
-4.96323451E+00	-8.60678613E+00	1.67859658E-02	1.68281066E-02
-8.73386320E+00	-5.49051467E+00	1.67750094E-02	1.67636171E-02
-1.05271573E+01	-7.94688108E-01	1.67641053E-02	1.66994219E-02
-9.82137938E+00	4.36903928E+00	1.67532531E-02	1.66355187E-02
-6.69868796E+00	8.72885690E+00	1.67424525E-02	1.65719051E-02
-1.83670757E+00	1.11719286E+01	1.67317029E-02	1.65085787E-02
3.64618643E+00	1.10300806E+01	1.67210040E-02	1.64455373E-02
8.45532956E+00	8.25784744E+00	1.67103553E-02	1.63827786E-02
1.14306280E+01	3.45569681E+00	1.66997564E-02	1.63203004E-02
1.18287963E+01	-2.26913583E+00	1.66892069E-02	1.62581003E-02
9.50824533E+00	-7.57000928E+00	1.66787065E-02	1.61961763E-02
4.97078712E+00	-1.11893312E+01	1.66682547E-02	1.61345261E-02
-7.51481679E-01	-1.22655439E+01	1.66578511E-02	1.60731475E-02
-6.33830239E+00	-1.05419575E+01	1.66474953E-02	1.60120385E-02
-1.04948644E+01	-6.42617567E+00	1.66371870E-02	1.59511969E-02
-1.22612482E+01	-8.86955339E-01	1.66269257E-02	1.58906206E-02
-1.12422050E+01	4.78389977E+00	1.66167112E-02	1.58303076E-02
-7.70058714E+00	9.28403222E+00	1.66065429E-02	1.57702558E-02
-2.49091643E+00	1.16097519E+01	1.65964205E-02	1.57104631E-02
3.15089647E+00	1.12869612E+01	1.65863438E-02	1.56509276E-02
7.90966980E+00	8.46981859E+00	1.65763122E-02	1.55916473E-02
1.07096596E+01	3.88682523E+00	1.65663255E-02	1.55326202E-02
1.09703257E+01	-1.34844373E+00	1.65563833E-02	1.54738443E-02
8.73566482E+00	-6.01259296E+00	1.65464853E-02	1.54153177E-02
4.64606163E+00	-9.06508564E+00	1.65366310E-02	1.53570386E-02
-2.37887616E-01	-9.88768659E+00	1.65268202E-02	1.52990050E-02
-4.71217454E+00	-8.41489247E+00	1.65170525E-02	1.52412150E-02
-7.73403519E+00	-5.12733177E+00	1.65073275E-02	1.51836668E-02
-8.67565168E+00	-9.13789957E-01	1.64976450E-02	1.51263586E-02
-7.46288325E+00	3.16101173E+00	1.64880047E-02	1.50692885E-02
-4.56652420E+00	6.12385501E+00	1.64784061E-02	1.50124548E-02
-8.53163114E-01	7.32932119E+00	1.64688489E-02	1.49558556E-02
2.66041999E+00	6.60736642E+00	1.64593329E-02	1.48994893E-02
5.08113318E+00	4.28726615E+00	1.64498577E-02	1.48433539E-02
5.86819579E+00	1.09410071E+00	1.64404231E-02	1.47874479E-02
4.95750797E+00	-2.05406232E+00	1.64310286E-02	1.47317696E-02
2.75270440E+00	-4.29507937E+00	1.64216740E-02	1.46763171E-02
-9.40897063E-03	-5.05271596E+00	1.64123590E-02	1.46210888E-02
-2.47792062E+00	-4.18733649E+00	1.64030833E-02	1.45660832E-02
-3.92910187E+00	-2.02724007E+00	1.63938465E-02	1.45112984E-02
-3.96396145E+00	7.28262987E-01	1.63846485E-02	1.44567329E-02
-2.61021162E+00	3.20875615E+00	1.63754888E-02	1.44023851E-02
-3.04165268E-01	4.62205342E+00	1.63663673E-02	1.43482534E-02
2.23911029E+00	4.48482878E+00	1.63572836E-02	1.42943362E-02
4.22970548E+00	2.76993496E+00	1.63482374E-02	1.42406319E-02
5.02478391E+00	-7.28191402E-02	1.63392284E-02	1.41871389E-02
4.30926977E+00	-3.23166154E+00	1.63302564E-02	1.41338558E-02
2.18823153E+00	-5.75517019E+00	1.63213212E-02	1.40807809E-02
-8.32403887E-01	-6.82247386E+00	1.63124223E-02	1.40279129E-02
-3.97132874E+00	-5.98656236E+00	1.63035596E-02	1.39752501E-02
-6.37136426E+00	-3.32109527E+00	1.62947328E-02	1.39227911E-02
-7.32268166E+00	5.73976082E-01	1.62859416E-02	1.38705344E-02
-6.45378467E+00	4.71438889E+00	1.62771858E-02	1.38184787E-02
-3.84214219E+00	7.98638635E+00	1.62684650E-02	1.37666223E-02
-1.55324871E-02	9.44709721E+00	1.62597791E-02	1.37149640E-02
4.15888314E+00	8.58877346E+00	1.62511278E-02	1.36635022E-02
7.67390611E+00	5.49329770E+00	1.62425108E-02	1.36122357E-02
9.62452249E+00	8.32146219E-01	1.62339279E-02	1.35611629E-02
9.43584215E+00	-4.29136941E+00	1.62253788E-02	1.35102825E-02
7.02092431E+00	-8.61779469E+00	1.62168633E-02	1.34595932E-02
2.82710331E+00	-1.10530564E+01	1.62083811E-02	1.34090936E-02
-2.24570333E+00	-1.09510381E+01	1.61999320E-02	1.33587824E-02
-7.04112347E+00	-8.28281392E+00	1.61915158E-02	1.33086581E-02
-1.04147561E+01	-3.64854182E+00	1.61831323E-02	1.32587196E-02
-1.15127026E+01	1.87015706E+00	1.61747811E-02	1.32089655E-02
-9.99198993E+00	6.97783054E+00	1.61664620E-02	1.31593946E-02
-6.12525284E+00	1.04830252E+01	1.61581749E-02	1.31100054E-02
-7.57832914E-01	1.15853133E+01	1.61499195E-02	1.30607969E-02
4.87897237E+00	1.00607184E+01	1.61416955E-02	1.30117676E-02
9.45791306E+00	6.30273753E+00	1.61335028E-02	1.29629164E-02
1.18798749E+01	1.21380846E+00	1.61253412E-02	1.29142421E-02
1.15507672E+01	-4.02084726E+00	1.61172103E-02	1.28657434E-02
8.53859121E+00	-8.21793769E+00	1.61091100E-02	1.28174190E-02
3.56646427E+00	-1.04692557E+01	1.61010401E-02	1.27692678E-02
-2.16110080E+00	-1.03397581E+01	1.60930003E-02	1.27212887E-02
-7.25737762E+00	-7.94831139E+00	1.60849905E-02	1.26734803E-02
-1.05023311E+01	-3.91848978E+00	1.60770104E-02	1.26258417E-02
-1.11505001E+01	7.82808354E-01	1.60690599E-02	1.25783714E-02
-9.11643077E+00	5.07701871E+00	1.60611386E-02	1.25310686E-02
-4.98804318E+00	8.02081373E+00	1.60532465E-02	1.24839319E-02
1.35704249E-01	9.01292739E+00	1.60453833E-02	1.24369603E-02
4.93892448E+00	7.91704240E+00	1.60375488E-02	1.23901526E-02
8.23497707E+00	5.07681168E+00	1.60297428E-02	1.23435077E-02
9.27120092E+00	1.22295603E+00	1.60219651E-02	1.22970246E-02
7.91089759E+00	-2.70462345E+00	1.60142156E-02	1.22507022E-02
4.64601070E+00	-5.77898047E+00	1.60064939E-02	1.22045392E-02
4.41293160E-01	-7.30244958E+00	1.59988000E-02	1.21585348E-02
-3.54286733E+00	-6.96811461E+00	1.59911337E-02	1.21126877E-02
-6.26954904E+00	-4.92882269E+00	1.59834947E-02	1.20669971E-02
-7.09769707E+00	-1.75623426E+00	1.59758828E-02	1.20214617E-02
-5.93509514E+00	1.70257792E+00	1.59682980E-02	1.19760806E-02
-3.23494640E+00	4.53871213E+00	1.59607399E-02	1.19308528E-02
1.56091899E-01	6.01427093E+00	1.59532084E-02	1.18857772E-02
3.24980339E+00	5.75609089E+00	1.59457034E-02	1.18408528E-02
5.19428245E+00	3.85884746E+00	1.59382246E-02	1.17960786E-02
5.50036906E+00	8.66758390E-01	1.59307720E-02	1.17514537E-02
4.15750409E+00	-2.36639147E+00	1.59233452E-02	1.17069770E-02
1.61347153E+00	-4.90631412E+00	1.59159441E-02	1.16626475E-02
-1.36891323E+00	-5.99746333E+00	1.59085686E-02	1.16184643E-02
-3.93261864E+00	-5.28179573E+00	1.59012185E-02	1.15744265E-02
-5.36131108E+00	-2.91377548E+00	1.58938935E-02	1.15305330E-02
-5.26548744E+00	4.65714458E-01	1.58865937E-02	1.14867829E-02
-3.67414275E+00	3.89557171E+00	1.58793186E-02	1.14431753E-02
-1.01402816E+00	6.35946022E+00	1.58720683E-02	1.13997093E-02
2.01151948E+00	7.07765543E+00	1.58648426E-02	1.13563839E-02
4.60805995E+00	5.74261741E+00	1.58576412E-02	1.13131983E-02
6.09083382E+00	2.62778638E+00	1.58504641E-02	1.12701514E-02
6.05199972E+00	-1.46695658E+00	1.58433110E-02	1.12272425E-02
4.45697074E+00	-5.42354508E+00	1.58361818E-02	1.11844705E-02
1.65115861E+00	-8.11291933E+00	1.58290763E-02	1.11418347E-02
-1.72079943E+00	-8.71573677E+00	1.58219944E-02	1.10993342E-02
-4.86292449E+00	-6.96470551E+00	1.58149360E-02	1.10569680E-02
-7.00971173E+00	-3.23697971E+00	1.58079008E-02	1.10147354E-02
-7.60298227E+00	1.53316198E+00	1.58008888E-02	1.09726354E-02
-6.42637812E+00	6.09985945E+00	1.57938997E-02	1.09306672E-02
-3.66813294E+00	9.24220153E+00	1.57869335E-02	1.08888300E-02
1.03915689E-01	1.00978695E+01	1.57799899E-02	1.08471229E-02
4.05416201E+00	8.40042859E+00	1.57730689E-02	1.08055451E-02
7.25879844E+00	4.55415624E+00	1.57661702E-02	1.07640958E-02
8.91764988E+00	-4.73535321E-01	1.57592938E-02	1.07227741E-02
8.55201475E+00	-5.41067455E+00	1.57524394E-02	1.06815793E-02
6.14051006E+00	-9.01734963E+00	1.57456070E-02	1.06405106E-02
2.15444018E+00	-1.04074470E+01	1.57387965E-02	1.05995670E-02
-2.52528446E+00	-9.26932723E+00	1.57320075E-02	1.05587480E-02
-6.79961686E+00	-5.92985283E+00	1.57252402E-02	1.05180526E-02
-9.61200271E+00	-1.25093886E+00	1.57184941E-02	1.04774801E-02
-1.02166270E+01	3.60663900E+00	1.57117694E-02	1.04370297E-02
-8.38462300E+00	7.48393805E+00	1.57050658E-02	1.03967006E-02
-4.48892059E+00	9.50795525E+00	1.56983831E-02	1.03564922E-02
5.63544204E-01	9.28795581E+00	1.56917213E-02	1.03164035E-02
5.54397980E+00	6.98092327E+00	1.56850802E-02	1.02764340E-02
9.20934480E+00	3.22001661E+00	1.56784597E-02	1.02365828E-02
1.06266764E+01	-1.06508061E+00	1.56718596E-02	1.01968491E-02
9.42609339E+00	-4.88315464E+00	1.56652798E-02	1.01572324E-02
5.90991193E+00	-7.41121930E+00	1.56587203E-02	1.01177318E-02
9.82648522E-01	-8.16657838E+00	1.56521808E-02	1.00783466E-02
-4.08393178E+00	-7.08837172E+00	1.56456612E-02	1.00390761E-02
-7.98921012E+00	-4.52019351E+00	1.56391615E-02	9.99991964E-03
-9.75289696E+00	-1.10783216E+00	1.56326814E-02	9.96087644E-03
-8.97730901E+00	2.35809547E+00	1.56262209E-02	9.92194583E-03
-5.94842382E+00	5.11782295E+00	1.56197799E-02	9.88312711E-03
-1.54693041E+00	6.60068222E+00	1.56133581E-02	9.84441960E-03
3.00498560E+00	6.53709068E+00	1.56069556E-02	9.80582262E-03
6.48804387E+00	5.00570429E+00	1.56005722E-02	9.76733547E-03
8.02242511E+00	2.40882909E+00	1.55942077E-02	9.72895750E-03
7.30069821E+00	-6.18856692E-01	1.55878620E-02	9.69068803E-03
4.65274647E+00	-3.35166853E+00	1.55815351E-02	9.65252639E-03
9.28281724E-01	-5.13760708E+00	1.55752267E-02	9.61447194E-03
-2.76413579E+00	-5.55256775E+00	1.55689369E-02	9.57652401E-03
-5.38197628E+00	-4.50867722E+00	1.55626654E-02	9.53868196E-03
-6.24179080E+00	-2.28739085E+00	1.55564122E-02	9.50094514E-03
-5.19729136E+00	5.17641516E-01	1.55501772E-02	9.46331291E-03
-2.65595485E+00	3.14194035E+00	1.55439602E-02	9.42578465E-03
5.63481492E-01	4.84667219E+00	1.55377611E-02	9.38835971E-03
3.48423527E+00	5.12233578E+00	1.55315799E-02	9.35103748E-03
5.25739495E+00	3.84389940E+00	1.55254163E-02	9.31381732E-03
5.39728617E+00	1.32905980E+00	1.55192704E-02	9.27669864E-03
3.90233681E+00	-1.72584532E+00	1.55131419E-02	9.23968081E-03
1.23409195E+00	-4.42435226E+00	1.55070308E-02	9.20276323E-03
-1.83101693E+00	-5.92006932E+00	1.55009370E-02	9.16594529E-03
-4.42791732E+00	-5.67034078E+00	1.54948604E-02	9.12922639E-03
-5.84008638E+00	-3.61810777E+00	1.54888009E-02	9.09260595E-03
-5.68318685E+00	-2.42171803E-01	1.54827583E-02	9.05608338E-03
-3.99084447E+00	3.54869754E+00	1.54767325E-02	9.01965807E-03
-1.18841181E+00	6.65676364E+00	1.54707236E-02	8.98332946E-03
2.02899672E+00	8.10792809E+00	1.54647313E-02	8.94709697E-03
4.87563265E+00	7.34667341E+00	1.54587555E-02	8.91096002E-03
6.66353827E+00	4.42416885E+00	1.54527962E-02	8.87491805E-03
6.95637266E+00	1.78218530E-02	1.54468533E-02	8.83897049E-03
5.65844645E+00	-4.73170388E+00	1.54409266E-02	8.80311677E-03
3.02670803E+00	-8.52580859E+00	1.54350161E-02	8.76735635E-03
-3.89701293E-01	-1.02712973E+01	1.54291216E-02	8.73168866E-03
-3.86532010E+00	-9.39731402E+00	1.54232431E-02	8.69611316E-03
-6.64575641E+00	-6.03225625E+00	1.54173805E-02	8.66062931E-03
-8.10032665E+00	-9.86253095E-01	1.54115336E-02	8.62523655E-03
-7.85426415E+00	4.45903653E+00	1.54057025E-02	8.58993436E-03
-5.87729885E+00	8.89523167E+00	1.53998869E-02	8.55472220E-03
-2.50993001E+00	1.11691464E+01	1.53940868E-02	8.51959953E-03
1.58367131E+00	1.06936993E+01	1.53883021E-02	8.48456584E-03
5.53555788E+00	7.60094260E+00	1.53825328E-02	8.44962060E-03
8.45093895E+00	2.69675251E+00	1.53767786E-02	8.41476328E-03
9.61029493E+00	-2.76595556E+00	1.53710396E-02	8.37999338E-03
8.65242510E+00	-7.42767321E+00	1.53653156E-02	8.34531038E-03
5.69071081E+00	-1.01789044E+01	1.53596066E-02	8.31071377E-03
1.32410811E+00	-1.04349721E+01	1.53539124E-02	8.27620305E-03
-3.47335416E+00	-8.25869566E+00	1.53482330E-02	8.24177771E-03
-7.56966183E+00	-4.30677753E+00	1.53425683E-02	8.20743726E-03
-9.95170433E+00	3.74120119E-01	1.53369182E-02	8.17318120E-03
-9.99250314E+00	4.63638438E+00	1.53312826E-02	8.13900904E-03
-7.63438165E+00	7.52252652E+00	1.53256614E-02	8.10492029E-03
-3.43043700E+00	8.48229441E+00	1.53200546E-02	8.07091446E-03
1.57750700E+00	7.46721800E+00	1.53144620E-02	8.03699108E-03
6.12055294E+00	4.89183045E+00	1.53088836E-02	8.00314967E-03
9.03773498E+00	1.48704337E+00	1.53033193E-02	7.96938974E-03
9.59262735E+00	-1.90433592E+00	1.52977690E-02	7.93571083E-03
7.68032544E+00	-4.53245897E+00	1.52922326E-02	7.90211247E-03
3.86163969E+00	-5.89712406E+00	1.52867101E-02	7.86859419E-03
-7.90159423E-01	-5.82775410E+00	1.52812013E-02	7.83515553E-03
-4.98977941E+00	-4.48142683E+00	1.52757062E-02	7.80179603E-03
-7.60261729E+00	-2.27316356E+00	1.52702248E-02	7.76851523E-03
-7.96463426E+00	2.36070013E-01	1.52647568E-02	7.73531268E-03
-6.06547609E+00	2.46578597E+00	1.52593023E-02	7.70218793E-03
-2.54078015E+00	3.93296726E+00	1.52538612E-02	7.66914053E-03
1.52366490E+00	4.34247740E+00	1.52484333E-02	7.63617003E-03
4.91694637E+00	3.63997636E+00	1.52430187E-02	7.60327600E-03
6.65978768E+00	2.02099605E+00	1.52376172E-02	7.57045799E-03
6.28680350E+00	-1.06450101E-01	1.52322287E-02	7.53771557E-03
3.97157246E+00	-2.20353483E+00	1.52268533E-02	7.50504831E-03
4.60264752E-01	-3.71700884E+00	1.52214907E-02	7.47245577E-03
-3.16236335E+00	-4.21124081E+00	1.52161410E-02	7.43993753E-03
-5.80108069E+00	-3.48784509E+00	1.52108041E-02	7.40749315E-03
-6.67261293E+00	-1.66060466E+00	1.52054798E-02	7.37512223E-03
-5.52726993E+00	8.42141846E-01	1.52001681E-02	7.34282434E-03
-2.70786096E+00	3.36073837E+00	1.51948690E-02	7.31059905E-03
9.65390370E-01	5.16333906E+00	1.51895824E-02	7.27844597E-03
4.44333994E+00	5.64630877E+00	1.51843081E-02	7.24636467E-03
6.75193738E+00	4.52261722E+00	1.51790462E-02	7.21435475E-03
7.26173050E+00	1.94021929E+00	1.51737966E-02	7.18241581E-03
5.84807219E+00	-1.51426784E+00	1.51685591E-02	7.15054743E-03
2.90352177E+00	-4.94153427E+00	1.51633337E-02	7.11874921E-03
-7.91146681E-01	-7.36157698E+00	1.51581204E-02	7.08702076E-03
-4.29148035E+00	-7.99242245E+00	1.51529191E-02	7.05536169E-03
-6.74090105E+00	-6.49557252E+00	1.51477296E-02	7.02377159E-03
-7.57993095E+00	-3.11086831E+00	1.51425520E-02	6.99225008E-03
-6.66267638E+00	1.36906469E+00	1.51373862E-02	6.96079676E-03
-4.26090838E+00	5.78911878E+00	1.51322321E-02	6.92941126E-03
-9.68086450E-01	8.94077518E+00	1.51270896E-02	6.89809318E-03
2.46056459E+00	9.90465010E+00	1.51219587E-02	6.86684215E-03
5.28579591E+00	8.32613904E+00	1.51168393E-02	6.83565778E-03
6.93778465E+00	4.53908411E+00	1.51117313E-02	6.80453970E-03
7.11707153E+00	-5.05266792E-01	1.51066348E-02	6.77348754E-03
5.83211283E+00	-5.48953604E+00	1.51015495E-02	6.74250092E-03
3.37741937E+00	-9.09259943E+00	1.50964754E-02	6.71157947E-03
2.65190598E-01	-1.03589985E+01	1.50914126E-02	6.68072282E-03
-2.87373504E+00	-8.96741101E+00	1.50863609E-02	6.64993061E-03
-5.40446374E+00	-5.31912557E+00	1.50813202E-02	6.61920248E-03
-6.80405659E+00	-4.20617451E-01	1.50762905E-02	6.58853806E-03
-6.76421294E+00	4.40456035E+00	1.50712718E-02	6.55793700E-03
-5.26381184E+00	7.88910395E+00	1.50662639E-02	6.52739894E-03
-2.59352097E+00	9.17102096E+00	1.50612668E-02	6.49692352E-03
6.81833447E-01	8.01822893E+00	1.50562805E-02	6.46651039E-03
3.82725173E+00	4.86765228E+00	1.50513049E-02	6.43615920E-03
6.09571319E+00	6.74165761E-01	1.50463399E-02	6.40586960E-03
6.90990387E+00	-3.37935263E+00	1.50413854E-02	6.37564125E-03
6.02287483E+00	-6.22116641E+00	1.50364415E-02	6.34547381E-03
3.60988271E+00	-7.17936199E+00	1.50315080E-02	6.31536692E-03
2.55457051E-01	-6.14060017E+00	1.50265849E-02	6.28532025E-03
-3.17444797E+00	-3.54210877E+00	1.50216721E-02	6.25533347E-03
-5.75178440E+00	-2.10919719E-01	1.50167696E-02	6.22540623E-03
-6.74262709E+00	2.89254020E+00	1.50118773E-02	6.19553820E-03
-5.82782067E+00	4.94648223E+00	1.50069952E-02	6.16572905E-03
-3.21880298E+00	5.47796050E+00	1.50021231E-02	6.13597845E-03
3.74941691E-01	4.45882773E+00	1.49972611E-02	6.10628608E-03
3.92820897E+00	2.27279734E+00	1.49924091E-02	6.07665159E-03
6.38726577E+00	-4.23221333E-01	1.49875671E-02	6.04707468E-03
6.98123580E+00	-2.89385797E+00	1.49827348E-02	6.01755502E-03
5.46425141E+00	-4.51774598E+00	1.49779125E-02	5.98809228E-03
2.21091275E+00	-4.92857433E+00	1.49730998E-02	5.95868615E-03
-1.87107015E+00	-4.07709991E+00	1.49682969E-02	5.92933632E-03
-5.59233705E+00	-2.21173165E+00	1.49635036E-02	5.90004245E-03
-7.82725854E+00	2.04034800E-01	1.49587200E-02	5.87080426E-03
-7.85151456E+00	2.60815212E+00	1.49539459E-02	5.84162141E-03
-5.56928328E+00	4.46101595E+00	1.49491812E-02	5.81249360E-03
-1.55850956E+00	5.34858812E+00	1.49444260E-02	5.78342053E-03
3.08327058E+00	5.05502690E+00	1.49396802E-02	5.75440188E-03
7.04962555E+00	3.59997933E+00	1.49349438E-02	5.72543735E-03
9.20148038E+00	1.23947087E+00	1.49302166E-02	5.69652665E-03
8.89746518E+00	-1.56998675E+00	1.49254986E-02	5.66766946E-03
6.18046252E+00	-4.24389410E+00	1.49207898E-02	5.63886549E-03
1.76585416E+00	-6.17514927E+00	1.49160902E-02	5.61011444E-03
-3.16339796E+00	-6.86078177E+00	1.49113996E-02	5.58141601E-03
-7.29240170E+00	-6.02809724E+00	1.49067180E-02	5.55276992E-03
-9.54088756E+00	-3.72967423E+00	1.49020455E-02	5.52417586E-03
-9.35435354E+00	-3.75119200E-01	1.48973818E-02	5.49563354E-03
-6.83901371E+00	3.32318616E+00	1.48927270E-02	5.46714269E-03
-2.70840365E+00	6.49286734E+00	1.48880810E-02	5.43870300E-03
1.93446619E+00	8.30879571E+00	1.48834439E-02	5.41031419E-03
5.90940805E+00	8.21600043E+00	1.48788154E-02	5.38197598E-03
8.27300400E+00	6.10592522E+00	1.48741956E-02	5.35368808E-03
8.54733077E+00	2.38818994E+00	1.48695845E-02	5.32545021E-03
6.80745864E+00	-2.07599126E+00	1.48649819E-02	5.29726209E-03
3.61631352E+00	-6.17434016E+00	1.48603878E-02	5.26912345E-03
-1.60742020E-01	-8.83203837E+00	1.48558023E-02	5.24103400E-03
-3.59932711E+00	-9.31080023E+00	1.48512252E-02	5.21299347E-03
-5.94656070E+00	-7.43101984E+00	1.48466564E-02	5.18500158E-03
-6.78053095E+00	-3.64619712E+00	1.48420960E-02	5.15705807E-03
-6.06809089E+00	1.06097774E+00	1.48375439E-02	5.12916265E-03
-4.12228414E+00	5.43907238E+00	1.48330001E-02	5.10131507E-03
-1.48675429E+00	8.31442349E+00	1.48284644E-02	5.07351505E-03
1.21214000E+00	8.92408489E+00	1.48239370E-02	5.04576232E-03
3.40562932E+00	7.13613050E+00	1.48194176E-02	5.01805663E-03
4.68699472E+00	3.48950453E+00	1.48149063E-02	4.99039770E-03
4.86792179E+00	-9.61233497E-01	1.48104030E-02	4.96278527E-03
3.98841534E+00	-4.95204230E+00	1.48059077E-02	4.93521908E-03
2.28977448E+00	-7.37598407E+00	1.48014203E-02	4.90769887E-03
1.61430550E-01	-7.60101524E+00	1.47969408E-02	4.88022439E-03
-1.93008385E+00	-5.64447349E+00	1.47924692E-02	4.85279536E-03
-3.52412698E+00	-2.15358992E+00	1.47880054E-02	4.82541155E-03
-4.25410382E+00	1.79942125E+00	1.47835493E-02	4.79807269E-03
-3.92938979E+00	5.04310657E+00	1.47791009E-02	4.77077853E-03
-2.59382747E+00	6.65335419E+00	1.47746602E-02	4.74352882E-03
-5.40926283E-01	6.21675249E+00	1.47702271E-02	4.71632331E-03
1.72968122E+00	3.93459178E+00	1.47658016E-02	4.68916175E-03
3.61706834E+00	5.41822420E-01	1.47613837E-02	4.66204388E-03
4.56877646E+00	-2.92806324E+00	1.47569732E-02	4.63496947E-03
4.24030707E+00	-5.45616517E+00	1.47525702E-02	4.60793826E-03
2.61791395E+00	-6.33323439E+00	1.47481746E-02	4.58095001E-03
6.08384564E-02	-5.35066611E+00	1.47437864E-02	4.55400449E-03
-2.76254031E+00	-2.83705624E+00	1.47394055E-02	4.52710144E-03
-5.03981687E+00	4.61295719E-01	1.47350319E-02	4.50024062E-03
-6.04257411E+00	3.61144828E+00	1.47306656E-02	4.47342181E-03
-5.35352819E+00	5.76245156E+00	1.47263065E-02	4.44664475E-03
-3.02162481E+00	6.37243613E+00	1.47219545E-02	4.41990921E-03
4.10782856E-01	5.33384710E+00	1.47176097E-02	4.39321495E-03
4.02923317E+00	2.97135139E+00	1.47132719E-02	4.36656174E-03
6.79206575E+00	-7.43703919E-02	1.47089412E-02	4.33994935E-03
7.83277317E+00	-3.03335364E+00	1.47046175E-02	4.31337755E-03
6.73044547E+00	-5.20610611E+00	1.47003008E-02	4.28684609E-03
3.66284181E+00	-6.12345227E+00	1.46959910E-02	4.26035476E-03
-6.11919395E-01	-5.63239847E+00	1.46916881E-02	4.23390331E-03
-4.94862640E+00	-3.89904185E+00	1.46873920E-02	4.20749153E-03
-8.13265552E+00	-1.34208534E+00	1.46831028E-02	4.18111919E-03
-9.23094195E+00	1.47581562E+00	1.46788203E-02	4.15478606E-03
-7.87155916E+00	3.96891022E+00	1.46745446E-02	4.12849191E-03
-4.36590935E+00	5.63740777E+00	1.46702755E-02	4.10223653E-03
3.66586163E-01	6.15051943E+00	1.46660132E-02	4.07601968E-03
5.05219880E+00	5.39787086E+00	1.46617574E-02	4.04984116E-03
8.42175716E+00	3.50809112E+00	1.46575082E-02	4.02370073E-03
9.56930221E+00	8.33754785E-01	1.46532656E-02	3.99759817E-03
8.20519719E+00	-2.09906959E+00	1.46490295E-02	3.97153328E-03
4.73046558E+00	-4.67698741E+00	1.46447998E-02	3.94550583E-03
1.13156999E-01	-6.31534247E+00	1.46405766E-02	3.91951560E-03
-4.39345938E+00	-6.58800307E+00	1.46363598E-02	3.89356238E-03
-7.60533949E+00	-5.34375757E+00	1.46321493E-02	3.86764596E-03
-8.73043661E+00	-2.77615953E+00	1.46279452E-02	3.84176612E-03
-7.56858999E+00	5.82558367E-01	1.46237473E-02	3.81592265E-03
-4.53712296E+00	3.95736314E+00	1.46195557E-02	3.79011533E-03
-5.23988118E-01	6.50533422E+00	1.46153704E-02	3.76434397E-03
3.37985426E+00	7.53211540E+00	1.46111912E-02	3.73860834E-03
6.18560211E+00	6.69283773E+00	1.46070181E-02	3.71290824E-03
7.26125393E+00	4.11632861E+00	1.46028512E-02	3.68724346E-03
6.46908080E+00	4.06746935E-01	1.45986903E-02	3.66161379E-03
4.15844574E+00	-3.49086209E+00	1.45945355E-02	3.63601904E-03
1.03006024E+00	-6.53394649E+00	1.45903867E-02	3.61045899E-03
-2.07778575E+00	-7.87129623E+00	1.45862438E-02	3.58493343E-03
-4.41455958E+00	-7.09437755E+00	1.45821069E-02	3.55944218E-03
-5.49317053E+00	-4.37338796E+00	1.45779759E-02	3.53398502E-03
-5.17692869E+00	-4.30513191E-01	1.45738508E-02	3.50856175E-03
-3.66871437E+00	3.64988607E+00	1.45697315E-02	3.48317218E-03
-1.42090811E+00	6.72436313E+00	1.45656180E-02	3.45781610E-03
9.98096379E-01	7.91999612E+00	1.45615102E-02	3.43249332E-03
3.04132758E+00	6.89236538E+00	1.45574082E-02	3.40720363E-03
4.29333406E+00	3.93257354E+00	1.45533119E-02	3.38194684E-03
4.53626001E+00	-1.11896291E-01	1.45492213E-02	3.35672276E-03
3.76978776E+00	-4.08154522E+00	1.45451363E-02	3.33153119E-03
2.19253873E+00	-6.84280783E+00	1.45410569E-02	3.30637194E-03
1.55730713E-01	-7.61875957E+00	1.45369830E-02	3.28124480E-03
-1.90171386E+00	-6.21350150E+00	1.45329147E-02	3.25614960E-03
-3.53019743E+00	-3.06346651E+00	1.45288519E-02	3.23108613E-03
-4.35270496E+00	8.98286416E-01	1.45247946E-02	3.20605421E-03
-4.14519184E+00	4.52197682E+00	1.45207427E-02	3.18105364E-03
-2.89959469E+00	6.77944065E+00	1.45166962E-02	3.15608424E-03
-8.51035568E-01	7.05914534E+00	1.45126550E-02	3.13114582E-03
1.54750582E+00	5.33155602E+00	1.45086193E-02	3.10623819E-03
3.71010242E+00	2.13985893E+00	1.45045888E-02	3.08136117E-03
5.05284687E+00	-1.57523166E+00	1.45005636E-02	3.05651456E-03
5.15060211E+00	-4.75873024E+00	1.44965437E-02	3.03169818E-03
3.87333642E+00	-6.54524753E+00	1.44925289E-02	3.00691185E-03
1.45739875E+00	-6.49415836E+00	1.44885194E-02	2.98215538E-03
-1.52039810E+00	-4.69182025E+00	1.44845150E-02	2.95742859E-03
-4.27219038E+00	-1.69940456E+00	1.44805157E-02	2.93273130E-03
-6.00605272E+00	1.62868799E+00	1.44765216E-02	2.90806333E-03
-6.15633599E+00	4.39519752E+00	1.44725324E-02	2.88342449E-03
-4.56905007E+00	5.90360850E+00	1.44685484E-02	2.85881461E-03
-1.58069860E+00	5.82800915E+00	1.44645693E-02	2.83423350E-03
2.04349033E+00	4.26953950E+00	1.44605952E-02	2.80968098E-03
5.30475642E+00	1.69568972E+00	1.44566260E-02	2.78515689E-03
7.24974540E+00	-1.20847325E+00	1.44526617E-02	2.76066103E-03
7.25364156E+00	-3.72778655E+00	1.44487024E-02	2.73619324E-03
5.22136786E+00	-5.29038596E+00	1.44447478E-02	2.71175334E-03
1.64109209E+00	-5.58610559E+00	1.44407981E-02	2.68734115E-03
-2.53344886E+00	-4.61005167E+00	1.44368532E-02	2.66295650E-03
-6.14358515E+00	-2.63379152E+00	1.44329131E-02	2.63859922E-03
-8.15605335E+00	-1.23192595E-01	1.44289776E-02	2.61426912E-03
-7.96599346E+00	2.37069290E+00	1.44250469E-02	2.58996605E-03
-5.58121355E+00	4.32276243E+00	1.44211209E-02	2.56568982E-03
-1.63040106E+00	5.32892523E+00	1.44171995E-02	2.54144027E-03
2.80969428E+00	5.17477224E+00	1.44132827E-02	2.51721722E-03
6.51856674E+00	3.87288497E+00	1.44093705E-02	2.49302050E-03
8.47849069E+00	1.66585861E+00	1.44054629E-02	2.46884995E-03
8.16146604E+00	-1.00752272E+00	1.44015598E-02	2.44470540E-03
5.67315984E+00	-3.58390139E+00	1.43976612E-02	2.42058668E-03
1.71387582E+00	-5.48042415E+00	1.43937671E-02	2.39649362E-03
-2.62862491E+00	-6.21980715E+00	1.43898774E-02	2.37242605E-03
-6.19048486E+00	-5.55146252E+00	1.43859922E-02	2.34838381E-03
-8.05467884E+00	-3.53762199E+00	1.43821113E-02	2.32436674E-03
-7.79281980E+00	-5.74330156E-01	1.43782349E-02	2.30037466E-03
-5.56060179E+00	2.67118089E+00	1.43743627E-02	2.27640742E-03
-2.02712099E+00	5.40410519E+00	1.43704949E-02	2.25246484E-03
1.83278108E+00	6.89881646E+00	1.43666313E-02	2.22854677E-03
5.01657814E+00	6.69974982E+00	1.43627720E-02	2.20465305E-03
6.76048055E+00	4.76849341E+00	1.43589169E-02	2.18078351E-03
6.72173627E+00	1.52765051E+00	1.43550660E-02	2.15693798E-03
5.03410440E+00	-2.22240096E+00	1.43512193E-02	2.13311632E-03
2.23317673E+00	-5.50138828E+00	1.43473768E-02	2.10931836E-03
-9.15381246E-01	-7.41287780E+00	1.43435383E-02	2.08554393E-03
-3.62863187E+00	-7.40069698E+00	1.43397040E-02	2.06179289E-03
-5.29984937E+00	-5.42147931E+00	1.43358737E-02	2.03806507E-03
-5.62554209E+00	-1.97715402E+00	1.43320474E-02	2.01436031E-03
-4.64328194E+00	2.00947477E+00	1.43282252E-02	1.99067845E-03
-2.68434235E+00	5.44604940E+00	1.43244070E-02	1.96701935E-03
-2.65995946E-01	7.37897877E+00	1.43205927E-02	1.94338284E-03
2.04164982E+00	7.26892652E+00	1.43167823E-02	1.91976876E-03
3.74077406E+00	5.15077760E+00	1.43129759E-02	1.89617697E-03
4.49898593E+00	1.62827333E+00	1.43091733E-02	1.87260730E-03
4.19919665E+00	-2.29749197E+00	1.43053746E-02	1.84905960E-03
2.94586895E+00	-5.51638609E+00	1.43015798E-02	1.82553372E-03
1.03388010E+00	-7.12941097E+00	1.42977887E-02	1.80202951E-03
-1.11146923E+00	-6.70589843E+00	1.42940014E-02	1.77854680E-03
-3.01465325E+00	-4.40196421E+00	1.42902179E-02	1.75508546E-03
-4.24112620E+00	-9.06551748E-01	1.42864381E-02	1.73164532E-03
-4.48784556E+00	2.76661516E+00	1.42826620E-02	1.70822624E-03
-3.65759819E+00	5.57711317E+00	1.42788896E-02	1.68482806E-03
-1.89898047E+00	6.75636146E+00	1.42751208E-02	1.66145064E-03
4.04329097E-01	6.01918104E+00	1.42713557E-02	1.63809382E-03
2.70300804E+00	3.62933753E+00	1.42675941E-02	1.61475746E-03
4.40375159E+00	3.05238928E-01	1.42638362E-02	1.59144140E-03
5.01958273E+00	-3.00041674E+00	1.42600818E-02	1.56814550E-03
4.31132972E+00	-5.37778266E+00	1.42563309E-02	1.54486961E-03
2.37808081E+00	-6.21140110E+00	1.42525835E-02	1.52161358E-03
-3.37285240E-01	-5.33574756E+00	1.42488396E-02	1.49837726E-03
-3.14045161E+00	-3.05644055E+00	1.42450992E-02	1.47516051E-03
-5.26031517E+00	-3.99532943E-02	1.42413622E-02	1.45196319E-03
-6.06278990E+00	2.88800299E+00	1.42376286E-02	1.42878514E-03
-5.24346618E+00	4.97259156E+00	1.42338984E-02	1.40562622E-03
-2.93910116E+00	5.72309530E+00	1.42301715E-02	1.38248628E-03
2.82576379E-01	5.02038016E+00	1.42264480E-02	1.35936519E-03
3.56103900E+00	3.11828763E+00	1.42227278E-02	1.33626279E-03
5.97633636E+00	5.49712810E-01	1.42190108E-02	1.31317894E-03
6.81327815E+00	-2.02773762E+00	1.42152972E-02	1.29011350E-03
5.77857376E+00	-4.00040558E+00	1.42115867E-02	1.26706633E-03
3.10324383E+00	-4.93842970E+00	1.42078795E-02	1.24403729E-03
-5.05536579E-01	-4.67756925E+00	1.42041755E-02	1.22102622E-03
-4.05454520E+00	-3.33268115E+00	1.42004746E-02	1.19803300E-03
-6.54441631E+00	-1.25008835E+00	1.41967769E-02	1.17505747E-03
-7.25831903E+00	1.08217712E+00	1.41930823E-02	1.15209950E-03
-5.97368389E+00	3.14288279E+00	1.41893908E-02	1.12915895E-03
-3.03276447E+00	4.48319423E+00	1.41857024E-02	1.10623568E-03
7.50657252E-01	4.81267357E+00	1.41820170E-02	1.08332954E-03
4.32219521E+00	4.05439594E+00	1.41783347E-02	1.06044040E-03
6.68792948E+00	2.36222986E+00	1.41746553E-02	1.03756812E-03
7.19726293E+00	9.67950928E-02	1.41709790E-02	1.01471256E-03
5.72506164E+00	-2.23937679E+00	1.41673056E-02	9.91873587E-04
2.70117003E+00	-4.10101081E+00	1.41636351E-02	9.69051055E-04
-1.01891162E+00	-5.01911587E+00	1.41599676E-02	9.46244830E-04
-4.40173026E+00	-4.71710076E+00	1.41563029E-02	9.23454774E-04
-6.52798435E+00	-3.19591244E+00	1.41526411E-02	9.00680752E-04
-6.84437777E+00	-7.61395577E-01	1.41489822E-02	8.77922625E-04
-5.30515881E+00	2.02300062E+00	1.41453260E-02	8.55180259E-04
-2.36775993E+00	4.45723267E+00	1.41416727E-02	8.32453517E-04
1.14982408E+00	5.87685936E+00	1.41380222E-02	8.09742264E-04
4.30354288E+00	5.83503384E+00	1.41343744E-02	7.87046365E-04
6.28016590E+00	4.24368748E+00	1.41307293E-02	7.64365684E-04
6.60520540E+00	1.42850116E+00	1.41270869E-02	7.41700089E-04
5.24906356E+00	-1.92759596E+00	1.41234473E-02	7.19049444E-04
2.61040195E+00	-4.94707826E+00	1.41198103E-02	6.96413615E-04
-6.09419662E-01	-6.78889583E+00	1.41161759E-02	6.73792470E-04
-3.59930965E+00	-6.88621061E+00	1.41125442E-02	6.51185875E-04
-5.64379305E+00	-5.12188748E+00	1.41089151E-02	6.28593697E-04
-6.28847128E+00	-1.88629578E+00	1.41052885E-02	6.06015803E-04
-5.42942978E+00	2.00658283E+00	1.41016645E-02	5.83452061E-04
-3.31358367E+00	5.52794942E+00	1.40980431E-02	5.60902340E-04
-4.59844133E-01	7.71310960E+00	1.40944241E-02	5.38366508E-04
2.47231392E+00	7.93250921E+00	1.40908076E-02	5.15844433E-04
4.83280892E+00	6.07622894E+00	1.40871937E-02	4.93335984E-04
6.11685468E+00	2.59628969E+00	1.40835821E-02	4.70841031E-04
6.06208791E+00	-1.60853881E+00	1.40799730E-02	4.48359442E-04
4.69288913E+00	-5.43494305E+00	1.40763663E-02	4.25891088E-04
2.30836720E+00	-7.87637956E+00	1.40727620E-02	4.03435840E-04
-5.80823503E-01	-8.29796842E+00	1.40691600E-02	3.80993566E-04
-3.35497539E+00	-6.60703752E+00	1.40655604E-02	3.58564138E-04
-5.41006721E+00	-3.27192007E+00	1.40619631E-02	3.36147426E-04
-6.28364147E+00	8.14221367E-01	1.40583681E-02	3.13743303E-04
-5.75836031E+00	4.58331197E+00	1.40547753E-02	2.91351638E-04
-3.92054755E+00	7.08327304E+00	1.40511849E-02	2.68972304E-04
-1.15652515E+00	7.72762854E+00	1.40475966E-02	2.46605173E-04
1.91948293E+00	6.43610546E+00	1.40440106E-02	2.24250117E-04
4.59679787E+00	3.63207729E+00	1.40404268E-02	2.01907008E-04
6.23362084E+00	1.04569811E-01	1.40368451E-02	1.79575719E-04
6.41813056E+00	-3.21991957E+00	1.40332656E-02	1.57256123E-04
5.08310445E+00	-5.52805095E+00	1.40296882E-02	1.34948093E-04
2.53927857E+00	-6.32316158E+00	1.40261130E-02	1.12651503E-04
-5.88610304E-01	-5.53009917E+00	1.40225398E-02	9.03662253E-05
-3.51327694E+00	-3.48092339E+00	1.40189687E-02	6.80921347E-05
-5.48809691E+00	-7.95304726E-01	1.40153996E-02	4.58291051E-05
-6.00847305E+00	1.80320475E+00	1.40118326E-02	2.35770107E-05
-4.95436390E+00	3.68054898E+00	1.40082675E-02	1.33572612E-06
