jMRUI Data Textfile

Filename: /Users/kayigwe/Desktop/TE26_BASISSET/converter/sample_basis_sets/JMRUI/NAAG.txt

PointsInDataset: 2048
DatasetsInFile: 1
SamplingInterval: 2.500000E-01
ZeroOrderPhase: 0.000000E+00
BeginTime: 0.000000E+00
TransmitterFrequency: 1.232618E+08
MagneticField: 2.895033E+00
TypeOfNucleus: 0.000000E+00
NameOfPatient: NAAG
DateOfExperiment: 20260523
Spectrometer: Unknown
AdditionalInfo: Converted by basis_set_converter


Signal and FFT
sig(real)	sig(imag)	fft(real)	fft(imag)
Signal 1 out of 1 in file
9.00855245E+01	-5.95013401E+00	2.40774628E-02	2.63366833E-03
7.79905139E+01	-4.48811740E+01	2.40728992E-02	2.59568277E-03
4.94316102E+01	-7.38127733E+01	2.40683387E-02	2.55772424E-03
1.10074591E+01	-8.62595302E+01	2.40637814E-02	2.51979254E-03
-2.84325589E+01	-7.96143687E+01	2.40592271E-02	2.48188746E-03
-5.98952920E+01	-5.57378514E+01	2.40546759E-02	2.44400879E-03
-7.63699220E+01	-2.04742427E+01	2.40501278E-02	2.40615633E-03
-7.44590059E+01	1.77806537E+01	2.40455827E-02	2.36832986E-03
-5.51249369E+01	5.01044657E+01	2.40410406E-02	2.33052919E-03
-2.33818205E+01	6.91693795E+01	2.40365014E-02	2.29275410E-03
1.29779823E+01	7.09449775E+01	2.40319652E-02	2.25500439E-03
4.52989398E+01	5.55772525E+01	2.40274320E-02	2.21727986E-03
6.61434996E+01	2.72455655E+01	2.40229016E-02	2.17958031E-03
7.10310728E+01	-6.94754855E+00	2.40183741E-02	2.14190552E-03
5.94196272E+01	-3.87631535E+01	2.40138494E-02	2.10425530E-03
3.47084294E+01	-6.08386588E+01	2.40093276E-02	2.06662945E-03
3.28531720E+00	-6.84300011E+01	2.40048086E-02	2.02902776E-03
-2.71238205E+01	-6.04643116E+01	2.40002923E-02	1.99145003E-03
-4.93799371E+01	-3.96637091E+01	2.39957788E-02	1.95389606E-03
-5.86493445E+01	-1.17358290E+01	2.39912681E-02	1.91636566E-03
-5.34982608E+01	1.61425135E+01	2.39867600E-02	1.87885861E-03
-3.61111871E+01	3.71529166E+01	2.39822546E-02	1.84137473E-03
-1.16050798E+01	4.65118277E+01	2.39777519E-02	1.80391380E-03
1.33630064E+01	4.25834146E+01	2.39732518E-02	1.76647565E-03
3.23263004E+01	2.71681067E+01	2.39687543E-02	1.72906005E-03
4.06337055E+01	4.91907082E+00	2.39642594E-02	1.69166683E-03
3.65653794E+01	-1.79414766E+01	2.39597671E-02	1.65429578E-03
2.16723424E+01	-3.52631305E+01	2.39552773E-02	1.61694670E-03
2.75934083E-01	-4.25415484E+01	2.39507901E-02	1.57961940E-03
-2.17239516E+01	-3.80299230E+01	2.39463053E-02	1.54231368E-03
-3.84124227E+01	-2.31180089E+01	2.39418230E-02	1.50502934E-03
-4.53894284E+01	-1.90033787E+00	2.39373431E-02	1.46776620E-03
-4.08783347E+01	1.99382328E+01	2.39328657E-02	1.43052406E-03
-2.61407612E+01	3.66219608E+01	2.39283906E-02	1.39330272E-03
-5.10625168E+00	4.37801516E+01	2.39239180E-02	1.35610199E-03
1.66745671E+01	3.95599579E+01	2.39194477E-02	1.31892168E-03
3.34761783E+01	2.50805284E+01	2.39149797E-02	1.28176158E-03
4.08711473E+01	4.12411431E+00	2.39105140E-02	1.24462152E-03
3.68572727E+01	-1.78464083E+01	2.39060507E-02	1.20750130E-03
2.23595959E+01	-3.50865401E+01	2.39015895E-02	1.17040073E-03
9.89257646E-01	-4.30285331E+01	2.38971307E-02	1.13331961E-03
-2.18711356E+01	-3.94329188E+01	2.38926740E-02	1.09625775E-03
-4.04191638E+01	-2.49492506E+01	2.38882195E-02	1.05921497E-03
-4.98798371E+01	-2.95339167E+00	2.38837672E-02	1.02219108E-03
-4.76885764E+01	2.12899945E+01	2.38793171E-02	9.85185875E-04
-3.41209131E+01	4.19251574E+01	2.38748691E-02	9.48199177E-04
-1.22206072E+01	5.39386346E+01	2.38704232E-02	9.11230795E-04
1.29476230E+01	5.43756090E+01	2.38659793E-02	8.74280540E-04
3.55298512E+01	4.30453771E+01	2.38615376E-02	8.37348224E-04
5.02934078E+01	2.25514848E+01	2.38570978E-02	8.00433658E-04
5.38722165E+01	-2.35103080E+00	2.38526601E-02	7.63536655E-04
4.55493707E+01	-2.59060134E+01	2.38482243E-02	7.26657028E-04
2.73966171E+01	-4.27295380E+01	2.38437906E-02	6.89794590E-04
3.74869739E+00	-4.90736055E+01	2.38393588E-02	6.52949153E-04
-1.98494968E+01	-4.36807604E+01	2.38349289E-02	6.16120533E-04
-3.79618913E+01	-2.80345893E+01	2.38305009E-02	5.79308542E-04
-4.65277086E+01	-5.95965557E+00	2.38260747E-02	5.42512996E-04
-4.37769554E+01	1.73195875E+01	2.38216505E-02	5.05733708E-04
-3.05872507E+01	3.64255730E+01	2.38172281E-02	4.68970494E-04
-1.02122145E+01	4.70784075E+01	2.38128074E-02	4.32223170E-04
1.25376945E+01	4.70562383E+01	2.38083886E-02	3.95491550E-04
3.24538380E+01	3.66477556E+01	2.38039716E-02	3.58775451E-04
4.51454391E+01	1.85056979E+01	2.37995563E-02	3.22074690E-04
4.80259193E+01	-3.04566457E+00	2.37951427E-02	2.85389081E-04
4.08456371E+01	-2.30689958E+01	2.37907308E-02	2.48718443E-04
2.56613129E+01	-3.71777956E+01	2.37863206E-02	2.12062593E-04
6.26888041E+00	-4.25290395E+01	2.37819121E-02	1.75421348E-04
-1.27478854E+01	-3.84176956E+01	2.37775052E-02	1.38794525E-04
-2.71152867E+01	-2.63481166E+01	2.37730999E-02	1.02181942E-04
-3.38503690E+01	-9.58528026E+00	2.37686962E-02	6.55834191E-05
-3.18978328E+01	7.68830644E+00	2.37642941E-02	2.89987731E-05
-2.22863980E+01	2.13955356E+01	2.37598936E-02	-7.57217669E-06
-7.78685145E+00	2.85183368E+01	2.37554945E-02	-4.41296112E-05
7.82698807E+00	2.77587512E+01	2.37510970E-02	-8.06737113E-05
2.07225098E+01	1.97622637E+01	2.37467010E-02	-1.17204657E-04
2.79242590E+01	6.86813974E+00	2.37423064E-02	-1.53722629E-04
2.79837717E+01	-7.53406435E+00	2.37379133E-02	-1.90227807E-04
2.12527626E+01	-1.98712808E+01	2.37335215E-02	-2.26720370E-04
9.71016160E+00	-2.72592631E+01	2.37291312E-02	-2.63200499E-04
-3.59710908E+00	-2.81695862E+01	2.37247423E-02	-2.99668372E-04
-1.53485867E+01	-2.27379061E+01	2.37203547E-02	-3.36124167E-04
-2.27774119E+01	-1.26526753E+01	2.37159685E-02	-3.72568065E-04
-2.43269692E+01	-6.67742615E-01	2.37115836E-02	-4.09000243E-04
-1.99825860E+01	1.01274984E+01	2.37071999E-02	-4.45420880E-04
-1.12086898E+01	1.70920007E+01	2.37028176E-02	-4.81830154E-04
-5.21009575E-01	1.86756091E+01	2.36984364E-02	-5.18228241E-04
9.18767366E+00	1.47660036E+01	2.36940566E-02	-5.54615321E-04
1.53925535E+01	6.66360585E+00	2.36896779E-02	-5.90991571E-04
1.65646657E+01	-3.29753622E+00	2.36853004E-02	-6.27357167E-04
1.25281630E+01	-1.23774595E+01	2.36809241E-02	-6.63712287E-04
4.46515653E+00	-1.81421536E+01	2.36765489E-02	-7.00057107E-04
-5.42360521E+00	-1.90784265E+01	2.36721748E-02	-7.36391804E-04
-1.45080432E+01	-1.49593621E+01	2.36678019E-02	-7.72716555E-04
-2.04133893E+01	-6.87405218E+00	2.36634300E-02	-8.09031535E-04
-2.16249664E+01	3.07847601E+00	2.36590592E-02	-8.45336921E-04
-1.78616298E+01	1.23467166E+01	2.36546894E-02	-8.81632888E-04
-1.01276317E+01	1.85893872E+01	2.36503206E-02	-9.17919612E-04
-4.35462933E-01	2.02733265E+01	2.36459529E-02	-9.54197269E-04
8.72451357E+00	1.70557898E+01	2.36415861E-02	-9.90466034E-04
1.50289744E+01	9.85726317E+00	2.36372202E-02	-1.02672608E-03
1.69154715E+01	6.10646454E-01	2.36328553E-02	-1.06297759E-03
1.39747855E+01	-8.24515127E+00	2.36284914E-02	-1.09922073E-03
7.04439632E+00	-1.43952349E+01	2.36241283E-02	-1.13545567E-03
-2.01735080E+00	-1.62406108E+01	2.36197660E-02	-1.17168260E-03
-1.08155364E+01	-1.33016671E+01	2.36154046E-02	-1.20790168E-03
-1.70355850E+01	-6.33238081E+00	2.36110441E-02	-1.24411310E-03
-1.90345234E+01	2.88115406E+00	2.36066843E-02	-1.28031701E-03
-1.62562731E+01	1.19838359E+01	2.36023254E-02	-1.31651361E-03
-9.36669714E+00	1.86562349E+01	2.35979672E-02	-1.35270306E-03
-7.62278625E-02	2.12057772E+01	2.35936097E-02	-1.38888553E-03
9.30240343E+00	1.89940170E+01	2.35892530E-02	-1.42506121E-03
1.64467905E+01	1.25923980E+01	2.35848970E-02	-1.46123025E-03
1.96158541E+01	3.62876361E+00	2.35805417E-02	-1.49739285E-03
1.80887114E+01	-5.63415967E+00	2.35761870E-02	-1.53354916E-03
1.23406404E+01	-1.28791151E+01	2.35718329E-02	-1.56969936E-03
3.91304414E+00	-1.63245685E+01	2.35674795E-02	-1.60584363E-03
-4.98744379E+00	-1.51743372E+01	2.35631267E-02	-1.64198213E-03
-1.20567424E+01	-9.81283682E+00	2.35587745E-02	-1.67811504E-03
-1.54820788E+01	-1.69773421E+00	2.35544228E-02	-1.71424254E-03
-1.44012899E+01	7.02071297E+00	2.35500716E-02	-1.75036479E-03
-9.11613434E+00	1.40547374E+01	2.35457210E-02	-1.78648197E-03
-1.00655065E+00	1.75656446E+01	2.35413709E-02	-1.82259425E-03
7.83047797E+00	1.66316708E+01	2.35370212E-02	-1.85870180E-03
1.51234611E+01	1.14780137E+01	2.35326720E-02	-1.89480480E-03
1.90103616E+01	3.41138557E+00	2.35283232E-02	-1.93090341E-03
1.85140232E+01	-5.52260161E+00	2.35239749E-02	-1.96699781E-03
1.37875745E+01	-1.30699218E+01	2.35196269E-02	-2.00308817E-03
6.06782706E+00	-1.73493430E+01	2.35152793E-02	-2.03917465E-03
-2.65010012E+00	-1.73346796E+01	2.35109321E-02	-2.07525745E-03
-1.01320871E+01	-1.31143353E+01	2.35065852E-02	-2.11133671E-03
-1.44837615E+01	-5.86202740E+00	2.35022386E-02	-2.14741263E-03
-1.46392198E+01	2.47289618E+00	2.34978922E-02	-2.18348536E-03
-1.06337376E+01	9.67489661E+00	2.34935462E-02	-2.21955508E-03
-3.59036361E+00	1.38393832E+01	2.34892004E-02	-2.25562196E-03
4.57580167E+00	1.38681263E+01	2.34848548E-02	-2.29168617E-03
1.16589239E+01	9.75465141E+00	2.34805094E-02	-2.32774788E-03
1.57394459E+01	2.58554325E+00	2.34761643E-02	-2.36380727E-03
1.56871505E+01	-5.74302303E+00	2.34718193E-02	-2.39986450E-03
1.14594791E+01	-1.30205053E+01	2.34674744E-02	-2.43591975E-03
4.11696003E+00	-1.73009251E+01	2.34631296E-02	-2.47197319E-03
-4.44939582E+00	-1.74153191E+01	2.34587850E-02	-2.50802499E-03
-1.20092691E+01	-1.32840882E+01	2.34544404E-02	-2.54407531E-03
-1.65763058E+01	-5.94678117E+00	2.34500959E-02	-2.58012434E-03
-1.69323825E+01	2.70042781E+00	2.34457515E-02	-2.61617223E-03
-1.29559962E+01	1.03936277E+01	2.34414070E-02	-2.65221917E-03
-5.66758876E+00	1.50913286E+01	2.34370626E-02	-2.68826533E-03
3.02283174E+00	1.55134848E+01	2.34327181E-02	-2.72431086E-03
1.08034943E+01	1.14887729E+01	2.34283736E-02	-2.76035596E-03
1.55602794E+01	4.01766931E+00	2.34240291E-02	-2.79640077E-03
1.59337210E+01	-4.96869456E+00	2.34196845E-02	-2.83244549E-03
1.16887192E+01	-1.30956000E+01	2.34153397E-02	-2.86849027E-03
3.79859665E+00	-1.81552787E+01	2.34109948E-02	-2.90453529E-03
-5.78255015E+00	-1.86850651E+01	2.34066498E-02	-2.94058073E-03
-1.46054069E+01	-1.43635268E+01	2.34023047E-02	-2.97662674E-03
-2.03480860E+01	-6.11960916E+00	2.33979593E-02	-3.01267350E-03
-2.14181260E+01	4.07806138E+00	2.33936137E-02	-3.04872119E-03
-1.73790707E+01	1.37031268E+01	2.33892679E-02	-3.08476997E-03
-9.08938470E+00	2.03060141E+01	2.33849219E-02	-3.12082001E-03
1.48680578E+00	2.21415763E+01	2.33805756E-02	-3.15687149E-03
1.17546425E+01	1.86297193E+01	2.33762290E-02	-3.19292457E-03
1.91332993E+01	1.05289040E+01	2.33718821E-02	-3.22897944E-03
2.17098280E+01	-2.26518291E-01	2.33675349E-02	-3.26503625E-03
1.87365743E+01	-1.09896967E+01	2.33631873E-02	-3.30109518E-03
1.08437308E+01	-1.90533115E+01	2.33588393E-02	-3.33715640E-03
-9.13492642E-02	-2.23288159E+01	2.33544910E-02	-3.37322008E-03
-1.13907287E+01	-1.98822178E+01	2.33501422E-02	-3.40928640E-03
-2.02310480E+01	-1.21894032E+01	2.33457931E-02	-3.44535552E-03
-2.43459984E+01	-1.04260225E+00	2.33414434E-02	-3.48142762E-03
-2.26007405E+01	1.08737304E+01	2.33370933E-02	-3.51750287E-03
-1.52926849E+01	2.06362026E+01	2.33327427E-02	-3.55358143E-03
-4.09971457E+00	2.58048171E+01	2.33283916E-02	-3.58966349E-03
8.31585317E+00	2.50349739E+01	2.33240399E-02	-3.62574920E-03
1.89531452E+01	1.84251966E+01	2.33196877E-02	-3.66183875E-03
2.52105898E+01	7.51085189E+00	2.33153349E-02	-3.69793231E-03
2.55332309E+01	-5.09856558E+00	2.33109815E-02	-3.73403004E-03
1.98076416E+01	-1.63522250E+01	2.33066275E-02	-3.77013213E-03
9.40381987E+00	-2.35063719E+01	2.33022728E-02	-3.80623873E-03
-3.14965842E+00	-2.48036924E+01	2.32979175E-02	-3.84235003E-03
-1.47798873E+01	-1.99144916E+01	2.32935615E-02	-3.87846619E-03
-2.26233619E+01	-1.00283273E+01	2.32892048E-02	-3.91458740E-03
-2.47334466E+01	2.42930197E+00	2.32848474E-02	-3.95071381E-03
-2.05659448E+01	1.43876960E+01	2.32804892E-02	-3.98684560E-03
-1.11210090E+01	2.28848090E+01	2.32761303E-02	-4.02298295E-03
1.29586612E+00	2.57984952E+01	2.32717706E-02	-4.05912603E-03
1.36367193E+01	2.23739082E+01	2.32674101E-02	-4.09527501E-03
2.28601407E+01	1.34153856E+01	2.32630487E-02	-4.13143006E-03
2.66818126E+01	1.09371497E+00	2.32586865E-02	-4.16759136E-03
2.41406987E+01	-1.15851333E+01	2.32543234E-02	-4.20375908E-03
1.58399377E+01	-2.15195284E+01	2.32499595E-02	-4.23993340E-03
3.80164908E+00	-2.62774930E+01	2.32455946E-02	-4.27611448E-03
-9.02955738E+00	-2.46982922E+01	2.32412288E-02	-4.31230250E-03
-1.95122819E+01	-1.71807977E+01	2.32368620E-02	-4.34849763E-03
-2.50839182E+01	-5.58645074E+00	2.32324943E-02	-4.38470005E-03
-2.43939539E+01	7.21986119E+00	2.32281256E-02	-4.42090994E-03
-1.76377330E+01	1.80777243E+01	2.32237558E-02	-4.45712746E-03
-6.50753685E+00	2.43126166E+01	2.32193851E-02	-4.49335279E-03
6.22719758E+00	2.43969842E+01	2.32150132E-02	-4.52958610E-03
1.74064973E+01	1.83268106E+01	2.32106403E-02	-4.56582757E-03
2.42628237E+01	7.62010603E+00	2.32062663E-02	-4.60207738E-03
2.51058150E+01	-5.06224397E+00	2.32018911E-02	-4.63833570E-03
1.97385930E+01	-1.65788222E+01	2.31975149E-02	-4.67460269E-03
9.50226068E+00	-2.40882042E+01	2.31931374E-02	-4.71087855E-03
-3.06210286E+00	-2.57532039E+01	2.31887588E-02	-4.74716344E-03
-1.48492348E+01	-2.11934502E+01	2.31843789E-02	-4.78345755E-03
-2.29642506E+01	-1.15737956E+01	2.31799979E-02	-4.81976103E-03
-2.54423743E+01	6.92901207E-01	2.31756155E-02	-4.85607408E-03
-2.17340659E+01	1.25536431E+01	2.31712320E-02	-4.89239687E-03
-1.28346104E+01	2.10811293E+01	2.31668471E-02	-4.92872956E-03
-1.02639110E+00	2.42054011E+01	2.31624609E-02	-4.96507235E-03
1.07007701E+01	2.12278318E+01	2.31580733E-02	-5.00142541E-03
1.94050189E+01	1.29887360E+01	2.31536845E-02	-5.03778891E-03
2.29333069E+01	1.64698734E+00	2.31492942E-02	-5.07416303E-03
2.04610249E+01	-9.87231506E+00	2.31449025E-02	-5.11054795E-03
1.26944577E+01	-1.86224361E+01	2.31405094E-02	-5.14694384E-03
1.68506093E+00	-2.23835710E+01	2.31361149E-02	-5.18335089E-03
-9.69744726E+00	-2.02259082E+01	2.31317189E-02	-5.21976927E-03
-1.84998481E+01	-1.27443197E+01	2.31273214E-02	-5.25619915E-03
-2.24418071E+01	-1.90461643E+00	2.31229225E-02	-5.29264073E-03
-2.05016493E+01	9.46044366E+00	2.31185219E-02	-5.32909417E-03
-1.31818786E+01	1.83782540E+01	2.31141199E-02	-5.36555966E-03
-2.38542342E+00	2.25022548E+01	2.31097162E-02	-5.40203737E-03
9.06791079E+00	2.07215133E+01	2.31053110E-02	-5.43852748E-03
1.81637183E+01	1.34574167E+01	2.31009042E-02	-5.47503018E-03
2.24714273E+01	2.56933460E+00	2.30964957E-02	-5.51154564E-03
2.07806182E+01	-9.11012568E+00	2.30920855E-02	-5.54807404E-03
1.34313286E+01	-1.84953388E+01	2.30876737E-02	-5.58461556E-03
2.25060145E+00	-2.30424158E+01	2.30832602E-02	-5.62117039E-03
-9.89342736E+00	-2.14167223E+01	2.30788449E-02	-5.65773870E-03
-1.98114555E+01	-1.38613690E+01	2.30744279E-02	-5.69432068E-03
-2.48077525E+01	-2.16856502E+00	2.30700092E-02	-5.73091650E-03
-2.33842008E+01	1.07450288E+01	2.30655886E-02	-5.76752636E-03
-1.56533249E+01	2.15577287E+01	2.30611662E-02	-5.80415042E-03
-3.35086381E+00	2.73800296E+01	2.30567420E-02	-5.84078888E-03
1.05623176E+01	2.65003467E+01	2.30523160E-02	-5.87744190E-03
2.26161564E+01	1.88499301E+01	2.30478880E-02	-5.91410969E-03
2.96912521E+01	6.06512628E+00	2.30434582E-02	-5.95079242E-03
2.98101132E+01	-8.87598899E+00	2.30390264E-02	-5.98749027E-03
2.26611278E+01	-2.23597498E+01	2.30345927E-02	-6.02420343E-03
9.72011657E+00	-3.10164118E+01	2.30301570E-02	-6.06093208E-03
-6.06780551E+00	-3.25581045E+01	2.30257193E-02	-6.09767640E-03
-2.09750301E+01	-2.63674837E+01	2.30212796E-02	-6.13443659E-03
-3.13839005E+01	-1.36880000E+01	2.30168379E-02	-6.17121282E-03
-3.46689872E+01	2.63719241E+00	2.30123941E-02	-6.20800528E-03
-2.98531742E+01	1.88204897E+01	2.30079483E-02	-6.24481415E-03
-1.78744185E+01	3.10248455E+01	2.30035003E-02	-6.28163963E-03
-1.39341525E+00	3.62838853E+01	2.29990502E-02	-6.31848189E-03
1.58163689E+01	3.32242788E+01	2.29945979E-02	-6.35534113E-03
2.97529049E+01	2.24137017E+01	2.29901435E-02	-6.39221753E-03
3.71330462E+01	6.24727715E+00	2.29856869E-02	-6.42911127E-03
3.61755885E+01	-1.16033509E+01	2.29812281E-02	-6.46602255E-03
2.70309750E+01	-2.70482918E+01	2.29767670E-02	-6.50295156E-03
1.17533331E+01	-3.65403522E+01	2.29723037E-02	-6.53989847E-03
-6.17934373E+00	-3.79088035E+01	2.29678381E-02	-6.57686349E-03
-2.26822315E+01	-3.08666077E+01	2.29633702E-02	-6.61384679E-03
-3.40222512E+01	-1.70704788E+01	2.29588999E-02	-6.65084857E-03
-3.76889266E+01	2.79045659E-01	2.29544273E-02	-6.68786901E-03
-3.29702228E+01	1.71997340E+01	2.29499523E-02	-6.72490832E-03
-2.10980561E+01	2.98676775E+01	2.29454749E-02	-6.76196667E-03
-4.93250555E+00	3.55093629E+01	2.29409951E-02	-6.79904426E-03
1.17350703E+01	3.30333420E+01	2.29365129E-02	-6.83614128E-03
2.50888810E+01	2.32537205E+01	2.29320282E-02	-6.87325792E-03
3.21856755E+01	8.65760343E+00	2.29275409E-02	-6.91039437E-03
3.16270474E+01	-7.22080981E+00	2.29230512E-02	-6.94755083E-03
2.38494094E+01	-2.06626238E+01	2.29185589E-02	-6.98472749E-03
1.09687511E+01	-2.86513214E+01	2.29140641E-02	-7.02192454E-03
-3.77377998E+00	-2.95699754E+01	2.29095666E-02	-7.05914217E-03
-1.68231683E+01	-2.35436984E+01	2.29050666E-02	-7.09638058E-03
-2.51762041E+01	-1.23516864E+01	2.29005639E-02	-7.13363996E-03
-2.70893255E+01	1.06026586E+00	2.28960586E-02	-7.17092051E-03
-2.24589274E+01	1.33385086E+01	2.28915506E-02	-7.20822242E-03
-1.27880968E+01	2.15588906E+01	2.28870399E-02	-7.24554589E-03
-7.57388502E-01	2.39341951E+01	2.28825264E-02	-7.28289112E-03
1.04849817E+01	2.02191016E+01	2.28780102E-02	-7.32025829E-03
1.81304419E+01	1.17183875E+01	2.28734912E-02	-7.35764761E-03
2.04106097E+01	9.04722061E-01	2.28689694E-02	-7.39505928E-03
1.70169162E+01	-9.24991650E+00	2.28644448E-02	-7.43249349E-03
9.13845583E+00	-1.60547869E+01	2.28599173E-02	-7.46995045E-03
-8.85056181E-01	-1.77927171E+01	2.28553870E-02	-7.50743034E-03
-1.02008860E+01	-1.41489373E+01	2.28508538E-02	-7.54493337E-03
-1.62044096E+01	-6.26998050E+00	2.28463176E-02	-7.58245974E-03
-1.72268745E+01	3.55861037E+00	2.28417785E-02	-7.62000965E-03
-1.29731099E+01	1.25296945E+01	2.28372364E-02	-7.65758330E-03
-4.59740876E+00	1.80660299E+01	2.28326913E-02	-7.69518088E-03
5.60117781E+00	1.85110687E+01	2.28281433E-02	-7.73280262E-03
1.47853443E+01	1.35801020E+01	2.28235921E-02	-7.77044869E-03
2.03316327E+01	4.45413145E+00	2.28190379E-02	-7.80811931E-03
2.05342017E+01	-6.50988847E+00	2.28144806E-02	-7.84581468E-03
1.50778271E+01	-1.63806394E+01	2.28099202E-02	-7.88353501E-03
5.15558228E+00	-2.24138086E+01	2.28053566E-02	-7.92128049E-03
-6.80357768E+00	-2.27791398E+01	2.28007899E-02	-7.95905134E-03
-1.77329769E+01	-1.70659560E+01	2.27962199E-02	-7.99684775E-03
-2.47042126E+01	-6.43425161E+00	2.27916468E-02	-8.03466994E-03
-2.56861820E+01	6.63324567E+00	2.27870704E-02	-8.07251810E-03
-2.00941074E+01	1.89223036E+01	2.27824907E-02	-8.11039246E-03
-8.98582573E+00	2.72786745E+01	2.27779077E-02	-8.14829320E-03
5.15080678E+00	2.94044809E+01	2.27733215E-02	-8.18622055E-03
1.89740066E+01	2.44600877E+01	2.27687318E-02	-8.22417470E-03
2.90909502E+01	1.33176604E+01	2.27641388E-02	-8.26215588E-03
3.28924268E+01	-1.60306361E+00	2.27595424E-02	-8.30016428E-03
2.92135942E+01	-1.68838175E+01	2.27549426E-02	-8.33820012E-03
1.86552475E+01	-2.89133079E+01	2.27503393E-02	-8.37626360E-03
3.48127149E+00	-3.47560937E+01	2.27457326E-02	-8.41435495E-03
-1.28892731E+01	-3.28738156E+01	2.27411223E-02	-8.45247437E-03
-2.66777847E+01	-2.35213461E+01	2.27365086E-02	-8.49062207E-03
-3.46405222E+01	-8.71765169E+00	2.27318913E-02	-8.52879827E-03
-3.48469979E+01	8.20658648E+00	2.27272704E-02	-8.56700318E-03
-2.71538032E+01	2.33800686E+01	2.27226459E-02	-8.60523701E-03
-1.32574259E+01	3.32984046E+01	2.27180177E-02	-8.64349999E-03
3.68968213E+00	3.56517438E+01	2.27133859E-02	-8.68179231E-03
1.98105816E+01	2.98742611E+01	2.27087505E-02	-8.72011421E-03
3.14098689E+01	1.72832298E+01	2.27041113E-02	-8.75846589E-03
3.58389276E+01	7.73428730E-01	2.26994684E-02	-8.79684758E-03
3.21145154E+01	-1.58609612E+01	2.26948217E-02	-8.83525949E-03
2.11437325E+01	-2.88156919E+01	2.26901712E-02	-8.87370184E-03
5.50262370E+00	-3.51653884E+01	2.26855169E-02	-8.91217485E-03
-1.11775751E+01	-3.35410022E+01	2.26808588E-02	-8.95067873E-03
-2.50689953E+01	-2.44358817E+01	2.26761968E-02	-8.98921372E-03
-3.30451063E+01	-1.00699737E+01	2.26715309E-02	-9.02778003E-03
-3.34044026E+01	6.15236994E+00	2.26668611E-02	-9.06637788E-03
-2.62491463E+01	2.04585712E+01	2.26621873E-02	-9.10500749E-03
-1.34322970E+01	2.96010069E+01	2.26575096E-02	-9.14366909E-03
1.91010381E+00	3.16133941E+01	2.26528278E-02	-9.18236290E-03
1.61245793E+01	2.62513243E+01	2.26481420E-02	-9.22108915E-03
2.59169535E+01	1.50155003E+01	2.26434522E-02	-9.25984806E-03
2.91284775E+01	7.57661952E-01	2.26387583E-02	-9.29863986E-03
2.52262275E+01	-1.30302477E+01	2.26340602E-02	-9.33746477E-03
1.53937829E+01	-2.30678067E+01	2.26293580E-02	-9.37632302E-03
2.20627157E+00	-2.70708572E+01	2.26246517E-02	-9.41521483E-03
-1.10251262E+01	-2.42801814E+01	2.26199411E-02	-9.45414045E-03
-2.10748193E+01	-1.56096196E+01	2.26152263E-02	-9.49310009E-03
-2.55877452E+01	-3.38345019E+00	2.26105073E-02	-9.53209398E-03
-2.36362515E+01	9.26639565E+00	2.26057840E-02	-9.57112237E-03
-1.59158023E+01	1.91902278E+01	2.26010563E-02	-9.61018547E-03
-4.53673567E+00	2.40004134E+01	2.25963244E-02	-9.64928352E-03
7.53067127E+00	2.26487198E+01	2.25915880E-02	-9.68841676E-03
1.72155689E+01	1.56609814E+01	2.25868473E-02	-9.72758541E-03
2.21189538E+01	4.97527190E+00	2.25821021E-02	-9.76678972E-03
2.11064482E+01	-6.57120530E+00	2.25773525E-02	-9.80602991E-03
1.45752836E+01	-1.59742518E+01	2.25725984E-02	-9.84530623E-03
4.33191653E+00	-2.08280299E+01	2.25678398E-02	-9.88461891E-03
-6.88538692E+00	-1.99309568E+01	2.25630766E-02	-9.92396819E-03
-1.61158620E+01	-1.35807513E+01	2.25583089E-02	-9.96335430E-03
-2.09367700E+01	-3.48623133E+00	2.25535365E-02	-1.00027775E-02
-2.00824372E+01	7.67970946E+00	2.25487596E-02	-1.00422380E-02
-1.37655229E+01	1.69711433E+01	2.25439779E-02	-1.00817361E-02
-3.61986156E+00	2.19280721E+01	2.25391916E-02	-1.01212719E-02
7.71996290E+00	2.12103687E+01	2.25344006E-02	-1.01608458E-02
1.72952308E+01	1.49455517E+01	2.25296048E-02	-1.02004580E-02
2.25839193E+01	4.70170707E+00	2.25248043E-02	-1.02401087E-02
2.21522660E+01	-6.90823087E+00	2.25199989E-02	-1.02797982E-02
1.60309141E+01	-1.68911613E+01	2.25151887E-02	-1.03195267E-02
5.71888119E+00	-2.26393289E+01	2.25103737E-02	-1.03592945E-02
-6.18737164E+00	-2.26023992E+01	2.25055537E-02	-1.03991018E-02
-1.66474692E+01	-1.66947403E+01	2.25007288E-02	-1.04389489E-02
-2.29489165E+01	-6.33287124E+00	2.24958990E-02	-1.04788360E-02
-2.34020452E+01	5.90881658E+00	2.24910641E-02	-1.05187633E-02
-1.77813976E+01	1.69393985E+01	2.24862243E-02	-1.05587311E-02
-7.39996841E+00	2.39295327E+01	2.24813793E-02	-1.05987398E-02
5.20515575E+00	2.50305589E+01	2.24765293E-02	-1.06387894E-02
1.68992257E+01	1.98525219E+01	2.24716742E-02	-1.06788803E-02
2.47326144E+01	9.57878173E+00	2.24668140E-02	-1.07190127E-02
2.66839229E+01	-3.31426958E+00	2.24619486E-02	-1.07591870E-02
2.21762310E+01	-1.56646404E+01	2.24570779E-02	-1.07994032E-02
1.22353266E+01	-2.44089345E+01	2.24522020E-02	-1.08396618E-02
-7.52011108E-01	-2.73477331E+01	2.24473209E-02	-1.08799629E-02
-1.36214414E+01	-2.37003545E+01	2.24424344E-02	-1.09203069E-02
-2.32120649E+01	-1.43091218E+01	2.24375426E-02	-1.09606939E-02
-2.71508052E+01	-1.44047870E+00	2.24326455E-02	-1.10011242E-02
-2.44444668E+01	1.17690347E+01	2.24277429E-02	-1.10415982E-02
-1.57312654E+01	2.20850364E+01	2.24228350E-02	-1.10821160E-02
-3.12832894E+00	2.69740765E+01	2.24179215E-02	-1.11226780E-02
1.02876336E+01	2.52302912E+01	2.24130026E-02	-1.11632843E-02
2.12378062E+01	1.72740239E+01	2.24080781E-02	-1.12039353E-02
2.70488343E+01	5.04818576E+00	2.24031481E-02	-1.12446312E-02
2.63100540E+01	-8.46168312E+00	2.23982124E-02	-1.12853724E-02
1.92175977E+01	-1.99640839E+01	2.23932712E-02	-1.13261590E-02
7.52078378E+00	-2.66717676E+01	2.23883243E-02	-1.13669913E-02
-5.91469817E+00	-2.69844907E+01	2.23833717E-02	-1.14078697E-02
-1.78171029E+01	-2.08756800E+01	2.23784133E-02	-1.14487943E-02
-2.53152283E+01	-9.88862743E+00	2.23734492E-02	-1.14897655E-02
-2.66410050E+01	3.25470227E+00	2.23684793E-02	-1.15307835E-02
-2.15547114E+01	1.53329500E+01	2.23635036E-02	-1.15718486E-02
-1.13894135E+01	2.34224603E+01	2.23585220E-02	-1.16129611E-02
1.29347135E+00	2.56138032E+01	2.23535345E-02	-1.16541213E-02
1.33488966E+01	2.14707934E+01	2.23485411E-02	-1.16953294E-02
2.18306588E+01	1.21204750E+01	2.23435418E-02	-1.17365858E-02
2.47161927E+01	-4.47732727E-02	2.23385364E-02	-1.17778906E-02
2.13943333E+01	-1.19752115E+01	2.23335250E-02	-1.18192442E-02
1.27973241E+01	-2.07275466E+01	2.23285075E-02	-1.18606469E-02
1.14806784E+00	-2.41930100E+01	2.23234839E-02	-1.19020990E-02
-1.06102560E+01	-2.16089320E+01	2.23184542E-02	-1.19436007E-02
-1.95565821E+01	-1.37288392E+01	2.23134183E-02	-1.19851523E-02
-2.35193335E+01	-2.61255582E+00	2.23083762E-02	-1.20267541E-02
-2.16074437E+01	8.90696578E+00	2.23033278E-02	-1.20684065E-02
-1.44146261E+01	1.79432070E+01	2.22982732E-02	-1.21101096E-02
-3.84951538E+00	2.22799997E+01	2.22932122E-02	-1.21518639E-02
7.36162910E+00	2.09185424E+01	2.22881449E-02	-1.21936695E-02
1.63714852E+01	1.43123770E+01	2.22830712E-02	-1.22355268E-02
2.09306804E+01	4.23467874E+00	2.22779911E-02	-1.22774360E-02
1.99485100E+01	-6.68509947E+00	2.22729045E-02	-1.23193976E-02
1.37559826E+01	-1.56356093E+01	2.22678115E-02	-1.23614117E-02
4.00773444E+00	-2.03374992E+01	2.22627118E-02	-1.24034786E-02
-6.74945899E+00	-1.96168099E+01	2.22576057E-02	-1.24455988E-02
-1.57303299E+01	-1.36945561E+01	2.22524929E-02	-1.24877724E-02
-2.06206721E+01	-4.12151077E+00	2.22473734E-02	-1.25299998E-02
-2.01636019E+01	6.62316783E+00	2.22422473E-02	-1.25722812E-02
-1.44753779E+01	1.57664638E+01	2.22371144E-02	-1.26146171E-02
-5.01236997E+00	2.09481327E+01	2.22319748E-02	-1.26570076E-02
5.80121056E+00	2.08210031E+01	2.22268284E-02	-1.26994531E-02
1.51900294E+01	1.53939265E+01	2.22216752E-02	-1.27419540E-02
2.07329148E+01	6.03146148E+00	2.22165151E-02	-1.27845104E-02
2.09789904E+01	-4.88924656E+00	2.22113481E-02	-1.28271228E-02
1.58196201E+01	-1.45779296E+01	2.22061741E-02	-1.28697915E-02
6.52252548E+00	-2.05363862E+01	2.22009931E-02	-1.29125167E-02
-4.58089072E+00	-2.11923731E+01	2.21958051E-02	-1.29552987E-02
-1.46771985E+01	-1.63030130E+01	2.21906101E-02	-1.29981380E-02
-2.11764609E+01	-7.02606211E+00	2.21854079E-02	-1.30410348E-02
-2.23654249E+01	4.35977834E+00	2.21801986E-02	-1.30839895E-02
-1.78449800E+01	1.50168118E+01	2.21749821E-02	-1.31270022E-02
-8.64192510E+00	2.22534114E+01	2.21697584E-02	-1.31700735E-02
3.03411420E+00	2.41971498E+01	2.21645274E-02	-1.32132036E-02
1.43296699E+01	2.02684647E+01	2.21592891E-02	-1.32563928E-02
2.24497911E+01	1.13364018E+01	2.21540435E-02	-1.32996415E-02
2.53504176E+01	-4.83543239E-01	2.21487905E-02	-1.33429500E-02
2.22494222E+01	-1.23409907E+01	2.21435300E-02	-1.33863186E-02
1.38293513E+01	-2.13465603E+01	2.21382621E-02	-1.34297476E-02
2.08068823E+00	-2.52811730E+01	2.21329867E-02	-1.34732375E-02
-1.01770205E+01	-2.31441825E+01	2.21277037E-02	-1.35167884E-02
-1.99794356E+01	-1.54050945E+01	2.21224132E-02	-1.35604009E-02
-2.49396314E+01	-3.89632593E+00	2.21171150E-02	-1.36040751E-02
-2.38312546E+01	8.62740167E+00	2.21118091E-02	-1.36478115E-02
-1.68896608E+01	1.91555731E+01	2.21064955E-02	-1.36916104E-02
-5.75721713E+00	2.51513914E+01	2.21011741E-02	-1.37354721E-02
6.91377528E+00	2.51660074E+01	2.20958450E-02	-1.37793969E-02
1.81032059E+01	1.91876184E+01	2.20905080E-02	-1.38233853E-02
2.51531467E+01	8.64078730E+00	2.20851631E-02	-1.38674376E-02
2.64074085E+01	-3.96280885E+00	2.20798103E-02	-1.39115540E-02
2.16050843E+01	-1.56356572E+01	2.20744495E-02	-1.39557351E-02
1.19333714E+01	-2.36373702E+01	2.20690807E-02	-1.39999810E-02
-2.71128869E-01	-2.61323760E+01	2.20637039E-02	-1.40442923E-02
-1.20972553E+01	-2.26224011E+01	2.20583189E-02	-1.40886692E-02
-2.07677055E+01	-1.40500792E+01	2.20529258E-02	-1.41331120E-02
-2.43067736E+01	-2.55148623E+00	2.20475245E-02	-1.41776213E-02
-2.20046126E+01	9.07820865E+00	2.20421150E-02	-1.42221972E-02
-1.45667690E+01	1.80718561E+01	2.20366971E-02	-1.42668402E-02
-3.91635251E+00	2.23598519E+01	2.20312710E-02	-1.43115507E-02
7.29779792E+00	2.10579433E+01	2.20258365E-02	-1.43563290E-02
1.63616104E+01	1.46560188E+01	2.20203935E-02	-1.44011754E-02
2.11594515E+01	4.86606053E+00	2.20149421E-02	-1.44460904E-02
2.06769147E+01	-5.82748020E+00	2.20094822E-02	-1.44910743E-02
1.52209624E+01	-1.47982681E+01	2.20040138E-02	-1.45361275E-02
6.30786848E+00	-1.99296329E+01	2.19985367E-02	-1.45812504E-02
-3.74684330E+00	-2.01242700E+01	2.19930510E-02	-1.46264434E-02
-1.24281407E+01	-1.55473552E+01	2.19875566E-02	-1.46717067E-02
-1.76566322E+01	-7.54730249E+00	2.19820534E-02	-1.47170409E-02
-1.82984040E+01	1.71945270E+00	2.19765415E-02	-1.47624463E-02
-1.44231017E+01	9.85884774E+00	2.19710207E-02	-1.48079232E-02
-7.24971305E+00	1.48560639E+01	2.19654911E-02	-1.48534722E-02
1.20004047E+00	1.55807022E+01	2.19599525E-02	-1.48990935E-02
8.64643426E+00	1.20530647E+01	2.19544049E-02	-1.49447875E-02
1.31509727E+01	5.40746011E+00	2.19488483E-02	-1.49905546E-02
1.36145573E+01	-2.43275317E+00	2.19432826E-02	-1.50363953E-02
1.00471945E+01	-9.27954836E+00	2.19377078E-02	-1.50823100E-02
3.54253275E+00	-1.32647589E+01	2.19321239E-02	-1.51282990E-02
-4.03217225E+00	-1.33315001E+01	2.19265307E-02	-1.51743627E-02
-1.05462188E+01	-9.50503520E+00	2.19209282E-02	-1.52205015E-02
-1.41799543E+01	-2.87426148E+00	2.19153164E-02	-1.52667159E-02
-1.39121041E+01	4.70895721E+00	2.19096952E-02	-1.53130062E-02
-9.79220648E+00	1.11317049E+01	2.19040646E-02	-1.53593729E-02
-2.92729768E+00	1.45900519E+01	2.18984246E-02	-1.54058164E-02
4.81294874E+00	1.40767747E+01	2.18927750E-02	-1.54523370E-02
1.12947382E+01	9.65823963E+00	2.18871158E-02	-1.54989352E-02
1.46912378E+01	2.46726773E+00	2.18814470E-02	-1.55456115E-02
1.39761689E+01	-5.58692823E+00	2.18757685E-02	-1.55923662E-02
9.20994558E+00	-1.23167356E+01	2.18700803E-02	-1.56391997E-02
1.54225128E+00	-1.58326949E+01	2.18643823E-02	-1.56861126E-02
-7.07144490E+00	-1.50484502E+01	2.18586745E-02	-1.57331051E-02
-1.43676477E+01	-9.98203885E+00	2.18529568E-02	-1.57801778E-02
-1.83593174E+01	-1.77373590E+00	2.18472291E-02	-1.58273311E-02
-1.78566247E+01	7.58643339E+00	2.18414915E-02	-1.58745653E-02
-1.27893516E+01	1.57536629E+01	2.18357438E-02	-1.59218810E-02
-4.24671413E+00	2.06206160E+01	2.18299859E-02	-1.59692786E-02
5.77762652E+00	2.08564502E+01	2.18242180E-02	-1.60167585E-02
1.48724914E+01	1.62552478E+01	2.18184398E-02	-1.60643211E-02
2.08061440E+01	7.80459754E+00	2.18126513E-02	-1.61119670E-02
2.20833831E+01	-2.54421982E+00	2.18068525E-02	-1.61596965E-02
1.83228968E+01	-1.23477574E+01	2.18010434E-02	-1.62075101E-02
1.03603101E+01	-1.92662796E+01	2.17952238E-02	-1.62554083E-02
5.12663324E-02	-2.16357747E+01	2.17893937E-02	-1.63033914E-02
-1.01761619E+01	-1.88744074E+01	2.17835531E-02	-1.63514601E-02
-1.79083449E+01	-1.16236663E+01	2.17777019E-02	-1.63996146E-02
-2.13271056E+01	-1.59095816E+00	2.17718400E-02	-1.64478556E-02
-1.96424487E+01	8.86547039E+00	2.17659674E-02	-1.64961834E-02
-1.32726697E+01	1.73052866E+01	2.17600840E-02	-1.65445985E-02
-3.73096594E+00	2.17879836E+01	2.17541898E-02	-1.65931014E-02
6.74968787E+00	2.13262229E+01	2.17482847E-02	-1.66416925E-02
1.57580131E+01	1.61026913E+01	2.17423686E-02	-1.66903724E-02
2.12779088E+01	7.40237952E+00	2.17364415E-02	-1.67391416E-02
2.21544862E+01	-2.71731918E+00	2.17305034E-02	-1.67880004E-02
1.83425044E+01	-1.19327931E+01	2.17245541E-02	-1.68369493E-02
1.08827642E+01	-1.82098530E+01	2.17185937E-02	-1.68859890E-02
1.61974323E+00	-2.02732174E+01	2.17126220E-02	-1.69351198E-02
-7.26353121E+00	-1.78789744E+01	2.17066390E-02	-1.69843422E-02
-1.37750299E+01	-1.18304491E+01	2.17006446E-02	-1.70336567E-02
-1.65772884E+01	-3.74235735E+00	2.16946388E-02	-1.70830639E-02
-1.52749312E+01	4.38053533E+00	2.16886215E-02	-1.71325642E-02
-1.04628715E+01	1.06408924E+01	2.16825927E-02	-1.71821582E-02
-3.53277055E+00	1.36982226E+01	2.16765522E-02	-1.72318463E-02
3.70519784E+00	1.30623077E+01	2.16705001E-02	-1.72816290E-02
9.48485243E+00	9.16509098E+00	2.16644362E-02	-1.73315068E-02
1.25132913E+01	3.20263780E+00	2.16583605E-02	-1.73814804E-02
1.22621298E+01	-3.20394166E+00	2.16522729E-02	-1.74315501E-02
9.05413624E+00	-8.43654736E+00	2.16461735E-02	-1.74817165E-02
3.93227100E+00	-1.12863020E+01	2.16400620E-02	-1.75319801E-02
-1.64685634E+00	-1.12366611E+01	2.16339384E-02	-1.75823415E-02
-6.21041871E+00	-8.55677849E+00	2.16278027E-02	-1.76328011E-02
-8.65295930E+00	-4.18875414E+00	2.16216549E-02	-1.76833596E-02
-8.50837005E+00	5.34741950E-01	2.16154947E-02	-1.77340174E-02
-6.04397691E+00	4.26385503E+00	2.16093223E-02	-1.77847751E-02
-2.15788772E+00	5.99626438E+00	2.16031375E-02	-1.78356332E-02
1.88818148E+00	5.33835581E+00	2.15969402E-02	-1.78865922E-02
4.82666918E+00	2.59683457E+00	2.15907303E-02	-1.79376528E-02
5.73656656E+00	-1.32007319E+00	2.15845079E-02	-1.79888154E-02
4.29739293E+00	-5.16293676E+00	2.15782728E-02	-1.80400806E-02
8.78391342E-01	-7.69239451E+00	2.15720250E-02	-1.80914490E-02
-3.55996708E+00	-8.02768830E+00	2.15657644E-02	-1.81429211E-02
-7.72606258E+00	-5.89983888E+00	2.15594909E-02	-1.81944975E-02
-1.03505474E+01	-1.74169129E+00	2.15532045E-02	-1.82461788E-02
-1.05402598E+01	3.41070829E+00	2.15469051E-02	-1.82979655E-02
-8.03891510E+00	8.18203632E+00	2.15405925E-02	-1.83498581E-02
-3.32399192E+00	1.12203256E+01	2.15342669E-02	-1.84018574E-02
2.48936747E+00	1.15651243E+01	2.15279280E-02	-1.84539638E-02
7.91726351E+00	8.92486497E+00	2.15215758E-02	-1.85061779E-02
1.14836078E+01	3.78848858E+00	2.15152103E-02	-1.85585004E-02
1.21100056E+01	-2.66284431E+00	2.15088313E-02	-1.86109318E-02
9.41873296E+00	-8.82785005E+00	2.15024388E-02	-1.86634726E-02
3.86792747E+00	-1.30776015E+01	2.14960327E-02	-1.87161236E-02
-3.32168271E+00	-1.41724908E+01	2.14896129E-02	-1.87688853E-02
-1.04377038E+01	-1.15985752E+01	2.14831794E-02	-1.88217583E-02
-1.56836579E+01	-5.73511674E+00	2.14767321E-02	-1.88747432E-02
-1.76258428E+01	2.19541214E+00	2.14702709E-02	-1.89278406E-02
-1.55689255E+01	1.03907675E+01	2.14637958E-02	-1.89810512E-02
-9.76367670E+00	1.68883023E+01	2.14573066E-02	-1.90343755E-02
-1.38865580E+00	2.00419078E+01	2.14508032E-02	-1.90878143E-02
7.69826721E+00	1.89404114E+01	2.14442857E-02	-1.91413680E-02
1.53857901E+01	1.36617174E+01	2.14377540E-02	-1.91950374E-02
1.98139789E+01	5.29386679E+00	2.14312078E-02	-1.92488230E-02
1.98365870E+01	-4.29068889E+00	2.14246473E-02	-1.93027256E-02
1.53257485E+01	-1.28609616E+01	2.14180722E-02	-1.93567457E-02
7.23875545E+00	-1.83559436E+01	2.14114825E-02	-1.94108840E-02
-2.57757878E+00	-1.93897228E+01	2.14048782E-02	-1.94651412E-02
-1.18057884E+01	-1.56087092E+01	2.13982591E-02	-1.95195179E-02
-1.82045600E+01	-7.80874592E+00	2.13916252E-02	-1.95740148E-02
-2.01537010E+01	2.22410511E+00	2.13849764E-02	-1.96286325E-02
-1.70638820E+01	1.21185873E+01	2.13783126E-02	-1.96833717E-02
-9.54688775E+00	1.94772544E+01	2.13716337E-02	-1.97382330E-02
7.02163526E-01	2.24570464E+01	2.13649396E-02	-1.97932172E-02
1.12897837E+01	2.02298595E+01	2.13582303E-02	-1.98483250E-02
1.96890997E+01	1.32070331E+01	2.13515056E-02	-1.99035569E-02
2.38509775E+01	2.96658071E+00	2.13447656E-02	-1.99589137E-02
2.27124408E+01	-8.10641419E+00	2.13380100E-02	-2.00143961E-02
1.64749891E+01	-1.73848120E+01	2.13312389E-02	-2.00700048E-02
6.57900449E+00	-2.26356501E+01	2.13244520E-02	-2.01257405E-02
-4.62626762E+00	-2.25725206E+01	2.13176494E-02	-2.01816039E-02
-1.44423673E+01	-1.71860909E+01	2.13108310E-02	-2.02375957E-02
-2.04775079E+01	-7.76656212E+00	2.13039966E-02	-2.02937165E-02
-2.12384877E+01	3.39364236E+00	2.12971462E-02	-2.03499673E-02
-1.65108759E+01	1.35494995E+01	2.12902797E-02	-2.04063486E-02
-7.42932404E+00	2.01737334E+01	2.12833970E-02	-2.04628611E-02
3.78493466E+00	2.15836215E+01	2.12764979E-02	-2.05195057E-02
1.43598025E+01	1.73677098E+01	2.12695825E-02	-2.05762831E-02
2.16523437E+01	8.50295556E+00	2.12626506E-02	-2.06331939E-02
2.38058568E+01	-2.87173641E+00	2.12557022E-02	-2.06902390E-02
2.02196269E+01	-1.39741863E+01	2.12487370E-02	-2.07474191E-02
1.17112543E+01	-2.20643448E+01	2.12417551E-02	-2.08047350E-02
3.26724604E-01	-2.51271404E+01	2.12347564E-02	-2.08621874E-02
-1.11587716E+01	-2.23815756E+01	2.12277406E-02	-2.09197771E-02
-1.99278296E+01	-1.44861203E+01	2.12207079E-02	-2.09775048E-02
-2.38251984E+01	-3.38516994E+00	2.12136580E-02	-2.10353714E-02
-2.19024537E+01	8.16886343E+00	2.12065909E-02	-2.10933776E-02
-1.46639824E+01	1.73009015E+01	2.11995064E-02	-2.11515242E-02
-3.94912399E+00	2.17351952E+01	2.11924045E-02	-2.12098120E-02
7.52334858E+00	2.03719027E+01	2.11852850E-02	-2.12682419E-02
1.68363544E+01	1.35710091E+01	2.11781480E-02	-2.13268145E-02
2.16107485E+01	3.06901710E+00	2.11709932E-02	-2.13855308E-02
2.06104394E+01	-8.45365861E+00	2.11638205E-02	-2.14443915E-02
1.40616295E+01	-1.80476799E+01	2.11566299E-02	-2.15033974E-02
3.60270273E+00	-2.32425343E+01	2.11494213E-02	-2.15625494E-02
-8.12540129E+00	-2.26773250E+01	2.11421946E-02	-2.16218484E-02
-1.81467377E+01	-1.64530041E+01	2.11349496E-02	-2.16812950E-02
-2.39075488E+01	-6.11412571E+00	2.11276862E-02	-2.17408903E-02
-2.39305004E+01	5.73797727E+00	2.11204044E-02	-2.18006350E-02
-1.81980776E+01	1.61044902E+01	2.11131040E-02	-2.18605300E-02
-8.16514750E+00	2.23543403E+01	2.11057850E-02	-2.19205761E-02
3.60524253E+00	2.29003740E+01	2.10984472E-02	-2.19807743E-02
1.40923846E+01	1.76127683E+01	2.10910905E-02	-2.20411253E-02
2.05903059E+01	7.86187583E+00	2.10837148E-02	-2.21016302E-02
2.14051233E+01	-3.82325032E+00	2.10763200E-02	-2.21622896E-02
1.62981504E+01	-1.43961006E+01	2.10689060E-02	-2.22231046E-02
6.55928460E+00	-2.10717717E+01	2.10614727E-02	-2.22840761E-02
-5.31102003E+00	-2.20453927E+01	2.10540200E-02	-2.23452049E-02
-1.62328852E+01	-1.69654840E+01	2.10465477E-02	-2.24064919E-02
-2.33322551E+01	-7.03912863E+00	2.10390557E-02	-2.24679381E-02
-2.46806912E+01	5.26094735E+00	2.10315440E-02	-2.25295444E-02
-1.98002962E+01	1.68158126E+01	2.10240124E-02	-2.25913117E-02
-9.80292813E+00	2.46508528E+01	2.10164608E-02	-2.26532409E-02
2.87481000E+00	2.66972191E+01	2.10088890E-02	-2.27153330E-02
1.50766343E+01	2.23300604E+01	2.10012971E-02	-2.27775890E-02
2.37205904E+01	1.25448768E+01	2.09936847E-02	-2.28400097E-02
2.65819289E+01	-2.75641594E-01	2.09860519E-02	-2.29025962E-02
2.28663520E+01	-1.29483426E+01	2.09783985E-02	-2.29653494E-02
1.34270691E+01	-2.22840925E+01	2.09707244E-02	-2.30282703E-02
5.68356886E-01	-2.58908746E+01	2.09630295E-02	-2.30913598E-02
-1.25176036E+01	-2.27832003E+01	2.09553135E-02	-2.31546190E-02
-2.25412398E+01	-1.36434144E+01	2.09475765E-02	-2.32180489E-02
-2.69363559E+01	-6.67403647E-01	2.09398183E-02	-2.32816505E-02
-2.45058111E+01	1.29687002E+01	2.09320388E-02	-2.33454247E-02
-1.57300657E+01	2.38891883E+01	2.09242378E-02	-2.34093725E-02
-2.66052622E+00	2.93530752E+01	2.09164152E-02	-2.34734951E-02
1.15768808E+01	2.79346683E+01	2.09085709E-02	-2.35377935E-02
2.35453889E+01	1.98812397E+01	2.09007048E-02	-2.36022686E-02
3.03394347E+01	7.05896077E+00	2.08928167E-02	-2.36669215E-02
3.02969721E+01	-7.49948021E+00	2.08849064E-02	-2.37317533E-02
2.34065453E+01	-2.03335511E+01	2.08769740E-02	-2.37967651E-02
1.13096097E+01	-2.83974001E+01	2.08690192E-02	-2.38619579E-02
-3.10113037E+00	-2.97989127E+01	2.08610418E-02	-2.39273327E-02
-1.63870866E+01	-2.42545282E+01	2.08530419E-02	-2.39928908E-02
-2.53984879E+01	-1.31500469E+01	2.08450192E-02	-2.40586331E-02
-2.80335302E+01	8.04797021E-01	2.08369735E-02	-2.41245607E-02
-2.37372755E+01	1.42405063E+01	2.08289048E-02	-2.41906749E-02
-1.36210285E+01	2.39459752E+01	2.08208130E-02	-2.42569766E-02
-1.76966808E-01	2.76398773E+01	2.08126978E-02	-2.43234671E-02
1.33380193E+01	2.45082010E+01	2.08045591E-02	-2.43901475E-02
2.36954690E+01	1.53802033E+01	2.07963969E-02	-2.44570188E-02
2.84705200E+01	2.50491923E+00	2.07882108E-02	-2.45240823E-02
2.66112657E+01	-1.10117567E+01	2.07800009E-02	-2.45913391E-02
1.86674060E+01	-2.19676237E+01	2.07717670E-02	-2.46587904E-02
6.62837019E+00	-2.78347068E+01	2.07635089E-02	-2.47264373E-02
-6.58304498E+00	-2.73528131E+01	2.07552264E-02	-2.47942811E-02
-1.78324798E+01	-2.08054763E+01	2.07469194E-02	-2.48623230E-02
-2.45321637E+01	-9.91746893E+00	2.07385879E-02	-2.49305641E-02
-2.52508631E+01	2.59374475E+00	2.07302315E-02	-2.49990056E-02
-2.00307240E+01	1.36967018E+01	2.07218502E-02	-2.50676488E-02
-1.03403250E+01	2.07852016E+01	2.07134439E-02	-2.51364950E-02
1.31676341E+00	2.22973083E+01	2.07050122E-02	-2.52055453E-02
1.20351614E+01	1.80663415E+01	2.06965552E-02	-2.52748010E-02
1.92231742E+01	9.32452662E+00	2.06880727E-02	-2.53442634E-02
2.12245596E+01	-1.63367217E+00	2.06795644E-02	-2.54139337E-02
1.76972236E+01	-1.20386967E+01	2.06710303E-02	-2.54838133E-02
9.66207782E+00	-1.93345446E+01	2.06624701E-02	-2.55539033E-02
-7.82282083E-01	-2.17984482E+01	2.06538838E-02	-2.56242052E-02
-1.10016875E+01	-1.89416975E+01	2.06452711E-02	-2.56947202E-02
-1.84868233E+01	-1.15984953E+01	2.06366319E-02	-2.57654496E-02
-2.14675484E+01	-1.68806210E+00	2.06279660E-02	-2.58363948E-02
-1.93314890E+01	8.28448808E+00	2.06192732E-02	-2.59075572E-02
-1.27483699E+01	1.58603693E+01	2.06105534E-02	-2.59789380E-02
-3.47570379E+00	1.92343232E+01	2.06018065E-02	-2.60505386E-02
6.09990067E+00	1.76879969E+01	2.05930322E-02	-2.61223604E-02
1.35677478E+01	1.17462587E+01	2.05842304E-02	-2.61944048E-02
1.70926332E+01	3.02318688E+00	2.05754008E-02	-2.62666732E-02
1.58613638E+01	-6.19872344E+00	2.05665434E-02	-2.63391670E-02
1.02687904E+01	-1.35478307E+01	2.05576580E-02	-2.64118876E-02
1.80173387E+00	-1.71556956E+01	2.05487443E-02	-2.64848364E-02
-7.34592635E+00	-1.61162563E+01	2.05398022E-02	-2.65580149E-02
-1.48282148E+01	-1.07005509E+01	2.05308315E-02	-2.66314245E-02
-1.87329855E+01	-2.27737699E+00	2.05218321E-02	-2.67050667E-02
-1.80540657E+01	7.03684661E+00	2.05128037E-02	-2.67789430E-02
-1.29347105E+01	1.49096185E+01	2.05037461E-02	-2.68530548E-02
-4.62497209E+00	1.93725432E+01	2.04946593E-02	-2.69274036E-02
4.83363740E+00	1.93070747E+01	2.04855429E-02	-2.70019911E-02
1.31162075E+01	1.47174449E+01	2.04763968E-02	-2.70768186E-02
1.81889521E+01	6.72571051E+00	2.04672209E-02	-2.71518877E-02
1.88089675E+01	-2.70761304E+00	2.04580148E-02	-2.72272000E-02
1.48275990E+01	-1.12669368E+01	2.04487785E-02	-2.73027570E-02
7.22476000E+00	-1.68495375E+01	2.04395117E-02	-2.73785603E-02
-2.13233271E+00	-1.80790582E+01	2.04302143E-02	-2.74546115E-02
-1.09455087E+01	-1.46399927E+01	2.04208859E-02	-2.75309121E-02
-1.70448854E+01	-7.35305324E+00	2.04115265E-02	-2.76074639E-02
-1.89147831E+01	2.02522665E+00	2.04021359E-02	-2.76842684E-02
-1.60592633E+01	1.12284390E+01	2.03927137E-02	-2.77613273E-02
-9.12001857E+00	1.80274840E+01	2.03832599E-02	-2.78386422E-02
2.80188701E-01	2.07662743E+01	2.03737742E-02	-2.79162147E-02
9.92899095E+00	1.87571157E+01	2.03642564E-02	-2.79940466E-02
1.75550492E+01	1.24417839E+01	2.03547063E-02	-2.80721396E-02
2.13695241E+01	3.28145067E+00	2.03451237E-02	-2.81504954E-02
2.04886303E+01	-6.59596436E+00	2.03355083E-02	-2.82291156E-02
1.51372778E+01	-1.49045626E+01	2.03258600E-02	-2.83080021E-02
6.58724518E+00	-1.97423804E+01	2.03161785E-02	-2.83871565E-02
-3.15264871E+00	-2.00368521E+01	2.03064637E-02	-2.84665807E-02
-1.18178041E+01	-1.57887484E+01	2.02967152E-02	-2.85462765E-02
-1.74239032E+01	-8.05892531E+00	2.02869329E-02	-2.86262456E-02
-1.87295281E+01	1.29564097E+00	2.02771165E-02	-2.87064898E-02
-1.55163371E+01	1.00702722E+01	2.02672659E-02	-2.87870109E-02
-8.62290658E+00	1.62360821E+01	2.02573807E-02	-2.88678109E-02
2.71864339E-01	1.84128702E+01	2.02474608E-02	-2.89488916E-02
9.05999000E+00	1.61798012E+01	2.02375060E-02	-2.90302548E-02
1.57088640E+01	1.01528838E+01	2.02275159E-02	-2.91119025E-02
1.87369936E+01	1.81529351E+00	2.02174903E-02	-2.91938365E-02
1.75481340E+01	-6.85395645E+00	2.02074291E-02	-2.92760588E-02
1.25470567E+01	-1.38599747E+01	2.01973320E-02	-2.93585714E-02
5.01416434E+00	-1.76632854E+01	2.01871986E-02	-2.94413761E-02
-3.22530860E+00	-1.75296285E+01	2.01770289E-02	-2.95244749E-02
-1.02529448E+01	-1.36771195E+01	2.01668225E-02	-2.96078700E-02
-1.45176580E+01	-7.19039836E+00	2.01565791E-02	-2.96915631E-02
-1.51933911E+01	2.71401215E-01	2.01462986E-02	-2.97755565E-02
-1.23498326E+01	6.89643201E+00	2.01359807E-02	-2.98598521E-02
-6.89955718E+00	1.11652613E+01	2.01256251E-02	-2.99444520E-02
-3.40636907E-01	1.22096147E+01	2.01152315E-02	-3.00293583E-02
5.63629961E+00	9.99873124E+00	2.01047998E-02	-3.01145731E-02
9.57559892E+00	5.31184927E+00	2.00943296E-02	-3.02000985E-02
1.06113308E+01	-4.90653207E-01	2.00838206E-02	-3.02859366E-02
8.66227629E+00	-5.83496615E+00	2.00732726E-02	-3.03720897E-02
4.42194904E+00	-9.34434506E+00	2.00626854E-02	-3.04585598E-02
-8.49091595E-01	-1.01873512E+01	2.00520587E-02	-3.05453492E-02
-5.67147705E+00	-8.27633884E+00	2.00413921E-02	-3.06324601E-02
-8.74380317E+00	-4.26810820E+00	2.00306854E-02	-3.07198948E-02
-9.28476686E+00	6.30200616E-01	2.00199383E-02	-3.08076554E-02
-7.23265058E+00	4.99699215E+00	2.00091506E-02	-3.08957444E-02
-3.25162333E+00	7.58486950E+00	1.99983219E-02	-3.09841639E-02
1.45547349E+00	7.65996384E+00	1.99874520E-02	-3.10729163E-02
5.47806673E+00	5.20296541E+00	1.99765406E-02	-3.11620039E-02
7.58544870E+00	9.18830679E-01	1.99655873E-02	-3.12514292E-02
7.06902897E+00	-3.94823687E+00	1.99545919E-02	-3.13411944E-02
3.94851457E+00	-7.94727457E+00	1.99435541E-02	-3.14313020E-02
-1.01400492E+00	-9.81449602E+00	1.99324736E-02	-3.15217545E-02
-6.49869923E+00	-8.82575501E+00	1.99213501E-02	-3.16125542E-02
-1.09664340E+01	-5.01405546E+00	1.99101832E-02	-3.17037037E-02
-1.30654809E+01	8.07790803E-01	1.98989727E-02	-3.17952054E-02
-1.20018301E+01	7.22985816E+00	1.98877182E-02	-3.18870619E-02
-7.77584143E+00	1.25908540E+01	1.98764194E-02	-3.19792757E-02
-1.22036474E+00	1.54018184E+01	1.98650761E-02	-3.20718495E-02
6.17505627E+00	1.47408758E+01	1.98536878E-02	-3.21647857E-02
1.26150349E+01	1.05171532E+01	1.98422543E-02	-3.22580870E-02
1.64400243E+01	3.53291863E+00	1.98307752E-02	-3.23517560E-02
1.65497199E+01	-4.67757354E+00	1.98192503E-02	-3.24457955E-02
1.27012173E+01	-1.21983032E+01	1.98076790E-02	-3.25402081E-02
5.60399835E+00	-1.71884011E+01	1.97960612E-02	-3.26349965E-02
-3.21714487E+00	-1.83350217E+01	1.97843965E-02	-3.27301634E-02
-1.17630826E+01	-1.51901928E+01	1.97726845E-02	-3.28257118E-02
-1.80260892E+01	-8.30623171E+00	1.97609249E-02	-3.29216442E-02
-2.04691085E+01	8.67575132E-01	1.97491174E-02	-3.30179637E-02
-1.84022036E+01	1.03063615E+01	1.97372615E-02	-3.31146730E-02
-1.21633324E+01	1.78748752E+01	1.97253570E-02	-3.32117750E-02
-3.05711826E+00	2.18262743E+01	1.97134034E-02	-3.33092726E-02
6.93642080E+00	2.12150309E+01	1.97014004E-02	-3.34071688E-02
1.56154036E+01	1.61242881E+01	1.96893476E-02	-3.35054665E-02
2.10644982E+01	7.65225935E+00	1.96772447E-02	-3.36041687E-02
2.20972131E+01	-2.33982845E+00	1.96650913E-02	-3.37032785E-02
1.85268386E+01	-1.16583319E+01	1.96528869E-02	-3.38027989E-02
1.12021398E+01	-1.82835416E+01	1.96406313E-02	-3.39027330E-02
1.80066566E+00	-2.08311631E+01	1.96283240E-02	-3.40030839E-02
-7.56918521E+00	-1.88598047E+01	1.96159647E-02	-3.41038547E-02
-1.48606762E+01	-1.29532688E+01	1.96035528E-02	-3.42050487E-02
-1.85574501E+01	-4.56135322E+00	1.95910882E-02	-3.43066691E-02
-1.80073568E+01	4.35877827E+00	1.95785702E-02	-3.44087191E-02
-1.35445159E+01	1.18111573E+01	1.95659986E-02	-3.45112019E-02
-6.37525893E+00	1.62249935E+01	1.95533729E-02	-3.46141209E-02
1.73871922E+00	1.68029072E+01	1.95406927E-02	-3.47174795E-02
8.91807739E+00	1.36727493E+01	1.95279575E-02	-3.48212809E-02
1.36148795E+01	7.81213338E+00	1.95151671E-02	-3.49255287E-02
1.49633508E+01	7.71271259E-01	1.95023208E-02	-3.50302263E-02
1.29497410E+01	-5.73127564E+00	1.94894184E-02	-3.51353771E-02
8.36569751E+00	-1.02358374E+01	1.94764593E-02	-3.52409847E-02
2.56445257E+00	-1.18848934E+01	1.94634431E-02	-3.53470527E-02
-2.91196997E+00	-1.05993804E+01	1.94503694E-02	-3.54535845E-02
-6.73565232E+00	-7.04949743E+00	1.94372377E-02	-3.55605840E-02
-8.12192168E+00	-2.43472232E+00	1.94240475E-02	-3.56680546E-02
-7.00244546E+00	1.86379509E+00	1.94107985E-02	-3.57760002E-02
-4.00224329E+00	4.66393871E+00	1.93974901E-02	-3.58844245E-02
-2.32395246E-01	5.29543910E+00	1.93841218E-02	-3.59933312E-02
3.04181806E+00	3.76357641E+00	1.93706932E-02	-3.61027242E-02
4.76584192E+00	7.23189237E-01	1.93572039E-02	-3.62126074E-02
4.39483681E+00	-2.72681255E+00	1.93436532E-02	-3.63229846E-02
2.04626217E+00	-5.37055728E+00	1.93300408E-02	-3.64338598E-02
-1.53479904E+00	-6.23389658E+00	1.93163661E-02	-3.65452371E-02
-5.18813057E+00	-4.87629902E+00	1.93026287E-02	-3.66571204E-02
-7.67141336E+00	-1.53527896E+00	1.92888280E-02	-3.67695137E-02
-8.02367969E+00	2.91818687E+00	1.92749635E-02	-3.68824214E-02
-5.85988219E+00	7.20439930E+00	1.92610346E-02	-3.69958474E-02
-1.51428666E+00	9.98242048E+00	1.92470410E-02	-3.71097961E-02
4.01060057E+00	1.02289018E+01	1.92329820E-02	-3.72242716E-02
9.28183248E+00	7.54647819E+00	1.92188571E-02	-3.73392783E-02
1.28029211E+01	2.31619105E+00	1.92046657E-02	-3.74548205E-02
1.34164664E+01	-4.35259143E+00	1.91904074E-02	-3.75709026E-02
1.06370549E+01	-1.08692793E+01	1.91760816E-02	-3.76875291E-02
4.82406564E+00	-1.55489582E+01	1.91616876E-02	-3.78047045E-02
-2.85709682E+00	-1.70437005E+01	1.91472250E-02	-3.79224333E-02
-1.06837115E+01	-1.47084513E+01	1.91326932E-02	-3.80407201E-02
-1.67787604E+01	-8.80503979E+00	1.91180916E-02	-3.81595695E-02
-1.95715034E+01	-4.86232431E-01	1.91034195E-02	-3.82789864E-02
-1.82013304E+01	8.44416694E+00	1.90886765E-02	-3.83989753E-02
-1.27615978E+01	1.59427712E+01	1.90738620E-02	-3.85195412E-02
-4.31742560E+00	2.02126989E+01	1.90589752E-02	-3.86406888E-02
5.31388797E+00	2.01461767E+01	1.90440156E-02	-3.87624232E-02
1.39724855E+01	1.56133853E+01	1.90289827E-02	-3.88847492E-02
1.96601462E+01	7.52274450E+00	1.90138757E-02	-3.90076720E-02
2.10182512E+01	-2.36746903E+00	1.89986940E-02	-3.91311965E-02
1.76627774E+01	-1.18456358E+01	1.89834370E-02	-3.92553280E-02
1.02924912E+01	-1.87592531E+01	1.89681041E-02	-3.93800717E-02
5.40532219E-01	-2.15214071E+01	1.89526946E-02	-3.95054327E-02
-9.39836247E+00	-1.94890852E+01	1.89372078E-02	-3.96314166E-02
-1.72778363E+01	-1.31208423E+01	1.89216431E-02	-3.97580285E-02
-2.13257649E+01	-3.87393631E+00	1.89059997E-02	-3.98852741E-02
-2.06598047E+01	6.13612222E+00	1.88902771E-02	-4.00131587E-02
-1.54923655E+01	1.46329631E+01	1.88744745E-02	-4.01416881E-02
-7.07525734E+00	1.97146546E+01	1.88585912E-02	-4.02708677E-02
2.60284082E+00	2.02983157E+01	1.88426264E-02	-4.04007035E-02
1.12930227E+01	1.63672257E+01	1.88265796E-02	-4.05312011E-02
1.70216021E+01	8.96149642E+00	1.88104499E-02	-4.06623664E-02
1.85549212E+01	-8.42978535E-02	1.87942367E-02	-4.07942053E-02
1.56815557E+01	-8.59161688E+00	1.87779391E-02	-4.09267238E-02
9.24481590E+00	-1.45660733E+01	1.87615564E-02	-4.10599281E-02
9.19665973E-01	-1.66742110E+01	1.87450880E-02	-4.11938241E-02
-7.20928241E+00	-1.45532060E+01	1.87285329E-02	-4.13284182E-02
-1.31636220E+01	-8.87938021E+00	1.87118904E-02	-4.14637166E-02
-1.55533722E+01	-1.18115234E+00	1.86951598E-02	-4.15997258E-02
-1.39072339E+01	6.55489515E+00	1.86783401E-02	-4.17364521E-02
-8.77089371E+00	1.23853855E+01	1.86614307E-02	-4.18739021E-02
-1.55139839E+00	1.48935836E+01	1.86444307E-02	-4.20120823E-02
5.85115692E+00	1.35348411E+01	1.86273393E-02	-4.21509996E-02
1.15306903E+01	8.75915199E+00	1.86101556E-02	-4.22906606E-02
1.40579413E+01	1.88210902E+00	1.85928788E-02	-4.24310723E-02
1.28377999E+01	-5.26129796E+00	1.85755080E-02	-4.25722415E-02
8.25205154E+00	-1.07912863E+01	1.85580424E-02	-4.27141754E-02
1.55280773E+00	-1.32656424E+01	1.85404810E-02	-4.28568809E-02
-5.46514389E+00	-1.20477056E+01	1.85228230E-02	-4.30003654E-02
-1.09291034E+01	-7.46708795E+00	1.85050675E-02	-4.31446362E-02
-1.33718881E+01	-7.32868096E-01	1.84872135E-02	-4.32897006E-02
-1.21109204E+01	6.37826828E+00	1.84692602E-02	-4.34355662E-02
-7.42649594E+00	1.19794314E+01	1.84512066E-02	-4.35822405E-02
-4.93684583E-01	1.45600229E+01	1.84330517E-02	-4.37297313E-02
6.91517428E+00	1.33773803E+01	1.84147946E-02	-4.38780462E-02
1.28821339E+01	8.65351488E+00	1.83964343E-02	-4.40271934E-02
1.58348802E+01	1.52617581E+00	1.83779698E-02	-4.41771806E-02
1.49525997E+01	-6.23426284E+00	1.83594001E-02	-4.43280161E-02
1.03828008E+01	-1.26710808E+01	1.83407243E-02	-4.44797080E-02
3.21304201E+00	-1.61379611E+01	1.83219412E-02	-4.46322646E-02
-4.79649429E+00	-1.57202704E+01	1.83030498E-02	-4.47856945E-02
-1.16529562E+01	-1.14735633E+01	1.82840492E-02	-4.49400061E-02
-1.56326631E+01	-4.41789952E+00	1.82649381E-02	-4.50952081E-02
-1.57180563E+01	3.71182493E+00	1.82457156E-02	-4.52513093E-02
-1.18588997E+01	1.08975511E+01	1.82263805E-02	-4.54083186E-02
-4.99091413E+00	1.53434555E+01	1.82069317E-02	-4.55662450E-02
3.19387056E+00	1.59277498E+01	1.81873681E-02	-4.57250976E-02
1.06680210E+01	1.24866724E+01	1.81676886E-02	-4.58848857E-02
1.55753348E+01	5.85850703E+00	1.81478919E-02	-4.60456188E-02
1.66957317E+01	-2.32412784E+00	1.81279770E-02	-4.62073062E-02
1.37511592E+01	-1.00419349E+01	1.81079427E-02	-4.63699578E-02
7.47516993E+00	-1.53941744E+01	1.80877876E-02	-4.65335832E-02
-5.71644907E-01	-1.70743076E+01	1.80675107E-02	-4.66981925E-02
-8.39404607E+00	-1.46961769E+01	1.80471106E-02	-4.68637957E-02
-1.40635276E+01	-8.88846633E+00	1.80265862E-02	-4.70304030E-02
-1.62022666E+01	-1.13364547E+00	1.80059361E-02	-4.71980247E-02
-1.43275707E+01	6.60787859E+00	1.79851591E-02	-4.73666715E-02
-8.96997811E+00	1.23934005E+01	1.79642538E-02	-4.75363539E-02
-1.53536796E+00	1.47880774E+01	1.79432189E-02	-4.77070827E-02
6.05383655E+00	1.32257473E+01	1.79220531E-02	-4.78788690E-02
1.18474343E+01	8.14928303E+00	1.79007549E-02	-4.80517239E-02
1.43623906E+01	8.95164576E-01	1.78793231E-02	-4.82256586E-02
1.29586422E+01	-6.64831242E+00	1.78577563E-02	-4.84006847E-02
8.00063757E+00	-1.25224793E+01	1.78360529E-02	-4.85768137E-02
7.63746784E-01	-1.51973371E+01	1.78142115E-02	-4.87540575E-02
-6.89072108E+00	-1.39616989E+01	1.77922308E-02	-4.89324281E-02
-1.29895639E+01	-9.10549362E+00	1.77701091E-02	-4.91119375E-02
-1.59507097E+01	-1.84789298E+00	1.77478451E-02	-4.92925982E-02
-1.49877491E+01	5.97076152E+00	1.77254370E-02	-4.94744227E-02
-1.03133594E+01	1.23554782E+01	1.77028835E-02	-4.96574237E-02
-3.08979355E+00	1.56637052E+01	1.76801829E-02	-4.98416142E-02
4.86151196E+00	1.50247641E+01	1.76573336E-02	-5.00270071E-02
1.15183111E+01	1.05654229E+01	1.76343341E-02	-5.02136160E-02
1.51685543E+01	3.38421016E+00	1.76111825E-02	-5.04014542E-02
1.48452955E+01	-4.71965186E+00	1.75878774E-02	-5.05905355E-02
1.05758079E+01	-1.16950382E+01	1.75644169E-02	-5.07808739E-02
3.38183515E+00	-1.57530344E+01	1.75407994E-02	-5.09724836E-02
-4.96964677E+00	-1.58174867E+01	1.75170231E-02	-5.11653789E-02
-1.24032246E+01	-1.17989787E+01	1.74930863E-02	-5.13595745E-02
-1.70504889E+01	-4.62341260E+00	1.74689871E-02	-5.15550852E-02
-1.77155640E+01	3.99226964E+00	1.74447236E-02	-5.17519262E-02
-1.41746940E+01	1.19615570E+01	1.74202941E-02	-5.19501127E-02
-7.23533529E+00	1.73422707E+01	1.73956966E-02	-5.21496604E-02
1.45982443E+00	1.88152854E+01	1.73709293E-02	-5.23505852E-02
9.83507226E+00	1.60094740E+01	1.73459901E-02	-5.25529030E-02
1.58902019E+01	9.59277102E+00	1.73208772E-02	-5.27566304E-02
1.81894565E+01	1.10749474E+00	1.72955884E-02	-5.29617840E-02
1.62103346E+01	-7.40852343E+00	1.72701218E-02	-5.31683806E-02
1.04669499E+01	-1.39206862E+01	1.72444752E-02	-5.33764376E-02
2.37881392E+00	-1.68928449E+01	1.72186466E-02	-5.35859724E-02
-6.08106505E+00	-1.56572250E+01	1.71926338E-02	-5.37970028E-02
-1.28706667E+01	-1.05690756E+01	1.71664346E-02	-5.40095469E-02
-1.63759304E+01	-2.90983654E+00	1.71400469E-02	-5.42236232E-02
-1.57980610E+01	5.43509004E+00	1.71134683E-02	-5.44392504E-02
-1.13371693E+01	1.24425752E+01	1.70866966E-02	-5.46564475E-02
-4.12936225E+00	1.64459367E+01	1.70597295E-02	-5.48752340E-02
4.04438616E+00	1.65353138E+01	1.70325645E-02	-5.50956297E-02
1.12031951E+01	1.27669794E+01	1.70051994E-02	-5.53176545E-02
1.56535939E+01	6.13257484E+00	1.69776316E-02	-5.55413290E-02
1.63986084E+01	-1.70090513E+00	1.69498587E-02	-5.57666740E-02
1.33688392E+01	-8.81305790E+00	1.69218781E-02	-5.59937107E-02
7.42102374E+00	-1.35074448E+01	1.68936872E-02	-5.62224606E-02
1.07819574E-01	-1.47255279E+01	1.68652836E-02	-5.64529458E-02
-6.72081433E+00	-1.22955583E+01	1.68366644E-02	-5.66851887E-02
-1.13832505E+01	-6.95705585E+00	1.68078270E-02	-5.69192119E-02
-1.27820901E+01	-1.58030557E-01	1.67787686E-02	-5.71550389E-02
-1.06674018E+01	6.32132370E+00	1.67494865E-02	-5.73926932E-02
-5.68366267E+00	1.08221402E+01	1.67199778E-02	-5.76321989E-02
8.08513369E-01	1.22231221E+01	1.66902396E-02	-5.78735807E-02
7.08838811E+00	1.02156264E+01	1.66602689E-02	-5.81168636E-02
1.15173763E+01	5.37011001E+00	1.66300627E-02	-5.83620730E-02
1.29553680E+01	-1.02058403E+00	1.65996181E-02	-5.86092351E-02
1.10463776E+01	-7.27947594E+00	1.65689318E-02	-5.88583764E-02
6.30246679E+00	-1.17783059E+01	1.65380007E-02	-5.91095239E-02
-3.38540842E-02	-1.33548578E+01	1.65068216E-02	-5.93627052E-02
-6.31262763E+00	-1.16091650E+01	1.64753912E-02	-5.96179485E-02
-1.09021570E+01	-7.00404873E+00	1.64437061E-02	-5.98752825E-02
-1.26091086E+01	-7.45081186E-01	1.64117630E-02	-6.01347365E-02
-1.09863809E+01	5.52919143E+00	1.63795583E-02	-6.03963404E-02
-6.45059884E+00	1.01680508E+01	1.63470886E-02	-6.06601248E-02
-1.79193948E-01	1.19336914E+01	1.63143502E-02	-6.09261208E-02
6.18731492E+00	1.03226681E+01	1.62813395E-02	-6.11943602E-02
1.09629798E+01	5.70174916E+00	1.62480528E-02	-6.14648755E-02
1.28486521E+01	-7.77164764E-01	1.62144861E-02	-6.17376998E-02
1.12693243E+01	-7.46278119E+00	1.61806357E-02	-6.20128671E-02
6.53053177E+00	-1.26198328E+01	1.61464976E-02	-6.22904120E-02
-2.47117667E-01	-1.48701133E+01	1.61120678E-02	-6.25703698E-02
-7.40061329E+00	-1.35479682E+01	1.60773421E-02	-6.28527767E-02
-1.31375155E+01	-8.87982534E+00	1.60423164E-02	-6.31376697E-02
-1.59865882E+01	-1.94089208E+00	1.60069863E-02	-6.34250865E-02
-1.51731840E+01	5.60229383E+00	1.59713476E-02	-6.37150658E-02
-1.08244181E+01	1.19010205E+01	1.59353957E-02	-6.40076471E-02
-3.95097984E+00	1.53843142E+01	1.58991262E-02	-6.43028708E-02
3.79216599E+00	1.51550985E+01	1.58625345E-02	-6.46007783E-02
1.05086902E+01	1.12230283E+01	1.58256157E-02	-6.49014118E-02
1.45286173E+01	4.51431259E+00	1.57883652E-02	-6.52048147E-02
1.48250558E+01	-3.34609544E+00	1.57507779E-02	-6.55110314E-02
1.12758785E+01	-1.04279414E+01	1.57128489E-02	-6.58201073E-02
4.70400854E+00	-1.49686606E+01	1.56745731E-02	-6.61320888E-02
-3.31554980E+00	-1.58093307E+01	1.56359453E-02	-6.64470237E-02
-1.08359899E+01	-1.26853450E+01	1.55969600E-02	-6.67649607E-02
-1.60135826E+01	-6.29885110E+00	1.55576120E-02	-6.70859499E-02
-1.75604199E+01	1.84637775E+00	1.55178956E-02	-6.74100427E-02
-1.50630908E+01	9.80824759E+00	1.54778053E-02	-6.77372916E-02
-9.08797118E+00	1.56791705E+01	1.54373351E-02	-6.80677506E-02
-1.04624401E+00	1.80522541E+01	1.53964792E-02	-6.84014751E-02
7.14889240E+00	1.63658803E+01	1.53552315E-02	-6.87385218E-02
1.35488640E+01	1.10414073E+01	1.53135860E-02	-6.90789492E-02
1.66453883E+01	3.37967943E+00	1.52715363E-02	-6.94228170E-02
1.57378953E+01	-4.75836431E+00	1.52290759E-02	-6.97701869E-02
1.11020643E+01	-1.14082331E+01	1.51861984E-02	-7.01211219E-02
3.91802278E+00	-1.49828231E+01	1.51428970E-02	-7.04756871E-02
-4.02371455E+00	-1.46589561E+01	1.50991649E-02	-7.08339491E-02
-1.07654064E+01	-1.05741936E+01	1.50549950E-02	-7.11959767E-02
-1.46642838E+01	-3.78577920E+00	1.50103803E-02	-7.15618403E-02
-1.47942224E+01	3.99728779E+00	1.49653133E-02	-7.19316128E-02
-1.11675999E+01	1.08416825E+01	1.49197868E-02	-7.23053688E-02
-4.72305863E+00	1.50698064E+01	1.48737930E-02	-7.26831853E-02
2.91662139E+00	1.56727881E+01	1.48273241E-02	-7.30651417E-02
9.85499637E+00	1.25538819E+01	1.47803722E-02	-7.34513197E-02
1.43973938E+01	6.54243839E+00	1.47329292E-02	-7.38418034E-02
1.54720458E+01	-8.23761363E-01	1.46849867E-02	-7.42366797E-02
1.28917001E+01	-7.69197162E+00	1.46365363E-02	-7.46360382E-02
7.39089336E+00	-1.23639997E+01	1.45875694E-02	-7.50399713E-02
4.30677473E-01	-1.37232577E+01	1.45380770E-02	-7.54485745E-02
-6.17886003E+00	-1.15118967E+01	1.44880501E-02	-7.58619462E-02
-1.07421555E+01	-6.38866669E+00	1.44374796E-02	-7.62801884E-02
-1.21101891E+01	2.46348019E-01	1.43863560E-02	-7.67034063E-02
-9.97153460E+00	6.61502459E+00	1.43346698E-02	-7.71317087E-02
-4.92881004E+00	1.10199216E+01	1.42824111E-02	-7.75652082E-02
1.65871334E+00	1.22816978E+01	1.42295700E-02	-7.80040214E-02
8.02632500E+00	1.00438765E+01	1.41761362E-02	-7.84482690E-02
1.24596971E+01	4.86712004E+00	1.41220996E-02	-7.88980762E-02
1.37393891E+01	-1.91157434E+00	1.40674494E-02	-7.93535724E-02
1.14606463E+01	-8.51978054E+00	1.40121751E-02	-7.98148924E-02
6.14630409E+00	-1.32047868E+01	1.39562657E-02	-8.02821756E-02
-8.77332016E-01	-1.46877412E+01	1.38997101E-02	-8.07555669E-02
-7.81188343E+00	-1.25011654E+01	1.38424972E-02	-8.12352170E-02
-1.28431832E+01	-7.12295586E+00	1.37846157E-02	-8.17212825E-02
-1.46078870E+01	1.29221275E-01	1.37260540E-02	-8.22139261E-02
-1.25523082E+01	7.41908232E+00	1.36668007E-02	-8.27133174E-02
-7.09146389E+00	1.28498790E+01	1.36068440E-02	-8.32196331E-02
4.74357777E-01	1.49458393E+01	1.35461723E-02	-8.37330572E-02
8.26785194E+00	1.30362117E+01	1.34847739E-02	-8.42537818E-02
1.42937344E+01	7.44432289E+00	1.34226372E-02	-8.47820073E-02
1.69361530E+01	-5.68381697E-01	1.33597505E-02	-8.53179431E-02
1.53713134E+01	-9.09299553E+00	1.32961026E-02	-8.58618082E-02
9.79183092E+00	-1.60299421E+01	1.32316822E-02	-8.64138318E-02
1.38469281E+00	-1.96015793E+01	1.31664786E-02	-8.69742540E-02
-7.93526046E+00	-1.87954070E+01	1.31004814E-02	-8.75433262E-02
-1.59744560E+01	-1.36284142E+01	1.30336808E-02	-8.81213127E-02
-2.07852024E+01	-5.16575926E+00	1.29660679E-02	-8.87084907E-02
-2.11393277E+01	4.71379634E+00	1.28976345E-02	-8.93051522E-02
-1.68356814E+01	1.37518657E+01	1.28283741E-02	-8.99116041E-02
-8.76566334E+00	1.98413296E+01	1.27582812E-02	-9.05281705E-02
1.28120653E+00	2.15275813E+01	1.26873526E-02	-9.11551933E-02
1.10272557E+01	1.83599588E+01	1.26155874E-02	-9.17930340E-02
1.82358485E+01	1.10085499E+01	1.25429876E-02	-9.24420758E-02
2.12346238E+01	1.11735587E+00	1.24695592E-02	-9.31027253E-02
1.93087180E+01	-9.07238167E+00	1.23953125E-02	-9.37754150E-02
1.28706989E+01	-1.72401491E+01	1.23202642E-02	-9.44606065E-02
3.36697096E+00	-2.15233207E+01	1.22444383E-02	-9.51587941E-02
-7.05705549E+00	-2.09470178E+01	1.21678686E-02	-9.58705092E-02
-1.60536912E+01	-1.56459100E+01	1.20906018E-02	-9.65963266E-02
-2.16142823E+01	-6.82678709E+00	1.20127015E-02	-9.73368729E-02
-2.25278917E+01	3.51775486E+00	1.19342550E-02	-9.80928388E-02
-1.86504748E+01	1.30754858E+01	1.18553826E-02	-9.88649977E-02
-1.09232495E+01	1.97496312E+01	1.17762543E-02	-9.96542370E-02
-1.13873230E+00	2.21366909E+01	1.16971189E-02	-1.00461614E-01
8.48748296E+00	1.98356367E+01	1.16183627E-02	-1.01288463E-01
1.58358771E+01	1.35182900E+01	1.15406406E-02	-1.02136633E-01
1.93695613E+01	4.74808974E+00	1.14652311E-02	-1.03009082E-01
1.84741342E+01	-4.40571422E+00	1.13952458E-02	-1.03911656E-01
1.35732626E+01	-1.18635145E+01	1.13416685E-02	-1.04860229E-01
5.99701295E+00	-1.60208863E+01	1.13884790E-02	-1.05923885E-01
-2.36063177E+00	-1.61089712E+01	1.15521393E-02	-1.05929681E-01
-9.50876372E+00	-1.23463813E+01	1.10421612E-02	-1.07346426E-01
-1.38363083E+01	-5.85084741E+00	1.09680973E-02	-1.08440429E-01
-1.44834667E+01	1.66263985E+00	1.09085348E-02	-1.09503486E-01
-1.15203009E+01	8.31919100E+00	1.08580451E-02	-1.10578092E-01
-5.89337905E+00	1.25472625E+01	1.08203722E-02	-1.11675679E-01
8.41225810E-01	1.34537084E+01	1.08021332E-02	-1.12801156E-01
6.92810109E+00	1.10201054E+01	1.08144805E-02	-1.13955616E-01
1.08610879E+01	6.07536026E+00	1.08746828E-02	-1.15140215E-01
1.17575421E+01	5.57779173E-02	1.10184801E-02	-1.16349447E-01
9.56551686E+00	-5.38336084E+00	1.13191869E-02	-1.17566105E-01
5.05406034E+00	-8.80417174E+00	1.19605395E-02	-1.18729720E-01
-4.08070032E-01	-9.35882941E+00	1.35453607E-02	-1.19562395E-01
-5.22647996E+00	-7.00381038E+00	1.94469310E-02	-1.17337435E-01
-8.01067871E+00	-2.50174628E+00	-1.75671636E-02	-1.09197338E-01
-7.94788194E+00	2.78876859E+00	-4.85859668E-03	-1.29907506E-01
-5.02414275E+00	7.28081230E+00	1.97542146E-02	-1.26852202E-01
-3.47988539E-02	9.58907356E+00	8.96273459E-03	-1.27013430E-01
5.61991292E+00	8.91043466E+00	7.85429476E-03	-1.29346018E-01
1.03029419E+01	5.25536554E+00	7.73317881E-03	-1.31492082E-01
1.25783592E+01	-5.32308943E-01	7.52664104E-03	-1.33577920E-01
1.16060813E+01	-6.97597630E+00	7.36740088E-03	-1.35766898E-01
7.38973736E+00	-1.23392284E+01	7.22880694E-03	-1.38070156E-01
8.10031716E-01	-1.50781863E+01	7.09412357E-03	-1.40508347E-01
-6.57023544E+00	-1.42579278E+01	6.96098844E-03	-1.43102126E-01
-1.28850973E+01	-9.82462841E+00	6.83124006E-03	-1.45866120E-01
-1.64359336E+01	-2.65956206E+00	6.69466964E-03	-1.48777581E-01
-1.61357859E+01	5.60497309E+00	6.20935148E-03	-1.51512988E-01
-1.18136292E+01	1.29677341E+01	6.03609127E-03	-1.56712446E-01
-4.29753921E+00	1.75475032E+01	6.45844208E-03	-1.60429859E-01
4.75044583E+00	1.80587581E+01	5.54508569E-03	-1.64080351E-01
1.32132190E+01	1.41544304E+01	6.27571928E-03	-1.69827512E-01
1.90224383E+01	6.54672036E+00	6.43966028E-03	-1.74469939E-01
2.06654170E+01	-3.12965326E+00	6.50450685E-03	-1.82272422E-01
1.75699228E+01	-1.26841395E+01	5.88427788E-03	-1.87354608E-01
1.02695438E+01	-1.98819029E+01	6.11795931E-03	-1.98902150E-01
3.04669172E-01	-2.29778997E+01	7.34101622E-03	-2.10697341E-01
-1.01215851E+01	-2.11436162E+01	9.23651659E-03	-2.25541605E-01
-1.86528139E+01	-1.46810291E+01	1.27273710E-02	-2.45339874E-01
-2.33329848E+01	-4.96902806E+00	1.97677167E-02	-2.73755324E-01
-2.30710935E+01	5.84779536E+00	3.76843242E-02	-3.20107109E-01
-1.79040730E+01	1.53553018E+01	1.10777548E-01	-4.14733851E-01
-8.99347293E+00	2.14328045E+01	4.60648231E-01	4.52231740E-02
1.64430689E+00	2.27480701E+01	-2.01183114E-02	-2.60741437E-01
1.16099123E+01	1.90656280E+01	3.05965292E-01	-6.22847887E-01
1.86818261E+01	1.12948413E+01	1.96689798E-01	-1.80217903E-01
2.13315580E+01	1.26726844E+00	2.88394263E-01	1.06076764E-01
1.90703203E+01	-8.70168483E+00	1.77252680E-01	2.95039891E-02
1.25457918E+01	-1.63600368E+01	4.82800440E-01	-9.74736555E-02
3.36867483E+00	-2.00432115E+01	1.52426861E-01	1.20735095E-01
-6.28566360E+00	-1.90495488E+01	7.89294359E-02	5.33528610E-02
-1.42012940E+01	-1.37796832E+01	6.51621074E-02	1.85987564E-02
-1.86433474E+01	-5.61064851E+00	4.64511107E-02	-4.58423198E-03
-1.87516391E+01	3.45955024E+00	3.92314906E-02	-2.32768351E-02
-1.47141784E+01	1.13059675E+01	3.29212040E-02	-3.66258212E-02
-7.68392416E+00	1.61864289E+01	2.82288041E-02	-4.75472804E-02
5.34336046E-01	1.71427777E+01	2.34013015E-02	-5.71474504E-02
7.94439154E+00	1.41988852E+01	2.14095294E-02	-6.65464355E-02
1.28494745E+01	8.31285065E+00	1.94983588E-02	-7.33090455E-02
1.42521499E+01	1.10245782E+00	1.84077906E-02	-7.95684421E-02
1.20674025E+01	-5.58144902E+00	1.84671079E-02	-8.45291024E-02
7.10197091E+00	-1.01232261E+01	1.62194593E-02	-8.95673148E-02
8.12456968E-01	-1.15344594E+01	1.64350170E-02	-9.38324020E-02
-5.09029513E+00	-9.67412311E+00	1.53955625E-02	-9.76786780E-02
-9.08629320E+00	-5.24693134E+00	1.44422553E-02	-1.01209298E-01
-1.02270351E+01	4.12855808E-01	1.29457716E-02	-1.05719738E-01
-8.35704711E+00	5.71086949E+00	1.27133752E-02	-1.09009474E-01
-4.12446632E+00	9.21671268E+00	1.20889290E-02	-1.12277295E-01
1.21621633E+00	1.00326267E+01	1.14567227E-02	-1.15428291E-01
6.15315106E+00	8.01345524E+00	1.06303444E-02	-1.18379122E-01
9.32419319E+00	3.78479893E+00	1.02907718E-02	-1.21871659E-01
9.87546789E+00	-1.44082870E+00	9.77169567E-03	-1.24628526E-01
7.67946682E+00	-6.19808812E+00	9.10207462E-03	-1.27861052E-01
3.35858474E+00	-9.16365309E+00	8.73391745E-03	-1.30664950E-01
-1.88891159E+00	-9.50816483E+00	8.26761616E-03	-1.33491334E-01
-6.61246486E+00	-7.11432869E+00	7.80234705E-03	-1.36298414E-01
-9.49641047E+00	-2.60599555E+00	7.26491755E-03	-1.39159507E-01
-9.70947019E+00	2.81746690E+00	6.85177863E-03	-1.41978705E-01
-7.12610526E+00	7.69692917E+00	6.40414609E-03	-1.44795197E-01
-2.36317613E+00	1.06965553E+01	5.95514120E-03	-1.47622714E-01
3.37663816E+00	1.09547311E+01	5.50649106E-03	-1.50465795E-01
8.61351082E+00	8.31244353E+00	5.05811691E-03	-1.53328853E-01
1.19713688E+01	3.36071261E+00	4.60684072E-03	-1.56218876E-01
1.25331710E+01	-2.70469632E+00	4.15390913E-03	-1.59140213E-01
1.00797775E+01	-8.38381322E+00	3.69735754E-03	-1.62098217E-01
5.15170682E+00	-1.22514684E+01	3.23604478E-03	-1.65098244E-01
-1.08167845E+00	-1.33184202E+01	2.76884638E-03	-1.68145631E-01
-7.11219536E+00	-1.12832339E+01	2.29463846E-03	-1.71245767E-01
-1.14686668E+01	-6.61154273E+00	1.81228847E-03	-1.74404137E-01
-1.30838805E+01	-4.23087747E-01	1.32064526E-03	-1.77626368E-01
-1.15607007E+01	5.78468684E+00	8.18528440E-04	-1.80918270E-01
-7.27109329E+00	1.05069015E+01	3.04717043E-04	-1.84285883E-01
-1.26396130E+00	1.26027043E+01	-2.22062432E-04	-1.87735525E-01
4.99447873E+00	1.15755050E+01	-7.63148954E-04	-1.91273846E-01
9.98250276E+00	7.69284895E+00	-1.31996101E-03	-1.94907885E-01
1.24966342E+01	1.91711483E+00	-1.89401214E-03	-1.98645132E-01
1.19447911E+01	-4.33463536E+00	-2.48692830E-03	-2.02493601E-01
8.48694205E+00	-9.54113180E+00	-3.10046755E-03	-2.06461912E-01
2.98969174E+00	-1.24503566E+01	-3.73654259E-03	-2.10559376E-01
-3.19249994E+00	-1.23836919E+01	-4.39724683E-03	-2.14796109E-01
-8.55405713E+00	-9.39638044E+00	-5.08488490E-03	-2.19183148E-01
-1.18089564E+01	-4.25605347E+00	-5.80200856E-03	-2.23732596E-01
-1.22036994E+01	1.75368700E+00	-6.55145948E-03	-2.28457796E-01
-9.69605065E+00	7.15457095E+00	-7.33642048E-03	-2.33373524E-01
-4.95681938E+00	1.06394734E+01	-8.16047756E-03	-2.38496240E-01
8.04007182E-01	1.13921574E+01	-9.02769562E-03	-2.43844375E-01
6.14218725E+00	9.28258378E+00	-9.94271163E-03	-2.49438695E-01
9.73872273E+00	4.89084071E+00	-1.09108504E-02	-2.55302739E-01
1.07247037E+01	-6.44561592E-01	-1.19382701E-02	-2.61463374E-01
8.89162704E+00	-5.91492735E+00	-1.30321463E-02	-2.67951496E-01
4.73627633E+00	-9.59370028E+00	-1.42009090E-02	-2.74802918E-01
-6.69486090E-01	-1.07652337E+01	-1.54545496E-02	-2.82059533E-01
-5.95035778E+00	-9.14889240E+00	-1.68050259E-02	-2.89770834E-01
-9.77233827E+00	-5.16385513E+00	-1.82668029E-02	-2.97995964E-01
-1.11746868E+01	1.80252087E-01	-1.98575881E-02	-3.06806511E-01
-9.80696187E+00	5.53860730E+00	-2.15993484E-02	-3.16290423E-01
-6.01300967E+00	9.56815380E+00	-2.35197468E-02	-3.26557628E-01
-7.41976510E-01	1.12622687E+01	-2.56542162E-02	-3.37748351E-01
4.69066536E+00	1.02001684E+01	-2.80490323E-02	-3.50045884E-01
8.93207742E+00	6.64960885E+00	-3.07659918E-02	-3.63697019E-01
1.09289938E+01	1.49805123E+00	-3.38897531E-02	-3.79046487E-01
1.01890019E+01	-3.96993661E+00	-3.75397135E-02	-3.96598783E-01
6.90159661E+00	-8.39323640E+00	-4.18897143E-02	-4.17138352E-01
1.88942681E+00	-1.06727943E+01	-4.72006626E-02	-4.41988663E-01
-3.59763917E+00	-1.02441659E+01	-5.38675047E-02	-4.73654528E-01
-8.19403823E+00	-7.21649578E+00	-6.24103007E-02	-5.17770965E-01
-1.07579562E+01	-2.34376438E+00	-7.23614158E-02	-5.91266607E-01
-1.06542673E+01	3.16412121E+00	-5.13766690E-02	-7.84903040E-01
-7.91077132E+00	7.94303283E+00	3.68240424E-01	-2.90531032E-01
-3.20917688E+00	1.08138058E+01	-5.25153403E-02	-6.06664074E-01
2.28652190E+00	1.10743980E+01	6.77862437E-01	-4.84702318E-01
7.22113585E+00	8.67237896E+00	1.19583517E-01	-4.28297606E-01
1.03859881E+01	4.21505345E+00	4.26527923E-02	-5.59377768E-01
1.10188695E+01	-1.18489482E+00	1.72094834E-02	-7.04542388E-01
8.99142701E+00	-6.18926585E+00	3.25977975E-02	-9.52018302E-01
4.83742514E+00	-9.56940643E+00	4.78320604E-01	-1.71735500E+00
-3.84775874E-01	-1.05124369E+01	4.79218175E-01	3.00523752E-01
-5.36060491E+00	-8.82193612E+00	1.76606781E-02	-9.51574636E-01
-8.85078806E+00	-4.96296195E+00	1.14042200E+00	3.70478847E-01
-1.00024307E+01	5.95216584E-02	3.07261089E-01	-4.16782448E-02
-8.56133427E+00	4.95777545E+00	1.79877103E-01	-2.88524347E-01
-4.93216977E+00	8.48875799E+00	1.42718180E-01	-5.04496141E-01
-7.15929251E-02	9.76897612E+00	1.68764865E-01	-8.20620575E-01
4.75833116E+00	8.49694979E+00	5.98818456E-01	-1.69888751E+00
8.31360555E+00	5.02693247E+00	2.08134102E+00	1.73623025E+00
9.68632951E+00	2.75267354E-01	2.64989454E-01	5.54795622E-01
8.53623208E+00	-4.51669062E+00	1.26681684E-01	1.60317217E-01
5.17658632E+00	-8.10258564E+00	8.84082741E-02	-3.41147482E-02
4.92418994E-01	-9.55223313E+00	7.51674510E-02	-1.72041556E-01
-4.28827770E+00	-8.49169115E+00	7.83430349E-02	-3.03966605E-01
-7.91196303E+00	-5.20047768E+00	1.22784995E-01	-4.87703222E-01
-9.42432503E+00	-5.40554194E-01	5.62557960E-01	-9.44184319E-01
-8.41893913E+00	4.26527384E+00	3.30307127E-01	5.20081906E-01
-5.14548315E+00	7.94916771E+00	2.30320393E-02	-3.68677150E-03
-4.48923763E-01	9.52742603E+00	-3.92669753E-03	-1.76414718E-01
4.44563857E+00	8.55827824E+00	-1.42151756E-02	-2.79023808E-01
8.24801436E+00	5.26139623E+00	-1.88566444E-02	-3.63688892E-01
9.93736713E+00	4.67336685E-01	-3.06996435E-02	-4.38827393E-01
9.03001218E+00	-4.59136218E+00	-3.67895879E-02	-5.21245908E-01
5.71103628E+00	-8.59490590E+00	-4.35312507E-02	-6.07885288E-01
7.94678710E-01	-1.04766636E+01	-5.35161513E-02	-7.19327632E-01
-4.47786056E+00	-9.70192140E+00	-6.01710262E-02	-8.79192374E-01
-8.75269592E+00	-6.41274379E+00	1.89030834E-02	-1.23512683E+00
-1.09099448E+01	-1.40049246E+00	3.28493414E-01	-8.40600886E-01
-1.03541951E+01	4.08855753E+00	7.62309166E-01	-9.04755083E-01
-7.17380171E+00	8.66624956E+00	1.18496424E-01	-1.20998798E+00
-2.12704902E+00	1.11552025E+01	5.34945749E-01	-1.99483841E+00
3.54282456E+00	1.08913159E+01	1.91069737E+00	-9.27619144E-01
8.41799169E+00	7.89848375E+00	6.46200328E-01	-1.16329782E+00
1.12636982E+01	2.88994429E+00	1.19480061E+00	-1.32365506E+00
1.13425336E+01	-2.90540186E+00	2.68752625E+00	-1.63490267E+00
8.60510114E+00	-8.04878058E+00	1.23326157E+00	8.70776450E-01
3.70787319E+00	-1.12526366E+01	3.64782183E-01	-3.97111313E-01
-2.14728835E+00	-1.17057520E+01	2.43935202E-01	-1.01974210E+00
-7.51217645E+00	-9.27982887E+00	2.94946784E-01	-1.99903396E+00
-1.10547324E+01	-4.56473193E+00	5.79559249E-01	-2.76744067E+00
-1.18935175E+01	1.27711479E+00	2.50455427E+00	-8.21524721E+00
-9.81954605E+00	6.80085948E+00	8.90279789E+00	8.74698627E+00
-5.34923041E+00	1.06408603E+01	1.74783491E+00	4.15496561E+00
4.05111718E-01	1.18525934E+01	9.89328655E-01	2.65817509E+00
6.01455420E+00	1.01485243E+01	1.05127298E+00	1.62049385E+00
1.00921089E+01	5.96846628E+00	1.08008570E+00	1.62939603E+00
1.16399480E+01	3.66873124E-01	7.55915223E-01	1.47493353E+00
1.02976997E+01	-5.25414383E+00	5.44366840E-01	1.17515881E+00
6.42939844E+00	-9.49829104E+00	7.84406698E-01	1.43421438E+00
1.02764696E+00	-1.13255433E+01	2.64020914E-01	1.14683459E+00
-4.54012823E+00	-1.03110638E+01	7.78568060E-01	7.38626409E-01
-8.87854685E+00	-6.74754471E+00	7.45679573E-01	1.10850808E+00
-1.09161376E+01	-1.56580683E+00	1.90293736E-01	1.11987140E+00
-1.01731408E+01	3.90536235E+00	2.37571593E-01	8.63410129E-01
-6.87787526E+00	8.27849742E+00	4.97582734E-01	7.65215804E-01
-1.90298329E+00	1.04593718E+01	1.92340751E-01	1.01786519E+00
3.46131044E+00	9.92223043E+00	1.17054573E-01	7.87337249E-01
7.83850905E+00	6.83889491E+00	1.65873429E-01	6.42940214E-01
1.01170204E+01	2.02971505E+00	3.66868769E-01	8.89213368E-01
9.73183267E+00	-3.25026425E+00	1.15294828E-01	7.64241260E-01
6.80536851E+00	-7.63473656E+00	9.35694368E-02	6.74911042E-01
2.11228883E+00	-9.99635158E+00	8.87172290E-02	5.90394639E-01
-3.12208179E+00	-9.73440996E+00	1.81005212E-01	6.43620448E-01
-7.53775564E+00	-6.92694611E+00	1.05649190E-01	6.07332353E-01
-9.98961518E+00	-2.30883611E+00	9.09566657E-02	5.65757039E-01
-9.84127933E+00	2.91807301E+00	8.52885934E-02	5.35762271E-01
-7.12846730E+00	7.39410616E+00	8.17168707E-02	5.10804852E-01
-2.55034536E+00	9.95122782E+00	7.98838674E-02	4.88889430E-01
2.70887723E+00	9.91374014E+00	8.09083410E-02	4.70029153E-01
7.28270982E+00	7.27357801E+00	7.34999210E-02	4.55458011E-01
9.97254210E+00	2.69542702E+00	7.18567170E-02	4.38378896E-01
1.00561997E+01	-2.64994688E+00	7.03501782E-02	4.23397349E-01
7.47636020E+00	-7.38222491E+00	6.89367106E-02	4.09696936E-01
2.86061049E+00	-1.02630531E+01	6.76145820E-02	3.97015178E-01
-2.63258775E+00	-1.05136381E+01	6.63774689E-02	3.85202777E-01
-7.60380166E+00	-8.01787225E+00	6.52246830E-02	3.74138900E-01
-1.07658130E+01	-3.35908338E+00	6.41457480E-02	3.63811201E-01
-1.12713389E+01	2.31976859E+00	6.31123826E-02	3.54055335E-01
-8.93263505E+00	7.59828952E+00	6.21419443E-02	3.44854433E-01
-4.27714058E+00	1.11332353E+01	6.12242798E-02	3.36156672E-01
1.57584329E+00	1.19970730E+01	6.03541715E-02	3.27917914E-01
7.18779525E+00	9.91574697E+00	5.95274580E-02	3.20099742E-01
1.11559301E+01	5.34565298E+00	5.87405727E-02	3.12668338E-01
1.24626958E+01	-6.30427086E-01	5.79903928E-02	3.05593719E-01
1.07330191E+01	-6.56381727E+00	5.72741546E-02	2.98849144E-01
6.33499654E+00	-1.09933997E+01	5.65893954E-02	2.92410657E-01
2.98163350E-01	-1.28053280E+01	5.59339081E-02	2.86256702E-01
-5.93163613E+00	-1.15104245E+01	5.53057056E-02	2.80367810E-01
-1.08414773E+01	-7.37062574E+00	5.47029916E-02	2.74726341E-01
-1.32196276E+01	-1.34268062E+00	5.41241357E-02	2.69316259E-01
-1.24528966E+01	5.14800512E+00	5.35676539E-02	2.64122946E-01
-8.68021741E+00	1.05489193E+01	5.30321907E-02	2.59133041E-01
-2.76455755E+00	1.35546591E+01	5.25165047E-02	2.54334304E-01
3.91054725E+00	1.34230060E+01	5.20194563E-02	2.49715492E-01
9.77089108E+00	1.01561059E+01	5.15399965E-02	2.45266260E-01
1.34282781E+01	4.50272822E+00	5.10771576E-02	2.40977068E-01
1.40130214E+01	-2.21904700E+00	5.06300453E-02	2.36839101E-01
1.13820820E+01	-8.43589873E+00	5.01978311E-02	2.32844201E-01
6.15286192E+00	-1.26942911E+01	4.97797465E-02	2.28984804E-01
-4.45116699E-01	-1.40061173E+01	4.93750771E-02	2.25253883E-01
-6.86446239E+00	-1.20819869E+01	4.89831577E-02	2.21644906E-01
-1.16088710E+01	-7.39657945E+00	4.86033684E-02	2.18151786E-01
-1.35878885E+01	-1.07119195E+00	4.82351299E-02	2.14768845E-01
-1.23724589E+01	5.39729727E+00	4.78779010E-02	2.11490780E-01
-8.29062137E+00	1.04950183E+01	4.75311745E-02	2.08312631E-01
-2.34160210E+00	1.30505781E+01	4.71944753E-02	2.05229754E-01
4.04956776E+00	1.25091401E+01	4.68673571E-02	2.02237795E-01
9.37652998E+00	9.05608863E+00	4.65494009E-02	1.99332667E-01
1.24114088E+01	3.56204781E+00	4.62402121E-02	1.96510529E-01
1.24932269E+01	-2.63562547E+00	4.59394195E-02	1.93767768E-01
9.67624447E+00	-8.06040388E+00	4.56466729E-02	1.91100985E-01
4.70407049E+00	-1.14528879E+01	4.53616418E-02	1.88506972E-01
-1.18207851E+00	-1.20693564E+01	4.50840142E-02	1.85982706E-01
-6.55245258E+00	-9.85096351E+00	4.48134951E-02	1.83525331E-01
-1.01386387E+01	-5.42413693E+00	4.45498054E-02	1.81132148E-01
-1.11385353E+01	6.57706487E-02	4.42926805E-02	1.78800604E-01
-9.40255388E+00	5.24485932E+00	4.40418701E-02	1.76528282E-01
-5.45693646E+00	8.85246088E+00	4.37971364E-02	1.74312892E-01
-3.60421032E-01	1.00497742E+01	4.35582539E-02	1.72152263E-01
4.56853181E+00	8.61970963E+00	4.33250081E-02	1.70044334E-01
8.08515954E+00	5.00971812E+00	4.30971953E-02	1.67987149E-01
9.32921285E+00	2.08518659E-01	4.28746218E-02	1.65978848E-01
8.03605665E+00	-4.51118342E+00	4.26571030E-02	1.64017663E-01
4.59612209E+00	-7.91881337E+00	4.24444634E-02	1.62101912E-01
-5.12744056E-02	-9.13886883E+00	4.22365354E-02	1.60229991E-01
-4.66239192E+00	-7.87221531E+00	4.20331598E-02	1.58400373E-01
-8.00995556E+00	-4.47029498E+00	4.18341850E-02	1.56611600E-01
-9.19951443E+00	1.56364497E-01	4.16394683E-02	1.54862277E-01
-7.90133896E+00	4.77244037E+00	4.14488843E-02	1.53151057E-01
-4.43890219E+00	8.13609459E+00	4.12624609E-02	1.51476556E-01
2.89236329E-01	9.32106640E+00	4.10795990E-02	1.49838812E-01
5.03557466E+00	7.96095514E+00	4.09003770E-02	1.48234393E-01
8.52189086E+00	4.35301752E+00	4.07249367E-02	1.46663604E-01
9.76991209E+00	-6.06432806E-01	4.05530083E-02	1.45125198E-01
8.36081321E+00	-5.64088137E+00	4.03844775E-02	1.43618134E-01
4.55680114E+00	-9.41363644E+00	4.02192404E-02	1.42141434E-01
-7.48221706E-01	-1.08698100E+01	4.00571984E-02	1.40694162E-01
-6.23953143E+00	-9.51437794E+00	3.98982568E-02	1.39275424E-01
-1.05040035E+01	-5.55510441E+00	3.97423248E-02	1.37884363E-01
-1.23853692E+01	1.28279746E-01	3.95893151E-02	1.36520157E-01
-1.12840369E+01	6.18456255E+00	3.94391438E-02	1.35182016E-01
-7.32543193E+00	1.11147981E+01	3.92917307E-02	1.33869180E-01
-1.35207970E+00	1.36414370E+01	3.91469976E-02	1.32580921E-01
5.26248793E+00	1.30322669E+01	3.90048702E-02	1.31316537E-01
1.09359084E+01	9.29807425E+00	3.88652765E-02	1.30075355E-01
1.42588114E+01	3.21257162E+00	3.87281472E-02	1.28856726E-01
1.43437835E+01	-3.85409025E+00	3.85934153E-02	1.27660025E-01
1.10553674E+01	-1.02513287E+01	3.84610157E-02	1.26484651E-01
5.06260557E+00	-1.44395256E+01	3.83308775E-02	1.25330027E-01
-2.30202631E+00	-1.53630401E+01	3.82029856E-02	1.24195544E-01
-9.34655851E+00	-1.27140452E+01	3.80772296E-02	1.23080773E-01
-1.44155670E+01	-7.02155452E+00	3.79535692E-02	1.21985113E-01
-1.62842177E+01	4.58537670E-01	3.78319564E-02	1.20908072E-01
-1.44554855E+01	8.02874509E+00	3.77124281E-02	1.19849142E-01
-9.28798513E+00	1.39443335E+01	3.75946768E-02	1.18808102E-01
-1.92192699E+00	1.68234588E+01	3.74788702E-02	1.17784109E-01
5.98099228E+00	1.59751851E+01	3.73649176E-02	1.16776942E-01
1.26231065E+01	1.15664467E+01	3.72526822E-02	1.15786073E-01
1.64905513E+01	4.58719559E+00	3.71424369E-02	1.14811224E-01
1.67074804E+01	-3.37881550E+00	3.70337770E-02	1.13851991E-01
1.32403024E+01	-1.05235468E+01	3.69267915E-02	1.12907936E-01
6.90329204E+00	-1.52367092E+01	3.68214396E-02	1.11978703E-01
-8.35506839E-01	-1.64799544E+01	3.67176799E-02	1.11063917E-01
-8.20134399E+00	-1.40244406E+01	3.66155948E-02	1.10163125E-01
-1.35295468E+01	-8.49597729E+00	3.65149049E-02	1.09276567E-01
-1.56524475E+01	-1.21830772E+00	3.64156602E-02	1.08403170E-01
-1.41646301E+01	6.10646114E+00	3.63180244E-02	1.07542916E-01
-9.50456343E+00	1.18024866E+01	3.62216723E-02	1.06695603E-01
-2.83534381E+00	1.46123510E+01	3.61267688E-02	1.05860807E-01
4.24422625E+00	1.39832458E+01	3.60331834E-02	1.05038296E-01
1.00865006E+01	1.01803012E+01	3.59409033E-02	1.04227682E-01
1.33853770E+01	4.20277441E+00	3.58500978E-02	1.03429030E-01
1.34763008E+01	-2.47317508E+00	3.57603386E-02	1.02641732E-01
1.04753405E+01	-8.25974629E+00	3.56716412E-02	1.01865576E-01
5.22705318E+00	-1.18402627E+01	3.55856475E-02	1.01099636E-01
-9.22042091E-01	-1.24762495E+01	3.54992032E-02	1.00346100E-01
-6.46529112E+00	-1.01658376E+01	3.54141795E-02	9.96022590E-02
-1.01068404E+01	-5.61833462E+00	3.53301590E-02	9.88684145E-02
-1.10700581E+01	-5.56652439E-02	3.52485342E-02	9.81451228E-02
-9.26910029E+00	5.10615775E+00	3.51667521E-02	9.74316561E-02
-5.30467303E+00	8.61381117E+00	3.50862032E-02	9.67276381E-02
-2.89491332E-01	9.68219283E+00	3.50067020E-02	9.60332383E-02
4.44877322E+00	8.17386280E+00	3.49270898E-02	9.53469801E-02
7.70965046E+00	4.61063320E+00	3.48515549E-02	9.46710480E-02
8.72002598E+00	1.85061328E-02	3.47748990E-02	9.40039473E-02
7.31752518E+00	-4.35092773E+00	3.47001630E-02	9.33448118E-02
3.97332399E+00	-7.34917812E+00	3.46257038E-02	9.26950427E-02
-3.47906106E-01	-8.22489355E+00	3.45522195E-02	9.20533534E-02
-4.45178781E+00	-6.80886023E+00	3.44796800E-02	9.14198173E-02
-7.23177712E+00	-3.54464056E+00	3.44080577E-02	9.07943053E-02
-7.95786647E+00	6.40301398E-01	3.43373509E-02	9.01767097E-02
-6.46248739E+00	4.58721627E+00	3.42672465E-02	8.95667261E-02
-3.17704091E+00	7.21539623E+00	3.41983083E-02	8.89643301E-02
9.88546515E-01	7.80743707E+00	3.41301314E-02	8.83694014E-02
4.89036021E+00	6.19674785E+00	3.40627605E-02	8.77817616E-02
7.45459879E+00	2.80951855E+00	3.39961882E-02	8.72012732E-02
7.96189936E+00	-1.44872836E+00	3.39304016E-02	8.66278027E-02
6.23820798E+00	-5.43173836E+00	3.38653871E-02	8.60612197E-02
2.70303907E+00	-8.05393135E+00	3.38011310E-02	8.55013971E-02
-1.73705891E+00	-8.57638152E+00	3.37376195E-02	8.49482108E-02
-5.92212391E+00	-6.80339636E+00	3.36748396E-02	8.44015398E-02
-8.73917937E+00	-3.13890855E+00	3.36127780E-02	8.38612659E-02
-9.41207548E+00	1.51201705E+00	3.35514222E-02	8.33272738E-02
-7.70623619E+00	5.97154412E+00	3.34907597E-02	8.27994511E-02
-3.99559369E+00	9.08907129E+00	3.34307785E-02	8.22776878E-02
8.25815400E-01	1.00363880E+01	3.33714665E-02	8.17618769E-02
5.56555418E+00	8.52271692E+00	3.33128124E-02	8.12519134E-02
9.03187795E+00	4.87472435E+00	3.32548048E-02	8.07476953E-02
1.03346771E+01	-3.92051876E-02	3.31974326E-02	8.02491226E-02
9.11226047E+00	-5.02175730E+00	3.31406851E-02	7.97560978E-02
5.62668307E+00	-8.84330508E+00	3.30845517E-02	7.92685257E-02
7.03422453E-01	-1.05480593E+01	3.30290221E-02	7.87863129E-02
-4.46971473E+00	-9.69313396E+00	3.29740863E-02	7.83093687E-02
-8.63435699E+00	-6.46081556E+00	3.29197344E-02	7.78376040E-02
-1.07713678E+01	-1.61611168E+00	3.28659568E-02	7.73709319E-02
-1.03517529E+01	3.67971899E+00	3.28127440E-02	7.69092674E-02
-7.46665681E+00	8.15318824E+00	3.27600869E-02	7.64525274E-02
-2.80469443E+00	1.07296825E+01	3.27079764E-02	7.60006307E-02
2.51717459E+00	1.07948363E+01	3.26564037E-02	7.55534977E-02
7.22685936E+00	8.34211355E+00	3.26053603E-02	7.51110509E-02
1.02066780E+01	3.97105285E+00	3.25548376E-02	7.46732140E-02
1.07630410E+01	-1.26229518E+00	3.25048274E-02	7.42399127E-02
8.79056427E+00	-6.10485866E+00	3.24553216E-02	7.38110743E-02
4.79147374E+00	-9.41143061E+00	3.24063124E-02	7.33866275E-02
-2.52896365E-01	-1.04199529E+01	3.23577919E-02	7.29665025E-02
-5.12539153E+00	-8.93031942E+00	3.23097526E-02	7.25506312E-02
-8.67026068E+00	-5.34429328E+00	3.22621871E-02	7.21389467E-02
-1.00710505E+01	-5.58721982E-01	3.22150880E-02	7.17313836E-02
-9.04166428E+00	4.25972380E+00	3.21684482E-02	7.13278779E-02
-5.88534429E+00	7.96146216E+00	3.21222609E-02	7.09283668E-02
-1.40938467E+00	9.69151865E+00	3.20765191E-02	7.05327890E-02
3.28107476E+00	9.09005965E+00	3.20312161E-02	7.01410843E-02
7.05758305E+00	6.36835331E+00	3.19863454E-02	6.97531936E-02
9.04280832E+00	2.24394774E+00	3.19419005E-02	6.93690594E-02
8.81768140E+00	-2.24630299E+00	3.18978751E-02	6.89886250E-02
6.51183132E+00	-6.00706861E+00	3.18542631E-02	6.86118350E-02
2.75751597E+00	-8.15367093E+00	3.18110583E-02	6.82386349E-02
-1.47875960E+00	-8.22315170E+00	3.17682549E-02	6.78689717E-02
-5.14285411E+00	-6.27650826E+00	3.17258471E-02	6.75027931E-02
-7.35527154E+00	-2.86918139E+00	3.16838290E-02	6.71400479E-02
-7.62387792E+00	1.10008316E+00	3.16421951E-02	6.67806859E-02
-5.95534871E+00	4.62192189E+00	3.16009399E-02	6.64246580E-02
-2.83976843E+00	6.83101287E+00	3.15600581E-02	6.60719158E-02
8.85151976E-01	7.21876388E+00	3.15195442E-02	6.57224122E-02
4.25386558E+00	5.75170780E+00	3.14793932E-02	6.53761007E-02
6.42004800E+00	2.86776751E+00	3.14396000E-02	6.50329357E-02
6.86830316E+00	-6.46382493E-01	3.14001595E-02	6.46928727E-02
5.53777051E+00	-3.86382402E+00	3.13610669E-02	6.43558678E-02
2.82785156E+00	-5.95762209E+00	3.13223173E-02	6.40218781E-02
-5.13575637E-01	-6.41137380E+00	3.12839060E-02	6.36908612E-02
-3.58938243E+00	-5.14696964E+00	3.12458284E-02	6.33627760E-02
-5.58797856E+00	-2.53804280E+00	3.12080800E-02	6.30375817E-02
-5.99328697E+00	6.93079907E-01	3.11706562E-02	6.27152385E-02
-4.71636496E+00	3.66746481E+00	3.11335527E-02	6.23957073E-02
-2.11548056E+00	5.58075204E+00	3.10967652E-02	6.20789495E-02
1.09990010E+00	5.91379553E+00	3.10602894E-02	6.17649275E-02
4.05608339E+00	4.56861925E+00	3.10241212E-02	6.14536043E-02
5.94474678E+00	1.89477952E+00	3.09882565E-02	6.11449434E-02
6.23596609E+00	-1.40069658E+00	3.09526913E-02	6.08389092E-02
4.81967052E+00	-4.43681643E+00	3.09174217E-02	6.05354665E-02
2.03873154E+00	-6.38859826E+00	3.08824437E-02	6.02345810E-02
-1.39548850E+00	-6.70445807E+00	3.08477536E-02	5.99362187E-02
-4.58424247E+00	-5.25485539E+00	3.08133477E-02	5.96403465E-02
-6.67338541E+00	-2.37326799E+00	3.07792223E-02	5.93469316E-02
-7.07708047E+00	1.22219732E+00	3.07453738E-02	5.90559419E-02
-5.63563205E+00	4.60784260E+00	3.07117985E-02	5.87673460E-02
-2.66608192E+00	6.88945363E+00	3.06784931E-02	5.84811128E-02
1.10891122E+00	7.43400321E+00	3.06454542E-02	5.81972118E-02
4.73756324E+00	6.03871334E+00	3.06126783E-02	5.79156132E-02
7.27747619E+00	2.99337583E+00	3.05801621E-02	5.76362875E-02
8.03649402E+00	-9.81660268E-01	3.05479024E-02	5.73592057E-02
6.75480742E+00	-4.90816117E+00	3.05158960E-02	5.70843396E-02
3.68121201E+00	-7.79148213E+00	3.04841397E-02	5.68116610E-02
-4.77525410E-01	-8.87101564E+00	3.04526305E-02	5.65411425E-02
-4.72356349E+00	-7.81666784E+00	3.04213652E-02	5.62727572E-02
-8.01112358E+00	-4.82109407E+00	3.03903410E-02	5.60064783E-02
-9.50614323E+00	-5.62884800E-01	3.03595548E-02	5.57422799E-02
-8.79775947E+00	3.95211234E+00	3.03290037E-02	5.54801361E-02
-6.00811765E+00	7.63357186E+00	3.02986850E-02	5.52200217E-02
-1.77169803E+00	9.57432145E+00	3.02685958E-02	5.49619119E-02
2.91247651E+00	9.27664876E+00	3.02387333E-02	5.47057822E-02
6.92070892E+00	6.78061881E+00	3.02090948E-02	5.44516085E-02
9.27826020E+00	2.66146882E+00	3.01796777E-02	5.41993671E-02
9.39945560E+00	-2.10469289E+00	3.01504793E-02	5.39490348E-02
7.23465417E+00	-6.37501449E+00	3.01214970E-02	5.37005887E-02
3.28702706E+00	-9.11699034E+00	3.00927283E-02	5.34540061E-02
-1.50598114E+00	-9.66058312E+00	3.00641707E-02	5.32092649E-02
-5.99821342E+00	-7.86316364E+00	3.00358217E-02	5.29663433E-02
-9.11248221E+00	-4.14623260E+00	3.00076789E-02	5.27252197E-02
-1.01023321E+01	6.05647437E-01	2.99797399E-02	5.24858731E-02
-8.73350502E+00	5.25930251E+00	2.99520023E-02	5.22482825E-02
-5.34035716E+00	8.70831428E+00	2.99244639E-02	5.20124274E-02
-7.43245526E-01	1.01416921E+01	2.98971223E-02	5.17782878E-02
3.95279211E+00	9.23981050E+00	2.98699752E-02	5.15458436E-02
7.62842447E+00	6.24951008E+00	2.98430205E-02	5.13150754E-02
9.42280370E+00	1.92013161E+00	2.98162561E-02	5.10859639E-02
8.94154821E+00	-2.68335065E+00	2.97896796E-02	5.08584901E-02
6.34890711E+00	-6.44356606E+00	2.97632891E-02	5.06326353E-02
2.32188648E+00	-8.46504379E+00	2.97370824E-02	5.04083811E-02
-2.12160882E+00	-8.29172958E+00	2.97110576E-02	5.01857094E-02
-5.87736316E+00	-6.01422413E+00	2.96852125E-02	4.99646024E-02
-8.02855497E+00	-2.24085305E+00	2.96595451E-02	4.97450425E-02
-8.07050636E+00	2.05935107E+00	2.96340536E-02	4.95270123E-02
-6.03092419E+00	5.80183083E+00	2.96087360E-02	4.93104948E-02
-2.45640933E+00	8.05815614E+00	2.95835903E-02	4.90954732E-02
1.73046168E+00	8.28616534E+00	2.95586147E-02	4.88819309E-02
5.46685558E+00	6.46134194E+00	2.95338074E-02	4.86698516E-02
7.81853889E+00	3.07718073E+00	2.95091665E-02	4.84592192E-02
8.21419962E+00	-9.84715972E-01	2.94846902E-02	4.82500180E-02
6.58654147E+00	-4.68139181E+00	2.94603767E-02	4.80422322E-02
3.38512799E+00	-7.07453608E+00	2.94362244E-02	4.78358465E-02
-5.41661136E-01	-7.56848120E+00	2.94122315E-02	4.76308457E-02
-4.16524669E+00	-6.06022419E+00	2.93883962E-02	4.74272149E-02
-6.54047548E+00	-2.96382805E+00	2.93647169E-02	4.72249394E-02
-7.04746712E+00	8.96694820E-01	2.93411920E-02	4.70240046E-02
-5.55048824E+00	4.49873957E+00	2.93178199E-02	4.68243962E-02
-2.43364022E+00	6.88315650E+00	2.92945989E-02	4.66261002E-02
1.49577315E+00	7.40065742E+00	2.92715274E-02	4.64291025E-02
5.21196194E+00	5.88015279E+00	2.92486039E-02	4.62333895E-02
7.73192949E+00	2.67619239E+00	2.92258269E-02	4.60389477E-02
8.36743500E+00	-1.41693970E+00	2.92031948E-02	4.58457636E-02
6.90392735E+00	-5.36338294E+00	2.91807061E-02	4.56538243E-02
3.66089576E+00	-8.14671153E+00	2.91583595E-02	4.54631167E-02
-5.82301013E-01	-9.02841602E+00	2.91361533E-02	4.52736280E-02
-4.77738534E+00	-7.73882025E+00	2.91140862E-02	4.50853455E-02
-7.86781078E+00	-4.55201111E+00	2.90921568E-02	4.48982570E-02
-9.05435994E+00	-2.25114264E-01	2.90703636E-02	4.47123501E-02
-7.99935482E+00	4.18399728E+00	2.90487054E-02	4.45276126E-02
-4.91806920E+00	7.57611335E+00	2.90271806E-02	4.43440328E-02
-5.33686372E-01	9.08334756E+00	2.90057881E-02	4.41615987E-02
4.09413694E+00	8.28753947E+00	2.89845264E-02	4.39802988E-02
7.82570014E+00	5.32995360E+00	2.89633942E-02	4.38001216E-02
9.72007650E+00	8.84395684E-01	2.89423904E-02	4.36210559E-02
9.26789340E+00	-4.00061054E+00	2.89215135E-02	4.34430904E-02
6.52066724E+00	-8.15272119E+00	2.89007624E-02	4.32662141E-02
2.08444254E+00	-1.05588943E+01	2.88801358E-02	4.30904162E-02
-3.02139505E+00	-1.06117931E+01	2.88596324E-02	4.29156860E-02
-7.60631082E+00	-8.25931890E+00	2.88392512E-02	4.27420129E-02
-1.05932936E+01	-4.02063709E+00	2.88189908E-02	4.25693865E-02
-1.12770768E+01	1.13546795E+00	2.87988502E-02	4.23977964E-02
-9.49339081E+00	6.02060068E+00	2.87788281E-02	4.22272326E-02
-5.65837990E+00	9.50952674E+00	2.87589234E-02	4.20576848E-02
-6.68868876E-01	1.08074086E+01	2.87391350E-02	4.18891434E-02
4.31209247E+00	9.63715280E+00	2.87194617E-02	4.17215984E-02
8.13230036E+00	6.30209875E+00	2.86999025E-02	4.15550403E-02
9.92307571E+00	1.60965709E+00	2.86804563E-02	4.13894594E-02
9.30200067E+00	-3.32477409E+00	2.86611220E-02	4.12248465E-02
6.45753862E+00	-7.34546308E+00	2.86418985E-02	4.10611922E-02
2.09632854E+00	-9.53048884E+00	2.86227848E-02	4.08984873E-02
-2.73263869E+00	-9.40631878E+00	2.86037798E-02	4.07367228E-02
-6.89307244E+00	-7.05186457E+00	2.85848826E-02	4.05758898E-02
-9.43304871E+00	-3.06843396E+00	2.85660922E-02	4.04159795E-02
-9.80740111E+00	1.57514899E+00	2.85474074E-02	4.02569830E-02
-7.99779237E+00	5.78273527E+00	2.85288274E-02	4.00988919E-02
-4.50309951E+00	8.59658616E+00	2.85103512E-02	3.99416976E-02
-2.04830781E-01	9.42351687E+00	2.84919778E-02	3.97853918E-02
3.85716701E+00	8.16700619E+00	2.84737062E-02	3.96299661E-02
6.74197128E+00	5.23479156E+00	2.84555356E-02	3.94754123E-02
7.83387240E+00	1.42264993E+00	2.84374650E-02	3.93217224E-02
6.98245952E+00	-2.29432839E+00	2.84194935E-02	3.91688884E-02
4.52358885E+00	-5.00922661E+00	2.84016202E-02	3.90169025E-02
1.17854511E+00	-6.10703602E+00	2.83838442E-02	3.88657567E-02
-2.14077609E+00	-5.40909041E+00	2.83661646E-02	3.87154434E-02
-4.56967057E+00	-3.20345989E+00	2.83485805E-02	3.85659551E-02
-5.51035408E+00	-1.55868959E-01	2.83310912E-02	3.84172841E-02
-4.77802304E+00	2.87394163E+00	2.83136956E-02	3.82694231E-02
-2.63715042E+00	5.06176028E+00	2.82963931E-02	3.81223648E-02
2.79584283E-01	5.83456903E+00	2.82791827E-02	3.79761019E-02
3.14712808E+00	5.01674642E+00	2.82620637E-02	3.78306272E-02
5.17183845E+00	2.86963528E+00	2.82450352E-02	3.76859336E-02
5.80435154E+00	1.51532972E-02	2.82280965E-02	3.75420143E-02
4.88582244E+00	-2.73573670E+00	2.82112467E-02	3.73988622E-02
2.68935671E+00	-4.60419202E+00	2.81944850E-02	3.72564705E-02
-1.54152290E-01	-5.05589666E+00	2.81778108E-02	3.71148326E-02
-2.82635343E+00	-3.94855660E+00	2.81612231E-02	3.69739416E-02
-4.54326998E+00	-1.57516102E+00	2.81447214E-02	3.68337912E-02
-4.77024150E+00	1.40919330E+00	2.81283047E-02	3.66943746E-02
-3.37297281E+00	4.15866970E+00	2.81119725E-02	3.65556856E-02
-6.63924451E-01	5.86209190E+00	2.80957239E-02	3.64177176E-02
2.66973366E+00	5.96357637E+00	2.80795582E-02	3.62804646E-02
5.73954646E+00	4.32011062E+00	2.80634747E-02	3.61439201E-02
7.68677533E+00	1.25346690E+00	2.80474728E-02	3.60080781E-02
7.91149108E+00	-2.51922783E+00	2.80315517E-02	3.58729326E-02
6.23981529E+00	-6.06060032E+00	2.80157107E-02	3.57384774E-02
2.98442753E+00	-8.45044147E+00	2.79999491E-02	3.56047067E-02
-1.11966984E+00	-9.02515666E+00	2.79842664E-02	3.54716146E-02
-5.09023369E+00	-7.55741383E+00	2.79686617E-02	3.53391953E-02
-7.94102745E+00	-4.32846506E+00	2.79531345E-02	3.52074431E-02
-8.93231561E+00	-7.23474034E-02	2.79376840E-02	3.50763522E-02
-7.76480563E+00	4.19639470E+00	2.79223098E-02	3.49459171E-02
-4.66662653E+00	7.42991857E+00	2.79070110E-02	3.48161322E-02
-3.49357561E-01	8.80797454E+00	2.78917871E-02	3.46869921E-02
4.15802087E+00	7.94686769E+00	2.78766375E-02	3.45584912E-02
7.75739105E+00	5.00312370E+00	2.78615615E-02	3.44306243E-02
9.55088666E+00	6.44390829E-01	2.78465585E-02	3.43033861E-02
9.06432678E+00	-4.10679339E+00	2.78316280E-02	3.41767713E-02
6.36850089E+00	-8.11877704E+00	2.78167693E-02	3.40507746E-02
2.06723137E+00	-1.04257796E+01	2.78019819E-02	3.39253911E-02
-2.84576488E+00	-1.04640473E+01	2.77872651E-02	3.38006155E-02
-7.22644037E+00	-8.21047344E+00	2.77726184E-02	3.36764429E-02
-1.00574733E+01	-4.18906670E+00	2.77580412E-02	3.35528683E-02
-1.06944266E+01	6.56526722E-01	2.77435330E-02	3.34298868E-02
-9.02026577E+00	5.19294014E+00	2.77290931E-02	3.33074936E-02
-5.47031874E+00	8.37251406E+00	2.77147211E-02	3.31856838E-02
-9.22028380E-01	9.48614859E+00	2.77004163E-02	3.30644526E-02
3.52256850E+00	8.33136999E+00	2.76861783E-02	3.29437955E-02
6.80722869E+00	5.25478033E+00	2.76720065E-02	3.28237076E-02
8.17759707E+00	1.05951510E+00	2.76579004E-02	3.27041845E-02
7.35993988E+00	-3.19807716E+00	2.76438595E-02	3.25852215E-02
4.61924986E+00	-6.47103027E+00	2.76298831E-02	3.24668141E-02
6.83886105E-01	-7.97793591E+00	2.76159709E-02	3.23489580E-02
-3.44274913E+00	-7.38935552E+00	2.76021224E-02	3.22316486E-02
-6.73513240E+00	-4.89927867E+00	2.75883369E-02	3.21148816E-02
-8.39932490E+00	-1.16567854E+00	2.75746140E-02	3.19986527E-02
-8.06434809E+00	2.86291308E+00	2.75609533E-02	3.18829576E-02
-5.86460498E+00	6.18967894E+00	2.75473542E-02	3.17677921E-02
-2.39466724E+00	8.01898281E+00	2.75338162E-02	3.16531520E-02
1.45001805E+00	7.95053821E+00	2.75203389E-02	3.15390331E-02
4.70458129E+00	6.07064018E+00	2.75069218E-02	3.14254313E-02
6.57899888E+00	2.91941047E+00	2.74935645E-02	3.13123427E-02
6.65357915E+00	-6.55516362E-01	2.74802664E-02	3.11997631E-02
4.97733043E+00	-3.72006229E+00	2.74670271E-02	3.10876886E-02
2.04609211E+00	-5.49254350E+00	2.74538462E-02	3.09761153E-02
-1.33204299E+00	-5.53972388E+00	2.74407231E-02	3.08650392E-02
-4.24820191E+00	-3.88126330E+00	2.74276576E-02	3.07544565E-02
-5.92644756E+00	-9.77586614E-01	2.74146491E-02	3.06443634E-02
-5.92029049E+00	2.39401934E+00	2.74016971E-02	3.05347561E-02
-4.22279817E+00	5.34214103E+00	2.73888013E-02	3.04256309E-02
-1.26359541E+00	7.09043394E+00	2.73759613E-02	3.03169841E-02
2.20505066E+00	7.17493550E+00	2.73631765E-02	3.02088119E-02
5.30291588E+00	5.55994834E+00	2.73504466E-02	3.01011108E-02
7.24713458E+00	2.64409181E+00	2.73377712E-02	2.99938773E-02
7.55087537E+00	-8.43866613E-01	2.73251499E-02	2.98871076E-02
6.14545598E+00	-4.03202624E+00	2.73125822E-02	2.97807983E-02
3.39576963E+00	-6.12728359E+00	2.73000678E-02	2.96749460E-02
6.01635204E-03	-6.61594944E+00	2.72876062E-02	2.95695471E-02
-3.15969140E+00	-5.39270496E+00	2.72751971E-02	2.94645983E-02
-5.29614444E+00	-2.78596996E+00	2.72628400E-02	2.93600962E-02
-5.86007059E+00	5.26028595E-01	2.72505347E-02	2.92560373E-02
-4.70655700E+00	3.68680714E+00	2.72382806E-02	2.91524185E-02
-2.12503828E+00	5.87737501E+00	2.72260775E-02	2.90492364E-02
1.23368777E+00	6.52201770E+00	2.72139248E-02	2.89464877E-02
4.52074852E+00	5.43275637E+00	2.72018224E-02	2.88441692E-02
6.90174899E+00	2.85666319E+00	2.71897698E-02	2.87422778E-02
7.76550295E+00	-5.85474718E-01	2.71777666E-02	2.86408103E-02
6.87702725E+00	-4.05363930E+00	2.71658125E-02	2.85397636E-02
4.43688095E+00	-6.69768097E+00	2.71539070E-02	2.84391345E-02
1.03221804E+00	-7.86909541E+00	2.71420500E-02	2.83389200E-02
-2.50828157E+00	-7.28299247E+00	2.71302410E-02	2.82391170E-02
-5.31973037E+00	-5.09014368E+00	2.71184796E-02	2.81397225E-02
-6.71590317E+00	-1.84119204E+00	2.71067656E-02	2.80407337E-02
-6.36060783E+00	1.64834325E+00	2.70950985E-02	2.79421474E-02
-4.35315976E+00	4.49923270E+00	2.70834780E-02	2.78439607E-02
-1.20658933E+00	5.98653481E+00	2.70719039E-02	2.77461709E-02
2.27652883E+00	5.72083821E+00	2.70603757E-02	2.76487749E-02
5.20063832E+00	3.74798837E+00	2.70488932E-02	2.75517700E-02
6.79833154E+00	5.42300284E-01	2.70374560E-02	2.74551534E-02
6.62198271E+00	-3.10583526E+00	2.70260638E-02	2.73589221E-02
4.65870366E+00	-6.28126301E+00	2.70147162E-02	2.72630736E-02
1.33982125E+00	-8.16818915E+00	2.70034130E-02	2.71676050E-02
-2.55845902E+00	-8.25268795E+00	2.69921539E-02	2.70725136E-02
-6.10010981E+00	-6.45396701E+00	2.69809385E-02	2.69777968E-02
-8.41594581E+00	-3.15162646E+00	2.69697665E-02	2.68834518E-02
-8.91727069E+00	8.98944741E-01	2.69586376E-02	2.67894760E-02
-7.44448066E+00	4.74388091E+00	2.69475515E-02	2.66958669E-02
-4.31377366E+00	7.45907912E+00	2.69365079E-02	2.66026218E-02
-2.49314241E-01	8.37481794E+00	2.69255066E-02	2.65097382E-02
3.78430927E+00	7.24245287E+00	2.69145472E-02	2.64172134E-02
6.81030158E+00	4.30220052E+00	2.69036294E-02	2.63250451E-02
8.07444920E+00	2.34333492E-01	2.68927529E-02	2.62332306E-02
7.23014632E+00	-3.99608374E+00	2.68819175E-02	2.61417676E-02
4.42858952E+00	-7.36510771E+00	2.68711229E-02	2.60506535E-02
2.91275231E-01	-9.03329651E+00	2.68603687E-02	2.59598860E-02
-4.23013814E+00	-8.54856683E+00	2.68496548E-02	2.58694625E-02
-8.07452487E+00	-5.95957140E+00	2.68389808E-02	2.57793808E-02
-1.03208454E+01	-1.81149842E+00	2.68283464E-02	2.56896385E-02
-1.04074189E+01	2.97600377E+00	2.68177515E-02	2.56002332E-02
-8.26841698E+00	7.32092466E+00	2.68071956E-02	2.55111626E-02
-4.35435663E+00	1.02314117E+01	2.67966786E-02	2.54224244E-02
4.69233942E-01	1.10390436E+01	2.67862002E-02	2.53340163E-02
5.12177660E+00	9.55732194E+00	2.67757601E-02	2.52459360E-02
8.55934561E+00	6.12731460E+00	2.67653581E-02	2.51581814E-02
1.00186071E+01	1.53909391E+00	2.67549938E-02	2.50707501E-02
9.19506420E+00	-3.15279257E+00	2.67446671E-02	2.49836400E-02
6.31315809E+00	-6.87620540E+00	2.67343777E-02	2.48968489E-02
2.07151515E+00	-8.79202714E+00	2.67241254E-02	2.48103746E-02
-2.52352153E+00	-8.48891434E+00	2.67139098E-02	2.47242150E-02
-6.39618388E+00	-6.07596652E+00	2.67037308E-02	2.46383680E-02
-8.65432008E+00	-2.15162108E+00	2.66935881E-02	2.45528314E-02
-8.79669951E+00	2.34314003E+00	2.66834815E-02	2.44676031E-02
-6.82530880E+00	6.35137927E+00	2.66734107E-02	2.43826812E-02
-3.23649827E+00	8.95162425E+00	2.66633754E-02	2.42980634E-02
1.10574053E+00	9.57347108E+00	2.66533755E-02	2.42137478E-02
5.18255961E+00	8.12580807E+00	2.66434107E-02	2.41297324E-02
8.06664146E+00	5.00771958E+00	2.66334808E-02	2.40460152E-02
9.14200134E+00	1.00096416E+00	2.66235856E-02	2.39625941E-02
8.24408632E+00	-2.92813560E+00	2.66137247E-02	2.38794673E-02
5.68713409E+00	-5.86763567E+00	2.66038981E-02	2.37966327E-02
2.17384263E+00	-7.18048663E+00	2.65941054E-02	2.37140884E-02
-1.38849053E+00	-6.65258445E+00	2.65843464E-02	2.36318325E-02
-4.11830760E+00	-4.53290111E+00	2.65746210E-02	2.35498632E-02
-5.37855173E+00	-1.45750164E+00	2.65649289E-02	2.34681784E-02
-4.92936898E+00	1.72165655E+00	2.65552699E-02	2.33867764E-02
-2.97746138E+00	4.15861907E+00	2.65456438E-02	2.33056552E-02
-1.11228810E-01	5.22924384E+00	2.65360503E-02	2.32248132E-02
2.86019363E+00	4.68628630E+00	2.65264892E-02	2.31442483E-02
5.12170601E+00	2.71506256E+00	2.65169604E-02	2.30639588E-02
6.06521254E+00	-1.23357401E-01	2.65074636E-02	2.29839430E-02
5.44608112E+00	-3.04565318E+00	2.64979987E-02	2.29041990E-02
3.44322623E+00	-5.25601970E+00	2.64885653E-02	2.28247251E-02
6.07915136E-01	-6.15752761E+00	2.64791634E-02	2.27455195E-02
-2.28489474E+00	-5.51021491E+00	2.64697927E-02	2.26665804E-02
-4.44376901E+00	-3.49492040E+00	2.64604530E-02	2.25879063E-02
-5.27254640E+00	-6.66258951E-01	2.64511441E-02	2.25094953E-02
-4.53140058E+00	2.19319875E+00	2.64418658E-02	2.24313458E-02
-2.40498250E+00	4.27988124E+00	2.64326179E-02	2.23534561E-02
5.40693144E-01	4.98367826E+00	2.64234003E-02	2.22758245E-02
3.50225818E+00	4.05406095E+00	2.64142127E-02	2.21984493E-02
5.64738097E+00	1.67414878E+00	2.64050549E-02	2.21213290E-02
6.33411083E+00	-1.57754926E+00	2.63959268E-02	2.20444619E-02
5.28446041E+00	-4.86920351E+00	2.63868282E-02	2.19678464E-02
2.66674275E+00	-7.32622718E+00	2.63777588E-02	2.18914809E-02
-9.35856734E-01	-8.25706662E+00	2.63687186E-02	2.18153638E-02
-4.66409444E+00	-7.33647431E+00	2.63597072E-02	2.17394935E-02
-7.59498540E+00	-4.69874051E+00	2.63507246E-02	2.16638685E-02
-8.97463417E+00	-9.15761779E-01	2.63417706E-02	2.15884872E-02
-8.41278778E+00	3.13620723E+00	2.63328449E-02	2.15133481E-02
-5.98936677E+00	6.48904374E+00	2.63239474E-02	2.14384497E-02
-2.24492435E+00	8.32207124E+00	2.63150779E-02	2.13637904E-02
1.94408582E+00	8.16850531E+00	2.63062363E-02	2.12893688E-02
5.57544183E+00	6.03702825E+00	2.62974223E-02	2.12151833E-02
7.76527493E+00	2.41727992E+00	2.62886359E-02	2.11412325E-02
7.96589888E+00	-1.83322319E+00	2.62798768E-02	2.10675150E-02
6.10321127E+00	-5.69374153E+00	2.62711448E-02	2.09940292E-02
2.59919676E+00	-8.22666128E+00	2.62624398E-02	2.09207737E-02
-1.72663297E+00	-8.80511862E+00	2.62537617E-02	2.08477471E-02
-5.85312694E+00	-7.26591776E+00	2.62451102E-02	2.07749480E-02
-8.80292017E+00	-3.95008481E+00	2.62364852E-02	2.07023750E-02
-9.87737581E+00	3.78949157E-01	2.62278866E-02	2.06300266E-02
-8.82364171E+00	4.71943625E+00	2.62193141E-02	2.05579015E-02
-5.89321062E+00	8.07248288E+00	2.62107676E-02	2.04859983E-02
-1.77814009E+00	9.68124780E+00	2.62022470E-02	2.04143156E-02
2.55883247E+00	9.20986039E+00	2.61937521E-02	2.03428522E-02
6.11811089E+00	6.81887097E+00	2.61852827E-02	2.02716065E-02
8.10343719E+00	3.11972131E+00	2.61768387E-02	2.02005774E-02
8.10980053E+00	-9.79455908E-01	2.61684199E-02	2.01297635E-02
6.21376040E+00	-4.49783699E+00	2.61600263E-02	2.00591634E-02
2.94531161E+00	-6.62007829E+00	2.61516575E-02	1.99887758E-02
-8.50225329E-01	-6.89015155E+00	2.61433135E-02	1.99185996E-02
-4.22482692E+00	-5.31393485E+00	2.61349941E-02	1.98486333E-02
-6.36150363E+00	-2.34672728E+00	2.61266992E-02	1.97788758E-02
-6.77122283E+00	1.22941269E+00	2.61184287E-02	1.97093256E-02
-5.40496767E+00	4.50640194E+00	2.61101823E-02	1.96399817E-02
-2.65457978E+00	6.67790617E+00	2.61019599E-02	1.95708427E-02
7.55958935E-01	7.23709088E+00	2.60937615E-02	1.95019074E-02
3.95986813E+00	6.09554586E+00	2.60855867E-02	1.94331746E-02
6.16884050E+00	3.59492722E+00	2.60774356E-02	1.93646430E-02
6.87018449E+00	4.10108613E-01	2.60693080E-02	1.92963115E-02
5.95054205E+00	-2.63010011E+00	2.60612037E-02	1.92281789E-02
3.71596236E+00	-4.75815427E+00	2.60531226E-02	1.91602439E-02
8.04618256E-01	-5.46382292E+00	2.60450645E-02	1.90925053E-02
-1.98432787E+00	-4.62141097E+00	2.60370293E-02	1.90249621E-02
-3.90112617E+00	-2.51638944E+00	2.60290169E-02	1.89576130E-02
-4.44087224E+00	2.34499503E-01	2.60210272E-02	1.88904569E-02
-3.47388232E+00	2.84839967E+00	2.60130599E-02	1.88234926E-02
-1.27777155E+00	4.58381441E+00	2.60051150E-02	1.87567190E-02
1.53675223E+00	4.93675147E+00	2.59971924E-02	1.86901350E-02
4.18712338E+00	3.77486785E+00	2.59892919E-02	1.86237394E-02
5.92559641E+00	1.37482742E+00	2.59814134E-02	1.85575311E-02
6.23803091E+00	-1.64714570E+00	2.59735567E-02	1.84915091E-02
4.98327259E+00	-4.49414847E+00	2.59657217E-02	1.84256721E-02
2.43659371E+00	-6.39648756E+00	2.59579083E-02	1.83600192E-02
-7.74973844E-01	-6.81528593E+00	2.59501164E-02	1.82945492E-02
-3.82995344E+00	-5.58916447E+00	2.59423459E-02	1.82292611E-02
-5.92303609E+00	-2.98542277E+00	2.59345966E-02	1.81641537E-02
-6.47556462E+00	3.58848233E-01	2.59268683E-02	1.80992262E-02
-5.29184457E+00	3.59234813E+00	2.59191611E-02	1.80344773E-02
-2.62033851E+00	5.86363827E+00	2.59114746E-02	1.79699060E-02
8.97568444E-01	6.54008136E+00	2.59038090E-02	1.79055113E-02
4.38025480E+00	5.37601087E+00	2.58961639E-02	1.78412923E-02
6.92316538E+00	2.58651252E+00	2.58885393E-02	1.77772477E-02
7.82700873E+00	-1.19362468E+00	2.58809351E-02	1.77133767E-02
6.77955361E+00	-5.05761484E+00	2.58733511E-02	1.76496783E-02
3.94450736E+00	-8.04593969E+00	2.58657873E-02	1.75861513E-02
-6.64600782E-02	-9.38360695E+00	2.58582435E-02	1.75227949E-02
-4.33362987E+00	-8.67654919E+00	2.58507196E-02	1.74596080E-02
-7.84819388E+00	-6.01765616E+00	2.58432155E-02	1.73965897E-02
-9.75726540E+00	-1.97473111E+00	2.58357311E-02	1.73337390E-02
-9.57480519E+00	2.53840455E+00	2.58282662E-02	1.72710549E-02
-7.30604626E+00	6.47750005E+00	2.58208208E-02	1.72085365E-02
-3.45379109E+00	8.91826276E+00	2.58133947E-02	1.71461827E-02
1.09624216E+00	9.28056523E+00	2.58059879E-02	1.70839928E-02
5.28411737E+00	7.47140884E+00	2.57986002E-02	1.70219656E-02
8.12822007E+00	3.91113157E+00	2.57912315E-02	1.69601004E-02
8.96038239E+00	-5.64230196E-01	2.57838816E-02	1.68983961E-02
7.58631906E+00	-4.90120874E+00	2.57765506E-02	1.68368518E-02
4.33219689E+00	-8.07987968E+00	2.57692383E-02	1.67754667E-02
-3.40580612E-02	-9.35664618E+00	2.57619446E-02	1.67142398E-02
-4.48748766E+00	-8.43991890E+00	2.57546693E-02	1.66531702E-02
-7.99173584E+00	-5.55625269E+00	2.57474124E-02	1.65922571E-02
-9.74568869E+00	-1.39139807E+00	2.57401738E-02	1.65314994E-02
-9.37122001E+00	3.07861075E+00	2.57329533E-02	1.64708964E-02
-6.99689140E+00	6.82437345E+00	2.57257509E-02	1.64104472E-02
-3.21826726E+00	9.00971269E+00	2.57185665E-02	1.63501509E-02
1.05405605E+00	9.18770897E+00	2.57113999E-02	1.62900066E-02
4.82011181E+00	7.39895459E+00	2.57042511E-02	1.62300135E-02
7.23358174E+00	4.14938740E+00	2.56971199E-02	1.61701707E-02
7.80221404E+00	2.75057260E-01	2.56900063E-02	1.61104773E-02
6.49698497E+00	-3.27093102E+00	2.56829101E-02	1.60509326E-02
3.74465184E+00	-5.65521223E+00	2.56758314E-02	1.59915357E-02
3.07735527E-01	-6.36545723E+00	2.56687698E-02	1.59322857E-02
-2.91596633E+00	-5.32666368E+00	2.56617255E-02	1.58731818E-02
-5.12253367E+00	-2.90497695E+00	2.56546982E-02	1.58142233E-02
-5.80149795E+00	1.99712503E-01	2.56476879E-02	1.57554092E-02
-4.85591434E+00	3.14306873E+00	2.56406945E-02	1.56967389E-02
-2.61388673E+00	5.15782704E+00	2.56337178E-02	1.56382114E-02
2.69463960E-01	5.75032125E+00	2.56267579E-02	1.55798260E-02
2.99257808E+00	4.82193254E+00	2.56198145E-02	1.55215818E-02
4.82270429E+00	2.68522035E+00	2.56128877E-02	1.54634782E-02
5.28950285E+00	-2.80693035E-02	2.56059773E-02	1.54055143E-02
4.30677893E+00	-2.54195922E+00	2.55990832E-02	1.53476893E-02
2.19110057E+00	-4.14767582E+00	2.55922054E-02	1.52900025E-02
-4.26988957E-01	-4.39583940E+00	2.55853436E-02	1.52324530E-02
-2.77547186E+00	-3.21887148E+00	2.55784980E-02	1.51750402E-02
-4.15156770E+00	-9.51334836E-01	2.55716683E-02	1.51177632E-02
-4.11512770E+00	1.75746500E+00	2.55648545E-02	1.50606214E-02
-2.61352790E+00	4.11616332E+00	2.55580565E-02	1.50036139E-02
-4.49713050E-03	5.40446013E+00	2.55512742E-02	1.49467401E-02
3.03029285E+00	5.17096137E+00	2.55445075E-02	1.48899991E-02
5.65964547E+00	3.36349243E+00	2.55377563E-02	1.48333903E-02
7.12092008E+00	3.56643508E-01	2.55310206E-02	1.47769129E-02
6.92556479E+00	-3.13245791E+00	2.55243003E-02	1.47205662E-02
4.99839071E+00	-6.22035980E+00	2.55175952E-02	1.46643494E-02
1.71319542E+00	-8.08170113E+00	2.55109053E-02	1.46082619E-02
-2.18659008E+00	-8.16501765E+00	2.55042305E-02	1.45523030E-02
-5.76431747E+00	-6.34446300E+00	2.54975708E-02	1.44964719E-02
-8.12068724E+00	-2.96744343E+00	2.54909260E-02	1.44407679E-02
-8.62116667E+00	1.21604468E+00	2.54842960E-02	1.43851904E-02
-7.06290975E+00	5.22692609E+00	2.54776808E-02	1.43297385E-02
-3.73822488E+00	8.09188730E+00	2.54710804E-02	1.42744118E-02
6.23044233E-01	9.08212721E+00	2.54644945E-02	1.42192094E-02
5.01990316E+00	7.89692295E+00	2.54579232E-02	1.41641307E-02
8.41591256E+00	4.74596070E+00	2.54513664E-02	1.41091750E-02
9.98726296E+00	3.08959239E-01	2.54448239E-02	1.40543416E-02
9.32276614E+00	-4.41884906E+00	2.54382958E-02	1.39996299E-02
6.52672458E+00	-8.35876201E+00	2.54317818E-02	1.39450393E-02
2.19916417E+00	-1.06024400E+01	2.54252821E-02	1.38905689E-02
-2.70225940E+00	-1.06263345E+01	2.54187963E-02	1.38362182E-02
-7.08560581E+00	-8.41505793E+00	2.54123246E-02	1.37819866E-02
-9.97954483E+00	-4.46419282E+00	2.54058668E-02	1.37278734E-02
-1.07586488E+01	3.37687721E-01	2.53994229E-02	1.36738779E-02
-9.28541914E+00	4.91883580E+00	2.53929927E-02	1.36199995E-02
-5.93588119E+00	8.27509358E+00	2.53865762E-02	1.35662376E-02
-1.50396237E+00	9.70134545E+00	2.53801733E-02	1.35125915E-02
2.99087410E+00	8.94875765E+00	2.53737840E-02	1.34590606E-02
6.54530956E+00	6.27153691E+00	2.53674081E-02	1.34056443E-02
8.40460346E+00	2.35412562E+00	2.53610457E-02	1.33523419E-02
8.23048673E+00	-1.86126901E+00	2.53546965E-02	1.32991529E-02
6.16587511E+00	-5.40325548E+00	2.53483607E-02	1.32460766E-02
2.78351778E+00	-7.49976187E+00	2.53420380E-02	1.31931125E-02
-1.06591180E+00	-7.75158212E+00	2.53357284E-02	1.31402598E-02
-4.46675556E+00	-6.21075616E+00	2.53294319E-02	1.30875181E-02
-6.65898344E+00	-3.34775965E+00	2.53231483E-02	1.30348866E-02
-7.21268098E+00	8.09605560E-02	2.53168776E-02	1.29823649E-02
-6.11540094E+00	3.22949196E+00	2.53106198E-02	1.29299523E-02
-3.75394833E+00	5.37266809E+00	2.53043747E-02	1.28776483E-02
-7.98746458E-01	6.07772858E+00	2.52981424E-02	1.28254522E-02
1.97717011E+00	5.29624740E+00	2.52919226E-02	1.27733634E-02
3.89715583E+00	3.35619154E+00	2.52857154E-02	1.27213815E-02
4.54743469E+00	8.59519826E-01	2.52795207E-02	1.26695057E-02
3.87014021E+00	-1.48569581E+00	2.52733385E-02	1.26177356E-02
2.16164109E+00	-3.05391245E+00	2.52671685E-02	1.25660706E-02
-2.05581421E-02	-3.46270889E+00	2.52610109E-02	1.25145101E-02
-2.01585614E+00	-2.66485541E+00	2.52548655E-02	1.24630536E-02
-3.24104907E+00	-9.49826423E-01	2.52487323E-02	1.24117004E-02
-3.34591515E+00	1.14358243E+00	2.52426111E-02	1.23604501E-02
-2.30381560E+00	2.97901357E+00	2.52365020E-02	1.23093021E-02
-4.14664065E-01	3.99793795E+00	2.52304049E-02	1.22582558E-02
1.77939713E+00	3.87237169E+00	2.52243196E-02	1.22073107E-02
3.64265163E+00	2.59500357E+00	2.52182462E-02	1.21564662E-02
4.61933598E+00	4.83397146E-01	2.52121846E-02	1.21057218E-02
4.38635927E+00	-1.90262789E+00	2.52061346E-02	1.20550771E-02
2.94509565E+00	-3.90879906E+00	2.52000963E-02	1.20045313E-02
6.27973503E-01	-4.96087154E+00	2.51940697E-02	1.19540841E-02
-1.98238175E+00	-4.72033891E+00	2.51880545E-02	1.19037349E-02
-4.20111090E+00	-3.18064962E+00	2.51820508E-02	1.18534831E-02
-5.41846759E+00	-6.78355462E-01	2.51760585E-02	1.18033282E-02
-5.26105587E+00	2.18467217E+00	2.51700775E-02	1.17532698E-02
-3.69527581E+00	4.68906972E+00	2.51641078E-02	1.17033073E-02
-1.04572136E+00	6.17893542E+00	2.51581494E-02	1.16534402E-02
2.07732100E+00	6.23025295E+00	2.51522021E-02	1.16036680E-02
4.92413510E+00	4.76390079E+00	2.51462658E-02	1.15539901E-02
6.78967707E+00	2.07397229E+00	2.51403407E-02	1.15044061E-02
7.18974779E+00	-1.23681637E+00	2.51344265E-02	1.14549155E-02
5.98505419E+00	-4.39962035E+00	2.51285232E-02	1.14055178E-02
3.42163364E+00	-6.66524881E+00	2.51226309E-02	1.13562124E-02
7.67131713E-02	-7.48755664E+00	2.51167493E-02	1.13069989E-02
-3.27750006E+00	-6.65902315E+00	2.51108784E-02	1.12578768E-02
-5.85916767E+00	-4.36464517E+00	2.51050183E-02	1.12088457E-02
-7.06602489E+00	-1.14027561E+00	2.50991688E-02	1.11599049E-02
-6.62196674E+00	2.25494207E+00	2.50933299E-02	1.11110541E-02
-4.64483498E+00	5.02117512E+00	2.50875015E-02	1.10622928E-02
-1.61848445E+00	6.51100590E+00	2.50816835E-02	1.10136204E-02
1.72430907E+00	6.38578637E+00	2.50758760E-02	1.09650366E-02
4.57961639E+00	4.69690351E+00	2.50700788E-02	1.09165408E-02
6.26736345E+00	1.87198437E+00	2.50642920E-02	1.08681326E-02
6.39585662E+00	-1.39062139E+00	2.50585153E-02	1.08198115E-02
4.95554128E+00	-4.29322541E+00	2.50527489E-02	1.07715770E-02
2.31906138E+00	-6.13401024E+00	2.50469926E-02	1.07234287E-02
-8.52307455E-01	-6.47815924E+00	2.50412464E-02	1.06753661E-02
-3.77277393E+00	-5.26290936E+00	2.50355102E-02	1.06273888E-02
-5.72626957E+00	-2.81076834E+00	2.50297840E-02	1.05794963E-02
-6.24296171E+00	2.52273605E-01	2.50240677E-02	1.05316881E-02
-5.21453630E+00	3.15331618E+00	2.50183613E-02	1.04839639E-02
-2.91980190E+00	5.16524089E+00	2.50126647E-02	1.04363231E-02
4.57494739E-02	5.78790658E+00	2.50069778E-02	1.03887654E-02
2.91909638E+00	4.87299424E+00	2.50013007E-02	1.03412902E-02
4.96075160E+00	2.66146673E+00	2.49956332E-02	1.02938971E-02
5.64047282E+00	-2.75882755E-01	2.49899754E-02	1.02465858E-02
4.77151993E+00	-3.18039405E+00	2.49843271E-02	1.01993557E-02
2.55989416E+00	-5.29515132E+00	2.49786883E-02	1.01522065E-02
-4.44138035E-01	-6.05542577E+00	2.49730590E-02	1.01051376E-02
-3.48083342E+00	-5.23266977E+00	2.49674390E-02	1.00581487E-02
-5.76925272E+00	-2.99597776E+00	2.49618285E-02	1.00112394E-02
-6.70276362E+00	1.24911808E-01	2.49562272E-02	9.96440914E-03
-6.00336730E+00	3.36678475E+00	2.49506352E-02	9.91765761E-03
-3.79623426E+00	5.91966385E+00	2.49450524E-02	9.87098436E-03
-5.85203747E-01	7.12748605E+00	2.49394787E-02	9.82438898E-03
2.86574517E+00	6.65331989E+00	2.49339142E-02	9.77787103E-03
5.71682983E+00	4.56798802E+00	2.49283587E-02	9.73143012E-03
7.25792860E+00	1.33943327E+00	2.49228122E-02	9.68506583E-03
7.08488395E+00	-2.27563760E+00	2.49172747E-02	9.63877775E-03
5.20305200E+00	-5.41227957E+00	2.49117461E-02	9.59256547E-03
2.03196180E+00	-7.30650915E+00	2.49062264E-02	9.54642859E-03
-1.69104110E+00	-7.48226709E+00	2.49007155E-02	9.50036671E-03
-5.08556822E+00	-5.87024457E+00	2.48952133E-02	9.45437942E-03
-7.33940520E+00	-2.82897609E+00	2.48897199E-02	9.40846633E-03
-7.90496531E+00	9.37719841E-01	2.48842352E-02	9.36262704E-03
-6.63302064E+00	4.54757506E+00	2.48787591E-02	9.31686115E-03
-3.81077209E+00	7.15088585E+00	2.48732916E-02	9.27116827E-03
-9.45035062E-02	8.13458757E+00	2.48678326E-02	9.22554801E-03
3.64722583E+00	7.26971123E+00	2.48623822E-02	9.17999998E-03
6.54196366E+00	4.76617092E+00	2.48569401E-02	9.13452379E-03
7.92269276E+00	1.22136662E+00	2.48515065E-02	9.08911907E-03
7.48710808E+00	-2.52496536E+00	2.48460812E-02	9.04378541E-03
5.36800821E+00	-5.59423370E+00	2.48406643E-02	8.99852245E-03
2.09771902E+00	-7.28103762E+00	2.48352556E-02	8.95332981E-03
-1.52451571E+00	-7.22188091E+00	2.48298551E-02	8.90820710E-03
-4.62937150E+00	-5.47932651E+00	2.48244628E-02	8.86315395E-03
-6.48989517E+00	-2.52123533E+00	2.48190787E-02	8.81816998E-03
-6.69715900E+00	8.99327141E-01	2.48137026E-02	8.77325483E-03
-5.25589724E+00	3.93334823E+00	2.48083346E-02	8.72840811E-03
-2.57684582E+00	5.84700939E+00	2.48029746E-02	8.68362948E-03
6.31739887E-01	6.20207860E+00	2.47976226E-02	8.63891854E-03
3.54575731E+00	4.96070103E+00	2.47922784E-02	8.59427495E-03
5.43422110E+00	2.48874199E+00	2.47869422E-02	8.54969834E-03
5.84284660E+00	-5.42656019E-01	2.47816137E-02	8.50518834E-03
4.70603527E+00	-3.33201521E+00	2.47762931E-02	8.46074460E-03
2.35915533E+00	-5.15438052E+00	2.47709802E-02	8.41636676E-03
-5.51743430E-01	-5.54743339E+00	2.47656750E-02	8.37205446E-03
-3.23960694E+00	-4.42942897E+00	2.47603775E-02	8.32780734E-03
-4.98203098E+00	-2.11879728E+00	2.47550876E-02	8.28362505E-03
-5.31018652E+00	7.49748942E-01	2.47498053E-02	8.23950725E-03
-4.13239090E+00	3.39132715E+00	2.47445305E-02	8.19545358E-03
-1.76019343E+00	5.07679543E+00	2.47392632E-02	8.15146368E-03
1.17036037E+00	5.32557988E+00	2.47340034E-02	8.10753723E-03
3.86277919E+00	4.03551434E+00	2.47287510E-02	8.06367386E-03
5.56791645E+00	1.51554096E+00	2.47235060E-02	8.01987324E-03
5.78229922E+00	-1.58825868E+00	2.47182683E-02	7.97613503E-03
4.38566124E+00	-4.45554452E+00	2.47130379E-02	7.93245888E-03
1.68135640E+00	-6.30273225E+00	2.47078147E-02	7.88884445E-03
-1.67221938E+00	-6.58851729E+00	2.47025988E-02	7.84529141E-03
-4.82331508E+00	-5.16099062E+00	2.46973900E-02	7.80179942E-03
-6.94171620E+00	-2.30764092E+00	2.46921884E-02	7.75836815E-03
-7.43280004E+00	1.30622074E+00	2.46869939E-02	7.71499727E-03
-6.09615742E+00	4.79686866E+00	2.46818064E-02	7.67168644E-03
-3.18748857E+00	7.28060412E+00	2.46766260E-02	7.62843533E-03
6.33588176E-01	8.09692031E+00	2.46714525E-02	7.58524362E-03
4.45857615E+00	6.98013373E+00	2.46662859E-02	7.54211098E-03
7.35066898E+00	4.13546367E+00	2.46611263E-02	7.49903708E-03
8.57657600E+00	1.99004446E-01	2.46559736E-02	7.45602160E-03
7.79185837E+00	-3.91009885E+00	2.46508276E-02	7.41306421E-03
5.13301526E+00	-7.20991124E+00	2.46456885E-02	7.37016460E-03
1.19234689E+00	-8.89462535E+00	2.46405561E-02	7.32732245E-03
-3.11943054E+00	-8.53323664E+00	2.46354304E-02	7.28453744E-03
-6.78995070E+00	-6.17861612E+00	2.46303114E-02	7.24180924E-03
-8.94861855E+00	-2.35949574E+00	2.46251990E-02	7.19913755E-03
-9.07712413E+00	2.04332570E+00	2.46200932E-02	7.15652205E-03
-7.13540293E+00	6.00669895E+00	2.46149940E-02	7.11396244E-03
-3.57211582E+00	8.60971013E+00	2.46099013E-02	7.07145838E-03
7.82909747E-01	9.25350921E+00	2.46048151E-02	7.02900959E-03
4.91787164E+00	7.80291869E+00	2.45997354E-02	6.98661574E-03
7.88104112E+00	4.61569595E+00	2.45946621E-02	6.94427653E-03
9.00663299E+00	4.52990254E-01	2.45895951E-02	6.90199166E-03
8.06980115E+00	-3.70636066E+00	2.45845346E-02	6.85976082E-03
5.33383258E+00	-6.90172007E+00	2.45794803E-02	6.81758370E-03
1.47931915E+00	-8.41892987E+00	2.45744323E-02	6.77546001E-03
-2.56595111E+00	-7.95568507E+00	2.45693905E-02	6.73338944E-03
-5.85360739E+00	-5.68479285E+00	2.45643549E-02	6.69137170E-03
-7.64182080E+00	-2.20163257E+00	2.45593255E-02	6.64940647E-03
-7.56768633E+00	1.62931392E+00	2.45543023E-02	6.60749348E-03
-5.72394118E+00	4.88951605E+00	2.45492851E-02	6.56563242E-03
-2.62329015E+00	6.82928651E+00	2.45442740E-02	6.52382300E-03
9.38475347E-01	7.04385821E+00	2.45392689E-02	6.48206492E-03
4.08471084E+00	5.56059107E+00	2.45342698E-02	6.44035789E-03
6.07429292E+00	2.81801562E+00	2.45292767E-02	6.39870162E-03
6.47852589E+00	-4.55474709E-01	2.45242895E-02	6.35709582E-03
5.27590465E+00	-3.43082682E+00	2.45193082E-02	6.31554021E-03
2.84336165E+00	-5.38687029E+00	2.45143327E-02	6.27403449E-03
-1.51188790E-01	-5.88593133E+00	2.45093631E-02	6.23257837E-03
-2.92573988E+00	-4.87362402E+00	2.45043992E-02	6.19117158E-03
-4.78458471E+00	-2.67979943E+00	2.44994412E-02	6.14981383E-03
-5.29142415E+00	7.71477460E-02	2.44944888E-02	6.10850483E-03
-4.37234322E+00	2.65625126E+00	2.44895421E-02	6.06724431E-03
-2.32432299E+00	4.38677502E+00	2.44846011E-02	6.02603198E-03
2.70784442E-01	4.83853463E+00	2.44796657E-02	5.98486756E-03
2.70306459E+00	3.92706026E+00	2.44747359E-02	5.94375078E-03
4.32095394E+00	1.92816366E+00	2.44698116E-02	5.90268136E-03
4.69931652E+00	-6.00181809E-01	2.44648929E-02	5.86165901E-03
3.74666488E+00	-2.96724902E+00	2.44599796E-02	5.82068348E-03
1.72506129E+00	-4.53111905E+00	2.44550719E-02	5.77975448E-03
-8.21271458E-01	-4.86565260E+00	2.44501695E-02	5.73887173E-03
-3.20940817E+00	-3.87040481E+00	2.44452725E-02	5.69803497E-03
-4.79597092E+00	-1.79595000E+00	2.44403809E-02	5.65724393E-03
-5.14443894E+00	8.21214361E-01	2.44354947E-02	5.61649834E-03
-4.13894321E+00	3.29707005E+00	2.44306137E-02	5.57579792E-03
-2.01581326E+00	4.97625088E+00	2.44257380E-02	5.53514241E-03
6.94903793E-01	5.40112121E+00	2.44208675E-02	5.49453155E-03
3.30298376E+00	4.43090659E+00	2.44160022E-02	5.45396506E-03
5.13281664E+00	2.28076932E+00	2.44111421E-02	5.41344268E-03
5.69537803E+00	-5.29066861E-01	2.44062872E-02	5.37296416E-03
4.81412157E+00	-3.30146082E+00	2.44014373E-02	5.33252921E-03
2.67313593E+00	-5.33577664E+00	2.43965925E-02	5.29213760E-03
-2.24650715E-01	-6.10333610E+00	2.43917528E-02	5.25178904E-03
-3.17903382E+00	-5.38118668E+00	2.43869181E-02	5.21148329E-03
-5.46388075E+00	-3.31085074E+00	2.43820884E-02	5.17122008E-03
-6.50597120E+00	-3.67318924E-01	2.43772636E-02	5.13099916E-03
-6.02721321E+00	2.75427028E+00	2.43724438E-02	5.09082026E-03
-4.11517568E+00	5.30654840E+00	2.43676288E-02	5.05068314E-03
-1.20453285E+00	6.67132607E+00	2.43628187E-02	5.01058754E-03
2.02611562E+00	6.51013631E+00	2.43580135E-02	4.97053320E-03
4.81688908E+00	4.84718887E+00	2.43532131E-02	4.93051987E-03
6.50911740E+00	2.06460241E+00	2.43484174E-02	4.89054730E-03
6.70334485E+00	-1.18878023E+00	2.43436265E-02	4.85061524E-03
5.35463433E+00	-4.15267017E+00	2.43388402E-02	4.81072343E-03
2.78236210E+00	-6.13691085E+00	2.43340587E-02	4.77087162E-03
-4.07440612E-01	-6.68538337E+00	2.43292818E-02	4.73105957E-03
-3.46793516E+00	-5.68281988E+00	2.43245096E-02	4.69128704E-03
-5.68987119E+00	-3.37921028E+00	2.43197419E-02	4.65155376E-03
-6.56929569E+00	-3.26636624E-01	2.43149789E-02	4.61185950E-03
-5.92431303E+00	2.75539304E+00	2.43102203E-02	4.57220401E-03
-3.93336103E+00	5.15289520E+00	2.43054663E-02	4.53258704E-03
-1.08676597E+00	6.32652117E+00	2.43007167E-02	4.49300836E-03
1.93555676E+00	6.03612836E+00	2.42959716E-02	4.45346771E-03
4.42964532E+00	4.39142838E+00	2.42912309E-02	4.41396486E-03
5.83558244E+00	1.81767183E+00	2.42864947E-02	4.37449957E-03
5.86740399E+00	-1.05385235E+00	2.42817627E-02	4.33507160E-03
4.57401137E+00	-3.54255690E+00	2.42770352E-02	4.29568069E-03
2.31760519E+00	-5.08349615E+00	2.42723119E-02	4.25632663E-03
-3.23433440E-01	-5.36009757E+00	2.42675929E-02	4.21700916E-03
-2.70185950E+00	-4.37286149E+00	2.42628782E-02	4.17772806E-03
-4.26179846E+00	-2.42851660E+00	2.42581676E-02	4.13848308E-03
-4.67207290E+00	-5.40392016E-02	2.42534613E-02	4.09927399E-03
-3.90015779E+00	2.14150258E+00	2.42487592E-02	4.06010056E-03
-2.20963591E+00	3.62172632E+00	2.42440612E-02	4.02096254E-03
-8.34302746E-02	4.05522532E+00	2.42393673E-02	3.98185972E-03
1.90632112E+00	3.39254000E+00	2.42346774E-02	3.94279184E-03
3.24775866E+00	1.86942726E+00	2.42299917E-02	3.90375869E-03
3.61976153E+00	-6.30377315E-02	2.42253100E-02	3.86476004E-03
2.97031662E+00	-1.86240383E+00	2.42206322E-02	3.82579564E-03
1.52341773E+00	-3.04013792E+00	2.42159585E-02	3.78686527E-03
-2.86379333E-01	-3.29043268E+00	2.42112887E-02	3.74796871E-03
-1.93400868E+00	-2.56923433E+00	2.42066228E-02	3.70910572E-03
-2.94683206E+00	-1.10323720E+00	2.42019608E-02	3.67027608E-03
-3.03293444E+00	6.73210474E-01	2.41973027E-02	3.63147956E-03
-2.16109521E+00	2.23664245E+00	2.41926484E-02	3.59271594E-03
-5.71271223E-01	3.11737480E+00	2.41879980E-02	3.55398498E-03
1.28756674E+00	3.02923636E+00	2.41833513E-02	3.51528647E-03
2.87650305E+00	1.95179027E+00	2.41787084E-02	3.47662017E-03
3.71195292E+00	1.42782215E-01	2.41740692E-02	3.43798588E-03
3.49928513E+00	-1.92353409E+00	2.41694337E-02	3.39938335E-03
2.21945947E+00	-3.67733122E+00	2.41648020E-02	3.36081238E-03
1.44999563E-01	-4.60293484E+00	2.41601738E-02	3.32227274E-03
-2.22049003E+00	-4.37890160E+00	2.41555493E-02	3.28376422E-03
-4.26542627E+00	-2.97178141E+00	2.41509284E-02	3.24528658E-03
-5.42574985E+00	-6.58081792E-01	2.41463111E-02	3.20683961E-03
-5.33367112E+00	2.03318092E+00	2.41416973E-02	3.16842309E-03
-3.92138105E+00	4.44485461E+00	2.41370870E-02	3.13003681E-03
-1.45204688E+00	5.95317674E+00	2.41324803E-02	3.09168054E-03
1.53180865E+00	6.12661875E+00	2.41278770E-02	3.05335408E-03
4.33186249E+00	4.84200796E+00	2.41232772E-02	3.01505720E-03
6.26053799E+00	2.32771839E+00	2.41186808E-02	2.97678968E-03
6.81026117E+00	-8.78729099E-01	2.41140877E-02	2.93855132E-03
5.78364750E+00	-4.05032629E+00	2.41094981E-02	2.90034190E-03
3.35168063E+00	-6.43990956E+00	2.41049118E-02	2.86216120E-03
2.40575764E-02	-7.45884966E+00	2.41003288E-02	2.82400901E-03
-3.46287652E+00	-6.82180446E+00	2.40957491E-02	2.78588512E-03
-6.31498768E+00	-4.62184524E+00	2.40911727E-02	2.74778932E-03
-7.86622506E+00	-1.31668877E+00	2.40865995E-02	2.70972140E-03
-7.73710973E+00	2.37194044E+00	2.40820295E-02	2.67168114E-03
