jMRUI Data Textfile

Filename: /Users/kayigwe/Desktop/TE26_BASISSET/converter/sample_basis_sets/JMRUI/PCr393.txt

PointsInDataset: 2048
DatasetsInFile: 1
SamplingInterval: 2.500000E-01
ZeroOrderPhase: 0.000000E+00
BeginTime: 0.000000E+00
TransmitterFrequency: 1.232618E+08
MagneticField: 2.895033E+00
TypeOfNucleus: 0.000000E+00
NameOfPatient: PCr393
DateOfExperiment: 20260523
Spectrometer: Unknown
AdditionalInfo: Converted by basis_set_converter


Signal and FFT
sig(real)	sig(imag)	fft(real)	fft(imag)
Signal 1 out of 1 in file
1.83237901E+01	-2.02159276E+00	5.36113371E-03	1.21278715E-04
1.78510906E+01	-4.54458711E+00	5.36074556E-03	1.13045971E-04
1.70330377E+01	-6.97551141E+00	5.36035750E-03	1.04814951E-04
1.58860337E+01	-9.26737961E+00	5.35996954E-03	9.65856146E-05
1.44328330E+01	-1.13759755E+01	5.35958166E-03	8.83579239E-05
1.27020907E+01	-1.32607053E+01	5.35919387E-03	8.01318393E-05
1.07277980E+01	-1.48853796E+01	5.35880616E-03	7.19073217E-05
8.54861434E+00	-1.62189074E+01	5.35841853E-03	6.36843319E-05
6.20711132E+00	-1.72358914E+01	5.35803099E-03	5.54628307E-05
3.74894052E+00	-1.79171113E+01	5.35764352E-03	4.72427792E-05
1.22194384E+00	-1.82498866E+01	5.35725613E-03	3.90241381E-05
-1.32477750E+00	-1.82283124E+01	5.35686881E-03	3.08068686E-05
-3.84181693E+00	-1.78533631E+01	5.35648157E-03	2.25909316E-05
-6.28042090E+00	-1.71328630E+01	5.35609439E-03	1.43762882E-05
-8.59343308E+00	-1.60813232E+01	5.35570729E-03	6.16289923E-06
-1.07362061E+01	-1.47196507E+01	5.35532025E-03	-2.04927406E-06
-1.26674633E+01	-1.30747321E+01	5.35493328E-03	-1.02602706E-05
-1.43500937E+01	-1.11789035E+01	5.35454637E-03	-1.84701293E-05
-1.57518646E+01	-9.06931501E+00	5.35415953E-03	-2.66788891E-05
-1.68460397E+01	-6.78720255E+00	5.35377274E-03	-3.48865887E-05
-1.76118878E+01	-4.37708233E+00	5.35338601E-03	-4.30932671E-05
-1.80350762E+01	-1.88588246E+00	5.35299934E-03	-5.12989629E-05
-1.81079379E+01	6.37970631E-01	5.35261272E-03	-5.95037150E-05
-1.78296102E+01	3.14549346E+00	5.35222616E-03	-6.77075623E-05
-1.72060404E+01	5.58809603E+00	5.35183964E-03	-7.59105433E-05
-1.62498601E+01	7.91852326E+00	5.35145318E-03	-8.41126968E-05
-1.49801298E+01	1.00917691E+01	5.35106676E-03	-9.23140617E-05
-1.34219589E+01	1.20659456E+01	5.35068039E-03	-1.00514676E-04
-1.16060100E+01	1.38030900E+01	5.35029406E-03	-1.08714580E-04
-9.56789502E+00	1.52698948E+01	5.34990777E-03	-1.16913811E-04
-7.34747748E+00	1.64383459E+01	5.34952152E-03	-1.25112408E-04
-4.98809279E+00	1.72862579E+01	5.34913531E-03	-1.33310409E-04
-2.53570259E+00	1.77976946E+01	5.34874914E-03	-1.41507854E-04
-3.79996045E-02	1.79632684E+01	5.34836300E-03	-1.49704781E-04
2.45651981E+00	1.77803121E+01	5.34797689E-03	-1.57901228E-04
4.89949714E+00	1.72529199E+01	5.34759081E-03	-1.66097234E-04
7.24364904E+00	1.63918573E+01	5.34720476E-03	-1.74292839E-04
9.44368242E+00	1.52143424E+01	5.34681874E-03	-1.82488079E-04
1.14571694E+01	1.37437013E+01	5.34643275E-03	-1.90682995E-04
1.32453656E+01	1.20089068E+01	5.34604677E-03	-1.98877624E-04
1.47739550E+01	1.00440076E+01	5.34566082E-03	-2.07072005E-04
1.60137091E+01	7.88746005E+00	5.34527489E-03	-2.15266177E-04
1.69410450E+01	5.58137598E+00	5.34488898E-03	-2.23460179E-04
1.75384739E+01	3.17070023E+00	5.34450308E-03	-2.31654048E-04
1.77949307E+01	7.02334931E-01	5.34411720E-03	-2.39847823E-04
1.77059784E+01	-1.77577292E+00	5.34373133E-03	-2.48041544E-04
1.72738838E+01	-4.21556269E+00	5.34334547E-03	-2.56235248E-04
1.65075629E+01	-6.56979211E+00	5.34295962E-03	-2.64428974E-04
1.54223976E+01	-8.79295186E+00	5.34257378E-03	-2.72622761E-04
1.40399274E+01	-1.08421453E+01	5.34218794E-03	-2.80816647E-04
1.23874223E+01	-1.26779158E+01	5.34180210E-03	-2.89010670E-04
1.04973446E+01	-1.42650066E+01	5.34141627E-03	-2.97204870E-04
8.40671192E+00	-1.55730377E+01	5.34103044E-03	-3.05399285E-04
6.15637204E+00	-1.65770871E+01	5.34064460E-03	-3.13593954E-04
3.79020502E+00	-1.72581655E+01	5.34025876E-03	-3.21788914E-04
1.35426768E+00	-1.76035751E+01	5.33987291E-03	-3.29984206E-04
-1.10410271E+00	-1.76071460E+01	5.33948706E-03	-3.38179866E-04
-3.53720830E+00	-1.72693455E+01	5.33910120E-03	-3.46375934E-04
-5.89791589E+00	-1.65972587E+01	5.33871533E-03	-3.54572449E-04
-8.14056992E+00	-1.56044405E+01	5.33832944E-03	-3.62769449E-04
-1.02218753E+01	-1.43106432E+01	5.33794354E-03	-3.70966972E-04
-1.21017332E+01	-1.27414230E+01	5.33755762E-03	-3.79165058E-04
-1.37440131E+01	-1.09276363E+01	5.33717169E-03	-3.87363745E-04
-1.51172477E+01	-8.90483239E+00	5.33678573E-03	-3.95563071E-04
-1.61952351E+01	-6.71255728E+00	5.33639975E-03	-4.03763076E-04
-1.69575387E+01	-4.39358062E+00	5.33601375E-03	-4.11963798E-04
-1.73898745E+01	-1.99306140E+00	5.33562772E-03	-4.20165275E-04
-1.74843784E+01	4.42331365E-01	5.33524167E-03	-4.28367547E-04
-1.72397485E+01	2.86532574E+00	5.33485558E-03	-4.36570651E-04
-1.66612597E+01	5.22896439E+00	5.33446947E-03	-4.44774628E-04
-1.57606519E+01	7.48751446E+00	5.33408332E-03	-4.52979515E-04
-1.45558916E+01	9.59735233E+00	5.33369714E-03	-4.61185352E-04
-1.30708138E+01	1.15178061E+01	5.33331092E-03	-4.69392176E-04
-1.13346512E+01	1.32119393E+01	5.33292466E-03	-4.77600028E-04
-9.38145842E+00	1.46472616E+01	5.33253836E-03	-4.85808945E-04
-7.24944439E+00	1.57963512E+01	5.33215202E-03	-4.94018967E-04
-4.98022511E+00	1.66373791E+01	5.33176564E-03	-5.02230133E-04
-2.61801135E+00	1.71545228E+01	5.33137921E-03	-5.10442481E-04
-2.08747455E-01	1.73382645E+01	5.33099273E-03	-5.18656050E-04
2.20078212E+00	1.71855650E+01	5.33060620E-03	-5.26870880E-04
4.56386122E+00	1.66999130E+01	5.33021963E-03	-5.35087008E-04
6.83474758E+00	1.58912469E+01	5.32983299E-03	-5.43304475E-04
8.96955815E+00	1.47757519E+01	5.32944631E-03	-5.51523319E-04
1.09271170E+01	1.33755367E+01	5.32905957E-03	-5.59743579E-04
1.26697494E+01	1.17181956E+01	5.32867277E-03	-5.67965295E-04
1.41640066E+01	9.83626446E+00	5.32828590E-03	-5.76188505E-04
1.53813080E+01	7.76658248E+00	5.32789898E-03	-5.84413248E-04
1.62984873E+01	5.54957118E+00	5.32751199E-03	-5.92639564E-04
1.68982334E+01	3.22844503E+00	5.32712494E-03	-6.00867492E-04
1.71694167E+01	8.48369231E-01	5.32673782E-03	-6.09097071E-04
1.71072953E+01	-1.54441900E+00	5.32635063E-03	-6.17328340E-04
1.67135966E+01	-3.90350854E+00	5.32596337E-03	-6.25561339E-04
1.59964741E+01	-6.18321446E+00	5.32557603E-03	-6.33796107E-04
1.49703390E+01	-8.33946262E+00	5.32518862E-03	-6.42032682E-04
1.36555708E+01	-1.03306417E+01	5.32480113E-03	-6.50271106E-04
1.20781133E+01	-1.21184058E+01	5.32441357E-03	-6.58511416E-04
1.02689623E+01	-1.36684134E+01	5.32402592E-03	-6.66753652E-04
8.26355713E+00	-1.49509862E+01	5.32363819E-03	-6.74997855E-04
6.10108647E+00	-1.59416775E+01	5.32325038E-03	-6.83244063E-04
3.82372261E+00	-1.66217380E+01	5.32286248E-03	-6.91492316E-04
1.47579922E+00	-1.69784703E+01	5.32247449E-03	-6.99742653E-04
-8.97051613E-01	-1.70054657E+01	5.32208642E-03	-7.07995115E-04
-3.24878615E+00	-1.67027182E+01	5.32169825E-03	-7.16249740E-04
-5.53384232E+00	-1.60766150E+01	5.32130998E-03	-7.24506569E-04
-7.70802230E+00	-1.51398026E+01	5.32092163E-03	-7.32765641E-04
-9.72934731E+00	-1.39109314E+01	5.32053317E-03	-7.41026997E-04
-1.15588680E+01	-1.24142851E+01	5.32014462E-03	-7.49290675E-04
-1.31614148E+01	-1.06793008E+01	5.31975596E-03	-7.57556717E-04
-1.45062740E+01	-8.73999038E+00	5.31936720E-03	-7.65825161E-04
-1.55677760E+01	-6.63427364E+00	5.31897834E-03	-7.74096047E-04
-1.63257852E+01	-4.40323724E+00	5.31858937E-03	-7.82369417E-04
-1.67660819E+01	-2.09033302E+00	5.31820029E-03	-7.90645309E-04
-1.68806281E+01	2.59468142E-01	5.31781110E-03	-7.98923765E-04
-1.66677144E+01	2.60055060E+00	5.31742180E-03	-8.07204823E-04
-1.61319827E+01	4.88753933E+00	5.31703239E-03	-8.15488525E-04
-1.52843265E+01	7.07617931E+00	5.31664286E-03	-8.23774911E-04
-1.41416695E+01	9.12419174E+00	5.31625321E-03	-8.32064020E-04
-1.27266285E+01	1.09920907E+01	5.31586344E-03	-8.40355894E-04
-1.10670658E+01	1.26439441E+01	5.31547355E-03	-8.48650572E-04
-9.19554064E+00	1.40480652E+01	5.31508353E-03	-8.56948096E-04
-7.14867059E+00	1.51776198E+01	5.31469339E-03	-8.65248506E-04
-4.96641544E+00	1.60111392E+01	5.31430313E-03	-8.73551842E-04
-2.69129705E+00	1.65329277E+01	5.31391273E-03	-8.81858144E-04
-3.67570979E-01	1.67333583E+01	5.31352220E-03	-8.90167455E-04
1.95963429E+00	1.66090495E+01	5.31313154E-03	-8.98479814E-04
4.24519365E+00	1.61629210E+01	5.31274075E-03	-9.06795262E-04
6.44486024E+00	1.54041274E+01	5.31234981E-03	-9.15113841E-04
8.51612194E+00	1.43478709E+01	5.31195874E-03	-9.23435590E-04
1.04190228E+01	1.30150971E+01	5.31156753E-03	-9.31760552E-04
1.21169339E+01	1.14320796E+01	5.31117617E-03	-9.40088767E-04
1.35772580E+01	9.62990255E+00	5.31078468E-03	-9.48420276E-04
1.47720553E+01	7.64385046E+00	5.31039303E-03	-9.56755121E-04
1.56785780E+01	5.51271731E+00	5.31000124E-03	-9.65093342E-04
1.62797030E+01	3.27804904E+00	5.30960929E-03	-9.73434982E-04
1.65642550E+01	9.83333689E-01	5.30921719E-03	-9.81780080E-04
1.65272141E+01	-1.32684475E+00	5.30882494E-03	-9.90128680E-04
1.61698032E+01	-3.60767246E+00	5.30843254E-03	-9.98480822E-04
1.54994545E+01	-5.81497504E+00	5.30803997E-03	-1.00683655E-03
1.45296560E+01	-7.90607289E+00	5.30764724E-03	-1.01519590E-03
1.32796799E+01	-9.84060639E+00	5.30725436E-03	-1.02355892E-03
1.17742005E+01	-1.15813147E+01	5.30686131E-03	-1.03192565E-03
1.00428069E+01	-1.30947534E+01	5.30646809E-03	-1.04029613E-03
8.11942170E+00	-1.43519367E+01	5.30607470E-03	-1.04867040E-03
6.04163679E+00	-1.53288927E+01	5.30568115E-03	-1.05704851E-03
3.84997838E+00	-1.60071201E+01	5.30528742E-03	-1.06543049E-03
1.58711688E+00	-1.63739383E+01	5.30489352E-03	-1.07381639E-03
-7.02963802E-01	-1.64227244E+01	5.30449945E-03	-1.08220626E-03
-2.97582106E+00	-1.61530315E+01	5.30410519E-03	-1.09060013E-03
-5.18741596E+00	-1.55705884E+01	5.30371076E-03	-1.09899804E-03
-7.29496647E+00	-1.46871783E+01	5.30331614E-03	-1.10740005E-03
-9.25777488E+00	-1.35204010E+01	5.30292134E-03	-1.11580618E-03
-1.10380136E+01	-1.20933228E+01	5.30252636E-03	-1.12421649E-03
-1.26014541E+01	-1.04340201E+01	5.30213119E-03	-1.13263102E-03
-1.39181248E+01	-8.57502798E+00	5.30173583E-03	-1.14104980E-03
-1.49628856E+01	-6.55270177E+00	5.30134027E-03	-1.14947289E-03
-1.57159074E+01	-4.40650653E+00	5.30094453E-03	-1.15790032E-03
-1.61630487E+01	-2.17824692E+00	5.30054858E-03	-1.16633214E-03
-1.62961204E+01	8.87469482E-02	5.30015244E-03	-1.17476839E-03
-1.61130355E+01	2.35046201E+00	5.29975611E-03	-1.18320912E-03
-1.56178399E+01	4.56305662E+00	5.29935956E-03	-1.19165437E-03
-1.48206242E+01	6.68371029E+00	5.29896282E-03	-1.20010417E-03
-1.37373188E+01	8.67145227E+00	5.29856587E-03	-1.20855858E-03
-1.23893759E+01	1.04879530E+01	5.29816871E-03	-1.21701764E-03
-1.08033445E+01	1.20982631E+01	5.29777134E-03	-1.22548140E-03
-9.01034814E+00	1.34714857E+01	5.29737376E-03	-1.23394988E-03
-7.04547422E+00	1.45813690E+01	5.29697597E-03	-1.24242315E-03
-4.94708725E+00	1.54068079E+01	5.29657796E-03	-1.25090124E-03
-2.75608015E+00	1.59322454E+01	5.29617973E-03	-1.25938420E-03
-5.15077340E-01	1.61479653E+01	5.29578128E-03	-1.26787207E-03
1.73239435E+00	1.60502712E+01	5.29538262E-03	-1.27636490E-03
3.94275099E+00	1.56415493E+01	5.29498372E-03	-1.28486273E-03
6.07319662E+00	1.49302119E+01	5.29458460E-03	-1.29336560E-03
8.08255179E+00	1.39305253E+01	5.29418525E-03	-1.30187356E-03
9.93204934E+00	1.26623241E+01	5.29378568E-03	-1.31038666E-03
1.15860823E+01	1.11506173E+01	5.29338587E-03	-1.31890494E-03
1.30128892E+01	9.42509607E+00	5.29298582E-03	-1.32742844E-03
1.41851639E+01	7.51955023E+00	5.29258554E-03	-1.33595720E-03
1.50805780E+01	5.47120689E+00	5.29218502E-03	-1.34449129E-03
1.56822057E+01	3.32000328E+00	5.29178426E-03	-1.35303073E-03
1.59788439E+01	1.10780819E+00	5.29138325E-03	-1.36157557E-03
1.59652201E+01	-1.12239281E+00	5.29098200E-03	-1.37012587E-03
1.56420854E+01	-3.32733251E+00	5.29058051E-03	-1.37868166E-03
1.50161906E+01	-5.46430139E+00	5.29017876E-03	-1.38724299E-03
1.41001455E+01	-7.49197478E+00	5.28977677E-03	-1.39580991E-03
1.29121659E+01	-9.37121185E+00	5.28937452E-03	-1.40438246E-03
1.14757109E+01	-1.10658111E+01	5.28897201E-03	-1.41296068E-03
9.81902049E+00	-1.25432076E+01	5.28856925E-03	-1.42154464E-03
7.97456005E+00	-1.37750987E+01	5.28816622E-03	-1.43013436E-03
5.97838454E+00	-1.47379858E+01	5.28776294E-03	-1.43872990E-03
3.86943377E+00	-1.54136229E+01	5.28735939E-03	-1.44733130E-03
1.68877289E+00	-1.57893615E+01	5.28695557E-03	-1.45593861E-03
-5.21207090E-01	-1.58583877E+01	5.28655149E-03	-1.46455188E-03
-2.71761325E+00	-1.56198445E+01	5.28614713E-03	-1.47317115E-03
-4.85788316E+00	-1.50788395E+01	5.28574251E-03	-1.48179648E-03
-6.90060957E+00	-1.42463365E+01	5.28533760E-03	-1.49042789E-03
-8.80634139E+00	-1.31389334E+01	5.28493242E-03	-1.49906546E-03
-1.05383455E+01	-1.17785320E+01	5.28452696E-03	-1.50770921E-03
-1.20633146E+01	-1.01919047E+01	5.28412122E-03	-1.51635920E-03
-1.33520076E+01	-8.41016798E+00	5.28371520E-03	-1.52501548E-03
-1.43798105E+01	-6.46817220E+00	5.28330889E-03	-1.53367810E-03
-1.51272056E+01	-4.40382015E+00	5.28290229E-03	-1.54234709E-03
-1.55801428E+01	-2.25732736E+00	5.28249540E-03	-1.55102251E-03
-1.57303026E+01	-7.04387581E-02	5.28208822E-03	-1.55970442E-03
-1.55752490E+01	2.11438304E+00	5.28168074E-03	-1.56839284E-03
-1.51184672E+01	4.25478216E+00	5.28127296E-03	-1.57708784E-03
-1.43692869E+01	6.30933044E+00	5.28086489E-03	-1.58578947E-03
-1.33426920E+01	8.23832923E+00	5.28045651E-03	-1.59449776E-03
-1.20590214E+01	1.00045763E+01	5.28004783E-03	-1.60321278E-03
-1.05435665E+01	1.15740834E+01	5.27963885E-03	-1.61193456E-03
-8.82607235E+00	1.29167297E+01	5.27922955E-03	-1.62066316E-03
-6.94015485E+00	1.40068402E+01	5.27881995E-03	-1.62939863E-03
-4.92264232E+00	1.48236763E+01	5.27841003E-03	-1.63814101E-03
-2.81285664E+00	1.53518303E+01	5.27799980E-03	-1.64689036E-03
-6.51846986E-01	1.55815153E+01	5.27758925E-03	-1.65564672E-03
1.51840878E+00	1.55087468E+01	5.27717837E-03	-1.66441015E-03
3.65581941E+00	1.51354103E+01	5.27676718E-03	-1.67318070E-03
5.71899654E+00	1.44692158E+01	5.27635566E-03	-1.68195840E-03
7.66805598E+00	1.35235390E+01	5.27594382E-03	-1.69074332E-03
9.46538866E+00	1.23171534E+01	5.27553165E-03	-1.69953551E-03
1.10763862E+01	1.08738574E+01	5.27511914E-03	-1.70833501E-03
1.24701072E+01	9.22200531E+00	5.27470630E-03	-1.71714188E-03
1.36198713E+01	7.39395051E+00	5.27429313E-03	-1.72595617E-03
1.45037699E+01	5.42541171E+00	5.27387961E-03	-1.73477792E-03
1.51050834E+01	3.35477525E+00	5.27346576E-03	-1.74360719E-03
1.54125971E+01	1.22234669E+00	5.27305156E-03	-1.75244403E-03
1.54208100E+01	-9.30433624E-01	5.27263701E-03	-1.76128849E-03
1.51300327E+01	-3.06179585E+00	5.27222212E-03	-1.77014063E-03
1.45463721E+01	-5.13045095E+00	5.27180688E-03	-1.77900049E-03
1.36816039E+01	-7.09639043E+00	5.27139128E-03	-1.78786812E-03
1.25529352E+01	-8.92166005E+00	5.27097533E-03	-1.79674358E-03
1.11826628E+01	-1.05710924E+01	5.27055903E-03	-1.80562693E-03
9.59773266E+00	-1.20129845E+01	5.27014236E-03	-1.81451821E-03
7.82921020E+00	-1.32197068E+01	5.26972533E-03	-1.82341747E-03
5.91167150E+00	-1.41682326E+01	5.26930793E-03	-1.83232477E-03
3.88252755E+00	-1.48405771E+01	5.26889017E-03	-1.84124016E-03
1.78129436E+00	-1.52241386E+01	5.26847203E-03	-1.85016370E-03
-3.51176388E-01	-1.53119337E+01	5.26805353E-03	-1.85909543E-03
-2.47349151E+00	-1.51027247E+01	5.26763465E-03	-1.86803542E-03
-4.54451969E+00	-1.46010337E+01	5.26721539E-03	-1.87698371E-03
-6.52418852E+00	-1.38170467E+01	5.26679575E-03	-1.88594035E-03
-8.37425974E+00	-1.27664064E+01	5.26637573E-03	-1.89490541E-03
-1.00590677E+01	-1.14699013E+01	5.26595533E-03	-1.90387894E-03
-1.15462070E+01	-9.95305366E+00	5.26553453E-03	-1.91286098E-03
-1.28071553E+01	-8.24561789E+00	5.26511335E-03	-1.92185160E-03
-1.38178205E+01	-6.38099675E+00	5.26469178E-03	-1.93085085E-03
-1.45590006E+01	-4.39558804E+00	5.26426981E-03	-1.93985879E-03
-1.50167489E+01	-2.32807429E+00	5.26384744E-03	-1.94887546E-03
-1.51826352E+01	-2.18669132E-01	5.26342468E-03	-1.95790093E-03
-1.50539016E+01	1.89166472E+00	5.26300151E-03	-1.96693524E-03
-1.46335064E+01	3.96201084E+00	5.26257793E-03	-1.97597847E-03
-1.39300578E+01	5.95229230E+00	5.26215395E-03	-1.98503065E-03
-1.29576387E+01	7.82404738E+00	5.26172956E-03	-1.99409185E-03
-1.17355242E+01	9.54117268E+00	5.26130475E-03	-2.00316213E-03
-1.02878007E+01	1.10706194E+01	5.26087953E-03	-2.01224154E-03
-8.64289044E+00	1.23830294E+01	5.26045390E-03	-2.02133013E-03
-6.83299440E+00	1.34532984E+01	5.26002784E-03	-2.03042796E-03
-4.89346162E+00	1.42610562E+01	5.25960135E-03	-2.03953510E-03
-2.86209905E+00	1.47910541E+01	5.25917445E-03	-2.04865159E-03
-7.78434721E-01	1.50334525E+01	5.25874711E-03	-2.05777750E-03
1.31705139E+00	1.49840031E+01	5.25831934E-03	-2.06691288E-03
3.38371363E+00	1.46441229E+01	5.25789114E-03	-2.07605779E-03
5.38152898E+00	1.40208571E+01	5.25746250E-03	-2.08521229E-03
7.27187202E+00	1.31267345E+01	5.25703342E-03	-2.09437644E-03
9.01826163E+00	1.19795153E+01	5.25660390E-03	-2.10355029E-03
1.05870649E+01	1.06018389E+01	5.25617394E-03	-2.11273390E-03
1.19481448E+01	9.02077737E+00	5.25574352E-03	-2.12192734E-03
1.30754388E+01	7.26730338E+00	5.25531266E-03	-2.13113066E-03
1.39474580E+01	5.37568375E+00	5.25488135E-03	-2.14034392E-03
1.45476964E+01	3.38280985E+00	5.25444957E-03	-2.14956718E-03
1.48649433E+01	1.32747828E+00	5.25401735E-03	-2.15880050E-03
1.48934920E+01	-7.50364349E-01	5.25358465E-03	-2.16804394E-03
1.46332422E+01	-2.81039768E+00	5.25315150E-03	-2.17729757E-03
1.40896929E+01	-4.81270991E+00	5.25271788E-03	-2.18656143E-03
1.32738269E+01	-6.71857100E+00	5.25228379E-03	-2.19583559E-03
1.22018898E+01	-8.49118165E+00	5.25184923E-03	-2.20512012E-03
1.08950660E+01	-1.00963838E+01	5.25141419E-03	-2.21441507E-03
9.37906074E+00	-1.15033187E+01	5.25097867E-03	-2.22372051E-03
7.68359455E+00	-1.26850200E+01	5.25054267E-03	-2.23303649E-03
5.84182065E+00	-1.36189305E+01	5.25010619E-03	-2.24236308E-03
3.88967684E+00	-1.42873325E+01	5.24966923E-03	-2.25170035E-03
1.86518432E+00	-1.46776839E+01	5.24923177E-03	-2.26104834E-03
-1.92292649E-01	-1.47828530E+01	5.24879382E-03	-2.27040713E-03
-2.24281213E+00	-1.46012484E+01	5.24835538E-03	-2.27977678E-03
-4.24662975E+00	-1.41368411E+01	5.24791643E-03	-2.28915735E-03
-6.16496896E+00	-1.33990789E+01	5.24747699E-03	-2.29854891E-03
-7.96077135E+00	-1.24026945E+01	5.24703704E-03	-2.30795151E-03
-9.59941239E+00	-1.11674116E+01	5.24659659E-03	-2.31736523E-03
-1.10493689E+01	-9.71755485E+00	5.24615562E-03	-2.32679012E-03
-1.22828255E+01	-8.08157062E+00	5.24571415E-03	-2.33622626E-03
-1.32762077E+01	-6.29146939E+00	5.24527215E-03	-2.34567370E-03
-1.40106328E+01	-4.38219938E+00	5.24482964E-03	-2.35513251E-03
-1.44722682E+01	-2.39096440E+00	5.24438661E-03	-2.36460275E-03
-1.46525921E+01	-3.56498987E-01	5.24394305E-03	-2.37408450E-03
-1.45485498E+01	1.68168498E+00	5.24349897E-03	-2.38357781E-03
-1.41626047E+01	3.68406552E+00	5.24305435E-03	-2.39308275E-03
-1.35026821E+01	5.61187687E+00	5.24260920E-03	-2.40259940E-03
-1.25820065E+01	7.42785982E+00	5.24216351E-03	-2.41212780E-03
-1.14188371E+01	9.09698179E+00	5.24171728E-03	-2.42166804E-03
-1.00361060E+01	1.05871125E+01	5.24127051E-03	-2.43122018E-03
-8.46096605E+00	1.18696423E+01	5.24082320E-03	-2.44078429E-03
-6.72425791E+00	1.29200316E+01	5.24037533E-03	-2.45036043E-03
-4.85990632E+00	1.37182797E+01	5.23992691E-03	-2.45994867E-03
-2.90425751E+00	1.42493062E+01	5.23947794E-03	-2.46954908E-03
-8.95370733E-01	1.45032349E+01	5.23902840E-03	-2.47916172E-03
1.12772234E+00	1.44755777E+01	5.23857831E-03	-2.48878668E-03
3.12577586E+00	1.41673126E+01	5.23812765E-03	-2.49842401E-03
5.06009104E+00	1.35848567E+01	5.23767642E-03	-2.50807379E-03
6.89326559E+00	1.27399331E+01	5.23722462E-03	-2.51773608E-03
8.58991684E+00	1.16493349E+01	5.23677225E-03	-2.52741096E-03
1.01173645E+01	1.03345922E+01	5.23631930E-03	-2.53709849E-03
1.14462602E+01	8.82154692E+00	5.23586576E-03	-2.54679874E-03
1.25511511E+01	7.13984509E+00	5.23541164E-03	-2.55651180E-03
1.34109671E+01	5.32235611E+00	5.23495694E-03	-2.56623772E-03
1.40094230E+01	3.40453043E+00	5.23450164E-03	-2.57597658E-03
1.43353261E+01	1.42370816E+00	5.23404575E-03	-2.58572845E-03
1.43827856E+01	-5.81607807E-01	5.23358926E-03	-2.59549341E-03
1.41513185E+01	-2.57250015E+00	5.23313217E-03	-2.60527151E-03
1.36458501E+01	-4.51039225E+00	5.23267448E-03	-2.61506285E-03
1.28766106E+01	-6.35779562E+00	5.23221618E-03	-2.62486749E-03
1.18589279E+01	-8.07903500E+00	5.23175727E-03	-2.63468550E-03
1.06129226E+01	-9.64093716E+00	5.23129774E-03	-2.64451697E-03
9.16311067E+00	-1.10134702E+01	5.23083760E-03	-2.65436195E-03
7.53792069E+00	-1.21703208E+01	5.23037683E-03	-2.66422053E-03
5.76913701E+00	-1.30893985E+01	5.22991544E-03	-2.67409278E-03
3.89127802E+00	-1.37532575E+01	5.22945343E-03	-2.68397878E-03
1.94092271E+00	-1.41494277E+01	5.22899078E-03	-2.69387859E-03
-4.40018393E-02	-1.42706482E+01	5.22852749E-03	-2.70379231E-03
-2.02495782E+00	-1.41150003E+01	5.22806357E-03	-2.71372000E-03
-3.96354486E+00	-1.36859364E+01	5.22759900E-03	-2.72366174E-03
-5.82224431E+00	-1.29922042E+01	5.22713379E-03	-2.73361760E-03
-7.56514525E+00	-1.20476692E+01	5.22666793E-03	-2.74358767E-03
-9.15863824E+00	-1.08710375E+01	5.22620142E-03	-2.75357202E-03
-1.05720633E+01	-9.48548591E+00	5.22573425E-03	-2.76357073E-03
-1.17782996E+01	-7.91820526E+00	5.22526643E-03	-2.77358387E-03
-1.27542861E+01	-6.19986710E+00	5.22479794E-03	-2.78361153E-03
-1.34814617E+01	-4.36402350E+00	5.22432878E-03	-2.79365379E-03
-1.39461185E+01	-2.44645208E+00	5.22385895E-03	-2.80371071E-03
-1.41396600E+01	-4.84458804E-01	5.22338845E-03	-2.81378240E-03
-1.40587592E+01	1.48384764E+00	5.22291726E-03	-2.82386891E-03
-1.37054154E+01	3.42029600E+00	5.22244540E-03	-2.83397034E-03
-1.30869068E+01	5.28739258E+00	5.22197285E-03	-2.84408676E-03
-1.22156412E+01	7.04904713E+00	5.22149962E-03	-2.85421826E-03
-1.11089074E+01	8.67127036E+00	5.22102569E-03	-2.86436491E-03
-9.78853210E+00	1.01228296E+01	5.22055106E-03	-2.87452680E-03
-8.28045005E+00	1.13758500E+01	5.22007573E-03	-2.88470401E-03
-6.61419439E+00	1.24063497E+01	5.21959970E-03	-2.89489663E-03
-4.82231861E+00	1.31946988E+01	5.21912296E-03	-2.90510474E-03
-2.93976061E+00	1.37259928E+01	5.21864551E-03	-2.91532841E-03
-1.00316158E+00	1.39903346E+01	5.21816735E-03	-2.92556774E-03
9.49847040E-01	1.39830182E+01	5.21768846E-03	-2.93582281E-03
2.88137474E+00	1.37046117E+01	5.21720885E-03	-2.94609369E-03
4.75400695E+00	1.31609384E+01	5.21672851E-03	-2.95638049E-03
6.53152967E+00	1.23629553E+01	5.21624745E-03	-2.96668328E-03
8.17962975E+00	1.13265328E+01	5.21576564E-03	-2.97700216E-03
9.66655708E+00	1.00721393E+01	5.21528310E-03	-2.98733719E-03
1.09637362E+01	8.62443682E+00	5.21479982E-03	-2.99768848E-03
1.20463154E+01	7.01179680E+00	5.21431578E-03	-3.00805611E-03
1.28936426E+01	5.26574383E+00	5.21383100E-03	-3.01844017E-03
1.34896590E+01	3.42033962E+00	5.21334546E-03	-3.02884074E-03
1.38232036E+01	1.51151865E+00	5.21285917E-03	-3.03925792E-03
1.38882216E+01	-4.23611497E-01	5.21237211E-03	-3.04969179E-03
1.36838740E+01	-2.34749139E+00	5.21188428E-03	-3.06014244E-03
1.32145453E+01	-4.22283868E+00	5.21139568E-03	-3.07060997E-03
1.24897509E+01	-6.01337047E+00	5.21090630E-03	-3.08109446E-03
1.15239439E+01	-7.68450521E+00	5.21041615E-03	-3.09159600E-03
1.03362276E+01	-9.20403049E+00	5.20992521E-03	-3.10211468E-03
8.94997763E+00	-1.05427239E+01	5.20943348E-03	-3.11265060E-03
7.39238209E+00	-1.16749147E+01	5.20894096E-03	-3.12320385E-03
5.69390844E+00	-1.25789762E+01	5.20844765E-03	-3.13377452E-03
3.88770766E+00	-1.32377387E+01	5.20795353E-03	-3.14436271E-03
2.00896729E+00	-1.36388151E+01	5.20745861E-03	-3.15496850E-03
9.42260438E-02	-1.37748339E+01	5.20696288E-03	-3.16559199E-03
-1.81933674E+00	-1.36435739E+01	5.20646633E-03	-3.17623328E-03
-3.69462293E+00	-1.32479995E+01	5.20596897E-03	-3.18689246E-03
-5.49533471E+00	-1.25961950E+01	5.20547079E-03	-3.19756963E-03
-7.18667710E+00	-1.17011996E+01	5.20497177E-03	-3.20826488E-03
-8.73603016E+00	-1.05807471E+01	5.20447193E-03	-3.21897830E-03
-1.01135780E+01	-9.25691465E+00	5.20397125E-03	-3.22971000E-03
-1.12928826E+01	-7.75568781E+00	5.20346973E-03	-3.24046008E-03
-1.22513908E+01	-6.10645065E+00	5.20296737E-03	-3.25122862E-03
-1.29708656E+01	-4.34141075E+00	5.20246416E-03	-3.26201574E-03
-1.34377332E+01	-2.49497030E+00	5.20196009E-03	-3.27282152E-03
-1.36433385E+01	-6.03055701E-01	5.20145516E-03	-3.28364607E-03
-1.35841051E+01	1.29758141E+00	5.20094938E-03	-3.29448949E-03
-1.32615974E+01	3.17007796E+00	5.20044272E-03	-3.30535188E-03
-1.26824811E+01	4.97817432E+00	5.19993519E-03	-3.31623334E-03
-1.18583870E+01	6.68691636E+00	5.19942679E-03	-3.32713397E-03
-1.08056770E+01	8.26333107E+00	5.19891750E-03	-3.33805387E-03
-9.54511978E+00	9.67706277E+00	5.19840733E-03	-3.34899315E-03
-8.10148115E+00	1.09009575E+01	5.19789627E-03	-3.35995190E-03
-6.50303760E+00	1.19115844E+01	5.19738431E-03	-3.37093024E-03
-4.78102260E+00	1.26896844E+01	5.19687146E-03	-3.38192827E-03
-2.96901636E+00	1.32205366E+01	5.19635769E-03	-3.39294609E-03
-1.10229115E+00	1.34942370E+01	5.19584302E-03	-3.40398380E-03
7.82875232E-01	1.35058827E+01	5.19532743E-03	-3.41504152E-03
2.64990441E+00	1.32556593E+01	5.19481093E-03	-3.42611935E-03
4.46262706E+00	1.27488291E+01	5.19429349E-03	-3.43721740E-03
6.18598351E+00	1.19956212E+01	5.19377513E-03	-3.44833577E-03
7.78670174E+00	1.10110255E+01	5.19325584E-03	-3.45947458E-03
9.23393966E+00	9.81449442E+00	5.19273560E-03	-3.47063393E-03
1.04998792E+01	8.42955879E+00	5.19221442E-03	-3.48181393E-03
1.15602611E+01	6.88336536E+00	5.19169229E-03	-3.49301469E-03
1.23948493E+01	5.20614470E+00	5.19116921E-03	-3.50423633E-03
1.29878174E+01	3.43062028E+00	5.19064517E-03	-3.51547895E-03
1.33280481E+01	1.59137009E+00	5.19012016E-03	-3.52674267E-03
1.34093417E+01	-2.75846623E-01	5.18959418E-03	-3.53802759E-03
1.32305287E+01	-2.13478453E+00	5.18906723E-03	-3.54933384E-03
1.27954839E+01	-3.94941570E+00	5.18853930E-03	-3.56066152E-03
1.21130443E+01	-5.68462778E+00	5.18801038E-03	-3.57201076E-03
1.11968292E+01	-7.30690326E+00	5.18748047E-03	-3.58338166E-03
1.00649690E+01	-8.78496690E+00	5.18694957E-03	-3.59477434E-03
8.73974666E+00	-1.00903885E+01	5.18641766E-03	-3.60618892E-03
7.24715886E+00	-1.11981295E+01	5.18588475E-03	-3.61762551E-03
5.61640650E+00	-1.20870235E+01	5.18535083E-03	-3.62908424E-03
3.87932331E+00	-1.27401803E+01	5.18481589E-03	-3.64056522E-03
2.06975461E+00	-1.31453063E+01	5.18427992E-03	-3.65206856E-03
2.22897924E-01	-1.32949365E+01	5.18374293E-03	-3.66359440E-03
-1.62538153E+00	-1.31865708E+01	5.18320490E-03	-3.67514285E-03
-3.43924724E+00	-1.28227150E+01	5.18266584E-03	-3.68671403E-03
-5.18358615E+00	-1.22108247E+01	5.18212573E-03	-3.69830806E-03
-6.82468830E+00	-1.13631524E+01	5.18158456E-03	-3.70992506E-03
-8.33089819E+00	-1.02965028E+01	5.18104235E-03	-3.72156517E-03
-9.67322526E+00	-9.03189973E+00	5.18049907E-03	-3.73322850E-03
-1.08259018E+01	-7.59417182E+00	5.17995472E-03	-3.74491517E-03
-1.17668776E+01	-6.01146538E+00	5.17940930E-03	-3.75662532E-03
-1.24782412E+01	-4.31469334E+00	5.17886280E-03	-3.76835907E-03
-1.29465613E+01	-2.53693160E+00	5.17831522E-03	-3.78011654E-03
-1.31631396E+01	-7.12774369E-01	5.17776655E-03	-3.79189787E-03
-1.31241721E+01	1.12233894E+00	5.17721678E-03	-3.80370317E-03
-1.28308155E+01	2.93281212E+00	5.17666591E-03	-3.81553259E-03
-1.22891566E+01	4.68358254E+00	5.17611393E-03	-3.82738625E-03
-1.15100868E+01	6.34080014E+00	5.17556083E-03	-3.83926428E-03
-1.05090833E+01	7.87248175E+00	5.17500662E-03	-3.85116681E-03
-9.30590170E+00	9.24912832E+00	5.17445128E-03	-3.86309397E-03
-7.92418660E+00	1.04442929E+01	5.17389481E-03	-3.87504590E-03
-6.39100676E+00	1.14350885E+01	5.17333719E-03	-3.88702273E-03
-4.73632507E+00	1.22026265E+01	5.17277844E-03	-3.89902460E-03
-2.99241305E+00	1.27323764E+01	5.17221853E-03	-3.91105164E-03
-1.19322158E+00	1.30144407E+01	5.17165747E-03	-3.92310398E-03
6.26280020E-01	1.30437394E+01	5.17109525E-03	-3.93518177E-03
2.43078354E+00	1.28201012E+01	5.17053185E-03	-3.94728513E-03
4.18532696E+00	1.23482591E+01	5.16996728E-03	-3.95941422E-03
5.85597176E+00	1.16377506E+01	5.16940153E-03	-3.97156916E-03
7.41045932E+00	1.07027256E+01	5.16883459E-03	-3.98375011E-03
8.81883368E+00	9.56166467E+00	5.16826645E-03	-3.99595719E-03
1.00540187E+01	8.23701402E+00	5.16769712E-03	-4.00819055E-03
1.10923387E+01	6.75474400E+00	5.16712657E-03	-4.02045034E-03
1.19139716E+01	5.14384012E+00	5.16655482E-03	-4.03273670E-03
1.25033279E+01	3.43573633E+00	5.16598184E-03	-4.04504977E-03
1.28493458E+01	1.66370177E+00	5.16540763E-03	-4.05738970E-03
1.29456986E+01	-1.37807169E-01	5.16483219E-03	-4.06975663E-03
1.27909101E+01	-1.93381674E+00	5.16425551E-03	-4.08215071E-03
1.23883755E+01	-3.68951469E+00	5.16367758E-03	-4.09457209E-03
1.17462880E+01	-5.37092497E+00	5.16309840E-03	-4.10702092E-03
1.08774723E+01	-6.94556516E+00	5.16251796E-03	-4.11949735E-03
9.79912881E+00	-8.38307385E+00	5.16193624E-03	-4.13200153E-03
8.53249319E+00	-9.65579598E+00	5.16135326E-03	-4.14453361E-03
7.10241841E+00	-1.07393148E+01	5.16076899E-03	-4.15709374E-03
5.53688716E+00	-1.16129200E+01	5.16018343E-03	-4.16968208E-03
3.86646443E+00	-1.22600039E+01	5.15959658E-03	-4.18229877E-03
2.12370087E+00	-1.26683762E+01	5.15900842E-03	-4.19494399E-03
3.42498562E-01	-1.28304942E+01	5.15841896E-03	-4.20761788E-03
-1.44254837E+00	-1.27436012E+01	5.15782817E-03	-4.22032060E-03
-3.19682555E+00	-1.24097728E+01	5.15723607E-03	-4.23305231E-03
-4.88636952E+00	-1.18358688E+01	5.15664263E-03	-4.24581317E-03
-6.47852514E+00	-1.10333928E+01	5.15604785E-03	-4.25860333E-03
-7.94257670E+00	-1.00182619E+01	5.15545173E-03	-4.27142297E-03
-9.25034037E+00	-8.81049118E+00	5.15485425E-03	-4.28427224E-03
-1.03767066E+01	-7.43379907E+00	5.15425541E-03	-4.29715131E-03
-1.13001223E+01	-5.91514193E+00	5.15365520E-03	-4.31006034E-03
-1.20030029E+01	-4.28418616E+00	5.15305362E-03	-4.32299950E-03
-1.24720671E+01	-2.57272887E+00	5.15245065E-03	-4.33596895E-03
-1.26985877E+01	-8.14077969E-01	5.15184629E-03	-4.34896886E-03
-1.26785537E+01	9.57595885E-01	5.15124053E-03	-4.36199940E-03
-1.24127405E+01	2.70792320E+00	5.15063337E-03	-4.37506075E-03
-1.19066873E+01	4.40300229E+00	5.15002479E-03	-4.38815306E-03
-1.11705827E+01	6.01005583E+00	5.14941479E-03	-4.40127652E-03
-1.02190591E+01	7.49806457E+00	5.14880336E-03	-4.41443129E-03
-9.07090283E+00	8.83836597E+00	5.14819049E-03	-4.42761756E-03
-7.74868277E+00	1.00052062E+01	5.14757617E-03	-4.44083549E-03
-6.27830725E+00	1.09762350E+01	5.14696040E-03	-4.45408527E-03
-4.68851631E+00	1.17329334E+01	5.14634317E-03	-4.46736706E-03
-3.01032011E+00	1.22609671E+01	5.14572447E-03	-4.48068106E-03
-1.27639413E+00	1.25504574E+01	5.14510429E-03	-4.49402744E-03
4.79556969E-01	1.25961662E+01	5.14448262E-03	-4.50740638E-03
2.22345438E+00	1.23975899E+01	5.14385946E-03	-4.52081806E-03
3.92150650E+00	1.19589619E+01	5.14323479E-03	-4.53426267E-03
5.54086359E+00	1.12891630E+01	5.14260861E-03	-4.54774039E-03
7.05025323E+00	1.04015422E+01	5.14198091E-03	-4.56125141E-03
8.42058411E+00	9.31365034E+00	5.14135169E-03	-4.57479592E-03
9.62550662E+00	8.04689378E+00	5.14072092E-03	-4.58837410E-03
1.06419195E+01	6.62611301E+00	5.14008861E-03	-4.60198614E-03
1.14504124E+01	5.07909576E+00	5.13945475E-03	-4.61563225E-03
1.20356367E+01	3.43603359E+00	5.13881932E-03	-4.62931259E-03
1.23865967E+01	1.72893279E+00	5.13818232E-03	-4.64302739E-03
1.24968556E+01	-9.00899969E-03	5.13754374E-03	-4.65677681E-03
1.23646534E+01	-1.74404831E+00	5.13690357E-03	-4.67056108E-03
1.19929340E+01	-3.44255092E+00	5.13626180E-03	-4.68438037E-03
1.13892801E+01	-5.07164375E+00	5.13561842E-03	-4.69823489E-03
1.05657592E+01	-6.59985103E+00	5.13497343E-03	-4.71212484E-03
9.53868298E+00	-7.99770237E+00	5.13432681E-03	-4.72605043E-03
8.32828364E+00	-9.23830094E+00	5.13367856E-03	-4.74001185E-03
6.95831608E+00	-1.02978410E+01	5.13302866E-03	-4.75400931E-03
5.45559155E+00	-1.11560643E+01	5.13237710E-03	-4.76804301E-03
3.84945311E+00	-1.17966479E+01	5.13172388E-03	-4.78211317E-03
2.17120276E+00	-1.22075136E+01	5.13106899E-03	-4.79621998E-03
4.53491437E-01	-1.23810563E+01	5.13041242E-03	-4.81036367E-03
-1.27031608E+00	-1.23142838E+01	5.12975416E-03	-4.82454444E-03
-2.96678919E+00	-1.20088678E+01	5.12909419E-03	-4.83876251E-03
-4.60307974E+00	-1.14711043E+01	5.12843252E-03	-4.85301809E-03
-6.14755793E+00	-1.07117841E+01	5.12776912E-03	-4.86731140E-03
-7.57042364E+00	-9.74597665E+00	5.12710399E-03	-4.88164264E-03
-8.84428138E+00	-8.59273092E+00	5.12643712E-03	-4.89601206E-03
-9.94466757E+00	-7.27470018E+00	5.12576850E-03	-4.91041985E-03
-1.08505203E+01	-5.81769692E+00	5.12509812E-03	-4.92486625E-03
-1.15445823E+01	-4.25018753E+00	5.12442597E-03	-4.93935148E-03
-1.20137296E+01	-2.60273619E+00	5.12375204E-03	-4.95387577E-03
-1.22492194E+01	-9.07409003E-01	5.12307631E-03	-4.96843933E-03
-1.22468528E+01	8.02850023E-01	5.12239878E-03	-4.98304241E-03
-1.20070491E+01	2.49485910E+00	5.12171945E-03	-4.99768522E-03
-1.15348301E+01	4.13584236E+00	5.12103828E-03	-5.01236801E-03
-1.08397160E+01	5.69406465E+00	5.12035529E-03	-5.02709100E-03
-9.93553352E+00	7.13944518E+00	5.11967045E-03	-5.04185443E-03
-8.84014094E+00	8.44413817E+00	5.11898376E-03	-5.05665854E-03
-7.57507579E+00	9.58306916E+00	5.11829520E-03	-5.07150356E-03
-6.16513133E+00	1.05344168E+01	5.11760477E-03	-5.08638973E-03
-4.63787085E+00	1.12800310E+01	5.11691244E-03	-5.10131730E-03
-3.02308888E+00	1.18057785E+01	5.11621822E-03	-5.11628651E-03
-1.35223003E+00	1.21018116E+01	5.11552209E-03	-5.13129761E-03
3.42223225E-01	1.21627511E+01	5.11482404E-03	-5.14635083E-03
2.02738193E+00	1.19877846E+01	5.11412406E-03	-5.16144644E-03
3.67058897E+00	1.15806746E+01	5.11342214E-03	-5.17658468E-03
5.24005184E+00	1.09496786E+01	5.11271826E-03	-5.19176580E-03
6.70545768E+00	1.01073815E+01	5.11201241E-03	-5.20699006E-03
8.03855865E+00	9.07044544E+00	5.11130459E-03	-5.22225771E-03
9.21371637E+00	7.85927993E+00	5.11059478E-03	-5.23756902E-03
1.02083949E+01	6.49764039E+00	5.10988297E-03	-5.25292424E-03
1.10035927E+01	5.01216236E+00	5.10916914E-03	-5.26832363E-03
1.15842058E+01	3.43184052E+00	5.10845329E-03	-5.28376745E-03
1.19393140E+01	1.78746287E+00	5.10773540E-03	-5.29925598E-03
1.20623864E+01	1.11011004E-01	5.10701547E-03	-5.31478948E-03
1.19514013E+01	-1.56496183E+00	5.10629347E-03	-5.33036822E-03
1.16088776E+01	-3.20796279E+00	5.10556940E-03	-5.34599247E-03
1.10418196E+01	-4.78618925E+00	5.10484324E-03	-5.36166251E-03
1.02615738E+01	-6.26914437E+00	5.10411499E-03	-5.37737860E-03
9.28360222E+00	-7.62822628E+00	5.10338462E-03	-5.39314104E-03
8.12717594E+00	-8.83727965E+00	5.10265213E-03	-5.40895009E-03
6.81499579E+00	-9.87309894E+00	5.10191751E-03	-5.42480604E-03
5.37274664E+00	-1.07158737E+01	5.10118074E-03	-5.44070918E-03
3.82859487E+00	-1.13495672E+01	5.10044180E-03	-5.45665978E-03
2.21263828E+00	-1.17622217E+01	5.09970069E-03	-5.47265815E-03
5.56319595E-01	-1.19461836E+01	5.09895739E-03	-5.48870456E-03
-1.10818526E+00	-1.18982453E+01	5.09821189E-03	-5.50479931E-03
-2.74859218E+00	-1.16197000E+01	5.09746418E-03	-5.52094270E-03
-4.33313491E+00	-1.11163102E+01	5.09671424E-03	-5.53713502E-03
-5.83118016E+00	-1.03981885E+01	5.09596206E-03	-5.55337658E-03
-7.21381974E+00	-9.47959475E+00	5.09520762E-03	-5.56966767E-03
-8.45442827E+00	-8.37865326E+00	5.09445091E-03	-5.58600860E-03
-9.52917589E+00	-7.11699518E+00	5.09369192E-03	-5.60239967E-03
-1.04174858E+01	-5.71933367E+00	5.09293064E-03	-5.61884119E-03
-1.11024282E+01	-4.21297995E+00	5.09216704E-03	-5.63533348E-03
-1.15710426E+01	-2.62730967E+00	5.09140112E-03	-5.65187685E-03
-1.18145831E+01	-9.93190145E-01	5.09063286E-03	-5.66847161E-03
-1.18286813E+01	6.57620406E-01	5.08986225E-03	-5.68511808E-03
-1.16134239E+01	2.29309002E+00	5.08908927E-03	-5.70181659E-03
-1.11733444E+01	3.88153443E+00	5.08831391E-03	-5.71856745E-03
-1.05173278E+01	5.39223084E+00	5.08753615E-03	-5.73537099E-03
-9.65843180E+00	6.79601201E+00	5.08675598E-03	-5.75222754E-03
-8.61362710E+00	8.06582939E+00	5.08597338E-03	-5.76913744E-03
-7.40346204E+00	9.17727412E+00	5.08518834E-03	-5.78610101E-03
-6.05165875E+00	1.01090462E+01	5.08440084E-03	-5.80311858E-03
-4.58464817E+00	1.08433625E+01	5.08361087E-03	-5.82019051E-03
-3.03105341E+00	1.13662961E+01	5.08281842E-03	-5.83731713E-03
-1.42113131E+00	1.16680401E+01	5.08202346E-03	-5.85449879E-03
2.13816674E-01	1.17430917E+01	5.08122598E-03	-5.87173583E-03
1.84205305E+00	1.15903514E+01	5.08042597E-03	-5.88902860E-03
3.43202024E+00	1.12131381E+01	5.07962340E-03	-5.90637745E-03
4.95295217E+00	1.06191176E+01	5.07881827E-03	-5.92378275E-03
6.37546951E+00	9.82014694E+00	5.07801056E-03	-5.94124484E-03
7.67214708E+00	8.83203815E+00	5.07720025E-03	-5.95876409E-03
8.81804252E+00	7.67424549E+00	5.07638733E-03	-5.97634087E-03
9.79117598E+00	6.36948246E+00	5.07557177E-03	-5.99397553E-03
1.05729516E+01	4.94327638E+00	5.07475356E-03	-6.01166846E-03
1.11485127E+01	3.42346902E+00	5.07393269E-03	-6.02942001E-03
1.15070241E+01	1.83967317E+00	5.07310914E-03	-6.04723058E-03
1.16418755E+01	2.22695773E-01	5.07228289E-03	-6.06510053E-03
1.15508037E+01	-1.39606128E+00	5.07145392E-03	-6.08303026E-03
1.12359289E+01	-2.98521088E+00	5.07062222E-03	-6.10102013E-03
1.07037071E+01	-4.51398921E+00	5.06978776E-03	-6.11907056E-03
9.96479808E+00	-5.95285120E+00	5.06895054E-03	-6.13718191E-03
9.03385223E+00	-7.27404145E+00	5.06811053E-03	-6.15535460E-03
7.92922004E+00	-8.45212954E+00	5.06726772E-03	-6.17358901E-03
6.67259062E+00	-9.46449940E+00	5.06642209E-03	-6.19188555E-03
5.28856596E+00	-1.02917834E+01	5.06557361E-03	-6.21024463E-03
3.80417937E+00	-1.09182328E+01	5.06472228E-03	-6.22866664E-03
2.24836752E+00	-1.13320171E+01	5.06386806E-03	-6.24715201E-03
6.51406467E-01	-1.15254479E+01	5.06301096E-03	-6.26570115E-03
-9.55677464E-01	-1.14951207E+01	5.06215093E-03	-6.28431447E-03
-2.54171039E+00	-1.12419747E+01	5.06128798E-03	-6.30299240E-03
-4.07597547E+00	-1.07712676E+01	5.06042207E-03	-6.32173537E-03
-5.52880778E+00	-1.00924670E+01	5.05955318E-03	-6.34054379E-03
-6.87216774E+00	-9.21905991E+00	5.05868131E-03	-6.35941811E-03
-8.08018223E+00	-8.16828538E+00	5.05780643E-03	-6.37835876E-03
-9.12964281E+00	-6.96079411E+00	5.05692851E-03	-6.39736618E-03
-1.00004515E+01	-5.62024281E+00	5.05604754E-03	-6.41644081E-03
-1.06760055E+01	-4.17283083E+00	5.05516350E-03	-6.43558311E-03
-1.11435138E+01	-2.64678817E+00	5.05427637E-03	-6.45479352E-03
-1.13942388E+01	-1.07182505E+00	5.05338613E-03	-6.47407249E-03
-1.14236597E+01	5.21446528E-01	5.05249276E-03	-6.49342050E-03
-1.12315536E+01	2.10210760E+00	5.05159623E-03	-6.51283799E-03
-1.08219927E+01	3.63953225E+00	5.05069653E-03	-6.53232544E-03
-1.02032588E+01	5.10398089E+00	5.04979364E-03	-6.55188332E-03
-9.38767607E+00	6.46717545E+00	5.04888752E-03	-6.57151209E-03
-8.39136606E+00	7.70284537E+00	5.04797817E-03	-6.59121226E-03
-7.23392876E+00	8.78723374E+00	5.04706556E-03	-6.61098428E-03
-5.93805736E+00	9.69955398E+00	5.04614967E-03	-6.63082866E-03
-4.52909338E+00	1.04223882E+01	5.04523047E-03	-6.65074588E-03
-3.03453120E+00	1.09420195E+01	5.04430795E-03	-6.67073645E-03
-1.48348161E+00	1.12486924E+01	5.04338208E-03	-6.69080085E-03
9.38951213E-02	1.13367952E+01	5.04245284E-03	-6.71093960E-03
1.66697563E+00	1.12049630E+01	5.04152021E-03	-6.73115321E-03
3.20526791E+00	1.08560968E+01	5.04058415E-03	-6.75144218E-03
4.67900230E+00	1.02973012E+01	5.03964466E-03	-6.77180704E-03
6.05970749E+00	9.53973950E+00	5.03870171E-03	-6.79224831E-03
7.32076049E+00	8.59841120E+00	5.03775526E-03	-6.81276652E-03
8.43789994E+00	7.49185514E+00	5.03680531E-03	-6.83336220E-03
9.38969271E+00	6.24178447E+00	5.03585182E-03	-6.85403588E-03
1.01579451E+01	4.87266070E+00	5.03489477E-03	-6.87478811E-03
1.07280502E+01	3.41121514E+00	5.03393414E-03	-6.89561944E-03
1.10892661E+01	1.88592707E+00	5.03296990E-03	-6.91653042E-03
1.12349173E+01	3.26468855E-01	5.03200202E-03	-6.93752160E-03
1.11625184E+01	-1.23687124E+00	5.03103049E-03	-6.95859355E-03
1.08738151E+01	-2.77377723E+00	5.03005527E-03	-6.97974683E-03
1.03747444E+01	-4.25449320E+00	5.02907635E-03	-7.00098201E-03
9.67531242E+00	-5.65039935E+00	5.02809368E-03	-7.02229967E-03
8.78939413E+00	-6.93456510E+00	5.02710726E-03	-7.04370040E-03
7.73445836E+00	-8.08226853E+00	5.02611705E-03	-7.06518478E-03
6.53122337E+00	-9.07147227E+00	5.02512302E-03	-7.08675340E-03
5.20325016E+00	-9.88324648E+00	5.02412515E-03	-7.10840687E-03
3.77648114E+00	-1.05021311E+01	5.02312342E-03	-7.13014579E-03
2.27873344E+00	-1.09164299E+01	5.02211779E-03	-7.15197076E-03
7.39156661E-01	-1.11184316E+01	5.02110823E-03	-7.17388240E-03
-8.12334355E-01	-1.11045532E+01	5.02009473E-03	-7.19588134E-03
-2.34564074E+00	-1.08754024E+01	5.01907724E-03	-7.21796820E-03
-3.83106343E+00	-1.04357600E+01	5.01805575E-03	-7.24014361E-03
-5.23987834E+00	-9.79447999E+00	5.01703023E-03	-7.26240821E-03
-6.54489172E+00	-8.96431202E+00	5.01600064E-03	-7.28476265E-03
-7.72096502E+00	-7.96164777E+00	5.01496695E-03	-7.30720758E-03
-8.74549902E+00	-6.80619754E+00	5.01392914E-03	-7.32974364E-03
-9.59886798E+00	-5.52060291E+00	5.01288718E-03	-7.35237152E-03
-1.02647955E+01	-4.12999314E+00	5.01184104E-03	-7.37509187E-03
-1.07306649E+01	-2.66149407E+00	5.01079069E-03	-7.39790538E-03
-1.09877579E+01	-1.14369910E+00	5.00973609E-03	-7.42081271E-03
-1.10314177E+01	3.93887530E-01	5.00867722E-03	-7.44381457E-03
-1.08611328E+01	1.92142417E+00	5.00761404E-03	-7.46691165E-03
-1.04805405E+01	3.40931084E+00	5.00654653E-03	-7.49010465E-03
-9.89734977E+00	4.82876276E+00	5.00547465E-03	-7.51339427E-03
-9.12318546E+00	6.15236713E+00	5.00439837E-03	-7.53678124E-03
-8.17335674E+00	7.35461248E+00	5.00331766E-03	-7.56026627E-03
-7.06655451E+00	8.41238025E+00	5.00223248E-03	-7.58385010E-03
-5.82448375E+00	9.30538930E+00	5.00114281E-03	-7.60753346E-03
-4.47143792E+00	1.00165847E+01	5.00004860E-03	-7.63131710E-03
-3.03382394E+00	1.05324631E+01	4.99894983E-03	-7.65520176E-03
-1.53964688E+00	1.08433294E+01	4.99784647E-03	-7.67918820E-03
-1.79644842E-02	1.09434782E+01	4.99673847E-03	-7.70327719E-03
1.50167783E+00	1.08312986E+01	4.99562580E-03	-7.72746951E-03
2.98982057E+00	1.05092989E+01	4.99450844E-03	-7.75176593E-03
4.41766120E+00	9.98405123E+00	4.99338634E-03	-7.77616724E-03
5.75761152E+00	9.26605805E+00	4.99225946E-03	-7.80067424E-03
6.98383064E+00	8.36954229E+00	4.99112778E-03	-7.82528774E-03
8.07272324E+00	7.31216572E+00	4.98999126E-03	-7.85000854E-03
9.00339351E+00	6.11468116E+00	4.98884985E-03	-7.87483746E-03
9.75804604E+00	4.80052522E+00	4.98770353E-03	-7.89977534E-03
1.03223260E+01	3.39535978E+00	4.98655225E-03	-7.92482300E-03
1.06855919E+01	1.92657090E+00	4.98539598E-03	-7.94998131E-03
1.08411163E+01	4.22735186E-01	4.98423468E-03	-7.97525110E-03
1.07862100E+01	-1.08693611E+00	4.98306831E-03	-8.00063325E-03
1.05222678E+01	-2.57316446E+00	4.98189684E-03	-8.02612861E-03
1.00547351E+01	-4.00717180E+00	4.98072022E-03	-8.05173809E-03
9.39299593E+00	-5.36123768E+00	4.97953841E-03	-8.07746255E-03
8.55018479E+00	-6.60923507E+00	4.97835137E-03	-8.10330291E-03
7.54292628E+00	-7.72713438E+00	4.97715907E-03	-8.12926006E-03
6.39100713E+00	-8.69346608E+00	4.97596147E-03	-8.15533493E-03
5.11698772E+00	-9.48973291E+00	4.97475851E-03	-8.18152844E-03
3.74576025E+00	-1.01007639E+01	4.97355016E-03	-8.20784152E-03
2.30406255E+00	-1.05150030E+01	4.97233639E-03	-8.23427513E-03
8.19956714E-01	-1.07247281E+01	4.97111714E-03	-8.26083021E-03
-6.77716967E-01	-1.07261939E+01	4.96989237E-03	-8.28750774E-03
-2.15990044E+00	-1.05196989E+01	4.96866204E-03	-8.31430869E-03
-3.59788157E+00	-1.01095730E+01	4.96742610E-03	-8.34123403E-03
-4.96385029E+00	-9.50408730E+00	4.96618452E-03	-8.36828478E-03
-6.23143635E+00	-8.71528757E+00	4.96493725E-03	-8.39546193E-03
-7.37621831E+00	-7.75875468E+00	4.96368423E-03	-8.42276650E-03
-8.37619400E+00	-6.65329709E+00	4.96242543E-03	-8.45019952E-03
-9.21220325E+00	-5.42058105E+00	4.96116081E-03	-8.47776203E-03
-9.86829496E+00	-4.08470609E+00	4.95989030E-03	-8.50545508E-03
-1.03320313E+01	-2.67173395E+00	4.95861387E-03	-8.53327973E-03
-1.05947232E+01	-1.20918021E+00	4.95733147E-03	-8.56123704E-03
-1.06515932E+01	2.74521430E-01	4.95604306E-03	-8.58932811E-03
-1.05018619E+01	1.75057191E+00	4.95474857E-03	-8.61755403E-03
-1.01487564E+01	3.19036570E+00	4.95344797E-03	-8.64591591E-03
-9.59944192E+00	4.56604512E+00	4.95214120E-03	-8.67441486E-03
-8.86487650E+00	5.85103925E+00	4.95082821E-03	-8.70305203E-03
-7.95959259E+00	7.02057706E+00	4.94950895E-03	-8.73182854E-03
-6.90140970E+00	8.05216488E+00	4.94818338E-03	-8.76074555E-03
-5.71108377E+00	8.92601890E+00	4.94685144E-03	-8.78980425E-03
-4.41190015E+00	9.62544449E+00	4.94551307E-03	-8.81900580E-03
-3.02921816E+00	1.01371550E+01	4.94416823E-03	-8.84835140E-03
-1.58997615E+00	1.04515241E+01	4.94281686E-03	-8.87784226E-03
-1.22166812E-01	1.05627666E+01	4.94145891E-03	-8.90747960E-03
1.34570727E+00	1.04690444E+01	4.94009432E-03	-8.93726465E-03
2.78518697E+00	1.01724965E+01	4.93872303E-03	-8.96719867E-03
4.16840836E+00	9.67919057E+00	4.93734500E-03	-8.99728292E-03
5.46864197E+00	8.99899961E+00	4.93596016E-03	-9.02751866E-03
6.66080923E+00	8.14540444E+00	4.93456846E-03	-9.05790720E-03
7.72196613E+00	7.13522667E+00	4.93316984E-03	-9.08844983E-03
8.63174468E+00	5.98829729E+00	4.93176424E-03	-9.11914789E-03
9.37274377E+00	4.72706751E+00	4.93035160E-03	-9.15000269E-03
9.93086190E+00	3.37616935E+00	4.92893187E-03	-9.18101560E-03
1.02955653E+01	1.96193463E+00	4.92750498E-03	-9.21218797E-03
1.04600869E+01	5.11881831E-01	4.92607087E-03	-9.24352120E-03
1.04215509E+01	-9.45819341E-01	4.92462948E-03	-9.27501667E-03
1.01810233E+01	-2.38289510E+00	4.92318074E-03	-9.30667579E-03
9.74348451E+00	-3.77151591E+00	4.92172461E-03	-9.33850001E-03
9.11772661E+00	-5.08483538E+00	4.92026100E-03	-9.37049076E-03
8.31617720E+00	-6.29750917E+00	4.91878986E-03	-9.40264950E-03
7.35465257E+00	-7.38618405E+00	4.91731112E-03	-9.43497772E-03
6.25204576E+00	-8.32994750E+00	4.91582471E-03	-9.46747691E-03
5.02995544E+00	-9.11072937E+00	4.91433057E-03	-9.50014858E-03
3.71226295E+00	-9.71364773E+00	4.91282864E-03	-9.53299428E-03
2.32466563E+00	-1.01272924E+01	4.91131883E-03	-9.56601554E-03
8.94175827E-01	-1.03439409E+01	4.90980109E-03	-9.59921393E-03
-5.51404938E-01	-1.03597018E+01	4.90827534E-03	-9.63259105E-03
-1.98402618E+00	-1.01745851E+01	4.90674151E-03	-9.66614849E-03
-3.37593271E+00	-9.79249490E+00	4.90519953E-03	-9.69988789E-03
-4.70020227E+00	-9.22114843E+00	4.90364933E-03	-9.73381088E-03
-5.93126620E+00	-8.47191991E+00	4.90209084E-03	-9.76791913E-03
-7.04540304E+00	-7.55961453E+00	4.90052398E-03	-9.80221432E-03
-8.02119551E+00	-6.50217593E+00	4.89894867E-03	-9.83669816E-03
-8.83994219E+00	-5.32033343E+00	4.89736485E-03	-9.87137237E-03
-9.48601578E+00	-4.03719576E+00	4.89577242E-03	-9.90623870E-03
-9.94716127E+00	-2.67779925E+00	4.89417132E-03	-9.94129891E-03
-1.02147283E+01	-1.26861948E+00	4.89256147E-03	-9.97655479E-03
-1.02838331E+01	1.62944387E-01	4.89094279E-03	-1.00120082E-02
-1.01534474E+01	1.58910217E+00	4.88931519E-03	-1.00476608E-02
-9.82641221E+00	2.98221213E+00	4.88767860E-03	-1.00835147E-02
-9.30937671E+00	4.31531666E+00	4.88603293E-03	-1.01195716E-02
-8.61266336E+00	5.56266382E+00	4.88437810E-03	-1.01558334E-02
-7.75006199E+00	6.70020475E+00	4.88271403E-03	-1.01923021E-02
-6.73855701E+00	7.70605726E+00	4.88104062E-03	-1.02289796E-02
-5.59799310E+00	8.56092667E+00	4.87935780E-03	-1.02658680E-02
-4.35068599E+00	9.24847582E+00	4.87766547E-03	-1.03029691E-02
-3.02098589E+00	9.75563718E+00	4.87596355E-03	-1.03402850E-02
-1.63480223E+00	1.00728611E+01	4.87425194E-03	-1.03778178E-02
-2.19098878E-01	1.01942954E+01	4.87253056E-03	-1.04155695E-02
1.19863031E+00	1.01178929E+01	4.87079932E-03	-1.04535422E-02
2.59089535E+00	9.84544563E+00	4.86905811E-03	-1.04917382E-02
3.93074309E+00	9.38254330E+00	4.86730685E-03	-1.05301594E-02
5.19227895E+00	8.73845962E+00	4.86554543E-03	-1.05688081E-02
6.35116731E+00	7.92596638E+00	4.86377377E-03	-1.06076866E-02
7.38510085E+00	6.96108047E+00	4.86199177E-03	-1.06467969E-02
8.27422988E+00	5.86274819E+00	4.86019932E-03	-1.06861415E-02
9.00154334E+00	4.65247337E+00	4.85839633E-03	-1.07257227E-02
9.55319410E+00	3.35389642E+00	4.85658269E-03	-1.07655426E-02
9.91876253E+00	1.99233261E+00	4.85475830E-03	-1.08056038E-02
1.00914531E+01	5.94278702E-01	4.85292306E-03	-1.08459085E-02
1.00682204E+01	-8.13102699E-01	4.85107685E-03	-1.08864592E-02
9.84982241E+00	-2.20251076E+00	4.84921958E-03	-1.09272584E-02
9.44079973E+00	-3.54703598E+00	4.84735113E-03	-1.09683086E-02
8.84938164E+00	-4.82068126E+00	4.84547140E-03	-1.10096122E-02
8.08732079E+00	-5.99886453E+00	4.84358027E-03	-1.10511718E-02
7.16965979E+00	-7.05889311E+00	4.84167763E-03	-1.10929900E-02
6.11443438E+00	-7.98040072E+00	4.83976337E-03	-1.11350694E-02
4.94231911E+00	-8.74573865E+00	4.83783736E-03	-1.11774127E-02
3.67622229E+00	-9.34031374E+00	4.83589950E-03	-1.12200225E-02
2.34083843E+00	-9.75286643E+00	4.83394966E-03	-1.12629016E-02
9.62166563E-01	-9.97568388E+00	4.83198772E-03	-1.13060528E-02
-4.32995788E-01	-1.00047439E+01	4.83001356E-03	-1.13494788E-02
-1.81757346E+00	-9.83978727E+00	4.82802706E-03	-1.13931826E-02
-3.16473900E+00	-9.48431660E+00	4.82602809E-03	-1.14371669E-02
-4.44843239E+00	-8.94552277E+00	4.82401652E-03	-1.14814347E-02
-5.64386514E+00	-8.23413961E+00	4.82199223E-03	-1.15259889E-02
-6.72799882E+00	-7.36423024E+00	4.81995508E-03	-1.15708326E-02
-7.67998903E+00	-6.35290921E+00	4.81790495E-03	-1.16159688E-02
-8.48158609E+00	-5.22000587E+00	4.81584169E-03	-1.16614006E-02
-9.11748476E+00	-3.98767568E+00	4.81376517E-03	-1.17071311E-02
-9.57561635E+00	-2.67996700E+00	4.81167526E-03	-1.17531635E-02
-9.84737767E+00	-1.32235190E+00	4.80957181E-03	-1.17995010E-02
-9.92779236E+00	5.87699884E-02	4.80745468E-03	-1.18461469E-02
-9.81560168E+00	1.43658469E+00	4.80532372E-03	-1.18931044E-02
-9.51328307E+00	2.78438444E+00	4.80317880E-03	-1.19403770E-02
-9.02699628E+00	4.07608534E+00	4.80101977E-03	-1.19879680E-02
-8.36645814E+00	5.28673205E+00	4.79884646E-03	-1.20358810E-02
-7.54474860E+00	6.39297988E+00	4.79665874E-03	-1.20841193E-02
-6.57805188E+00	7.37354486E+00	4.79445645E-03	-1.21326866E-02
-5.48533776E+00	8.20961314E+00	4.79223942E-03	-1.21815864E-02
-4.28798948E+00	8.88520191E+00	4.79000751E-03	-1.22308225E-02
-3.00938535E+00	9.38746479E+00	4.78776055E-03	-1.22803985E-02
-1.67444238E+00	9.70693600E+00	4.78549838E-03	-1.23303182E-02
-3.09130740E-01	9.83770857E+00	4.78322083E-03	-1.23805854E-02
1.06003135E+00	9.77754325E+00	4.78092774E-03	-1.24312041E-02
2.40649267E+00	9.52790623E+00	4.77861893E-03	-1.24821781E-02
3.70418375E+00	9.09393483E+00	4.77629422E-03	-1.25335114E-02
4.92802165E+00	8.48433216E+00	4.77395346E-03	-1.25852082E-02
6.05439461E+00	7.71119283E+00	4.77159645E-03	-1.26372724E-02
7.06161758E+00	6.78976306E+00	4.76922302E-03	-1.26897084E-02
7.93034964E+00	5.73814021E+00	4.76683297E-03	-1.27425204E-02
8.64396525E+00	4.57691740E+00	4.76442614E-03	-1.27957126E-02
9.18887237E+00	3.32878033E+00	4.76200232E-03	-1.28492894E-02
9.55477117E+00	2.01806419E+00	4.75956133E-03	-1.29032553E-02
9.73484862E+00	6.70279248E-01	4.75710297E-03	-1.29576148E-02
9.72590503E+00	-6.88385571E-01	4.75462705E-03	-1.30123724E-02
9.52841051E+00	-2.03157152E+00	4.75213335E-03	-1.30675329E-02
9.14648998E+00	-3.33326133E+00	4.74962169E-03	-1.31231009E-02
8.58783756E+00	-4.56828307E+00	4.74709185E-03	-1.31790812E-02
7.86356175E+00	-5.71279691E+00	4.74454362E-03	-1.32354788E-02
6.98796469E+00	-6.74475515E+00	4.74197679E-03	-1.32922985E-02
5.97825990E+00	-7.64432696E+00	4.73939114E-03	-1.33495454E-02
4.85423393E+00	-8.39427930E+00	4.73678646E-03	-1.34072246E-02
3.63785874E+00	-8.98030699E+00	4.73416251E-03	-1.34653413E-02
2.35286223E+00	-9.39130548E+00	4.73151908E-03	-1.35239007E-02
1.02426553E+00	-9.61958109E+00	4.72885593E-03	-1.35829083E-02
-3.22104224E-01	-9.66099481E+00	4.72617283E-03	-1.36423694E-02
-1.66011584E+00	-9.51503702E+00	4.72346954E-03	-1.37022897E-02
-2.96384118E+00	-9.18483162E+00	4.72074582E-03	-1.37626746E-02
-4.20805755E+00	-8.67706980E+00	4.71800142E-03	-1.38235300E-02
-5.36873560E+00	-8.00187469E+00	4.71523610E-03	-1.38848616E-02
-6.42350332E+00	-7.17259970E+00	4.71244960E-03	-1.39466754E-02
-7.35207721E+00	-6.20556457E+00	4.70964167E-03	-1.40089773E-02
-8.13665221E+00	-5.11973434E+00	4.70681204E-03	-1.40717734E-02
-8.76224308E+00	-3.93634743E+00	4.70396044E-03	-1.41350700E-02
-9.21697046E+00	-2.67850036E+00	4.70108661E-03	-1.41988734E-02
-9.49228630E+00	-1.37069704E+00	4.69819028E-03	-1.42631900E-02
-9.58313441E+00	-3.83714395E-02	4.69527115E-03	-1.43280262E-02
-9.48804297E+00	1.29260693E+00	4.69232896E-03	-1.43933888E-02
-9.20914744E+00	2.59643530E+00	4.68936341E-03	-1.44592845E-02
-8.75214352E+00	3.84787776E+00	4.68637421E-03	-1.45257201E-02
-8.12617112E+00	5.02275370E+00	4.68336105E-03	-1.45927026E-02
-7.34363173E+00	6.09840489E+00	4.68032365E-03	-1.46602392E-02
-6.41994290E+00	7.05413244E+00	4.67726168E-03	-1.47283370E-02
-5.37323458E+00	7.87159502E+00	4.67417484E-03	-1.47970034E-02
-4.22399334E+00	8.53516076E+00	4.67106280E-03	-1.48662458E-02
-2.99466149E+00	9.03220605E+00	4.66792525E-03	-1.49360720E-02
-1.70919893E+00	9.35335558E+00	4.66476185E-03	-1.50064896E-02
-3.92616182E-01	9.49265901E+00	4.66157227E-03	-1.50775065E-02
9.29512112E-01	9.44770097E+00	4.65835616E-03	-1.51491307E-02
2.23154394E+00	9.21964230E+00	4.65511318E-03	-1.52213704E-02
3.48826718E+00	8.81319198E+00	4.65184297E-03	-1.52942339E-02
4.67538769E+00	8.23651022E+00	4.64854518E-03	-1.53677297E-02
5.76999894E+00	7.50104487E+00	4.64521944E-03	-1.54418664E-02
6.75102390E+00	6.62130428E+00	4.64186538E-03	-1.55166528E-02
7.59962082E+00	5.61457124E+00	4.63848261E-03	-1.55920977E-02
8.29954504E+00	4.50056352E+00	4.63507075E-03	-1.56682104E-02
8.83745984E+00	3.30104778E+00	4.63162942E-03	-1.57450000E-02
9.20319046E+00	2.03941434E+00	4.62815820E-03	-1.58224760E-02
9.38991641E+00	7.40221118E-01	4.62465670E-03	-1.59006480E-02
9.39429840E+00	-5.71284276E-01	4.62112449E-03	-1.59795258E-02
9.21653769E+00	-1.86965517E+00	4.61756116E-03	-1.60591195E-02
8.86036658E+00	-3.12973948E+00	4.61396627E-03	-1.61394390E-02
8.33297049E+00	-4.32716689E+00	4.61033940E-03	-1.62204949E-02
7.64484329E+00	-5.43882014E+00	4.60668008E-03	-1.63022976E-02
6.80957860E+00	-6.44328122E+00	4.60298788E-03	-1.63848580E-02
5.84360141E+00	-7.32124396E+00	4.59926232E-03	-1.64681870E-02
4.76584515E+00	-8.05588506E+00	4.59550293E-03	-1.65522958E-02
3.59738072E+00	-8.63318630E+00	4.59170924E-03	-1.66371957E-02
2.36100456E+00	-9.04220198E+00	4.58788075E-03	-1.67228984E-02
1.08079403E+00	-9.27526628E+00	4.58401696E-03	-1.68094158E-02
-2.18361468E-01	-9.32813672E+00	4.58011738E-03	-1.68967600E-02
-1.51124429E+00	-9.20007109E+00	4.57618147E-03	-1.69849431E-02
-2.77279797E+00	-8.89383631E+00	4.57220871E-03	-1.70739780E-02
-3.97861281E+00	-8.41564926E+00	4.56819857E-03	-1.71638772E-02
-5.10539805E+00	-7.77505090E+00	4.56415049E-03	-1.72546540E-02
-6.13143173E+00	-6.98471600E+00	4.56006392E-03	-1.73463217E-02
-7.03697932E+00	-6.06020253E+00	4.55593828E-03	-1.74388939E-02
-7.80467327E+00	-5.01964547E+00	4.55177299E-03	-1.75323844E-02
-8.41984596E+00	-3.88340118E+00	4.54756746E-03	-1.76268076E-02
-8.87080987E+00	-2.67364927E+00	4.54332108E-03	-1.77221777E-02
-9.14907949E+00	-1.41395966E+00	4.53903324E-03	-1.78185097E-02
-9.24953080E+00	-1.28833490E-01	4.53470330E-03	-1.79158186E-02
-9.17049536E+00	1.15677341E+00	4.53033062E-03	-1.80141198E-02
-8.91378722E+00	2.41793504E+00	4.52591455E-03	-1.81134291E-02
-8.48466229E+00	3.63023849E+00	4.52145441E-03	-1.82137624E-02
-7.89171101E+00	4.77025641E+00	4.51694953E-03	-1.83151362E-02
-7.14668661E+00	5.81599969E+00	4.51239920E-03	-1.84175673E-02
-6.26427224E+00	6.74734153E+00	4.50780272E-03	-1.85210727E-02
-5.26179173E+00	7.54640470E+00	4.50315935E-03	-1.86256700E-02
-4.15886952E+00	8.19790467E+00	4.49846836E-03	-1.87313770E-02
-2.97704662E+00	8.68944182E+00	4.49372898E-03	-1.88382120E-02
-1.73935996E+00	9.01173734E+00	4.48894044E-03	-1.89461937E-02
-4.69893357E-01	9.15880823E+00	4.48410196E-03	-1.90553410E-02
8.06690983E-01	9.12807812E+00	4.47921272E-03	-1.91656736E-02
2.06563159E+00	8.92042187E+00	4.47427189E-03	-1.92772113E-02
3.28254793E+00	8.54014320E+00	4.46927864E-03	-1.93899745E-02
4.43391249E+00	7.99488587E+00	4.46423210E-03	-1.95039842E-02
5.49750561E+00	7.29548021E+00	4.45913140E-03	-1.96192616E-02
6.45284420E+00	6.45572819E+00	4.45397563E-03	-1.97358285E-02
7.28157615E+00	5.49213112E+00	4.44876387E-03	-1.98537073E-02
7.96783281E+00	4.42356553E+00	4.44349518E-03	-1.99729207E-02
8.49853270E+00	3.27091342E+00	4.43816860E-03	-2.00934922E-02
8.86363083E+00	2.05665430E+00	4.43278314E-03	-2.02154457E-02
9.05630862E+00	8.04426798E-01	4.42733781E-03	-2.03388056E-02
9.07310108E+00	-4.61431408E-01	4.42183157E-03	-2.04635971E-02
8.91395870E+00	-1.71635658E+00	4.41626336E-03	-2.05898457E-02
8.58224307E+00	-2.93603549E+00	4.41063212E-03	-2.07175778E-02
8.08465632E+00	-4.09687645E+00	4.40493674E-03	-2.08468202E-02
7.43110595E+00	-5.17646552E+00	4.39917609E-03	-2.09776006E-02
6.63450776E+00	-6.15399924E+00	4.39334901E-03	-2.11099471E-02
5.71053062E+00	-7.01068548E+00	4.38745434E-03	-2.12438887E-02
4.67728847E+00	-7.73010454E+00	4.38149084E-03	-2.13794552E-02
3.55498520E+00	-8.29852384E+00	4.37545730E-03	-2.15166767E-02
2.36551971E+00	-8.70515993E+00	4.36935244E-03	-2.16555846E-02
1.13205868E+00	-8.94238291E+00	4.36317495E-03	-2.17962108E-02
-1.21414607E-01	-9.00585942E+00	4.35692351E-03	-2.19385879E-02
-1.37056651E+00	-8.89463150E+00	4.35059676E-03	-2.20827497E-02
-2.59118538E+00	-8.61112983E+00	4.34419330E-03	-2.22287305E-02
-3.75965073E+00	-8.16112131E+00	4.33771169E-03	-2.23765657E-02
-4.85339032E+00	-7.55359201E+00	4.33115047E-03	-2.25262916E-02
-5.85131612E+00	-6.80056789E+00	4.32450813E-03	-2.26779454E-02
-6.73423081E+00	-5.91687688E+00	4.31778313E-03	-2.28315653E-02
-7.48519704E+00	-4.91985700E+00	4.31097388E-03	-2.29871905E-02
-8.08986225E+00	-3.82901625E+00	4.30407878E-03	-2.31448613E-02
-8.53673286E+00	-2.66565101E+00	4.29709614E-03	-2.33046191E-02
-8.81739266E+00	-1.45243035E+00	4.29002427E-03	-2.34665063E-02
-8.92666111E+00	-2.12954316E-01	4.28286140E-03	-2.36305666E-02
-8.86268875E+00	1.02870502E+00	4.27560575E-03	-2.37968448E-02
-8.62698777E+00	2.24847104E+00	4.26825546E-03	-2.39653869E-02
-8.22439747E+00	3.42272941E+00	4.26080865E-03	-2.41362404E-02
-7.66298516E+00	4.52878514E+00	4.25326336E-03	-2.43094540E-02
-6.95388475E+00	5.54530115E+00	4.24561759E-03	-2.44850776E-02
-6.11107602E+00	6.45270987E+00	4.23786930E-03	-2.46631629E-02
-5.15110912E+00	7.23358979E+00	4.23001637E-03	-2.48437628E-02
-4.09277971E+00	7.87299986E+00	4.22205663E-03	-2.50269317E-02
-2.95676096E+00	8.35876532E+00	4.21398787E-03	-2.52127259E-02
-1.76519984E+00	8.68170934E+00	4.20580778E-03	-2.54012029E-02
-5.41285421E-01	8.83582626E+00	4.19751403E-03	-2.55924224E-02
6.91202385E-01	8.81839307E+00	4.18910417E-03	-2.57864454E-02
1.90835475E+00	8.63001702E+00	4.18057573E-03	-2.59833350E-02
3.08659771E+00	8.27461863E+00	4.17192615E-03	-2.61831562E-02
4.20314866E+00	7.75935048E+00	4.16315279E-03	-2.63859759E-02
5.23645683E+00	7.09445349E+00	4.15425293E-03	-2.65918631E-02
6.16661920E+00	6.29305345E+00	4.14522379E-03	-2.68008889E-02
6.97576376E+00	5.37090210E+00	4.13606248E-03	-2.70131266E-02
7.64839282E+00	4.34606755E+00	4.12676607E-03	-2.72286519E-02
8.17167979E+00	3.23858037E+00	4.11733148E-03	-2.74475427E-02
8.53571361E+00	2.07004215E+00	4.10775559E-03	-2.76698795E-02
8.73368641E+00	8.63204232E-01	4.09803515E-03	-2.78957456E-02
8.76202053E+00	-3.58475205E-01	4.08816683E-03	-2.81252266E-02
8.62043291E+00	-1.57128705E+00	4.07814720E-03	-2.83584111E-02
8.31193532E+00	-2.75173134E+00	4.06797270E-03	-2.85953907E-02
7.84277088E+00	-3.87697253E+00	4.05763968E-03	-2.88362599E-02
7.22228787E+00	-4.92528117E+00	4.04714437E-03	-2.90811164E-02
6.46275367E+00	-5.87645352E+00	4.03648288E-03	-2.93300613E-02
5.57911231E+00	-6.71220077E+00	4.02565117E-03	-2.95831989E-02
4.58869055E+00	-7.41650072E+00	4.01464512E-03	-2.98406374E-02
3.51085819E+00	-7.97590476E+00	4.00346043E-03	-3.01024885E-02
2.36664934E+00	-8.37979465E+00	3.99209268E-03	-3.03688679E-02
1.17835202E+00	-8.62058389E+00	3.98053729E-03	-3.06398954E-02
-3.09259744E-02	-8.69386008E+00	3.96878955E-03	-3.09156951E-02
-1.23770634E+00	-8.59846547E+00	3.95684457E-03	-3.11963954E-02
-2.41859605E+00	-8.33651429E+00	3.94469730E-03	-3.14821294E-02
-3.55074076E+00	-7.91334667E+00	3.93234252E-03	-3.17730353E-02
-4.61226704E+00	-7.33741997E+00	3.91977482E-03	-3.20692560E-02
-5.58270497E+00	-6.62013997E+00	3.90698861E-03	-3.23709400E-02
-6.44338274E+00	-5.77563510E+00	3.89397811E-03	-3.26782413E-02
-7.17778589E+00	-4.82047824E+00	3.88073731E-03	-3.29913199E-02
-7.77187407E+00	-3.77336155E+00	3.86726001E-03	-3.33103415E-02
-8.21434938E+00	-2.65473077E+00	3.85353978E-03	-3.36354787E-02
-8.49687112E+00	-1.48638607E+00	3.83956995E-03	-3.39669106E-02
-8.61421285E+00	-2.91057242E-01	3.82534361E-03	-3.43048233E-02
-8.56435880E+00	9.08038436E-01	3.81085358E-03	-3.46494105E-02
-8.34853797E+00	2.08764709E+00	3.79609244E-03	-3.50008735E-02
-7.97119517E+00	3.22492915E+00	3.78105245E-03	-3.53594220E-02
-7.43989980E+00	4.29790154E+00	3.76572562E-03	-3.57252740E-02
-6.76519422E+00	5.28586250E+00	3.75010362E-03	-3.60986569E-02
-5.96038465E+00	6.16979095E+00	3.73417780E-03	-3.64798074E-02
-5.04127886E+00	6.93271266E+00	3.71793919E-03	-3.68689723E-02
-4.02587580E+00	7.56002610E+00	3.70137844E-03	-3.72664088E-02
-2.93401316E+00	8.03978181E+00	3.68448585E-03	-3.76723856E-02
-1.78697988E+00	8.36290994E+00	3.66725131E-03	-3.80871829E-02
-6.07101127E-01	8.52339154E+00	3.64966430E-03	-3.85110932E-02
5.82696150E-01	8.51837050E+00	3.63171389E-03	-3.89444223E-02
1.75932870E+00	8.34820392E+00	3.61338865E-03	-3.93874897E-02
2.90000475E+00	8.01645019E+00	3.59467672E-03	-3.98406296E-02
3.98266540E+00	7.52979494E+00	3.57556570E-03	-4.03041917E-02
4.98641118E+00	6.89791653E+00	3.55604269E-03	-4.07785418E-02
5.89190541E+00	6.13329370E+00	3.53609420E-03	-4.12640634E-02
6.68174668E+00	5.25095924E+00	3.51570616E-03	-4.17611582E-02
7.34080313E+00	4.26820452E+00	3.49486390E-03	-4.22702474E-02
7.85650230E+00	3.20424073E+00	3.47355206E-03	-4.27917728E-02
8.21907089E+00	2.07982336E+00	3.45175461E-03	-4.33261984E-02
8.42171977E+00	9.16847405E-01	3.42945478E-03	-4.38740114E-02
8.46077104E+00	-2.62078942E-01	3.40663503E-03	-4.44357239E-02
8.33572432E+00	-1.43407373E+00	3.38327699E-03	-4.50118743E-02
8.04926159E+00	-2.57642530E+00	3.35936144E-03	-4.56030296E-02
7.60719012E+00	-3.66703237E+00	3.33486823E-03	-4.62097863E-02
7.01832497E+00	-4.68483156E+00	3.30977623E-03	-4.68327733E-02
6.29431342E+00	-5.61020416E+00	3.28406331E-03	-4.74726539E-02
5.44940466E+00	-6.42535418E+00	3.25770622E-03	-4.81301275E-02
4.50016946E+00	-7.11465058E+00	3.23068056E-03	-4.88059333E-02
3.46517526E+00	-7.66492687E+00	3.20296068E-03	-4.95008520E-02
2.36462304E+00	-8.06573253E+00	3.17451964E-03	-5.02157095E-02
1.21995310E+00	-8.30953141E+00	3.14532910E-03	-5.09513799E-02
5.34274552E-02	-8.39184316E+00	3.11535924E-03	-5.17087891E-02
-1.11230310E+00	-8.31132541E+00	3.08457863E-03	-5.24889190E-02
-2.25463874E+00	-8.06979479E+00	3.05295419E-03	-5.32928113E-02
-3.35146867E+00	-7.67218681E+00	3.02045104E-03	-5.41215723E-02
-4.38159909E+00	-7.12645521E+00	2.98703236E-03	-5.49763783E-02
-5.32516259E+00	-6.44341310E+00	2.95265929E-03	-5.58584808E-02
-6.16400132E+00	-5.63651874E+00	2.91729079E-03	-5.67692128E-02
-6.88201634E+00	-4.72161052E+00	2.88088346E-03	-5.77099957E-02
-7.46547646E+00	-3.71659615E+00	2.84339142E-03	-5.86823463E-02
-7.90328081E+00	-2.64110217E+00	2.80476606E-03	-5.96878854E-02
-8.18716988E+00	-1.51609079E+00	2.76495594E-03	-6.07283467E-02
-8.31188125E+00	-3.63451355E-01	2.72390649E-03	-6.18055866E-02
-8.27524686E+00	7.94425503E-01	2.68155983E-03	-6.29215957E-02
-8.07823022E+00	1.93508275E+00	2.63785454E-03	-6.40785108E-02
-7.72490279E+00	3.03643245E+00	2.59272534E-03	-6.52786285E-02
-7.22236021E+00	4.07718342E+00	2.54610283E-03	-6.65244208E-02
-6.58057991E+00	5.03725281E+00	2.49791319E-03	-6.78185518E-02
-5.81222323E+00	5.89815349E+00	2.44807780E-03	-6.91638972E-02
-4.93238566E+00	6.64335005E+00	2.39651289E-03	-7.05635649E-02
-3.95830040E+00	7.25857630E+00	2.34312912E-03	-7.20209198E-02
-2.90900085E+00	7.73210828E+00	2.28783117E-03	-7.35396107E-02
-1.80494879E+00	8.05498758E+00	2.23051721E-03	-7.51236002E-02
-6.67635417E-01	8.22119073E+00	2.17107844E-03	-7.67772004E-02
4.80836923E-01	8.22774128E+00	2.10939850E-03	-7.85051110E-02
1.61818424E+00	8.07476284E+00	2.04535284E-03	-8.03124648E-02
2.72237320E+00	7.76547172E+00	1.97880813E-03	-8.22048786E-02
3.77204794E+00	7.30610977E+00	1.90962149E-03	-8.41885110E-02
4.74694302E+00	6.70581861E+00	1.83763976E-03	-8.62701302E-02
5.62827463E+00	5.97645783E+00	1.76269873E-03	-8.84571907E-02
6.39910244E+00	5.13237079E+00	1.68462224E-03	-9.07579229E-02
7.04465515E+00	4.19010265E+00	1.60322135E-03	-9.31814366E-02
7.55261348E+00	3.16807612E+00	1.51829339E-03	-9.57378418E-02
7.91334514E+00	2.08623134E+00	1.42962105E-03	-9.84383894E-02
8.12008737E+00	9.65636923E-01	1.33697151E-03	-1.01295638E-01
8.16907357E+00	-1.71920337E-01	1.24009559E-03	-1.04323647E-01
8.05960160E+00	-1.30435895E+00	1.13872709E-03	-1.07538210E-01
7.79404262E+00	-2.40973134E+00	1.03258227E-03	-1.10957133E-01
7.37779024E+00	-3.46664911E+00	9.21359811E-04	-1.14600558E-01
6.81915125E+00	-4.45469690E+00	8.04741243E-04	-1.18491366E-01
6.12917998E+00	-5.35482662E+00	6.82392272E-04	-1.22655656E-01
5.32145967E+00	-6.14972462E+00	5.53965372E-04	-1.27123332E-01
4.41183513E+00	-6.82414467E+00	4.19104245E-04	-1.31928821E-01
3.41810204E+00	-7.36520025E+00	2.77451045E-04	-1.37111965E-01
2.35965881E+00	-7.76261077E+00	1.28657662E-04	-1.42719126E-01
1.25712803E+00	-8.00889671E+00	-2.75970103E-05	-1.48804578E-01
1.31954643E-01	-8.09952031E+00	-1.91580951E-04	-1.55432269E-01
-9.94011033E-01	-8.03296889E+00	-3.63469683E-04	-1.62678076E-01
-2.09893764E+00	-7.81077944E+00	-5.43287119E-04	-1.70632724E-01
-3.16143597E+00	-7.43750402E+00	-7.30816279E-04	-1.79405605E-01
-4.16097301E+00	-6.92061682E+00	-9.25463737E-04	-1.89129834E-01
-5.07826863E+00	-6.27036459E+00	-1.12605188E-03	-1.99969049E-01
-5.89566748E+00	-5.49956371E+00	-1.33049671E-03	-2.12126694E-01
-6.59747869E+00	-4.62334759E+00	-1.53530078E-03	-2.25858893E-01
-7.17027702E+00	-3.65886969E+00	-1.73474047E-03	-2.41492687E-01
-7.60315962E+00	-2.62496777E+00	-1.91953576E-03	-2.59452386E-01
-7.88795340E+00	-1.54179597E+00	-2.07461692E-03	-2.80298624E-01
-8.01936923E+00	-4.30432075E-01	-2.17526241E-03	-3.04787859E-01
-7.99509998E+00	6.87532641E-01	-2.18018011E-03	-3.33965993E-01
-7.81586053E+00	1.79041282E+00	-2.01858111E-03	-3.69321345E-01
-7.48536919E+00	2.85684959E+00	-1.56477590E-03	-4.13045994E-01
-7.01027091E+00	3.86622418E+00	-5.85060637E-04	-4.68506965E-01
-6.40000381E+00	4.79905647E+00	1.38223625E-03	-5.41153788E-01
-5.66661185E+00	5.63738095E+00	5.32574987E-03	-6.40418764E-01
-4.82450723E+00	6.36509258E+00	1.36104746E-02	-7.84153865E-01
-3.89018723E+00	6.96825617E+00	3.28738225E-02	-1.01065580E+00
-2.88191110E+00	7.43537312E+00	8.70383171E-02	-1.41920847E+00
-1.81934329E+00	7.75760054E+00	3.12050691E-01	-2.36510580E+00
-7.23169970E-01	7.92891854E+00	3.17563089E+00	-6.08020024E+00
3.85303587E-01	7.94624247E+00	2.59317040E+00	5.02785431E+00
1.48456709E+00	7.80947817E+00	4.64000054E-01	2.15552492E+00
2.55332258E+00	7.52151905E+00	2.03335936E-01	1.33973194E+00
3.57089700E+00	7.08818536E+00	1.21101162E-01	9.69320950E-01
4.51764203E+00	6.51810670E+00	8.39037023E-02	7.58814326E-01
5.37531344E+00	5.82255034E+00	6.35345219E-02	6.23243329E-01
6.12742258E+00	5.01519861E+00	5.09753684E-02	5.28694526E-01
6.75955332E+00	4.11187985E+00	4.25803972E-02	4.59014371E-01
7.25963826E+00	3.13025813E+00	3.66312586E-02	4.05539385E-01
7.61818906E+00	2.08948797E+00	3.22249874E-02	3.63208850E-01
7.82847632E+00	1.00984055E+00	2.88468621E-02	3.28869438E-01
7.88665572E+00	-8.76909876E-02	2.61843146E-02	3.00454387E-01
7.79183802E+00	-1.18179974E+00	2.40376817E-02	2.76552799E-01
7.54610167E+00	-2.25127859E+00	2.22740273E-02	2.56168686E-01
7.15444787E+00	-3.27543123E+00	2.08017317E-02	2.38578943E-01
6.62469899E+00	-4.23447263E+00	1.95557779E-02	2.23245905E-01
5.96734251E+00	-5.10991118E+00	1.84888556E-02	2.09761500E-01
5.19532349E+00	-5.88490516E+00	1.75657835E-02	1.97810429E-01
4.32378972E+00	-6.54458672E+00	1.67598978E-02	1.87145225E-01
3.36979463E+00	-7.07634700E+00	1.60506483E-02	1.77568946E-01
2.35196362E+00	-7.47007706E+00	1.54219592E-02	1.68922907E-01
1.29013049E+00	-7.71835994E+00	1.48610861E-02	1.61077826E-01
2.04951046E-01	-7.81661025E+00	1.43578040E-02	1.53927311E-01
-8.82498716E-01	-7.76315860E+00	1.39038200E-02	1.47383013E-01
-1.95113185E+00	-7.55927941E+00	1.34923413E-02	1.41370957E-01
-2.98025933E+00	-7.20916159E+00	1.31177541E-02	1.35828730E-01
-3.94999052E+00	-6.71982271E+00	1.27753806E-02	1.30703310E-01
-4.84161759E+00	-6.10096855E+00	1.24612933E-02	1.25949366E-01
-5.63797634E+00	-5.36480068E+00	1.21721714E-02	1.21527907E-01
-6.32377657E+00	-4.52577600E+00	1.19051893E-02	1.17405215E-01
-6.88589557E+00	-3.60032287E+00	1.16579283E-02	1.13551981E-01
-7.31362916E+00	-2.60651956E+00	1.14283060E-02	1.09942610E-01
-7.59889540E+00	-1.56374112E+00	1.12145208E-02	1.06554648E-01
-7.73638718E+00	-4.92281706E-01	1.10150061E-02	1.03368313E-01
-7.72367077E+00	5.87040297E-01	1.08283937E-02	1.00366115E-01
-7.56122848E+00	1.65328675E+00	1.06534832E-02	9.75325281E-02
-7.25244472E+00	2.68580589E+00	1.04892178E-02	9.48537238E-02
-6.80353586E+00	3.66463225E+00	1.03346628E-02	9.23173462E-02
-6.22342524E+00	4.57087272E+00	1.01889893E-02	8.99123199E-02
-5.52356592E+00	5.38707111E+00	1.00514595E-02	8.76286892E-02
-4.71771467E+00	6.09754437E+00	9.92141425E-03	8.54574792E-02
-3.82166162E+00	6.68868384E+00	9.79826340E-03	8.33905788E-02
-2.85292094E+00	7.14921588E+00	9.68147677E-03	8.14206386E-02
-1.83038859E+00	7.47041671E+00	9.57057683E-03	7.95409837E-02
-7.73973751E-01	7.64627762E+00	9.46513236E-03	7.77455384E-02
2.95788711E-01	7.67361716E+00	9.36475299E-03	7.60287599E-02
1.35813739E+00	7.55213837E+00	9.26908452E-03	7.43855815E-02
2.39248719E+00	7.28443006E+00	9.17780481E-03	7.28113625E-02
3.37882819E+00	6.87591205E+00	9.09062028E-03	7.13018442E-02
4.29811264E+00	6.33472566E+00	9.00726281E-03	6.98531115E-02
5.13262279E+00	5.67157160E+00	8.92748709E-03	6.84615589E-02
5.86631229E+00	4.89949847E+00	8.85106819E-03	6.71238607E-02
6.48511467E+00	4.03364612E+00	8.77779955E-03	6.58369440E-02
6.97721297E+00	3.09094880E+00	8.70749112E-03	6.45979653E-02
7.33326531E+00	2.08980407E+00	8.63996779E-03	6.34042896E-02
7.54658210E+00	1.04971376E+00	8.57506790E-03	6.22534716E-02
7.61325161E+00	-9.09582677E-03	8.51264202E-03	6.11432386E-02
7.53221143E+00	-1.06606719E+00	8.45255179E-03	6.00714761E-02
7.30526460E+00	-2.10071076E+00	8.39466896E-03	5.90362138E-02
6.93704015E+00	-3.09300199E+00	8.33887444E-03	5.80356137E-02
6.43489894E+00	-4.02376891E+00	8.28505752E-03	5.70679593E-02
5.80878661E+00	-4.87506245E+00	8.23311515E-03	5.61316454E-02
5.07103677E+00	-5.63050256E+00	8.18295130E-03	5.52251696E-02
4.23612806E+00	-6.27559327E+00	8.13447635E-03	5.43471238E-02
3.32040012E+00	-6.79800083E+00	8.08760658E-03	5.34961873E-02
2.34173385E+00	-7.18778939E+00	8.04226370E-03	5.26711199E-02
1.31920232E+00	-7.43760993E+00	7.99837441E-03	5.18707560E-02
2.72699151E-01	-7.54283864E+00	7.95587000E-03	5.10939987E-02
-7.77448536E-01	-7.50166230E+00	7.91468601E-03	5.03398155E-02
-1.81087485E+00	-7.31510902E+00	7.87476193E-03	4.96072328E-02
-2.80757005E+00	-6.98702387E+00	7.83604084E-03	4.88953327E-02
-3.74826795E+00	-6.52398986E+00	7.79846923E-03	4.82032481E-02
-4.61481829E+00	-5.93519608E+00	7.76199666E-03	4.75301600E-02
-5.39053683E+00	-5.23225539E+00	7.72657563E-03	4.68752938E-02
-6.06052658E+00	-4.42897551E+00	7.69216130E-03	4.62379165E-02
-6.61196378E+00	-3.54108784E+00	7.65871136E-03	4.56173338E-02
-7.03434330E+00	-2.58593946E+00	7.62618582E-03	4.50128878E-02
-7.31967865E+00	-1.58215429E+00	7.59454685E-03	4.44239544E-02
-7.46265286E+00	-5.49269957E-01	7.56375868E-03	4.38499414E-02
-7.46071741E+00	4.92642397E-01	7.53378742E-03	4.32902863E-02
-7.31413727E+00	1.52336810E+00	7.50460093E-03	4.27444545E-02
-7.02598135E+00	2.52294108E+00	7.47616877E-03	4.22119375E-02
-6.60205861E+00	3.47203062E+00	7.44846202E-03	4.16922518E-02
-6.05080111E+00	4.35231507E+00	7.42145322E-03	4.11849366E-02
-5.38309645E+00	5.14683557E+00	7.39511629E-03	4.06895532E-02
-4.61207279E+00	5.84032262E+00	7.36942641E-03	4.02056833E-02
-3.75284085E+00	6.41948954E+00	7.34435999E-03	3.97329278E-02
-2.82219778E+00	6.87328693E+00	7.31989453E-03	3.92709062E-02
-1.83829889E+00	7.19311337E+00	7.29600865E-03	3.88192547E-02
-8.20303520E-01	7.37297838E+00	7.27268192E-03	3.83776261E-02
2.11998016E-01	7.40961444E+00	7.24989489E-03	3.79456884E-02
1.23856909E+00	7.30253603E+00	7.22762899E-03	3.75231241E-02
2.23951563E+00	7.05404478E+00	7.20586648E-03	3.71096295E-02
3.19547159E+00	6.66918035E+00	7.18459043E-03	3.67049137E-02
4.08797359E+00	6.15561851E+00	7.16378464E-03	3.63086984E-02
4.89981749E+00	5.52351815E+00	7.14343365E-03	3.59207166E-02
5.61538992E+00	4.78532043E+00	7.12352264E-03	3.55407125E-02
6.22096853E+00	3.95550400E+00	7.10403745E-03	3.51684410E-02
6.70498506E+00	3.05030105E+00	7.08496448E-03	3.48036667E-02
7.05824623E+00	2.08737990E+00	7.06629076E-03	3.44461636E-02
7.27410829E+00	1.08550019E+00	7.04800380E-03	3.40957149E-02
7.34860177E+00	6.41474067E-02	7.03009166E-03	3.37521122E-02
7.28050429E+00	-9.56845982E-01	7.01254288E-03	3.34151553E-02
7.07135992E+00	-1.95768561E+00	6.99534646E-03	3.30846516E-02
6.72544492E+00	-2.91899893E+00	6.97849182E-03	3.27604161E-02
6.24968052E+00	-3.82221010E+00	6.96196883E-03	3.24422707E-02
5.65349460E+00	-4.64989896E+00	6.94576774E-03	3.21300438E-02
4.94863499E+00	-5.38613689E+00	6.92987917E-03	3.18235704E-02
4.14893800E+00	-6.01679329E+00	6.91429411E-03	3.15226916E-02
3.27005695E+00	-6.52980678E+00	6.89900389E-03	3.12272541E-02
2.32915578E+00	-6.91541575E+00	6.88400018E-03	3.09371103E-02
1.34457395E+00	-7.16634402E+00	6.86927494E-03	3.06521179E-02
3.35468995E-01	-7.27793799E+00	6.85482043E-03	3.03721396E-02
-6.78556144E-01	-7.24825279E+00	6.84062920E-03	3.00970429E-02
-1.67783392E+00	-7.07808570E+00	6.82669408E-03	2.98267000E-02
-2.64301357E+00	-6.77095640E+00	6.81300814E-03	2.95609874E-02
-3.55543580E+00	-6.33303446E+00	6.79956470E-03	2.92997861E-02
-4.39749345E+00	-5.77301555E+00	6.78635733E-03	2.90429809E-02
-5.15297122E+00	-5.10194891E+00	6.77337981E-03	2.87904606E-02
-5.80735787E+00	-4.33301942E+00	6.76062614E-03	2.85421177E-02
-6.34812488E+00	-3.48128861E+00	6.74809054E-03	2.82978481E-02
-6.76496624E+00	-2.56339974E+00	6.73576740E-03	2.80575514E-02
-7.04999477E+00	-1.59725258E+00	6.72365133E-03	2.78211304E-02
-7.19789126E+00	-6.01654459E-01	6.71173710E-03	2.75884909E-02
-7.20600354E+00	4.04045829E-01	6.70001966E-03	2.73595419E-02
-7.07439372E+00	1.40033400E+00	6.68849413E-03	2.71341951E-02
-6.80583276E+00	2.36790889E+00	6.67715578E-03	2.69123653E-02
-6.40574244E+00	3.28805630E+00	6.66600006E-03	2.66939696E-02
-5.88208611E+00	4.14301093E+00	6.65502254E-03	2.64789280E-02
-5.24521034E+00	4.91629933E+00	6.64421893E-03	2.62671628E-02
-4.50764050E+00	5.59305722E+00	6.63358509E-03	2.60585986E-02
-3.68383460E+00	6.16031521E+00	6.62311702E-03	2.58531626E-02
-2.78989985E+00	6.60724720E+00	6.61281081E-03	2.56507839E-02
-1.84327785E+00	6.92537698E+00	6.60266271E-03	2.54513938E-02
-8.62404336E-01	7.10873884E+00	6.59266906E-03	2.52549256E-02
1.33649858E-01	7.15398930E+00	6.58282632E-03	2.50613148E-02
1.12554949E+00	7.06046783E+00	6.57313105E-03	2.48704986E-02
2.09407022E+00	6.83020542E+00	6.56357994E-03	2.46824160E-02
3.02047115E+00	6.46788100E+00	6.55416973E-03	2.44970077E-02
3.88685740E+00	5.98072657E+00	6.54489731E-03	2.43142164E-02
4.67652576E+00	5.37838296E+00	6.53575963E-03	2.41339861E-02
5.37428662E+00	4.67270916E+00	6.52675372E-03	2.39562627E-02
5.96675610E+00	3.87754888E+00	6.51787674E-03	2.37809932E-02
6.44261273E+00	3.00845909E+00	6.50912588E-03	2.36081265E-02
6.79281367E+00	2.08240564E+00	6.50049845E-03	2.34376126E-02
7.01076647E+00	1.11743220E+00	6.49199181E-03	2.32694031E-02
7.09245306E+00	1.32308673E-01	6.48360341E-03	2.31034509E-02
7.03650359E+00	-8.53833832E-01	6.47533076E-03	2.29397099E-02
6.84421882E+00	-1.82187447E+00	6.46717146E-03	2.27781355E-02
6.51954075E+00	-2.75307336E+00	6.45912314E-03	2.26186843E-02
6.06897201E+00	-3.62943434E+00	6.45118353E-03	2.24613140E-02
5.50144576E+00	-4.43405266E+00	6.44335041E-03	2.23059833E-02
4.82814874E+00	-5.15144106E+00	6.43562160E-03	2.21526522E-02
4.06230079E+00	-5.76782779E+00	6.42799502E-03	2.20012815E-02
3.21889535E+00	-6.27142093E+00	6.42046861E-03	2.18518333E-02
2.31440603E+00	-6.65263390E+00	6.41304038E-03	2.17042704E-02
1.36646487E+00	-6.90426784E+00	6.40570839E-03	2.15585567E-02
3.93518662E-01	-7.02164750E+00	6.39847075E-03	2.14146570E-02
-5.85529952E-01	-7.00270785E+00	6.39132561E-03	2.12725370E-02
-1.55168968E+00	-6.84803004E+00	6.38427119E-03	2.11321631E-02
-2.48624894E+00	-6.56082601E+00	6.37730573E-03	2.09935028E-02
-3.37113818E+00	-6.14687205E+00	6.37042754E-03	2.08565242E-02
-4.18927920E+00	-5.61439280E+00	6.36363494E-03	2.07211963E-02
-4.92491472E+00	-4.97389797E+00	6.35692634E-03	2.05874889E-02
-5.56391180E+00	-4.23797493E+00	6.35030014E-03	2.04553722E-02
-6.09403331E+00	-3.42104150E+00	6.34375481E-03	2.03248176E-02
-6.50517218E+00	-2.53906344E+00	6.33728885E-03	2.01957968E-02
-6.78954404E+00	-1.60924256E+00	6.33090080E-03	2.00682825E-02
-6.94183448E+00	-6.49681248E-01	6.32458922E-03	1.99422477E-02
-6.95929822E+00	3.20969937E-01	6.31835273E-03	1.98176664E-02
-6.84180829E+00	1.28387469E+00	6.31218997E-03	1.96945129E-02
-6.59185439E+00	2.22037645E+00	6.30609960E-03	1.95727622E-02
-6.21449053E+00	3.11235985E+00	6.30008034E-03	1.94523899E-02
-5.71723296E+00	3.94260107E+00	6.29413091E-03	1.93333723E-02
-5.10991067E+00	4.69510037E+00	6.28825009E-03	1.92156860E-02
-4.40447112E+00	5.35539039E+00	6.28243667E-03	1.90993083E-02
-3.61474530E+00	5.91081420E+00	6.27668946E-03	1.89842169E-02
-2.75617664E+00	6.35076790E+00	6.27100733E-03	1.88703901E-02
-1.84551905E+00	6.66690294E+00	6.26538913E-03	1.87578066E-02
-9.00510036E-01	6.85328446E+00	6.25983379E-03	1.86464457E-02
6.04747351E-02	6.90650257E+00	6.25434022E-03	1.85362870E-02
1.01877870E+00	6.82573449E+00	6.24890737E-03	1.84273106E-02
1.95582656E+00	6.61275645E+00	6.24353422E-03	1.83194972E-02
2.85348427E+00	6.27190515E+00	6.23821977E-03	1.82128277E-02
3.69440994E+00	5.80998970E+00	6.23296303E-03	1.81072834E-02
4.46238884E+00	5.23615568E+00	6.22776304E-03	1.80028463E-02
5.14264595E+00	4.56170422E+00	6.22261888E-03	1.78994984E-02
5.72213018E+00	3.79986943E+00	6.21752962E-03	1.77972224E-02
6.18976473E+00	2.96555885E+00	6.21249436E-03	1.76960011E-02
6.53665868E+00	2.07506179E+00	6.20751223E-03	1.75958180E-02
6.75627600E+00	1.14573130E+00	6.20258236E-03	1.74966565E-02
6.84455854E+00	1.95646120E-01	6.19770393E-03	1.73985008E-02
6.80000081E+00	-7.56741011E-01	6.19287610E-03	1.73013352E-02
6.62367521E+00	-1.69296168E+00	6.18809807E-03	1.72051442E-02
6.31920714E+00	-2.59488991E+00	6.18336905E-03	1.71099129E-02
5.89270072E+00	-3.44509300E+00	6.17868827E-03	1.70156265E-02
5.35261656E+00	-4.22716849E+00	6.17405497E-03	1.69222705E-02
4.70960405E+00	-4.92606049E+00	6.16946842E-03	1.68298310E-02
3.97629140E+00	-5.52834951E+00	6.16492790E-03	1.67382939E-02
3.16703774E+00	-6.02251005E+00	6.16043268E-03	1.66476457E-02
2.29765201E+00	-6.39913109E+00	6.15598207E-03	1.65578732E-02
1.38508417E+00	-6.65109520E+00	6.15157540E-03	1.64689632E-02
4.47094765E-01	-6.77371300E+00	6.14721200E-03	1.63809030E-02
-4.98090638E-01	-6.76481019E+00	6.14289121E-03	1.62936800E-02
-1.43213557E+00	-6.62476582E+00	6.13861239E-03	1.62072820E-02
-2.33694835E+00	-6.35650088E+00	6.13437491E-03	1.61216969E-02
-3.19503242E+00	-5.96541772E+00	6.13017817E-03	1.60369130E-02
-3.98982466E+00	-5.45929140E+00	6.12602155E-03	1.59529185E-02
-4.70601507E+00	-4.84811522E+00	6.12190446E-03	1.58697021E-02
-5.32984156E+00	-4.14390349E+00	6.11782632E-03	1.57872528E-02
-5.84935442E+00	-3.36045544E+00	6.11378657E-03	1.57055595E-02
-6.25464510E+00	-2.51308484E+00	6.10978465E-03	1.56246115E-02
-6.53803515E+00	-1.61832077E+00	6.10582000E-03	1.55443983E-02
-6.69422156E+00	-6.93585238E-01	6.10189210E-03	1.54649096E-02
-6.72037585E+00	2.43146035E-01	6.09800042E-03	1.53861352E-02
-6.61619503E+00	1.17369295E+00	6.09414443E-03	1.53080652E-02
-6.38390353E+00	2.08002387E+00	6.09032364E-03	1.52306897E-02
-6.02820607E+00	2.94460492E+00	6.08653755E-03	1.51539993E-02
-5.55619257E+00	3.75073921E+00	6.08278566E-03	1.50779845E-02
-4.97719695E+00	4.48288923E+00	6.07906751E-03	1.50026360E-02
-4.30261266E+00	5.12697623E+00	6.07538262E-03	1.49279448E-02
-3.54566849E+00	5.67065094E+00	6.07173052E-03	1.48539020E-02
-2.72116929E+00	6.10353023E+00	6.06811077E-03	1.47804988E-02
-1.84520640E+00	6.41739539E+00	6.06452293E-03	1.47077267E-02
-9.34843696E-01	6.60634803E+00	6.06096655E-03	1.46355771E-02
-7.78519390E-03	6.66692080E+00	6.05744120E-03	1.45640419E-02
9.17969169E-01	6.59814083E+00	6.05394648E-03	1.44931128E-02
1.82447300E+00	6.40154464E+00	6.05048196E-03	1.44227818E-02
2.69418129E+00	6.08114444E+00	6.04704723E-03	1.43530411E-02
3.51028997E+00	5.64334644E+00	6.04364191E-03	1.42838831E-02
4.25706053E+00	5.09682289E+00	6.04026559E-03	1.42152999E-02
4.92012347E+00	4.45234039E+00	6.03691790E-03	1.41472843E-02
5.48675477E+00	3.72254787E+00	6.03359845E-03	1.40798289E-02
5.94611999E+00	2.92172838E+00	6.03030688E-03	1.40129265E-02
6.28948137E+00	2.06551961E+00	6.02704282E-03	1.39465700E-02
6.51036390E+00	1.17060860E+00	6.02380590E-03	1.38807524E-02
6.60467739E+00	2.54406554E-01	6.02059579E-03	1.38154669E-02
6.57079195E+00	-6.65289865E-01	6.01741213E-03	1.37507067E-02
6.40956576E+00	-1.57064418E+00	6.01425458E-03	1.36864653E-02
6.12432453E+00	-2.44412598E+00	6.01112281E-03	1.36227361E-02
5.72079314E+00	-3.26885029E+00	6.00801649E-03	1.35595128E-02
5.20698089E+00	-4.02890396E+00	6.00493530E-03	1.34967890E-02
4.59302262E+00	-4.70965265E+00	6.00187891E-03	1.34345586E-02
3.89097888E+00	-5.29802253E+00	5.99884702E-03	1.33728154E-02
3.11459908E+00	-5.78275134E+00	5.99583932E-03	1.33115535E-02
2.27905229E+00	-6.15460386E+00	5.99285550E-03	1.32507670E-02
1.40063088E+00	-6.40654783E+00	5.98989528E-03	1.31904501E-02
4.96432904E-01	-6.53388676E+00	5.98695835E-03	1.31305971E-02
-4.15970676E-01	-6.53434742E+00	5.98404443E-03	1.30712024E-02
-1.31887738E+00	-6.40812000E+00	5.98115324E-03	1.30122604E-02
-2.19479663E+00	-6.15785064E+00	5.97828450E-03	1.29537658E-02
-3.02678856E+00	-5.78858623E+00	5.97543793E-03	1.28957131E-02
-3.79879151E+00	-5.30767280E+00	5.97261326E-03	1.28380972E-02
-4.49593211E+00	-4.72460951E+00	5.96981024E-03	1.27809128E-02
-5.10481178E+00	-4.05086107E+00	5.96702860E-03	1.27241549E-02
-5.61376414E+00	-3.29963238E+00	5.96426808E-03	1.26678184E-02
-6.01307850E+00	-2.48560981E+00	5.96152843E-03	1.26118985E-02
-6.29518507E+00	-1.62467411E+00	5.95880941E-03	1.25563901E-02
-6.45479837E+00	-7.33590676E-01	5.95611076E-03	1.25012886E-02
-6.48901609E+00	1.70316942E-01	5.95343225E-03	1.24465892E-02
-6.39737163E+00	1.06950373E+00	5.95077365E-03	1.23922874E-02
-6.18183934E+00	1.94654374E+00	5.94813471E-03	1.23383784E-02
-5.84679239E+00	2.78446777E+00	5.94551520E-03	1.22848579E-02
-5.39891422E+00	3.56709160E+00	5.94291491E-03	1.22317214E-02
-4.84706535E+00	4.27932861E+00	5.94033361E-03	1.21789644E-02
-4.20210818E+00	4.90748046E+00	5.93777108E-03	1.21265829E-02
-3.47669320E+00	5.43950060E+00	5.93522710E-03	1.20745724E-02
-2.68501098E+00	5.86522514E+00	5.93270146E-03	1.20229288E-02
-1.84251461E+00	6.17656702E+00	5.93019396E-03	1.19716480E-02
-9.65618073E-01	6.36766948E+00	5.92770438E-03	1.19207260E-02
-7.13765668E-02	6.43501619E+00	5.92523253E-03	1.18701588E-02
8.22845214E-01	6.37749567E+00	5.92277820E-03	1.18199424E-02
1.69971021E+00	6.19641911E+00	5.92034119E-03	1.17700730E-02
2.54224507E+00	5.89549114E+00	5.91792132E-03	1.17205468E-02
3.33416870E+00	5.48073423E+00	5.91551839E-03	1.16713599E-02
4.06020680E+00	4.96036832E+00	5.91313220E-03	1.16225087E-02
4.70638639E+00	4.34464797E+00	5.91076259E-03	1.15739896E-02
5.26030477E+00	3.64566039E+00	5.90840936E-03	1.15257989E-02
5.71136741E+00	2.87708817E+00	5.90607234E-03	1.14779331E-02
6.05099060E+00	2.05394154E+00	5.90375134E-03	1.14303886E-02
6.27276465E+00	1.19226525E+00	5.90144619E-03	1.13831622E-02
6.37257481E+00	3.08825892E-01	5.89915672E-03	1.13362502E-02
6.34867740E+00	-5.79214345E-01	5.89688275E-03	1.12896495E-02
6.20172990E+00	-1.45463099E+00	5.89462413E-03	1.12433566E-02
5.93477445E+00	-2.30047136E+00	5.89238069E-03	1.11973684E-02
5.55317512E+00	-3.10038279E+00	5.89015226E-03	1.11516816E-02
5.06451027E+00	-3.83892876E+00	5.88793868E-03	1.11062931E-02
4.47842214E+00	-4.50188673E+00	5.88573979E-03	1.10611996E-02
3.80642665E+00	-5.07652196E+00	5.88355544E-03	1.10163983E-02
3.06168724E+00	-5.55183211E+00	5.88138548E-03	1.09718859E-02
2.25875703E+00	-5.91875779E+00	5.87922975E-03	1.09276596E-02
1.41329448E+00	-6.17035522E+00	5.87708810E-03	1.08837163E-02
5.41758116E-01	-6.30192744E+00	5.87496039E-03	1.08400532E-02
-3.38913878E-01	-6.31111194E+00	5.87284647E-03	1.07966674E-02
-1.21163277E+00	-6.19792275E+00	5.87074619E-03	1.07535560E-02
-2.05949084E+00	-5.96474643E+00	5.86865942E-03	1.07107163E-02
-2.86608893E+00	-5.61629213E+00	5.86658602E-03	1.06681455E-02
-3.61585352E+00	-5.15949657E+00	5.86452585E-03	1.06258408E-02
-4.29433747E+00	-4.60338612E+00	5.86247876E-03	1.05837996E-02
-4.88849826E+00	-3.95889848E+00	5.86044464E-03	1.05420192E-02
-5.38694870E+00	-3.23866762E+00	5.85842334E-03	1.05004970E-02
-5.78017511E+00	-2.45677622E+00	5.85641474E-03	1.04592305E-02
-6.06071880E+00	-1.62848028E+00	5.85441870E-03	1.04182171E-02
-6.22331748E+00	-7.69911574E-01	5.85243511E-03	1.03774542E-02
-6.26500383E+00	1.02236531E-01	5.85046383E-03	1.03369395E-02
-6.18515940E+00	9.71033593E-01	5.84850474E-03	1.02966704E-02
-5.98552298E+00	1.81964071E+00	5.84655773E-03	1.02566445E-02
-5.67015310E+00	2.63163685E+00	5.84462266E-03	1.02168595E-02
-5.24534579E+00	3.39133657E+00	5.84269943E-03	1.01773130E-02
-4.71950895E+00	4.08409296E+00	5.84078791E-03	1.01380026E-02
-4.10299601E+00	4.69657999E+00	5.83888799E-03	1.00989261E-02
-3.40790221E+00	5.21704881E+00	5.83699955E-03	1.00600813E-02
-2.64782730E+00	5.63555303E+00	5.83512248E-03	1.00214658E-02
-1.83760953E+00	5.94413879E+00	5.83325668E-03	9.98307756E-03
-9.93036039E-01	6.13699576E+00	5.83140203E-03	9.94491429E-03
-1.30535263E-01	6.21056651E+00	5.82955841E-03	9.90697386E-03
7.33142569E-01	6.16361186E+00	5.82772574E-03	9.86925416E-03
1.58125070E+00	5.99723135E+00	5.82590390E-03	9.83175309E-03
2.39737052E+00	5.71483820E+00	5.82409278E-03	9.79446858E-03
3.16572939E+00	5.32208950E+00	5.82229228E-03	9.75739859E-03
3.87150538E+00	4.82677305E+00	5.82050231E-03	9.72054110E-03
4.50111322E+00	4.23865298E+00	5.81872276E-03	9.68389411E-03
5.04246565E+00	3.56927737E+00	5.81695353E-03	9.64745565E-03
5.48520553E+00	2.83175155E+00	5.81519453E-03	9.61122379E-03
5.82090381E+00	2.04048158E+00	5.81344565E-03	9.57519659E-03
6.04322003E+00	1.21089289E+00	5.81170681E-03	9.53937216E-03
6.14802190E+00	3.59129597E-01	5.80997791E-03	9.50374863E-03
6.13346196E+00	-4.98259569E-01	5.80825885E-03	9.46832414E-03
6.00000986E+00	-1.34464280E+00	5.80654954E-03	9.43309687E-03
5.75043957E+00	-2.16362776E+00	5.80484990E-03	9.39806501E-03
5.38977197E+00	-2.93937904E+00	5.80315983E-03	9.36322677E-03
4.92517405E+00	-3.65692432E+00	5.80147925E-03	9.32858040E-03
4.36581650E+00	-4.30244324E+00	5.79980807E-03	9.29412414E-03
3.72269284E+00	-4.86353359E+00	5.79814619E-03	9.25985628E-03
3.00840336E+00	-5.32944951E+00	5.79649354E-03	9.22577512E-03
2.23690834E+00	-5.69130725E+00	5.79485004E-03	9.19187897E-03
1.42325525E+00	-5.94225447E+00	5.79321559E-03	9.15816618E-03
5.83285300E-01	-6.07759991E+00	5.79159011E-03	9.12463510E-03
-2.66674951E-01	-6.09490095E+00	5.78997354E-03	9.09128412E-03
-1.11013086E+00	-5.99400743E+00	5.78836577E-03	9.05811162E-03
-1.93073980E+00	-5.77706099E+00	5.78676674E-03	9.02511603E-03
-2.71262773E+00	-5.44844991E+00	5.78517637E-03	8.99229578E-03
-3.44069625E+00	-5.01472054E+00	5.78359458E-03	8.95964932E-03
-4.10091410E+00	-4.48444698E+00	5.78202129E-03	8.92717513E-03
-4.68058755E+00	-3.86806166E+00	5.78045642E-03	8.89487169E-03
-5.16860434E+00	-3.17765016E+00	5.77889991E-03	8.86273750E-03
-5.55564671E+00	-2.42671430E+00	5.77735168E-03	8.83077110E-03
-5.83436921E+00	-1.62990815E+00	5.77581165E-03	8.79897102E-03
-5.99953800E+00	-8.02752137E-01	5.77427975E-03	8.76733582E-03
-6.04812904E+00	3.86692952E-02	5.77275591E-03	8.73586407E-03
-5.97938322E+00	8.78020346E-01	5.77124007E-03	8.70455436E-03
-5.79481755E+00	1.69903100E+00	5.76973215E-03	8.67340530E-03
-5.49819216E+00	2.48581237E+00	5.76823207E-03	8.64241550E-03
-5.09543388E+00	3.22316412E+00	5.76673979E-03	8.61158361E-03
-4.59451793E+00	3.89686813E+00	5.76525521E-03	8.58090828E-03
-4.00531009E+00	4.49396258E+00	5.76377829E-03	8.55038817E-03
-3.33937246E+00	5.00299131E+00	5.76230896E-03	8.52002197E-03
-2.60973660E+00	5.41422354E+00	5.76084714E-03	8.48980837E-03
-1.83064860E+00	5.71983982E+00	5.75939277E-03	8.45974608E-03
-1.01729098E+00	5.91408067E+00	5.75794580E-03	8.42983384E-03
-1.85486832E-01	5.99335497E+00	5.75650616E-03	8.40007038E-03
6.48607952E-01	5.95630621E+00	5.75507378E-03	8.37045445E-03
1.46881842E+00	5.80383527E+00	5.75364860E-03	8.34098482E-03
2.25926419E+00	5.53907939E+00	5.75223057E-03	8.31166027E-03
3.00466689E+00	5.16734789E+00	5.75081962E-03	8.28247960E-03
3.69064542E+00	4.69601575E+00	5.74941570E-03	8.25344162E-03
4.30399336E+00	4.13437747E+00	5.74801874E-03	8.22454514E-03
4.83293317E+00	3.49346376E+00	5.74662869E-03	8.19578900E-03
5.26734229E+00	2.78582505E+00	5.74524548E-03	8.16717204E-03
5.59894681E+00	2.02528569E+00	5.74386907E-03	8.13869312E-03
5.82147898E+00	1.22667398E+00	5.74249939E-03	8.11035111E-03
5.93079554E+00	4.05533102E-01	5.74113640E-03	8.08214490E-03
5.92495479E+00	-4.22181385E-01	5.73978002E-03	8.05407338E-03
5.80425071E+00	-1.24041151E+00	5.73843022E-03	8.02613545E-03
5.57120378E+00	-2.03330838E+00	5.73708694E-03	7.99833004E-03
5.23050862E+00	-2.78553914E+00	5.73575012E-03	7.97065607E-03
4.78893957E+00	-3.48258345E+00	5.73441971E-03	7.94311249E-03
4.25521606E+00	-4.11101368E+00	5.73309566E-03	7.91569824E-03
3.63983051E+00	-4.65875358E+00	5.73177791E-03	7.88841229E-03
2.95484213E+00	-5.11531026E+00	5.73046642E-03	7.86125361E-03
2.21364066E+00	-5.47197517E+00	5.72916113E-03	7.83422119E-03
1.43068469E+00	-5.72199010E+00	5.72786200E-03	7.80731403E-03
6.21219630E-01	-5.86067518E+00	5.72656898E-03	7.78053112E-03
-1.99019074E-01	-5.88551633E+00	5.72528201E-03	7.75387149E-03
-1.01411180E+00	-5.79621062E+00	5.72400105E-03	7.72733416E-03
-1.80826367E+00	-5.59466867E+00	5.72272605E-03	7.70091816E-03
-2.56611062E+00	-5.28497411E+00	5.72145696E-03	7.67462255E-03
-3.27301655E+00	-4.87330102E+00	5.72019374E-03	7.64844638E-03
-3.91535600E+00	-4.36779095E+00	5.71893633E-03	7.62238872E-03
-4.48077667E+00	-3.77839196E+00	5.71768470E-03	7.59644863E-03
-4.95843698E+00	-3.11666295E+00	5.71643880E-03	7.57062521E-03
-5.33921384E+00	-2.39554698E+00	5.71519858E-03	7.54491755E-03
-5.61587684E+00	-1.62911819E+00	5.71396400E-03	7.51932475E-03
-5.78322547E+00	-8.32307156E-01	5.71273501E-03	7.49384593E-03
-5.83818678E+00	-2.06100738E-02	5.71151158E-03	7.46848020E-03
-5.77987157E+00	7.90212585E-01	5.71029365E-03	7.44322670E-03
-5.60958825E+00	1.58444203E+00	5.70908118E-03	7.41808457E-03
-5.33081401E+00	2.34670587E+00	5.70787414E-03	7.39305294E-03
-4.94912396E+00	3.06227556E+00	5.70667247E-03	7.36813099E-03
-4.47207983E+00	3.71735098E+00	5.70547615E-03	7.34331786E-03
-3.90908016E+00	4.29932656E+00	5.70428512E-03	7.31861274E-03
-3.27117525E+00	4.79703372E+00	5.70309935E-03	7.29401481E-03
-2.57085032E+00	5.20095524E+00	5.70191879E-03	7.26952325E-03
-1.82178118E+00	5.50340711E+00	5.70074341E-03	7.24513727E-03
-1.03856721E+00	5.69868470E+00	5.69957317E-03	7.22085606E-03
-2.36446902E-01	5.78317019E+00	5.69840803E-03	7.19667884E-03
5.68998643E-01	5.75539949E+00	5.69724795E-03	7.17260483E-03
1.36214829E+00	5.61608720E+00	5.69609289E-03	7.14863326E-03
2.12764384E+00	5.36810936E+00	5.69494281E-03	7.12476336E-03
2.85068731E+00	5.01644432E+00	5.69379767E-03	7.10099438E-03
3.51732706E+00	4.56807285E+00	5.69265745E-03	7.07732556E-03
4.11472684E+00	4.03183975E+00	5.69152210E-03	7.05375617E-03
4.63141301E+00	3.41827934E+00	5.69039158E-03	7.03028546E-03
5.05749478E+00	2.73940865E+00	5.68926586E-03	7.00691272E-03
5.38485352E+00	2.00849209E+00	5.68814491E-03	6.98363721E-03
5.60729740E+00	1.23978227E+00	5.68702868E-03	6.96045823E-03
5.72067834E+00	4.48242210E-01	5.68591714E-03	6.93737506E-03
5.72296933E+00	-3.50745961E-01	5.68481027E-03	6.91438701E-03
5.61430029E+00	-1.14167984E+00	5.68370802E-03	6.89149339E-03
5.39695226E+00	-1.90923751E+00	5.68261035E-03	6.86869349E-03
5.07530974E+00	-2.63857432E+00	5.68151725E-03	6.84598665E-03
4.65577241E+00	-3.31560994E+00	5.68042866E-03	6.82337219E-03
4.14662785E+00	-3.92730017E+00	5.67934457E-03	6.80084944E-03
3.55788798E+00	-4.46188815E+00	5.67826493E-03	6.77841773E-03
2.90109216E+00	-4.90913038E+00	5.67718972E-03	6.75607642E-03
2.18908110E+00	-5.26049285E+00	5.67611890E-03	6.73382484E-03
1.43574588E+00	-5.50931386E+00	5.67505244E-03	6.71166237E-03
6.55756952E-01	-5.65093024E+00	5.67399030E-03	6.68958836E-03
-1.35721493E-01	-5.68276461E+00	5.67293247E-03	6.66760217E-03
-9.23326306E-01	-5.60437208E+00	5.67187890E-03	6.64570319E-03
-1.69179355E+00	-5.41744551E+00	5.67082957E-03	6.62389079E-03
-2.42625430E+00	-5.12577939E+00	5.66978444E-03	6.60216436E-03
-3.11252226E+00	-4.73519290E+00	5.66874349E-03	6.58052329E-03
-3.73736778E+00	-4.25341396E+00	5.66770668E-03	6.55896697E-03
-4.28877280E+00	-3.68992639E+00	5.66667399E-03	6.53749481E-03
-4.75616201E+00	-3.05578328E+00	5.66564539E-03	6.51610622E-03
-5.13060558E+00	-2.36339024E+00	5.66462084E-03	6.49480060E-03
-5.40498970E+00	-1.62626276E+00	5.66360032E-03	6.47357739E-03
-5.57415171E+00	-8.58762407E-01	5.66258381E-03	6.45243599E-03
-5.63497704E+00	-7.58170846E-02	5.66157126E-03	6.43137584E-03
-5.58645646E+00	7.07369290E-01	5.66056266E-03	6.41039638E-03
-5.42970232E+00	1.47561199E+00	5.65955798E-03	6.38949704E-03
-5.16792363E+00	2.21403985E+00	5.65855718E-03	6.36867726E-03
-4.80636057E+00	2.90838310E+00	5.65756025E-03	6.34793650E-03
-4.35217971E+00	3.54524905E+00	5.65656715E-03	6.32727421E-03
-3.81433204E+00	4.11238043E+00	5.65557786E-03	6.30668985E-03
-3.20337663E+00	4.59889119E+00	5.65459235E-03	6.28618288E-03
-2.53127336E+00	4.99547544E+00	5.65361059E-03	6.26575277E-03
-1.81114891E+00	5.29458540E+00	5.65263257E-03	6.24539900E-03
-1.05704033E+00	5.49057493E+00	5.65165825E-03	6.22512104E-03
-2.83621579E-01	5.57980607E+00	5.65068760E-03	6.20491837E-03
4.94082077E-01	5.56071636E+00	5.64972061E-03	6.18479048E-03
1.26098586E+00	5.43384594E+00	5.64875725E-03	6.16473686E-03
2.00223805E+00	5.20182372E+00	5.64779749E-03	6.14475701E-03
2.70350759E+00	4.86931319E+00	5.64684131E-03	6.12485043E-03
3.35126108E+00	4.44291873E+00	5.64588868E-03	6.10501662E-03
3.93302392E+00	3.93105461E+00	5.64493958E-03	6.08525509E-03
4.43762053E+00	3.34377896E+00	5.64399399E-03	6.06556535E-03
4.85538895E+00	2.69259618E+00	5.64305188E-03	6.04594693E-03
5.17836580E+00	1.99023166E+00	5.64211322E-03	6.02639934E-03
5.40043803E+00	1.25038311E+00	5.64117800E-03	6.00692211E-03
5.51745848E+00	4.87453485E-01	5.64024619E-03	5.98751477E-03
5.52732326E+00	-2.83729383E-01	5.63931777E-03	5.96817685E-03
5.43000931E+00	-1.04820091E+00	5.63839272E-03	5.94890789E-03
5.22757156E+00	-1.79115012E+00	5.63747101E-03	5.92970743E-03
4.92409985E+00	-2.49820657E+00	5.63655262E-03	5.91057501E-03
4.52563645E+00	-3.15571824E+00	5.63563752E-03	5.89151020E-03
4.04005582E+00	-3.75101512E+00	5.63472571E-03	5.87251253E-03
3.47690910E+00	-4.27265329E+00	5.63381715E-03	5.85358157E-03
2.84723627E+00	-4.71063490E+00	5.63291182E-03	5.83471687E-03
2.16334978E+00	-5.05659969E+00	5.63200970E-03	5.81591801E-03
1.43859386E+00	-5.30398456E+00	5.63111077E-03	5.79718454E-03
6.87084166E-01	-5.44814796E+00	5.63021502E-03	5.77851605E-03
-7.65671170E-02	-5.48645688E+00	5.62932241E-03	5.75991210E-03
-8.37535324E-01	-5.41833473E+00	5.62843292E-03	5.74137228E-03
-1.58107108E+00	-5.24526931E+00	5.62754655E-03	5.72289616E-03
-2.29278615E+00	-4.97078071E+00	5.62666326E-03	5.70448334E-03
-2.95893180E+00	-4.60034988E+00	5.62578304E-03	5.68613340E-03
-3.56666438E+00	-4.14130929E+00	5.62490586E-03	5.66784593E-03
-4.10429292E+00	-3.60269785E+00	5.62403171E-03	5.64962053E-03
-4.56150395E+00	-2.99508301E+00	5.62316057E-03	5.63145681E-03
-4.92955932E+00	-2.33035345E+00	5.62229241E-03	5.61335435E-03
-5.20146314E+00	-1.62148655E+00	5.62142722E-03	5.59531277E-03
-5.37209469E+00	-8.82295018E-01	5.62056498E-03	5.57733168E-03
-5.43830472E+00	-1.27157837E-01	5.61970567E-03	5.55941068E-03
-5.39897346E+00	6.29259434E-01	5.61884927E-03	5.54154940E-03
-5.25502912E+00	1.37228943E+00	5.61799576E-03	5.52374746E-03
-5.00942666E+00	2.08754737E+00	5.61714512E-03	5.50600446E-03
-4.66708738E+00	2.76120949E+00	5.61629734E-03	5.48832005E-03
-4.23480034E+00	3.38028016E+00	5.61545239E-03	5.47069383E-03
-3.72108787E+00	3.93284259E+00	5.61461027E-03	5.45312546E-03
-3.13603758E+00	4.40828814E+00	5.61377094E-03	5.43561456E-03
-2.49110434E+00	4.79751994E+00	5.61293439E-03	5.41816076E-03
-1.79888606E+00	5.09312693E+00	5.61210061E-03	5.40076371E-03
-1.07287761E+00	5.28952485E+00	5.61126958E-03	5.38342304E-03
-3.27207828E-01	5.38306167E+00	5.61044127E-03	5.36613841E-03
4.23635459E-01	5.37208536E+00	5.60961568E-03	5.34890946E-03
1.16508684E+00	5.25697275E+00	5.60879278E-03	5.33173585E-03
1.88278587E+00	5.04011911E+00	5.60797256E-03	5.31461721E-03
2.56285514E+00	4.72588844E+00	5.60715501E-03	5.29755322E-03
3.19216859E+00	4.32052588E+00	5.60634009E-03	5.28054353E-03
3.75860480E+00	3.83203358E+00	5.60552780E-03	5.26358780E-03
4.25128047E+00	3.27001287E+00	5.60471813E-03	5.24668569E-03
4.66075940E+00	2.64547557E+00	5.60391105E-03	5.22983688E-03
4.97923323E+00	1.97062828E+00	5.60310655E-03	5.21304103E-03
5.20067027E+00	1.25863383E+00	5.60230461E-03	5.19629782E-03
5.32092961E+00	5.23354626E-01	5.60150521E-03	5.17960691E-03
5.33783849E+00	-2.20917267E-01	5.60070835E-03	5.16296799E-03
5.25123128E+00	-9.59737853E-01	5.59991401E-03	5.14638074E-03
5.06294961E+00	-1.67879150E+00	5.59912216E-03	5.12984483E-03
4.77680344E+00	-2.36416829E+00	5.59833279E-03	5.11335995E-03
4.39849414E+00	-3.00263305E+00	5.59754590E-03	5.09692580E-03
3.93550102E+00	-3.58188091E+00	5.59676145E-03	5.08054205E-03
3.39693344E+00	-4.09077442E+00	5.59597945E-03	5.06420840E-03
2.79335174E+00	-4.51955762E+00	5.59519987E-03	5.04792454E-03
2.13656014E+00	-4.86004303E+00	5.59442270E-03	5.03169018E-03
1.43937597E+00	-5.10576794E+00	5.59364792E-03	5.01550500E-03
7.15379592E-01	-5.25211699E+00	5.59287552E-03	4.99936871E-03
-2.13501487E-02	-5.29640877E+00	5.59210548E-03	4.98328102E-03
-7.56509611E-01	-5.23794471E+00	5.59133779E-03	4.96724162E-03
-1.47584805E+00	-5.07801962E+00	5.59057244E-03	4.95125023E-03
-2.16544383E+00	-4.81989334E+00	5.58980941E-03	4.93530656E-03
-2.81197382E+00	-4.46872454E+00	5.58904869E-03	4.91941031E-03
-3.40297074E+00	-4.03146769E+00	5.58829026E-03	4.90356121E-03
-3.92706355E+00	-3.51673540E+00	5.58753411E-03	4.88775896E-03
-4.37419621E+00	-2.93462886E+00	5.58678022E-03	4.87200330E-03
-4.73582053E+00	-2.29653965E+00	5.58602859E-03	4.85629393E-03
-5.00505959E+00	-1.61492685E+00	5.58527919E-03	4.84063058E-03
-5.17683842E+00	-9.03073831E-01	5.58453202E-03	4.82501297E-03
-5.24797954E+00	-1.74829393E-01	5.58378706E-03	4.80944084E-03
-5.21726163E+00	5.55661596E-01	5.58304430E-03	4.79391391E-03
-5.08544014E+00	1.27423292E+00	5.58230372E-03	4.77843190E-03
-4.85522948E+00	1.96697168E+00	5.58156532E-03	4.76299457E-03
-4.53124739E+00	2.62048767E+00	5.58082907E-03	4.74760163E-03
-4.11992239E+00	3.22217214E+00	5.58009497E-03	4.73225282E-03
-3.62936631E+00	3.76044104E+00	5.57936300E-03	4.71694789E-03
-3.06921434E+00	4.22495800E+00	5.57863316E-03	4.70168657E-03
-2.45043592E+00	4.60683276E+00	5.57790542E-03	4.68646861E-03
-1.78511987E+00	4.89879128E+00	5.57717977E-03	4.67129375E-03
-1.08623833E+00	5.09531421E+00	5.57645621E-03	4.65616174E-03
-3.67393840E-01	5.19274119E+00	5.57573472E-03	4.64107232E-03
3.57445379E-01	5.18933885E+00	5.57501528E-03	4.62602525E-03
1.07421680E+00	5.08533140E+00	5.57429789E-03	4.61102027E-03
1.76903638E+00	4.88289325E+00	5.57358254E-03	4.59605714E-03
2.42846748E+00	4.58610373E+00	5.57286921E-03	4.58113561E-03
3.03978064E+00	4.20086507E+00	5.57215789E-03	4.56625544E-03
3.59119931E+00	3.73478507E+00	5.57144856E-03	4.55141640E-03
4.07212665E+00	3.19702692E+00	5.57074122E-03	4.53661823E-03
4.47334910E+00	2.59812915E+00	5.57003586E-03	4.52186071E-03
4.78721291E+00	1.94979908E+00	5.56933246E-03	4.50714359E-03
5.00777004E+00	1.26468408E+00	5.56863101E-03	4.49246664E-03
5.13089078E+00	5.56124830E-01	5.56793151E-03	4.47782962E-03
5.15434103E+00	-1.62104393E-01	5.56723393E-03	4.46323232E-03
5.07782256E+00	-8.76063444E-01	5.56653827E-03	4.44867449E-03
4.90297581E+00	-1.57191685E+00	5.56584451E-03	4.43415590E-03
4.63334504E+00	-2.23620189E+00	5.56515265E-03	4.41967634E-03
4.27430658E+00	-2.85608900E+00	5.56446268E-03	4.40523558E-03
3.83296178E+00	-3.41962956E+00	5.56377458E-03	4.39083339E-03
3.31799658E+00	-3.91598614E+00	5.56308834E-03	4.37646955E-03
2.73951062E+00	-4.33564086E+00	5.56240395E-03	4.36214384E-03
2.10881925E+00	-4.67057788E+00	5.56172141E-03	4.34785604E-03
1.43823218E+00	-4.91443645E+00	5.56104070E-03	4.33360594E-03
7.40813325E-01	-5.06263160E+00	5.56036180E-03	4.31939332E-03
3.01262889E-02	-5.11244030E+00	5.55968472E-03	4.30521796E-03
-6.80029365E-01	-5.06305129E+00	5.55900943E-03	4.29107966E-03
-1.37588604E+00	-4.91557780E+00	5.55833594E-03	4.27697819E-03
-2.04397496E+00	-4.67303300E+00	5.55766422E-03	4.26291336E-03
-2.67138687E+00	-4.34026853E+00	5.55699427E-03	4.24888495E-03
-3.24602140E+00	-3.92387762E+00	5.55632608E-03	4.23489275E-03
-3.75682044E+00	-3.43206446E+00	5.55565964E-03	4.22093656E-03
-4.19398084E+00	-2.87448268E+00	5.55499494E-03	4.20701618E-03
-4.54914256E+00	-2.26204584E+00	5.55433196E-03	4.19313140E-03
-4.81554846E+00	-1.60671392E+00	5.55367070E-03	4.17928202E-03
-4.98817279E+00	-9.21259750E-01	5.55301116E-03	4.16546784E-03
-5.06381592E+00	-2.19020143E-01	5.55235331E-03	4.15168867E-03
-5.04116351E+00	4.86363597E-01	5.55169715E-03	4.13794430E-03
-4.92080902E+00	1.18121062E+00	5.55104267E-03	4.12423453E-03
-4.70523923E+00	1.85206583E+00	5.55038986E-03	4.11055918E-03
-4.39878303E+00	2.48596040E+00	5.54973872E-03	4.09691806E-03
-4.00752461E+00	3.07066245E+00	5.54908922E-03	4.08331095E-03
-3.53918277E+00	3.59491304E+00	5.54844137E-03	4.06973769E-03
-3.00295865E+00	4.04864293E+00	5.54779515E-03	4.05619807E-03
-2.40935508E+00	4.42316594E+00	5.54715055E-03	4.04269191E-03
-1.76997084E+00	4.71134516E+00	5.54650757E-03	4.02921902E-03
-1.09727412E+00	4.90772892E+00	5.54586619E-03	4.01577922E-03
-4.04359387E-01	5.00865382E+00	5.54522641E-03	4.00237232E-03
2.95307459E-01	5.01231299E+00	5.54458822E-03	3.98899814E-03
9.88150739E-01	4.91878813E+00	5.54395161E-03	3.97565649E-03
1.66074838E+00	4.73004503E+00	5.54331656E-03	3.96234719E-03
2.30009189E+00	4.44989249E+00	5.54268308E-03	3.94907007E-03
2.89383793E+00	4.08390554E+00	5.54205115E-03	3.93582494E-03
3.43054658E+00	3.63931463E+00	5.54142076E-03	3.92261164E-03
3.89990170E+00	3.12486282E+00	5.54079191E-03	3.90942997E-03
4.29290918E+00	2.55063392E+00	5.54016459E-03	3.89627976E-03
4.60206928E+00	1.92785483E+00	5.53953878E-03	3.88316085E-03
4.82151961E+00	1.26867617E+00	5.53891449E-03	3.87007306E-03
4.94714631E+00	5.85935139E-01	5.53829169E-03	3.85701621E-03
4.97666099E+00	-1.07094342E-01	5.53767039E-03	3.84399014E-03
4.90964229E+00	-7.96959733E-01	5.53705057E-03	3.83099468E-03
4.74754106E+00	-1.47029095E+00	5.53643223E-03	3.81802965E-03
4.49364936E+00	-2.11405947E+00	5.53581536E-03	3.80509489E-03
4.15303368E+00	-2.71583034E+00	5.53519995E-03	3.79219024E-03
3.73243397E+00	-3.26400243E+00	5.53458599E-03	3.77931552E-03
3.24013032E+00	-3.74803193E+00	5.53397347E-03	3.76647057E-03
2.68578001E+00	-4.15863521E+00	5.53336239E-03	3.75365524E-03
2.08022812E+00	-4.48796676E+00	5.53275274E-03	3.74086935E-03
1.43529541E+00	-4.72976911E+00	5.53214451E-03	3.72811275E-03
7.63547576E-01	-4.87949159E+00	5.53153769E-03	3.71538527E-03
7.80505028E-02	-4.93437592E+00	5.53093228E-03	3.70268676E-03
-6.07883876E-01	-4.89350686E+00	5.53032826E-03	3.69001705E-03
-1.28095604E+00	-4.75782707E+00	5.52972563E-03	3.67737600E-03
-1.92813671E+00	-4.53011591E+00	5.52912439E-03	3.66476344E-03
-2.53691905E+00	-4.21493267E+00	5.52852452E-03	3.65217922E-03
-3.09556030E+00	-3.81852539E+00	5.52792601E-03	3.63962319E-03
-3.59330828E+00	-3.34870706E+00	5.52732887E-03	3.62709518E-03
-4.02060827E+00	-2.81470170E+00	5.52673307E-03	3.61459506E-03
-4.36928639E+00	-2.22696332E+00	5.52613863E-03	3.60212266E-03
-4.63270590E+00	-1.59697125E+00	5.52554552E-03	3.58967784E-03
-4.80589346E+00	-9.37006068E-01	5.52495373E-03	3.57726044E-03
-4.88563296E+00	-2.59910147E-01	5.52436327E-03	3.56487032E-03
-4.87052508E+00	4.21162144E-01	5.52377413E-03	3.55250733E-03
-4.76101160E+00	1.09299999E+00	5.52318630E-03	3.54017133E-03
-4.55936395E+00	1.74259237E+00	5.52259976E-03	3.52786216E-03
-4.26963624E+00	2.35737993E+00	5.52201452E-03	3.51557968E-03
-3.89758396E+00	2.92549788E+00	5.52143057E-03	3.50332374E-03
-3.45054962E+00	3.43600484E+00	5.52084790E-03	3.49109422E-03
-2.93731797E+00	3.87909356E+00	5.52026650E-03	3.47889095E-03
-2.36794342E+00	4.24627931E+00	5.51968636E-03	3.46671380E-03
-1.75355306E+00	4.53056225E+00	5.51910749E-03	3.45456263E-03
-1.10612929E+00	4.72656085E+00	5.51852987E-03	3.44243730E-03
-4.38276160E-01	4.83061367E+00	5.51795349E-03	3.43033767E-03
2.37025994E-01	4.84084766E+00	5.51737836E-03	3.41826360E-03
9.06672779E-01	4.75721167E+00	5.51680445E-03	3.40621495E-03
1.55769002E+00	4.58147455E+00	5.51623178E-03	3.39419159E-03
2.17748509E+00	4.31718804E+00	5.51566032E-03	3.38219337E-03
2.75409047E+00	3.96961508E+00	5.51509007E-03	3.37022018E-03
3.27639476E+00	3.54562511E+00	5.51452103E-03	3.35827186E-03
3.73435682E+00	3.05355836E+00	5.51395319E-03	3.34634830E-03
4.11919869E+00	2.50306182E+00	5.51338654E-03	3.33444934E-03
4.42357387E+00	1.90490018E+00	5.51282108E-03	3.32257487E-03
4.64170746E+00	1.27074535E+00	5.51225680E-03	3.31072475E-03
4.76950566E+00	6.12948769E-01	5.51169369E-03	3.29889886E-03
4.80463252E+00	-5.56991534E-02	5.51113176E-03	3.28709705E-03
4.74655245E+00	-7.22217700E-01	5.51057098E-03	3.27531921E-03
4.59653780E+00	-1.37368781E+00	5.51001136E-03	3.26356520E-03
4.35764135E+00	-1.99750246E+00	5.50945288E-03	3.25183490E-03
4.03463429E+00	-2.58161059E+00	5.50889555E-03	3.24012817E-03
3.63391108E+00	-3.11474989E+00	5.50833936E-03	3.22844491E-03
3.16336289E+00	-3.58666390E+00	5.50778430E-03	3.21678497E-03
2.63222225E+00	-3.98829929E+00	5.50723036E-03	3.20514823E-03
2.05088198E+00	-4.31197949E+00	5.50667754E-03	3.19353458E-03
1.43069184E+00	-4.55155138E+00	5.50612583E-03	3.18194389E-03
7.83736996E-01	-4.70250217E+00	5.50557523E-03	3.17037603E-03
1.22602570E-01	-4.76204434E+00	5.50502573E-03	3.15883088E-03
-5.39871172E-01	-4.72916696E+00	5.50447733E-03	3.14730832E-03
-1.19083815E+00	-4.60465251E+00	5.50393001E-03	3.13580824E-03
-1.81769552E+00	-4.39105890E+00	5.50338378E-03	3.12433051E-03
-2.40832768E+00	-4.09266708E+00	5.50283862E-03	3.11287502E-03
-2.95134037E+00	-3.71539533E+00	5.50229454E-03	3.10144164E-03
-3.43628043E+00	-3.26668198E+00	5.50175152E-03	3.09003026E-03
-3.85383705E+00	-2.75533877E+00	5.50120957E-03	3.07864076E-03
-4.19602044E+00	-2.19137789E+00	5.50066866E-03	3.06727302E-03
-4.45631468E+00	-1.58581594E+00	5.50012881E-03	3.05592693E-03
-4.62980173E+00	-9.50458792E-01	5.49959000E-03	3.04460238E-03
-4.71325430E+00	-2.97671470E-01	5.49905223E-03	3.03329924E-03
-4.70519573E+00	3.59862490E-01	5.49851549E-03	3.02201741E-03
-4.60592588E+00	1.00938743E+00	5.49797978E-03	3.01075677E-03
-4.41751257E+00	1.63832298E+00	5.49744509E-03	2.99951722E-03
-4.14374864E+00	2.23450771E+00	5.49691141E-03	2.98829863E-03
-3.79007576E+00	2.78643426E+00	5.49637875E-03	2.97710089E-03
-3.36347635E+00	3.28347139E+00	5.49584709E-03	2.96592391E-03
-2.87233573E+00	3.71606873E+00	5.49531643E-03	2.95476756E-03
-2.32627739E+00	4.07594027E+00	5.49478677E-03	2.94363173E-03
-1.73597447E+00	4.35622300E+00	5.49425809E-03	2.93251633E-03
-1.11294114E+00	4.55160774E+00	5.49373040E-03	2.92142123E-03
-4.69308103E-01	4.65843965E+00	5.49320369E-03	2.91034634E-03
1.82413617E-01	4.67478646E+00	5.49267795E-03	2.89929154E-03
8.29575800E-01	4.60047327E+00	5.49215318E-03	2.88825673E-03
1.45963848E+00	4.43708314E+00	5.49162938E-03	2.87724180E-03
2.06041289E+00	4.18792370E+00	5.49110653E-03	2.86624664E-03
2.62029725E+00	3.85796023E+00	5.49058464E-03	2.85527116E-03
3.12850074E+00	3.45371687E+00	5.49006369E-03	2.84431525E-03
3.57525148E+00	2.98314764E+00	5.48954369E-03	2.83337880E-03
3.95198436E+00	2.45547999E+00	5.48902462E-03	2.82246171E-03
4.25150520E+00	1.88103392E+00	5.48850649E-03	2.81156389E-03
4.46812813E+00	1.27102017E+00	5.48798929E-03	2.80068521E-03
4.59778338E+00	6.37321439E-01	5.48747301E-03	2.78982559E-03
4.63809371E+00	-7.73899085E-03	5.48695764E-03	2.77898493E-03
4.58841781E+00	-6.51636915E-01	5.48644320E-03	2.76816312E-03
4.44986005E+00	-1.28189032E+00	5.48592966E-03	2.75736006E-03
4.22524628E+00	-1.88630133E+00	5.48541702E-03	2.74657565E-03
3.91906634E+00	-2.45319223E+00	5.48490528E-03	2.73580980E-03
3.53738447E+00	-2.97163109E+00	5.48439444E-03	2.72506241E-03
3.08771917E+00	-3.43164251E+00	5.48388449E-03	2.71433338E-03
2.57889522E+00	-3.82439952E+00	5.48337542E-03	2.70362260E-03
2.02087052E+00	-4.14239296E+00	5.48286723E-03	2.69293000E-03
1.42454121E+00	-4.37957494E+00	5.48235992E-03	2.68225546E-03
8.01528994E-01	-4.53147384E+00	5.48185348E-03	2.67159889E-03
1.63954665E-01	-4.59527851E+00	5.48134791E-03	2.66096020E-03
-4.75797690E-01	-4.56989018E+00	5.48084319E-03	2.65033929E-03
-1.10532119E+00	-4.45594108E+00	5.48033934E-03	2.63973607E-03
-1.71242674E+00	-4.25577943E+00	5.47983633E-03	2.62915044E-03
-2.28537903E+00	-3.97342127E+00	5.47933418E-03	2.61858231E-03
-2.81312330E+00	-3.61446996E+00	5.47883287E-03	2.60803159E-03
-3.28549866E+00	-3.18600501E+00	5.47833239E-03	2.59749819E-03
-3.69343364E+00	-2.69644259E+00	5.47783275E-03	2.58698200E-03
-4.02912037E+00	-2.15537017E+00	5.47733395E-03	2.57648295E-03
-4.28616400E+00	-1.57335888E+00	5.47683596E-03	2.56600094E-03
-4.45970441E+00	-9.61756948E-01	5.47633880E-03	2.55553588E-03
-4.54650808E+00	-3.32468505E-01	5.47584246E-03	2.54508768E-03
-4.54502821E+00	3.02278101E-01	5.47534693E-03	2.53465624E-03
-4.45543206E+00	9.30167890E-01	5.47485221E-03	2.52424149E-03
-4.27959502E+00	1.53903815E+00	5.47435829E-03	2.51384333E-03
-4.02106155E+00	2.11711402E+00	5.47386517E-03	2.50346167E-03
-3.68497389E+00	2.65323614E+00	5.47337284E-03	2.49309642E-03
-3.27796978E+00	3.13707608E+00	5.47288131E-03	2.48274751E-03
-2.80805151E+00	3.55933525E+00	5.47239057E-03	2.47241483E-03
-2.28442855E+00	3.91192357E+00	5.47190060E-03	2.46209831E-03
-1.71733715E+00	4.18811446E+00	5.47141142E-03	2.45179785E-03
-1.11784025E+00	4.38267306E+00	5.47092301E-03	2.44151337E-03
-4.97611720E-01	4.49195541E+00	5.47043537E-03	2.43124479E-03
1.31290978E-01	4.51397660E+00	5.46994850E-03	2.42099202E-03
7.56661116E-01	4.44844665E+00	5.46946239E-03	2.41075498E-03
1.36637962E+00	4.29677346E+00	5.46897704E-03	2.40053358E-03
1.94864988E+00	4.06203286E+00	5.46849244E-03	2.39032774E-03
2.49222598E+00	3.74890638E+00	5.46800860E-03	2.38013737E-03
2.98662985E+00	3.36358790E+00	5.46752549E-03	2.36996239E-03
3.42235320E+00	2.91366126E+00	5.46704313E-03	2.35980272E-03
3.79104038E+00	2.40795100E+00	5.46656151E-03	2.34965828E-03
4.08564852E+00	1.85634934E+00	5.46608063E-03	2.33952899E-03
4.30058207E+00	1.26962272E+00	5.46560047E-03	2.32941475E-03
4.43179896E+00	6.59201675E-01	5.46512104E-03	2.31931550E-03
4.47688657E+00	3.69581777E-02	5.46464233E-03	2.30923116E-03
4.43510593E+00	-5.85025211E-01	5.46416434E-03	2.29916163E-03
4.30740343E+00	-1.19468994E+00	5.46368707E-03	2.28910684E-03
4.09638981E+00	-1.78023522E+00	5.46321050E-03	2.27906672E-03
3.80628695E+00	-2.33034640E+00	5.46273464E-03	2.26904118E-03
3.44284346E+00	-2.83441361E+00	5.46225949E-03	2.25903014E-03
3.01322088E+00	-3.28273628E+00	5.46178504E-03	2.24903353E-03
2.52585256E+00	-3.66670989E+00	5.46131128E-03	2.23905127E-03
1.99027819E+00	-3.97899097E+00	5.46083821E-03	2.22908327E-03
1.41695710E+00	-4.21363759E+00	5.46036583E-03	2.21912947E-03
8.17064035E-01	-4.36622228E+00	5.45989414E-03	2.20918978E-03
2.02271374E-01	-4.43391555E+00	5.45942312E-03	2.19926413E-03
-4.15477950E-01	-4.41553821E+00	5.45895279E-03	2.18935244E-03
-1.02420243E+00	-4.31158165E+00	5.45848312E-03	2.17945464E-03
-1.61211433E+00	-4.12419569E+00	5.45801413E-03	2.16957065E-03
-2.16784793E+00	-3.85714431E+00	5.45754580E-03	2.15970040E-03
-2.68067924E+00	-3.51573011E+00	5.45707814E-03	2.14984380E-03
-3.14073285E+00	-3.10668911E+00	5.45661113E-03	2.14000079E-03
-3.53917212E+00	-2.63805792E+00	5.45614478E-03	2.13017130E-03
-3.86836887E+00	-2.11901584E+00	5.45567908E-03	2.12035524E-03
-4.12204932E+00	-1.55970513E+00	5.45521403E-03	2.11055254E-03
-4.29541368E+00	-9.71032879E-01	5.45474963E-03	2.10076313E-03
-4.38522684E+00	-3.64458283E-01	5.45428586E-03	2.09098694E-03
-4.38987864E+00	2.48230340E-01	5.45382273E-03	2.08122390E-03
-4.30941256E+00	8.55144642E-01	5.45336024E-03	2.07147393E-03
-4.14552226E+00	1.44452688E+00	5.45289838E-03	2.06173696E-03
-3.90151618E+00	2.00497770E+00	5.45243714E-03	2.05201291E-03
-3.58225084E+00	2.52567651E+00	5.45197653E-03	2.04230173E-03
-3.19403424E+00	2.99659047E+00	5.45151654E-03	2.03260333E-03
-2.74450132E+00	3.40866766E+00	5.45105717E-03	2.02291765E-03
-2.24246382E+00	3.75401113E+00	5.45059840E-03	2.01324461E-03
-1.69773761E+00	4.02603012E+00	5.45014025E-03	2.00358414E-03
-1.12095079E+00	4.21956585E+00	5.44968271E-03	1.99393618E-03
-5.23336386E-01	4.33098924E+00	5.44922577E-03	1.98430066E-03
8.34864258E-02	4.35826891E+00	5.44876943E-03	1.97467750E-03
6.87738164E-01	4.30100803E+00	5.44831369E-03	1.96506664E-03
1.27770768E+00	4.16044946E+00	5.44785853E-03	1.95546800E-03
1.84197913E+00	3.93944908E+00	5.44740397E-03	1.94588153E-03
2.36965278E+00	3.64241789E+00	5.44695000E-03	1.93630715E-03
2.85055560E+00	3.27523403E+00	5.44649661E-03	1.92674479E-03
3.27543729E+00	2.84512654E+00	5.44604380E-03	1.91719439E-03
3.63614821E+00	2.36053307E+00	5.44559157E-03	1.90765588E-03
3.92579566E+00	1.83093439E+00	5.44513991E-03	1.89812919E-03
4.13887551E+00	1.26666896E+00	5.44468882E-03	1.88861425E-03
4.27137676E+00	6.78731109E-01	5.44423830E-03	1.87911101E-03
4.32085697E+00	7.85568888E-02	5.44378835E-03	1.86961938E-03
4.28648713E+00	-5.22198374E-01	5.44333895E-03	1.86013932E-03
4.16906519E+00	-1.11188638E+00	5.44289012E-03	1.85067074E-03
3.97099809E+00	-1.67909167E+00	5.44244183E-03	1.84121359E-03
3.69625252E+00	-2.21285263E+00	5.44199410E-03	1.83176780E-03
3.35027555E+00	-2.70287321E+00	5.44154692E-03	1.82233331E-03
2.93988677E+00	-3.13972162E+00	5.44110029E-03	1.81291005E-03
2.47314386E+00	-3.51501172E+00	5.44065419E-03	1.80349796E-03
1.95918444E+00	-3.82156404E+00	5.44020864E-03	1.79409696E-03
1.40804721E+00	-4.05354306E+00	5.43976362E-03	1.78470701E-03
8.30475938E-01	-4.20656824E+00	5.43931913E-03	1.77532804E-03
2.37710003E-01	-4.27779667E+00	5.43887518E-03	1.76595997E-03
-3.58734249E-01	-4.26597575E+00	5.43843175E-03	1.75660276E-03
-9.47287236E-01	-4.17146503E+00	5.43798885E-03	1.74725633E-03
-1.51655053E+00	-3.99622666E+00	5.43754646E-03	1.73792062E-03
-2.05551758E+00	-3.74378484E+00	5.43710460E-03	1.72859558E-03
-2.55378650E+00	-3.41915508E+00	5.43666325E-03	1.71928114E-03
-3.00176077E+00	-3.02874457E+00	5.43622241E-03	1.70997723E-03
-3.39083403E+00	-2.58022580E+00	5.43578208E-03	1.70068380E-03
-3.71355544E+00	-2.08238582E+00	5.43534226E-03	1.69140079E-03
-3.96377223E+00	-1.54495412E+00	5.43490294E-03	1.68212813E-03
-4.13674702E+00	-9.78412523E-01	5.43446412E-03	1.67286576E-03
-4.22924743E+00	-3.93790770E-01	5.43402580E-03	1.66361363E-03
-4.23960638E+00	1.97548162E-01	5.43358797E-03	1.65437166E-03
-4.16775196E+00	7.84128904E-01	5.43315064E-03	1.64513981E-03
-4.01520632E+00	1.35458635E+00	5.43271379E-03	1.63591801E-03
-3.78505364E+00	1.89788582E+00	5.43227743E-03	1.62670620E-03
-3.48187791E+00	2.40353652E+00	5.43184155E-03	1.61750433E-03
-3.11167170E+00	2.86179400E+00	5.43140615E-03	1.60831232E-03
-2.68171773E+00	3.26384802E+00	5.43097123E-03	1.59913013E-03
-2.20044570E+00	3.60199178E+00	5.43053678E-03	1.58995770E-03
-1.67726701E+00	3.86976972E+00	5.43010281E-03	1.58079496E-03
-1.12239077E+00	4.06210060E+00	5.42966930E-03	1.57164186E-03
-5.46624638E-01	4.17537396E+00	5.42923626E-03	1.56249834E-03
3.88357053E-02	4.20751776E+00	5.42880369E-03	1.55336435E-03
6.22624188E-01	4.15803611E+00	5.42837157E-03	1.54423981E-03
1.19342499E+00	4.02801650E+00	5.42793991E-03	1.53512469E-03
1.74019188E+00	3.82010613E+00	5.42750871E-03	1.52601891E-03
2.25236189E+00	3.53845822E+00	5.42707796E-03	1.51692242E-03
2.72005942E+00	3.18864905E+00	5.42664766E-03	1.50783517E-03
3.13428660E+00	2.77756768E+00	5.42621780E-03	1.49875710E-03
3.48709635E+00	2.31328030E+00	5.42578839E-03	1.48968815E-03
3.77174484E+00	1.80487197E+00	5.42535942E-03	1.48062826E-03
3.98282029E+00	1.26226892E+00	5.42493089E-03	1.47157739E-03
4.11634588E+00	6.96044767E-01	5.42450280E-03	1.46253546E-03
4.16985454E+00	1.17214481E-01	5.42407513E-03	1.45350244E-03
4.14243445E+00	-4.62979838E-01	5.42364790E-03	1.44447826E-03
4.03474424E+00	-1.03328729E+00	5.42322110E-03	1.43546286E-03
3.84899780E+00	-1.58266633E+00	5.42279472E-03	1.42645619E-03
3.58891886E+00	-2.10049849E+00	5.42236877E-03	1.41745820E-03
3.25966650E+00	-2.57679360E+00	5.42194323E-03	1.40846884E-03
2.86773279E+00	-3.00238249E+00	5.42151812E-03	1.39948804E-03
2.42081490E+00	-3.36909346E+00	5.42109341E-03	1.39051575E-03
1.92766393E+00	-3.66990918E+00	5.42066912E-03	1.38155192E-03
1.39791361E+00	-3.89910087E+00	5.42024524E-03	1.37259649E-03
8.41892148E-01	-4.05233740E+00	5.41982177E-03	1.36364942E-03
2.70420863E-01	-4.12676706E+00	5.41939870E-03	1.35471064E-03
-3.05396358E-01	-4.12107051E+00	5.41897603E-03	1.34578010E-03
-8.74388799E-01	-4.03548394E+00	5.41855376E-03	1.33685775E-03
-1.42553560E+00	-3.87179211E+00	5.41813189E-03	1.32794354E-03
-1.94817918E+00	-3.63329123E+00	5.41771042E-03	1.31903742E-03
-2.43223131E+00	-3.32472277E+00	5.41728933E-03	1.31013932E-03
-2.86836781E+00	-2.95217920E+00	5.41686863E-03	1.30124920E-03
-3.24820810E+00	-2.52298377E+00	5.41644832E-03	1.29236701E-03
-3.56447624E+00	-2.04554660E+00	5.41602840E-03	1.28349269E-03
-3.81114023E+00	-1.52919992E+00	5.41560886E-03	1.27462619E-03
-3.98352701E+00	-9.84015694E-01	5.41518969E-03	1.26576745E-03
-4.07841095E+00	-4.20609155E-01	5.41477090E-03	1.25691644E-03
-4.09407409E+00	1.50067815E-01	5.41435249E-03	1.24807309E-03
-4.03033711E+00	7.16939569E-01	5.41393445E-03	1.23923736E-03
-3.88856034E+00	1.26902162E+00	5.41351677E-03	1.23040918E-03
-3.67161504E+00	1.79563347E+00	5.41309947E-03	1.22158852E-03
-3.38382530E+00	2.28660518E+00	5.41268253E-03	1.21277532E-03
-3.03088196E+00	2.73247378E+00	5.41226595E-03	1.20396953E-03
-2.61973011E+00	3.12466561E+00	5.41184973E-03	1.19517110E-03
-2.15843250E+00	3.45566112E+00	5.41143387E-03	1.18637997E-03
-1.65601142E+00	3.71913906E+00	5.41101836E-03	1.17759610E-03
-1.12227233E+00	3.91009712E+00	5.41060320E-03	1.16881944E-03
-5.67612452E-01	4.02494685E+00	5.41018840E-03	1.16004994E-03
-2.81833019E-03	4.06158099E+00	5.40977394E-03	1.15128754E-03
5.61143953E-01	4.01941206E+00	5.40935982E-03	1.14253220E-03
1.11334165E+00	3.89938132E+00	5.40894605E-03	1.13378387E-03
1.64308727E+00	3.70393811E+00	5.40853262E-03	1.12504250E-03
2.14014539E+00	3.43699003E+00	5.40811953E-03	1.11630804E-03
2.59493040E+00	3.10382489E+00	5.40770678E-03	1.10758043E-03
2.99869131E+00	2.71100599E+00	5.40729435E-03	1.09885964E-03
3.34368013E+00	2.26624290E+00	5.40688226E-03	1.09014560E-03
3.62330050E+00	1.77824018E+00	5.40647050E-03	1.08143828E-03
3.83223376E+00	1.25652705E+00	5.40605906E-03	1.07273763E-03
3.96654007E+00	7.11271341E-01	5.40564795E-03	1.06404359E-03
4.02373265E+00	1.53081381E-01	5.40523715E-03	1.05535611E-03
4.00282369E+00	-4.07200392E-01	5.40482668E-03	1.04667516E-03
3.90434116E+00	-9.58708003E-01	5.40441653E-03	1.03800067E-03
3.73031618E+00	-1.49076264E+00	5.40400669E-03	1.02933261E-03
3.48424131E+00	-1.99307941E+00	5.40359716E-03	1.02067092E-03
3.17100050E+00	-2.45596612E+00	5.40318794E-03	1.01201556E-03
2.79677227E+00	-2.87051024E+00	5.40277903E-03	1.00336648E-03
2.36890784E+00	-3.22875051E+00	5.40237043E-03	9.94723633E-04
1.89578680E+00	-3.52382977E+00	5.40196212E-03	9.86086969E-04
1.38665300E+00	-3.75012619E+00	5.40155412E-03	9.77456441E-04
8.51434011E-01	-3.90336030E+00	5.40114642E-03	9.68832004E-04
3.00547557E-01	-3.98067590E+00	5.40073902E-03	9.60213609E-04
-2.55301235E-01	-3.98069316E+00	5.40033191E-03	9.51601211E-04
-8.05327829E-01	-3.90353306E+00	5.39992509E-03	9.42994763E-04
-1.33887750E+00	-3.75081272E+00	5.39951856E-03	9.34394217E-04
-1.84563169E+00	-3.52561165E+00	5.39911232E-03	9.25799528E-04
-2.31580755E+00	-3.23240981E+00	5.39870637E-03	9.17210648E-04
-2.74034677E+00	-2.87699849E+00	5.39830070E-03	9.08627533E-04
-3.11109005E+00	-2.46636602E+00	5.39789531E-03	9.00050135E-04
-3.42093389E+00	-2.00856038E+00	5.39749020E-03	8.91478408E-04
-3.66396664E+00	-1.51253150E+00	5.39708536E-03	8.82912307E-04
-3.83558127E+00	-9.87956338E-01	5.39668080E-03	8.74351786E-04
-3.93256264E+00	-4.45050125E-01	5.39627651E-03	8.65796799E-04
-3.95314761E+00	1.05632556E-01	5.39587249E-03	8.57247301E-04
-3.89705700E+00	6.53402910E-01	5.39546874E-03	8.48703245E-04
-3.76549863E+00	1.18764539E+00	5.39506526E-03	8.40164587E-04
-3.56114159E+00	1.69802337E+00	5.39466204E-03	8.31631282E-04
-3.28806221E+00	2.17467916E+00	5.39425908E-03	8.23103284E-04
-2.95166278E+00	2.60842432E+00	5.39385638E-03	8.14580548E-04
-2.55856477E+00	2.99091679E+00	5.39345394E-03	8.06063029E-04
-2.11647854E+00	3.31482128E+00	5.39305175E-03	7.97550683E-04
-1.63405208E+00	3.57394993E+00	5.39264982E-03	7.89043465E-04
-1.12070197E+00	3.76338043E+00	5.39224813E-03	7.80541329E-04
-5.86429519E-01	3.87954952E+00	5.39184670E-03	7.72044232E-04
-4.16260017E-02	3.92031991E+00	5.39144551E-03	7.63552129E-04
5.03129453E-01	3.88501949E+00	5.39104457E-03	7.55064976E-04
1.03727525E+00	3.77445207E+00	5.39064387E-03	7.46582729E-04
1.55047207E+00	3.59087945E+00	5.39024341E-03	7.38105343E-04
2.03280298E+00	3.33797530E+00	5.38984318E-03	7.29632774E-04
2.47496504E+00	3.02075174E+00	5.38944320E-03	7.21164978E-04
2.86844870E+00	2.64546000E+00	5.38904344E-03	7.12701913E-04
3.20570152E+00	2.21946737E+00	5.38864392E-03	7.04243533E-04
3.48027315E+00	1.75111252E+00	5.38824463E-03	6.95789795E-04
3.68693860E+00	1.24954238E+00	5.38784557E-03	6.87340655E-04
3.82179763E+00	7.24533457E-01	5.38744673E-03	6.78896071E-04
3.88234831E+00	1.86301382E-01	5.38704811E-03	6.70455999E-04
3.86753334E+00	-3.54697899E-01	5.38664972E-03	6.62020394E-04
3.77775822E+00	-8.87971196E-01	5.38625155E-03	6.53589215E-04
3.61488117E+00	-1.40319158E+00	5.38585359E-03	6.45162418E-04
3.38217477E+00	-1.89039834E+00	5.38545585E-03	6.36739960E-04
3.08426031E+00	-2.34018952E+00	5.38505832E-03	6.28321799E-04
2.72701608E+00	-2.74390334E+00	5.38466101E-03	6.19907890E-04
2.31746142E+00	-3.09378495E+00	5.38426390E-03	6.11498191E-04
1.86361884E+00	-3.38313536E+00	5.38386700E-03	6.03092661E-04
1.37435693E+00	-3.60643970E+00	5.38347031E-03	5.94691255E-04
8.59217029E-01	-3.75947221E+00	5.38307382E-03	5.86293932E-04
3.28227251E-01	-3.83937622E+00	5.38267753E-03	5.77900649E-04
-2.08292745E-01	-3.84471732E+00	5.38228144E-03	5.69511363E-04
-7.39932279E-01	-3.77550900E+00	5.38188554E-03	5.61126033E-04
-1.25639163E+00	-3.63321007E+00	5.38148984E-03	5.52744616E-04
-1.74768155E+00	-3.42069414E+00	5.38109434E-03	5.44367070E-04
-2.20431647E+00	-3.14219164E+00	5.38069902E-03	5.35993353E-04
-2.61749758E+00	-2.80320575E+00	5.38030390E-03	5.27623423E-04
-2.97928236E+00	-2.41040360E+00	5.37990896E-03	5.19257237E-04
-3.28273724E+00	-1.97148529E+00	5.37951421E-03	5.10894755E-04
-3.52207041E+00	-1.49503291E+00	5.37911964E-03	5.02535934E-04
-3.69274234E+00	-9.90342789E-01	5.37872525E-03	4.94180732E-04
-3.79155182E+00	-4.67244130E-01	5.37833104E-03	4.85829109E-04
-3.81669595E+00	6.40923800E-02	5.37793701E-03	4.77481022E-04
-3.76780285E+00	5.93352307E-01	5.37754315E-03	4.69136429E-04
-3.64593666E+00	1.11027766E+00	5.37714946E-03	4.60795290E-04
-3.45357465E+00	1.60486571E+00	5.37675595E-03	4.52457563E-04
-3.19455697E+00	2.06756247E+00	5.37636261E-03	4.44123207E-04
-2.87401004E+00	2.48944729E+00	5.37596943E-03	4.35792180E-04
-2.49824518E+00	2.86240474E+00	5.37557642E-03	4.27464442E-04
-2.07463435E+00	3.17928077E+00	5.37518357E-03	4.19139951E-04
-1.61146558E+00	3.43401982E+00	5.37479089E-03	4.10818665E-04
-1.11778082E+00	3.62178058E+00	5.37439836E-03	4.02500545E-04
-6.03199504E-01	3.73902787E+00	5.37400599E-03	3.94185550E-04
-7.77310745E-02	3.78359919E+00	5.37361378E-03	3.85873637E-04
4.48419642E-01	3.75474446E+00	5.37322172E-03	3.77564767E-04
9.65050612E-01	3.65313838E+00	5.37282981E-03	3.69258899E-04
1.46216038E+00	3.48086504E+00	5.37243806E-03	3.60955992E-04
1.93014167E+00	3.24137540E+00	5.37204645E-03	3.52656005E-04
2.35996701E+00	2.93941815E+00	5.37165498E-03	3.44358898E-04
2.74336289E+00	2.58094567E+00	5.37126367E-03	3.36064631E-04
3.07296892E+00	2.17299668E+00	5.37087249E-03	3.27773162E-04
3.34247917E+00	1.72355813E+00	5.37048145E-03	3.19484452E-04
3.54676272E+00	1.24140881E+00	5.37009055E-03	3.11198460E-04
3.68196130E+00	7.35947926E-01	5.36969979E-03	3.02915145E-04
3.74556215E+00	2.17011903E-01	5.36930916E-03	2.94634468E-04
3.73644454E+00	-3.05317024E-01	5.36891867E-03	2.86356389E-04
3.65489938E+00	-8.20906664E-01	5.36852830E-03	2.78080866E-04
3.50262135E+00	-1.31977139E+00	5.36813807E-03	2.69807861E-04
3.28267382E+00	-1.79226550E+00	5.36774796E-03	2.61537333E-04
2.99942732E+00	-2.22926972E+00	5.36735798E-03	2.53269241E-04
2.65847276E+00	-2.62236715E+00	5.36696812E-03	2.45003546E-04
2.26651112E+00	-2.96400536E+00	5.36657838E-03	2.36740209E-04
1.83122177E+00	-3.24764148E+00	5.36618876E-03	2.28479188E-04
1.36111207E+00	-3.46786743E+00	5.36579926E-03	2.20220445E-04
8.65351111E-01	-3.62051301E+00	5.36540987E-03	2.11963940E-04
3.53590932E-01	-3.70272482E+00	5.36502060E-03	2.03709632E-04
-1.64221396E-01	-3.71301950E+00	5.36463143E-03	1.95457482E-04
-6.78037076E-01	-3.65131032E+00	5.36424238E-03	1.87207451E-04
-1.17790057E+00	-3.51890672E+00	5.36385344E-03	1.78959498E-04
-1.65414246E+00	-3.31848668E+00	5.36346460E-03	1.70713585E-04
-2.09756649E+00	-3.05404268E+00	5.36307587E-03	1.62469671E-04
-2.49962711E+00	-2.73080224E+00	5.36268724E-03	1.54227718E-04
-2.85259411E+00	-2.35512460E+00	5.36229871E-03	1.45987685E-04
-3.14970127E+00	-1.93437565E+00	5.36191028E-03	1.37749533E-04
-3.38527598E+00	-1.47678360E+00	5.36152195E-03	1.29513223E-04
