jMRUI Data Textfile

Filename: /Users/kayigwe/Desktop/TE26_BASISSET/converter/sample_basis_sets/JMRUI/PCrNo393.txt

PointsInDataset: 2048
DatasetsInFile: 1
SamplingInterval: 2.500000E-01
ZeroOrderPhase: 0.000000E+00
BeginTime: 0.000000E+00
TransmitterFrequency: 1.232618E+08
MagneticField: 2.895033E+00
TypeOfNucleus: 0.000000E+00
NameOfPatient: PCrNo393
DateOfExperiment: 20260523
Spectrometer: Unknown
AdditionalInfo: Converted by basis_set_converter


Signal and FFT
sig(real)	sig(imag)	fft(real)	fft(imag)
Signal 1 out of 1 in file
4.42798768E+01	-5.49687768E+00	1.06104765E-02	8.61576659E-04
4.18809820E+01	-7.23470876E+00	1.06110708E-02	8.44475576E-04
3.38940836E+01	-8.70197263E+00	1.06116643E-02	8.27376579E-04
2.14894926E+01	-1.03988329E+01	1.06122568E-02	8.10279579E-04
6.52109698E+00	-1.25446356E+01	1.06128485E-02	7.93184487E-04
-8.80935513E+00	-1.49690428E+01	1.06134392E-02	7.76091215E-04
-2.23437765E+01	-1.71258126E+01	1.06140291E-02	7.58999674E-04
-3.23333674E+01	-1.82275893E+01	1.06146181E-02	7.41909777E-04
-3.77049500E+01	-1.74673415E+01	1.06152062E-02	7.24821435E-04
-3.81794659E+01	-1.42682044E+01	1.06157934E-02	7.07734560E-04
-3.42291843E+01	-8.49462564E+00	1.06163797E-02	6.90649064E-04
-2.68968142E+01	-5.66205289E-01	1.06169652E-02	6.73564858E-04
-1.75290585E+01	8.56066301E+00	1.06175498E-02	6.56481854E-04
-7.49235936E+00	1.75453136E+01	1.06181335E-02	6.39399965E-04
2.06346048E+00	2.49176669E+01	1.06187164E-02	6.22319102E-04
1.03459831E+01	2.93775202E+01	1.06192984E-02	6.05239177E-04
1.69464605E+01	3.00685886E+01	1.06198795E-02	5.88160102E-04
2.17642278E+01	2.67630949E+01	1.06204598E-02	5.71081789E-04
2.48680909E+01	1.99140133E+01	1.06210392E-02	5.54004149E-04
2.63475595E+01	1.05637917E+01	1.06216178E-02	5.36927096E-04
2.62054015E+01	1.32507694E-01	1.06221955E-02	5.19850539E-04
2.43270315E+01	-9.86359509E+00	1.06227723E-02	5.02774393E-04
2.05364428E+01	-1.80972804E+01	1.06233483E-02	4.85698568E-04
1.47200763E+01	-2.36548804E+01	1.06239235E-02	4.68622976E-04
6.97713952E+00	-2.61533253E+01	1.06244978E-02	4.51547530E-04
-2.25611559E+00	-2.57311957E+01	1.06250713E-02	4.34472142E-04
-1.21565268E+01	-2.29273954E+01	1.06256439E-02	4.17396722E-04
-2.15685470E+01	-1.84883595E+01	1.06262157E-02	4.00321184E-04
-2.91651969E+01	-1.31603682E+01	1.06267867E-02	3.83245439E-04
-3.36873638E+01	-7.52372621E+00	1.06273568E-02	3.66169399E-04
-3.42091835E+01	-1.91059172E+00	1.06279261E-02	3.49092976E-04
-3.03656913E+01	3.57761651E+00	1.06284946E-02	3.32016081E-04
-2.24835247E+01	8.96692368E+00	1.06290622E-02	3.14938628E-04
-1.15755774E+01	1.42606031E+01	1.06296291E-02	2.97860527E-04
8.08549561E-01	1.92951515E+01	1.06301951E-02	2.80781690E-04
1.28502404E+01	2.36544723E+01	1.06307603E-02	2.63702029E-04
2.27927190E+01	2.66782917E+01	1.06313246E-02	2.46621456E-04
2.92638030E+01	2.75740026E+01	1.06318882E-02	2.29539883E-04
3.15199326E+01	2.56105990E+01	1.06324509E-02	2.12457221E-04
2.95584548E+01	2.03473647E+01	1.06330128E-02	1.95373382E-04
2.40755517E+01	1.18356884E+01	1.06335740E-02	1.78288278E-04
1.62829867E+01	7.34049353E-01	1.06341343E-02	1.61201820E-04
7.62925467E+00	-1.17059988E+01	1.06346938E-02	1.44113920E-04
-5.08184482E-01	-2.37951594E+01	1.06352525E-02	1.27024489E-04
-7.08821314E+00	-3.36806879E+01	1.06358104E-02	1.09933440E-04
-1.15702315E+01	-3.96864893E+01	1.06363675E-02	9.28406822E-05
-1.39452486E+01	-4.06467873E+01	1.06369238E-02	7.57461285E-05
-1.46358401E+01	-3.61588864E+01	1.06374793E-02	5.86496901E-05
-1.42994258E+01	-2.66960830E+01	1.06380340E-02	4.15512780E-05
-1.35922762E+01	-1.35516664E+01	1.06385880E-02	2.44508037E-05
-1.29594340E+01	1.37783053E+00	1.06391411E-02	7.34817826E-06
-1.25065959E+01	1.59262798E+01	1.06396935E-02	-9.75668703E-06
-1.19865426E+01	2.80390112E+01	1.06402450E-02	-2.68638811E-05
-1.09011448E+01	3.61222321E+01	1.06407958E-02	-4.39734929E-05
-8.68856025E+00	3.92904595E+01	1.06413458E-02	-6.10856115E-05
-4.94210080E+00	3.74661863E+01	1.06418950E-02	-7.82003259E-05
4.01655700E-01	3.13203171E+01	1.06424435E-02	-9.53177252E-05
6.96034741E+00	2.20775405E+01	1.06429911E-02	-1.12437899E-04
1.39216751E+01	1.12392026E+01	1.06435380E-02	-1.29560936E-04
2.01795548E+01	2.90822804E-01	1.06440842E-02	-1.46686925E-04
2.45609002E+01	-9.54082499E+00	1.06446295E-02	-1.63815957E-04
2.60890978E+01	-1.74338817E+01	1.06451741E-02	-1.80948121E-04
2.42195993E+01	-2.30017704E+01	1.06457179E-02	-1.98083505E-04
1.89887685E+01	-2.62196392E+01	1.06462609E-02	-2.15222201E-04
1.10377695E+01	-2.72844227E+01	1.06468032E-02	-2.32364297E-04
1.50359578E+00	-2.64600161E+01	1.06473447E-02	-2.49509883E-04
-8.19836093E+00	-2.39580876E+01	1.06478855E-02	-2.66659050E-04
-1.66496927E+01	-1.98899817E+01	1.06484255E-02	-2.83811887E-04
-2.26984185E+01	-1.43005548E+01	1.06489647E-02	-3.00968484E-04
-2.56612044E+01	-7.26766879E+00	1.06495032E-02	-3.18128931E-04
-2.54148271E+01	9.70908172E-01	1.06500409E-02	-3.35293319E-04
-2.23615484E+01	9.91209445E+00	1.06505779E-02	-3.52461738E-04
-1.72843971E+01	1.87487112E+01	1.06511141E-02	-3.69634279E-04
-1.11347829E+01	2.64250827E+01	1.06516496E-02	-3.86811031E-04
-4.80970275E+00	3.17883670E+01	1.06521843E-02	-4.03992086E-04
1.02456353E+00	3.38085752E+01	1.06527182E-02	-4.21177533E-04
6.02055426E+00	3.18176410E+01	1.06532515E-02	-4.38367465E-04
1.01335924E+01	2.57074639E+01	1.06537839E-02	-4.55561972E-04
1.35150830E+01	1.60318750E+01	1.06543157E-02	-4.72761145E-04
1.63537515E+01	3.97726341E+00	1.06548467E-02	-4.89965075E-04
1.87176004E+01	-8.80343078E+00	1.06553769E-02	-5.07173854E-04
2.04487580E+01	-2.04658304E+01	1.06559064E-02	-5.24387572E-04
2.11481371E+01	-2.93033934E+01	1.06564352E-02	-5.41606322E-04
2.02609381E+01	-3.40609040E+01	1.06569632E-02	-5.58830194E-04
1.72444025E+01	-3.41637215E+01	1.06574905E-02	-5.76059281E-04
1.17738213E+01	-2.98122241E+01	1.06580171E-02	-5.93293675E-04
3.92857594E+00	-2.19210547E+01	1.06585430E-02	-6.10533466E-04
-5.69892062E+00	-1.19179765E+01	1.06590681E-02	-6.27778749E-04
-1.60119400E+01	-1.44883903E+00	1.06595924E-02	-6.45029614E-04
-2.55481646E+01	7.94434397E+00	1.06601161E-02	-6.62286154E-04
-3.27279022E+01	1.51008174E+01	1.06606390E-02	-6.79548462E-04
-3.61620482E+01	1.94152648E+01	1.06611612E-02	-6.96816630E-04
-3.49520252E+01	2.08763793E+01	1.06616826E-02	-7.14090751E-04
-2.89119627E+01	1.99708929E+01	1.06622034E-02	-7.31370917E-04
-1.86583631E+01	1.74862694E+01	1.06627234E-02	-7.48657223E-04
-5.54110380E+00	1.42681795E+01	1.06632427E-02	-7.65949761E-04
8.57489338E+00	1.09970687E+01	1.06637613E-02	-7.83248624E-04
2.16341554E+01	8.03986201E+00	1.06642791E-02	-8.00553906E-04
3.17540902E+01	5.41060594E+00	1.06647963E-02	-8.17865701E-04
3.75516349E+01	2.84357576E+00	1.06653127E-02	-8.35184102E-04
3.83664062E+01	-4.79710176E-02	1.06658284E-02	-8.52509203E-04
3.43378440E+01	-3.57681132E+00	1.06663434E-02	-8.69841099E-04
2.63272284E+01	-7.80904083E+00	1.06668577E-02	-8.87179883E-04
1.57099052E+01	-1.24654911E+01	1.06673712E-02	-9.04525650E-04
4.09029596E+00	-1.69286760E+01	1.06678841E-02	-9.21878495E-04
-6.99398917E+00	-2.03578125E+01	1.06683962E-02	-9.39238512E-04
-1.63152113E+01	-2.18848204E+01	1.06689076E-02	-9.56605796E-04
-2.30996379E+01	-2.08415444E+01	1.06694183E-02	-9.73980443E-04
-2.70543093E+01	-1.69586975E+01	1.06699283E-02	-9.91362547E-04
-2.82882997E+01	-1.04827649E+01	1.06704376E-02	-1.00875220E-03
-2.71654839E+01	-2.17691187E+00	1.06709462E-02	-1.02614951E-03
-2.41395759E+01	6.79927388E+00	1.06714541E-02	-1.04355456E-03
-1.96214750E+01	1.51059752E+01	1.06719613E-02	-1.06096745E-03
-1.39145330E+01	2.14858265E+01	1.06724678E-02	-1.07838828E-03
-7.22965472E+00	2.50117941E+01	1.06729735E-02	-1.09581714E-03
2.34045739E-01	2.52625091E+01	1.06734786E-02	-1.11325413E-03
8.17862790E+00	2.23852898E+01	1.06739830E-02	-1.13069934E-03
1.61128147E+01	1.70348728E+01	1.06744866E-02	-1.14815288E-03
2.33163233E+01	1.02063414E+01	1.06749896E-02	-1.16561484E-03
2.88894183E+01	3.00610258E+00	1.06754919E-02	-1.18308531E-03
3.18890748E+01	-3.58137819E+00	1.06759934E-02	-1.20056441E-03
3.15263036E+01	-8.87443993E+00	1.06764943E-02	-1.21805221E-03
2.73779333E+01	-1.25815716E+01	1.06769945E-02	-1.23554882E-03
1.95565620E+01	-1.47799144E+01	1.06774939E-02	-1.25305434E-03
8.78758669E+00	-1.57988158E+01	1.06779927E-02	-1.27056887E-03
-3.63853976E+00	-1.60472957E+01	1.06784908E-02	-1.28809251E-03
-1.60418525E+01	-1.58384485E+01	1.06789882E-02	-1.30562535E-03
-2.66279215E+01	-1.52634807E+01	1.06794849E-02	-1.32316749E-03
-3.38082091E+01	-1.41533828E+01	1.06799809E-02	-1.34071903E-03
-3.64978088E+01	-1.21410631E+01	1.06804762E-02	-1.35828008E-03
-3.43248623E+01	-8.80781761E+00	1.06809708E-02	-1.37585073E-03
-2.77039965E+01	-3.87298841E+00	1.06814647E-02	-1.39343108E-03
-1.77558881E+01	2.62864783E+00	1.06819579E-02	-1.41102123E-03
-6.08947679E+00	1.02368046E+01	1.06824504E-02	-1.42862128E-03
5.50586935E+00	1.80626013E+01	1.06829423E-02	-1.44623133E-03
1.53912235E+01	2.49055153E+01	1.06834334E-02	-1.46385149E-03
2.23610789E+01	2.94721903E+01	1.06839239E-02	-1.48148185E-03
2.58202376E+01	3.06510817E+01	1.06844136E-02	-1.49912252E-03
2.58225223E+01	2.77797157E+01	1.06849027E-02	-1.51677360E-03
2.29722139E+01	2.08394228E+01	1.06853911E-02	-1.53443518E-03
1.82208408E+01	1.05266399E+01	1.06858788E-02	-1.55210737E-03
1.26147040E+01	-1.82295286E+00	1.06863658E-02	-1.56979028E-03
7.05694019E+00	-1.44475569E+01	1.06868521E-02	-1.58748400E-03
2.14031426E+00	-2.54677878E+01	1.06873377E-02	-1.60518864E-03
-1.91435984E+00	-3.32262874E+01	1.06878227E-02	-1.62290431E-03
-5.20849576E+00	-3.65865610E+01	1.06883069E-02	-1.64063109E-03
-8.02853586E+00	-3.51284202E+01	1.06887905E-02	-1.65836911E-03
-1.06673081E+01	-2.92010960E+01	1.06892734E-02	-1.67611846E-03
-1.32593028E+01	-1.98274003E+01	1.06897556E-02	-1.69387924E-03
-1.56795291E+01	-8.48540576E+00	1.06902371E-02	-1.71165157E-03
-1.75366383E+01	3.17997296E+00	1.06907179E-02	-1.72943554E-03
-1.82639407E+01	1.36503756E+01	1.06911980E-02	-1.74723126E-03
-1.72840530E+01	2.17703683E+01	1.06916775E-02	-1.76503883E-03
-1.42016014E+01	2.68824097E+01	1.06921562E-02	-1.78285837E-03
-8.96931598E+00	2.88432631E+01	1.06926343E-02	-1.80068998E-03
-1.97842265E+00	2.79343827E+01	1.06931117E-02	-1.81853375E-03
5.95694650E+00	2.47033546E+01	1.06935884E-02	-1.83638981E-03
1.37244174E+01	1.97868868E+01	1.06940644E-02	-1.85425825E-03
2.01217102E+01	1.37651420E+01	1.06945397E-02	-1.87213919E-03
2.41008661E+01	7.08319259E+00	1.06950144E-02	-1.89003273E-03
2.49901780E+01	5.23314215E-02	1.06954883E-02	-1.90793898E-03
2.26399750E+01	-7.08153738E+00	1.06959616E-02	-1.92585804E-03
1.74564654E+01	-1.40360372E+01	1.06964341E-02	-1.94379002E-03
1.03150511E+01	-2.04010181E+01	1.06969060E-02	-1.96173504E-03
2.37395714E+00	-2.55989680E+01	1.06973772E-02	-1.97969320E-03
-5.16681602E+00	-2.89228785E+01	1.06978477E-02	-1.99766462E-03
-1.13034659E+01	-2.96535860E+01	1.06983176E-02	-2.01564939E-03
-1.54074047E+01	-2.72330937E+01	1.06987867E-02	-2.03364763E-03
-1.73053712E+01	-2.14502145E+01	1.06992552E-02	-2.05165945E-03
-1.72465112E+01	-1.25858806E+01	1.06997229E-02	-2.06968497E-03
-1.57713191E+01	-1.47059553E+00	1.07001900E-02	-2.08772429E-03
-1.35220315E+01	1.05749858E+01	1.07006564E-02	-2.10577752E-03
-1.10480981E+01	2.19178032E+01	1.07011221E-02	-2.12384477E-03
-8.66012799E+00	3.08801268E+01	1.07015871E-02	-2.14192616E-03
-6.37136006E+00	3.60445470E+01	1.07020514E-02	-2.16002180E-03
-3.94103981E+00	3.65309005E+01	1.07025150E-02	-2.17813180E-03
-1.00559739E+00	3.21826413E+01	1.07029779E-02	-2.19625628E-03
2.74126070E+00	2.36181788E+01	1.07034402E-02	-2.21439534E-03
7.37293328E+00	1.21318655E+01	1.07039017E-02	-2.23254910E-03
1.26124381E+01	-5.37247594E-01	1.07043626E-02	-2.25071768E-03
1.78124989E+01	-1.25210870E+01	1.07048227E-02	-2.26890119E-03
2.20474548E+01	-2.21561002E+01	1.07052822E-02	-2.28709975E-03
2.43014696E+01	-2.82647833E+01	1.07057410E-02	-2.30531346E-03
2.37108445E+01	-3.03281936E+01	1.07061991E-02	-2.32354245E-03
1.98016241E+01	-2.85183164E+01	1.07066565E-02	-2.34178682E-03
1.26616231E+01	-2.35916546E+01	1.07071132E-02	-2.36004671E-03
2.99931859E+00	-1.66766268E+01	1.07075691E-02	-2.37832222E-03
-7.93230851E+00	-9.00979051E+00	1.07080244E-02	-2.39661347E-03
-1.85371417E+01	-1.68435865E+00	1.07084790E-02	-2.41492058E-03
-2.71625837E+01	4.53271764E+00	1.07089329E-02	-2.43324367E-03
-3.24105992E+01	9.27940037E+00	1.07093861E-02	-2.45158285E-03
-3.34055748E+01	1.25656422E+01	1.07098386E-02	-2.46993824E-03
-2.99607364E+01	1.46503979E+01	1.07102904E-02	-2.48830997E-03
-2.26078658E+01	1.58719827E+01	1.07107415E-02	-2.50669815E-03
-1.24861327E+01	1.64847763E+01	1.07111919E-02	-2.52510290E-03
-1.11742200E+00	1.65504178E+01	1.07116416E-02	-2.54352434E-03
9.88000971E+00	1.59139902E+01	1.07120906E-02	-2.56196260E-03
1.90761120E+01	1.42702096E+01	1.07125389E-02	-2.58041779E-03
2.54521321E+01	1.12982407E+01	1.07129865E-02	-2.59889003E-03
2.85201634E+01	6.82353992E+00	1.07134333E-02	-2.61737946E-03
2.83238961E+01	9.56481086E-01	1.07138795E-02	-2.63588618E-03
2.53343003E+01	-5.83725527E+00	1.07143249E-02	-2.65441033E-03
2.02778074E+01	-1.27618122E+01	1.07147697E-02	-2.67295202E-03
1.39474599E+01	-1.88135215E+01	1.07152137E-02	-2.69151138E-03
7.04662094E+00	-2.29755719E+01	1.07156570E-02	-2.71008854E-03
1.01006390E-01	-2.44393942E+01	1.07160996E-02	-2.72868362E-03
-6.54781590E+00	-2.27980421E+01	1.07165415E-02	-2.74729675E-03
-1.26793134E+01	-1.81618062E+01	1.07169827E-02	-2.76592804E-03
-1.80936096E+01	-1.11642372E+01	1.07174231E-02	-2.78457763E-03
-2.25165906E+01	-2.85320980E+00	1.07178629E-02	-2.80324565E-03
-2.55507893E+01	5.51008325E+00	1.07183019E-02	-2.82193221E-03
-2.66977564E+01	1.26984856E+01	1.07187402E-02	-2.84063746E-03
-2.54549716E+01	1.77552974E+01	1.07191778E-02	-2.85936151E-03
-2.14659244E+01	2.01652001E+01	1.07196146E-02	-2.87810449E-03
-1.46826534E+01	1.99214612E+01	1.07200507E-02	-2.89686654E-03
-5.49138802E+00	1.74770103E+01	1.07204861E-02	-2.91564779E-03
5.24320100E+00	1.35957023E+01	1.07209208E-02	-2.93444835E-03
1.62419919E+01	9.14440320E+00	1.07213547E-02	-2.95326837E-03
2.59842519E+01	4.88026540E+00	1.07217880E-02	-2.97210798E-03
3.29616612E+01	1.28726009E+00	1.07222204E-02	-2.99096730E-03
3.59628575E+01	-1.49815967E+00	1.07226522E-02	-3.00984647E-03
3.43262628E+01	-3.65673354E+00	1.07230832E-02	-3.02874563E-03
2.81021960E+01	-5.56403346E+00	1.07235134E-02	-3.04766490E-03
1.80830542E+01	-7.61334110E+00	1.07239430E-02	-3.06660442E-03
5.68870260E+00	-1.00357459E+01	1.07243718E-02	-3.08556432E-03
-7.27351521E+00	-1.27703599E+01	1.07247998E-02	-3.10454474E-03
-1.89262975E+01	-1.54243605E+01	1.07252271E-02	-3.12354581E-03
-2.76518807E+01	-1.73386421E+01	1.07256537E-02	-3.14256768E-03
-3.23652985E+01	-1.77463306E+01	1.07260795E-02	-3.16161047E-03
-3.26762399E+01	-1.59856764E+01	1.07265045E-02	-3.18067432E-03
-2.89099289E+01	-1.17126121E+01	1.07269288E-02	-3.19975937E-03
-2.19893667E+01	-5.05588150E+00	1.07273524E-02	-3.21886576E-03
-1.32118377E+01	3.33006318E+00	1.07277752E-02	-3.23799363E-03
-3.97451338E+00	1.23351355E+01	1.07281972E-02	-3.25714312E-03
4.48774347E+00	2.05775005E+01	1.07286185E-02	-3.27631436E-03
1.12962681E+01	2.66638087E+01	1.07290390E-02	-3.29550750E-03
1.60181214E+01	2.94687101E+01	1.07294588E-02	-3.31472268E-03
1.86429294E+01	2.83706016E+01	1.07298778E-02	-3.33396004E-03
1.94669405E+01	2.33897731E+01	1.07302960E-02	-3.35321973E-03
1.89258389E+01	1.51972764E+01	1.07307135E-02	-3.37250188E-03
1.74276419E+01	4.99251802E+00	1.07311301E-02	-3.39180663E-03
1.52328653E+01	-5.72250448E+00	1.07315460E-02	-3.41113415E-03
1.24126235E+01	-1.54215085E+01	1.07319612E-02	-3.43048456E-03
8.89118094E+00	-2.28235446E+01	1.07323755E-02	-3.44985801E-03
4.55431256E+00	-2.70970359E+01	1.07327891E-02	-3.46925466E-03
-6.14523072E-01	-2.79590307E+01	1.07332019E-02	-3.48867464E-03
-6.41659884E+00	-2.56567721E+01	1.07336139E-02	-3.50811810E-03
-1.23805527E+01	-2.08468731E+01	1.07340251E-02	-3.52758520E-03
-1.77902540E+01	-1.44103693E+01	1.07344355E-02	-3.54707608E-03
-2.17989245E+01	-7.25413430E+00	1.07348451E-02	-3.56659089E-03
-2.36056232E+01	-1.47903824E-01	1.07352540E-02	-3.58612978E-03
-2.26511024E+01	6.36768755E+00	1.07356620E-02	-3.60569291E-03
-1.87819896E+01	1.19889997E+01	1.07360692E-02	-3.62528041E-03
-1.23376126E+01	1.65847778E+01	1.07364757E-02	-3.64489245E-03
-4.13142835E+00	2.00908117E+01	1.07368813E-02	-3.66452918E-03
4.67544385E+00	2.24060156E+01	1.07372861E-02	-3.68419075E-03
1.27841245E+01	2.33299493E+01	1.07376901E-02	-3.70387731E-03
1.90054107E+01	2.25678763E+01	1.07380933E-02	-3.72358903E-03
2.24885054E+01	1.98076602E+01	1.07384956E-02	-3.74332605E-03
2.28783445E+01	1.48492143E+01	1.07388972E-02	-3.76308853E-03
2.03655086E+01	7.74847568E+00	1.07392979E-02	-3.78287663E-03
1.56184193E+01	-1.07063933E+00	1.07396978E-02	-3.80269051E-03
9.61582656E+00	-1.07783886E+01	1.07400968E-02	-3.82253033E-03
3.42137485E+00	-2.02008621E+01	1.07404951E-02	-3.84239624E-03
-2.04468742E+00	-2.79816132E+01	1.07408925E-02	-3.86228841E-03
-6.18214626E+00	-3.28168960E+01	1.07412890E-02	-3.88220699E-03
-8.79548544E+00	-3.37164028E+01	1.07416847E-02	-3.90215215E-03
-1.00704039E+01	-3.02306439E+01	1.07420796E-02	-3.92212405E-03
-1.04539357E+01	-2.25895653E+01	1.07424736E-02	-3.94212286E-03
-1.04744566E+01	-1.17143347E+01	1.07428667E-02	-3.96214873E-03
-1.05527513E+01	9.08398811E-01	1.07432591E-02	-3.98220183E-03
-1.08567644E+01	1.34695103E+01	1.07436505E-02	-4.00228234E-03
-1.12403543E+01	2.41503205E+01	1.07440411E-02	-4.02239040E-03
-1.12834955E+01	3.14414940E+01	1.07444308E-02	-4.04252620E-03
-1.04238787E+01	3.44019771E+01	1.07448196E-02	-4.06268990E-03
-8.14484233E+00	3.28052117E+01	1.07452076E-02	-4.08288166E-03
-4.16855384E+00	2.71450720E+01	1.07455947E-02	-4.10310166E-03
1.39946974E+00	1.85051754E+01	1.07459809E-02	-4.12335007E-03
8.01719105E+00	8.32496284E+00	1.07463662E-02	-4.14362707E-03
1.47644246E+01	-1.88281688E+00	1.07467507E-02	-4.16393281E-03
2.05048104E+01	-1.08006875E+01	1.07471342E-02	-4.18426747E-03
2.41167931E+01	-1.75055414E+01	1.07475169E-02	-4.20463124E-03
2.47405979E+01	-2.15623915E+01	1.07478986E-02	-4.22502428E-03
2.19827322E+01	-2.30040903E+01	1.07482795E-02	-4.24544677E-03
1.60284759E+01	-2.22160178E+01	1.07486594E-02	-4.26589888E-03
7.63398540E+00	-1.97660783E+01	1.07490384E-02	-4.28638080E-03
-2.00220057E+00	-1.62302234E+01	1.07494165E-02	-4.30689270E-03
-1.14602713E+01	-1.20601174E+01	1.07497937E-02	-4.32743476E-03
-1.93635921E+01	-7.52395341E+00	1.07501700E-02	-4.34800717E-03
-2.46279764E+01	-2.72835348E+00	1.07505453E-02	-4.36861009E-03
-2.66421943E+01	2.29486305E+00	1.07509197E-02	-4.38924372E-03
-2.53437558E+01	7.47196776E+00	1.07512931E-02	-4.40990824E-03
-2.11797266E+01	1.25838857E+01	1.07516657E-02	-4.43060383E-03
-1.49695932E+01	1.72150084E+01	1.07520372E-02	-4.45133068E-03
-7.70917058E+00	2.07777134E+01	1.07524078E-02	-4.47208897E-03
-3.65916003E-01	2.26135318E+01	1.07527775E-02	-4.49287888E-03
6.28574904E+00	2.21485637E+01	1.07531462E-02	-4.51370062E-03
1.17545033E+01	1.90629865E+01	1.07535139E-02	-4.53455436E-03
1.58351573E+01	1.34273085E+01	1.07538807E-02	-4.55544030E-03
1.85365436E+01	5.76358448E+00	1.07542465E-02	-4.57635863E-03
1.99660736E+01	-2.99303131E+00	1.07546113E-02	-4.59730954E-03
2.02130596E+01	-1.16325176E+01	1.07549751E-02	-4.61829321E-03
1.92709676E+01	-1.88825429E+01	1.07553379E-02	-4.63930986E-03
1.70253185E+01	-2.36498600E+01	1.07556997E-02	-4.66035966E-03
1.33127978E+01	-2.52358936E+01	1.07560605E-02	-4.68144283E-03
8.03417043E+00	-2.34761749E+01	1.07564204E-02	-4.70255954E-03
1.28523305E+00	-1.87701953E+01	1.07567792E-02	-4.72371001E-03
-6.53849691E+00	-1.19937193E+01	1.07571370E-02	-4.74489444E-03
-1.47037161E+01	-4.31333644E+00	1.07574937E-02	-4.76611301E-03
-2.21925209E+01	3.05388083E+00	1.07578495E-02	-4.78736594E-03
-2.78478030E+01	9.08008736E+00	1.07582042E-02	-4.80865343E-03
-3.05862842E+01	1.31111600E+01	1.07585578E-02	-4.82997568E-03
-2.96339685E+01	1.49556929E+01	1.07589105E-02	-4.85133289E-03
-2.47286494E+01	1.48622446E+01	1.07592620E-02	-4.87272528E-03
-1.62375690E+01	1.33962938E+01	1.07596125E-02	-4.89415304E-03
-5.15502876E+00	1.12527621E+01	1.07599620E-02	-4.91561639E-03
7.02901473E+00	9.05493598E+00	1.07603104E-02	-4.93711554E-03
1.85687935E+01	7.19247616E+00	1.07606577E-02	-4.95865069E-03
2.77647572E+01	5.73958336E+00	1.07610039E-02	-4.98022207E-03
3.32660482E+01	4.47237927E+00	1.07613491E-02	-5.00182988E-03
3.43103012E+01	2.97788225E+00	1.07616931E-02	-5.02347433E-03
3.08508457E+01	8.22494702E-01	1.07620360E-02	-5.04515565E-03
2.35460957E+01	-2.26802619E+00	1.07623779E-02	-5.06687405E-03
1.36162500E+01	-6.26847087E+00	1.07627186E-02	-5.08862974E-03
2.60117667E+00	-1.07951669E+01	1.07630582E-02	-5.11042295E-03
-7.92626350E+00	-1.51482534E+01	1.07633967E-02	-5.13225390E-03
-1.66298452E+01	-1.84489414E+01	1.07637341E-02	-5.15412280E-03
-2.26080575E+01	-1.98402713E+01	1.07640703E-02	-5.17602989E-03
-2.54855618E+01	-1.87024736E+01	1.07644054E-02	-5.19797539E-03
-2.53896164E+01	-1.48288940E+01	1.07647393E-02	-5.21995952E-03
-2.28302020E+01	-8.51694324E+00	1.07650720E-02	-5.24198251E-03
-1.85235326E+01	-5.48571418E-01	1.07654036E-02	-5.26404458E-03
-1.32084715E+01	7.93866138E+00	1.07657340E-02	-5.28614597E-03
-7.50211098E+00	1.56623982E+01	1.07660633E-02	-5.30828692E-03
-1.82584904E+00	2.14409452E+01	1.07663913E-02	-5.33046764E-03
3.58892934E+00	2.44180270E+01	1.07667182E-02	-5.35268838E-03
8.62981708E+00	2.42169053E+01	1.07670438E-02	-5.37494937E-03
1.31994643E+01	2.09913868E+01	1.07673683E-02	-5.39725084E-03
1.71195170E+01	1.53662451E+01	1.07676915E-02	-5.41959304E-03
2.00794541E+01	8.28577694E+00	1.07680135E-02	-5.44197621E-03
2.16528628E+01	8.10049290E-01	1.07683343E-02	-5.46440058E-03
2.13825113E+01	-6.09120631E+00	1.07686538E-02	-5.48686640E-03
1.89136041E+01	-1.16995009E+01	1.07689720E-02	-5.50937391E-03
1.41379760E+01	-1.56299733E+01	1.07692891E-02	-5.53192336E-03
7.30541911E+00	-1.78240123E+01	1.07696048E-02	-5.55451499E-03
-9.36094016E-01	-1.84648722E+01	1.07699193E-02	-5.57714906E-03
-9.59299974E+00	-1.78486150E+01	1.07702325E-02	-5.59982581E-03
-1.74698869E+01	-1.62528109E+01	1.07705444E-02	-5.62254549E-03
-2.33785494E+01	-1.38435371E+01	1.07708550E-02	-5.64530836E-03
-2.63678592E+01	-1.06480563E+01	1.07711642E-02	-5.66811467E-03
-2.59219095E+01	-6.59983777E+00	1.07714722E-02	-5.69096468E-03
-2.20788053E+01	-1.64004346E+00	1.07717789E-02	-5.71385864E-03
-1.54394766E+01	4.15853895E+00	1.07720842E-02	-5.73679682E-03
-7.06096175E+00	1.04877919E+01	1.07723881E-02	-5.75977948E-03
1.74438723E+00	1.67600765E+01	1.07726907E-02	-5.78280687E-03
9.66007780E+00	2.21480270E+01	1.07729920E-02	-5.80587927E-03
1.56114147E+01	2.57102853E+01	1.07732919E-02	-5.82899694E-03
1.89520209E+01	2.65807472E+01	1.07735904E-02	-5.85216014E-03
1.95512340E+01	2.41791205E+01	1.07738875E-02	-5.87536915E-03
1.77666061E+01	1.83908709E+01	1.07741832E-02	-5.89862424E-03
1.43132031E+01	9.66789100E+00	1.07744775E-02	-5.92192567E-03
1.00655789E+01	-9.82856269E-01	1.07747704E-02	-5.94527374E-03
5.84323958E+00	-1.21304835E+01	1.07750618E-02	-5.96866870E-03
2.23250125E+00	-2.21508095E+01	1.07753518E-02	-5.99211084E-03
-5.13473316E-01	-2.95118878E+01	1.07756404E-02	-6.01560044E-03
-2.47601688E+00	-3.30554183E+01	1.07759275E-02	-6.03913778E-03
-3.97927378E+00	-3.22141547E+01	1.07762131E-02	-6.06272314E-03
-5.43513350E+00	-2.71185206E+01	1.07764972E-02	-6.08635682E-03
-7.17037272E+00	-1.85696934E+01	1.07767799E-02	-6.11003909E-03
-9.28544206E+00	-7.88573205E+00	1.07770610E-02	-6.13377024E-03
-1.15852007E+01	3.34507768E+00	1.07773407E-02	-6.15755058E-03
-1.36022456E+01	1.35501076E+01	1.07776188E-02	-6.18138038E-03
-1.47084453E+01	2.14372630E+01	1.07778953E-02	-6.20525995E-03
-1.42863685E+01	2.61859287E+01	1.07781704E-02	-6.22918958E-03
-1.19156945E+01	2.75302838E+01	1.07784438E-02	-6.25316957E-03
-7.52469402E+00	2.57274268E+01	1.07787157E-02	-6.27720022E-03
-1.46478946E+00	2.14292890E+01	1.07789860E-02	-6.30128184E-03
5.51495494E+00	1.54977672E+01	1.07792547E-02	-6.32541473E-03
1.23916085E+01	8.81212549E+00	1.07795218E-02	-6.34959919E-03
1.80638794E+01	2.11460584E+00	1.07797873E-02	-6.37383553E-03
2.15745972E+01	-4.07427984E+00	1.07800512E-02	-6.39812408E-03
2.23083183E+01	-9.46087374E+00	1.07803134E-02	-6.42246513E-03
2.01179798E+01	-1.39167516E+01	1.07805740E-02	-6.44685901E-03
1.53516852E+01	-1.73810282E+01	1.07808329E-02	-6.47130603E-03
8.77483987E+00	-1.97655570E+01	1.07810901E-02	-6.49580651E-03
1.40786764E+00	-2.08987758E+01	1.07813456E-02	-6.52036077E-03
-5.68067365E+00	-2.05303544E+01	1.07815994E-02	-6.54496914E-03
-1.15764255E+01	-1.83987664E+01	1.07818515E-02	-6.56963195E-03
-1.56709569E+01	-1.43430849E+01	1.07821019E-02	-6.59434952E-03
-1.77313329E+01	-8.42456824E+00	1.07823505E-02	-6.61912218E-03
-1.78779341E+01	-1.01745603E+00	1.07825973E-02	-6.64395026E-03
-1.64845731E+01	7.16619903E+00	1.07828424E-02	-6.66883411E-03
-1.40341058E+01	1.51370527E+01	1.07830857E-02	-6.69377406E-03
-1.09725054E+01	2.17715409E+01	1.07833272E-02	-6.71877045E-03
-7.60236146E+00	2.60118831E+01	1.07835668E-02	-6.74382362E-03
-4.04372107E+00	2.70800509E+01	1.07838047E-02	-6.76893392E-03
-2.69733608E-01	2.46556394E+01	1.07840407E-02	-6.79410169E-03
3.79770332E+00	1.89729681E+01	1.07842748E-02	-6.81932728E-03
8.16512269E+00	1.08096539E+01	1.07845071E-02	-6.84461106E-03
1.26591491E+01	1.36339591E+00	1.07847374E-02	-6.86995336E-03
1.68714336E+01	-7.96016180E+00	1.07849659E-02	-6.89535455E-03
2.01816792E+01	-1.58043434E+01	1.07851924E-02	-6.92081499E-03
2.18620604E+01	-2.11079038E+01	1.07854170E-02	-6.94633504E-03
2.12429156E+01	-2.32877869E+01	1.07856397E-02	-6.97191507E-03
1.79005060E+01	-2.23195809E+01	1.07858604E-02	-6.99755544E-03
1.18181186E+01	-1.87008810E+01	1.07860790E-02	-7.02325653E-03
3.47469820E+00	-1.33099100E+01	1.07862957E-02	-7.04901870E-03
-6.16980154E+00	-7.19559834E+00	1.07865104E-02	-7.07484234E-03
-1.57994811E+01	-1.35007014E+00	1.07867231E-02	-7.10072782E-03
-2.39585059E+01	3.48336683E+00	1.07869337E-02	-7.12667552E-03
-2.93156598E+01	6.92442653E+00	1.07871422E-02	-7.15268582E-03
-3.09215575E+01	8.97079122E+00	1.07873486E-02	-7.17875913E-03
-2.84021401E+01	9.91787288E+00	1.07875529E-02	-7.20489581E-03
-2.20449198E+01	1.02111854E+01	1.07877552E-02	-7.23109628E-03
-1.27576763E+01	1.02750971E+01	1.07879552E-02	-7.25736091E-03
-1.90744551E+00	1.03660482E+01	1.07881532E-02	-7.28369012E-03
8.92603305E+00	1.04900881E+01	1.07883489E-02	-7.31008429E-03
1.82299855E+01	1.04061235E+01	1.07885424E-02	-7.33654385E-03
2.48130075E+01	9.71249823E+00	1.07887338E-02	-7.36306919E-03
2.79833917E+01	7.99166933E+00	1.07889229E-02	-7.38966072E-03
2.76195638E+01	4.97175287E+00	1.07891097E-02	-7.41631887E-03
2.41263916E+01	6.58706703E-01	1.07892943E-02	-7.44304403E-03
1.82969533E+01	-4.59982952E+00	1.07894766E-02	-7.46983665E-03
1.11191738E+01	-1.01404179E+01	1.07896566E-02	-7.49669713E-03
3.57596807E+00	-1.50974366E+01	1.07898343E-02	-7.52362591E-03
-3.51562140E+00	-1.85793378E+01	1.07900096E-02	-7.55062341E-03
-9.59498989E+00	-1.98656214E+01	1.07901825E-02	-7.57769007E-03
-1.43680235E+01	-1.85763595E+01	1.07903531E-02	-7.60482633E-03
-1.77486588E+01	-1.47720953E+01	1.07905212E-02	-7.63203262E-03
-1.97614724E+01	-8.95864445E+00	1.07906869E-02	-7.65930938E-03
-2.04431239E+01	-1.99448257E+00	1.07908501E-02	-7.68665707E-03
-1.97776573E+01	5.07787942E+00	1.07910109E-02	-7.71407613E-03
-1.76878195E+01	1.12368569E+01	1.07911692E-02	-7.74156702E-03
-1.40854638E+01	1.56751858E+01	1.07913249E-02	-7.76913020E-03
-8.96421407E+00	1.79376458E+01	1.07914782E-02	-7.79676612E-03
-2.50250354E+00	1.79737516E+01	1.07916288E-02	-7.82447525E-03
4.86080582E+00	1.60978460E+01	1.07917768E-02	-7.85225805E-03
1.24109133E+01	1.28722102E+01	1.07919223E-02	-7.88011501E-03
1.92193862E+01	8.94742129E+00	1.07920651E-02	-7.90804658E-03
2.42809640E+01	4.90348801E+00	1.07922052E-02	-7.93605326E-03
2.67000213E+01	1.13303098E+00	1.07923427E-02	-7.96413553E-03
2.58856667E+01	-2.20531353E+00	1.07924775E-02	-7.99229387E-03
2.17081568E+01	-5.15540527E+00	1.07926095E-02	-8.02052878E-03
1.45749774E+01	-7.86825774E+00	1.07927388E-02	-8.04884074E-03
5.40159081E+00	-1.04750258E+01	1.07928652E-02	-8.07723026E-03
-4.52438136E+00	-1.29695065E+01	1.07929889E-02	-8.10569784E-03
-1.37616528E+01	-1.51389273E+01	1.07931098E-02	-8.13424398E-03
-2.09723336E+01	-1.65685344E+01	1.07932277E-02	-8.16286921E-03
-2.51632402E+01	-1.67248143E+01	1.07933428E-02	-8.19157402E-03
-2.58596546E+01	-1.50995327E+01	1.07934550E-02	-8.22035895E-03
-2.31745259E+01	-1.13781752E+01	1.07935643E-02	-8.24922451E-03
-1.77597051E+01	-5.58691165E+00	1.07936705E-02	-8.27817124E-03
-1.06525082E+01	1.82537582E+00	1.07937738E-02	-8.30719966E-03
-3.05427557E+00	9.99942349E+00	1.07938740E-02	-8.33631032E-03
3.90800981E+00	1.77793430E+01	1.07939712E-02	-8.36550375E-03
9.38393403E+00	2.39096840E+01	1.07940654E-02	-8.39478049E-03
1.29232167E+01	2.72759840E+01	1.07941564E-02	-8.42414111E-03
1.44986281E+01	2.71363226E+01	1.07942442E-02	-8.45358615E-03
1.44313690E+01	2.32911241E+01	1.07943289E-02	-8.48311617E-03
1.32454483E+01	1.61508803E+01	1.07944104E-02	-8.51273174E-03
1.14935697E+01	6.68374651E+00	1.07944887E-02	-8.54243343E-03
9.60172839E+00	-3.74819743E+00	1.07945637E-02	-8.57222181E-03
7.77224629E+00	-1.36302778E+01	1.07946354E-02	-8.60209745E-03
5.96751932E+00	-2.15633096E+01	1.07947038E-02	-8.63206095E-03
3.97404094E+00	-2.65023955E+01	1.07947688E-02	-8.66211288E-03
1.52427819E+00	-2.79182098E+01	1.07948304E-02	-8.69225385E-03
-1.56156884E+00	-2.58512498E+01	1.07948887E-02	-8.72248446E-03
-5.25701802E+00	-2.08544695E+01	1.07949434E-02	-8.75280530E-03
-9.27053018E+00	-1.38446967E+01	1.07949947E-02	-8.78321698E-03
-1.30666918E+01	-5.90227459E+00	1.07950424E-02	-8.81372012E-03
-1.59656708E+01	1.93293967E+00	1.07950866E-02	-8.84431535E-03
-1.72976722E+01	8.82444945E+00	1.07951272E-02	-8.87500327E-03
-1.65734970E+01	1.42301422E+01	1.07951642E-02	-8.90578453E-03
-1.36267619E+01	1.79114541E+01	1.07951975E-02	-8.93665976E-03
-8.68937603E+00	1.98724622E+01	1.07952271E-02	-8.96762961E-03
-2.37798387E+00	2.02578674E+01	1.07952530E-02	-8.99869471E-03
4.40885242E+00	1.92470763E+01	1.07952751E-02	-9.02985572E-03
1.06605855E+01	1.69790388E+01	1.07952934E-02	-9.06111330E-03
1.54526624E+01	1.35302285E+01	1.07953078E-02	-9.09246812E-03
1.81263386E+01	8.94979798E+00	1.07953184E-02	-9.12392085E-03
1.84085754E+01	3.33676664E+00	1.07953250E-02	-9.15547216E-03
1.64451832E+01	-3.07048438E+00	1.07953277E-02	-9.18712273E-03
1.27418983E+01	-9.82795059E+00	1.07953263E-02	-9.21887325E-03
8.03070427E+00	-1.62737990E+01	1.07953210E-02	-9.25072443E-03
3.09665061E+00	-2.15868755E+01	1.07953115E-02	-9.28267695E-03
-1.39086582E+00	-2.49126611E+01	1.07952979E-02	-9.31473154E-03
-5.00104993E+00	-2.55330719E+01	1.07952801E-02	-9.34688889E-03
-7.59081466E+00	-2.30413111E+01	1.07952581E-02	-9.37914973E-03
-9.27224039E+00	-1.74772968E+01	1.07952319E-02	-9.41151480E-03
-1.03125445E+01	-9.38495453E+00	1.07952013E-02	-9.44398482E-03
-1.09986004E+01	2.31125125E-01	1.07951664E-02	-9.47656053E-03
-1.15071564E+01	1.00492577E+01	1.07951272E-02	-9.50924268E-03
-1.18198465E+01	1.86500423E+01	1.07950834E-02	-9.54203203E-03
-1.17093886E+01	2.47679937E+01	1.07950352E-02	-9.57492933E-03
-1.08033504E+01	2.75225468E+01	1.07949825E-02	-9.60793536E-03
-8.70980039E+00	2.65785592E+01	1.07949252E-02	-9.64105089E-03
-5.17089548E+00	2.22012865E+01	1.07948633E-02	-9.67427671E-03
-2.00906737E-01	1.51940726E+01	1.07947967E-02	-9.70761360E-03
5.83295134E+00	6.73312793E+00	1.07947254E-02	-9.74106236E-03
1.22154782E+01	-1.86348771E+00	1.07946494E-02	-9.77462380E-03
1.79817355E+01	-9.38166660E+00	1.07945685E-02	-9.80829873E-03
2.20922200E+01	-1.49190310E+01	1.07944827E-02	-9.84208797E-03
2.36479986E+01	-1.80124625E+01	1.07943921E-02	-9.87599235E-03
2.20968312E+01	-1.86633582E+01	1.07942964E-02	-9.91001271E-03
1.73810924E+01	-1.72633110E+01	1.07941957E-02	-9.94414989E-03
9.99016853E+00	-1.44460342E+01	1.07940900E-02	-9.97840475E-03
9.01207576E-01	-1.09072409E+01	1.07939791E-02	-1.00127781E-02
-8.58244554E+00	-7.23913927E+00	1.07938630E-02	-1.00472709E-02
-1.70622588E+01	-3.81931070E+00	1.07937417E-02	-1.00818840E-02
-2.32961810E+01	-7.77104625E-01	1.07936151E-02	-1.01166183E-02
-2.64177094E+01	1.96116326E+00	1.07934831E-02	-1.01514746E-02
-2.60770712E+01	4.56821380E+00	1.07933457E-02	-1.01864539E-02
-2.24775874E+01	7.18824026E+00	1.07932029E-02	-1.02215570E-02
-1.63044441E+01	9.82632414E+00	1.07930545E-02	-1.02567850E-02
-8.56713256E+00	1.22895687E+01	1.07929005E-02	-1.02921387E-02
-3.94936373E-01	1.41994624E+01	1.07927409E-02	-1.03276191E-02
7.16714429E+00	1.50744968E+01	1.07925755E-02	-1.03632270E-02
1.33183313E+01	1.44618180E+01	1.07924044E-02	-1.03989636E-02
1.75881816E+01	1.20820997E+01	1.07922274E-02	-1.04348298E-02
1.98395916E+01	7.94679819E+00	1.07920445E-02	-1.04708264E-02
2.02007763E+01	2.41287722E+00	1.07918557E-02	-1.05069546E-02
1.89551185E+01	-3.84450339E+00	1.07916608E-02	-1.05432153E-02
1.64258662E+01	-9.93993278E+00	1.07914598E-02	-1.05796095E-02
1.28902384E+01	-1.49439305E+01	1.07912526E-02	-1.06161383E-02
8.54561092E+00	-1.80693632E+01	1.07910392E-02	-1.06528027E-02
3.53264958E+00	-1.88339774E+01	1.07908195E-02	-1.06896036E-02
-1.99839338E+00	-1.71599628E+01	1.07905934E-02	-1.07265423E-02
-7.80625542E+00	-1.33864315E+01	1.07903608E-02	-1.07636197E-02
-1.34959783E+01	-8.19183899E+00	1.07901217E-02	-1.08008368E-02
-1.85045256E+01	-2.44531152E+00	1.07898761E-02	-1.08381949E-02
-2.21508851E+01	2.97700299E+00	1.07896237E-02	-1.08756949E-02
-2.37479212E+01	7.36642862E+00	1.07893646E-02	-1.09133380E-02
-2.27539302E+01	1.03061115E+01	1.07890987E-02	-1.09511254E-02
-1.89274753E+01	1.17176829E+01	1.07888258E-02	-1.09890580E-02
-1.24438172E+01	1.18229465E+01	1.07885460E-02	-1.10271372E-02
-3.93693319E+00	1.10351245E+01	1.07882591E-02	-1.10653639E-02
5.55325208E+00	9.81196019E+00	1.07879651E-02	-1.11037395E-02
1.47268634E+01	8.51210303E+00	1.07876639E-02	-1.11422651E-02
2.22388682E+01	7.29436720E+00	1.07873553E-02	-1.11809418E-02
2.69402019E+01	6.08716481E+00	1.07870393E-02	-1.12197709E-02
2.80942514E+01	4.63589928E+00	1.07867159E-02	-1.12587536E-02
2.55211310E+01	2.61447314E+00	1.07863849E-02	-1.12978911E-02
1.96369726E+01	-2.30999161E-01	1.07860462E-02	-1.13371847E-02
1.13782453E+01	-3.94789802E+00	1.07856998E-02	-1.13766357E-02
2.02653856E+00	-8.29256881E+00	1.07853456E-02	-1.14162452E-02
-7.02879373E+00	-1.27238123E+01	1.07849834E-02	-1.14560146E-02
-1.45394633E+01	-1.64827463E+01	1.07846132E-02	-1.14959452E-02
-1.96064507E+01	-1.87447021E+01	1.07842349E-02	-1.15360383E-02
-2.18060938E+01	-1.88091664E+01	1.07838484E-02	-1.15762952E-02
-2.12125282E+01	-1.62822515E+01	1.07834536E-02	-1.16167173E-02
-1.83192764E+01	-1.12058682E+01	1.07830504E-02	-1.16573059E-02
-1.38855361E+01	-4.09895058E+00	1.07826386E-02	-1.16980624E-02
-8.74842026E+00	4.10388007E+00	1.07822183E-02	-1.17389882E-02
-3.64745735E+00	1.22067975E+01	1.07817892E-02	-1.17800848E-02
8.98826673E-01	1.89688594E+01	1.07813513E-02	-1.18213534E-02
4.64042613E+00	2.33353814E+01	1.07809045E-02	-1.18627956E-02
7.56480661E+00	2.46344527E+01	1.07804487E-02	-1.19044128E-02
9.80535897E+00	2.26964997E+01	1.07799837E-02	-1.19462065E-02
1.15224207E+01	1.78726742E+01	1.07795095E-02	-1.19881782E-02
1.27954552E+01	1.09511196E+01	1.07790259E-02	-1.20303293E-02
1.35598464E+01	2.99311998E+00	1.07785328E-02	-1.20726615E-02
1.36075832E+01	-4.87177515E+00	1.07780301E-02	-1.21151762E-02
1.26518483E+01	-1.16453278E+01	1.07775177E-02	-1.21578750E-02
1.04364339E+01	-1.66126665E+01	1.07769955E-02	-1.22007594E-02
6.85716284E+00	-1.94186197E+01	1.07764634E-02	-1.22438311E-02
2.05780711E+00	-2.00602391E+01	1.07759211E-02	-1.22870917E-02
-3.53131672E+00	-1.88083267E+01	1.07753687E-02	-1.23305429E-02
-9.22928436E+00	-1.60871529E+01	1.07748059E-02	-1.23741861E-02
-1.42125178E+01	-1.23493550E+01	1.07742326E-02	-1.24180233E-02
-1.76725972E+01	-7.98056121E+00	1.07736488E-02	-1.24620559E-02
-1.89874186E+01	-3.25661356E+00	1.07730543E-02	-1.25062858E-02
-1.78639873E+01	1.64116845E+00	1.07724489E-02	-1.25507147E-02
-1.44166178E+01	6.56551882E+00	1.07718325E-02	-1.25953443E-02
-9.15920861E+00	1.13244154E+01	1.07712050E-02	-1.26401764E-02
-2.91088474E+00	1.56166912E+01	1.07705662E-02	-1.26852128E-02
3.36456468E+00	1.90109336E+01	1.07699159E-02	-1.27304553E-02
8.74875711E+00	2.09838552E+01	1.07692542E-02	-1.27759058E-02
1.25443649E+01	2.10162856E+01	1.07685807E-02	-1.28215661E-02
1.43960824E+01	1.87264629E+01	1.07678953E-02	-1.28674382E-02
1.43303320E+01	1.40065646E+01	1.07671980E-02	-1.29135238E-02
1.27073495E+01	7.12338392E+00	1.07664884E-02	-1.29598251E-02
1.01009273E+01	-1.25049944E+00	1.07657666E-02	-1.30063438E-02
7.13864893E+00	-1.00937771E+01	1.07650322E-02	-1.30530820E-02
4.34447910E+00	-1.81795044E+01	1.07642853E-02	-1.31000418E-02
2.02382102E+00	-2.42803177E+01	1.07635255E-02	-1.31472251E-02
2.19121693E-01	-2.73948754E+01	1.07627527E-02	-1.31946340E-02
-1.25505645E+00	-2.69468467E+01	1.07619668E-02	-1.32422706E-02
-2.70989860E+00	-2.29114516E+01	1.07611675E-02	-1.32901370E-02
-4.44348335E+00	-1.58391436E+01	1.07603548E-02	-1.33382354E-02
-6.60547145E+00	-6.76820237E+00	1.07595284E-02	-1.33865679E-02
-9.10487873E+00	2.95743604E+00	1.07586881E-02	-1.34351366E-02
-1.15892655E+01	1.19277140E+01	1.07578338E-02	-1.34839440E-02
-1.35048248E+01	1.89134235E+01	1.07569652E-02	-1.35329921E-02
-1.42251938E+01	2.30696693E+01	1.07560822E-02	-1.35822833E-02
-1.32179312E+01	2.40555601E+01	1.07551847E-02	-1.36318199E-02
-1.02064049E+01	2.20495586E+01	1.07542723E-02	-1.36816042E-02
-5.28429725E+00	1.76638139E+01	1.07533449E-02	-1.37316386E-02
1.04967250E+00	1.17830788E+01	1.07524023E-02	-1.37819256E-02
7.95037738E+00	5.36921110E+00	1.07514442E-02	-1.38324675E-02
1.43692272E+01	-7.22748692E-01	1.07504705E-02	-1.38832669E-02
1.92516290E+01	-5.87717715E+00	1.07494810E-02	-1.39343262E-02
2.17454325E+01	-9.77493525E+00	1.07484755E-02	-1.39856479E-02
2.13735522E+01	-1.23712924E+01	1.07474536E-02	-1.40372348E-02
1.81319583E+01	-1.38113729E+01	1.07464152E-02	-1.40890893E-02
1.24915024E+01	-1.43145935E+01	1.07453601E-02	-1.41412141E-02
5.30431859E+00	-1.40652714E+01	1.07442881E-02	-1.41936119E-02
-2.36268525E+00	-1.31420387E+01	1.07431988E-02	-1.42462855E-02
-9.42875806E+00	-1.15054203E+01	1.07420921E-02	-1.42992375E-02
-1.49897790E+01	-9.04471371E+00	1.07409677E-02	-1.43524708E-02
-1.84579336E+01	-5.66718799E+00	1.07398253E-02	-1.44059882E-02
-1.96242949E+01	-1.39953156E+00	1.07386648E-02	-1.44597926E-02
-1.86377893E+01	3.53301323E+00	1.07374858E-02	-1.45138869E-02
-1.59144098E+01	8.67905092E+00	1.07362881E-02	-1.45682741E-02
-1.20063642E+01	1.34004150E+01	1.07350715E-02	-1.46229572E-02
-7.46824643E+00	1.69754252E+01	1.07338355E-02	-1.46779391E-02
-2.75469760E+00	1.87445495E+01	1.07325801E-02	-1.47332231E-02
1.82757598E+00	1.82637874E+01	1.07313049E-02	-1.47888122E-02
6.10776461E+00	1.54266780E+01	1.07300095E-02	-1.48447096E-02
9.99123634E+00	1.05216133E+01	1.07286938E-02	-1.49009185E-02
1.33783502E+01	4.20582300E+00	1.07273574E-02	-1.49574423E-02
1.60939822E+01	-2.60262370E+00	1.07260000E-02	-1.50142842E-02
1.78563982E+01	-8.89321801E+00	1.07246214E-02	-1.50714476E-02
1.83020232E+01	-1.37549218E+01	1.07232211E-02	-1.51289360E-02
1.70653372E+01	-1.65482745E+01	1.07217990E-02	-1.51867527E-02
1.38953365E+01	-1.70185909E+01	1.07203546E-02	-1.52449014E-02
8.77670401E+00	-1.53250265E+01	1.07188876E-02	-1.53033855E-02
2.01887436E+00	-1.19804168E+01	1.07173977E-02	-1.53622088E-02
-5.71874281E+00	-7.71816166E+00	1.07158846E-02	-1.54213749E-02
-1.34829557E+01	-3.31966158E+00	1.07143479E-02	-1.54808876E-02
-2.01620983E+01	5.55376935E-01	1.07127872E-02	-1.55407507E-02
-2.46775449E+01	3.49525956E+00	1.07112023E-02	-1.56009679E-02
-2.61924899E+01	5.39063780E+00	1.07095926E-02	-1.56615433E-02
-2.42918786E+01	6.40717232E+00	1.07079579E-02	-1.57224809E-02
-1.90911948E+01	6.88792839E+00	1.07062978E-02	-1.57837846E-02
-1.12460393E+01	7.21477305E+00	1.07046118E-02	-1.58454585E-02
-1.85585890E+00	7.66813930E+00	1.07028997E-02	-1.59075070E-02
7.72123189E+00	8.32429945E+00	1.07011609E-02	-1.59699341E-02
1.61055150E+01	9.01884635E+00	1.06993950E-02	-1.60327442E-02
2.21358564E+01	9.38714063E+00	1.06976018E-02	-1.60959417E-02
2.50636879E+01	8.97168831E+00	1.06957806E-02	-1.61595309E-02
2.46621841E+01	7.36814339E+00	1.06939311E-02	-1.62235166E-02
2.12314263E+01	4.37062096E+00	1.06920529E-02	-1.62879031E-02
1.55037050E+01	7.61380725E-02	1.06901454E-02	-1.63526952E-02
8.47481688E+00	-5.08243650E+00	1.06882083E-02	-1.64178977E-02
1.20214622E+00	-1.03879220E+01	1.06862410E-02	-1.64835153E-02
-5.38488678E+00	-1.49666144E+01	1.06842431E-02	-1.65495530E-02
-1.06225903E+01	-1.79645947E+01	1.06822140E-02	-1.66160157E-02
-1.41747592E+01	-1.87320255E+01	1.06801534E-02	-1.66829086E-02
-1.60143531E+01	-1.69720432E+01	1.06780606E-02	-1.67502367E-02
-1.63408916E+01	-1.28186736E+01	1.06759352E-02	-1.68180053E-02
-1.54639658E+01	-6.82476197E+00	1.06737766E-02	-1.68862197E-02
-1.36891019E+01	1.37913843E-01	1.06715843E-02	-1.69548855E-02
-1.12381345E+01	7.04365326E+00	1.06693577E-02	-1.70240079E-02
-8.22370834E+00	1.29054491E+01	1.06670963E-02	-1.70935928E-02
-4.68017388E+00	1.69521598E+01	1.06647994E-02	-1.71636457E-02
-6.35794680E-01	1.87521500E+01	1.06624666E-02	-1.72341726E-02
3.80140250E+00	1.82593285E+01	1.06600972E-02	-1.73051792E-02
8.37622541E+00	1.57768988E+01	1.06576906E-02	-1.73766717E-02
1.26645227E+01	1.18539024E+01	1.06552461E-02	-1.74486561E-02
1.61112217E+01	7.14480726E+00	1.06527632E-02	-1.75211387E-02
1.81249821E+01	2.26927092E+00	1.06502412E-02	-1.75941258E-02
1.82090581E+01	-2.29371673E+00	1.06476793E-02	-1.76676239E-02
1.60957435E+01	-6.25475653E+00	1.06450771E-02	-1.77416396E-02
1.18479916E+01	-9.50053788E+00	1.06424336E-02	-1.78161795E-02
5.89771582E+00	-1.20302168E+01	1.06397483E-02	-1.78912504E-02
-9.95388539E-01	-1.38677086E+01	1.06370205E-02	-1.79668594E-02
-7.86142823E+00	-1.49819304E+01	1.06342493E-02	-1.80430134E-02
-1.36919727E+01	-1.52437482E+01	1.06314340E-02	-1.81197197E-02
-1.76291348E+01	-1.44367575E+01	1.06285739E-02	-1.81969857E-02
-1.91298041E+01	-1.23222691E+01	1.06256681E-02	-1.82748187E-02
-1.80674688E+01	-8.74158823E+00	1.06227159E-02	-1.83532265E-02
-1.47480779E+01	-3.72566024E+00	1.06197165E-02	-1.84322168E-02
-9.83634419E+00	2.42284842E+00	1.06166689E-02	-1.85117974E-02
-4.20986726E+00	9.10534010E+00	1.06135723E-02	-1.85919766E-02
1.22474329E+00	1.54778815E+01	1.06104260E-02	-1.86727624E-02
5.71110536E+00	2.05746761E+01	1.06072288E-02	-1.87541633E-02
8.77700082E+00	2.34829067E+01	1.06039800E-02	-1.88361879E-02
1.02942223E+01	2.35322439E+01	1.06006786E-02	-1.89188448E-02
1.04542954E+01	2.04556082E+01	1.05973236E-02	-1.90021429E-02
9.67093610E+00	1.44815745E+01	1.05939141E-02	-1.90860914E-02
8.43787928E+00	6.33254353E+00	1.05904489E-02	-1.91706994E-02
7.18094335E+00	-2.87664451E+00	1.05869272E-02	-1.92559764E-02
6.14336316E+00	-1.18224643E+01	1.05833478E-02	-1.93419321E-02
5.33361457E+00	-1.92026008E+01	1.05797097E-02	-1.94285763E-02
4.54776495E+00	-2.39648252E+01	1.05760118E-02	-1.95159189E-02
3.45829514E+00	-2.54875575E+01	1.05722529E-02	-1.96039704E-02
1.74353872E+00	-2.36755432E+01	1.05684318E-02	-1.96927410E-02
-7.79045319E-01	-1.89530816E+01	1.05645474E-02	-1.97822415E-02
-4.05380958E+00	-1.21599622E+01	1.05605985E-02	-1.98724827E-02
-7.75138295E+00	-4.37626826E+00	1.05565837E-02	-1.99634759E-02
-1.13095231E+01	3.28345088E+00	1.05525020E-02	-2.00552323E-02
-1.40432549E+01	9.86168259E+00	1.05483518E-02	-2.01477637E-02
-1.52988536E+01	1.46963689E+01	1.05441320E-02	-2.02410818E-02
-1.46142202E+01	1.74824419E+01	1.05398410E-02	-2.03351988E-02
-1.18456090E+01	1.82524258E+01	1.05354776E-02	-2.04301271E-02
-7.22818695E+00	1.72915282E+01	1.05310402E-02	-2.05258793E-02
-1.35365545E+00	1.50170021E+01	1.05265274E-02	-2.06224684E-02
4.93181781E+00	1.18574233E+01	1.05219376E-02	-2.07199077E-02
1.06868638E+01	8.16377577E+00	1.05172694E-02	-2.08182106E-02
1.50552093E+01	4.17227129E+00	1.05125210E-02	-2.09173911E-02
1.74261305E+01	2.21583371E-02	1.05076910E-02	-2.10174632E-02
1.75395214E+01	-4.18496242E+00	1.05027775E-02	-2.11184414E-02
1.55139525E+01	-8.31001922E+00	1.04977789E-02	-2.12203407E-02
1.17949974E+01	-1.21156854E+01	1.04926934E-02	-2.13231761E-02
7.04015488E+00	-1.52455717E+01	1.04875192E-02	-2.14269631E-02
1.97111271E+00	-1.72568971E+01	1.04822543E-02	-2.15317177E-02
-2.76966096E+00	-1.77037179E+01	1.04768970E-02	-2.16374562E-02
-6.72432753E+00	-1.62516402E+01	1.04714452E-02	-2.17441951E-02
-9.66520082E+00	-1.27935542E+01	1.04658969E-02	-2.18519515E-02
-1.15754710E+01	-7.53260607E+00	1.04602500E-02	-2.19607430E-02
-1.25778205E+01	-1.00452932E+00	1.04545024E-02	-2.20705874E-02
-1.28371830E+01	5.97468312E+00	1.04486519E-02	-2.21815031E-02
-1.24698598E+01	1.24313843E+01	1.04426963E-02	-2.22935088E-02
-1.14880820E+01	1.74045249E+01	1.04366332E-02	-2.24066239E-02
-9.79780452E+00	2.01275743E+01	1.04304602E-02	-2.25208681E-02
-7.25116664E+00	2.01812864E+01	1.04241749E-02	-2.26362616E-02
-3.73812386E+00	1.75816036E+01	1.04177748E-02	-2.27528252E-02
7.11096913E-01	1.27810437E+01	1.04112573E-02	-2.28705803E-02
5.84621905E+00	6.58156669E+00	1.04046197E-02	-2.29895487E-02
1.11691718E+01	-2.26085861E-02	1.03978592E-02	-2.31097529E-02
1.59751458E+01	-6.03752180E+00	1.03909731E-02	-2.32312158E-02
1.94612925E+01	-1.06546036E+01	1.03839584E-02	-2.33539611E-02
2.08832505E+01	-1.33879417E+01	1.03768121E-02	-2.34780132E-02
1.97251839E+01	-1.41351100E+01	1.03695311E-02	-2.36033969E-02
1.58426175E+01	-1.31516054E+01	1.03621123E-02	-2.37301378E-02
9.54099940E+00	-1.09496328E+01	1.03545524E-02	-2.38582623E-02
1.56603313E+00	-8.14961801E+00	1.03468480E-02	-2.39877974E-02
-6.99858509E+00	-5.32309369E+00	1.03389956E-02	-2.41187708E-02
-1.49090016E+01	-2.86605091E+00	1.03309915E-02	-2.42512113E-02
-2.09796031E+01	-9.32519690E-01	1.03228323E-02	-2.43851481E-02
-2.42968204E+01	5.58442891E-01	1.03145139E-02	-2.45206114E-02
-2.43834185E+01	1.84870538E+00	1.03060324E-02	-2.46576325E-02
-2.12789903E+01	3.22374753E+00	1.02973838E-02	-2.47962432E-02
-1.55208881E+01	4.88679317E+00	1.02885639E-02	-2.49364766E-02
-8.03179985E+00	6.86077355E+00	1.02795683E-02	-2.50783664E-02
5.96511306E-02	8.94658452E+00	1.02703926E-02	-2.52219478E-02
7.62526044E+00	1.07507195E+01	1.02610321E-02	-2.53672565E-02
1.37265246E+01	1.17765538E+01	1.02514821E-02	-2.55143297E-02
1.77491323E+01	1.15562182E+01	1.02417375E-02	-2.56632057E-02
1.94597237E+01	9.78863333E+00	1.02317933E-02	-2.58139236E-02
1.89813431E+01	6.44682247E+00	1.02216443E-02	-2.59665243E-02
1.67030481E+01	1.82473472E+00	1.02112848E-02	-2.61210495E-02
1.31531863E+01	-3.49132229E+00	1.02007093E-02	-2.62775424E-02
8.87161908E+00	-8.72271765E+00	1.01899120E-02	-2.64360477E-02
4.31259688E+00	-1.30480964E+01	1.01788867E-02	-2.65966114E-02
-2.01561696E-01	-1.57680800E+01	1.01676271E-02	-2.67592810E-02
-4.47199361E+00	-1.64466437E+01	1.01561269E-02	-2.69241056E-02
-8.37228130E+00	-1.49963645E+01	1.01443791E-02	-2.70911360E-02
-1.17791295E+01	-1.16884553E+01	1.01323769E-02	-2.72604246E-02
-1.45134381E+01	-7.08681706E+00	1.01201130E-02	-2.74320255E-02
-1.63163979E+01	-1.92358211E+00	1.01075799E-02	-2.76059949E-02
-1.68738184E+01	3.05280739E+00	1.00947697E-02	-2.77823908E-02
-1.58863709E+01	7.22040935E+00	1.00816745E-02	-2.79612732E-02
-1.31681430E+01	1.01846737E+01	1.00682857E-02	-2.81427043E-02
-8.74518926E+00	1.18165581E+01	1.00545948E-02	-2.83267484E-02
-2.92272872E+00	1.22239071E+01	1.00405925E-02	-2.85134722E-02
3.70459382E+00	1.16695187E+01	1.00262695E-02	-2.87029448E-02
1.03116759E+01	1.04626538E+01	1.00116160E-02	-2.88952379E-02
1.59659250E+01	8.85657816E+00	9.99662186E-03	-2.90904257E-02
1.97917526E+01	6.98163472E+00	9.98127640E-03	-2.92885854E-02
2.11417095E+01	4.83223007E+00	9.96556861E-03	-2.94897970E-02
1.97352064E+01	2.31004038E+00	9.94948701E-03	-2.96941436E-02
1.57311934E+01	-6.90958426E-01	9.93301964E-03	-2.99017115E-02
9.71513284E+00	-4.18481149E+00	9.91615403E-03	-3.01125904E-02
2.59983234E+00	-8.01177668E+00	9.89887716E-03	-3.03268736E-02
-4.54044597E+00	-1.18032448E+01	9.88117550E-03	-3.05446581E-02
-1.06675935E+01	-1.50103790E+01	9.86303488E-03	-3.07660448E-02
-1.49665131E+01	-1.69963844E+01	9.84444053E-03	-3.09911389E-02
-1.69813114E+01	-1.71744439E+01	9.82537703E-03	-3.12200497E-02
-1.66728810E+01	-1.51594098E+01	9.80582826E-03	-3.14528915E-02
-1.43884018E+01	-1.08951040E+01	9.78577736E-03	-3.16897831E-02
-1.07537350E+01	-4.72244050E+00	9.76520673E-03	-3.19308485E-02
-6.51710849E+00	2.63401587E+00	9.74409790E-03	-3.21762172E-02
-2.38268928E+00	1.01648723E+01	9.72243158E-03	-3.24260244E-02
1.12677903E+00	1.67436687E+01	9.70018753E-03	-3.26804114E-02
3.74807431E+00	2.13301778E+01	9.67734457E-03	-3.29395257E-02
5.48225490E+00	2.31664180E+01	9.65388046E-03	-3.32035218E-02
6.53108254E+00	2.19230758E+01	9.62977187E-03	-3.34725613E-02
7.18727927E+00	1.77644776E+01	9.60499434E-03	-3.37468134E-02
7.71173429E+00	1.13181724E+01	9.57952213E-03	-3.40264553E-02
8.23283432E+00	3.55628846E+00	9.55332821E-03	-3.43116730E-02
8.69590285E+00	-4.38491909E+00	9.52638414E-03	-3.46026615E-02
8.87631396E+00	-1.14080721E+01	9.49866002E-03	-3.48996255E-02
8.45205038E+00	-1.66374718E+01	9.47012432E-03	-3.52027801E-02
7.11498726E+00	-1.95454153E+01	9.44074385E-03	-3.55123513E-02
4.68931055E+00	-2.00003459E+01	9.41048358E-03	-3.58285770E-02
1.22304484E+00	-1.82341127E+01	9.37930656E-03	-3.61517076E-02
-2.97471237E+00	-1.47441659E+01	9.34717379E-03	-3.64820070E-02
-7.36430640E+00	-1.01601467E+01	9.31404400E-03	-3.68197531E-02
-1.12696039E+01	-5.10988022E+00	9.27987361E-03	-3.71652397E-02
-1.40146861E+01	-1.16245173E-01	9.24461643E-03	-3.75187766E-02
-1.50706750E+01	4.45490361E+00	9.20822358E-03	-3.78806916E-02
-1.41769031E+01	8.39134963E+00	9.17064320E-03	-3.82513313E-02
-1.14064241E+01	1.15871442E+01	9.13182029E-03	-3.86310627E-02
-7.15928394E+00	1.39744740E+01	9.09169642E-03	-3.90202750E-02
-2.08460405E+00	1.54625362E+01	9.05020948E-03	-3.94193808E-02
3.05012235E+00	1.59074672E+01	9.00729340E-03	-3.98288184E-02
7.51146085E+00	1.51265719E+01	8.96287778E-03	-4.02490540E-02
1.07383480E+01	1.29553189E+01	8.91688760E-03	-4.06805832E-02
1.24346865E+01	9.33099683E+00	8.86924278E-03	-4.11239345E-02
1.25967317E+01	4.37670639E+00	8.81985777E-03	-4.15796712E-02
1.14725657E+01	-1.54350876E+00	8.76864106E-03	-4.20483950E-02
9.46806556E+00	-7.82208524E+00	8.71549468E-03	-4.25307493E-02
7.02678861E+00	-1.36689438E+01	8.66031361E-03	-4.30274227E-02
4.51680454E+00	-1.82304658E+01	8.60298510E-03	-4.35391532E-02
2.15432571E+00	-2.07445551E+01	8.54338801E-03	-4.40667332E-02
-1.70529007E-02	-2.06983394E+01	8.48139196E-03	-4.46110143E-02
-2.08861230E+00	-1.79514563E+01	8.41685646E-03	-4.51729132E-02
-4.20392549E+00	-1.27934832E+01	8.34962991E-03	-4.57534183E-02
-6.45784982E+00	-5.91781101E+00	8.27954848E-03	-4.63535968E-02
-8.80905494E+00	1.68705025E+00	8.20643486E-03	-4.69746031E-02
-1.10348230E+01	8.90862174E+00	8.13009680E-03	-4.76176880E-02
-1.27456285E+01	1.47090964E+01	8.05032560E-03	-4.82842089E-02
-1.34606485E+01	1.83096327E+01	7.96689421E-03	-4.89756425E-02
-1.27281247E+01	1.93213484E+01	7.87955525E-03	-4.96935974E-02
-1.02609589E+01	1.77960836E+01	7.78803865E-03	-5.04398302E-02
-6.05172585E+00	1.41882810E+01	7.69204897E-03	-5.12162631E-02
-4.34261012E-01	9.23945290E+00	7.59126242E-03	-5.20250041E-02
5.92939226E+00	3.81381552E+00	7.48532333E-03	-5.28683707E-02
1.21403565E+01	-1.27632979E+00	7.37384014E-03	-5.37489169E-02
1.72171413E+01	-5.41628940E+00	7.25638079E-03	-5.46694646E-02
2.02812430E+01	-8.27533209E+00	7.13246733E-03	-5.56331408E-02
2.07338595E+01	-9.81906319E+00	7.00156969E-03	-5.66434202E-02
1.83841522E+01	-1.02518874E+01	6.86309841E-03	-5.77041758E-02
1.34996315E+01	-9.91056059E+00	6.71639604E-03	-5.88197388E-02
6.76644868E+00	-9.14079060E+00	6.56072718E-03	-5.99949695E-02
-8.32474551E-01	-8.19123812E+00	6.39526650E-03	-6.12353417E-02
-8.19530075E+00	-7.15270578E+00	6.21908471E-03	-6.25470438E-02
-1.42969480E+01	-5.95671214E+00	6.03113163E-03	-6.39371019E-02
-1.83614568E+01	-4.43070648E+00	5.83021600E-03	-6.54135276E-02
-1.99765638E+01	-2.39138972E+00	5.61498110E-03	-6.69854993E-02
-1.91303971E+01	2.52901809E-01	5.38387505E-03	-6.86635858E-02
-1.61687011E+01	3.42230527E+00	5.13511467E-03	-7.04600227E-02
-1.16889803E+01	6.83350635E+00	4.86664099E-03	-7.23890576E-02
-6.40106027E+00	1.00282266E+01	4.57606409E-03	-7.44673866E-02
-9.88777444E-01	1.24580600E+01	4.26059441E-03	-7.67147080E-02
3.99611845E+00	1.36059669E+01	3.91695625E-03	-7.91544355E-02
8.18792273E+00	1.31141163E+01	3.54127817E-03	-8.18146242E-02
1.14043447E+01	1.08849883E+01	3.12895264E-03	-8.47291903E-02
1.35984164E+01	7.12848556E+00	2.67445476E-03	-8.79395354E-02
1.47876222E+01	2.34081949E+00	2.17110565E-03	-9.14967460E-02
1.49874982E+01	-2.78220286E+00	1.61076036E-03	-9.54646172E-02
1.41735058E+01	-7.47846529E+00	9.83391632E-04	-9.99238853E-02
1.22846739E+01	-1.10686580E+01	2.76528593E-04	-1.04978276E-01
9.26831959E+00	-1.30864491E+01	-5.25508521E-04	-1.10763347E-01
5.15113853E+00	-1.33596384E+01	-1.44266168E-03	-1.17459744E-01
1.12083954E-01	-1.20244439E+01	-2.50059417E-03	-1.25313703E-01
-5.47038396E+00	-9.47168729E+00	-3.73270984E-03	-1.34669838E-01
-1.10189209E+01	-6.24039862E+00	-5.18289599E-03	-1.46025794E-01
-1.58160242E+01	-2.88697077E+00	-6.90901203E-03	-1.60127838E-01
-1.91153131E+01	1.36730381E-01	-8.98637662E-03	-1.78148274E-01
-2.02844294E+01	2.56625965E+00	-1.15072010E-02	-2.02039764E-01
-1.89478019E+01	4.34951056E+00	-1.45577267E-02	-2.35312771E-01
-1.50943484E+01	5.61051244E+00	-1.80873714E-02	-2.84969125E-01
-9.12084334E+00	6.56540812E+00	-2.11937062E-02	-3.67239118E-01
-1.79507456E+00	7.41666295E+00	-1.71633244E-02	-5.29896868E-01
5.85904982E+00	8.25725885E+00	7.06731775E-02	-9.92044293E-01
1.27339676E+01	9.01377076E+00	3.78689721E+00	-9.21504807E-01
1.78339540E+01	9.44652565E+00	4.26098828E-01	8.36678701E-01
2.04528237E+01	9.20927847E+00	1.65463697E-01	4.27449574E-01
2.02962253E+01	7.95412291E+00	1.01189686E-01	2.74731258E-01
1.75229349E+01	5.45409056E+00	7.38819662E-02	1.95823531E-01
1.26975631E+01	1.70963209E+00	5.90988627E-02	1.47577086E-01
6.66679515E+00	-2.99230469E+00	4.99223515E-02	1.14910035E-01
3.87963302E-01	-8.08705391E+00	4.37040897E-02	9.12139683E-02
-5.25156197E+00	-1.28127961E+01	3.92262329E-02	7.31416244E-02
-9.58517951E+00	-1.63487260E+01	3.58547845E-02	5.88168650E-02
-1.22577384E+01	-1.79815151E+01	3.32286892E-02	4.71060639E-02
-1.32412617E+01	-1.72624807E+01	3.11278489E-02	3.72831093E-02
-1.27792731E+01	-1.41186334E+01	2.94107397E-02	2.88605313E-02
-1.12799830E+01	-8.89049772E+00	2.79823711E-02	2.14979938E-02
-9.18952212E+00	-2.28601223E+00	2.67767022E-02	1.49497206E-02
-6.87904357E+00	4.74107221E+00	2.57464550E-02	9.03278207E-03
-4.57345990E+00	1.11626771E+01	2.48569416E-02	3.60715233E-03
-2.33666558E+00	1.60610243E+01	2.40821800E-02	-1.43730314E-03
-1.11863446E-01	1.87872505E+01	2.34023687E-02	-6.18961194E-03
2.19961934E+00	1.90616129E+01	2.28022019E-02	-1.07238262E-02
4.64789189E+00	1.69970386E+01	2.22697181E-02	-1.51034556E-02
7.16195776E+00	1.30457267E+01	2.17955005E-02	-1.93848035E-02
9.51906270E+00	7.88583020E+00	2.13721153E-02	-2.36196021E-02
1.13677789E+01	2.27772832E+00	2.09937170E-02	-2.78572217E-02
1.23012151E+01	-3.07583018E+00	2.06557747E-02	-3.21466596E-02
1.19621315E+01	-7.63525688E+00	2.03548934E-02	-3.65384817E-02
1.01519065E+01	-1.10759735E+01	2.00887138E-02	-4.10868796E-02
6.91291547E+00	-1.32824767E+01	1.98558865E-02	-4.58520214E-02
2.55965779E+00	-1.42958070E+01	1.96561255E-02	-5.09029196E-02
-2.35352449E+00	-1.42369502E+01	1.94903605E-02	-5.63211165E-02
-7.12425851E+00	-1.32332276E+01	1.93610205E-02	-6.22056281E-02
-1.10341872E+01	-1.13714612E+01	1.92725188E-02	-6.86798138E-02
-1.34911733E+01	-8.69174458E+00	1.92320502E-02	-7.59012397E-02
-1.41482759E+01	-5.22191959E+00	1.92509158E-02	-8.40762857E-02
-1.29712143E+01	-1.03923900E+00	1.93467634E-02	-9.34825003E-02
-1.02382996E+01	3.66394434E+00	1.95475095E-02	-1.04504056E-01
-6.47317460E+00	8.53651621E+00	1.98985043E-02	-1.17690321E-01
-2.32700773E+00	1.30682122E+01	2.04763507E-02	-1.33857349E-01
1.56110073E+00	1.66423747E+01	2.14174037E-02	-1.54274123E-01
4.69189071E+00	1.86367457E+01	2.29816963E-02	-1.81029421E-01
6.79191092E+00	1.85525867E+01	2.57127160E-02	-2.17822535E-01
7.83884983E+00	1.61422073E+01	3.08989552E-02	-2.71882732E-01
8.02317881E+00	1.15021090E+01	4.22111941E-02	-3.59466811E-01
7.65940834E+00	5.10451605E+00	7.37039586E-02	-5.26046639E-01
7.07296787E+00	-2.24700161E+00	2.21007534E-01	-9.59002242E-01
6.49452223E+00	-9.53480655E+00	3.48938072E+00	-1.88026903E+00
5.99095356E+00	-1.56969070E+01	3.91205116E-01	1.20913090E+00
5.45195419E+00	-1.98153652E+01	1.06907562E-01	5.99632406E-01
4.63587517E+00	-2.12839744E+01	5.70853742E-02	3.94222642E-01
3.26214579E+00	-1.99192396E+01	3.98821870E-02	2.92670235E-01
1.12449069E+00	-1.59906406E+01	3.18836251E-02	2.32179244E-01
-1.80722374E+00	-1.01638033E+01	2.74778383E-02	1.92000081E-01
-5.32664122E+00	-3.36938570E+00	2.47680673E-02	1.63333338E-01
-8.99214086E+00	3.37338105E+00	2.29665271E-02	1.41818060E-01
-1.21941379E+01	9.14027938E+00	2.16972692E-02	1.25048692E-01
-1.42758015E+01	1.32543135E+01	2.07619036E-02	1.11590148E-01
-1.46801593E+01	1.53766467E+01	2.00474253E-02	1.00533426E-01
-1.30886747E+01	1.55216443E+01	1.94854742E-02	9.12748141E-02
-9.51708732E+00	1.39994718E+01	1.90326350E-02	8.33976494E-02
-4.34352063E+00	1.13061321E+01	1.86602022E-02	7.66050686E-02
1.74060542E+00	7.99165379E+00	1.83485433E-02	7.06798197E-02
7.84827067E+00	4.53990991E+00	1.80838366E-02	6.54592330E-02
1.30584371E+01	1.28786750E+00	1.78561057E-02	6.08190769E-02
1.65865211E+01	-1.60031445E+00	1.76579902E-02	5.66628235E-02
1.79268351E+01	-4.10458446E+00	1.74839546E-02	5.29143218E-02
1.69369072E+01	-6.28073064E+00	1.73297636E-02	4.95126805E-02
1.38474042E+01	-8.17765215E+00	1.71921267E-02	4.64086192E-02
9.19871652E+00	-9.76810464E+00	1.70684522E-02	4.35618195E-02
3.72182649E+00	-1.09158552E+01	1.69566725E-02	4.09389702E-02
-1.80714502E+00	-1.13908493E+01	1.68551198E-02	3.85123028E-02
-6.70508264E+00	-1.09294757E+01	1.67624342E-02	3.62584804E-02
-1.04831692E+01	-9.32329132E+00	1.66774966E-02	3.41577433E-02
-1.28928843E+01	-6.51037681E+00	1.65993775E-02	3.21932457E-02
-1.39133086E+01	-2.64137219E+00	1.65272991E-02	3.03505343E-02
-1.36913319E+01	1.90215481E+00	1.64606051E-02	2.86171357E-02
-1.24574402E+01	6.54742706E+00	1.63987379E-02	2.69822262E-02
-1.04441639E+01	1.06235090E+01	1.63412211E-02	2.54363656E-02
-7.83105744E+00	1.34884953E+01	1.62876446E-02	2.39712813E-02
-4.73035670E+00	1.46617578E+01	1.62376537E-02	2.25796916E-02
-1.21403844E+00	1.39295202E+01	1.61909400E-02	2.12551598E-02
2.63032177E+00	1.13974415E+01	1.61472337E-02	1.99919741E-02
6.63700780E+00	7.47610901E+00	1.61062982E-02	1.87850469E-02
1.05180479E+01	2.80134244E+00	1.60679246E-02	1.76298308E-02
1.38581994E+01	-1.89301949E+00	1.60319279E-02	1.65222476E-02
1.61589275E+01	-5.92064969E+00	1.59981437E-02	1.54586284E-02
1.69269964E+01	-8.77301941E+00	1.59664252E-02	1.44356628E-02
1.57893591E+01	-1.02048214E+01	1.59366412E-02	1.34503550E-02
1.26062976E+01	-1.02561702E+01	1.59086737E-02	1.24999868E-02
7.55204881E+00	-9.20895457E+00	1.58824163E-02	1.15820854E-02
1.13750712E+00	-7.49094447E+00	1.58577731E-02	1.06943955E-02
-5.83802464E+00	-5.55386722E+00	1.58346572E-02	9.83485535E-03
-1.24025559E+01	-3.75748378E+00	1.58129895E-02	9.00157597E-03
-1.75745318E+01	-2.28927964E+00	1.57926983E-02	8.19282257E-03
-2.05407936E+01	-1.13939795E+00	1.57737181E-02	7.40699875E-03
-2.08116507E+01	-1.35492075E-01	1.57559891E-02	6.64263239E-03
-1.83189831E+01	9.73868158E-01	1.57394563E-02	5.89836325E-03
-1.34350619E+01	2.41158764E+00	1.57240697E-02	5.17293210E-03
-6.90695858E+00	4.27115058E+00	1.57097831E-02	4.46517099E-03
2.80041424E-01	6.45178620E+00	1.56965541E-02	3.77399466E-03
7.08110704E+00	8.64971858E+00	1.56843436E-02	3.09839294E-03
1.25749258E+01	1.04108168E+01	1.56731157E-02	2.43742386E-03
1.61134537E+01	1.12336383E+01	1.56628372E-02	1.79020763E-03
1.74092567E+01	1.06981161E+01	1.56534775E-02	1.15592111E-03
1.65463959E+01	8.58753560E+00	1.56450082E-02	5.33792930E-04
1.39185475E+01	4.97199058E+00	1.56374031E-02	-7.69009203E-05
1.01141492E+01	2.30136244E-01	1.56306382E-02	-6.76841079E-04
5.77900591E+00	-4.99932185E+00	1.56246910E-02	-1.26666841E-03
1.48957165E+00	-9.92799363E+00	1.56195408E-02	-1.84698725E-03
-2.33531674E+00	-1.37665096E+01	1.56151685E-02	-2.41836837E-03
-5.46845262E+00	-1.58785744E+01	1.56115565E-02	-2.98135166E-03
-7.85343249E+00	-1.59058742E+01	1.56086885E-02	-3.53644856E-03
-9.54283216E+00	-1.38361576E+01	1.56065493E-02	-4.08414429E-03
-1.06191656E+01	-1.00002074E+01	1.56051252E-02	-4.62489988E-03
-1.11253995E+01	-5.00004833E+00	1.56044033E-02	-5.15915404E-03
-1.10272757E+01	4.13536390E-01	1.56043720E-02	-5.68732487E-03
-1.02190697E+01	5.48511462E+00	1.56050206E-02	-6.20981139E-03
-8.57071765E+00	9.58762254E+00	1.56063391E-02	-6.72699502E-03
-6.00125385E+00	1.23159646E+01	1.56083188E-02	-7.23924089E-03
-2.55481849E+00	1.35239799E+01	1.56109515E-02	-7.74689908E-03
1.54648333E+00	1.33023835E+01	1.56142300E-02	-8.25030571E-03
5.89324842E+00	1.19099520E+01	1.56181476E-02	-8.74978403E-03
9.93203725E+00	9.68097408E+00	1.56226987E-02	-9.24564538E-03
1.30559928E+01	6.93617106E+00	1.56278781E-02	-9.73819008E-03
1.47240746E+01	3.92103818E+00	1.56336813E-02	-1.02277083E-02
1.45811061E+01	7.85937058E-01	1.56401047E-02	-1.07144808E-02
1.25487496E+01	-2.39094251E+00	1.56471449E-02	-1.11987798E-02
8.86313797E+00	-5.54977097E+00	1.56547994E-02	-1.16808693E-02
4.04696106E+00	-8.58586747E+00	1.56630664E-02	-1.21610062E-02
-1.18064487E+00	-1.13016548E+01	1.56719442E-02	-1.26394407E-02
-6.03791215E+00	-1.33942492E+01	1.56814322E-02	-1.31164168E-02
-9.82857982E+00	-1.44888962E+01	1.56915300E-02	-1.35921727E-02
-1.20711474E+01	-1.42147838E+01	1.57022378E-02	-1.40669419E-02
-1.25803075E+01	-1.23063737E+01	1.57135564E-02	-1.45409530E-02
-1.14829871E+01	-8.70399395E+00	1.57254870E-02	-1.50144305E-02
-9.16707795E+00	-3.62475926E+00	1.57380315E-02	-1.54875953E-02
-6.17698349E+00	2.42006952E+00	1.57511922E-02	-1.59606649E-02
-3.08254537E+00	8.67340923E+00	1.57649718E-02	-1.64338539E-02
-3.53646629E-01	1.42427904E+01	1.57793737E-02	-1.69073745E-02
1.72956624E+00	1.82535995E+01	1.57944017E-02	-1.73814368E-02
3.11069589E+00	2.00140479E+01	1.58100601E-02	-1.78562489E-02
3.92988958E+00	1.91560741E+01	1.58263537E-02	-1.83320177E-02
4.44579337E+00	1.57201161E+01	1.58432879E-02	-1.88089490E-02
4.92996133E+00	1.01631805E+01	1.58608686E-02	-1.92872479E-02
5.56375096E+00	3.28624460E+00	1.58791020E-02	-1.97671189E-02
6.36659762E+00	-3.90514757E+00	1.58979952E-02	-2.02487665E-02
7.17588622E+00	-1.03784592E+01	1.59175554E-02	-2.07323956E-02
7.68468954E+00	-1.52530520E+01	1.59377908E-02	-2.12182115E-02
7.52803443E+00	-1.79438184E+01	1.59587097E-02	-2.17064202E-02
6.39512241E+00	-1.82416033E+01	1.59803213E-02	-2.21972291E-02
4.13749485E+00	-1.63172618E+01	1.60026353E-02	-2.26908470E-02
8.43434451E-01	-1.26535522E+01	1.60256619E-02	-2.31874844E-02
-3.14310472E+00	-7.92475467E+00	1.60494118E-02	-2.36873540E-02
-7.26705297E+00	-2.85425379E+00	1.60738967E-02	-2.41906709E-02
-1.08623532E+01	1.91699270E+00	1.60991286E-02	-2.46976528E-02
-1.32856177E+01	5.92349417E+00	1.61251201E-02	-2.52085206E-02
-1.40525102E+01	8.91385477E+00	1.61518849E-02	-2.57234986E-02
-1.29448757E+01	1.08339163E+01	1.61794369E-02	-2.62428148E-02
-1.00633466E+01	1.17674690E+01	1.62077910E-02	-2.67667011E-02
-5.81304658E+00	1.18573941E+01	1.62369628E-02	-2.72953941E-02
-8.25858139E-01	1.12332226E+01	1.62669687E-02	-2.78291349E-02
4.16244059E+00	9.96697136E+00	1.62978257E-02	-2.83681702E-02
8.45169809E+00	8.06909155E+00	1.63295520E-02	-2.89127518E-02
1.15020487E+01	5.52333975E+00	1.63621663E-02	-2.94631378E-02
1.30168847E+01	2.34699924E+00	1.63956884E-02	-3.00195925E-02
1.29684156E+01	-1.34543453E+00	1.64301390E-02	-3.05823871E-02
1.15646582E+01	-5.29892168E+00	1.64655397E-02	-3.11518000E-02
9.17096017E+00	-9.11369405E+00	1.65019132E-02	-3.17281175E-02
6.20950626E+00	-1.22883435E+01	1.65392833E-02	-3.23116341E-02
3.06413008E+00	-1.43048340E+01	1.65776747E-02	-3.29026530E-02
1.43501905E-02	-1.47374511E+01	1.66171136E-02	-3.35014868E-02
-2.78705419E+00	-1.33593754E+01	1.66576271E-02	-3.41084581E-02
-5.29170446E+00	-1.02189284E+01	1.66992438E-02	-3.47238999E-02
-7.50029477E+00	-5.66325338E+00	1.67419935E-02	-3.53481562E-02
-9.39542411E+00	-2.98999727E-01	1.67859074E-02	-3.59815831E-02
-1.08869542E+01	5.10540841E+00	1.68310183E-02	-3.66245492E-02
-1.17904447E+01	9.75687779E+00	1.68773605E-02	-3.72774361E-02
-1.18493862E+01	1.29848795E+01	1.69249699E-02	-3.79406399E-02
-1.07987553E+01	1.43662777E+01	1.69738841E-02	-3.86145713E-02
-8.45443402E+00	1.37998085E+01	1.70241425E-02	-3.92996570E-02
-4.80386118E+00	1.15136929E+01	1.70757866E-02	-3.99963404E-02
-7.05363604E-02	8.00538046E+00	1.71288597E-02	-4.07050828E-02
5.27033179E+00	3.92820327E+00	1.71834073E-02	-4.14263644E-02
1.05366233E+01	-4.81102246E-02	1.72394772E-02	-4.21606852E-02
1.49412502E+01	-3.37055416E+00	1.72971196E-02	-4.29085668E-02
1.77330156E+01	-5.69948381E+00	1.73563870E-02	-4.36705530E-02
1.83470303E+01	-6.94834859E+00	1.74173349E-02	-4.44472119E-02
1.65309592E+01	-7.26060161E+00	1.74800214E-02	-4.52391369E-02
1.24170848E+01	-6.93351913E+00	1.75445079E-02	-4.60469486E-02
6.52127404E+00	-6.31152378E+00	1.76108585E-02	-4.68712963E-02
-3.34113873E-01	-5.67847624E+00	1.76791412E-02	-4.77128599E-02
-7.15931701E+00	-5.17762406E+00	1.77494274E-02	-4.85723522E-02
-1.29701900E+01	-4.77977129E+00	1.78217923E-02	-4.94505205E-02
-1.69594541E+01	-4.30692575E+00	1.78963154E-02	-5.03481494E-02
-1.86310560E+01	-3.50366423E+00	1.79730804E-02	-5.12660630E-02
-1.78711162E+01	-2.13561674E+00	1.80521757E-02	-5.22051276E-02
-1.49434585E+01	-8.71135895E-02	1.81336949E-02	-5.31662547E-02
-1.04145950E+01	2.56995385E+00	1.82177367E-02	-5.41504040E-02
-5.02824380E+00	5.55665452E+00	1.83044056E-02	-5.51585868E-02
4.40598757E-01	8.42472063E+00	1.83938125E-02	-5.61918699E-02
5.31952293E+00	1.06442911E+01	1.84860745E-02	-5.72513792E-02
9.13330095E+00	1.17213112E+01	1.85813160E-02	-5.83383043E-02
1.16434756E+01	1.13160617E+01	1.86796690E-02	-5.94539030E-02
1.28317476E+01	9.33334424E+00	1.87812738E-02	-6.05995066E-02
1.28398078E+01	5.96135290E+00	1.88862793E-02	-6.17765254E-02
1.18879209E+01	1.64857324E+00	1.89948441E-02	-6.29864546E-02
1.01977593E+01	-2.97694203E+00	1.91071372E-02	-6.42308813E-02
7.94115148E+00	-7.22765812E+00	1.92233385E-02	-6.55114917E-02
5.22686249E+00	-1.04884030E+01	1.93436401E-02	-6.68300786E-02
2.12503430E+00	-1.23299172E+01	1.94682473E-02	-6.81885508E-02
-1.28299739E+00	-1.25790218E+01	1.95973794E-02	-6.95889425E-02
-4.84984076E+00	-1.13313629E+01	1.97312713E-02	-7.10334237E-02
-8.32443118E+00	-8.90693642E+00	1.98701747E-02	-7.25243121E-02
-1.13492771E+01	-5.76239109E+00	2.00143597E-02	-7.40640861E-02
-1.35001339E+01	-2.38396174E+00	2.01641163E-02	-7.56553988E-02
-1.43629717E+01	8.11630679E-01	2.03197567E-02	-7.73010939E-02
-1.36312418E+01	3.54461081E+00	2.04816169E-02	-7.90042235E-02
-1.11987288E+01	5.69386597E+00	2.06500593E-02	-8.07680676E-02
-7.22197275E+00	7.27192119E+00	2.08254755E-02	-8.25961556E-02
-2.13193366E+00	8.36502515E+00	2.10082888E-02	-8.44922908E-02
3.41397465E+00	9.05950733E+00	2.11989581E-02	-8.64605781E-02
8.63395270E+00	9.37884040E+00	2.13979809E-02	-8.85054537E-02
1.27587197E+01	9.25223144E+00	2.16058983E-02	-9.06317201E-02
1.51744715E+01	8.52606132E+00	2.18232992E-02	-9.28445846E-02
1.55403464E+01	7.01665937E+00	2.20508258E-02	-9.51497031E-02
1.38537068E+01	4.59021751E+00	2.22891803E-02	-9.75532293E-02
1.04479772E+01	1.24658651E+00	2.25391312E-02	-1.00061871E-01
5.92306386E+00	-2.81918503E+00	2.28015219E-02	-1.02682955E-01
1.02382188E+00	-7.19945629E+00	2.30772796E-02	-1.05424499E-01
-3.50615816E+00	-1.13121553E+01	2.33674264E-02	-1.08295294E-01
-7.06287930E+00	-1.44917788E+01	2.36730913E-02	-1.11305005E-01
-9.28232655E+00	-1.61163153E+01	2.39955248E-02	-1.14464275E-01
-1.00825026E+01	-1.57425943E+01	2.43361153E-02	-1.17784860E-01
-9.64105390E+00	-1.32184377E+01	2.46964088E-02	-1.21279773E-01
-8.31791293E+00	-8.74357170E+00	2.50781321E-02	-1.24963458E-01
-6.54515457E+00	-2.86188549E+00	2.54832192E-02	-1.28851995E-01
-4.71321407E+00	3.61716585E+00	2.59138438E-02	-1.32963335E-01
-3.08210897E+00	9.75404060E+00	2.63724576E-02	-1.37317581E-01
-1.73862426E+00	1.46442790E+01	2.68618352E-02	-1.41937324E-01
-6.07636190E-01	1.75791198E+01	2.73851298E-02	-1.46848036E-01
4.88787248E-01	1.81681676E+01	2.79459389E-02	-1.52078549E-01
1.74340909E+00	1.63992500E+01	2.85483860E-02	-1.57661622E-01
3.27321018E+00	1.26247483E+01	2.91972188E-02	-1.63634640E-01
5.05269314E+00	7.48002966E+00	2.98979322E-02	-1.70040455E-01
6.89093254E+00	1.75422097E+00	3.06569204E-02	-1.76928429E-01
8.46024656E+00	-3.75697369E+00	3.14816668E-02	-1.84355714E-01
9.37032497E+00	-8.38451803E+00	3.23809862E-02	-1.92388853E-01
9.26918855E+00	-1.16788088E+01	3.33653317E-02	-2.01105795E-01
7.94471923E+00	-1.34467322E+01	3.44471914E-02	-2.10598445E-01
5.39967746E+00	-1.37320419E+01	3.56416057E-02	-2.20975933E-01
1.87933986E+00	-1.27516300E+01	3.69668492E-02	-2.32368849E-01
-2.15743868E+00	-1.08097344E+01	3.84453419E-02	-2.44934793E-01
-6.11879748E+00	-8.21529633E+00	4.01048848E-02	-2.58865729E-01
-9.39414618E+00	-5.22404051E+00	4.19803616E-02	-2.74397901E-01
-1.14756857E+01	-2.01764649E+00	4.41161238E-02	-2.91825368E-01
-1.20588108E+01	1.27969020E+00	4.65693996E-02	-3.11518846E-01
-1.10982153E+01	4.55856683E+00	4.94152738E-02	-3.33952415E-01
-8.80744133E+00	7.67467237E+00	5.27541454E-02	-3.59742233E-01
-5.60346713E+00	1.04132304E+01	5.67232136E-02	-3.89704044E-01
-2.01118085E+00	1.24844120E+01	6.15147495E-02	-4.24941067E-01
1.44812166E+00	1.35570658E+01	6.74062758E-02	-4.66982777E-01
4.35704666E+00	1.33261026E+01	7.48126612E-02	-5.18012607E-01
6.46797012E+00	1.15976741E+01	8.43809013E-02	-5.81258915E-01
7.72095930E+00	8.36905650E+00	9.71739434E-02	-6.61704096E-01
8.21320551E+00	3.87905601E+00	1.15056640E-01	-7.67460703E-01
8.13217835E+00	-1.38968324E+00	1.41592535E-01	-9.12680342E-01
7.67391466E+00	-6.76407110E+00	1.84427807E-01	-1.12443170E+00
6.97111898E+00	-1.14835133E+01	2.62945460E-01	-1.46167018E+00
6.05225981E+00	-1.48332540E+01	4.41065280E-01	-2.08086671E+00
4.84356429E+00	-1.62801200E+01	1.06293860E+00	-3.56430558E+00
3.21324208E+00	-1.55803725E+01	8.93924019E+00	-8.72968859E+00
1.04478601E+00	-1.28344307E+01	1.71377778E+00	6.42599966E+00
-1.68282196E+00	-8.47457113E+00	1.77152106E-01	2.87957874E+00
-4.83323569E+00	-3.18668661E+00	1.62947422E-02	1.83093812E+00
-8.09060558E+00	2.21781715E+00	-1.89371339E-02	1.34062447E+00
-1.09887152E+01	6.95253982E+00	-2.78812930E-02	1.05756680E+00
-1.29895003E+01	1.03966230E+01	-2.92404579E-02	8.73496970E-01
-1.35954979E+01	1.21955828E+01	-2.80983840E-02	7.44277350E-01
-1.24706313E+01	1.23023499E+01	-2.61386259E-02	6.48589990E-01
-9.53974331E+00	1.09526388E+01	-2.39829879E-02	5.74888601E-01
-5.04065003E+00	8.58405429E+00	-2.18713940E-02	5.16378846E-01
4.87439020E-01	5.72098223E+00	-1.98933670E-02	4.68803055E-01
6.28086090E+00	2.85425300E+00	-1.80759934E-02	4.29357976E-01
1.14802157E+01	3.44236624E-01	-1.64200371E-02	3.96122833E-01
1.52848369E+01	-1.63132389E+00	-1.49155612E-02	3.67737518E-01
1.71004881E+01	-3.07580556E+00	-1.35488879E-02	3.43211989E-01
1.66488212E+01	-4.12374260E+00	-1.23057109E-02	3.21808455E-01
1.40155206E+01	-4.95993139E+00	-1.11724414E-02	3.02965867E-01
9.62777243E+00	-5.73248599E+00	-1.01367274E-02	2.86249992E-01
4.16740714E+00	-6.48535121E+00	-9.18758744E-03	2.71319507E-01
-1.55998216E+00	-7.12964012E+00	-8.31536885E-03	2.57902416E-01
-6.77074813E+00	-7.46196987E+00	-7.51163418E-03	2.45779300E-01
-1.08326845E+01	-7.22472599E+00	-6.76902403E-03	2.34771199E-01
-1.33527178E+01	-6.19139326E+00	-6.08112014E-03	2.24730702E-01
-1.42083834E+01	-4.25285117E+00	-5.44231872E-03	2.15535286E-01
-1.35226393E+01	-1.47973822E+00	-4.84771783E-03	2.07082279E-01
-1.15947869E+01	1.85814839E+00	-4.29301927E-03	1.99284994E-01
-8.80947134E+00	5.32345791E+00	-3.77444427E-03	1.92069738E-01
-5.54880707E+00	8.38867066E+00	-3.28866136E-03	1.85373463E-01
-2.12910447E+00	1.05419452E+01	-2.83272506E-03	1.79141911E-01
1.22529127E+00	1.13963405E+01	-2.40402356E-03	1.73328135E-01
4.37030446E+00	1.07759035E+01	-2.00023440E-03	1.67891307E-01
7.20311589E+00	8.75743350E+00	-1.61928656E-03	1.62795755E-01
9.61410363E+00	5.65745602E+00	-1.25932821E-03	1.58010168E-01
1.14501266E+01	1.96732084E+00	-9.18699133E-04	1.53506957E-01
1.25055289E+01	-1.74801542E+00	-5.95907006E-04	1.49261711E-01
1.25482662E+01	-4.96328627E+00	-2.89607138E-04	1.45252757E-01
1.13771346E+01	-7.29152511E+00	1.41507194E-06	1.41460786E-01
8.89542629E+00	-8.54544569E+00	2.78259250E-04	1.37868535E-01
5.17947549E+00	-8.74889461E+00	5.41923156E-04	1.34460529E-01
5.19559212E-01	-8.09856603E+00	7.93314058E-04	1.31222851E-01
-4.58403097E+00	-6.88875802E+00	1.03325865E-03	1.28142952E-01
-9.47640370E+00	-5.42099033E+00	1.26251171E-03	1.25209489E-01
-1.34485452E+01	-3.92348084E+00	1.48176364E-03	1.22412179E-01
-1.58641529E+01	-2.50201358E+00	1.69164720E-03	1.19741682E-01
-1.62858874E+01	-1.13457883E+00	1.89274325E-03	1.17189495E-01
-1.45722076E+01	2.90233543E-01	2.08558601E-03	1.14747858E-01
-1.09211206E+01	1.90346143E+00	2.27066754E-03	1.12409675E-01
-5.84834279E+00	3.77601340E+00	2.44844184E-03	1.10168447E-01
-1.01936643E-01	5.85358175E+00	2.61932841E-03	1.08018208E-01
5.47003145E+00	7.92744520E+00	2.78371546E-03	1.05953471E-01
1.00714163E+01	9.65306942E+00	2.94196273E-03	1.03969185E-01
1.30975401E+01	1.06155892E+01	3.09440408E-03	1.02060687E-01
1.42332703E+01	1.04282337E+01	3.24134971E-03	1.00223670E-01
1.34901653E+01	8.83994984E+00	3.38308826E-03	9.84541448E-02
1.11772624E+01	5.82451854E+00	3.51988861E-03	9.67484173E-02
7.81513440E+00	1.62651988E+00	3.65200153E-03	9.51030570E-02
4.01526310E+00	-3.25103089E+00	3.77966121E-03	9.35148755E-02
3.53630598E-01	-8.11892705E+00	3.90308655E-03	9.19809057E-02
-2.73282787E+00	-1.22209918E+01	4.02248243E-03	9.04983824E-02
-5.00539253E+00	-1.48756760E+01	4.13804079E-03	8.90647258E-02
-6.42888111E+00	-1.56094129E+01	4.24994162E-03	8.76775260E-02
-7.12749827E+00	-1.42523113E+01	4.35835388E-03	8.63345295E-02
-7.30770206E+00	-1.09749452E+01	4.46343635E-03	8.50336262E-02
-7.17195775E+00	-6.25818488E+00	4.56533835E-03	8.37728387E-02
-6.84815161E+00	-8.03033471E-01	4.66420045E-03	8.25503118E-02
-6.35380931E+00	4.59934874E+00	4.76015510E-03	8.13643031E-02
-5.60373342E+00	9.20896298E+00	4.85332721E-03	8.02131748E-02
-4.45711223E+00	1.24597087E+01	4.94383465E-03	7.90953856E-02
-2.78891240E+00	1.40391748E+01	5.03178877E-03	7.80094842E-02
-5.63419462E-01	1.39121538E+01	5.11729483E-03	7.69541024E-02
2.11305242E+00	1.22881970E+01	5.20045240E-03	7.59279493E-02
4.97779840E+00	9.54635156E+00	5.28135577E-03	7.49298061E-02
7.64291867E+00	6.13909354E+00	5.36009426E-03	7.39585209E-02
9.66686186E+00	2.50034359E+00	5.43675254E-03	7.30130045E-02
1.06498580E+01	-1.02113693E+00	5.51141097E-03	7.20922257E-02
1.03296923E+01	-4.19050066E+00	5.58414582E-03	7.11952079E-02
8.65324656E+00	-6.87679259E+00	5.65502957E-03	7.03210255E-02
5.80460340E+00	-9.01429430E+00	5.72413110E-03	6.94688002E-02
2.18094723E+00	-1.05530024E+01	5.79151594E-03	6.86376987E-02
-1.67965409E+00	-1.14181958E+01	5.85724648E-03	6.78269292E-02
-5.20252386E+00	-1.14952980E+01	5.92138210E-03	6.70357391E-02
-7.88861236E+00	-1.06476796E+01	5.98397942E-03	6.62634129E-02
-9.40858233E+00	-8.76410382E+00	6.04509241E-03	6.55092693E-02
-9.65715891E+00	-5.82228132E+00	6.10477255E-03	6.47726599E-02
-8.75607702E+00	-1.94839888E+00	6.16306899E-03	6.40529665E-02
-7.00673494E+00	2.54851875E+00	6.22002867E-03	6.33496000E-02
-4.80603312E+00	7.18347549E+00	6.27569643E-03	6.26619984E-02
-2.54768440E+00	1.13496550E+01	6.33011514E-03	6.19896252E-02
-5.34295675E-01	1.44134913E+01	6.38332582E-03	6.13319682E-02
1.07799802E+00	1.58326837E+01	6.43536771E-03	6.06885379E-02
2.28966586E+00	1.52714952E+01	6.48627836E-03	6.00588664E-02
3.22229090E+00	1.26860830E+01	6.53609378E-03	5.94425061E-02
4.04933670E+00	8.35778972E+00	6.58484843E-03	5.88390289E-02
4.91408938E+00	2.86321367E+00	6.63257538E-03	5.82480247E-02
5.85912925E+00	-3.01604374E+00	6.67930632E-03	5.76691009E-02
6.78859955E+00	-8.42716578E+00	6.72507169E-03	5.71018811E-02
7.47570371E+00	-1.25963595E+01	6.76990068E-03	5.65460045E-02
7.61555305E+00	-1.49643109E+01	6.81382134E-03	5.60011252E-02
6.91089760E+00	-1.52786873E+01	6.85686061E-03	5.54669112E-02
5.16870232E+00	-1.36251100E+01	6.89904437E-03	5.49430436E-02
2.38152601E+00	-1.03918454E+01	6.94039753E-03	5.44292164E-02
-1.22963706E+00	-6.17820635E+00	6.98094402E-03	5.39251355E-02
-5.22555210E+00	-1.66878516E+00	7.02070688E-03	5.34305183E-02
-9.01364319E+00	2.49768946E+00	7.05970828E-03	5.29450929E-02
-1.19556268E+01	5.83636196E+00	7.09796958E-03	5.24685981E-02
-1.34948889E+01	8.07959948E+00	7.13551133E-03	5.20007822E-02
-1.32750051E+01	9.18595555E+00	7.17235334E-03	5.15414031E-02
-1.12220627E+01	9.29859778E+00	7.20851472E-03	5.10902276E-02
-7.57131668E+00	8.66898721E+00	7.24401388E-03	5.06470313E-02
-2.83131658E+00	7.56897668E+00	7.27886858E-03	5.02115975E-02
2.30710794E+00	6.21561676E+00	7.31309594E-03	4.97837178E-02
7.09715720E+00	4.72775358E+00	7.34671251E-03	4.93631909E-02
1.08701744E+01	3.12352683E+00	7.37973424E-03	4.89498228E-02
1.31490015E+01	1.35587980E+00	7.41217656E-03	4.85434262E-02
1.37176771E+01	-6.27602810E-01	7.44405434E-03	4.81438204E-02
1.26354313E+01	-2.82095821E+00	7.47538199E-03	4.77508309E-02
1.01962116E+01	-5.11358775E+00	7.50617340E-03	4.73642892E-02
6.84734560E+00	-7.27781399E+00	7.53644202E-03	4.69840324E-02
3.08940721E+00	-8.99694990E+00	7.56620086E-03	4.66099031E-02
-6.18056465E-01	-9.92895010E+00	7.59546249E-03	4.62417493E-02
-3.92397155E+00	-9.79023067E+00	7.62423908E-03	4.58794239E-02
-6.61415826E+00	-8.43774090E+00	7.65254241E-03	4.55227845E-02
-8.59989879E+00	-5.92664329E+00	7.68038388E-03	4.51716936E-02
-9.87670855E+00	-2.52628804E+00	7.70777454E-03	4.48260179E-02
-1.04708821E+01	1.31275304E+00	7.73472508E-03	4.44856285E-02
-1.03936011E+01	5.03556592E+00	7.76124586E-03	4.41504004E-02
-9.61883492E+00	8.08737296E+00	7.78734693E-03	4.38202129E-02
-8.09302175E+00	1.00219198E+01	7.81303802E-03	4.34949486E-02
-5.77394280E+00	1.05885623E+01	7.83832857E-03	4.31744941E-02
-2.68627930E+00	9.77763984E+00	7.86322773E-03	4.28587393E-02
1.02510674E+00	7.81367028E+00	7.88774438E-03	4.25475776E-02
5.06420249E+00	5.09850086E+00	7.91188713E-03	4.22409054E-02
8.99045693E+00	2.11863672E+00	7.93566435E-03	4.19386224E-02
1.22687611E+01	-6.60531350E-01	7.95908413E-03	4.16406313E-02
1.43567845E+01	-2.88810098E+00	7.98215437E-03	4.13468375E-02
1.48126522E+01	-4.38677509E+00	8.00488271E-03	4.10571493E-02
1.33987160E+01	-5.16496635E+00	8.02727658E-03	4.07714777E-02
1.01557940E+01	-5.38135551E+00	8.04934319E-03	4.04897363E-02
5.42734310E+00	-5.27356706E+00	8.07108957E-03	4.02118409E-02
-1.76441121E-01	-5.07166771E+00	8.09252252E-03	3.99377101E-02
-5.87108114E+00	-4.92076353E+00	8.11364867E-03	3.96672646E-02
-1.08300642E+01	-4.83416457E+00	8.13447446E-03	3.94004273E-02
-1.43303917E+01	-4.69013841E+00	8.15500616E-03	3.91371232E-02
-1.58812013E+01	-4.27338103E+00	8.17524985E-03	3.88772797E-02
-1.53084688E+01	-3.35008262E+00	8.19521147E-03	3.86208257E-02
-1.27783039E+01	-1.75604884E+00	8.21489678E-03	3.83676926E-02
-8.75490621E+00	5.26771389E-01	8.23431140E-03	3.81178131E-02
-3.90360154E+00	3.32768288E+00	8.25346078E-03	3.78711222E-02
1.03886049E+00	6.29267913E+00	8.27235024E-03	3.76275562E-02
5.39817121E+00	8.93995402E+00	8.29098496E-03	3.73870536E-02
8.67229305E+00	1.07546441E+01	8.30936998E-03	3.71495540E-02
1.05959690E+01	1.13015331E+01	8.32751021E-03	3.69149989E-02
1.11502208E+01	1.03291605E+01	8.34541045E-03	3.66833313E-02
1.05204726E+01	7.84000868E+00	8.36307534E-03	3.64544956E-02
9.01868353E+00	4.10894385E+00	8.38050943E-03	3.62284376E-02
6.99220509E+00	-3.55959645E-01	8.39771716E-03	3.60051046E-02
4.74334159E+00	-4.90261950E+00	8.41470283E-03	3.57844451E-02
2.47871560E+00	-8.85491002E+00	8.43147065E-03	3.55664091E-02
2.98006181E-01	-1.16371103E+01	8.44802473E-03	3.53509476E-02
-1.77991053E+00	-1.28758572E+01	8.46436907E-03	3.51380131E-02
-3.76583533E+00	-1.24583427E+01	8.48050758E-03	3.49275589E-02
-5.64315941E+00	-1.05361229E+01	8.49644405E-03	3.47195398E-02
-7.32492877E+00	-7.47675769E+00	8.51218222E-03	3.45139116E-02
-8.64054259E+00	-3.77734979E+00	8.52772570E-03	3.43106311E-02
-9.35855359E+00	3.79666080E-02	8.54307803E-03	3.41096562E-02
-9.24112887E+00	3.51229889E+00	8.55824268E-03	3.39109458E-02
-8.11591548E+00	6.32159612E+00	8.57322300E-03	3.37144598E-02
-5.94503589E+00	8.29989430E+00	8.58802230E-03	3.35201590E-02
-2.87041004E+00	9.42375235E+00	8.60264379E-03	3.33280051E-02
7.80193801E-01	9.76612371E+00	8.61709061E-03	3.31379608E-02
4.53231736E+00	9.43728330E+00	8.63136584E-03	3.29499896E-02
7.84347921E+00	8.53261945E+00	8.64547246E-03	3.27640559E-02
1.02050607E+01	7.10365308E+00	8.65941341E-03	3.25801249E-02
1.12443815E+01	5.16062544E+00	8.67319155E-03	3.23981624E-02
1.08028757E+01	2.70468495E+00	8.68680968E-03	3.22181354E-02
8.97129125E+00	-2.22001473E-01	8.70027053E-03	3.20400112E-02
6.07274188E+00	-3.48625732E+00	8.71357677E-03	3.18637581E-02
2.59680219E+00	-6.83326294E+00	8.72673102E-03	3.16893450E-02
-9.00438532E-01	-9.89008196E+00	8.73973584E-03	3.15167417E-02
-3.90731741E+00	-1.22091555E+01	8.75259372E-03	3.13459182E-02
-6.05300777E+00	-1.33463425E+01	8.76530711E-03	3.11768457E-02
-7.16767920E+00	-1.29576022E+01	8.77787840E-03	3.10094957E-02
-7.29382730E+00	-1.08915419E+01	8.79030992E-03	3.08438405E-02
-6.64835407E+00	-7.25378454E+00	8.80260397E-03	3.06798527E-02
-5.54709153E+00	-2.42401960E+00	8.81476279E-03	3.05175058E-02
-4.31246924E+00	2.98329961E+00	8.82678856E-03	3.03567738E-02
-3.18867010E+00	8.21074056E+00	8.83868344E-03	3.01976312E-02
-2.28601290E+00	1.24856891E+01	8.85044952E-03	3.00400529E-02
-1.56815110E+00	1.51585469E+01	8.86208885E-03	2.98840147E-02
-8.84110263E-01	1.58223518E+01	8.87360346E-03	2.97294925E-02
-3.51924471E-02	1.43881985E+01	8.88499531E-03	2.95764630E-02
1.14254873E+00	1.11002027E+01	8.89626633E-03	2.94249032E-02
2.70380631E+00	6.48694885E+00	8.90741841E-03	2.92747906E-02
4.54910390E+00	1.26025566E+00	8.91845340E-03	2.91261033E-02
6.42345009E+00	-3.81659951E+00	8.92937312E-03	2.89788197E-02
7.96117177E+00	-8.06300108E+00	8.94017934E-03	2.88329186E-02
8.76732174E+00	-1.09898038E+01	8.95087381E-03	2.86883795E-02
8.51614172E+00	-1.23620505E+01	8.96145822E-03	2.85451819E-02
7.04200341E+00	-1.22062307E+01	8.97193425E-03	2.84033060E-02
4.39937581E+00	-1.07657814E+01	8.98230355E-03	2.82627324E-02
8.75436691E-01	-8.42005197E+00	8.99256771E-03	2.81234420E-02
-3.04978548E+00	-5.58917476E+00	9.00272831E-03	2.79854159E-02
-6.78819361E+00	-2.64860425E+00	9.01278689E-03	2.78486360E-02
-9.75488888E+00	1.27565913E-01	9.02274497E-03	2.77130841E-02
-1.14810610E+01	2.58459010E+00	9.03260402E-03	2.75787426E-02
-1.17032640E+01	4.66762067E+00	9.04236552E-03	2.74455943E-02
-1.04095614E+01	6.37624925E+00	9.05203087E-03	2.73136221E-02
-7.83336573E+00	7.71098159E+00	9.06160149E-03	2.71828093E-02
-4.39815297E+00	8.63081862E+00	9.07107874E-03	2.70531397E-02
-6.27507300E-01	9.03686916E+00	9.08046397E-03	2.69245972E-02
2.95761069E+00	8.78846235E+00	9.08975851E-03	2.67971661E-02
5.93063499E+00	7.74794516E+00	9.09896364E-03	2.66708309E-02
8.02052300E+00	5.84110033E+00	9.10808065E-03	2.65455766E-02
9.13131688E+00	3.11447928E+00	9.11711078E-03	2.64213881E-02
9.32029711E+00	-2.29477987E-01	9.12605525E-03	2.62982510E-02
8.74537814E+00	-3.83365426E+00	9.13491528E-03	2.61761509E-02
7.59958615E+00	-7.22871763E+00	9.14369203E-03	2.60550737E-02
6.05255436E+00	-9.91075049E+00	9.15238667E-03	2.59350056E-02
4.21555113E+00	-1.14380520E+01	9.16100034E-03	2.58159332E-02
2.13866603E+00	-1.15249728E+01	9.16953415E-03	2.56978430E-02
-1.61353851E-01	-1.01099805E+01	9.17798920E-03	2.55807219E-02
-2.65368791E+00	-7.38030507E+00	9.18636657E-03	2.54645572E-02
-5.24385658E+00	-3.74530742E+00	9.19466731E-03	2.53493362E-02
-7.74070734E+00	2.37239692E-01	9.20289247E-03	2.52350466E-02
-9.85458983E+00	3.96647160E+00	9.21104307E-03	2.51216761E-02
-1.12327883E+01	6.91215871E+00	9.21912010E-03	2.50092127E-02
-1.15275422E+01	8.71150535E+00	9.22712456E-03	2.48976448E-02
-1.04819323E+01	9.22768363E+00	9.23505741E-03	2.47869608E-02
-8.01229837E+00	8.55794269E+00	9.24291960E-03	2.46771494E-02
-4.26459815E+00	6.99121855E+00	9.25071207E-03	2.45681993E-02
3.73222598E-01	4.92716041E+00	9.25843573E-03	2.44600996E-02
5.31117436E+00	2.77740614E+00	9.26609148E-03	2.43528396E-02
9.84552694E+00	8.73586577E-01	9.27368022E-03	2.42464087E-02
1.32795756E+01	-5.95950358E-01	9.28120282E-03	2.41407963E-02
1.50523741E+01	-1.60663851E+00	9.28866012E-03	2.40359924E-02
1.48479026E+01	-2.27267752E+00	9.29605298E-03	2.39319868E-02
1.26605481E+01	-2.78556299E+00	9.30338222E-03	2.38287696E-02
8.80192201E+00	-3.33449244E+00	9.31064866E-03	2.37263311E-02
3.84680707E+00	-4.03137042E+00	9.31785309E-03	2.36246617E-02
-1.47061046E+00	-4.86156497E+00	9.32499630E-03	2.35237520E-02
-6.38828252E+00	-5.67447711E+00	9.33207907E-03	2.34235928E-02
-1.02480069E+01	-6.21722882E+00	9.33910216E-03	2.33241749E-02
-1.26004310E+01	-6.20314360E+00	9.34606632E-03	2.32254893E-02
-1.32633409E+01	-5.39719457E+00	9.35297228E-03	2.31275273E-02
-1.23244455E+01	-3.69568313E+00	9.35982077E-03	2.30302802E-02
-1.00926462E+01	-1.17836619E+00	9.36661249E-03	2.29337394E-02
-7.01302585E+00	1.88215451E+00	9.37334816E-03	2.28378965E-02
-3.56782182E+00	5.05839547E+00	9.38002846E-03	2.27427433E-02
-1.86941327E-01	7.84605292E+00	9.38665407E-03	2.26482716E-02
2.81294609E+00	9.76475216E+00	9.39322565E-03	2.25544735E-02
5.25064530E+00	1.04581970E+01	9.39974387E-03	2.24613410E-02
7.06479546E+00	9.77031362E+00	9.40620937E-03	2.23688664E-02
8.27109095E+00	7.77964091E+00	9.41262278E-03	2.22770420E-02
8.90953734E+00	4.78421095E+00	9.41898474E-03	2.21858604E-02
9.00027294E+00	1.24096423E+00	9.42529585E-03	2.20953141E-02
8.52256625E+00	-2.32560600E+00	9.43155673E-03	2.20053958E-02
7.42361866E+00	-5.42402519E+00	9.43776797E-03	2.19160985E-02
5.65404523E+00	-7.68264727E+00	9.44393017E-03	2.18274149E-02
3.21811380E+00	-8.90399121E+00	9.45004389E-03	2.17393382E-02
2.21461246E-01	-9.07664664E+00	9.45610971E-03	2.16518614E-02
-3.10139158E+00	-8.34570907E+00	9.46212819E-03	2.15649779E-02
-6.39264335E+00	-6.95294659E+00	9.46809988E-03	2.14786811E-02
-9.21413394E+00	-5.16484775E+00	9.47402534E-03	2.13929642E-02
-1.11214010E+01	-3.20863154E+00	9.47990508E-03	2.13078210E-02
-1.17534175E+01	-1.23283057E+00	9.48573964E-03	2.12232450E-02
-1.09169371E+01	6.98777416E-01	9.49152955E-03	2.11392300E-02
-8.64403143E+00	2.58113735E+00	9.49727530E-03	2.10557698E-02
-5.20661623E+00	4.42050028E+00	9.50297741E-03	2.09728583E-02
-1.08136052E+00	6.18267318E+00	9.50863638E-03	2.08904896E-02
3.12996497E+00	7.75544702E+00	9.51425268E-03	2.08086578E-02
6.80882480E+00	8.93986709E+00	9.51982681E-03	2.07273570E-02
9.43382410E+00	9.47684084E+00	9.52535924E-03	2.06465815E-02
1.06752775E+01	9.10524861E+00	9.53085044E-03	2.05663257E-02
1.04497266E+01	7.63800518E+00	9.53630086E-03	2.04865840E-02
8.92288534E+00	5.03607619E+00	9.54171096E-03	2.04073509E-02
6.46146629E+00	1.45913432E+00	9.54708120E-03	2.03286210E-02
3.54615199E+00	-2.72411229E+00	9.55241200E-03	2.02503889E-02
6.66738727E-01	-6.97379921E+00	9.55770382E-03	2.01726495E-02
-1.77594868E+00	-1.06612253E+01	9.56295706E-03	2.00953975E-02
-3.53921898E+00	-1.31805312E+01	9.56817216E-03	2.00186278E-02
-4.56439357E+00	-1.40665489E+01	9.57334954E-03	1.99423354E-02
-4.95617323E+00	-1.30928616E+01	9.57848959E-03	1.98665154E-02
-4.92390443E+00	-1.03275011E+01	9.58359274E-03	1.97911627E-02
-4.70238292E+00	-6.13256369E+00	9.58865937E-03	1.97162727E-02
-4.47435230E+00	-1.10629483E+00	9.59368988E-03	1.96418404E-02
-4.31559964E+00	4.02103662E+00	9.59868466E-03	1.95678613E-02
-4.17692385E+00	8.51593286E+00	9.60364408E-03	1.94943307E-02
-3.90703004E+00	1.17683419E+01	9.60856854E-03	1.94212440E-02
-3.30925950E+00	1.33903691E+01	9.61345839E-03	1.93485968E-02
-2.21589321E+00	1.32680170E+01	9.61831400E-03	1.92763845E-02
-5.58930388E-01	1.15579430E+01	9.62313574E-03	1.92046028E-02
1.58301985E+00	8.63367686E+00	9.62792397E-03	1.91332473E-02
3.97599148E+00	4.99663368E+00	9.63267902E-03	1.90623138E-02
6.26442995E+00	1.17403402E+00	9.63740126E-03	1.89917981E-02
8.04073126E+00	-2.37298057E+00	9.64209101E-03	1.89216961E-02
8.93432832E+00	-5.31222051E+00	9.64674863E-03	1.88520035E-02
8.69869974E+00	-7.46425450E+00	9.65137444E-03	1.87827164E-02
7.27474201E+00	-8.78774616E+00	9.65596877E-03	1.87138308E-02
4.81447136E+00	-9.33665936E+00	9.66053194E-03	1.86453427E-02
1.65860120E+00	-9.20602407E+00	9.66506427E-03	1.85772483E-02
-1.72725550E+00	-8.48439565E+00	9.66956609E-03	1.85095436E-02
-4.84301784E+00	-7.22747973E+00	9.67403769E-03	1.84422250E-02
-7.25019168E+00	-5.45979874E+00	9.67847939E-03	1.83752886E-02
-8.65153523E+00	-3.20194330E+00	9.68289149E-03	1.83087309E-02
-8.93678405E+00	-5.12516488E-01	9.68727428E-03	1.82425481E-02
-8.18560693E+00	2.47129010E+00	9.69162806E-03	1.81767366E-02
-6.62967475E+00	5.51098415E+00	9.69595313E-03	1.81112929E-02
-4.58566514E+00	8.27393677E+00	9.70024977E-03	1.80462135E-02
-2.37767037E+00	1.03741963E+01	9.70451826E-03	1.79814949E-02
-2.69178815E-01	1.14409277E+01	9.70875889E-03	1.79171337E-02
1.57878482E+00	1.11997571E+01	9.71297192E-03	1.78531266E-02
3.11461399E+00	9.54713348E+00	9.71715764E-03	1.77894702E-02
4.36938002E+00	6.59770401E+00	9.72131630E-03	1.77261611E-02
5.40700581E+00	2.68989040E+00	9.72544818E-03	1.76631963E-02
6.26828977E+00	-1.65581976E+00	9.72955354E-03	1.76005724E-02
6.92727974E+00	-5.82013389E+00	9.73363264E-03	1.75382862E-02
7.27487009E+00	-9.19373196E+00	9.73768572E-03	1.74763347E-02
7.13663296E+00	-1.12887635E+01	9.74171305E-03	1.74147148E-02
6.32188631E+00	-1.18288289E+01	9.74571488E-03	1.73534234E-02
4.69153115E+00	-1.07975665E+01	9.74969144E-03	1.72924575E-02
2.22583627E+00	-8.43513776E+00	9.75364298E-03	1.72318141E-02
-9.28094917E-01	-5.18370825E+00	9.75756974E-03	1.71714903E-02
-4.44543876E+00	-1.59459426E+00	9.76147197E-03	1.71114831E-02
-7.85704592E+00	1.78172227E+00	9.76534988E-03	1.70517897E-02
-1.06237774E+01	4.49807879E+00	9.76920372E-03	1.69924073E-02
-1.22377073E+01	6.28345870E+00	9.77303370E-03	1.69333330E-02
-1.23284389E+01	7.07170580E+00	9.77684006E-03	1.68745642E-02
-1.07501947E+01	6.98265159E+00	9.78062302E-03	1.68160979E-02
-7.62862929E+00	6.26367954E+00	9.78438280E-03	1.67579316E-02
-3.35480760E+00	5.20891957E+00	9.78811961E-03	1.67000626E-02
1.47449938E+00	4.07787451E+00	9.79183367E-03	1.66424882E-02
6.15891339E+00	3.03427527E+00	9.79552519E-03	1.65852058E-02
1.00180189E+01	2.11971878E+00	9.79919438E-03	1.65282129E-02
1.25106617E+01	1.26686258E+00	9.80284144E-03	1.64715068E-02
1.33253734E+01	3.46205966E-01	9.80646659E-03	1.64150852E-02
1.24240976E+01	-7.68433019E-01	9.81007002E-03	1.63589454E-02
1.00321304E+01	-2.13545040E+00	9.81365192E-03	1.63030851E-02
6.57924852E+00	-3.70121140E+00	9.81721251E-03	1.62475017E-02
2.60748485E+00	-5.28962247E+00	9.82075197E-03	1.61921929E-02
-1.33254635E+00	-6.62987716E+00	9.82427049E-03	1.61371564E-02
-4.77387792E+00	-7.41631171E+00	9.82776826E-03	1.60823897E-02
-7.39556068E+00	-7.38543104E+00	9.83124548E-03	1.60278906E-02
-9.04539572E+00	-6.39015903E+00	9.83470232E-03	1.59736567E-02
-9.72369001E+00	-4.45153992E+00	9.83813898E-03	1.59196858E-02
-9.53823893E+00	-1.77344434E+00	9.84155562E-03	1.58659756E-02
-8.64698066E+00	1.28504773E+00	9.84495244E-03	1.58125240E-02
-7.20623968E+00	4.27433801E+00	9.84832960E-03	1.57593286E-02
-5.33899563E+00	6.74150217E+00	9.85168729E-03	1.57063875E-02
-3.13030987E+00	8.31972231E+00	9.85502567E-03	1.56536983E-02
-6.48036744E-01	8.79909401E+00	9.85834491E-03	1.56012590E-02
2.02122009E+00	8.16256178E+00	9.86164519E-03	1.55490675E-02
4.73599157E+00	6.57938240E+00	9.86492667E-03	1.54971218E-02
7.27926458E+00	4.35896719E+00	9.86818952E-03	1.54454197E-02
9.36464154E+00	1.87753764E+00	9.87143390E-03	1.53939593E-02
1.06729514E+01	-5.03685132E-01	9.87465996E-03	1.53427384E-02
1.09136575E+01	-2.50861727E+00	9.87786788E-03	1.52917553E-02
9.89721222E+00	-3.98838169E+00	9.88105780E-03	1.52410078E-02
7.59969485E+00	-4.92679501E+00	9.88422989E-03	1.51904941E-02
4.20110376E+00	-5.41066602E+00	9.88738429E-03	1.51402122E-02
8.37500290E-02	-5.57562811E+00	9.89052116E-03	1.50901603E-02
-4.21380084E+00	-5.54452457E+00	9.89364065E-03	1.50403364E-02
-8.08106076E+00	-5.37698675E+00	9.89674291E-03	1.49907386E-02
-1.09422774E+01	-5.04537551E+00	9.89982809E-03	1.49413653E-02
-1.23631836E+01	-4.44462346E+00	9.90289633E-03	1.48922145E-02
-1.21344885E+01	-3.43374733E+00	9.90594777E-03	1.48432844E-02
-1.03132366E+01	-1.89750163E+00	9.90898256E-03	1.47945733E-02
-7.21225796E+00	1.89681408E-01	9.91200084E-03	1.47460794E-02
-3.33949788E+00	2.71692594E+00	9.91500274E-03	1.46978009E-02
6.99716992E-01	5.42313539E+00	9.91798842E-03	1.46497362E-02
4.31618272E+00	7.92395936E+00	9.92095799E-03	1.46018835E-02
7.04157609E+00	9.77678758E+00	9.92391160E-03	1.45542411E-02
8.60249791E+00	1.05708314E+01	9.92684938E-03	1.45068075E-02
8.94948583E+00	1.00220278E+01	9.92977146E-03	1.44595808E-02
8.23752169E+00	8.05002061E+00	9.93267797E-03	1.44125595E-02
6.76590652E+00	4.81759748E+00	9.93556904E-03	1.43657420E-02
4.89445602E+00	7.21024940E-01	9.93844480E-03	1.43191266E-02
2.95761106E+00	-3.66915726E+00	9.94130537E-03	1.42727118E-02
1.19722881E+00	-7.70584535E+00	9.94415088E-03	1.42264960E-02
-2.71122911E-01	-1.07814978E+01	9.94698146E-03	1.41804777E-02
-1.45297069E+00	-1.24381824E+01	9.94979722E-03	1.41346553E-02
-2.43586392E+00	-1.24483492E+01	9.95259828E-03	1.40890273E-02
-3.33018021E+00	-1.08498119E+01	9.95538477E-03	1.40435922E-02
-4.20838723E+00	-7.92884267E+00	9.95815680E-03	1.39983485E-02
-5.06109417E+00	-4.15689364E+00	9.96091450E-03	1.39532947E-02
-5.78306544E+00	-9.64754685E-02	9.96365797E-03	1.39084293E-02
-6.19372667E+00	3.70222448E+00	9.96638733E-03	1.38637510E-02
-6.08689057E+00	6.79164525E+00	9.96910269E-03	1.38192583E-02
-5.29607546E+00	8.88627711E+00	9.97180417E-03	1.37749498E-02
-3.75709180E+00	9.88193313E+00	9.97449188E-03	1.37308240E-02
-1.54978009E+00	9.83583143E+00	9.97716592E-03	1.36868796E-02
1.09414533E+00	8.91777383E+00	9.97982641E-03	1.36431152E-02
3.82156600E+00	7.34879385E+00	9.98247346E-03	1.35995295E-02
6.22122256E+00	5.34508428E+00	9.98510716E-03	1.35561210E-02
7.90558146E+00	3.08163349E+00	9.98772763E-03	1.35128885E-02
8.59197868E+00	6.82899799E-01	9.99033497E-03	1.34698307E-02
8.16346038E+00	-1.76090975E+00	9.99292928E-03	1.34269462E-02
6.69446574E+00	-4.16135832E+00	9.99551066E-03	1.33842337E-02
4.43500929E+00	-6.39746861E+00	9.99807923E-03	1.33416920E-02
1.75715547E+00	-8.29456200E+00	1.00006351E-02	1.32993198E-02
-9.23247491E-01	-9.62730321E+00	1.00031783E-02	1.32571158E-02
-3.23072759E+00	-1.01506244E+01	1.00057090E-02	1.32150788E-02
-4.90029674E+00	-9.65339562E+00	1.00082272E-02	1.31732075E-02
-5.81749480E+00	-8.02192428E+00	1.00107331E-02	1.31315007E-02
-6.02028800E+00	-5.29582371E+00	1.00132268E-02	1.30899573E-02
-5.66459893E+00	-1.69887946E+00	1.00157084E-02	1.30485760E-02
-4.96448010E+00	2.36755627E+00	1.00181779E-02	1.30073556E-02
-4.12416992E+00	6.37249327E+00	1.00206354E-02	1.29662949E-02
-3.28089182E+00	9.73818135E+00	1.00230811E-02	1.29253929E-02
-2.47387689E+00	1.19423256E+01	1.00255149E-02	1.28846482E-02
-1.64761385E+00	1.26181852E+01	1.00279371E-02	1.28440599E-02
-6.87732215E-01	1.16302634E+01	1.00303477E-02	1.28036267E-02
5.21260903E-01	9.10783677E+00	1.00327468E-02	1.27633476E-02
2.03350707E+00	5.42752018E+00	1.00351345E-02	1.27232214E-02
3.79348445E+00	1.14732940E+00	1.00375108E-02	1.26832470E-02
5.61745459E+00	-3.09440243E+00	1.00398759E-02	1.26434234E-02
7.21267168E+00	-6.69401359E+00	1.00422298E-02	1.26037494E-02
8.23239113E+00	-9.18719482E+00	1.00445726E-02	1.25642239E-02
8.35493214E+00	-1.03218033E+01	1.00469045E-02	1.25248461E-02
7.36799658E+00	-1.00848625E+01	1.00492254E-02	1.24856146E-02
5.23700192E+00	-8.68049752E+00	1.00515354E-02	1.24465287E-02
2.13907639E+00	-6.46672201E+00	1.00538347E-02	1.24075871E-02
-1.54803232E+00	-3.86793717E+00	1.00561234E-02	1.23687889E-02
-5.30238650E+00	-1.28460921E+00	1.00584014E-02	1.23301331E-02
-8.54905341E+00	9.79135612E-01	1.00606689E-02	1.22916186E-02
-1.07670111E+01	2.75498602E+00	1.00629259E-02	1.22532445E-02
-1.15886724E+01	4.01112319E+00	1.00651726E-02	1.22150098E-02
-1.08703471E+01	4.81839512E+00	1.00674090E-02	1.21769135E-02
-8.71848812E+00	5.29485921E+00	1.00696352E-02	1.21389547E-02
-5.46661109E+00	5.54641337E+00	1.00718513E-02	1.21011323E-02
-1.60888389E+00	5.62121653E+00	1.00740572E-02	1.20634455E-02
2.29412331E+00	5.49084955E+00	1.00762532E-02	1.20258932E-02
5.71642006E+00	5.06304851E+00	1.00784393E-02	1.19884746E-02
8.25271348E+00	4.22157560E+00	1.00806155E-02	1.19511888E-02
9.67268008E+00	2.88086897E+00	1.00827819E-02	1.19140348E-02
9.93483122E+00	1.03864644E+00	1.00849386E-02	1.18770116E-02
9.16143092E+00	-1.19018450E+00	1.00870857E-02	1.18401185E-02
7.58499184E+00	-3.57018093E+00	1.00892232E-02	1.18033545E-02
5.48275505E+00	-5.77633573E+00	1.00913512E-02	1.17667188E-02
3.11689352E+00	-7.45380306E+00	1.00934697E-02	1.17302104E-02
6.94822092E-01	-8.29276680E+00	1.00955789E-02	1.16938284E-02
-1.64297609E+00	-8.10020334E+00	1.00976788E-02	1.16575721E-02
-3.80878526E+00	-6.85032873E+00	1.00997695E-02	1.16214406E-02
-5.73615418E+00	-4.70028684E+00	1.01018509E-02	1.15854330E-02
-7.34497465E+00	-1.96595316E+00	1.01039233E-02	1.15495485E-02
-8.51775977E+00	9.37505363E-01	1.01059866E-02	1.15137862E-02
-9.09805428E+00	3.57695297E+00	1.01080410E-02	1.14781454E-02
-8.91487493E+00	5.58568623E+00	1.01100864E-02	1.14426252E-02
-7.82865228E+00	6.73134930E+00	1.01121230E-02	1.14072247E-02
-5.78668585E+00	6.95192664E+00	1.01141508E-02	1.13719433E-02
-2.87176388E+00	6.35234716E+00	1.01161699E-02	1.13367801E-02
6.72329841E-01	5.16401826E+00	1.01181803E-02	1.13017343E-02
4.45002885E+00	3.67871116E+00	1.01201820E-02	1.12668051E-02
7.96131286E+00	2.17432514E+00	1.01221753E-02	1.12319917E-02
1.06808327E+01	8.51620721E-01	1.01241600E-02	1.11972934E-02
1.21537780E+01	-2.02344133E-01	1.01261363E-02	1.11627095E-02
1.20879937E+01	-1.01572355E+00	1.01281043E-02	1.11282391E-02
1.04212286E+01	-1.69947029E+00	1.01300639E-02	1.10938815E-02
7.34693386E+00	-2.39124134E+00	1.01320152E-02	1.10596360E-02
3.29076018E+00	-3.19222978E+00	1.01339584E-02	1.10255018E-02
-1.15919430E+00	-4.11548133E+00	1.01358934E-02	1.09914781E-02
-5.35487331E+00	-5.06126363E+00	1.01378203E-02	1.09575644E-02
-8.70248226E+00	-5.82787476E+00	1.01397392E-02	1.09237598E-02
-1.07647389E+01	-6.15674609E+00	1.01416501E-02	1.08900636E-02
-1.13302241E+01	-5.80127564E+00	1.01435530E-02	1.08564752E-02
-1.04364662E+01	-4.60197474E+00	1.01454481E-02	1.08229937E-02
-8.34391490E+00	-2.54803722E+00	1.01473354E-02	1.07896186E-02
-5.46890737E+00	1.91945134E-01	1.01492148E-02	1.07563492E-02
-2.29247277E+00	3.28028122E+00	1.01510866E-02	1.07231846E-02
7.33671893E-01	6.26177326E+00	1.01529507E-02	1.06901244E-02
3.26328515E+00	8.64669055E+00	1.01548072E-02	1.06571677E-02
5.09885457E+00	1.00072544E+01	1.01566561E-02	1.06243140E-02
6.19579725E+00	1.00660455E+01	1.01584976E-02	1.05915625E-02
6.63140929E+00	8.75621190E+00	1.01603315E-02	1.05589126E-02
6.55080903E+00	6.23966890E+00	1.01621580E-02	1.05263637E-02
6.10698059E+00	2.87909510E+00	1.01639772E-02	1.04939151E-02
5.41219428E+00	-8.29910792E-01	1.01657891E-02	1.04615662E-02
4.51367783E+00	-4.35121593E+00	1.01675936E-02	1.04293162E-02
3.39873817E+00	-7.20462344E+00	1.01693910E-02	1.03971647E-02
2.02571373E+00	-9.04576152E+00	1.01711812E-02	1.03651110E-02
3.69561053E-01	-9.71341140E+00	1.01729643E-02	1.03331543E-02
-1.53342755E+00	-9.23659604E+00	1.01747402E-02	1.03012942E-02
-3.55718001E+00	-7.80351901E+00	1.01765092E-02	1.02695301E-02
-5.48461803E+00	-5.70321079E+00	1.01782711E-02	1.02378612E-02
-7.03697634E+00	-3.25635463E+00	1.01800262E-02	1.02062870E-02
-7.92827216E+00	-7.52932169E-01	1.01817743E-02	1.01748070E-02
-7.93204888E+00	1.58907081E+00	1.01835155E-02	1.01434205E-02
-6.94331548E+00	3.63656501E+00	1.01852500E-02	1.01121269E-02
-5.01886255E+00	5.32699244E+00	1.01869777E-02	1.00809256E-02
-2.38387677E+00	6.63552603E+00	1.01886987E-02	1.00498161E-02
5.99158790E-01	7.53753807E+00	1.01904130E-02	1.00187978E-02
3.49394095E+00	7.98080872E+00	1.01921206E-02	9.98787010E-03
5.87262281E+00	7.87844995E+00	1.01938217E-02	9.95703246E-03
7.39832233E+00	7.12676278E+00	1.01955162E-02	9.92628432E-03
7.88887182E+00	5.64411951E+00	1.01972042E-02	9.89562511E-03
7.34712068E+00	3.41974332E+00	1.01988857E-02	9.86505429E-03
5.95108720E+00	5.57003245E-01	1.02005608E-02	9.83457130E-03
4.00692329E+00	-2.70416287E+00	1.02022296E-02	9.80417560E-03
1.87657936E+00	-5.99667952E+00	1.02038919E-02	9.77386664E-03
-1.02014466E-01	-8.87080685E+00	1.02055480E-02	9.74364390E-03
-1.68298909E+00	-1.08676165E+01	1.02071978E-02	9.71350685E-03
-2.75292452E+00	-1.16071598E+01	1.02088414E-02	9.68345494E-03
-3.33504880E+00	-1.08719193E+01	1.02104788E-02	9.65348766E-03
-3.55811286E+00	-8.66565583E+00	1.02121100E-02	9.62360449E-03
-3.59985985E+00	-5.23222268E+00	1.02137352E-02	9.59380491E-03
-3.62139613E+00	-1.02736659E+00	1.02153542E-02	9.56408841E-03
-3.71086426E+00	3.35298488E+00	1.02169672E-02	9.53445448E-03
-3.85209079E+00	7.27445751E+00	1.02185743E-02	9.50490262E-03
-3.92704743E+00	1.01754193E+01	1.02201753E-02	9.47543233E-03
-3.75179494E+00	1.16646479E+01	1.02217705E-02	9.44604310E-03
-3.13644946E+00	1.15853753E+01	1.02233597E-02	9.41673445E-03
-1.95299121E+00	1.00330933E+01	1.02249432E-02	9.38750588E-03
-1.92185140E-01	7.32481920E+00	1.02265208E-02	9.35835691E-03
2.00680519E+00	3.92818251E+00	1.02280926E-02	9.32928706E-03
4.36390189E+00	3.67184805E-01	1.02296587E-02	9.30029584E-03
6.50320079E+00	-2.87418129E+00	1.02312190E-02	9.27138278E-03
8.02656519E+00	-5.43000920E+00	1.02327737E-02	9.24254741E-03
8.59914010E+00	-7.09729909E+00	1.02343228E-02	9.21378927E-03
8.02673887E+00	-7.84131916E+00	1.02358663E-02	9.18510787E-03
6.30651394E+00	-7.76505545E+00	1.02374041E-02	9.15650277E-03
3.63836682E+00	-7.05460379E+00	1.02389365E-02	9.12797350E-03
3.93692669E-01	-5.91720465E+00	1.02404633E-02	9.09951962E-03
-2.95196775E+00	-4.52892767E+00	1.02419847E-02	9.07114066E-03
-5.90743853E+00	-3.00488604E+00	1.02435007E-02	9.04283617E-03
-8.05595081E+00	-1.39754801E+00	1.02450112E-02	9.01460572E-03
-9.12714990E+00	2.79744027E-01	1.02465164E-02	8.98644886E-03
-9.03623538E+00	2.01424023E+00	1.02480162E-02	8.95836516E-03
-7.88355190E+00	3.75463322E+00	1.02495108E-02	8.93035416E-03
-5.91742307E+00	5.38570008E+00	1.02510000E-02	8.90241545E-03
-3.47144003E+00	6.72700337E+00	1.02524840E-02	8.87454859E-03
-8.92712652E-01	7.55877780E+00	1.02539628E-02	8.84675316E-03
1.52146149E+00	7.66994799E+00	1.02554365E-02	8.81902873E-03
3.56454982E+00	6.91624311E+00	1.02569049E-02	8.79137488E-03
5.13227990E+00	5.27253165E+00	1.02583683E-02	8.76379119E-03
6.20596019E+00	2.86390543E+00	1.02598266E-02	8.73627725E-03
6.81650070E+00	-3.53074535E-02	1.02612798E-02	8.70883265E-03
7.00281929E+00	-3.03765905E+00	1.02627280E-02	8.68145697E-03
6.77911747E+00	-5.70798232E+00	1.02641711E-02	8.65414981E-03
6.12214505E+00	-7.64448744E+00	1.02656093E-02	8.62691078E-03
4.98302174E+00	-8.55741863E+00	1.02670426E-02	8.59973945E-03
3.32027927E+00	-8.32702799E+00	1.02684710E-02	8.57263545E-03
1.14373509E+00	-7.02706768E+00	1.02698944E-02	8.54559837E-03
-1.44540049E+00	-4.90795308E+00	1.02713131E-02	8.51862782E-03
-4.23290397E+00	-2.34325109E+00	1.02727269E-02	8.49172342E-03
-6.89900034E+00	2.48163044E-01	1.02741359E-02	8.46488476E-03
-9.05811181E+00	2.48623877E+00	1.02755401E-02	8.43811148E-03
-1.03253227E+01	4.10085251E+00	1.02769396E-02	8.41140319E-03
-1.03961257E+01	4.97401940E+00	1.02783343E-02	8.38475950E-03
-9.12118645E+00	5.14467831E+00	1.02797244E-02	8.35818005E-03
-6.55746155E+00	4.77684940E+00	1.02811098E-02	8.33166446E-03
-2.98131450E+00	4.10095620E+00	1.02824906E-02	8.30521235E-03
1.14261306E+00	3.34449259E+00	1.02838668E-02	8.27882336E-03
5.23300409E+00	2.67040721E+00	1.02852384E-02	8.25249712E-03
8.69067153E+00	2.13905493E+00	1.02866054E-02	8.22623327E-03
1.10046436E+01	1.70300941E+00	1.02879680E-02	8.20003144E-03
1.18434687E+01	1.23515264E+00	1.02893260E-02	8.17389128E-03
1.11126302E+01	5.81551892E-01	1.02906795E-02	8.14781243E-03
8.96632990E+00	-3.76001782E-01	1.02920286E-02	8.12179454E-03
5.77195014E+00	-1.66557824E+00	1.02933733E-02	8.09583725E-03
2.03583186E+00	-3.19459672E+00	1.02947135E-02	8.06994021E-03
-1.69282230E+00	-4.75284228E+00	1.02960494E-02	8.04410308E-03
-4.91900219E+00	-6.04990233E+00	1.02973809E-02	8.01832551E-03
-7.27981732E+00	-6.77884438E+00	1.02987081E-02	7.99260715E-03
-8.58865504E+00	-6.69087295E+00	1.03000310E-02	7.96694768E-03
-8.83952432E+00	-5.66243097E+00	1.03013497E-02	7.94134674E-03
-8.17509837E+00	-3.73760329E+00	1.03026640E-02	7.91580400E-03
-6.83011841E+00	-1.13440698E+00	1.03039742E-02	7.89031914E-03
-5.06660993E+00	1.78781125E+00	1.03052801E-02	7.86489181E-03
-3.11774352E+00	4.59326947E+00	1.03065819E-02	7.83952168E-03
-1.15324628E+00	6.85255027E+00	1.03078795E-02	7.81420844E-03
7.27762107E-01	8.22466392E+00	1.03091729E-02	7.78895175E-03
2.47880334E+00	8.52003884E+00	1.03104622E-02	7.76375129E-03
4.07233240E+00	7.73085111E+00	1.03117475E-02	7.73860674E-03
5.46381550E+00	6.02305939E+00	1.03130287E-02	7.71351778E-03
6.56725519E+00	3.69364764E+00	1.03143058E-02	7.68848410E-03
7.25198423E+00	1.10460137E+00	1.03155789E-02	7.66350537E-03
7.36384148E+00	-1.38992394E+00	1.03168480E-02	7.63858129E-03
6.76614058E+00	-3.50609923E+00	1.03181132E-02	7.61371154E-03
5.38928788E+00	-5.06906101E+00	1.03193744E-02	7.58889581E-03
3.27434438E+00	-6.02104991E+00	1.03206316E-02	7.56413381E-03
5.96308264E-01	-6.40067448E+00	1.03218849E-02	7.53942521E-03
-2.34260354E+00	-6.30239349E+00	1.03231344E-02	7.51476972E-03
-5.15197494E+00	-5.83003021E+00	1.03243799E-02	7.49016704E-03
-7.41837045E+00	-5.05891235E+00	1.03256216E-02	7.46561687E-03
-8.78328050E+00	-4.01793743E+00	1.03268595E-02	7.44111891E-03
-9.01631117E+00	-2.69644897E+00	1.03280936E-02	7.41667286E-03
-8.06626450E+00	-1.07305803E+00	1.03293239E-02	7.39227843E-03
-6.07729241E+00	8.43400849E-01	1.03305504E-02	7.36793533E-03
-3.36517144E+00	2.97479688E+00	1.03317732E-02	7.34364327E-03
-3.58026000E-01	5.15078979E+00	1.03329923E-02	7.31940195E-03
2.48577082E+00	7.11250317E+00	1.03342076E-02	7.29521110E-03
4.76436716E+00	8.54619438E+00	1.03354193E-02	7.27107042E-03
6.20464726E+00	9.14195621E+00	1.03366273E-02	7.24697964E-03
6.70422511E+00	8.66496252E+00	1.03378316E-02	7.22293847E-03
6.33487096E+00	7.02214218E+00	1.03390323E-02	7.19894664E-03
5.30828967E+00	4.30676792E+00	1.03402294E-02	7.17500385E-03
3.91407944E+00	8.07552003E-01	1.03414230E-02	7.15110985E-03
2.44604903E+00	-3.02343086E+00	1.03426129E-02	7.12726434E-03
1.13531024E+00	-6.64014657E+00	1.03437993E-02	7.10346707E-03
1.06180309E-01	-9.49648195E+00	1.03449822E-02	7.07971776E-03
-6.35413633E-01	-1.11455107E+01	1.03461615E-02	7.05601613E-03
-1.17998690E+00	-1.13231576E+01	1.03473374E-02	7.03236192E-03
-1.66669742E+00	-9.99825596E+00	1.03485098E-02	7.00875487E-03
-2.22397194E+00	-7.37820006E+00	1.03496787E-02	6.98519471E-03
-2.91561432E+00	-3.86911826E+00	1.03508442E-02	6.96168117E-03
-3.70774231E+00	5.61262279E-04	1.03520063E-02	6.93821399E-03
-4.46617699E+00	3.67648418E+00	1.03531650E-02	6.91479291E-03
-4.98567590E+00	6.67417539E+00	1.03543203E-02	6.89141768E-03
-5.04379602E+00	8.65472796E+00	1.03554722E-02	6.86808804E-03
-4.46542451E+00	9.46624070E+00	1.03566208E-02	6.84480373E-03
-3.18086797E+00	9.14531664E+00	1.03577660E-02	6.82156449E-03
-1.26166432E+00	7.88228620E+00	1.03589079E-02	6.79837008E-03
1.07634221E+00	5.96177630E+00	1.03600465E-02	6.77522024E-03
3.50500676E+00	3.69492639E+00	1.03611819E-02	6.75211472E-03
5.64452411E+00	1.35994163E+00	1.03623140E-02	6.72905328E-03
7.13902360E+00	-8.36124104E-01	1.03634428E-02	6.70603566E-03
7.72959270E+00	-2.76828559E+00	1.03645684E-02	6.68306163E-03
7.30770885E+00	-4.37911707E+00	1.03656908E-02	6.66013093E-03
5.93677236E+00	-5.64761643E+00	1.03668100E-02	6.63724333E-03
3.83714613E+00	-6.55433916E+00	1.03679260E-02	6.61439858E-03
1.33886080E+00	-7.05594696E+00	1.03690389E-02	6.59159645E-03
-1.18626826E+00	-7.07874407E+00	1.03701486E-02	6.56883669E-03
-3.39682839E+00	-6.53444224E+00	1.03712552E-02	6.54611906E-03
-5.04162051E+00	-5.35409820E+00	1.03723586E-02	6.52344334E-03
-5.99417378E+00	-3.52996027E+00	1.03734590E-02	6.50080929E-03
-6.25592155E+00	-1.15160358E+00	1.03745563E-02	6.47821667E-03
-5.93016034E+00	1.57677291E+00	1.03756505E-02	6.45566525E-03
-5.17623102E+00	4.34670546E+00	1.03767417E-02	6.43315481E-03
-4.15794927E+00	6.78523961E+00	1.03778298E-02	6.41068510E-03
-3.00102342E+00	8.51789787E+00	1.03789149E-02	6.38825591E-03
-1.77091469E+00	9.24183079E+00	1.03799970E-02	6.36586701E-03
-4.76257535E-01	8.79239467E+00	1.03810761E-02	6.34351817E-03
9.04695168E-01	7.18678773E+00	1.03821523E-02	6.32120917E-03
2.38401653E+00	4.63294790E+00	1.03832255E-02	6.29893978E-03
3.92408220E+00	1.49963304E+00	1.03842957E-02	6.27670978E-03
5.41161776E+00	-1.74739015E+00	1.03853630E-02	6.25451896E-03
6.65625825E+00	-4.63005361E+00	1.03864274E-02	6.23236709E-03
7.41737454E+00	-6.74548538E+00	1.03874889E-02	6.21025396E-03
7.45488625E+00	-7.83734203E+00	1.03885475E-02	6.18817934E-03
6.59253131E+00	-7.83568756E+00	1.03896032E-02	6.16614302E-03
4.77756498E+00	-6.85743940E+00	1.03906561E-02	6.14414480E-03
2.12040784E+00	-5.16857443E+00	1.03917061E-02	6.12218444E-03
-1.09838435E+00	-3.11807755E+00	1.03927533E-02	6.10026175E-03
-4.45913673E+00	-1.05987785E+00	1.03937977E-02	6.07837651E-03
-7.46833396E+00	7.18755811E-01	1.03948393E-02	6.05652851E-03
-9.64591929E+00	2.04618947E+00	1.03958781E-02	6.03471754E-03
-1.06165072E+01	2.88278889E+00	1.03969141E-02	6.01294339E-03
-1.01847044E+01	3.30316756E+00	1.03979474E-02	5.99120586E-03
-8.37769967E+00	3.45140603E+00	1.03989779E-02	5.96950475E-03
-5.44526656E+00	3.48288361E+00	1.04000057E-02	5.94783984E-03
-1.81667915E+00	3.50925225E+00	1.04010308E-02	5.92621093E-03
1.97645366E+00	3.56163665E+00	1.04020532E-02	5.90461782E-03
5.39503926E+00	3.58180587E+00	1.04030728E-02	5.88306032E-03
7.98510447E+00	3.44326293E+00	1.04040898E-02	5.86153821E-03
9.44931683E+00	2.99599001E+00	1.04051042E-02	5.84005131E-03
9.68397711E+00	2.12210531E+00	1.04061158E-02	5.81859941E-03
8.77632045E+00	7.86609802E-01	1.04071249E-02	5.79718231E-03
6.96607807E+00	-9.31483618E-01	1.04081313E-02	5.77579982E-03
4.58297484E+00	-2.83733862E+00	1.04091351E-02	5.75445175E-03
1.97635160E+00	-4.64990261E+00	1.04101363E-02	5.73313790E-03
-5.46563447E-01	-6.05681139E+00	1.04111349E-02	5.71185807E-03
-2.76094450E+00	-6.78174927E+00	1.04121309E-02	5.69061208E-03
-4.53710097E+00	-6.64793710E+00	1.04131244E-02	5.66939974E-03
-5.82729885E+00	-5.62207335E+00	1.04141153E-02	5.64822085E-03
-6.63510168E+00	-3.82768039E+00	1.04151037E-02	5.62707522E-03
-6.97971792E+00	-1.52423371E+00	1.04160896E-02	5.60596267E-03
-6.86818080E+00	9.43216811E-01	1.04170729E-02	5.58488301E-03
-6.28483657E+00	3.21209868E+00	1.04180537E-02	5.56383605E-03
-5.20159533E+00	4.97208277E+00	1.04190321E-02	5.54282161E-03
-3.60543166E+00	6.02049945E+00	1.04200080E-02	5.52183950E-03
-1.53368505E+00	6.29123797E+00	1.04209814E-02	5.50088954E-03
8.95509953E-01	5.85182152E+00	1.04219523E-02	5.47997155E-03
3.46988049E+00	4.87138252E+00	1.04229208E-02	5.45908534E-03
5.89488833E+00	3.56939407E+00	1.04238869E-02	5.43823074E-03
7.83225688E+00	2.15942343E+00	1.04248506E-02	5.41740757E-03
8.95905006E+00	8.02764971E-01	1.04258118E-02	5.39661563E-03
9.03483830E+00	-4.16513453E-01	1.04267706E-02	5.37585477E-03
7.96106449E+00	-1.48988610E+00	1.04277271E-02	5.35512480E-03
5.81727236E+00	-2.45841364E+00	1.04286812E-02	5.33442554E-03
2.86340130E+00	-3.37172069E+00	1.04296329E-02	5.31375682E-03
-4.95133235E-01	-4.24536370E+00	1.04305823E-02	5.29311846E-03
-3.77417218E+00	-5.03056287E+00	1.04315293E-02	5.27251029E-03
-6.49625479E+00	-5.60689040E+00	1.04324741E-02	5.25193214E-03
-8.27688575E+00	-5.80209643E+00	1.04334164E-02	5.23138383E-03
-8.89312474E+00	-5.43549670E+00	1.04343565E-02	5.21086520E-03
-8.31975867E+00	-4.37430186E+00	1.04352943E-02	5.19037607E-03
-6.72559093E+00	-2.58784241E+00	1.04362298E-02	5.16991627E-03
-4.43142539E+00	-1.84084700E-01	1.04371630E-02	5.14948563E-03
-1.83994648E+00	2.58359374E+00	1.04380940E-02	5.12908399E-03
6.46181593E-01	5.34450107E+00	1.04390227E-02	5.10871118E-03
2.69951409E+00	7.67018290E+00	1.04399492E-02	5.08836703E-03
4.12011782E+00	9.15394613E+00	1.04408734E-02	5.06805138E-03
4.85483526E+00	9.49334074E+00	1.04417954E-02	5.04776406E-03
4.98173059E+00	8.55703175E+00	1.04427152E-02	5.02750490E-03
4.66640333E+00	6.42038789E+00	1.04436328E-02	5.00727375E-03
4.10337060E+00	3.36082199E+00	1.04445482E-02	4.98707044E-03
3.45869423E+00	-1.87140652E-01	1.04454614E-02	4.96689481E-03
2.82880232E+00	-3.70805676E+00	1.04463724E-02	4.94674669E-03
2.22543940E+00	-6.69705564E+00	1.04472813E-02	4.92662594E-03
1.58924632E+00	-8.74743215E+00	1.04481880E-02	4.90653237E-03
8.26589185E-01	-9.61638741E+00	1.04490926E-02	4.88646585E-03
-1.42018840E-01	-9.25630768E+00	1.04499951E-02	4.86642621E-03
-1.33661286E+00	-7.80706632E+00	1.04508954E-02	4.84641329E-03
-2.68936780E+00	-5.55367321E+00	1.04517936E-02	4.82642693E-03
-4.04222812E+00	-2.86103731E+00	1.04526898E-02	4.80646699E-03
-5.17261398E+00	-1.01901433E-01	1.04535838E-02	4.78653329E-03
-5.84154900E+00	2.40576560E+00	1.04544757E-02	4.76662570E-03
-5.85229326E+00	4.43935824E+00	1.04553656E-02	4.74674405E-03
-5.10438367E+00	5.88420769E+00	1.04562534E-02	4.72688819E-03
-3.62872496E+00	6.71975351E+00	1.04571392E-02	4.70705797E-03
-1.59386596E+00	6.98758057E+00	1.04580229E-02	4.68725324E-03
7.19306688E-01	6.75358786E+00	1.04589045E-02	4.66747384E-03
2.96934075E+00	6.07695000E+00	1.04597841E-02	4.64771963E-03
4.82068972E+00	4.99534767E+00	1.04606618E-02	4.62799045E-03
6.00940478E+00	3.53016291E+00	1.04615374E-02	4.60828616E-03
6.39274417E+00	1.70862588E+00	1.04624110E-02	4.58860660E-03
5.97140697E+00	-4.05837330E-01	1.04632826E-02	4.56895163E-03
4.87990984E+00	-2.68694524E+00	1.04641522E-02	4.54932110E-03
3.34848843E+00	-4.93410163E+00	1.04650199E-02	4.52971487E-03
1.64680825E+00	-6.88379562E+00	1.04658856E-02	4.51013278E-03
2.39584404E-02	-8.24518284E+00	1.04667493E-02	4.49057469E-03
-1.34037070E+00	-8.75403536E+00	1.04676111E-02	4.47104046E-03
-2.36202940E+00	-8.23325864E+00	1.04684710E-02	4.45152994E-03
-3.05068520E+00	-6.64501311E+00	1.04693289E-02	4.43204299E-03
-3.48260163E+00	-4.12012298E+00	1.04701849E-02	4.41257947E-03
-3.75708567E+00	-9.54905705E-01	1.04710390E-02	4.39313923E-03
-3.95003503E+00	2.42718265E+00	1.04718912E-02	4.37372212E-03
-4.07862290E+00	5.54336801E+00	1.04727414E-02	4.35432802E-03
-4.08794485E+00	7.93581140E+00	1.04735898E-02	4.33495678E-03
-3.86426096E+00	9.25481412E+00	1.04744364E-02	4.31560825E-03
-3.27192364E+00	9.32309409E+00	1.04752810E-02	4.29628230E-03
-2.20418503E+00	8.16708518E+00	1.04761238E-02	4.27697879E-03
-6.33673365E-01	6.00841397E+00	1.04769647E-02	4.25769758E-03
1.35236748E+00	3.21757656E+00	1.04778038E-02	4.23843854E-03
3.54370172E+00	2.40245735E-01	1.04786411E-02	4.21920152E-03
5.63072505E+00	-2.48743315E+00	1.04794765E-02	4.19998638E-03
7.25712896E+00	-4.61615780E+00	1.04803101E-02	4.18079300E-03
8.09099129E+00	-5.93729149E+00	1.04811418E-02	4.16162124E-03
7.89842706E+00	-6.40310102E+00	1.04819718E-02	4.14247095E-03
6.60246862E+00	-6.11152517E+00	1.04828000E-02	4.12334201E-03
4.31261278E+00	-5.26194488E+00	1.04836264E-02	4.10423429E-03
1.31686201E+00	-4.09488533E+00	1.04844510E-02	4.08514764E-03
-1.96342147E+00	-2.83160358E+00	1.04852738E-02	4.06608193E-03
-5.04698957E+00	-1.62845369E+00	1.04860949E-02	4.04703704E-03
-7.47913224E+00	-5.56164839E-01	1.04869142E-02	4.02801283E-03
-8.91275102E+00	3.92966328E-01	1.04877317E-02	4.00900916E-03
-9.16714171E+00	1.27458549E+00	1.04885475E-02	3.99002592E-03
-8.25282107E+00	2.14922776E+00	1.04893616E-02	3.97106296E-03
-6.35860005E+00	3.04049777E+00	1.04901739E-02	3.95212016E-03
-3.80562879E+00	3.90753849E+00	1.04909845E-02	3.93319738E-03
-9.80250334E-01	4.64056196E+00	1.04917934E-02	3.91429450E-03
1.73847260E+00	5.08157048E+00	1.04926006E-02	3.89541139E-03
4.04062229E+00	5.06517917E+00	1.04934061E-02	3.87654792E-03
5.72449640E+00	4.46858893E+00	1.04942099E-02	3.85770397E-03
6.70718053E+00	3.25681699E+00	1.04950120E-02	3.83887940E-03
7.00838841E+00	1.51006708E+00	1.04958124E-02	3.82007409E-03
6.71584711E+00	-5.75568620E-01	1.04966112E-02	3.80128791E-03
5.94442077E+00	-2.71614298E+00	1.04974083E-02	3.78252074E-03
4.80156915E+00	-4.59126510E+00	1.04982037E-02	3.76377245E-03
3.36865954E+00	-5.90735314E+00	1.04989975E-02	3.74504291E-03
1.70204486E+00	-6.45787628E+00	1.04997897E-02	3.72633201E-03
-1.48697068E-01	-6.16616015E+00	1.05005802E-02	3.70763962E-03
-2.11356239E+00	-5.10041833E+00	1.05013690E-02	3.68896561E-03
-4.07725576E+00	-3.45739552E+00	1.05021563E-02	3.67030987E-03
-5.86767694E+00	-1.51866040E+00	1.05029419E-02	3.65167226E-03
-7.26515248E+00	4.09780072E-01	1.05037260E-02	3.63305267E-03
-8.03379424E+00	2.05994487E+00	1.05045084E-02	3.61445097E-03
-7.96959110E+00	3.25159098E+00	1.05052892E-02	3.59586704E-03
-6.95416303E+00	3.91785255E+00	1.05060685E-02	3.57730077E-03
-5.00014185E+00	4.10181834E+00	1.05068461E-02	3.55875203E-03
-2.27481931E+00	3.92657097E+00	1.05076222E-02	3.54022070E-03
9.06991086E-01	3.54796211E+00	1.05083967E-02	3.52170666E-03
4.12296369E+00	3.10364652E+00	1.05091697E-02	3.50320980E-03
6.91028603E+00	2.67255314E+00	1.05099411E-02	3.48472998E-03
8.84691940E+00	2.25587664E+00	1.05107109E-02	3.46626710E-03
9.63018806E+00	1.78464363E+00	1.05114793E-02	3.44782104E-03
9.13558049E+00	1.15152471E+00	1.05122460E-02	3.42939168E-03
7.44250988E+00	2.57766630E-01	1.05130113E-02	3.41097889E-03
4.82086603E+00	-9.38297552E-01	1.05137750E-02	3.39258257E-03
1.68083414E+00	-2.38555009E+00	1.05145372E-02	3.37420260E-03
-1.50340258E+00	-3.92860062E+00	1.05152978E-02	3.35583886E-03
-4.27977115E+00	-5.32580223E+00	1.05160570E-02	3.33749124E-03
-6.29603937E+00	-6.29438241E+00	1.05168147E-02	3.31915961E-03
-7.35332391E+00	-6.57300051E+00	1.05175709E-02	3.30084387E-03
-7.42548924E+00	-5.98701466E+00	1.05183256E-02	3.28254390E-03
-6.64263469E+00	-4.50031004E+00	1.05190788E-02	3.26425959E-03
-5.24508832E+00	-2.24013553E+00	1.05198305E-02	3.24599082E-03
-3.52069626E+00	5.12566777E-01	1.05205808E-02	3.22773747E-03
-1.74122057E+00	3.36683331E+00	1.05213296E-02	3.20949944E-03
-1.12703488E-01	5.89080107E+00	1.05220770E-02	3.19127661E-03
1.24990410E+00	7.69163922E+00	1.05228229E-02	3.17306887E-03
2.32045007E+00	8.48900887E+00	1.05235673E-02	3.15487611E-03
3.13562863E+00	8.16621929E+00	1.05243104E-02	3.13669821E-03
3.75537057E+00	6.78841677E+00	1.05250519E-02	3.11853507E-03
4.22266021E+00	4.58474290E+00	1.05257921E-02	3.10038657E-03
4.53530542E+00	1.89956249E+00	1.05265308E-02	3.08225260E-03
4.63822828E+00	-8.75395699E-01	1.05272681E-02	3.06413305E-03
4.43860856E+00	-3.37241814E+00	1.05280040E-02	3.04602781E-03
3.83940941E+00	-5.30725123E+00	1.05287385E-02	3.02793677E-03
2.78128601E+00	-6.51495377E+00	1.05294716E-02	3.00985982E-03
1.28011533E+00	-6.95690810E+00	1.05302034E-02	2.99179685E-03
-5.51858318E-01	-6.70106160E+00	1.05309337E-02	2.97374776E-03
-2.50917189E+00	-5.88381958E+00	1.05316626E-02	2.95571243E-03
-4.32212902E+00	-4.66580617E+00	1.05323902E-02	2.93769075E-03
-5.70619639E+00	-3.19407211E+00	1.05331163E-02	2.91968263E-03
-6.42065901E+00	-1.58029893E+00	1.05338412E-02	2.90168794E-03
-6.32242828E+00	1.00941262E-01	1.05345646E-02	2.88370658E-03
-5.40153442E+00	1.79619347E+00	1.05352867E-02	2.86573845E-03
-3.78895525E+00	3.44721085E+00	1.05360075E-02	2.84778344E-03
-1.73402336E+00	4.96602867E+00	1.05367269E-02	2.82984144E-03
4.43947112E-01	6.22173743E+00	1.05374449E-02	2.81191235E-03
2.41884434E+00	7.04625800E+00	1.05381617E-02	2.79399605E-03
3.92114417E+00	7.26069655E+00	1.05388771E-02	2.77609245E-03
4.78687402E+00	6.71738403E+00	1.05395911E-02	2.75820144E-03
4.98115783E+00	5.34727617E+00	1.05403039E-02	2.74032291E-03
4.59169371E+00	3.19955683E+00	1.05410153E-02	2.72245676E-03
3.79497625E+00	4.60936804E-01	1.05417255E-02	2.70460288E-03
2.80475073E+00	-2.55374211E+00	1.05424343E-02	2.68676118E-03
1.81638292E+00	-5.44134000E+00	1.05431418E-02	2.66893154E-03
9.61486883E-01	-7.77487838E+00	1.05438481E-02	2.65111386E-03
2.84125776E-01	-9.18027072E+00	1.05445530E-02	2.63330804E-03
-2.56017038E-01	-9.40913528E+00	1.05452567E-02	2.61551397E-03
-7.55366785E-01	-8.39144184E+00	1.05459591E-02	2.59773156E-03
-1.32168755E+00	-6.25559257E+00	1.05466602E-02	2.57996070E-03
-2.02586098E+00	-3.31045313E+00	1.05473600E-02	2.56220128E-03
-2.86425877E+00	7.77904121E-03	1.05480586E-02	2.54445321E-03
-3.74303093E+00	3.21315263E+00	1.05487559E-02	2.52671638E-03
-4.48987343E+00	5.85585717E+00	1.05494520E-02	2.50899069E-03
-4.89151790E+00	7.59860725E+00	1.05501468E-02	2.49127604E-03
-4.74818691E+00	8.26809549E+00	1.05508404E-02	2.47357233E-03
-3.93139555E+00	7.87199812E+00	1.05515327E-02	2.45587946E-03
-2.43003370E+00	6.57996428E+00	1.05522238E-02	2.43819732E-03
-3.72049360E-01	4.67507920E+00	1.05529137E-02	2.42052582E-03
1.98528289E+00	2.48853088E+00	1.05536023E-02	2.40286486E-03
4.29597552E+00	3.33183343E-01	1.05542897E-02	2.38521433E-03
6.18872932E+00	-1.54914576E+00	1.05549759E-02	2.36757414E-03
7.33934114E+00	-3.01632807E+00	1.05556609E-02	2.34994418E-03
7.53594296E+00	-4.02682413E+00	1.05563447E-02	2.33232436E-03
6.72239636E+00	-4.61640608E+00	1.05570272E-02	2.31471458E-03
5.01018467E+00	-4.86016666E+00	1.05577086E-02	2.29711474E-03
2.65643861E+00	-4.83237952E+00	1.05583888E-02	2.27952474E-03
1.34995434E-02	-4.57637637E+00	1.05590678E-02	2.26194448E-03
-2.53823197E+00	-4.09292835E+00	1.05597456E-02	2.24437386E-03
-4.65901584E+00	-3.34973527E+00	1.05604222E-02	2.22681279E-03
-6.10522532E+00	-2.30817245E+00	1.05610976E-02	2.20926116E-03
-6.76054523E+00	-9.58185545E-01	1.05617719E-02	2.19171888E-03
-6.63825558E+00	6.50416358E-01	1.05624450E-02	2.17418586E-03
-5.85709433E+00	2.39132113E+00	1.05631170E-02	2.15666199E-03
-4.59934912E+00	4.06692129E+00	1.05637877E-02	2.13914718E-03
-3.06346098E+00	5.43656889E+00	1.05644574E-02	2.12164133E-03
-1.42369724E+00	6.26254779E+00	1.05651258E-02	2.10414434E-03
1.93583023E-01	6.36312498E+00	1.05657932E-02	2.08665612E-03
1.71297128E+00	5.65940587E+00	1.05664593E-02	2.06917657E-03
3.09454704E+00	4.20351690E+00	1.05671244E-02	2.05170559E-03
4.30751683E+00	2.17974161E+00	1.05677883E-02	2.03424310E-03
5.30363711E+00	-1.23351859E-01	1.05684511E-02	2.01678898E-03
6.00100646E+00	-2.36464483E+00	1.05691127E-02	1.99934316E-03
6.28557648E+00	-4.21492070E+00	1.05697732E-02	1.98190552E-03
6.03224335E+00	-5.41955850E+00	1.05704327E-02	1.96447599E-03
5.14115188E+00	-5.84519734E+00	1.05710910E-02	1.94705445E-03
3.57960163E+00	-5.49983678E+00	1.05717481E-02	1.92964082E-03
1.41718342E+00	-4.52218711E+00	1.05724042E-02	1.91223500E-03
-1.15764831E+00	-3.14346537E+00	1.05730592E-02	1.89483690E-03
-3.84746453E+00	-1.63139749E+00	1.05737131E-02	1.87744643E-03
-6.28379156E+00	-2.30289159E-01	1.05743659E-02	1.86006348E-03
-8.08748966E+00	8.88355512E-01	1.05750176E-02	1.84268796E-03
-8.93979563E+00	1.65319400E+00	1.05756682E-02	1.82531979E-03
-8.64866538E+00	2.09275721E+00	1.05763177E-02	1.80795886E-03
-7.19509570E+00	2.30907045E+00	1.05769661E-02	1.79060508E-03
-4.74788570E+00	2.43342394E+00	1.05776135E-02	1.77325837E-03
-1.64199726E+00	2.57700879E+00	1.05782598E-02	1.75591862E-03
1.67627305E+00	2.79026682E+00	1.05789050E-02	1.73858574E-03
4.72661332E+00	3.04231305E+00	1.05795492E-02	1.72125964E-03
7.07869804E+00	3.22633099E+00	1.05801923E-02	1.70394023E-03
8.42556142E+00	3.18982667E+00	1.05808343E-02	1.68662741E-03
8.63150089E+00	2.78187165E+00	1.05814753E-02	1.66932109E-03
7.74550630E+00	1.90471804E+00	1.05821153E-02	1.65202119E-03
5.97899577E+00	5.55666970E-01	1.05827542E-02	1.63472759E-03
3.65449825E+00	-1.15277378E+00	1.05833920E-02	1.61744023E-03
1.13798680E+00	-3.00112336E+00	1.05840288E-02	1.60015899E-03
-1.22956210E+00	-4.69914395E+00	1.05846646E-02	1.58288379E-03
-3.18671599E+00	-5.94252586E+00	1.05852994E-02	1.56561454E-03
-4.58190604E+00	-6.47720550E+00	1.05859331E-02	1.54835115E-03
-5.37574735E+00	-6.15628956E+00	1.05865658E-02	1.53109352E-03
-5.61866796E+00	-4.97606174E+00	1.05871974E-02	1.51384157E-03
-5.41295480E+00	-3.08237589E+00	1.05878281E-02	1.49659519E-03
-4.87143027E+00	-7.45690547E-01	1.05884577E-02	1.47935431E-03
-4.08469710E+00	1.68965386E+00	1.05890864E-02	1.46211882E-03
-3.10543945E+00	3.87038619E+00	1.05897140E-02	1.44488865E-03
-1.95267405E+00	5.49889004E+00	1.05903406E-02	1.42766369E-03
-6.32676549E-01	6.38333697E+00	1.05909662E-02	1.41044385E-03
8.31742339E-01	6.46316750E+00	1.05915908E-02	1.39322905E-03
2.37449960E+00	5.80594735E+00	1.05922145E-02	1.37601920E-03
3.87231982E+00	4.57858439E+00	1.05928371E-02	1.35881420E-03
5.15029717E+00	3.00181906E+00	1.05934588E-02	1.34161396E-03
6.00797022E+00	1.30033154E+00	1.05940794E-02	1.32441840E-03
6.26081699E+00	-3.39049198E-01	1.05946991E-02	1.30722741E-03
5.78714084E+00	-1.79162837E+00	1.05953178E-02	1.29004092E-03
4.56794499E+00	-2.99760809E+00	1.05959355E-02	1.27285884E-03
2.70829811E+00	-3.94553421E+00	1.05965523E-02	1.25568107E-03
4.32728951E-01	-4.64398709E+00	1.05971681E-02	1.23850751E-03
-1.94661949E+00	-5.09213780E+00	1.05977829E-02	1.22133810E-03
-4.08355474E+00	-5.25975583E+00	1.05983968E-02	1.20417272E-03
-5.66194901E+00	-5.08415472E+00	1.05990097E-02	1.18701130E-03
-6.45620521E+00	-4.48626001E+00	1.05996216E-02	1.16985374E-03
-6.37429618E+00	-3.40193831E+00	1.06002326E-02	1.15269996E-03
-5.47342191E+00	-1.81961363E+00	1.06008426E-02	1.13554986E-03
-3.94464943E+00	1.87539871E-01	1.06014517E-02	1.11840335E-03
-2.07016725E+00	2.44606941E+00	1.06020599E-02	1.10126036E-03
-1.63199380E-01	4.69095775E+00	1.06026671E-02	1.08412077E-03
1.49540991E+00	6.60016769E+00	1.06032734E-02	1.06698452E-03
2.70939636E+00	7.84979016E+00	1.06038787E-02	1.04985151E-03
3.39653740E+00	8.17869280E+00	1.06044831E-02	1.03272164E-03
3.58965531E+00	7.44819248E+00	1.06050866E-02	1.01559484E-03
3.41055975E+00	5.68236936E+00	1.06056891E-02	9.98471002E-04
3.02496412E+00	3.07830433E+00	1.06062907E-02	9.81350052E-04
2.59090272E+00	-1.80414221E-02	1.06068914E-02	9.64231895E-04
2.21441215E+00	-3.16688400E+00	1.06074912E-02	9.47116443E-04
1.92394182E+00	-5.91007434E+00	1.06080901E-02	9.30003608E-04
1.66974822E+00	-7.85161672E+00	1.06086881E-02	9.12893301E-04
1.34776467E+00	-8.72660113E+00	1.06092851E-02	8.95785432E-04
8.40875007E-01	-8.44441945E+00	1.06098813E-02	8.78679914E-04
