jMRUI Data Textfile

Filename: /Users/kayigwe/Desktop/TE26_BASISSET/converter/sample_basis_sets/JMRUI/PE.txt

PointsInDataset: 2048
DatasetsInFile: 1
SamplingInterval: 2.500000E-01
ZeroOrderPhase: 0.000000E+00
BeginTime: 0.000000E+00
TransmitterFrequency: 1.232618E+08
MagneticField: 2.895033E+00
TypeOfNucleus: 0.000000E+00
NameOfPatient: PE
DateOfExperiment: 20260523
Spectrometer: Unknown
AdditionalInfo: Converted by basis_set_converter


Signal and FFT
sig(real)	sig(imag)	fft(real)	fft(imag)
Signal 1 out of 1 in file
3.34366477E+01	-3.41843874E+00	8.39289169E-03	-8.78209037E-05
3.21931428E+01	-1.02466738E+01	8.39141286E-03	-1.00739610E-04
2.94054520E+01	-1.66181090E+01	8.38993438E-03	-1.13654222E-04
2.52373107E+01	-2.21631303E+01	8.38845622E-03	-1.26564803E-04
1.99425936E+01	-2.65684420E+01	8.38697838E-03	-1.39471416E-04
1.38467415E+01	-2.95988836E+01	8.38550087E-03	-1.52374123E-04
7.32304707E+00	-3.11133445E+01	8.38402365E-03	-1.65272988E-04
7.65619360E-01	-3.10736235E+01	8.38254674E-03	-1.78168073E-04
-5.43892336E+00	-2.95456219E+01	8.38107013E-03	-1.91059441E-04
-1.09388909E+01	-2.66928401E+01	8.37959380E-03	-2.03947153E-04
-1.54420366E+01	-2.27627410E+01	8.37811775E-03	-2.16831274E-04
-1.87353309E+01	-1.80670672E+01	8.37664198E-03	-2.29711864E-04
-2.06985505E+01	-1.29576660E+01	8.37516647E-03	-2.42588986E-04
-2.13107233E+01	-7.79968887E+00	8.37369122E-03	-2.55462703E-04
-2.06490169E+01	-2.94422843E+00	8.37221622E-03	-2.68333076E-04
-1.88802454E+01	1.29752619E+00	8.37074147E-03	-2.81200168E-04
-1.62457214E+01	4.67666798E+00	8.36926695E-03	-2.94064041E-04
-1.30406915E+01	7.02381539E+00	8.36779266E-03	-3.06924756E-04
-9.58998791E+00	8.25996712E+00	8.36631860E-03	-3.19782376E-04
-6.22180912E+00	8.40020570E+00	8.36484476E-03	-3.32636963E-04
-3.24166790E+00	7.55005270E+00	8.36337113E-03	-3.45488577E-04
-9.08508412E-01	5.89483609E+00	8.36189769E-03	-3.58337282E-04
5.85181634E-01	3.68296887E+00	8.36042446E-03	-3.71183138E-04
1.12777199E+00	1.20449806E+00	8.35895141E-03	-3.84026208E-04
6.96338161E-01	-1.23336869E+00	8.35747855E-03	-3.96866553E-04
-6.42587634E-01	-3.33182555E+00	8.35600586E-03	-4.09704234E-04
-2.73935920E+00	-4.82512883E+00	8.35453334E-03	-4.22539313E-04
-5.37410286E+00	-5.50243950E+00	8.35306098E-03	-4.35371851E-04
-8.27509211E+00	-5.22517330E+00	8.35158877E-03	-4.48201910E-04
-1.11411480E+01	-3.93853766E+00	8.35011671E-03	-4.61029551E-04
-1.36662927E+01	-1.67639406E+00	8.34864479E-03	-4.73854835E-04
-1.55647326E+01	1.44089162E+00	8.34717301E-03	-4.86677824E-04
-1.65942267E+01	5.21541264E+00	8.34570135E-03	-4.99498578E-04
-1.65760388E+01	9.38676731E+00	8.34422981E-03	-5.12317160E-04
-1.54099448E+01	1.36520032E+01	8.34275838E-03	-5.25133629E-04
-1.30831536E+01	1.76888966E+01	8.34128706E-03	-5.37948048E-04
-9.67248063E+00	2.11807650E+01	8.33981583E-03	-5.50760476E-04
-5.33962745E+00	2.38409002E+01	8.33834470E-03	-5.63570976E-04
-3.19956910E-01	2.54347497E+01	8.33687365E-03	-5.76379608E-04
5.09435722E+00	2.57981626E+01	8.33540268E-03	-5.89186432E-04
1.05754985E+01	2.48503207E+01	8.33393178E-03	-6.01991511E-04
1.57838666E+01	2.26003977E+01	8.33246094E-03	-6.14794904E-04
2.03928070E+01	1.91474655E+01	8.33099016E-03	-6.27596673E-04
2.41123327E+01	1.46736925E+01	8.32951943E-03	-6.40396878E-04
2.67100574E+01	9.43138355E+00	8.32804875E-03	-6.53195581E-04
2.80277748E+01	3.72487353E+00	8.32657809E-03	-6.65992841E-04
2.79924707E+01	-2.11132271E+00	8.32510747E-03	-6.78788719E-04
2.66209814E+01	-7.73644036E+00	8.32363687E-03	-6.91583277E-04
2.40180001E+01	-1.28276556E+01	8.32216629E-03	-7.04376575E-04
2.03676449E+01	-1.71027260E+01	8.32069571E-03	-7.17168673E-04
1.59192790E+01	-2.03393942E+01	8.31922514E-03	-7.29959633E-04
1.09687134E+01	-2.23901369E+01	8.31775455E-03	-7.42749514E-04
5.83624708E+00	-2.31912064E+01	8.31628396E-03	-7.55538377E-04
8.43238290E-01	-2.27653516E+01	8.31481335E-03	-7.68326283E-04
-3.71101971E+00	-2.12181004E+01	8.31334271E-03	-7.81113292E-04
-7.57038023E+00	-1.87279625E+01	8.31187203E-03	-7.93899466E-04
-1.05393215E+01	-1.55313826E+01	8.31040132E-03	-8.06684863E-04
-1.24955572E+01	-1.19036499E+01	8.30893056E-03	-8.19469546E-04
-1.33968924E+01	-8.13727201E+00	8.30745974E-03	-8.32253573E-04
-1.32818982E+01	-4.51948998E+00	8.30598887E-03	-8.45037007E-04
-1.22644429E+01	-1.31065674E+00	8.30451792E-03	-8.57819907E-04
-1.05225968E+01	1.27488470E+00	8.30304690E-03	-8.70602333E-04
-8.28284261E+00	3.08400530E+00	8.30157580E-03	-8.83384346E-04
-5.80087416E+00	4.03496760E+00	8.30010461E-03	-8.96166007E-04
-3.34051193E+00	4.12187713E+00	8.29863332E-03	-9.08947376E-04
-1.15238183E+00	3.41314830E+00	8.29716194E-03	-9.21728513E-04
5.45989760E-01	2.04419246E+00	8.29569044E-03	-9.34509478E-04
1.58715259E+00	2.04976831E-01	8.29421882E-03	-9.47290333E-04
1.86650364E+00	-1.87651500E+00	8.29274708E-03	-9.60071137E-04
1.34992166E+00	-3.95358074E+00	8.29127521E-03	-9.72851951E-04
7.57383717E-02	-5.78132855E+00	8.28980320E-03	-9.85632836E-04
-1.84903975E+00	-7.13682506E+00	8.28833105E-03	-9.98413851E-04
-4.25789579E+00	-7.83730668E+00	8.28685875E-03	-1.01119506E-03
-6.93858745E+00	-7.75506040E+00	8.28538629E-03	-1.02397651E-03
-9.65043099E+00	-6.82785424E+00	8.28391366E-03	-1.03675828E-03
-1.21437143E+01	-5.06415535E+00	8.28244086E-03	-1.04954043E-03
-1.41797140E+01	-2.54277676E+00	8.28096788E-03	-1.06232300E-03
-1.55497658E+01	5.92965136E-01	8.27949471E-03	-1.07510607E-03
-1.60919253E+01	4.14608918E+00	8.27802135E-03	-1.08788969E-03
-1.57039547E+01	7.88090400E+00	8.27654779E-03	-1.10067392E-03
-1.43516729E+01	1.15408982E+01	8.27507403E-03	-1.11345883E-03
-1.20720616E+01	1.48681714E+01	8.27360004E-03	-1.12624448E-03
-8.97093675E+00	1.76229059E+01	8.27212584E-03	-1.13903092E-03
-5.21540787E+00	1.96013982E+01	8.27065141E-03	-1.15181821E-03
-1.02174159E+00	2.06512865E+01	8.26917674E-03	-1.16460642E-03
3.36040554E+00	2.06828485E+01	8.26770184E-03	-1.17739561E-03
7.66616152E+00	1.96755479E+01	8.26622668E-03	-1.19018584E-03
1.16346198E+01	1.76793833E+01	8.26475126E-03	-1.20297717E-03
1.50275751E+01	1.48109925E+01	8.26327558E-03	-1.21576965E-03
1.76464057E+01	1.12448612E+01	8.26179964E-03	-1.22856335E-03
1.93458571E+01	7.20035700E+00	8.26032341E-03	-1.24135833E-03
2.00437327E+01	2.92560943E+00	8.25884690E-03	-1.25415466E-03
1.97258150E+01	-1.32050975E+00	8.25737010E-03	-1.26695238E-03
1.84457208E+01	-5.28693342E+00	8.25589300E-03	-1.27975157E-03
1.63197693E+01	-8.74807353E+00	8.25441559E-03	-1.29255228E-03
1.35173306E+01	-1.15193139E+01	8.25293787E-03	-1.30535457E-03
1.02474461E+01	-1.34691972E+01	8.25145983E-03	-1.31815851E-03
6.74279026E+00	-1.45274442E+01	8.24998146E-03	-1.33096415E-03
3.24222239E+00	-1.46882836E+01	8.24850276E-03	-1.34377156E-03
-2.67343033E-02	-1.40089193E+01	8.24702372E-03	-1.35658080E-03
-2.86416526E+00	-1.26033493E+01	8.24554433E-03	-1.36939192E-03
-5.11158888E+00	-1.06320876E+01	8.24406459E-03	-1.38220499E-03
-6.66233245E+00	-8.28864699E+00	8.24258448E-03	-1.39502007E-03
-7.46774822E+00	-5.78387238E+00	8.24110401E-03	-1.40783723E-03
-7.53887839E+00	-3.32935467E+00	8.23962315E-03	-1.42065651E-03
-6.94353890E+00	-1.12120802E+00	8.23814192E-03	-1.43347799E-03
-5.79913744E+00	6.74564726E-01	8.23666029E-03	-1.44630172E-03
-4.26186117E+00	1.93402878E+00	8.23517826E-03	-1.45912777E-03
-2.51313929E+00	2.58374020E+00	8.23369583E-03	-1.47195619E-03
-7.44469742E-01	2.60505800E+00	8.23221299E-03	-1.48478706E-03
8.58185849E-01	2.03409739E+00	8.23072973E-03	-1.49762042E-03
2.12923411E+00	9.57415649E-01	8.22924604E-03	-1.51045634E-03
2.93637667E+00	-4.96157419E-01	8.22776191E-03	-1.52329488E-03
3.19067214E+00	-2.16683598E+00	8.22627735E-03	-1.53613611E-03
2.85300941E+00	-3.87741409E+00	8.22479234E-03	-1.54898009E-03
1.93655454E+00	-5.44793041E+00	8.22330687E-03	-1.56182687E-03
5.05056826E-01	-6.71031106E+00	8.22182094E-03	-1.57467652E-03
-1.33278900E+00	-7.52185809E+00	8.22033454E-03	-1.58752910E-03
-3.43241811E+00	-7.77655973E+00	8.21884766E-03	-1.60038467E-03
-5.62515603E+00	-7.41338737E+00	8.21736030E-03	-1.61324329E-03
-7.73171210E+00	-6.42098316E+00	8.21587244E-03	-1.62610503E-03
-9.57634003E+00	-4.83843836E+00	8.21438409E-03	-1.63896995E-03
-1.10005684E+01	-2.75215795E+00	8.21289523E-03	-1.65183811E-03
-1.18754501E+01	-2.89115174E-01	8.21140586E-03	-1.66470957E-03
-1.21114198E+01	2.39293447E+00	8.20991596E-03	-1.67758439E-03
-1.16650370E+01	5.11748628E+00	8.20842554E-03	-1.69046264E-03
-1.05421529E+01	7.70261222E+00	8.20693459E-03	-1.70334438E-03
-8.79731097E+00	9.97454975E+00	8.20544309E-03	-1.71622966E-03
-6.52948851E+00	1.17805134E+01	8.20395104E-03	-1.72911856E-03
-3.87456046E+00	1.29997755E+01	8.20245843E-03	-1.74201114E-03
-9.95106300E-01	1.35522049E+01	8.20096526E-03	-1.75490745E-03
1.93162181E+00	1.34036624E+01	8.19947151E-03	-1.76780757E-03
4.72663631E+00	1.25679054E+01	8.19797719E-03	-1.78071155E-03
7.22206404E+00	1.11049175E+01	8.19648228E-03	-1.79361945E-03
9.27294929E+00	9.11586078E+00	8.19498678E-03	-1.80653134E-03
1.07671446E+01	6.73509161E+00	8.19349067E-03	-1.81944728E-03
1.16325878E+01	4.11990062E+00	8.19199396E-03	-1.83236734E-03
1.18414780E+01	1.43879034E+00	8.19049662E-03	-1.84529158E-03
1.14111040E+01	-1.14079903E+00	8.18899867E-03	-1.85822005E-03
1.04013427E+01	-3.46438589E+00	8.18750008E-03	-1.87115283E-03
8.90909055E+00	-5.40108626E+00	8.18600086E-03	-1.88408998E-03
7.06012180E+00	-6.85222751E+00	8.18450098E-03	-1.89703156E-03
4.99904606E+00	-7.75734727E+00	8.18300046E-03	-1.90997763E-03
2.87816751E+00	-8.09719111E+00	8.18149927E-03	-1.92292826E-03
8.46111881E-01	-7.89356844E+00	8.17999741E-03	-1.93588351E-03
-9.62921552E-01	-7.20615981E+00	8.17849488E-03	-1.94884345E-03
-2.43848725E+00	-6.12660190E+00	8.17699167E-03	-1.96180814E-03
-3.50114213E+00	-4.77037373E+00	8.17548776E-03	-1.97477763E-03
-4.10712424E+00	-3.26715728E+00	8.17398315E-03	-1.98775201E-03
-4.25018491E+00	-1.75044993E+00	8.17247784E-03	-2.00073132E-03
-3.96051860E+00	-3.47233476E-01	8.17097181E-03	-2.01371565E-03
-3.30095650E+00	8.31513058E-01	8.16946506E-03	-2.02670504E-03
-2.36079802E+00	1.69876370E+00	8.16795758E-03	-2.03969956E-03
-1.24781673E+00	2.19729670E+00	8.16644936E-03	-2.05269928E-03
-7.91105491E-02	2.30306262E+00	8.16494040E-03	-2.06570427E-03
1.02847380E+00	2.02588784E+00	8.16343068E-03	-2.07871458E-03
1.96759269E+00	1.40753531E+00	8.16192021E-03	-2.09173029E-03
2.64863535E+00	5.17354158E-01	8.16040897E-03	-2.10475145E-03
3.00633021E+00	-5.54081460E-01	8.15889695E-03	-2.11777813E-03
3.00426564E+00	-1.70279266E+00	8.15738415E-03	-2.13081041E-03
2.63704178E+00	-2.82003439E+00	8.15587055E-03	-2.14384833E-03
1.92995223E+00	-3.80106370E+00	8.15435616E-03	-2.15689197E-03
9.36295209E-01	-4.55335898E+00	8.15284096E-03	-2.16994140E-03
-2.67415172E-01	-5.00367707E+00	8.15132495E-03	-2.18299667E-03
-1.58790811E+00	-5.10343556E+00	8.14980812E-03	-2.19605786E-03
-2.92274334E+00	-4.83205923E+00	8.14829045E-03	-2.20912504E-03
-4.16841510E+00	-4.19808785E+00	8.14677195E-03	-2.22219825E-03
-5.22833498E+00	-3.23802678E+00	8.14525260E-03	-2.23527758E-03
-6.02009183E+00	-2.01309109E+00	8.14373240E-03	-2.24836309E-03
-6.48145165E+00	-6.04150767E-01	8.14221133E-03	-2.26145484E-03
-6.57468115E+00	8.94684145E-01	8.14068940E-03	-2.27455290E-03
-6.28891320E+00	2.38331566E+00	8.13916659E-03	-2.28765735E-03
-5.64043365E+00	3.76316863E+00	8.13764289E-03	-2.30076823E-03
-4.67093171E+00	4.94438914E+00	8.13611830E-03	-2.31388563E-03
-3.44390548E+00	5.85219362E+00	8.13459281E-03	-2.32700960E-03
-2.03955521E+00	6.43191966E+00	8.13306641E-03	-2.34014022E-03
-5.48592071E-01	6.65244076E+00	8.13153909E-03	-2.35327756E-03
9.34533537E-01	6.50774152E+00	8.13001085E-03	-2.36642167E-03
2.31846063E+00	6.01660118E+00	8.12848167E-03	-2.37957263E-03
3.52129001E+00	5.22047133E+00	8.12695156E-03	-2.39273050E-03
4.47604082E+00	4.17977539E+00	8.12542049E-03	-2.40589536E-03
5.13482150E+00	2.96896070E+00	8.12388846E-03	-2.41906726E-03
5.47145024E+00	1.67072148E+00	8.12235547E-03	-2.43224628E-03
5.48239616E+00	3.69854316E-01	8.12082151E-03	-2.44543249E-03
5.18603547E+00	-8.52783657E-01	8.11928656E-03	-2.45862596E-03
4.62035211E+00	-1.92576671E+00	8.11775062E-03	-2.47182674E-03
3.83931945E+00	-2.79166281E+00	8.11621369E-03	-2.48503492E-03
2.90829027E+00	-3.41036463E+00	8.11467575E-03	-2.49825056E-03
1.89878518E+00	-3.76100260E+00	8.11313679E-03	-2.51147373E-03
8.83091608E-01	-3.84236214E+00	8.11159681E-03	-2.52470449E-03
-7.09113953E-02	-3.67184776E+00	8.11005580E-03	-2.53794292E-03
-9.04333055E-01	-3.28314477E+00	8.10851374E-03	-2.55118909E-03
-1.57094090E+00	-2.72281678E+00	8.10697064E-03	-2.56444306E-03
-2.03969710E+00	-2.04615296E+00	8.10542649E-03	-2.57770491E-03
-2.29603220E+00	-1.31261124E+00	8.10388126E-03	-2.59097471E-03
-2.34182888E+00	-5.81225245E-01	8.10233497E-03	-2.60425252E-03
-2.19419290E+00	9.36817480E-02	8.10078759E-03	-2.61753841E-03
-1.88316943E+00	6.66169766E-01	8.09923912E-03	-2.63083246E-03
-1.44864314E+00	1.10150144E+00	8.09768956E-03	-2.64413474E-03
-9.36701234E-01	1.37794843E+00	8.09613888E-03	-2.65744531E-03
-3.95769810E-01	1.48750724E+00	8.09458710E-03	-2.67076425E-03
1.27170668E-01	1.43554294E+00	8.09303418E-03	-2.68409162E-03
5.90009916E-01	1.23945225E+00	8.09148014E-03	-2.69742751E-03
9.58333277E-01	9.26514912E-01	8.08992495E-03	-2.71077197E-03
1.20747706E+00	5.31148866E-01	8.08836861E-03	-2.72412509E-03
1.32370545E+00	9.18189374E-02	8.08681112E-03	-2.73748693E-03
1.30448442E+00	-3.52139855E-01	8.08525246E-03	-2.75085757E-03
1.15789294E+00	-7.63539246E-01	8.08369262E-03	-2.76423707E-03
9.01280540E-01	-1.10997239E+00	8.08213160E-03	-2.77762552E-03
5.59330049E-01	-1.36589807E+00	8.08056938E-03	-2.79102297E-03
1.61716589E-01	-1.51405375E+00	8.07900596E-03	-2.80442951E-03
-2.59423542E-01	-1.54614488E+00	8.07744133E-03	-2.81784520E-03
-6.72010105E-01	-1.46281552E+00	8.07587548E-03	-2.83127013E-03
-1.04632756E+00	-1.27296136E+00	8.07430841E-03	-2.84470435E-03
-1.35697091E+00	-9.92496717E-01	8.07274009E-03	-2.85814796E-03
-1.58431124E+00	-6.42713961E-01	8.07117053E-03	-2.87160101E-03
-1.71541484E+00	-2.48402104E-01	8.06959972E-03	-2.88506359E-03
-1.74440053E+00	1.64113821E-01	8.06802764E-03	-2.89853576E-03
-1.67226229E+00	5.68853403E-01	8.06645429E-03	-2.91201760E-03
-1.50623133E+00	9.41849656E-01	8.06487965E-03	-2.92550919E-03
-1.25877316E+00	1.26250462E+00	8.06330373E-03	-2.93901060E-03
-9.46341812E-01	1.51456509E+00	8.06172650E-03	-2.95252190E-03
-5.88012786E-01	1.68669683E+00	8.06014797E-03	-2.96604317E-03
-2.04113974E-01	1.77266439E+00	8.05856812E-03	-2.97957448E-03
1.85042117E-01	1.77116420E+00	8.05698694E-03	-2.99311592E-03
5.60248807E-01	1.68537447E+00	8.05540442E-03	-3.00666755E-03
9.04263761E-01	1.52230524E+00	8.05382056E-03	-3.02022945E-03
1.20241886E+00	1.29203422E+00	8.05223535E-03	-3.03380169E-03
1.44298361E+00	1.00690746E+00	8.05064877E-03	-3.04738436E-03
1.61731420E+00	6.80776026E-01	8.04906082E-03	-3.06097752E-03
1.71983242E+00	3.28313722E-01	8.04747148E-03	-3.07458126E-03
1.74788736E+00	-3.55520371E-02	8.04588076E-03	-3.08819566E-03
1.70155643E+00	-3.96094163E-01	8.04428863E-03	-3.10182078E-03
1.58342863E+00	-7.39135663E-01	8.04269509E-03	-3.11545671E-03
1.39840830E+00	-1.05132416E+00	8.04110013E-03	-3.12910352E-03
1.15355164E+00	-1.32036878E+00	8.03950375E-03	-3.14276129E-03
8.57938061E-01	-1.53527435E+00	8.03790592E-03	-3.15643010E-03
5.22555758E-01	-1.68660868E+00	8.03630665E-03	-3.17011003E-03
1.60169506E-01	-1.76681840E+00	8.03470592E-03	-3.18380115E-03
-2.14867423E-01	-1.77060091E+00	8.03310372E-03	-3.19750355E-03
-5.86901598E-01	-1.69531417E+00	8.03150004E-03	-3.21121730E-03
-9.39398525E-01	-1.54139196E+00	8.02989488E-03	-3.22494248E-03
-1.25551857E+00	-1.31271602E+00	8.02828822E-03	-3.23867917E-03
-1.51884877E+00	-1.01688311E+00	8.02668006E-03	-3.25242745E-03
-1.71427353E+00	-6.65307886E-01	8.02507038E-03	-3.26618740E-03
-1.82894036E+00	-2.73099070E-01	8.02345918E-03	-3.27995911E-03
-1.85325473E+00	1.41331785E-01	8.02184644E-03	-3.29374264E-03
-1.78182470E+00	5.56956652E-01	8.02023215E-03	-3.30753809E-03
-1.61425897E+00	9.51108448E-01	8.01861631E-03	-3.32134552E-03
-1.35572875E+00	1.30071723E+00	8.01699891E-03	-3.33516503E-03
-1.01720395E+00	1.58374413E+00	8.01537993E-03	-3.34899670E-03
-6.15299316E-01	1.78071871E+00	8.01375937E-03	-3.36284060E-03
-1.71689405E-01	1.87627115E+00	8.01213721E-03	-3.37669681E-03
2.87914247E-01	1.86052809E+00	8.01051345E-03	-3.39056543E-03
7.35188481E-01	1.73024652E+00	8.00888807E-03	-3.40444653E-03
1.14095835E+00	1.48956282E+00	8.00726107E-03	-3.41834019E-03
1.47717881E+00	1.15025809E+00	8.00563244E-03	-3.43224650E-03
1.71900432E+00	7.31473408E-01	8.00400216E-03	-3.44616554E-03
1.84678503E+00	2.58845506E-01	8.00237022E-03	-3.46009739E-03
1.84782540E+00	-2.36913487E-01	8.00073662E-03	-3.47404215E-03
1.71774580E+00	-7.21928165E-01	7.99910135E-03	-3.48799988E-03
1.46130611E+00	-1.16144529E+00	7.99746439E-03	-3.50197068E-03
1.09259005E+00	-1.52234097E+00	7.99582573E-03	-3.51595463E-03
6.34486413E-01	-1.77566454E+00	7.99418536E-03	-3.52995181E-03
1.17466100E-01	-1.89901917E+00	7.99254328E-03	-3.54396231E-03
-4.22296984E-01	-1.87858222E+00	7.99089947E-03	-3.55798622E-03
-9.45349954E-01	-1.71057953E+00	7.98925393E-03	-3.57202362E-03
-1.41177060E+00	-1.40206913E+00	7.98760663E-03	-3.58607460E-03
-1.78416341E+00	-9.70928969E-01	7.98595758E-03	-3.60013924E-03
-2.03061216E+00	-4.45009786E-01	7.98430675E-03	-3.61421763E-03
-2.12735736E+00	1.39525644E-01	7.98265415E-03	-3.62830986E-03
-2.06096880E+00	7.40586803E-01	7.98099975E-03	-3.64241601E-03
-1.82982073E+00	1.31310847E+00	7.97934356E-03	-3.65653618E-03
-1.44471764E+00	1.81236970E+00	7.97768555E-03	-3.67067044E-03
-9.28583525E-01	2.19742946E+00	7.97602571E-03	-3.68481889E-03
-3.15198194E-01	2.43441752E+00	7.97436405E-03	-3.69898161E-03
3.52963078E-01	2.49941161E+00	7.97270054E-03	-3.71315870E-03
1.02765037E+00	2.38065904E+00	7.97103517E-03	-3.72735025E-03
1.65832567E+00	2.07994096E+00	7.96936793E-03	-3.74155633E-03
2.19595918E+00	1.61293660E+00	7.96769882E-03	-3.75577705E-03
2.59685206E+00	1.00852328E+00	7.96602782E-03	-3.77001249E-03
2.82618442E+00	3.07023163E-01	7.96435492E-03	-3.78426274E-03
2.86099976E+00	-4.42499770E-01	7.96268010E-03	-3.79852790E-03
2.69237314E+00	-1.18571807E+00	7.96100337E-03	-3.81280805E-03
2.32656113E+00	-1.86704596E+00	7.95932470E-03	-3.82710329E-03
1.78501277E+00	-2.43387592E+00	7.95764408E-03	-3.84141370E-03
1.10319835E+00	-2.84072305E+00	7.95596151E-03	-3.85573938E-03
3.28313101E-01	-3.05294681E+00	7.95427698E-03	-3.87008043E-03
-4.84002491E-01	-3.04974868E+00	7.95259046E-03	-3.88443692E-03
-1.27369885E+00	-2.82618438E+00	7.95090195E-03	-3.89880897E-03
-1.98081569E+00	-2.39400693E+00	7.94921144E-03	-3.91319666E-03
-2.55010734E+00	-1.78123706E+00	7.94751892E-03	-3.92760008E-03
-2.93543312E+00	-1.03045884E+00	7.94582437E-03	-3.94201933E-03
-3.10356721E+00	-1.95937905E-01	7.94412778E-03	-3.95645450E-03
-3.03711067E+00	6.60247581E-01	7.94242915E-03	-3.97090569E-03
-2.73625638E+00	1.47278486E+00	7.94072846E-03	-3.98537299E-03
-2.21923793E+00	2.17807939E+00	7.93902569E-03	-3.99985650E-03
-1.52139194E+00	2.71920236E+00	7.93732084E-03	-4.01435631E-03
-6.92874119E-01	3.05045094E+00	7.93561389E-03	-4.02887253E-03
2.04830894E-01	3.14115471E+00	7.93390484E-03	-4.04340524E-03
1.10335995E+00	2.97841412E+00	7.93219367E-03	-4.05795455E-03
1.93256334E+00	2.56853415E+00	7.93048036E-03	-4.07252055E-03
2.62585528E+00	1.93700797E+00	7.92876491E-03	-4.08710333E-03
3.12541523E+00	1.12702253E+00	7.92704731E-03	-4.10170301E-03
3.38683388E+00	1.96564449E-01	7.92532754E-03	-4.11631967E-03
3.38282978E+00	-7.85677074E-01	7.92360558E-03	-4.13095341E-03
3.10573225E+00	-1.74532128E+00	7.92188144E-03	-4.14560434E-03
2.56850867E+00	-2.60785183E+00	7.92015509E-03	-4.16027256E-03
1.80423092E+00	-3.30429851E+00	7.91842652E-03	-4.17495815E-03
8.63988076E-01	-3.77661087E+00	7.91669572E-03	-4.18966124E-03
-1.86622070E-01	-3.98229962E+00	7.91496268E-03	-4.20438191E-03
-1.27217862E+00	-3.89797805E+00	7.91322739E-03	-4.21912026E-03
-2.31296246E+00	-3.52150683E+00	7.91148982E-03	-4.23387640E-03
-3.23090663E+00	-2.87255499E+00	7.90974998E-03	-4.24865044E-03
-3.95552526E+00	-1.99150570E+00	7.90800785E-03	-4.26344247E-03
-4.42936063E+00	-9.36763048E-01	7.90626341E-03	-4.27825259E-03
-4.61252510E+00	2.19356415E-01	7.90451665E-03	-4.29308092E-03
-4.48597263E+00	1.39585677E+00	7.90276755E-03	-4.30792754E-03
-4.05323017E+00	2.50903106E+00	7.90101612E-03	-4.32279258E-03
-3.34043471E+00	3.47872079E+00	7.89926233E-03	-4.33767613E-03
-2.39464725E+00	4.23438649E+00	7.89750616E-03	-4.35257830E-03
-1.28055351E+00	4.72052232E+00	7.89574762E-03	-4.36749919E-03
-7.57803930E-02	4.90098991E+00	7.89398668E-03	-4.38243891E-03
1.13482573E+00	4.76192345E+00	7.89222332E-03	-4.39739756E-03
2.26553383E+00	4.31296824E+00	7.89045755E-03	-4.41237526E-03
3.23619506E+00	3.58673447E+00	7.88868934E-03	-4.42737211E-03
3.97834461E+00	2.63649206E+00	7.88691867E-03	-4.44238822E-03
4.44046707E+00	1.53226155E+00	7.88514555E-03	-4.45742370E-03
4.59200731E+00	3.55587727E-01	7.88336995E-03	-4.47247865E-03
4.42580868E+00	-8.06615210E-01	7.88159185E-03	-4.48755318E-03
3.95877106E+00	-1.86868223E+00	7.87981126E-03	-4.50264741E-03
3.23066358E+00	-2.75277064E+00	7.87802814E-03	-4.51776145E-03
2.30116469E+00	-3.39488307E+00	7.87624250E-03	-4.53289540E-03
1.24534206E+00	-3.74986541E+00	7.87445431E-03	-4.54804937E-03
1.47909276E-01	-3.79498727E+00	7.87266356E-03	-4.56322349E-03
-9.03309815E-01	-3.53181234E+00	7.87087023E-03	-4.57841785E-03
-1.82420628E+00	-2.98619951E+00	7.86907432E-03	-4.59363258E-03
-2.54097829E+00	-2.20641873E+00	7.86727581E-03	-4.60886779E-03
-2.99597384E+00	-1.25950881E+00	7.86547468E-03	-4.62412358E-03
-3.15232653E+00	-2.26147264E-01	7.86367092E-03	-4.63940008E-03
-2.99701345E+00	8.05586914E-01	7.86186452E-03	-4.65469739E-03
-2.54208303E+00	1.74707993E+00	7.86005546E-03	-4.67001564E-03
-1.82394376E+00	2.51615535E+00	7.85824373E-03	-4.68535494E-03
-9.00748041E-01	3.04361048E+00	7.85642931E-03	-4.70071541E-03
1.51939252E-01	3.27880640E+00	7.85461219E-03	-4.71609715E-03
1.24687088E+00	3.19387182E+00	7.85279235E-03	-4.73150030E-03
2.29181249E+00	2.78617960E+00	7.85096978E-03	-4.74692496E-03
3.19669454E+00	2.07889289E+00	7.84914446E-03	-4.76237126E-03
3.88067295E+00	1.11951738E+00	7.84731638E-03	-4.77783931E-03
4.27854999E+00	-2.34427439E-02	7.84548553E-03	-4.79332924E-03
4.34605786E+00	-1.26548578E+00	7.84365189E-03	-4.80884116E-03
4.06358426E+00	-2.51239876E+00	7.84181544E-03	-4.82437520E-03
3.43804369E+00	-3.66735459E+00	7.83997617E-03	-4.83993146E-03
2.50273285E+00	-4.63828388E+00	7.83813406E-03	-4.85551009E-03
1.31516669E+00	-5.34495379E+00	7.83628910E-03	-4.87111120E-03
-4.69539897E-02	-5.72521296E+00	7.83444128E-03	-4.88673490E-03
-1.49134990E+00	-5.73991462E+00	7.83259057E-03	-4.90238133E-03
-2.91792439E+00	-5.37613463E+00	7.83073697E-03	-4.91805061E-03
-4.22617292E+00	-4.64842656E+00	7.82888045E-03	-4.93374287E-03
-5.32267542E+00	-3.59800550E+00	7.82702100E-03	-4.94945822E-03
-6.12810375E+00	-2.28991353E+00	7.82515861E-03	-4.96519679E-03
-6.58320586E+00	-8.08368963E-01	7.82329326E-03	-4.98095872E-03
-6.65330651E+00	7.49350649E-01	7.82142493E-03	-4.99674412E-03
-6.33097705E+00	2.28003619E+00	7.81955361E-03	-5.01255313E-03
-5.63666191E+00	3.68214356E+00	7.81767928E-03	-5.02838587E-03
-4.61721114E+00	4.86328409E+00	7.81580193E-03	-5.04424247E-03
-3.34242149E+00	5.74703874E+00	7.81392154E-03	-5.06012306E-03
-1.89984832E+00	6.27857416E+00	7.81203809E-03	-5.07602776E-03
-3.88278347E-01	6.42863396E+00	7.81015156E-03	-5.09195672E-03
1.08964029E+00	6.19559550E+00	7.80826195E-03	-5.10791006E-03
2.43504854E+00	5.60543748E+00	7.80636922E-03	-5.12388792E-03
3.56022593E+00	4.70961710E+00	7.80447338E-03	-5.13989042E-03
4.39507434E+00	3.58102060E+00	7.80257439E-03	-5.15591770E-03
4.89224410E+00	2.30829729E+00	7.80067225E-03	-5.17196989E-03
5.03050707E+00	9.89010534E-01	7.79876694E-03	-5.18804714E-03
4.81612224E+00	-2.77865625E-01	7.79685844E-03	-5.20414955E-03
4.28208942E+00	-1.39953103E+00	7.79494673E-03	-5.22027729E-03
3.48535040E+00	-2.29643824E+00	7.79303179E-03	-5.23643049E-03
2.50215710E+00	-2.90832454E+00	7.79111361E-03	-5.25260927E-03
1.42196268E+00	-3.19873114E+00	7.78919218E-03	-5.26881378E-03
3.40312252E-01	-3.15766314E+00	7.78726747E-03	-5.28504416E-03
-6.48720305E-01	-2.80218740E+00	7.78533946E-03	-5.30130055E-03
-1.45996115E+00	-2.17492127E+00	7.78340814E-03	-5.31758308E-03
-2.02385782E+00	-1.34053395E+00	7.78147350E-03	-5.33389189E-03
-2.29197259E+00	-3.80528369E-01	7.77953550E-03	-5.35022714E-03
-2.24082094E+00	6.13288265E-01	7.77759414E-03	-5.36658895E-03
-1.87376019E+00	1.54614182E+00	7.77564940E-03	-5.38297748E-03
-1.22077780E+00	2.32786686E+00	7.77370126E-03	-5.39939285E-03
-3.36197933E-01	2.88013301E+00	7.77174970E-03	-5.41583523E-03
7.05520721E-01	3.14276402E+00	7.76979470E-03	-5.43230476E-03
1.81557056E+00	3.07865598E+00	7.76783625E-03	-5.44880157E-03
2.89771914E+00	2.67691627E+00	7.76587432E-03	-5.46532582E-03
3.85583913E+00	1.95397445E+00	7.76390890E-03	-5.48187765E-03
4.60146148E+00	9.52579137E-01	7.76193996E-03	-5.49845721E-03
5.06077293E+00	-2.61246934E-01	7.75996750E-03	-5.51506465E-03
5.18051472E+00	-1.60306237E+00	7.75799149E-03	-5.53170012E-03
4.93233086E+00	-2.97630153E+00	7.75601191E-03	-5.54836376E-03
4.31522755E+00	-4.27952995E+00	7.75402875E-03	-5.56505574E-03
3.35595418E+00	-5.41410274E+00	7.75204198E-03	-5.58177619E-03
2.10727468E+00	-6.29164491E+00	7.75005158E-03	-5.59852528E-03
6.44257688E-01	-6.84077929E+00	7.74805754E-03	-5.61530316E-03
-9.41129973E-01	-7.01259128E+00	7.74605984E-03	-5.63210997E-03
-2.54671899E+00	-6.78441399E+00	7.74405845E-03	-5.64894588E-03
-4.06760996E+00	-6.16164595E+00	7.74205336E-03	-5.66581104E-03
-5.40385796E+00	-5.17746736E+00	7.74004455E-03	-5.68270561E-03
-6.46778513E+00	-3.89047595E+00	7.73803199E-03	-5.69962974E-03
-7.19036858E+00	-2.38042894E+00	7.73601567E-03	-5.71658360E-03
-7.52622434E+00	-7.42414566E-01	7.73399557E-03	-5.73356733E-03
-7.45681202E+00	9.20099078E-01	7.73197166E-03	-5.75058111E-03
-6.99162815E+00	2.50280936E+00	7.72994394E-03	-5.76762509E-03
-6.16730305E+00	3.90814644E+00	7.72791236E-03	-5.78469943E-03
-5.04468288E+00	5.05228849E+00	7.72587693E-03	-5.80180430E-03
-3.70412647E+00	5.87110048E+00	7.72383760E-03	-5.81893986E-03
-2.23938442E+00	6.32454991E+00	7.72179438E-03	-5.83610627E-03
-7.50534154E-01	6.39927879E+00	7.71974722E-03	-5.85330370E-03
6.63488867E-01	6.10914692E+00	7.71769612E-03	-5.87053231E-03
1.91219047E+00	5.49372210E+00	7.71564105E-03	-5.88779227E-03
2.92009756E+00	4.61484829E+00	7.71358199E-03	-5.90508375E-03
3.63211985E+00	3.55156723E+00	7.71151891E-03	-5.92240692E-03
4.01729713E+00	2.39379784E+00	7.70945181E-03	-5.93976195E-03
4.07065868E+00	1.23526368E+00	7.70738064E-03	-5.95714900E-03
3.81306840E+00	1.66220184E-01	7.70530541E-03	-5.97456825E-03
3.28908725E+00	-7.33461508E-01	7.70322607E-03	-5.99201987E-03
2.56303164E+00	-1.40032392E+00	7.70114261E-03	-6.00950404E-03
1.71355056E+00	-1.79200960E+00	7.69905501E-03	-6.02702092E-03
8.27148689E-01	-1.89025562E+00	7.69696325E-03	-6.04457070E-03
-8.83282558E-03	-1.70197662E+00	7.69486730E-03	-6.06215355E-03
-7.13232085E-01	-1.25837112E+00	7.69276714E-03	-6.07976965E-03
-1.21753584E+00	-6.12131996E-01	7.69066275E-03	-6.09741917E-03
-1.47130362E+00	1.67005701E-01	7.68855410E-03	-6.11510229E-03
-1.44613630E+00	9.98025192E-01	7.68644117E-03	-6.13281920E-03
-1.13788740E+00	1.79524058E+00	7.68432395E-03	-6.15057008E-03
-5.66959939E-01	2.47524315E+00	7.68220239E-03	-6.16835511E-03
2.23325920E-01	2.96364308E+00	7.68007650E-03	-6.18617446E-03
1.17015607E+00	3.20108258E+00	7.67794623E-03	-6.20402833E-03
2.19616282E+00	3.14806232E+00	7.67581156E-03	-6.22191690E-03
3.21549474E+00	2.78821044E+00	7.67367248E-03	-6.23984036E-03
4.14053997E+00	2.12975150E+00	7.67152896E-03	-6.25779890E-03
4.88878576E+00	1.20506846E+00	7.66938097E-03	-6.27579269E-03
5.38928236E+00	6.83994389E-02	7.66722849E-03	-6.29382194E-03
5.58822032E+00	-1.20814499E+00	7.66507149E-03	-6.31188684E-03
5.45319541E+00	-2.53993442E+00	7.66290996E-03	-6.32998757E-03
4.97584178E+00	-3.83612305E+00	7.66074386E-03	-6.34812432E-03
4.17264065E+00	-5.00642427E+00	7.65857317E-03	-6.36629730E-03
3.08384960E+00	-5.96783496E+00	7.65639788E-03	-6.38450670E-03
1.77064655E+00	-6.65080095E+00	7.65421794E-03	-6.40275271E-03
3.10711212E-01	-7.00435922E+00	7.65203334E-03	-6.42103553E-03
-1.20740891E+00	-6.99987314E+00	7.64984405E-03	-6.43935536E-03
-2.69071712E+00	-6.63309044E+00	7.64765005E-03	-6.45771240E-03
-4.04847989E+00	-5.92437777E+00	7.64545130E-03	-6.47610685E-03
-5.19872496E+00	-4.91713203E+00	7.64324780E-03	-6.49453891E-03
-6.07404016E+00	-3.67450083E+00	7.64103950E-03	-6.51300879E-03
-6.62624070E+00	-2.27467631E+00	7.63882638E-03	-6.53151669E-03
-6.82956921E+00	-8.05129499E-01	7.63660842E-03	-6.55006281E-03
-6.68220081E+00	6.43770812E-01	7.63438558E-03	-6.56864736E-03
-6.20596234E+00	1.98526636E+00	7.63215786E-03	-6.58727056E-03
-5.44430734E+00	3.14235710E+00	7.62992520E-03	-6.60593260E-03
-4.45872183E+00	4.05312717E+00	7.62768760E-03	-6.62463371E-03
-3.32385418E+00	4.67486269E+00	7.62544502E-03	-6.64337408E-03
-2.12175187E+00	4.98666562E+00	7.62319743E-03	-6.66215394E-03
-9.35656837E-01	4.99038987E+00	7.62094482E-03	-6.68097350E-03
1.56168067E-01	4.70985468E+00	7.61868714E-03	-6.69983298E-03
1.08611108E+00	4.18842038E+00	7.61642437E-03	-6.71873259E-03
1.80196120E+00	3.48513955E+00	7.61415649E-03	-6.73767255E-03
2.27038849E+00	2.66979664E+00	7.61188347E-03	-6.75665308E-03
2.47890950E+00	1.81723595E+00	7.60960527E-03	-6.77567439E-03
2.43621485E+00	1.00142101E+00	7.60732187E-03	-6.79473673E-03
2.17085795E+00	2.89686592E-01	7.60503324E-03	-6.81384030E-03
1.72843616E+00	-2.62378479E-01	7.60273936E-03	-6.83298533E-03
1.16750273E+00	-6.15035405E-01	7.60044019E-03	-6.85217205E-03
5.54547639E-01	-7.47183858E-01	7.59813570E-03	-6.87140068E-03
-4.15514276E-02	-6.57643415E-01	7.59582586E-03	-6.89067146E-03
-5.55170959E-01	-3.64848788E-01	7.59351066E-03	-6.90998461E-03
-9.29236485E-01	9.49908290E-02	7.59119004E-03	-6.92934038E-03
-1.11976799E+00	6.71105239E-01	7.58886399E-03	-6.94873898E-03
-1.09933081E+00	1.30248062E+00	7.58653248E-03	-6.96818066E-03
-8.59142599E-01	1.92293026E+00	7.58419547E-03	-6.98766565E-03
-4.09688102E-01	2.46651815E+00	7.58185293E-03	-7.00719419E-03
2.20185653E-01	2.87290774E+00	7.57950484E-03	-7.02676652E-03
9.85605334E-01	3.09222663E+00	7.57715116E-03	-7.04638288E-03
1.82924249E+00	3.08907364E+00	7.57479187E-03	-7.06604351E-03
2.68582779E+00	2.84537146E+00	7.57242692E-03	-7.08574866E-03
3.48725347E+00	2.36185699E+00	7.57005629E-03	-7.10549857E-03
4.16786203E+00	1.65810951E+00	7.56767995E-03	-7.12529349E-03
4.66951659E+00	7.71132336E-01	7.56529786E-03	-7.14513366E-03
4.94606568E+00	-2.47390573E-01	7.56290999E-03	-7.16501934E-03
4.96686912E+00	-1.33493562E+00	7.56051632E-03	-7.18495078E-03
4.71912829E+00	-2.42277681E+00	7.55811680E-03	-7.20492823E-03
4.20885562E+00	-3.44105544E+00	7.55571141E-03	-7.22495194E-03
3.46042958E+00	-4.32389461E+00	7.55330011E-03	-7.24502218E-03
2.51478314E+00	-5.01417182E+00	7.55088286E-03	-7.26513920E-03
1.42638325E+00	-5.46759319E+00	7.54845965E-03	-7.28530326E-03
2.59243106E-01	-5.65577536E+00	7.54603042E-03	-7.30551462E-03
-9.17718573E-01	-5.56811498E+00	7.54359515E-03	-7.32577354E-03
-2.03561319E+00	-5.21232786E+00	7.54115381E-03	-7.34608030E-03
-3.03044054E+00	-4.61363635E+00	7.53870635E-03	-7.36643515E-03
-3.84750538E+00	-3.81269038E+00	7.53625275E-03	-7.38683836E-03
-4.44507364E+00	-2.86240006E+00	7.53379297E-03	-7.40729021E-03
-4.79700682E+00	-1.82393560E+00	7.53132698E-03	-7.42779097E-03
-4.89420059E+00	-7.62212004E-01	7.52885473E-03	-7.44834090E-03
-4.74474382E+00	2.58796831E-01	7.52637620E-03	-7.46894029E-03
-4.37281362E+00	1.18055745E+00	7.52389134E-03	-7.48958941E-03
-3.81641916E+00	1.95396037E+00	7.52140013E-03	-7.51028854E-03
-3.12418730E+00	2.54249948E+00	7.51890253E-03	-7.53103797E-03
-2.35145756E+00	2.92442883E+00	7.51639849E-03	-7.55183796E-03
-1.55599381E+00	3.09376091E+00	7.51388798E-03	-7.57268882E-03
-7.93648078E-01	3.06005873E+00	7.51137098E-03	-7.59359082E-03
-1.14303428E-01	2.84707154E+00	7.50884743E-03	-7.61454425E-03
4.41603994E-01	2.49034496E+00	7.50631730E-03	-7.63554940E-03
8.45734479E-01	2.03401755E+00	7.50378055E-03	-7.65660657E-03
1.08348893E+00	1.52706715E+00	7.50123715E-03	-7.67771605E-03
1.15454683E+00	1.01930976E+00	7.49868705E-03	-7.69887814E-03
1.07229043E+00	5.57463804E-01	7.49613023E-03	-7.72009313E-03
8.62187050E-01	1.81578295E-01	7.49356663E-03	-7.74136132E-03
5.59284192E-01	-7.79081295E-02	7.49099623E-03	-7.76268301E-03
2.05033687E-01	-2.02270997E-01	7.48841897E-03	-7.78405852E-03
-1.56292786E-01	-1.85623674E-01	7.48583483E-03	-7.80548814E-03
-4.81307181E-01	-3.50026147E-02	7.48324375E-03	-7.82697218E-03
-7.31040773E-01	2.30566964E-01	7.48064571E-03	-7.84851096E-03
-8.74039402E-01	5.81926328E-01	7.47804066E-03	-7.87010478E-03
-8.88792562E-01	9.82391511E-01	7.47542856E-03	-7.89175396E-03
-7.65322202E-01	1.39089632E+00	7.47280937E-03	-7.91345882E-03
-5.05829584E-01	1.76541076E+00	7.47018304E-03	-7.93521968E-03
-1.24372578E-01	2.06636696E+00	7.46754955E-03	-7.95703685E-03
3.54380639E-01	2.25982480E+00	7.46490883E-03	-7.97891067E-03
8.97201534E-01	2.32014058E+00	7.46226086E-03	-8.00084145E-03
1.46498175E+00	2.23194381E+00	7.45960558E-03	-8.02282952E-03
2.01582075E+00	1.99128490E+00	7.45694297E-03	-8.04487522E-03
2.50827710E+00	1.60588633E+00	7.45427296E-03	-8.06697887E-03
2.90452938E+00	1.09449547E+00	7.45159553E-03	-8.08914081E-03
3.17320800E+00	4.85412108E-01	7.44891062E-03	-8.11136138E-03
3.29169102E+00	-1.85681269E-01	7.44621820E-03	-8.13364091E-03
3.24770058E+00	-8.78403339E-01	7.44351821E-03	-8.15597975E-03
3.04009879E+00	-1.55065777E+00	7.44081061E-03	-8.17837825E-03
2.67883998E+00	-2.16168509E+00	7.43809536E-03	-8.20083674E-03
2.18410712E+00	-2.67495003E+00	7.43537242E-03	-8.22335558E-03
1.58471673E+00	-3.06065516E+00	7.43264173E-03	-8.24593512E-03
9.15932013E-01	-3.29769998E+00	7.42990325E-03	-8.26857571E-03
2.16864796E-01	-3.37495860E+00	7.42715693E-03	-8.29127770E-03
-4.72330515E-01	-3.29179846E+00	7.42440274E-03	-8.31404147E-03
-1.11325350E+00	-3.05782656E+00	7.42164061E-03	-8.33686736E-03
-1.67184105E+00	-2.69190645E+00	7.41887051E-03	-8.35975575E-03
-2.12055051E+00	-2.22054201E+00	7.41609238E-03	-8.38270700E-03
-2.43999717E+00	-1.67577172E+00	7.41330618E-03	-8.40572147E-03
-2.61994385E+00	-1.09274384E+00	7.41051185E-03	-8.42879955E-03
-2.65959326E+00	-5.07167010E-01	7.40770936E-03	-8.45194160E-03
-2.56719051E+00	4.71731610E-02	7.40489865E-03	-8.47514800E-03
-2.35899039E+00	5.40648269E-01	7.40207967E-03	-8.49841913E-03
-2.05769585E+00	9.49617581E-01	7.39925237E-03	-8.52175538E-03
-1.69050341E+00	1.25773705E+00	7.39641670E-03	-8.54515713E-03
-1.28692111E+00	1.45667091E+00	7.39357261E-03	-8.56862477E-03
-8.76530743E-01	1.54618299E+00	7.39072005E-03	-8.59215869E-03
-4.86864517E-01	1.53362746E+00	7.38785897E-03	-8.61575928E-03
-1.41550878E-01	1.43290892E+00	7.38498931E-03	-8.63942694E-03
1.41146592E-01	1.26301464E+00	7.38211103E-03	-8.66316207E-03
3.49304092E-01	1.04625220E+00	7.37922406E-03	-8.68696508E-03
4.77780668E-01	8.06341510E-01	7.37632837E-03	-8.71083636E-03
5.28121123E-01	5.66512326E-01	7.37342389E-03	-8.73477633E-03
5.07956609E-01	3.47754360E-01	7.37051057E-03	-8.75878540E-03
4.29975325E-01	1.67342744E-01	7.36758835E-03	-8.78286398E-03
3.10564889E-01	3.77399028E-02	7.36465719E-03	-8.80701249E-03
1.68250867E-01	-3.40644527E-02	7.36171703E-03	-8.83123136E-03
2.20606398E-02	-4.67471121E-02	7.35876780E-03	-8.85552100E-03
-1.10053472E-01	-4.38974003E-03	7.35580946E-03	-8.87988185E-03
-2.12615296E-01	8.41912702E-02	7.35284195E-03	-8.90431433E-03
-2.73748819E-01	2.06450721E-01	7.34986521E-03	-8.92881888E-03
-2.85953757E-01	3.47356138E-01	7.34687919E-03	-8.95339593E-03
-2.46492076E-01	4.90757561E-01	7.34388382E-03	-8.97804592E-03
-1.57375593E-01	6.20768701E-01	7.34087905E-03	-9.00276931E-03
-2.49807860E-02	7.23052325E-01	7.33786482E-03	-9.02756653E-03
1.40660657E-01	7.85914371E-01	7.33484107E-03	-9.05243804E-03
3.26818509E-01	8.01131466E-01	7.33180775E-03	-9.07738428E-03
5.19181008E-01	7.64464790E-01	7.32876478E-03	-9.10240572E-03
7.03034453E-01	6.75836168E-01	7.32571212E-03	-9.12750282E-03
8.64409972E-01	5.39176036E-01	7.32264969E-03	-9.15267604E-03
9.91111893E-01	3.61972618E-01	7.31957745E-03	-9.17792585E-03
1.07355362E+00	1.54577831E-01	7.31649532E-03	-9.20325272E-03
1.10535205E+00	-7.06617189E-02	7.31340325E-03	-9.22865712E-03
1.08364833E+00	-3.00370920E-01	7.31030116E-03	-9.25413954E-03
1.00915183E+00	-5.21127544E-01	7.30718901E-03	-9.27970045E-03
8.85922483E-01	-7.20385797E-01	7.30406671E-03	-9.30534035E-03
7.20927809E-01	-8.87273762E-01	7.30093422E-03	-9.33105972E-03
5.23426505E-01	-1.01321744E+00	7.29779146E-03	-9.35685905E-03
3.04237108E-01	-1.09235690E+00	7.29463837E-03	-9.38273885E-03
7.49588351E-02	-1.12174261E+00	7.29147489E-03	-9.40869962E-03
-1.52796003E-01	-1.10131778E+00	7.28830094E-03	-9.43474185E-03
-3.68099788E-01	-1.03370748E+00	7.28511646E-03	-9.46086606E-03
-5.61295078E-01	-9.23852452E-01	7.28192138E-03	-9.48707277E-03
-7.24436462E-01	-7.78529103E-01	7.27871563E-03	-9.51336249E-03
-8.51572802E-01	-6.05807234E-01	7.27549915E-03	-9.53973573E-03
-9.38871214E-01	-4.14491222E-01	7.27227187E-03	-9.56619304E-03
-9.84593169E-01	-2.13589479E-01	7.26903371E-03	-9.59273493E-03
-9.88949545E-01	-1.18469458E-02	7.26578460E-03	-9.61936195E-03
-9.53862803E-01	1.82635898E-01	7.26252448E-03	-9.64607463E-03
-8.82672936E-01	3.62682680E-01	7.25925327E-03	-9.67287350E-03
-7.79820013E-01	5.22221010E-01	7.25597090E-03	-9.69975913E-03
-6.50533169E-01	6.56368473E-01	7.25267730E-03	-9.72673206E-03
-5.00550736E-01	7.61444144E-01	7.24937239E-03	-9.75379284E-03
-3.35884050E-01	8.34925376E-01	7.24605610E-03	-9.78094204E-03
-1.62633700E-01	8.75373718E-01	7.24272836E-03	-9.80818022E-03
1.31474972E-02	8.82352240E-01	7.23938909E-03	-9.83550796E-03
1.85552237E-01	8.56349821E-01	7.23603821E-03	-9.86292581E-03
3.48893494E-01	7.98726109E-01	7.23267564E-03	-9.89043437E-03
4.97773078E-01	7.11677814E-01	7.22930132E-03	-9.91803422E-03
6.27159332E-01	5.98225257E-01	7.22591516E-03	-9.94572595E-03
7.32489048E-01	4.62206536E-01	7.22251708E-03	-9.97351014E-03
8.09798228E-01	3.08264868E-01	7.21910701E-03	-1.00013874E-02
8.55884951E-01	1.41811296E-01	7.21568486E-03	-1.00293583E-02
8.68494358E-01	-3.10564838E-02	7.21225056E-03	-1.00574235E-02
8.46512811E-01	-2.03691576E-01	7.20880402E-03	-1.00855836E-02
7.90149912E-01	-3.69103634E-01	7.20534516E-03	-1.01138392E-02
7.01083209E-01	-5.20231487E-01	7.20187389E-03	-1.01421910E-02
5.82541834E-01	-6.50277530E-01	7.19839015E-03	-1.01706394E-02
4.39302993E-01	-7.53085867E-01	7.19489383E-03	-1.01991853E-02
2.77586049E-01	-8.23539368E-01	7.19138486E-03	-1.02278292E-02
1.04831224E-01	-8.57945164E-01	7.18786315E-03	-1.02565718E-02
-7.06349888E-02	-8.54371052E-01	7.18432861E-03	-1.02854138E-02
-2.40037339E-01	-8.12899731E-01	7.18078116E-03	-1.03143556E-02
-3.94669594E-01	-7.35765307E-01	7.17722071E-03	-1.03433982E-02
-5.26457844E-01	-6.27348878E-01	7.17364717E-03	-1.03725420E-02
-6.28530244E-01	-4.94015953E-01	7.17006045E-03	-1.04017878E-02
-6.95743986E-01	-3.43793376E-01	7.16646047E-03	-1.04311363E-02
-7.25125036E-01	-1.85897673E-01	7.16284712E-03	-1.04605881E-02
-7.16174534E-01	-3.01385063E-02	7.15922032E-03	-1.04901440E-02
-6.71007102E-01	1.13761563E-01	7.15557998E-03	-1.05198045E-02
-5.94296614E-01	2.36884752E-01	7.15192600E-03	-1.05495705E-02
-4.93018716E-01	3.31814357E-01	7.14825828E-03	-1.05794427E-02
-3.75999326E-01	3.93253163E-01	7.14457675E-03	-1.06094216E-02
-2.53290658E-01	4.18507134E-01	7.14088128E-03	-1.06395081E-02
-1.35418119E-01	4.07785895E-01	7.13717180E-03	-1.06697030E-02
-3.25497462E-02	3.64285721E-01	7.13344821E-03	-1.07000068E-02
4.63462256E-02	2.94033142E-01	7.12971039E-03	-1.07304204E-02
9.42873817E-02	2.05491446E-01	7.12595827E-03	-1.07609445E-02
1.06939476E-01	1.08946739E-01	7.12219172E-03	-1.07915799E-02
8.30919579E-02	1.57147412E-02	7.11841066E-03	-1.08223272E-02
2.49002185E-02	-6.27768386E-02	7.11461499E-03	-1.08531874E-02
-6.21403172E-02	-1.15960862E-01	7.11080459E-03	-1.08841611E-02
-1.69496991E-01	-1.35079651E-01	7.10697936E-03	-1.09152491E-02
-2.86170331E-01	-1.14032959E-01	7.10313921E-03	-1.09464523E-02
-3.99497379E-01	-5.00475984E-02	7.09928402E-03	-1.09777713E-02
-4.96132869E-01	5.58919813E-02	7.09541368E-03	-1.10092070E-02
-5.63137888E-01	1.98901176E-01	7.09152809E-03	-1.10407603E-02
-5.89089886E-01	3.70364279E-01	7.08762715E-03	-1.10724319E-02
-5.65127619E-01	5.58416128E-01	7.08371073E-03	-1.11042226E-02
-4.85840773E-01	7.48712299E-01	7.07977874E-03	-1.11361333E-02
-3.49927879E-01	9.25436734E-01	7.07583105E-03	-1.11681647E-02
-1.60558439E-01	1.07247893E+00	7.07186755E-03	-1.12003179E-02
7.46022127E-02	1.17469113E+00	7.06788814E-03	-1.12325935E-02
3.43720183E-01	1.21913152E+00	7.06389269E-03	-1.12649925E-02
6.31462988E-01	1.19619286E+00	7.05988108E-03	-1.12975157E-02
9.19970360E-01	1.10052396E+00	7.05585322E-03	-1.13301640E-02
1.19006423E+00	9.31664339E-01	7.05180896E-03	-1.13629383E-02
1.42261010E+00	6.94330516E-01	7.04774820E-03	-1.13958395E-02
1.59993120E+00	3.98321527E-01	7.04367081E-03	-1.14288684E-02
1.70716746E+00	5.80351302E-02	7.03957667E-03	-1.14620260E-02
1.73347231E+00	-3.08378304E-01	7.03546566E-03	-1.14953131E-02
1.67295207E+00	-6.80172866E-01	7.03133765E-03	-1.15287308E-02
1.52526589E+00	-1.03539496E+00	7.02719253E-03	-1.15622800E-02
1.29583359E+00	-1.35240273E+00	7.02303015E-03	-1.15959615E-02
9.95622489E-01	-1.61140625E+00	7.01885040E-03	-1.16297763E-02
6.40520380E-01	-1.79591017E+00	7.01465315E-03	-1.16637254E-02
2.50331483E-01	-1.89394969E+00	7.01043826E-03	-1.16978098E-02
-1.52537559E-01	-1.89901928E+00	7.00620560E-03	-1.17320304E-02
-5.44607343E-01	-1.81061957E+00	7.00195504E-03	-1.17663883E-02
-9.02962070E-01	-1.63437244E+00	6.99768646E-03	-1.18008843E-02
-1.20686824E+00	-1.38168810E+00	6.99339970E-03	-1.18355196E-02
-1.43925574E+00	-1.06900266E+00	6.98909463E-03	-1.18702951E-02
-1.58794542E+00	-7.16635502E-01	6.98477113E-03	-1.19052118E-02
-1.64652763E+00	-3.47349918E-01	6.98042904E-03	-1.19402708E-02
-1.61482099E+00	1.52804780E-02	6.97606823E-03	-1.19754732E-02
-1.49887043E+00	3.48575483E-01	6.97168855E-03	-1.20108199E-02
-1.31048177E+00	6.32395271E-01	6.96728986E-03	-1.20463121E-02
-1.06632126E+00	8.50604000E-01	6.96287201E-03	-1.20819508E-02
-7.86647461E-01	9.92236275E-01	6.95843487E-03	-1.21177370E-02
-4.93767252E-01	1.05227645E+00	6.95397827E-03	-1.21536720E-02
-2.10333630E-01	1.03198582E+00	6.94950208E-03	-1.21897568E-02
4.23853509E-02	9.38752109E-01	6.94500614E-03	-1.22259925E-02
2.46134236E-01	7.85467242E-01	6.94049029E-03	-1.22623802E-02
3.87066347E-01	5.89480487E-01	6.93595439E-03	-1.22989211E-02
4.56801632E-01	3.71204462E-01	6.93139827E-03	-1.23356163E-02
4.53059657E-01	1.52479937E-01	6.92682179E-03	-1.23724670E-02
3.79818590E-01	-4.51737542E-02	6.92222478E-03	-1.24094744E-02
2.46983597E-01	-2.02289410E-01	6.91760708E-03	-1.24466396E-02
6.95882916E-02	-3.03026412E-01	6.91296853E-03	-1.24839638E-02
-1.33410674E-01	-3.36467990E-01	6.90830896E-03	-1.25214482E-02
-3.40655910E-01	-2.97536467E-01	6.90362822E-03	-1.25590941E-02
-5.30109449E-01	-1.87454124E-01	6.89892612E-03	-1.25969027E-02
-6.80840603E-01	-1.37107356E-02	6.89420252E-03	-1.26348752E-02
-7.74740284E-01	2.10463817E-01	6.88945722E-03	-1.26730129E-02
-7.98029789E-01	4.67082266E-01	6.88469007E-03	-1.27113171E-02
-7.42444500E-01	7.34767270E-01	6.87990088E-03	-1.27497889E-02
-6.05998196E-01	9.90397332E-01	6.87508948E-03	-1.27884298E-02
-3.93267103E-01	1.21090818E+00	6.87025570E-03	-1.28272410E-02
-1.15166155E-01	1.37511000E+00	6.86539935E-03	-1.28662239E-02
2.11766317E-01	1.46538114E+00	6.86052025E-03	-1.29053797E-02
5.66526525E-01	1.46910769E+00	6.85561822E-03	-1.29447099E-02
9.25157956E-01	1.37975545E+00	6.85069307E-03	-1.29842157E-02
1.26250683E+00	1.19749199E+00	6.84574461E-03	-1.30238986E-02
1.55408782E+00	9.29306135E-01	6.84077266E-03	-1.30637600E-02
1.77791800E+00	5.88615170E-01	6.83577702E-03	-1.31038012E-02
1.91618155E+00	1.94385158E-01	6.83075750E-03	-1.31440237E-02
1.95659647E+00	-2.30170741E-01	6.82571391E-03	-1.31844288E-02
1.89338137E+00	-6.59219224E-01	6.82064604E-03	-1.32250182E-02
1.72774627E+00	-1.06613919E+00	6.81555370E-03	-1.32657931E-02
1.46787085E+00	-1.42542048E+00	6.81043668E-03	-1.33067551E-02
1.12837046E+00	-1.71448956E+00	6.80529478E-03	-1.33479057E-02
7.29288645E-01	-1.91532327E+00	6.80012780E-03	-1.33892464E-02
2.94693100E-01	-2.01573242E+00	6.79493552E-03	-1.34307787E-02
-1.49022340E-01	-2.01021878E+00	6.78971773E-03	-1.34725042E-02
-5.75000218E-01	-1.90034282E+00	6.78447422E-03	-1.35144243E-02
-9.57809927E-01	-1.69457743E+00	6.77920478E-03	-1.35565408E-02
-1.27522392E+00	-1.40765865E+00	6.77390918E-03	-1.35988551E-02
-1.50974918E+00	-1.05948688E+00	6.76858720E-03	-1.36413689E-02
-1.64980217E+00	-6.73660138E-01	6.76323863E-03	-1.36840838E-02
-1.69044122E+00	-2.75753404E-01	6.75786323E-03	-1.37270015E-02
-1.63360788E+00	1.08527586E-01	6.75246078E-03	-1.37701235E-02
-1.48786124E+00	4.55179298E-01	6.74703105E-03	-1.38134517E-02
-1.26763280E+00	7.43583207E-01	6.74157380E-03	-1.38569876E-02
-9.92060597E-01	9.57916480E-01	6.73608880E-03	-1.39007330E-02
-6.83495879E-01	1.08818639E+00	6.73057581E-03	-1.39446897E-02
-3.65797655E-01	1.13081862E+00	6.72503459E-03	-1.39888593E-02
-6.25446360E-02	1.08875919E+00	6.71946489E-03	-1.40332437E-02
2.04698740E-01	9.71091110E-01	6.71386647E-03	-1.40778446E-02
4.17935439E-01	7.92200655E-01	6.70823907E-03	-1.41226639E-02
5.63991922E-01	5.70562624E-01	6.70258245E-03	-1.41677034E-02
6.35389607E-01	3.27242941E-01	6.69689635E-03	-1.42129649E-02
6.30770998E-01	8.42337308E-02	6.69118051E-03	-1.42584503E-02
5.54856031E-01	-1.37248639E-01	6.68543467E-03	-1.43041615E-02
4.17940388E-01	-3.18376060E-01	6.67965856E-03	-1.43501004E-02
2.34979631E-01	-4.44109785E-01	6.67385192E-03	-1.43962690E-02
2.43374685E-02	-5.04288983E-01	6.66801448E-03	-1.44426692E-02
-1.93704179E-01	-4.94329890E-01	6.66214596E-03	-1.44893029E-02
-3.98554624E-01	-4.15488336E-01	6.65624609E-03	-1.45361723E-02
-5.70921477E-01	-2.74675101E-01	6.65031458E-03	-1.45832792E-02
-6.94293555E-01	-8.38432508E-02	6.64435115E-03	-1.46306258E-02
-7.56189604E-01	1.40996730E-01	6.63835552E-03	-1.46782141E-02
-7.49084228E-01	3.81055613E-01	6.63232739E-03	-1.47260463E-02
-6.70944863E-01	6.16235556E-01	6.62626647E-03	-1.47741244E-02
-5.25348589E-01	8.26678496E-01	6.62017246E-03	-1.48224506E-02
-3.21174957E-01	9.94276329E-01	6.61404506E-03	-1.48710270E-02
-7.19068766E-02	1.10402922E+00	6.60788397E-03	-1.49198558E-02
2.05402475E-01	1.14515582E+00	6.60168888E-03	-1.49689394E-02
4.91414210E-01	1.11187505E+00	6.59545947E-03	-1.50182798E-02
7.65939126E-01	1.00380967E+00	6.58919544E-03	-1.50678794E-02
1.00941724E+00	8.25987439E-01	6.58289645E-03	-1.51177405E-02
1.20432966E+00	5.88447929E-01	6.57656219E-03	-1.51678654E-02
1.33644307E+00	3.05491888E-01	6.57019233E-03	-1.52182564E-02
1.39579763E+00	-5.36628867E-03	6.56378653E-03	-1.52689160E-02
1.37737301E+00	-3.24658702E-01	6.55734447E-03	-1.53198465E-02
1.28139110E+00	-6.32343295E-01	6.55086579E-03	-1.53710503E-02
1.11324102E+00	-9.09198056E-01	6.54435017E-03	-1.54225300E-02
8.83042261E-01	-1.13813137E+00	6.53779724E-03	-1.54742881E-02
6.04884038E-01	-1.30531596E+00	6.53120665E-03	-1.55263270E-02
2.95805582E-01	-1.40107011E+00	6.52457806E-03	-1.55786493E-02
-2.54052080E-02	-1.42043155E+00	6.51791109E-03	-1.56312576E-02
-3.39503294E-01	-1.36339026E+00	6.51120538E-03	-1.56841546E-02
-6.28075109E-01	-1.23477637E+00	6.50446055E-03	-1.57373428E-02
-8.74734455E-01	-1.04381945E+00	6.49767624E-03	-1.57908249E-02
-1.06614381E+00	-8.03422689E-01	6.49085207E-03	-1.58446038E-02
-1.19279811E+00	-5.29211168E-01	6.48398763E-03	-1.58986820E-02
-1.24952296E+00	-2.38428410E-01	6.47708256E-03	-1.59530625E-02
-1.23566588E+00	5.12360956E-02	6.47013644E-03	-1.60077480E-02
-1.15497792E+00	3.22806880E-01	6.46314888E-03	-1.60627413E-02
-1.01520731E+00	5.61089021E-01	6.45611948E-03	-1.61180454E-02
-8.27445123E-01	7.53574998E-01	6.44904782E-03	-1.61736632E-02
-6.05277391E-01	8.91135521E-01	6.44193349E-03	-1.62295976E-02
-3.63811288E-01	9.68459163E-01	6.43477606E-03	-1.62858517E-02
-1.18644564E-01	9.84222805E-01	6.42757510E-03	-1.63424284E-02
1.15148125E-01	9.40994325E-01	6.42033019E-03	-1.63993309E-02
3.23947510E-01	8.44888980E-01	6.41304089E-03	-1.64565623E-02
4.96382426E-01	7.05012995E-01	6.40570674E-03	-1.65141257E-02
6.23938766E-01	5.32744519E-01	6.39832731E-03	-1.65720243E-02
7.01356168E-01	3.40905518E-01	6.39090212E-03	-1.66302613E-02
7.26797286E-01	1.42885716E-01	6.38343073E-03	-1.66888400E-02
7.01794239E-01	-4.82234383E-02	6.37591266E-03	-1.67477638E-02
6.30986598E-01	-2.20430847E-01	6.36834743E-03	-1.68070360E-02
5.21681880E-01	-3.63536460E-01	6.36073457E-03	-1.68666600E-02
3.83275316E-01	-4.69676631E-01	6.35307358E-03	-1.69266393E-02
2.26573449E-01	-5.33697711E-01	6.34536397E-03	-1.69869773E-02
6.30687592E-02	-5.53348457E-01	6.33760524E-03	-1.70476776E-02
-9.57901597E-02	-5.29289528E-01	6.32979688E-03	-1.71087438E-02
-2.39288251E-01	-4.64932075E-01	6.32193838E-03	-1.71701795E-02
-3.58059022E-01	-3.66125167E-01	6.31402920E-03	-1.72319884E-02
-4.44593211E-01	-2.40717867E-01	6.30606883E-03	-1.72941742E-02
-4.93621332E-01	-9.80289370E-02	6.29805672E-03	-1.73567407E-02
-5.02356334E-01	5.17445219E-02	6.28999232E-03	-1.74196918E-02
-4.70591216E-01	1.98143300E-01	6.28187510E-03	-1.74830313E-02
-4.00655216E-01	3.31056775E-01	6.27370447E-03	-1.75467632E-02
-2.97235435E-01	4.41297056E-01	6.26547989E-03	-1.76108914E-02
-1.67080172E-01	5.21110942E-01	6.25720076E-03	-1.76754201E-02
-1.85997790E-02	5.64608494E-01	6.24886651E-03	-1.77403532E-02
1.38612103E-01	5.68089435E-01	6.24047654E-03	-1.78056950E-02
2.94314800E-01	5.30256739E-01	6.23203025E-03	-1.78714497E-02
4.38189810E-01	4.52306859E-01	6.22352704E-03	-1.79376215E-02
5.60416849E-01	3.37894939E-01	6.21496627E-03	-1.80042147E-02
6.52233021E-01	1.92974015E-01	6.20634733E-03	-1.80712339E-02
7.06447746E-01	2.55138654E-02	6.19766957E-03	-1.81386833E-02
7.17891310E-01	-1.54890827E-01	6.18893235E-03	-1.82065676E-02
6.83772010E-01	-3.37510215E-01	6.18013502E-03	-1.82748913E-02
6.03922229E-01	-5.11046366E-01	6.17127690E-03	-1.83436591E-02
4.80915230E-01	-6.64256639E-01	6.16235733E-03	-1.84128756E-02
3.20038411E-01	-7.86603362E-01	6.15337561E-03	-1.84825456E-02
1.29116356E-01	-8.68899898E-01	6.14433106E-03	-1.85526740E-02
-8.18197782E-02	-9.03917487E-01	6.13522296E-03	-1.86232657E-02
-3.01007715E-01	-8.86916672E-01	6.12605060E-03	-1.86943257E-02
-5.15561100E-01	-8.16068335E-01	6.11681325E-03	-1.87658590E-02
-7.12182063E-01	-6.92729235E-01	6.10751017E-03	-1.88378708E-02
-8.77946369E-01	-5.21545881E-01	6.09814061E-03	-1.89103662E-02
-1.00111981E+00	-3.10363810E-01	6.08870382E-03	-1.89833505E-02
-1.07195652E+00	-6.99335492E-02	6.07919901E-03	-1.90568292E-02
-1.08342930E+00	1.86586373E-01	6.06962541E-03	-1.91308075E-02
-1.03183696E+00	4.44313960E-01	6.05998222E-03	-1.92052911E-02
-9.17241328E-01	6.87485927E-01	6.05026863E-03	-1.92802856E-02
-7.43689513E-01	9.00416182E-01	6.04048381E-03	-1.93557965E-02
-5.19190286E-01	1.06851373E+00	6.03062693E-03	-1.94318298E-02
-2.55427034E-01	1.17929821E+00	6.02069715E-03	-1.95083912E-02
3.27944639E-02	1.22334151E+00	6.01069361E-03	-1.95854866E-02
3.28343692E-01	1.19506673E+00	6.00061543E-03	-1.96631221E-02
6.12773558E-01	1.09333770E+00	5.99046171E-03	-1.97413039E-02
8.67481637E-01	9.21782612E-01	5.98023157E-03	-1.98200381E-02
1.07495564E+00	6.88811296E-01	5.96992408E-03	-1.98993310E-02
1.22001966E+00	4.07301761E-01	5.95953831E-03	-1.99791891E-02
1.29099282E+00	9.39581639E-02	5.94907332E-03	-2.00596188E-02
1.28067250E+00	-2.31637838E-01	5.93852814E-03	-2.01406267E-02
1.18705846E+00	-5.48232315E-01	5.92790180E-03	-2.02222196E-02
1.01375135E+00	-8.34290999E-01	5.91719330E-03	-2.03044043E-02
7.69974476E-01	-1.06948857E+00	5.90640163E-03	-2.03871877E-02
4.70196359E-01	-1.23619182E+00	5.89552578E-03	-2.04705767E-02
1.33357037E-01	-1.32082967E+00	5.88456468E-03	-2.05545786E-02
-2.18267566E-01	-1.31504111E+00	5.87351729E-03	-2.06392006E-02
-5.60499499E-01	-1.21650631E+00	5.86238253E-03	-2.07244501E-02
-8.68902764E-01	-1.02938065E+00	5.85115930E-03	-2.08103345E-02
-1.12052525E+00	-7.64279324E-01	5.83984649E-03	-2.08968614E-02
-1.29561690E+00	-4.37790209E-01	5.82844296E-03	-2.09840387E-02
-1.37919315E+00	-7.15261511E-02	5.81694756E-03	-2.10718740E-02
-1.36232134E+00	3.09234132E-01	5.80535912E-03	-2.11603754E-02
-1.24301963E+00	6.77237441E-01	5.79367644E-03	-2.12495511E-02
-1.02668274E+00	1.00516715E+00	5.78189833E-03	-2.13394092E-02
-7.25981284E-01	1.26764311E+00	5.77002353E-03	-2.14299581E-02
-3.60216356E-01	1.44316333E+00	5.75805081E-03	-2.15212063E-02
4.58447549E-02	1.51583919E+00	5.74597888E-03	-2.16131626E-02
4.63589341E-01	1.47678519E+00	5.73380644E-03	-2.17058356E-02
8.62532536E-01	1.32504184E+00	5.72153217E-03	-2.17992344E-02
1.21251030E+00	1.06794387E+00	5.70915473E-03	-2.18933680E-02
1.48593542E+00	7.20880490E-01	5.69667276E-03	-2.19882457E-02
1.65994745E+00	3.06442435E-01	5.68408485E-03	-2.20838770E-02
1.71829086E+00	-1.47006055E-01	5.67138959E-03	-2.21802713E-02
1.65276564E+00	-6.07244179E-01	5.65858554E-03	-2.22774384E-02
1.46412528E+00	-1.04047391E+00	5.64567123E-03	-2.23753881E-02
1.16233048E+00	-1.41380332E+00	5.63264516E-03	-2.24741307E-02
7.66115550E-01	-1.69775063E+00	5.61950582E-03	-2.25736763E-02
3.01874387E-01	-1.86858091E+00	5.60625164E-03	-2.26740354E-02
-1.98074826E-01	-1.91028849E+00	5.59288107E-03	-2.27752185E-02
-6.97735077E-01	-1.81606230E+00	5.57939248E-03	-2.28772364E-02
-1.16003471E+00	-1.58910231E+00	5.56578424E-03	-2.29801002E-02
-1.54960167E+00	-1.24270127E+00	5.55205468E-03	-2.30838209E-02
-1.83550332E+00	-7.99560444E-01	5.53820211E-03	-2.31884101E-02
-1.99373902E+00	-2.90363403E-01	5.52422478E-03	-2.32938793E-02
-2.00928648E+00	2.48306476E-01	5.51012095E-03	-2.34002402E-02
-1.87752971E+00	7.76569504E-01	5.49588882E-03	-2.35075048E-02
-1.60493689E+00	1.25419011E+00	5.48152654E-03	-2.36156855E-02
-1.20891253E+00	1.64364091E+00	5.46703226E-03	-2.37247946E-02
-7.16805750E-01	1.91305859E+00	5.45240408E-03	-2.38348448E-02
-1.64125120E-01	2.03886031E+00	5.43764006E-03	-2.39458490E-02
4.07930341E-01	2.00780963E+00	5.42273822E-03	-2.40578204E-02
9.55455254E-01	1.81835321E+00	5.40769654E-03	-2.41707723E-02
1.43512415E+00	1.48110421E+00	5.39251298E-03	-2.42847184E-02
1.80753743E+00	1.01840601E+00	5.37718544E-03	-2.43996726E-02
2.04037002E+00	4.62982181E-01	5.36171179E-03	-2.45156491E-02
2.11107614E+00	-1.44252563E-01	5.34608984E-03	-2.46326623E-02
2.00892643E+00	-7.57078260E-01	5.33031738E-03	-2.47507268E-02
1.73620203E+00	-1.32735080E+00	5.31439214E-03	-2.48698577E-02
1.30842712E+00	-1.80863499E+00	5.29831180E-03	-2.49900703E-02
7.53593512E-01	-2.15981582E+00	5.28207401E-03	-2.51113801E-02
1.10407599E-01	-2.34841201E+00	5.26567637E-03	-2.52338030E-02
-5.74335743E-01	-2.35332693E+00	5.24911641E-03	-2.53573552E-02
-1.24907419E+00	-2.16681055E+00	5.23239163E-03	-2.54820531E-02
-1.86126110E+00	-1.79545926E+00	5.21549947E-03	-2.56079137E-02
-2.36133189E+00	-1.26014896E+00	5.19843733E-03	-2.57349541E-02
-2.70655628E+00	-5.94878524E-01	5.18120252E-03	-2.58631917E-02
-2.86447753E+00	1.55419849E-01	5.16379234E-03	-2.59926445E-02
-2.81566421E+00	9.37961432E-01	5.14620400E-03	-2.61233307E-02
-2.55554655E+00	1.69587077E+00	5.12843466E-03	-2.62552688E-02
-2.09517152E+00	2.37235338E+00	5.11048142E-03	-2.63884779E-02
-1.46079297E+00	2.91496931E+00	5.09234132E-03	-2.65229773E-02
-6.92296931E-01	3.27968488E+00	5.07401133E-03	-2.66587866E-02
1.59444806E-01	3.43438638E+00	5.05548837E-03	-2.67959263E-02
1.03611759E+00	3.36157578E+00	5.03676927E-03	-2.69344167E-02
1.87615372E+00	3.06002123E+00	5.01785081E-03	-2.70742789E-02
2.61926328E+00	2.54521369E+00	4.99872968E-03	-2.72155344E-02
3.21096910E+00	1.84856626E+00	4.97940251E-03	-2.73582051E-02
3.60679728E+00	1.01538996E+00	4.95986586E-03	-2.75023135E-02
3.77579743E+00	1.01774491E-01	4.94011619E-03	-2.76478822E-02
3.70310740E+00	-8.29412266E-01	4.92014991E-03	-2.77949348E-02
3.39134731E+00	-1.71311631E+00	4.89996332E-03	-2.79434951E-02
2.86071191E+00	-2.48694393E+00	4.87955266E-03	-2.80935875E-02
2.14772729E+00	-3.09589443E+00	4.85891405E-03	-2.82452368E-02
1.30274228E+00	-3.49661543E+00	4.83804357E-03	-2.83984687E-02
3.86320436E-01	-3.66084445E+00	4.81693717E-03	-2.85533090E-02
-5.35209600E-01	-3.57775671E+00	4.79559071E-03	-2.87097845E-02
-1.39472099E+00	-3.25501883E+00	4.77399996E-03	-2.88679223E-02
-2.12939946E+00	-2.71844168E+00	4.75216060E-03	-2.90277503E-02
-2.68560747E+00	-2.01023479E+00	4.73006820E-03	-2.91892970E-02
-3.02312284E+00	-1.18596913E+00	4.70771820E-03	-2.93525914E-02
-3.11841218E+00	-3.10460340E-01	4.68510596E-03	-2.95176634E-02
-2.96667040E+00	5.47130557E-01	4.66222672E-03	-2.96845434E-02
-2.58244408E+00	1.31861450E+00	4.63907561E-03	-2.98532627E-02
-1.99876636E+00	1.94210562E+00	4.61564762E-03	-3.00238531E-02
-1.26484160E+00	2.36695541E+00	4.59193764E-03	-3.01963473E-02
-4.42432987E-01	2.55789849E+00	4.56794041E-03	-3.03707788E-02
3.98790872E-01	2.49807624E+00	4.54365056E-03	-3.05471818E-02
1.18661004E+00	2.19068133E+00	4.51906257E-03	-3.07255914E-02
1.85190453E+00	1.65907105E+00	4.49417079E-03	-3.09060435E-02
2.33417211E+00	9.45311392E-01	4.46896942E-03	-3.10885749E-02
2.58648057E+00	1.07234824E-01	4.44345250E-03	-3.12732234E-02
2.57946145E+00	-7.85787493E-01	4.41761399E-03	-3.14600275E-02
2.30401660E+00	-1.65805760E+00	4.39144757E-03	-3.16490268E-02
1.77250362E+00	-2.43336019E+00	4.36494683E-03	-3.18402619E-02
1.01827990E+00	-3.04093346E+00	4.33810518E-03	-3.20337744E-02
9.36076354E-02	-3.42114132E+00	4.31091586E-03	-3.22296069E-02
-9.33947872E-01	-3.53040397E+00	4.28337197E-03	-3.24278033E-02
-1.98637952E+00	-3.34499223E+00	4.25546630E-03	-3.26284083E-02
-2.98100682E+00	-2.86337067E+00	4.22719156E-03	-3.28314681E-02
-3.83672549E+00	-2.10688322E+00	4.19854023E-03	-3.30370298E-02
-4.48026626E+00	-1.11869577E+00	4.16950456E-03	-3.32451419E-02
-4.85198176E+00	3.89534540E-02	4.14007670E-03	-3.34558541E-02
-4.91071004E+00	1.28901688E+00	4.11024836E-03	-3.36692175E-02
-4.63732379E+00	2.54511356E+00	4.08001120E-03	-3.38852846E-02
-4.03667238E+00	3.71782011E+00	4.04935660E-03	-3.41041093E-02
-3.13773887E+00	4.72131013E+00	4.01827569E-03	-3.43257467E-02
-1.99197146E+00	5.47983919E+00	3.98675933E-03	-3.45502539E-02
-6.69886468E-01	5.93357958E+00	3.95479815E-03	-3.47776891E-02
7.43825302E-01	6.04334739E+00	3.92238247E-03	-3.50081125E-02
2.15633781E+00	5.79384624E+00	3.88950237E-03	-3.52415857E-02
3.47343257E+00	5.19515721E+00	3.85614760E-03	-3.54781721E-02
4.60643946E+00	4.28233689E+00	3.82230763E-03	-3.57179372E-02
5.47885111E+00	3.11312841E+00	3.78797161E-03	-3.59609478E-02
6.03210104E+00	1.76393367E+00	3.75312835E-03	-3.62072733E-02
6.23005517E+00	3.24333150E-01	3.71776635E-03	-3.64569845E-02
6.06185808E+00	-1.10944856E+00	3.68187374E-03	-3.67101547E-02
5.54289654E+00	-2.44164367E+00	3.64543827E-03	-3.69668592E-02
4.71378621E+00	-3.58407415E+00	3.60844735E-03	-3.72271757E-02
3.63743507E+00	-4.46277098E+00	3.57088796E-03	-3.74911839E-02
2.39438916E+00	-5.02356756E+00	3.53274670E-03	-3.77589662E-02
1.07679749E+00	-5.23622845E+00	3.49400971E-03	-3.80306075E-02
-2.18554457E-01	-5.09678012E+00	3.45466272E-03	-3.83061952E-02
-1.39761709E+00	-4.62784763E+00	3.41469098E-03	-3.85858195E-02
-2.37629245E+00	-3.87694954E+00	3.37407927E-03	-3.88695734E-02
-3.08693466E+00	-2.91286288E+00	3.33281186E-03	-3.91575529E-02
-3.48362778E+00	-1.82031829E+00	3.29087252E-03	-3.94498568E-02
-3.54581921E+00	-6.93418133E-01	3.24824446E-03	-3.97465875E-02
-3.28001194E+00	3.71725782E-01	3.20491033E-03	-4.00478503E-02
-2.71936312E+00	1.28457428E+00	3.16085221E-03	-4.03537543E-02
-1.92119805E+00	1.96737542E+00	3.11605154E-03	-4.06644120E-02
-9.62609904E-01	2.36144953E+00	3.07048914E-03	-4.09799396E-02
6.55356662E-02	2.43204467E+00	3.02414515E-03	-4.13004574E-02
1.06574211E+00	2.17136971E+00	2.97699902E-03	-4.16260896E-02
1.94163005E+00	1.59954734E+00	2.92902949E-03	-4.19569648E-02
2.60569532E+00	7.63387261E-01	2.88021450E-03	-4.22932160E-02
2.98647533E+00	-2.66951307E-01	2.83053124E-03	-4.26349806E-02
3.03455886E+00	-1.40317694E+00	2.77995605E-03	-4.29824013E-02
2.72695737E+00	-2.54558084E+00	2.72846439E-03	-4.33356256E-02
2.06947771E+00	-3.59074959E+00	2.67603083E-03	-4.36948062E-02
1.09688403E+00	-4.43969029E+00	2.62262900E-03	-4.40601015E-02
-1.29192169E-01	-5.00574504E+00	2.56823150E-03	-4.44316758E-02
-1.52446464E+00	-5.22168015E+00	2.51280993E-03	-4.48096992E-02
-2.98803035E+00	-5.04539019E+00	2.45633475E-03	-4.51943483E-02
-4.40979304E+00	-4.46375980E+00	2.39877533E-03	-4.55858066E-02
-5.67871974E+00	-3.49435883E+00	2.34009979E-03	-4.59842641E-02
-6.69130640E+00	-2.18481323E+00	2.28027502E-03	-4.63899186E-02
-7.35960706E+00	-6.09867529E-01	2.21926657E-03	-4.68029753E-02
-7.61820433E+00	1.13366529E+00	2.15703860E-03	-4.72236477E-02
-7.42957622E+00	2.93370712E+00	2.09355383E-03	-4.76521577E-02
-6.78742848E+00	4.67097410E+00	2.02877342E-03	-4.80887361E-02
-5.71771496E+00	6.22769096E+00	1.96265693E-03	-4.85336231E-02
-4.27724168E+00	7.49630595E+00	1.89516219E-03	-4.89870689E-02
-2.54993405E+00	8.38754132E+00	1.82624528E-03	-4.94493340E-02
-6.41027708E-01	8.83716225E+00	1.75586036E-03	-4.99206900E-02
1.33039751E+00	8.81093626E+00	1.68395961E-03	-5.04014199E-02
3.23998733E+00	8.30739021E+00	1.61049312E-03	-5.08918191E-02
4.96714712E+00	7.35813680E+00	1.53540875E-03	-5.13921957E-02
6.40385693E+00	6.02572491E+00	1.45865203E-03	-5.19028715E-02
7.46259721E+00	4.39915984E+00	1.38016600E-03	-5.24241828E-02
8.08277665E+00	2.58741558E+00	1.29989110E-03	-5.29564808E-02
8.23516301E+00	7.11420763E-01	1.21776499E-03	-5.35001333E-02
7.92396862E+00	-1.10488228E+00	1.13372242E-03	-5.40555246E-02
7.18641673E+00	-2.74372884E+00	1.04769501E-03	-5.46230574E-02
6.08980998E+00	-4.10227349E+00	9.59611102E-04	-5.52031536E-02
4.72631078E+00	-5.10021268E+00	8.69395526E-04	-5.57962554E-02
3.20582304E+00	-5.68569804E+00	7.76969412E-04	-5.64028264E-02
1.64751181E+00	-5.83908077E+00	6.82249937E-04	-5.70233535E-02
1.70605364E-01	-5.57418791E+00	5.85150079E-04	-5.76583479E-02
-1.11481465E+00	-4.93702219E+00	4.85578341E-04	-5.83083467E-02
-2.11632676E+00	-4.00197314E+00	3.83438453E-04	-5.89739151E-02
-2.76632451E+00	-2.86582005E+00	2.78629054E-04	-5.96556475E-02
-3.02725389E+00	-1.63998042E+00	1.71043331E-04	-6.03541700E-02
-2.89451665E+00	-4.41593896E-01	6.05686389E-05	-6.10701424E-02
-2.39680162E+00	6.15871552E-01	-5.29139292E-05	-6.18042606E-02
-1.59380353E+00	1.43176594E+00	-1.69530021E-04	-6.25572588E-02
-5.71489212E-01	1.92644224E+00	-2.89412559E-04	-6.33299127E-02
5.64735723E-01	2.04783747E+00	-4.12702366E-04	-6.41230417E-02
1.69844441E+00	1.77592606E+00	-5.39548886E-04	-6.49375126E-02
2.71154578E+00	1.12468187E+00	-6.70111088E-04	-6.57742427E-02
3.49386146E+00	1.41377347E-01	-8.04558618E-04	-6.66342029E-02
3.95217850E+00	-1.09674998E+00	-9.43073425E-04	-6.75184210E-02
4.01806936E+00	-2.48822599E+00	-1.08585226E-03	-6.84279849E-02
3.65386076E+00	-3.91504220E+00	-1.23311105E-03	-6.93640442E-02
2.85626945E+00	-5.25175158E+00	-1.38509390E-03	-7.03278078E-02
1.65740185E+00	-6.37526732E+00	-1.54209500E-03	-7.13205328E-02
1.23012370E-01	-7.17461372E+00	-1.70452676E-03	-7.23434805E-02
-1.65187130E+00	-7.55987453E+00	-1.87322047E-03	-7.33977422E-02
-3.54964604E+00	-7.46964258E+00	-2.05214246E-03	-7.44834798E-02
-5.43866230E+00	-6.87638064E+00	-2.24204826E-03	-7.56340238E-02
-7.18294700E+00	-5.78926287E+00	-2.39919709E-03	-7.67903600E-02
-8.65238814E+00	-4.25425350E+00	-2.59252915E-03	-7.79839919E-02
-9.73260506E+00	-2.35139109E+00	-2.79196257E-03	-7.92226672E-02
-1.03337501E+01	-1.89460339E-01	-2.99925494E-03	-8.05015879E-02
-1.03975598E+01	2.10156619E+00	-3.24332692E-03	-8.18340633E-02
-9.90210688E+00	4.37975863E+00	-3.44934487E-03	-8.32398827E-02
-8.86387256E+00	6.50144614E+00	-3.69707823E-03	-8.46790995E-02
-7.33696386E+00	8.33164964E+00	-3.89829147E-03	-8.61864312E-02
-5.40951641E+00	9.75394304E+00	-4.14469654E-03	-8.77151429E-02
-3.19753725E+00	1.06789922E+01	-4.40463078E-03	-8.93191293E-02
-8.36641501E-01	1.10511181E+01	-4.67550672E-03	-9.09888605E-02
1.52770335E+00	1.08523800E+01	-4.97911465E-03	-9.27196914E-02
3.75069238E+00	1.01038563E+01	-5.27695815E-03	-9.45905900E-02
5.69866451E+00	8.86402007E+00	-5.56296743E-03	-9.64859183E-02
7.25875643E+00	7.22432078E+00	-5.88128167E-03	-9.84733497E-02
8.34699445E+00	5.30230286E+00	-6.21623120E-03	-1.00556686E-01
8.91420866E+00	3.23277707E+00	-6.56767602E-03	-1.02741712E-01
8.94931506E+00	1.15771395E+00	-6.93652602E-03	-1.05035996E-01
8.47971475E+00	-7.84372845E-01	-7.32397777E-03	-1.07448271E-01
7.56877631E+00	-2.46874471E+00	-7.73140438E-03	-1.09988396E-01
6.31059287E+00	-3.79366809E+00	-8.16033946E-03	-1.12667465E-01
4.82241427E+00	-4.68785070E+00	-8.61248434E-03	-1.15497973E-01
3.23533347E+00	-5.11551158E+00	-9.08972403E-03	-1.18494035E-01
1.68394398E+00	-5.07869538E+00	-9.59414830E-03	-1.21671650E-01
2.95763034E-01	-4.61665089E+00	-1.01280768E-02	-1.25049032E-01
-8.18761530E-01	-3.80231984E+00	-1.06940883E-02	-1.28647008E-01
-1.57488843E+00	-2.73620563E+00	-1.12950537E-02	-1.32489509E-01
-1.92019246E+00	-1.53809280E+00	-1.19341736E-02	-1.36604191E-01
-1.83863031E+00	-3.37257647E-01	-1.26150195E-02	-1.41023189E-01
-1.35174188E+00	7.38073600E-01	-1.33415796E-02	-1.45784091E-01
-5.16885257E-01	1.57119982E+00	-1.41183064E-02	-1.50931161E-01
5.77364908E-01	2.06653809E+00	-1.49501641E-02	-1.56516928E-01
1.81830899E+00	2.15758431E+00	-1.58426716E-02	-1.62604250E-01
3.07816035E+00	1.81261383E+00	-1.68019292E-02	-1.69269038E-01
4.22433578E+00	1.03766874E+00	-1.78346125E-02	-1.76603920E-01
5.13020338E+00	-1.23416517E-01	-1.89478999E-02	-1.84723221E-01
5.68545410E+00	-1.59196791E+00	-2.01492709E-02	-1.93769896E-01
5.80528978E+00	-3.26019322E+00	-2.14460611E-02	-2.03925355E-01
5.43770592E+00	-4.99924478E+00	-2.28445510E-02	-2.15423762E-01
4.56829390E+00	-6.66901494E+00	-2.43481506E-02	-2.28573435E-01
3.22217288E+00	-8.12891945E+00	-2.59537790E-02	-2.43789971E-01
1.46288333E+00	-9.24884250E+00	-2.76444939E-02	-2.61649668E-01
-6.11694609E-01	-9.91940354E+00	-2.93738961E-02	-2.82980072E-01
-2.87610541E+00	-1.00607509E+01	-3.10311505E-02	-3.09023413E-01
-5.18626429E+00	-9.62919954E+00	-3.23556714E-02	-3.41756742E-01
-7.38991696E+00	-8.62118999E+00	-3.27022017E-02	-3.84592623E-01
-9.33782304E+00	-7.07424990E+00	-3.02633171E-02	-4.44178323E-01
-1.08948175E+01	-5.06486722E+00	-1.85685539E-02	-5.36326478E-01
-1.19499074E+01	-2.70341866E+00	4.34197740E-02	-7.16032064E-01
-1.24246346E+01	-1.26524643E-01	6.89937974E-01	-5.20470094E-01
-1.22790621E+01	2.51260314E+00	1.45839881E-01	-8.33573597E-01
-1.15149224E+01	5.05509782E+00	3.68447962E-01	-1.31833011E-01
-1.01756811E+01	7.34783591E+00	2.16927242E-01	-1.20810705E+00
-8.34350337E+00	9.25443813E+00	1.09914064E+00	2.76293389E-01
-6.13334473E+00	1.06650416E+01	1.38632410E+00	-1.09147042E+00
-3.68461102E+00	1.15041049E+01	5.00285210E-01	6.35707361E-01
-1.15101395E+00	1.17356548E+01	7.29704398E-01	-3.79082080E-01
1.31061054E+00	1.13655804E+01	2.21841148E-01	3.95621687E-01
3.55167605E+00	1.04408011E+01	1.29362659E+00	1.79459472E-01
5.44254992E+00	9.04537783E+00	3.98643328E-01	5.54786442E-01
6.88177937E+00	7.29386586E+00	2.35726800E-01	4.03914237E-01
7.80314146E+00	5.32241997E+00	1.72686203E-01	3.16385864E-01
8.17998790E+00	3.27833497E+00	1.38267979E-01	2.57580089E-01
8.02656057E+00	1.30882117E+00	1.16301010E-01	2.14404071E-01
7.39618725E+00	-4.50124553E-01	1.00970355E-01	1.80843622E-01
6.37650559E+00	-1.88390230E+00	8.96326410E-02	1.53682235E-01
5.08209058E+00	-2.90776862E+00	8.09002251E-02	1.31012947E-01
3.64506133E+00	-3.47292772E+00	7.39698628E-02	1.11618639E-01
2.20439561E+00	-3.56979242E+00	6.83425025E-02	9.46778261E-02
8.94781624E-01	-3.22817042E+00	6.36910597E-02	7.96107696E-02
-1.64130212E-01	-2.51437000E+00	5.97920592E-02	6.59927570E-02
-8.77243142E-01	-1.52545468E+00	5.64877169E-02	5.35022555E-02
-1.18156083E+00	-3.81098622E-01	5.36636949E-02	4.18883472E-02
-1.05118132E+00	7.86322691E-01	5.12354510E-02	3.09493828E-02
-4.99350012E-01	1.84263362E+00	4.91395524E-02	2.05184263E-02
4.22586608E-01	2.66290307E+00	4.73279908E-02	1.04529361E-02
1.62924839E+00	3.14177280E+00	4.57643855E-02	6.27132467E-04
3.00799536E+00	3.20226339E+00	4.44214267E-02	-9.07392862E-03
4.42788607E+00	2.80237092E+00	4.32791688E-02	-1.87592365E-02
5.75012822E+00	1.93893475E+00	4.23239407E-02	-2.85361373E-02
6.83921288E+00	6.48469896E-01	4.15477408E-02	-3.85144569E-02
7.57387144E+00	-9.95111325E-01	4.09480537E-02	-4.88107823E-02
7.85700417E+00	-2.88572202E+00	4.05280863E-02	-5.95532665E-02
7.62381021E+00	-4.89287519E+00	4.02974793E-02	-7.08873960E-02
6.84748294E+00	-6.87142044E+00	4.02736272E-02	-8.29833061E-02
5.54202313E+00	-8.67250039E+00	4.04838523E-02	-9.60454864E-02
3.76194135E+00	-1.01548910E+01	4.09688600E-02	-1.10326149E-01
1.59885979E+00	-1.11958570E+01	4.17882191E-02	-1.26144279E-01
-8.24738069E-01	-1.17006915E+01	4.30291933E-02	-1.43913679E-01
-3.36414457E+00	-1.16102064E+01	4.48213712E-02	-1.64185704E-01
-5.86280084E+00	-1.09055970E+01	4.73618225E-02	-1.87716886E-01
-8.16362396E+00	-9.61030390E+00	5.09604502E-02	-2.15580694E-01
-1.01204309E+01	-7.78872324E+00	5.61267267E-02	-2.49362165E-01
-1.16085951E+01	-5.54185810E+00	6.37484349E-02	-2.91519259E-01
-1.25341304E+01	-3.00023449E+00	7.54974343E-02	-3.46111100E-01
-1.28405133E+01	-3.14616409E-01	9.48796406E-02	-4.20434081E-01
-1.25127330E+01	2.35478095E+00	1.30516531E-01	-5.29301040E-01
-1.15782619E+01	4.84976522E+00	2.10021902E-01	-7.09082510E-01
-1.01048819E+01	7.02546273E+00	4.86248317E-01	-1.08186833E+00
-8.19553375E+00	8.76058644E+00	2.41374438E+00	2.72757385E-01
-5.98058856E+00	9.96590391E+00	4.64143729E-01	-9.86991494E-01
-3.60813118E+00	1.05902744E+01	7.21068524E-01	1.40690457E+00
-1.23299771E+00	1.06238083E+01	1.48211637E-01	-6.10033472E-01
9.94598379E-01	1.00979238E+01	1.14697960E+00	1.21888829E+00
2.93998986E+00	9.08231254E+00	1.44132169E+00	-2.16836489E-01
4.49370203E+00	7.67906116E+00	4.48330051E-01	1.19214625E+00
5.57909782E+00	6.01439196E+00	1.80519944E-01	7.98586900E-01
6.15745108E+00	4.22866560E+00	1.11504255E-01	6.21505894E-01
6.23007771E+00	2.46542044E+00	8.06153780E-02	5.16343447E-01
5.83738061E+00	8.60291538E-01	6.34616217E-02	4.45091036E-01
5.05490064E+00	-4.69339666E-01	5.27389917E-02	3.93022221E-01
3.98669702E+00	-1.43317486E+00	4.55028643E-02	3.53037653E-01
2.75658171E+00	-1.97463708E+00	4.03456656E-02	3.21227660E-01
1.49789801E+00	-2.07481771E+00	3.65148683E-02	2.95237160E-01
3.42640628E-01	-1.75344280E+00	3.35746547E-02	2.73552558E-01
-5.89236173E-01	-1.06679775E+00	3.12568996E-02	2.55152007E-01
-1.19949411E+00	-1.02786717E-01	2.93886117E-02	2.39318367E-01
-1.41952322E+00	1.02647903E+00	2.78537907E-02	2.25532273E-01
-1.21588139E+00	2.19397833E+00	2.65721219E-02	2.13407653E-01
-5.93038429E-01	3.26823448E+00	2.54864723E-02	2.02651142E-01
4.06883217E-01	4.12411124E+00	2.45552432E-02	1.93035579E-01
1.70734471E+00	4.65310944E+00	2.37475282E-02	1.84382163E-01
3.20334925E+00	4.77236572E+00	2.30399527E-02	1.76548134E-01
4.76965805E+00	4.43165416E+00	2.24145572E-02	1.69418050E-01
6.27062532E+00	3.61784954E+00	2.18573468E-02	1.62897502E-01
7.57089201E+00	2.35650516E+00	2.13572763E-02	1.56908493E-01
8.54611033E+00	7.10422417E-01	2.09055272E-02	1.51385997E-01
9.09287305E+00	-1.22467973E+00	2.04949849E-02	1.46275343E-01
9.13708104E+00	-3.32706500E+00	2.01198532E-02	1.41530223E-01
8.64010529E+00	-5.45792121E+00	1.97753683E-02	1.37111137E-01
7.60226895E+00	-7.47166048E+00	1.94575828E-02	1.32984176E-01
6.06338025E+00	-9.22679061E+00	1.91632005E-02	1.29120057E-01
4.10027484E+00	-1.05965295E+01	1.88894495E-02	1.25493361E-01
1.82155221E+00	-1.14783537E+01	1.86339834E-02	1.22081902E-01
-6.40092567E-01	-1.18017566E+01	1.83948037E-02	1.18866233E-01
-3.13736053E+00	-1.15336286E+01	1.81701976E-02	1.15829229E-01
-5.51894321E+00	-1.06808540E+01	1.79586897E-02	1.12955751E-01
-7.64041812E+00	-9.28993387E+00	1.77590012E-02	1.10232364E-01
-9.37462273E+00	-7.44366908E+00	1.75700179E-02	1.07647111E-01
-1.06207263E+01	-5.25516142E+00	1.73907623E-02	1.05189316E-01
-1.13113221E+01	-2.85959434E+00	1.72203682E-02	1.02849436E-01
-1.14170126E+01	-4.04420712E-01	1.70580536E-02	1.00618943E-01
-1.09481575E+01	1.96129604E+00	1.69030728E-02	9.84902845E-02
-9.95366598E+00	4.09758146E+00	1.67545721E-02	9.64570136E-02
-8.51694421E+00	5.88348345E+00	1.66106783E-02	9.45148247E-02
-6.74932190E+00	7.22549757E+00	1.64484890E-02	9.26654866E-02
-4.78147213E+00	8.06385887E+00	1.63390461E-02	9.08170290E-02
-2.75348883E+00	8.37624275E+00	1.62246295E-02	8.91199513E-02
-8.04382479E-01	8.17861621E+00	1.61037159E-02	8.74813055E-02
9.38203765E-01	7.52319973E+00	1.59534903E-02	8.58903386E-02
2.36728000E+00	6.49372124E+00	1.58845452E-02	8.43727656E-02
3.40409965E+00	5.19834747E+00	1.57334292E-02	8.28719447E-02
4.00349126E+00	3.76085454E+00	1.56543935E-02	8.14569276E-02
4.15654645E+00	2.31072821E+00	1.55597054E-02	8.00966188E-02
3.89048233E+00	9.72962819E-01	1.54453062E-02	7.88009324E-02
3.26571673E+00	-1.41655651E-01	1.53532283E-02	7.74839970E-02
2.37040540E+00	-9.45039680E-01	1.52699738E-02	7.62548163E-02
1.31288604E+00	-1.37841948E+00	1.51834108E-02	7.50633755E-02
2.12629492E-01	-1.41659747E+00	1.50982616E-02	7.39092213E-02
-8.09589446E-01	-1.06952714E+00	1.50151367E-02	7.27909717E-02
-1.64153474E+00	-3.81115986E-01	1.49341396E-02	7.17070557E-02
-2.18860286E+00	5.74635860E-01	1.48552508E-02	7.06559158E-02
-2.38146643E+00	1.69984310E+00	1.47784117E-02	6.96360590E-02
-2.18168492E+00	2.88079325E+00	1.47035501E-02	6.86460695E-02
-1.58485719E+00	3.99721970E+00	1.46305904E-02	6.76846106E-02
-6.21084970E-01	4.93206389E+00	1.45594572E-02	6.67504220E-02
6.47276997E-01	5.58096855E+00	1.44900772E-02	6.58423161E-02
2.13039873E+00	5.86076685E+00	1.44223803E-02	6.49591732E-02
3.71790125E+00	5.71631574E+00	1.43562994E-02	6.40999375E-02
5.28739013E+00	5.12515024E+00	1.42917709E-02	6.32636128E-02
6.71393220E+00	4.09960710E+00	1.42287343E-02	6.24492581E-02
7.87974474E+00	2.68626174E+00	1.41671324E-02	6.16559844E-02
8.68335123E+00	9.62728485E-01	1.41069110E-02	6.08829506E-02
9.04750431E+00	-9.67922487E-01	1.40480187E-02	6.01293610E-02
8.92527318E+00	-2.98469903E+00	1.39904066E-02	5.93944617E-02
8.30383619E+00	-4.95759008E+00	1.39340287E-02	5.86775382E-02
7.20569780E+00	-6.75715672E+00	1.38788409E-02	5.79779127E-02
5.68724549E+00	-8.26407951E+00	1.38248017E-02	5.72949417E-02
3.83476725E+00	-9.37793869E+00	1.37718715E-02	5.66280142E-02
1.75824120E+00	-1.00245663E+01	1.37200126E-02	5.59765489E-02
-4.16622278E-01	-1.01614211E+01	1.36691892E-02	5.53399934E-02
-2.55747629E+00	-9.78059208E+00	1.36193671E-02	5.47178215E-02
-4.53487918E+00	-8.90921764E+00	1.35705138E-02	5.41095321E-02
-6.23156047E+00	-7.60730683E+00	1.35225984E-02	5.35146477E-02
-7.55071690E+00	-5.96314448E+00	1.34755910E-02	5.29327128E-02
-8.42272134E+00	-4.08664517E+00	1.34294636E-02	5.23632927E-02
-8.80975466E+00	-2.10117344E+00	1.33841889E-02	5.18059724E-02
-8.70803063E+00	-1.34458787E-01	1.33397412E-02	5.12603553E-02
-8.14747035E+00	1.69070134E+00	1.32960955E-02	5.07260624E-02
-7.18887715E+00	3.26524921E+00	1.32532280E-02	5.02027308E-02
-5.91885190E+00	4.50152591E+00	1.32111158E-02	4.96900133E-02
-4.44285885E+00	5.33921750E+00	1.31697368E-02	4.91875768E-02
-2.87698698E+00	5.74915909E+00	1.31290693E-02	4.86951014E-02
-1.33904757E+00	5.73473458E+00	1.30890919E-02	4.82122785E-02
6.03095108E-02	5.33079700E+00	1.30497828E-02	4.77388066E-02
1.22578559E+00	4.60022181E+00	1.30111177E-02	4.72743762E-02
2.08431449E+00	3.62838758E+00	1.29730843E-02	4.68185619E-02
2.59012788E+00	2.51603062E+00	1.29377064E-02	4.63718889E-02
2.72764030E+00	1.37104181E+00	1.28993915E-02	4.59338266E-02
2.51196204E+00	2.99847103E-01	1.28630383E-02	4.55031098E-02
1.98702970E+00	-6.00961820E-01	1.28273710E-02	4.50803099E-02
1.22152891E+00	-1.25210607E+00	1.27922866E-02	4.46651480E-02
3.02949345E-01	-1.59764335E+00	1.27577508E-02	4.42573720E-02
-6.69747194E-01	-1.60908902E+00	1.27237487E-02	4.38566803E-02
-1.59426379E+00	-1.28733932E+00	1.26910685E-02	4.34620776E-02
-2.37327383E+00	-6.62271837E-01	1.26579665E-02	4.30776259E-02
-2.92225027E+00	2.09920837E-01	1.26251741E-02	4.26973646E-02
-3.17621965E+00	1.25143504E+00	1.25931241E-02	4.23237437E-02
-3.09492815E+00	2.36921459E+00	1.25615889E-02	4.19564699E-02
-2.66603620E+00	3.46245659E+00	1.25305280E-02	4.15953497E-02
-1.90611185E+00	4.43067553E+00	1.24999225E-02	4.12402150E-02
-8.59365187E-01	5.18169788E+00	1.24697590E-02	4.08909091E-02
4.05759949E-01	5.63897238E+00	1.24400259E-02	4.05472826E-02
1.80185839E+00	5.74763831E+00	1.24107128E-02	4.02091922E-02
3.22927969E+00	5.47889508E+00	1.23818098E-02	3.98764996E-02
4.58376264E+00	4.83235100E+00	1.23533076E-02	3.95490718E-02
5.76439602E+00	3.83618597E+00	1.23251971E-02	3.92267800E-02
6.68129503E+00	2.54513299E+00	1.22974697E-02	3.89094997E-02
7.26241005E+00	1.03644785E+00	1.22701171E-02	3.85971108E-02
7.45895582E+00	-5.95809334E-01	1.22431311E-02	3.82894969E-02
7.24906015E+00	-2.24773377E+00	1.22165039E-02	3.79865453E-02
6.63936944E+00	-3.81323810E+00	1.21902279E-02	3.76881471E-02
5.66450818E+00	-5.19183101E+00	1.21642957E-02	3.73941966E-02
4.38445189E+00	-6.29592376E+00	1.21387003E-02	3.71045915E-02
2.88003238E+00	-7.05711706E+00	1.21134346E-02	3.68192329E-02
1.24693277E+00	-7.43100582E+00	1.20884919E-02	3.65380245E-02
-4.11359883E-01	-7.40015479E+00	1.20638656E-02	3.62608733E-02
-1.99110181E+00	-6.97504283E+00	1.20395495E-02	3.59876889E-02
-3.39576736E+00	-6.19292834E+00	1.20155373E-02	3.57183837E-02
-4.54288969E+00	-5.11474715E+00	1.19918230E-02	3.54528727E-02
-5.36976259E+00	-3.82030204E+00	1.19684008E-02	3.51910734E-02
-5.83758993E+00	-2.40212806E+00	1.19452650E-02	3.49329057E-02
-5.93379345E+00	-9.58514562E-01	1.19224100E-02	3.46782918E-02
-5.67233273E+00	4.13779681E-01	1.18998305E-02	3.44271563E-02
-5.09204337E+00	1.62656439E+00	1.18775213E-02	3.41794257E-02
-4.25315094E+00	2.60648297E+00	1.18554771E-02	3.39350287E-02
-3.23225232E+00	3.30004484E+00	1.18336931E-02	3.36938961E-02
-2.11617036E+00	3.67706514E+00	1.18121644E-02	3.34559605E-02
-9.95164821E-01	3.73227944E+00	1.17908863E-02	3.32211565E-02
4.39741833E-02	3.48504185E+00	1.17698542E-02	3.29894204E-02
9.24424270E-01	2.97716409E+00	1.17490635E-02	3.27606902E-02
1.58493408E+00	2.26909156E+00	1.17285100E-02	3.25349058E-02
1.98412026E+00	1.43473792E+00	1.17081894E-02	3.23120086E-02
2.10315477E+00	5.55395551E-01	1.16880967E-02	3.20919422E-02
1.94666453E+00	-2.86796904E-01	1.16682295E-02	3.18746481E-02
1.54180725E+00	-1.01532176E+00	1.16485795E-02	3.16600792E-02
9.35625210E-01	-1.56519108E+00	1.16291513E-02	3.14481669E-02
1.90909886E-01	-1.88785264E+00	1.16099285E-02	3.12388771E-02
-6.19079692E-01	-1.95473453E+00	1.15909290E-02	3.10321531E-02
-1.41662064E+00	-1.75917810E+00	1.15721283E-02	3.08279504E-02
-2.12577790E+00	-1.31663786E+00	1.15535289E-02	3.06262193E-02
-2.67842026E+00	-6.63160612E-01	1.15351219E-02	3.04269039E-02
-3.01954127E+00	1.47712184E-01	1.15169163E-02	3.02299738E-02
-3.11148732E+00	1.04935559E+00	1.14989088E-02	3.00353720E-02
-2.93678476E+00	1.96742794E+00	1.14810852E-02	2.98430686E-02
-2.49936966E+00	2.82576580E+00	1.14634488E-02	2.96530136E-02
-1.82415027E+00	3.55234800E+00	1.14459942E-02	2.94651688E-02
-9.54959257E-01	4.08487016E+00	1.14287195E-02	2.92794933E-02
4.89233291E-02	4.37550905E+00	1.14116216E-02	2.90959486E-02
1.11739074E+00	4.39452457E+00	1.13946978E-02	2.89144967E-02
2.17490421E+00	4.13244074E+00	1.13779453E-02	2.87351007E-02
3.14623969E+00	3.60066108E+00	1.13613614E-02	2.85577243E-02
3.96214459E+00	2.83049345E+00	1.13449434E-02	2.83823325E-02
4.56447585E+00	1.87068283E+00	1.13286887E-02	2.82088906E-02
4.91043851E+00	7.83660902E-01	1.13125948E-02	2.80373652E-02
4.97561692E+00	-3.59183824E-01	1.12966591E-02	2.78677232E-02
4.75558945E+00	-1.48284253E+00	1.12808792E-02	2.76999327E-02
4.26602696E+00	-2.51421734E+00	1.12652527E-02	2.75339621E-02
3.54129331E+00	-3.38742660E+00	1.12497772E-02	2.73697810E-02
2.63167862E+00	-4.04848993E+00	1.12344505E-02	2.72073592E-02
1.59949704E+00	-4.45905081E+00	1.12192702E-02	2.70466675E-02
5.14363465E-01	-4.59887566E+00	1.12042343E-02	2.68876773E-02
-5.51982093E-01	-4.46696436E+00	1.11893404E-02	2.67303606E-02
-1.53090442E+00	-4.08121607E+00	1.11745866E-02	2.65746898E-02
-2.36176526E+00	-3.47670469E+00	1.11599707E-02	2.64206384E-02
-2.99611755E+00	-2.70272139E+00	1.11454908E-02	2.62681800E-02
-3.40090238E+00	-1.81883276E+00	1.11311447E-02	2.61172890E-02
-3.56043145E+00	-8.90270962E-01	1.11169306E-02	2.59679404E-02
-3.47703302E+00	1.69829917E-02	1.11028465E-02	2.58201095E-02
-3.17034468E+00	8.41047251E-01	1.10888906E-02	2.56737724E-02
-2.67533712E+00	1.52855625E+00	1.10750610E-02	2.55289056E-02
-2.03924890E+00	2.03832524E+00	1.10613559E-02	2.53854860E-02
-1.31768881E+00	2.34400589E+00	1.10477736E-02	2.52434911E-02
-5.70220276E-01	2.43555765E+00	1.10343123E-02	2.51028988E-02
1.44226094E-01	2.31945501E+00	1.10209704E-02	2.49636876E-02
7.71762017E-01	2.01764687E+00	1.10077460E-02	2.48258362E-02
1.26744387E+00	1.56537986E+00	1.09946377E-02	2.46893239E-02
1.59838715E+00	1.00807967E+00	1.09816438E-02	2.45541305E-02
1.74587732E+00	3.97551738E-01	1.09687626E-02	2.44202360E-02
1.70634472E+00	-2.12192466E-01	1.09559928E-02	2.42876210E-02
1.49115960E+00	-7.69157294E-01	1.09433327E-02	2.41562663E-02
1.12529483E+00	-1.22731032E+00	1.09307809E-02	2.40261532E-02
6.44988943E-01	-1.54996343E+00	1.09183358E-02	2.38972634E-02
9.46135106E-02	-1.71234523E+00	1.09059962E-02	2.37695789E-02
-4.76994066E-01	-1.70319125E+00	1.08937604E-02	2.36430821E-02
-1.02043975E+00	-1.52525751E+00	1.08816273E-02	2.35177556E-02
-1.48961893E+00	-1.19474732E+00	1.08695953E-02	2.33935826E-02
-1.84520879E+00	-7.39725005E-01	1.08576632E-02	2.32705464E-02
-2.05755051E+00	-1.97663947E-01	1.08458296E-02	2.31486307E-02
-2.10871821E+00	3.87659967E-01	1.08340934E-02	2.30278196E-02
-1.99364011E+00	9.69676256E-01	1.08224531E-02	2.29080972E-02
-1.72021151E+00	1.50265106E+00	1.08109075E-02	2.27894484E-02
-1.30841949E+00	1.94516259E+00	1.07994555E-02	2.26718579E-02
-7.88572041E-01	2.26316178E+00	1.07880958E-02	2.25553110E-02
-1.98791091E-01	2.43239698E+00	1.07768272E-02	2.24397931E-02
4.18020658E-01	2.44003768E+00	1.07656486E-02	2.23252899E-02
1.01749517E+00	2.28539621E+00	1.07545589E-02	2.22117876E-02
1.55713812E+00	1.97971925E+00	1.07435569E-02	2.20992722E-02
1.99944003E+00	1.54509115E+00	1.07326415E-02	2.19877304E-02
2.31453118E+00	1.01255756E+00	1.07218116E-02	2.18771490E-02
2.48219524E+00	4.19633812E-01	1.07110662E-02	2.17675148E-02
2.49310948E+00	-1.92597197E-01	1.07004042E-02	2.16588151E-02
2.34924283E+00	-7.82566743E-01	1.06898246E-02	2.15510374E-02
2.06340861E+00	-1.31124662E+00	1.06793264E-02	2.14441695E-02
1.65803231E+00	-1.74489515E+00	1.06689086E-02	2.13381991E-02
1.16325278E+00	-2.05732816E+00	1.06585701E-02	2.12331144E-02
6.14519901E-01	-2.23156178E+00	1.06483101E-02	2.11289039E-02
4.98854816E-02	-2.26072670E+00	1.06381276E-02	2.10255559E-02
-4.92801254E-01	-2.14821261E+00	1.06280216E-02	2.09230592E-02
-9.78581919E-01	-1.90705951E+00	1.06179913E-02	2.08214028E-02
-1.37776644E+00	-1.55867015E+00	1.06080357E-02	2.07205758E-02
-1.66783621E+00	-1.13096421E+00	1.05981539E-02	2.06205676E-02
-1.83475051E+00	-6.56133334E-01	1.05883451E-02	2.05213675E-02
-1.87358500E+00	-1.68178760E-01	1.05786085E-02	2.04229654E-02
-1.78848206E+00	2.99577891E-01	1.05689430E-02	2.03253510E-02
-1.59194709E+00	7.16825464E-01	1.05593480E-02	2.02285143E-02
-1.30357086E+00	1.05827165E+00	1.05498227E-02	2.01324457E-02
-9.48298233E-01	1.30519465E+00	1.05403661E-02	2.00371354E-02
-5.54391931E-01	1.44644591E+00	1.05309775E-02	1.99425739E-02
-1.51255511E-01	1.47885533E+00	1.05216561E-02	1.98487520E-02
2.32716681E-01	1.40703887E+00	1.05124012E-02	1.97556605E-02
5.72106265E-01	1.24265238E+00	1.05032120E-02	1.96632903E-02
8.46118088E-01	1.00317487E+00	1.04940877E-02	1.95716327E-02
1.03980406E+00	7.10336082E-01	1.04850276E-02	1.94806788E-02
1.14479591E+00	3.88322557E-01	1.04760310E-02	1.93904201E-02
1.15951991E+00	6.19074473E-02	1.04670972E-02	1.93008482E-02
1.08890756E+00	-2.45354708E-01	1.04582254E-02	1.92119548E-02
9.43651882E-01	-5.12738543E-01	1.04494150E-02	1.91237317E-02
7.39091913E-01	-7.23656999E-01	1.04406653E-02	1.90361708E-02
4.93829228E-01	-8.66591158E-01	1.04319757E-02	1.89492643E-02
2.28195472E-01	-9.35595571E-01	1.04233453E-02	1.88630043E-02
-3.73074223E-02	-9.30369675E-01	1.04147737E-02	1.87773833E-02
-2.83477998E-01	-8.55917610E-01	1.04062601E-02	1.86923937E-02
-4.93694961E-01	-7.21849636E-01	1.03978040E-02	1.86080280E-02
-6.54925757E-01	-5.41400308E-01	1.03894046E-02	1.85242790E-02
-7.58408766E-01	-3.30255383E-01	1.03810615E-02	1.84411395E-02
-7.99983749E-01	-1.05286842E-01	1.03727739E-02	1.83586023E-02
-7.80072011E-01	1.16705481E-01	1.03645413E-02	1.82766606E-02
-7.03335053E-01	3.20154319E-01	1.03563631E-02	1.81953075E-02
-5.78061574E-01	4.91712046E-01	1.03482387E-02	1.81145362E-02
-4.15349020E-01	6.21006739E-01	1.03401676E-02	1.80343400E-02
-2.28156084E-01	7.01133165E-01	1.03321491E-02	1.79547125E-02
-3.03043768E-02	7.28866478E-01	1.03241827E-02	1.78756471E-02
1.64494642E-01	7.04608760E-01	1.03162679E-02	1.77971376E-02
3.43522096E-01	6.32097644E-01	1.03084042E-02	1.77191776E-02
4.95790288E-01	5.17920287E-01	1.03005909E-02	1.76417609E-02
6.12601510E-01	3.70886999E-01	1.02928276E-02	1.75648816E-02
6.87908281E-01	2.01321737E-01	1.02851138E-02	1.74885337E-02
7.18472852E-01	2.03273825E-02	1.02774489E-02	1.74127112E-02
7.03839863E-01	-1.60922872E-01	1.02698324E-02	1.73374083E-02
6.46146696E-01	-3.31824926E-01	1.02622639E-02	1.72626194E-02
5.49805863E-01	-4.82882251E-01	1.02547429E-02	1.71883387E-02
4.21096586E-01	-6.06124660E-01	1.02472688E-02	1.71145608E-02
2.67703998E-01	-6.95399475E-01	1.02398411E-02	1.70412802E-02
9.82407728E-02	-7.46539354E-01	1.02324595E-02	1.69684914E-02
-7.82199725E-02	-7.57417810E-01	1.02251235E-02	1.68961891E-02
-2.52578292E-01	-7.27910342E-01	1.02178326E-02	1.68243682E-02
-4.16094556E-01	-6.59780741E-01	1.02105863E-02	1.67530234E-02
-5.60723147E-01	-5.56512087E-01	1.02033842E-02	1.66821497E-02
-6.79393370E-01	-4.23099718E-01	1.01962258E-02	1.66117420E-02
-7.66241276E-01	-2.65818262E-01	1.01891108E-02	1.65417953E-02
-8.16798680E-01	-9.19711913E-02	1.01820386E-02	1.64723050E-02
-8.28145260E-01	9.03749115E-02	1.01750090E-02	1.64032660E-02
-7.99026674E-01	2.72671624E-01	1.01680214E-02	1.63346736E-02
-7.29938967E-01	4.46188822E-01	1.01610754E-02	1.62665233E-02
-6.23173751E-01	6.02336603E-01	1.01541707E-02	1.61988104E-02
-4.82815927E-01	7.33009560E-01	1.01473068E-02	1.61315302E-02
-3.14681414E-01	8.30950569E-01	1.01404833E-02	1.60646785E-02
-1.26181960E-01	8.90124357E-01	1.01336999E-02	1.59982506E-02
7.38949747E-02	9.06086237E-01	1.01269562E-02	1.59322423E-02
2.75699830E-01	8.76323740E-01	1.01202517E-02	1.58666493E-02
4.68729380E-01	8.00545027E-01	1.01135862E-02	1.58014673E-02
6.42324161E-01	6.80884434E-01	1.01069591E-02	1.57366922E-02
7.86237869E-01	5.21995471E-01	1.01003703E-02	1.56723197E-02
8.91252807E-01	3.31005496E-01	1.00938192E-02	1.56083459E-02
9.49805223E-01	1.17312008E-01	1.00873056E-02	1.55447667E-02
9.56577330E-01	-1.07788122E-01	1.00808291E-02	1.54815782E-02
9.09008640E-01	-3.31633926E-01	1.00743893E-02	1.54187764E-02
8.07678028E-01	-5.40882106E-01	1.00679860E-02	1.53563575E-02
6.56513037E-01	-7.22303393E-01	1.00616187E-02	1.52943177E-02
4.62790075E-01	-8.63647771E-01	1.00552871E-02	1.52326532E-02
2.36903271E-01	-9.54521197E-01	1.00489909E-02	1.51713603E-02
-8.10509217E-03	-9.87209961E-01	1.00427298E-02	1.51104353E-02
-2.57240417E-01	-9.57384846E-01	1.00365034E-02	1.50498747E-02
-4.94446304E-01	-8.64621612E-01	1.00303114E-02	1.49896749E-02
-7.03640050E-01	-7.12681628E-01	1.00241536E-02	1.49298323E-02
-8.69826192E-01	-5.09511631E-01	1.00180295E-02	1.48703435E-02
-9.80210560E-01	-2.66940066E-01	1.00119390E-02	1.48112050E-02
-1.02522942E+00	-6.96362060E-05	1.00058816E-02	1.47524136E-02
-9.99409635E-01	2.73609355E-01	9.99985713E-03	1.46939657E-02
-9.01982002E-01	5.35337436E-01	9.99386522E-03	1.46358582E-02
-7.37184376E-01	7.66365535E-01	9.98790561E-03	1.45780877E-02
-5.14211605E-01	9.49308756E-01	9.98197800E-03	1.45206512E-02
-2.46793703E-01	1.06947477E+00	9.97608211E-03	1.44635452E-02
4.75868310E-02	1.11606353E+00	9.97021765E-03	1.44067669E-02
3.48799846E-01	1.08313890E+00	9.96438435E-03	1.43503130E-02
6.35426821E-01	9.70284415E-01	9.95858192E-03	1.42941805E-02
8.86283901E-01	7.82876562E-01	9.95281010E-03	1.42383664E-02
1.08199975E+00	5.31933891E-01	9.94706862E-03	1.41828676E-02
1.20652909E+00	2.33533255E-01	9.94135719E-03	1.41276814E-02
1.24848246E+00	-9.21832914E-02	9.93567558E-03	1.40728047E-02
1.20216039E+00	-4.22353187E-01	9.93002350E-03	1.40182346E-02
1.06819911E+00	-7.33001696E-01	9.92440072E-03	1.39639684E-02
8.53760253E-01	-1.00080151E+00	9.91880696E-03	1.39100033E-02
5.72230569E-01	-1.20485345E+00	9.91324198E-03	1.38563364E-02
2.42434196E-01	-1.32835192E+00	9.90770553E-03	1.38029651E-02
-1.12601561E-01	-1.36000068E+00	9.90219736E-03	1.37498866E-02
-4.67248694E-01	-1.29505986E+00	9.89671724E-03	1.36970982E-02
-7.95139848E-01	-1.13592809E+00	9.89126491E-03	1.36445975E-02
-1.07115333E+00	-8.92196984E-01	9.88584015E-03	1.35923816E-02
-1.27337283E+00	-5.80154269E-01	9.88044271E-03	1.35404481E-02
-1.38486827E+00	-2.21753435E-01	9.87507237E-03	1.34887944E-02
-1.39515311E+00	1.56888480E-01	9.86972889E-03	1.34374181E-02
-1.30119346E+00	5.27365431E-01	9.86441205E-03	1.33863165E-02
-1.10787488E+00	8.61095760E-01	9.85912162E-03	1.33354874E-02
-8.27872466E-01	1.13151852E+00	9.85385739E-03	1.32849281E-02
-4.80914100E-01	1.31620455E+00	9.84861912E-03	1.32346365E-02
-9.24747383E-02	1.39871518E+00	9.84340661E-03	1.31846100E-02
3.08015417E-01	1.37005633E+00	9.83821964E-03	1.31348464E-02
6.89324680E-01	1.22960147E+00	9.83305799E-03	1.30853433E-02
1.02077946E+00	9.85396107E-01	9.82792146E-03	1.30360984E-02
1.27465292E+00	6.53800266E-01	9.82280984E-03	1.29871096E-02
1.42839766E+00	2.58477559E-01	9.81772292E-03	1.29383745E-02
1.46654516E+00	-1.71210509E-01	9.81266050E-03	1.28898909E-02
1.38211430E+00	-6.02297793E-01	9.80762237E-03	1.28416568E-02
1.17740632E+00	-1.00064579E+00	9.80260835E-03	1.27936698E-02
8.64106999E-01	-1.33353672E+00	9.79761822E-03	1.27459280E-02
4.62668897E-01	-1.57223053E+00	9.79265180E-03	1.26984291E-02
1.00217186E-03	-1.69428788E+00	9.78770890E-03	1.26511711E-02
-4.87443953E-01	-1.68547277E+00	9.78278932E-03	1.26041519E-02
-9.66076342E-01	-1.54107737E+00	9.77789288E-03	1.25573695E-02
-1.39785791E+00	-1.26655185E+00	9.77301938E-03	1.25108219E-02
-1.74811146E+00	-8.77373055E-01	9.76816865E-03	1.24645071E-02
-1.98721451E+00	-3.98143910E-01	9.76334050E-03	1.24184231E-02
-2.09297502E+00	1.39026381E-01	9.75853475E-03	1.23725680E-02
-2.05249789E+00	6.96752962E-01	9.75375122E-03	1.23269398E-02
-1.86338751E+00	1.23505998E+00	9.74898973E-03	1.22815367E-02
-1.53417891E+00	1.71432300E+00	9.74425012E-03	1.22363567E-02
-1.08394830E+00	2.09824913E+00	9.73953220E-03	1.21913980E-02
-5.41115102E-01	2.35666741E+00	9.73483580E-03	1.21466588E-02
5.84888495E-02	2.46791147E+00	9.73016076E-03	1.21021372E-02
6.74149649E-01	2.42060434E+00	9.72550691E-03	1.20578314E-02
1.26321908E+00	2.21469689E+00	9.72087408E-03	1.20137397E-02
1.78426160E+00	1.86166694E+00	9.71626211E-03	1.19698603E-02
2.20016363E+00	1.38384850E+00	9.71167082E-03	1.19261914E-02
2.48096604E+00	8.12927284E-01	9.70710007E-03	1.18827314E-02
2.60619868E+00	1.87703997E-01	9.70254970E-03	1.18394784E-02
2.56652965E+00	-4.48715808E-01	9.69801954E-03	1.17964309E-02
2.36459237E+00	-1.05209841E+00	9.69350943E-03	1.17535871E-02
2.01491421E+00	-1.58038783E+00	9.68901923E-03	1.17109454E-02
1.54293864E+00	-1.99688868E+00	9.68454878E-03	1.16685042E-02
9.83203226E-01	-2.27308018E+00	9.68009794E-03	1.16262618E-02
3.76800879E-01	-2.39083965E+00	9.67566654E-03	1.15842167E-02
-2.31689544E-01	-2.34389618E+00	9.67125444E-03	1.15423672E-02
-7.97574770E-01	-2.13839252E+00	9.66686149E-03	1.15007119E-02
-1.27946452E+00	-1.79249937E+00	9.66248755E-03	1.14592491E-02
-1.64247190E+00	-1.33510022E+00	9.65813248E-03	1.14179773E-02
-1.86094698E+00	-8.03635544E-01	9.65379613E-03	1.13768950E-02
-1.92052588E+00	-2.41262862E-01	9.64947835E-03	1.13360007E-02
-1.81932883E+00	3.06456736E-01	9.64517902E-03	1.12952929E-02
-1.56820288E+00	7.95094899E-01	9.64089799E-03	1.12547702E-02
-1.18997927E+00	1.18484384E+00	9.63663512E-03	1.12144310E-02
-7.17789824E-01	1.44368507E+00	9.63239028E-03	1.11742740E-02
-1.92561559E-01	1.54998871E+00	9.62816333E-03	1.11342977E-02
3.40126722E-01	1.49433500E+00	9.62395414E-03	1.10945007E-02
8.33590262E-01	1.28040626E+00	9.61976259E-03	1.10548816E-02
1.24371616E+00	9.24868416E-01	9.61558853E-03	1.10154391E-02
1.53249000E+00	4.56238009E-01	9.61143184E-03	1.09761717E-02
1.67109523E+00	-8.71905880E-02	9.60729238E-03	1.09370781E-02
1.64233966E+00	-6.60209149E-01	9.60317005E-03	1.08981569E-02
1.44221204E+00	-1.21413958E+00	9.59906470E-03	1.08594069E-02
1.08043659E+00	-1.70059832E+00	9.59497621E-03	1.08208268E-02
5.79969647E-01	-2.07529446E+00	9.59090446E-03	1.07824151E-02
-2.45370590E-02	-2.30156816E+00	9.58684933E-03	1.07441707E-02
-6.89200685E-01	-2.35339272E+00	9.58281070E-03	1.07060922E-02
-1.36412172E+00	-2.21760188E+00	9.57878844E-03	1.06681785E-02
-1.99710999E+00	-1.89516053E+00	9.57478245E-03	1.06304281E-02
-2.53764239E+00	-1.40136940E+00	9.57079259E-03	1.05928400E-02
-2.94075087E+00	-7.64974280E-01	9.56681876E-03	1.05554129E-02
-3.17054141E+00	-2.62353171E-02	9.56286083E-03	1.05181456E-02
-3.20307019E+00	7.65908268E-01	9.55891870E-03	1.04810368E-02
-3.02834907E+00	1.55737115E+00	9.55499226E-03	1.04440854E-02
-2.65131769E+00	2.29289018E+00	9.55108138E-03	1.04072902E-02
-2.09169685E+00	2.92012965E+00	9.54718596E-03	1.03706500E-02
-1.38272289E+00	3.39361150E+00	9.54330588E-03	1.03341638E-02
-5.68848941E-01	3.67816934E+00	9.53944105E-03	1.02978302E-02
2.97421705E-01	3.75165855E+00	9.53559135E-03	1.02616483E-02
1.15933611E+00	3.60670985E+00	9.53175667E-03	1.02256169E-02
1.96004245E+00	3.25138484E+00	9.52793691E-03	1.01897348E-02
2.64677734E+00	2.70867515E+00	9.52413196E-03	1.01540010E-02
3.17477170E+00	2.01487545E+00	9.52034171E-03	1.01184144E-02
3.51057571E+00	1.21694589E+00	9.51656608E-03	1.00829740E-02
3.63454607E+00	3.69059593E-01	9.51280494E-03	1.00476785E-02
3.54230144E+00	-4.71407443E-01	9.50905821E-03	1.00125270E-02
3.24502927E+00	-1.24814027E+00	9.50532578E-03	9.97751851E-03
2.76861546E+00	-1.91007921E+00	9.50160755E-03	9.94265186E-03
2.15165735E+00	-2.41522323E+00	9.49790342E-03	9.90792608E-03
1.44250807E+00	-2.73375005E+00	9.49421330E-03	9.87334015E-03
6.95573988E-01	-2.85021134E+00	9.49053708E-03	9.83889305E-03
-3.28530225E-02	-2.76463096E+00	9.48687468E-03	9.80458379E-03
-6.88910452E-01	-2.49241828E+00	9.48322600E-03	9.77041137E-03
-1.22529586E+00	-2.06309868E+00	9.47959093E-03	9.73637482E-03
-1.60489441E+00	-1.51795515E+00	9.47596940E-03	9.70247316E-03
-1.80362217E+00	-9.06758831E-01	9.47236130E-03	9.66870543E-03
-1.81226233E+00	-2.83837782E-01	9.46876655E-03	9.63507067E-03
-1.63714911E+00	2.96214569E-01	9.46518505E-03	9.60156794E-03
-1.29964164E+00	7.82860770E-01	9.46161671E-03	9.56819630E-03
-8.34423748E-01	1.13363548E+00	9.45806145E-03	9.53495482E-03
-2.86756452E-01	1.31754418E+00	9.45451917E-03	9.50184259E-03
2.91108711E-01	1.31757765E+00	9.45098979E-03	9.46885869E-03
8.44080978E-01	1.13214301E+00	9.44747322E-03	9.43600222E-03
1.31862741E+00	7.75294674E-01	9.44396937E-03	9.40327229E-03
1.66707536E+00	2.75740648E-01	9.44047816E-03	9.37066800E-03
1.85148647E+00	-3.25305441E-01	9.43699951E-03	9.33818848E-03
1.84679891E+00	-9.77267247E-01	9.43353332E-03	9.30583286E-03
1.64299009E+00	-1.62410577E+00	9.43007952E-03	9.27360028E-03
1.24608617E+00	-2.20867990E+00	9.42663802E-03	9.24148988E-03
6.77932618E-01	-2.67723299E+00	9.42320874E-03	9.20950081E-03
-2.52643481E-02	-2.98365991E+00	9.41979160E-03	9.17763223E-03
-8.15521619E-01	-3.09322426E+00	9.41638653E-03	9.14588332E-03
-1.63659650E+00	-2.98543543E+00	9.41299343E-03	9.11425324E-03
-2.42817354E+00	-2.65585933E+00	9.40961223E-03	9.08274118E-03
-3.13040391E+00	-2.11671632E+00	9.40624285E-03	9.05134633E-03
-3.68845151E+00	-1.39621334E+00	9.40288521E-03	9.02006789E-03
-4.05669858E+00	-5.36653268E-01	9.39953924E-03	8.98890505E-03
-4.20228708E+00	4.08541073E-01	9.39620487E-03	8.95785704E-03
-4.10772269E+00	1.37866711E+00	9.39288200E-03	8.92692306E-03
-3.77233804E+00	2.31015918E+00	9.38957057E-03	8.89610235E-03
-3.21249884E+00	3.14124803E+00	9.38627051E-03	8.86539413E-03
-2.46053192E+00	3.81651060E+00	9.38298173E-03	8.83479764E-03
-1.56245192E+00	4.29096391E+00	9.37970417E-03	8.80431214E-03
-5.74655527E-01	4.53339160E+00	9.37643776E-03	8.77393686E-03
4.40169179E-01	4.52864865E+00	9.37318241E-03	8.74367107E-03
1.41760933E+00	4.27876776E+00	9.36993807E-03	8.71351403E-03
2.29622489E+00	3.80278188E+00	9.36670465E-03	8.68346501E-03
3.02202107E+00	3.13527493E+00	9.36348209E-03	8.65352329E-03
3.55235645E+00	2.32377059E+00	9.36027031E-03	8.62368815E-03
3.85899045E+00	1.42515690E+00	9.35706926E-03	8.59395889E-03
3.93003902E+00	5.01419311E-01	9.35387886E-03	8.56433479E-03
3.77069138E+00	-3.84993232E-01	9.35069903E-03	8.53481516E-03
3.40263460E+00	-1.17581570E+00	9.34752972E-03	8.50539930E-03
2.86223245E+00	-1.82127369E+00	9.34437086E-03	8.47608653E-03
2.19759972E+00	-2.28372158E+00	9.34122238E-03	8.44687617E-03
1.46479831E+00	-2.54033511E+00	9.33808421E-03	8.41776754E-03
7.23448375E-01	-2.58465474E+00	9.33495629E-03	8.38875998E-03
3.20924103E-02	-2.42686378E+00	9.33183855E-03	8.35985281E-03
-5.56330403E-01	-2.09278315E+00	9.32873093E-03	8.33104538E-03
-9.98552029E-01	-1.62166301E+00	9.32563337E-03	8.30233704E-03
-1.26427241E+00	-1.06294411E+00	9.32254580E-03	8.27372714E-03
-1.33843262E+00	-4.72241189E-01	9.31946816E-03	8.24521504E-03
-1.22229009E+00	9.31399802E-02	9.31640038E-03	8.21680010E-03
-9.33214469E-01	5.78803748E-01	9.31334241E-03	8.18848169E-03
-5.03221458E-01	9.37627645E-01	9.31029418E-03	8.16025918E-03
2.36410689E-02	1.13354885E+00	9.30725564E-03	8.13213195E-03
5.94850978E-01	1.14448067E+00	9.30422671E-03	8.10409939E-03
1.15363824E+00	9.64132568E-01	9.30120735E-03	8.07616089E-03
1.64355166E+00	6.02592026E-01	9.29819749E-03	8.04831583E-03
2.01301227E+00	8.56221582E-02	9.29519707E-03	8.02056363E-03
2.21950021E+00	-5.47272241E-01	9.29220604E-03	7.99290367E-03
2.23305016E+00	-1.24586196E+00	9.28922434E-03	7.96533538E-03
2.03878374E+00	-1.95306281E+00	9.28625190E-03	7.93785816E-03
1.63828091E+00	-2.60935967E+00	9.28328867E-03	7.91047144E-03
1.04968215E+00	-3.15744521E+00	9.28033460E-03	7.88317463E-03
3.06510283E-01	-3.54671638E+00	9.27738963E-03	7.85596717E-03
-5.44700437E-01	-3.73728232E+00	9.27445370E-03	7.82884849E-03
-1.44778899E+00	-3.70317516E+00	9.27152675E-03	7.80181802E-03
-2.34110905E+00	-3.43451536E+00	9.26860874E-03	7.77487520E-03
-3.16211206E+00	-2.93846413E+00	9.26569960E-03	7.74801949E-03
-3.85202318E+00	-2.23888739E+00	9.26279929E-03	7.72125032E-03
-4.36025361E+00	-1.37475499E+00	9.25990775E-03	7.69456717E-03
-4.64821367E+00	-3.97395279E-01	9.25702492E-03	7.66796947E-03
-4.69223616E+00	6.33187772E-01	9.25415075E-03	7.64145671E-03
-4.48538818E+00	1.65265556E+00	9.25128520E-03	7.61502834E-03
-4.03803405E+00	2.59700551E+00	9.24842820E-03	7.58868384E-03
-3.37710758E+00	3.40721745E+00	9.24557971E-03	7.56242269E-03
-2.54415043E+00	4.03352461E+00	9.24273967E-03	7.53624436E-03
-1.59226664E+00	4.43898712E+00	9.23990804E-03	7.51014834E-03
-5.82226426E-01	4.60209972E+00	9.23708476E-03	7.48413411E-03
4.21984297E-01	4.51823967E+00	9.23426978E-03	7.45820117E-03
1.35783018E+00	4.19984940E+00	9.23146306E-03	7.43234902E-03
2.16875498E+00	3.67534563E+00	9.22866454E-03	7.40657715E-03
2.80823049E+00	2.98684302E+00	9.22587417E-03	7.38088507E-03
3.24302158E+00	2.18687120E+00	9.22309191E-03	7.35527228E-03
3.45542439E+00	1.33433938E+00	9.22031770E-03	7.32973831E-03
3.44431368E+00	4.90059562E-01	9.21755151E-03	7.30428265E-03
3.22492737E+00	-2.87828446E-01	9.21479327E-03	7.27890484E-03
2.82741281E+00	-9.48181230E-01	9.21204295E-03	7.25360440E-03
2.29425413E+00	-1.45059660E+00	9.20930049E-03	7.22838084E-03
1.67678512E+00	-1.76829703E+00	9.20656586E-03	7.20323371E-03
1.03106089E+00	-1.88993642E+00	9.20383900E-03	7.17816253E-03
4.13409960E-01	-1.82019916E+00	9.20111986E-03	7.15316684E-03
-1.23989431E-01	-1.57915346E+00	9.19840841E-03	7.12824619E-03
-5.37167767E-01	-1.20041700E+00	9.19570459E-03	7.10340011E-03
-7.93746871E-01	-7.28284078E-01	9.19300837E-03	7.07862816E-03
-8.75389232E-01	-2.14042428E-01	9.19031969E-03	7.05392989E-03
-7.79129886E-01	2.88230478E-01	9.18763852E-03	7.02930484E-03
-5.17493733E-01	7.26063547E-01	9.18496480E-03	7.00475258E-03
-1.17394884E-01	1.05283866E+00	9.18229850E-03	6.98027267E-03
3.82090891E-01	1.23155925E+00	9.17963957E-03	6.95586467E-03
9.32903717E-01	1.23785042E+00	9.17698797E-03	6.93152816E-03
1.48187712E+00	1.06196050E+00	9.17434365E-03	6.90726269E-03
1.97501295E+00	7.09612173E-01	9.17170658E-03	6.88306785E-03
2.36182145E+00	2.01639892E-01	9.16907671E-03	6.85894322E-03
2.59939025E+00	-4.27555286E-01	9.16645399E-03	6.83488836E-03
2.65586861E+00	-1.13261205E+00	9.16383840E-03	6.81090287E-03
2.51309838E+00	-1.86067328E+00	9.16122988E-03	6.78698634E-03
2.16819050E+00	-2.55544042E+00	9.15862839E-03	6.76313834E-03
1.63392684E+00	-3.16150519E+00	9.15603390E-03	6.73935848E-03
9.37957942E-01	-3.62862536E+00	9.15344636E-03	6.71564635E-03
1.20859649E-01	-3.91561738E+00	9.15086574E-03	6.69200155E-03
-7.66801381E-01	-3.99356812E+00	9.14829199E-03	6.66842368E-03
-1.66816759E+00	-3.84812185E+00	9.14572508E-03	6.64491234E-03
-2.52427294E+00	-3.48066971E+00	9.14316496E-03	6.62146714E-03
-3.27838851E+00	-2.90835331E+00	9.14061159E-03	6.59808770E-03
-3.88020127E+00	-2.16288535E+00	9.13806494E-03	6.57477362E-03
-4.28950964E+00	-1.28827970E+00	9.13552498E-03	6.55152451E-03
-4.47915790E+00	-3.37666677E-01	9.13299165E-03	6.52834001E-03
-4.43699065E+00	6.30562505E-01	9.13046492E-03	6.50521972E-03
-4.16668417E+00	1.55698772E+00	9.12794476E-03	6.48216327E-03
-3.68739767E+00	2.38544750E+00	9.12543112E-03	6.45917030E-03
-3.03227734E+00	3.06705840E+00	9.12292398E-03	6.43624042E-03
-2.24593347E+00	3.56366494E+00	9.12042329E-03	6.41337327E-03
-1.38108752E+00	3.85046416E+00	9.11792901E-03	6.39056849E-03
-4.94648549E-01	3.91761282E+00	9.11544112E-03	6.36782571E-03
3.56480618E-01	3.77070444E+00	9.11295957E-03	6.34514457E-03
1.11954838E+00	3.43008981E+00	9.11048432E-03	6.32252471E-03
1.74973759E+00	2.92910278E+00	9.10801535E-03	6.29996578E-03
2.21330419E+00	2.31133624E+00	9.10555261E-03	6.27746742E-03
2.48983966E+00	1.62718402E+00	9.10309608E-03	6.25502929E-03
2.57349438E+00	9.29919155E-01	9.10064571E-03	6.23265103E-03
2.47307991E+00	2.71611319E-01	9.09820148E-03	6.21033230E-03
2.21105419E+00	-3.00803132E-01	9.09576334E-03	6.18807277E-03
1.82147935E+00	-7.49000449E-01	9.09333126E-03	6.16587208E-03
1.34711948E+00	-1.04603636E+00	9.09090521E-03	6.14372989E-03
8.35910277E-01	-1.17819621E+00	9.08848516E-03	6.12164588E-03
3.37078296E-01	-1.14579598E+00	9.08607107E-03	6.09961971E-03
-1.02787577E-01	-9.62883365E-01	9.08366290E-03	6.07765105E-03
-4.43409355E-01	-6.55873342E-01	9.08126063E-03	6.05573956E-03
-6.53956663E-01	-2.61233891E-01	9.07886423E-03	6.03388493E-03
-7.15409598E-01	1.77590074E-01	9.07647365E-03	6.01208682E-03
-6.21972027E-01	6.13769884E-01	9.07408886E-03	5.99034491E-03
-3.81433862E-01	1.00092060E+00	9.07170984E-03	5.96865890E-03
-1.44630187E-02	1.29686451E+00	9.06933656E-03	5.94702844E-03
4.47110184E-01	1.46703968E+00	9.06696897E-03	5.92545324E-03
9.62875908E-01	1.48729187E+00	9.06460705E-03	5.90393297E-03
1.48708933E+00	1.34583801E+00	9.06225077E-03	5.88246733E-03
1.97232169E+00	1.04425437E+00	9.05990009E-03	5.86105601E-03
2.37323313E+00	5.97418826E-01	9.05755499E-03	5.83969869E-03
2.65017569E+00	3.24174179E-02	9.05521543E-03	5.81839507E-03
2.77234932E+00	-6.13495072E-01	9.05288139E-03	5.79714486E-03
2.72027053E+00	-1.29571870E+00	9.05055282E-03	5.77594774E-03
2.48736726E+00	-1.96569551E+00	9.04822971E-03	5.75480342E-03
2.08058205E+00	-2.57459748E+00	9.04591203E-03	5.73371161E-03
1.51994218E+00	-3.07703193E+00	9.04359973E-03	5.71267199E-03
8.37134863E-01	-3.43448099E+00	9.04129279E-03	5.69168430E-03
7.32012960E-02	-3.61821455E+00	9.03899119E-03	5.67074822E-03
-7.24470220E-01	-3.61145796E+00	9.03669490E-03	5.64986348E-03
-1.50561957E+00	-3.41065424E+00	9.03440387E-03	5.62902978E-03
-2.22079236E+00	-3.02573088E+00	9.03211809E-03	5.60824684E-03
-2.82493992E+00	-2.47935755E+00	9.02983753E-03	5.58751438E-03
-3.28067041E+00	-1.80525829E+00	9.02756216E-03	5.56683211E-03
-3.56090836E+00	-1.04571276E+00	9.02529195E-03	5.54619975E-03
-3.65076697E+00	-2.48441689E-01	9.02302687E-03	5.52561703E-03
-3.54849932E+00	5.36883229E-01	9.02076689E-03	5.50508367E-03
-3.26546535E+00	1.26223871E+00	9.01851198E-03	5.48459939E-03
-2.82512739E+00	1.88468628E+00	9.01626213E-03	5.46416392E-03
-2.26116001E+00	2.36938884E+00	9.01401729E-03	5.44377700E-03
-1.61482671E+00	2.69198465E+00	9.01177745E-03	5.42343834E-03
-9.31830033E-01	2.84014772E+00	9.00954257E-03	5.40314769E-03
-2.58878944E-01	2.81422660E+00	9.00731264E-03	5.38290478E-03
3.59763150E-01	2.62692553E+00	9.00508761E-03	5.36270933E-03
8.85488803E-01	2.30206448E+00	9.00286747E-03	5.34256110E-03
1.28807511E+00	1.87252485E+00	9.00065219E-03	5.32245982E-03
1.54773042E+00	1.37754805E+00	8.99844173E-03	5.30240523E-03
1.65631308E+00	8.59601366E-01	8.99623609E-03	5.28239708E-03
1.61764151E+00	3.61056413E-01	8.99403522E-03	5.26243510E-03
1.44688505E+00	-7.90641174E-02	8.99183911E-03	5.24251905E-03
1.16909541E+00	-4.28023306E-01	8.98964773E-03	5.22264866E-03
8.17003907E-01	-6.61770324E-01	8.98746105E-03	5.20282370E-03
4.28263712E-01	-7.66627696E-01	8.98527904E-03	5.18304391E-03
4.23571757E-02	-7.40145850E-01	8.98310169E-03	5.16330904E-03
-3.02589267E-01	-5.91070895E-01	8.98092897E-03	5.14361884E-03
-5.72835788E-01	-3.38439923E-01	8.97876084E-03	5.12397308E-03
-7.41673622E-01	-9.88535677E-03	8.97659729E-03	5.10437151E-03
-7.91484109E-01	3.60710789E-01	8.97443830E-03	5.08481388E-03
-7.15060227E-01	7.36023320E-01	8.97228383E-03	5.06529996E-03
-5.16097432E-01	1.07832855E+00	8.97013387E-03	5.04582951E-03
-2.08825124E-01	1.35254918E+00	8.96798838E-03	5.02640228E-03
1.83183179E-01	1.52906385E+00	8.96584735E-03	5.00701805E-03
6.28920429E-01	1.58606688E+00	8.96371075E-03	4.98767659E-03
1.09242253E+00	1.51130043E+00	8.96157856E-03	4.96837765E-03
1.53561402E+00	1.30303165E+00	8.95945075E-03	4.94912100E-03
1.92130022E+00	9.70206714E-01	8.95732730E-03	4.92990642E-03
2.21607414E+00	5.31777501E-01	8.95520819E-03	4.91073368E-03
2.39291563E+00	1.52603492E-02	8.95309339E-03	4.89160255E-03
2.43328601E+00	-5.45355797E-01	8.95098288E-03	4.87251280E-03
2.32856262E+00	-1.11218554E+00	8.94887664E-03	4.85346421E-03
2.08070931E+00	-1.64630641E+00	8.94677464E-03	4.83445656E-03
1.70213907E+00	-2.11068046E+00	8.94467687E-03	4.81548963E-03
1.21478670E+00	-2.47291528E+00	8.94258329E-03	4.79656318E-03
6.48469705E-01	-2.70765588E+00	8.94049389E-03	4.77767702E-03
3.86690075E-02	-2.79842984E+00	8.93840864E-03	4.75883091E-03
-5.76096505E-01	-2.73881156E+00	8.93632753E-03	4.74002464E-03
-1.15709847E+00	-2.53282488E+00	8.93425052E-03	4.72125799E-03
-1.66821464E+00	-2.19456252E+00	8.93217761E-03	4.70253076E-03
-2.07851935E+00	-1.74705989E+00	8.93010876E-03	4.68384273E-03
-2.36445607E+00	-1.22051795E+00	8.92804395E-03	4.66519369E-03
-2.51143413E+00	-6.50016998E-01	8.92598316E-03	4.64658342E-03
-2.51473668E+00	-7.29006903E-02	8.92392638E-03	4.62801172E-03
-2.37968161E+00	4.73967990E-01	8.92187358E-03	4.60947839E-03
-2.12103393E+00	9.56870458E-01	8.91982473E-03	4.59098321E-03
-1.76172548E+00	1.34761619E+00	8.91777983E-03	4.57252597E-03
-1.33098922E+00	1.62547120E+00	8.91573884E-03	4.55410649E-03
-8.62058587E-01	1.77849308E+00	8.91370174E-03	4.53572454E-03
-3.89612817E-01	1.80418162E+00	8.91166852E-03	4.51737994E-03
5.28342031E-02	1.70940764E+00	8.90963916E-03	4.49907248E-03
4.35402674E-01	1.50963787E+00	8.90761363E-03	4.48080196E-03
7.33988669E-01	1.22752726E+00	8.90559191E-03	4.46256818E-03
9.31922018E-01	8.90996965E-01	8.90357398E-03	4.44437095E-03
1.02102297E+00	5.30953726E-01	8.90155983E-03	4.42621007E-03
1.00198809E+00	1.78830830E-01	8.89954943E-03	4.40808535E-03
8.84088142E-01	-1.35858164E-01	8.89754277E-03	4.38999658E-03
6.84213703E-01	-3.87766201E-01	8.89553981E-03	4.37194359E-03
4.25353305E-01	-5.57591504E-01	8.89354055E-03	4.35392618E-03
1.34631212E-01	-6.33450794E-01	8.89154497E-03	4.33594415E-03
-1.58936739E-01	-6.11650550E-01	8.88955304E-03	4.31799732E-03
-4.26791673E-01	-4.96807355E-01	8.88756474E-03	4.30008551E-03
-6.43101920E-01	-3.01319414E-01	8.88558006E-03	4.28220851E-03
-7.86781452E-01	-4.42407308E-02	8.88359897E-03	4.26436616E-03
-8.43104860E-01	2.50345319E-01	8.88162146E-03	4.24655825E-03
-8.04800951E-01	5.55319510E-01	8.87964751E-03	4.22878462E-03
-6.72548617E-01	8.42727847E-01	8.87767710E-03	4.21104507E-03
-4.54846017E-01	1.08601709E+00	8.87571021E-03	4.19333943E-03
-1.67272509E-01	1.26213194E+00	8.87374682E-03	4.17566751E-03
1.68790840E-01	1.35331398E+00	8.87178692E-03	4.15802912E-03
5.27875723E-01	1.34846845E+00	8.86983048E-03	4.14042411E-03
8.82438025E-01	1.24399941E+00	8.86787748E-03	4.12285229E-03
1.20500728E+00	1.04405691E+00	8.86592791E-03	4.10531347E-03
1.47030734E+00	7.60185031E-01	8.86398176E-03	4.08780748E-03
1.65718596E+00	4.10406367E-01	8.86203899E-03	4.07033416E-03
1.75020825E+00	1.78206199E-02	8.86009960E-03	4.05289332E-03
1.74079693E+00	-3.91168744E-01	8.85816357E-03	4.03548480E-03
1.62783856E+00	-7.88859196E-01	8.85623087E-03	4.01810841E-03
1.41771730E+00	-1.14832926E+00	8.85430149E-03	4.00076399E-03
1.12378180E+00	-1.44543461E+00	8.85237541E-03	3.98345137E-03
7.65293986E-01	-1.66056985E+00	8.85045262E-03	3.96617039E-03
3.65947416E-01	-1.78006570E+00	8.84853310E-03	3.94892086E-03
-4.79259807E-02	-1.79712147E+00	8.84661683E-03	3.93170263E-03
-4.49320102E-01	-1.71220958E+00	8.84470379E-03	3.91451552E-03
-8.12538516E-01	-1.53292999E+00	8.84279396E-03	3.89735938E-03
-1.11504764E+00	-1.27333493E+00	8.84088733E-03	3.88023403E-03
-1.33906166E+00	-9.52784037E-01	8.83898389E-03	3.86313932E-03
-1.47274421E+00	-5.94424469E-01	8.83708361E-03	3.84607508E-03
-1.51094310E+00	-2.23417879E-01	8.83518648E-03	3.82904114E-03
-1.45541151E+00	1.34947464E-01	8.83329247E-03	3.81203736E-03
-1.31450862E+00	4.57114413E-01	8.83140159E-03	3.79506356E-03
-1.10241279E+00	7.22944990E-01	8.82951380E-03	3.77811959E-03
-8.37916351E-01	9.17114442E-01	8.82762909E-03	3.76120528E-03
-5.42902020E-01	1.03011198E+00	8.82574744E-03	3.74432049E-03
-2.40622731E-01	1.05878067E+00	8.82386885E-03	3.72746505E-03
4.60803904E-02	1.00636528E+00	8.82199329E-03	3.71063881E-03
2.96485468E-01	8.82075208E-01	8.82012074E-03	3.69384162E-03
4.93494566E-01	7.00206044E-01	8.81825119E-03	3.67707331E-03
6.24825613E-01	4.78896504E-01	8.81638463E-03	3.66033373E-03
6.83807695E-01	2.38623297E-01	8.81452103E-03	3.64362274E-03
6.69727724E-01	5.54673591E-04	8.81266039E-03	3.62694017E-03
5.87712026E-01	-2.15108472E-01	8.81080268E-03	3.61028589E-03
4.48162086E-01	-3.90676762E-01	8.80894790E-03	3.59365973E-03
2.65797547E-01	-5.12285915E-01	8.80709601E-03	3.57706155E-03
5.83884378E-02	-5.70884121E-01	8.80524702E-03	3.56049119E-03
-1.54719285E-01	-5.62824344E-01	8.80340090E-03	3.54394852E-03
-3.54167030E-01	-4.90024625E-01	8.80155764E-03	3.52743338E-03
-5.22113606E-01	-3.59693144E-01	8.79971723E-03	3.51094563E-03
-6.43614783E-01	-1.83648417E-01	8.79787964E-03	3.49448511E-03
-7.07749327E-01	2.27045922E-02	8.79604487E-03	3.47805170E-03
-7.08409829E-01	2.41656523E-01	8.79421289E-03	3.46164523E-03
-6.44704221E-01	4.54629690E-01	8.79238369E-03	3.44526557E-03
-5.20944796E-01	6.43654506E-01	8.79055727E-03	3.42891257E-03
-3.46233711E-01	7.92771561E-01	8.78873359E-03	3.41258609E-03
-1.33684870E-01	8.89252873E-01	8.78691266E-03	3.39628599E-03
1.00650950E-01	9.24551738E-01	8.78509444E-03	3.38001214E-03
3.39069188E-01	8.94913297E-01	8.78327894E-03	3.36376438E-03
5.63600269E-01	8.01605408E-01	8.78146613E-03	3.34754258E-03
7.57395269E-01	6.50759237E-01	8.77965600E-03	3.33134660E-03
9.06002214E-01	4.52839330E-01	8.77784853E-03	3.31517630E-03
9.98437250E-01	2.21790742E-01	8.77604372E-03	3.29903154E-03
1.02797249E+00	-2.60651825E-02	8.77424154E-03	3.28291220E-03
9.92585821E-01	-2.73297134E-01	8.77244198E-03	3.26681812E-03
8.95044643E-01	-5.02692318E-01	8.77064503E-03	3.25074918E-03
7.42624547E-01	-6.98544419E-01	8.76885068E-03	3.23470525E-03
5.46491378E-01	-8.47803663E-01	8.76705890E-03	3.21868618E-03
3.20800677E-01	-9.41004026E-01	8.76526969E-03	3.20269184E-03
8.15887594E-02	-9.72901595E-01	8.76348303E-03	3.18672211E-03
-1.54455899E-01	-9.42781417E-01	8.76169891E-03	3.17077684E-03
-3.71244980E-01	-8.54416505E-01	8.75991732E-03	3.15485592E-03
-5.54470742E-01	-7.15689538E-01	8.75813823E-03	3.13895920E-03
-6.92626346E-01	-5.37913295E-01	8.75636164E-03	3.12308655E-03
-7.77792205E-01	-3.34908135E-01	8.75458753E-03	3.10723785E-03
-8.06133830E-01	-1.21911973E-01	8.75281590E-03	3.09141297E-03
-7.78079980E-01	8.55905825E-02	8.75104672E-03	3.07561178E-03
-6.98174972E-01	2.73029193E-01	8.74927998E-03	3.05983415E-03
-5.74623976E-01	4.27810813E-01	8.74751567E-03	3.04407996E-03
-4.18573227E-01	5.40206324E-01	8.74575377E-03	3.02834907E-03
-2.43186173E-01	6.03997561E-01	8.74399428E-03	3.01264136E-03
-6.25909366E-02	6.16841260E-01	8.74223718E-03	2.99695671E-03
1.09217644E-01	5.80329186E-01	8.74048245E-03	2.98129499E-03
2.59436496E-01	4.99747258E-01	8.73873009E-03	2.96565608E-03
3.77393484E-01	3.83559618E-01	8.73698008E-03	2.95003985E-03
4.55298497E-01	2.42663847E-01	8.73523240E-03	2.93444618E-03
4.88753620E-01	8.94800995E-02	8.73348705E-03	2.91887495E-03
4.76989404E-01	-6.30519221E-02	8.73174401E-03	2.90332604E-03
4.22815919E-01	-2.02488925E-01	8.73000327E-03	2.88779932E-03
3.32299538E-01	-3.17834530E-01	8.72826481E-03	2.87229467E-03
2.14197122E-01	-4.00352937E-01	8.72652863E-03	2.85681198E-03
7.91972176E-02	-4.44186484E-01	8.72479471E-03	2.84135112E-03
-6.09684839E-02	-4.46734433E-01	8.72306303E-03	2.82591197E-03
-1.94471734E-01	-4.08769629E-01	8.72133359E-03	2.81049442E-03
-3.10317825E-01	-3.34290461E-01	8.71960637E-03	2.79509835E-03
-3.99187822E-01	-2.30126010E-01	8.71788137E-03	2.77972364E-03
-4.54129879E-01	-1.05330823E-01	8.71615856E-03	2.76437017E-03
-4.71049834E-01	2.95787993E-02	8.71443794E-03	2.74903783E-03
-4.48967835E-01	1.63484199E-01	8.71271949E-03	2.73372650E-03
-3.90026633E-01	2.85550629E-01	8.71100320E-03	2.71843606E-03
-2.99256686E-01	3.86071160E-01	8.70928906E-03	2.70316640E-03
-1.84121829E-01	4.57203829E-01	8.70757706E-03	2.68791741E-03
-5.38857645E-02	4.93547352E-01	8.70586718E-03	2.67268897E-03
8.11475365E-02	4.92514483E-01	8.70415942E-03	2.65748097E-03
2.10457816E-01	4.54478603E-01	8.70245376E-03	2.64229329E-03
3.24131647E-01	3.82687307E-01	8.70075018E-03	2.62712583E-03
4.13620966E-01	2.82954791E-01	8.69904868E-03	2.61197847E-03
4.72379709E-01	1.63161809E-01	8.69734925E-03	2.59685109E-03
4.96332005E-01	3.26060880E-02	8.69565187E-03	2.58174359E-03
4.84139361E-01	-9.87432327E-02	8.69395654E-03	2.56665587E-03
4.37250640E-01	-2.21027385E-01	8.69226323E-03	2.55158778E-03
3.59735700E-01	-3.25254791E-01	8.69057195E-03	2.53653927E-03
2.57920293E-01	-4.03974961E-01	8.68888272E-03	2.52151019E-03
1.39854772E-01	-4.51819313E-01	8.68719540E-03	2.50650044E-03
1.46612273E-02	-4.65870044E-01	8.68551012E-03	2.49150991E-03
-1.08187899E-01	-4.45832407E-01	8.68382678E-03	2.47653848E-03
-2.19602640E-01	-3.94001406E-01	8.68214543E-03	2.46158613E-03
-3.11562999E-01	-3.15029974E-01	8.68046602E-03	2.44665261E-03
-3.77709161E-01	-2.15520865E-01	8.67878852E-03	2.43173790E-03
-4.13791061E-01	-1.03477543E-01	8.67711297E-03	2.41684187E-03
-4.17945764E-01	1.23405168E-02	8.67543933E-03	2.40196443E-03
-3.90785046E-01	1.23106380E-01	8.67376760E-03	2.38710547E-03
-3.35290569E-01	2.20604013E-01	8.67209777E-03	2.37226488E-03
-2.56528951E-01	2.97844395E-01	8.67042981E-03	2.35744255E-03
-1.61212600E-01	3.49573232E-01	8.66876373E-03	2.34263840E-03
-5.71435757E-02	3.72633445E-01	8.66709951E-03	2.32785230E-03
4.74140667E-02	3.66157630E-01	8.66543714E-03	2.31308417E-03
1.44383410E-01	3.31579276E-01	8.66377661E-03	2.29833389E-03
2.26494650E-01	2.72465822E-01	8.66211791E-03	2.28360136E-03
2.87828601E-01	1.94190279E-01	8.66046103E-03	2.26888649E-03
3.24243277E-01	1.03470305E-01	8.65880595E-03	2.25418917E-03
3.33653032E-01	7.81325409E-03	8.65715267E-03	2.23950931E-03
3.16141711E-01	-8.50877956E-02	8.65550117E-03	2.22484679E-03
2.73904544E-01	-1.67959142E-01	8.65385145E-03	2.21020152E-03
2.11026845E-01	-2.34505714E-01	8.65220349E-03	2.19557341E-03
1.33120043E-01	-2.79881953E-01	8.65055729E-03	2.18096234E-03
4.68462729E-02	-3.01039514E-01	8.64891282E-03	2.16636823E-03
-4.06293091E-02	-2.96927189E-01	8.64727009E-03	2.15179097E-03
-1.22214372E-01	-2.68530374E-01	8.64562909E-03	2.13723047E-03
-1.91448032E-01	-2.18750105E-01	8.64398979E-03	2.12268663E-03
-2.42998980E-01	-1.52134106E-01	8.64235220E-03	2.10815935E-03
-2.73065357E-01	-7.44835856E-02	8.64071630E-03	2.09364853E-03
-2.79646895E-01	7.63126641E-03	8.63908208E-03	2.07915409E-03
-2.62670293E-01	8.74075863E-02	8.63744953E-03	2.06467591E-03
-2.23960527E-01	1.58355099E-01	8.63581865E-03	2.05021391E-03
-1.67062917E-01	2.14807485E-01	8.63418941E-03	2.03576799E-03
-9.69323094E-02	2.52360326E-01	8.63256182E-03	2.02133805E-03
-1.95158456E-02	2.68202471E-01	8.63093586E-03	2.00692401E-03
5.87363326E-02	2.61316439E-01	8.62931152E-03	1.99252576E-03
1.31392972E-01	2.32534107E-01	8.62768880E-03	1.97814321E-03
1.92554774E-01	1.84445393E-01	8.62606769E-03	1.96377627E-03
2.37318491E-01	1.21169138E-01	8.62444817E-03	1.94942484E-03
2.62156299E-01	4.80060457E-02	8.62283024E-03	1.93508883E-03
2.65181773E-01	-2.89975864E-02	8.62121390E-03	1.92076815E-03
2.46283021E-01	-1.03539987E-01	8.61959915E-03	1.90646270E-03
2.07114122E-01	-1.69568828E-01	8.61798597E-03	1.89217239E-03
1.50947146E-01	-2.21761183E-01	8.61637439E-03	1.87789712E-03
8.23978722E-02	-2.55941204E-01	8.61476443E-03	1.86363680E-03
7.04795198E-03	-2.69403434E-01	8.61315614E-03	1.84939132E-03
-6.90058817E-02	-2.61117370E-01	8.61154971E-03	1.83516058E-03
-1.39639649E-01	-2.31798338E-01	8.60994574E-03	1.82094449E-03
-1.99188529E-01	-1.83840270E-01	8.60834831E-03	1.80674471E-03
-2.42893822E-01	-1.21116706E-01	8.60673425E-03	1.79257494E-03
-2.67275819E-01	-4.86665580E-02	8.60512733E-03	1.77838844E-03
-2.70403951E-01	2.77100862E-02	8.60352979E-03	1.76422856E-03
-2.52043724E-01	1.01913956E-01	8.60193237E-03	1.75008421E-03
-2.13669676E-01	1.68030024E-01	8.60033596E-03	1.73595431E-03
-1.58344008E-01	2.20794499E-01	8.59874079E-03	1.72183860E-03
-9.04709809E-02	2.56009028E-01	8.59714694E-03	1.70773693E-03
-1.54467319E-02	2.70870008E-01	8.59555445E-03	1.69364918E-03
6.07677790E-02	2.64187638E-01	8.59396332E-03	1.67957526E-03
1.32117184E-01	2.36477988E-01	8.59237356E-03	1.66551507E-03
1.92928710E-01	1.89921260E-01	8.59078516E-03	1.65146853E-03
2.38358608E-01	1.28189806E-01	8.58919813E-03	1.63743554E-03
2.64773340E-01	5.61595175E-02	8.58761246E-03	1.62341602E-03
2.70035952E-01	-2.04727971E-02	8.58602814E-03	1.60940988E-03
2.53675489E-01	-9.56362192E-02	8.58444516E-03	1.59541703E-03
2.16926308E-01	-1.63361979E-01	8.58286352E-03	1.58143740E-03
1.62634272E-01	-2.18252173E-01	8.58128320E-03	1.56747088E-03
9.50370105E-02	-2.55904574E-01	8.57970420E-03	1.55351741E-03
1.94351669E-02	-2.73260516E-01	8.57812651E-03	1.53957689E-03
-5.82200157E-02	-2.68848762E-01	8.57655012E-03	1.52564924E-03
-1.31790986E-01	-2.42906217E-01	8.57497502E-03	1.51173438E-03
-1.95434150E-01	-1.97365831E-01	8.57340121E-03	1.49783222E-03
-2.44058953E-01	-1.35712228E-01	8.57182867E-03	1.48394269E-03
-2.73730074E-01	-6.27157727E-02	8.57025739E-03	1.47006569E-03
-2.81981354E-01	1.59347362E-02	8.56868738E-03	1.45620115E-03
-2.68016715E-01	9.40727503E-02	8.56711861E-03	1.44234897E-03
-2.32781947E-01	1.65534177E-01	8.56555109E-03	1.42850909E-03
-1.78901165E-01	2.24640089E-01	8.56398479E-03	1.41468142E-03
-1.10482062E-01	2.66644531E-01	8.56241972E-03	1.40086588E-03
-3.28043298E-02	2.88112469E-01	8.56085586E-03	1.38706238E-03
4.80853708E-02	2.87198195E-01	8.55929320E-03	1.37327085E-03
1.25841118E-01	2.63801886E-01	8.55773174E-03	1.35949120E-03
1.94312317E-01	2.19591383E-01	8.55617147E-03	1.34572336E-03
2.48027081E-01	1.57886431E-01	8.55461238E-03	1.33196724E-03
2.82626862E-01	8.34132882E-02	8.55305445E-03	1.31822276E-03
2.95218315E-01	1.94758825E-03	8.55149769E-03	1.30448985E-03
2.84614384E-01	-8.01279107E-02	8.54994208E-03	1.29076843E-03
2.51444954E-01	-1.56317256E-01	8.54838762E-03	1.27705841E-03
1.98127186E-01	-2.20519252E-01	8.54683429E-03	1.26335971E-03
1.28696376E-01	-2.67510259E-01	8.54528209E-03	1.24967227E-03
4.85088841E-02	-2.93364255E-01	8.54373100E-03	1.23599599E-03
-3.61613942E-02	-2.95776951E-01	8.54218103E-03	1.22233081E-03
-1.18603047E-01	-2.74267718E-01	8.54063215E-03	1.20867664E-03
-1.92187545E-01	-2.30242224E-01	8.53908438E-03	1.19503340E-03
-2.50890268E-01	-1.66909068E-01	8.53753767E-03	1.18140101E-03
-2.89771894E-01	-8.90549423E-02	8.53599208E-03	1.16777942E-03
-3.05382380E-01	-2.69369321E-03	8.53444751E-03	1.15416848E-03
-2.96055168E-01	8.53853544E-02	8.53290405E-03	1.14056826E-03
-2.62067296E-01	1.68136406E-01	8.53136161E-03	1.12697850E-03
-2.05650973E-01	2.38804431E-01	8.52982022E-03	1.11339930E-03
-1.30853475E-01	2.91458769E-01	8.52827987E-03	1.09983040E-03
-4.32537491E-02	3.21471733E-01	8.52674053E-03	1.08627191E-03
5.04446727E-02	3.25904322E-01	8.52520224E-03	1.07272363E-03
1.42915108E-01	3.03767834E-01	8.52366492E-03	1.05918553E-03
2.26766429E-01	2.56139080E-01	8.52212862E-03	1.04565752E-03
2.95116955E-01	1.86117866E-01	8.52059331E-03	1.03213952E-03
3.42139661E-01	9.86272589E-02	8.51905898E-03	1.01863147E-03
3.63536195E-01	6.92279242E-05	8.51752563E-03	1.00513329E-03
3.56902052E-01	-1.02140452E-01	8.51599325E-03	9.91644900E-04
3.21952793E-01	-2.00124530E-01	8.51446183E-03	9.78166233E-04
2.60591420E-01	-2.86142994E-01	8.51293137E-03	9.64697213E-04
1.76808731E-01	-3.53193152E-01	8.51140185E-03	9.51237765E-04
7.64211235E-02	-3.95564999E-01	8.50987326E-03	9.37787815E-04
-3.33371219E-02	-4.09308480E-01	8.50834560E-03	9.24347291E-04
-1.44338688E-01	-3.92575104E-01	8.50681887E-03	9.10916119E-04
-2.48167196E-01	-3.45805273E-01	8.50529304E-03	8.97494225E-04
-3.36755643E-01	-2.71744004E-01	8.50376812E-03	8.84081537E-04
-4.03011033E-01	-1.75280426E-01	8.50224410E-03	8.70677981E-04
-4.41377142E-01	-6.31199317E-02	8.50072097E-03	8.57283486E-04
-4.48291135E-01	5.66892653E-02	8.49919871E-03	8.43897979E-04
-4.22496966E-01	1.75341756E-01	8.49767733E-03	8.30521387E-04
-3.65188858E-01	2.83930181E-01	8.49615681E-03	8.17153638E-04
-2.79970480E-01	3.74121372E-01	8.49463715E-03	8.03794661E-04
-1.72629392E-01	4.38802057E-01	8.49311834E-03	7.90444384E-04
-5.07403556E-02	4.72644273E-01	8.49160037E-03	7.77102735E-04
7.68755269E-02	4.72545626E-01	8.49008323E-03	7.63769643E-04
2.00797312E-01	4.37908399E-01	8.48856691E-03	7.50445036E-04
3.11709079E-01	3.70732986E-01	8.48705142E-03	7.37128845E-04
4.01110380E-01	2.75514908E-01	8.48553673E-03	7.23820997E-04
4.61978188E-01	1.58949466E-01	8.48402285E-03	7.10521422E-04
4.89328740E-01	2.94627738E-02	8.48250976E-03	6.97230050E-04
4.80634415E-01	-1.03398285E-01	8.48099745E-03	6.83946810E-04
4.36060920E-01	-2.29673404E-01	8.47948593E-03	6.70671633E-04
3.58503089E-01	-3.39741189E-01	8.47797517E-03	6.57404447E-04
2.53412668E-01	-4.25059892E-01	8.47646518E-03	6.44145183E-04
1.28427093E-01	-4.78839511E-01	8.47495595E-03	6.30893772E-04
-7.17610194E-03	-4.96592459E-01	8.47344746E-03	6.17650144E-04
-1.43160956E-01	-4.76518209E-01	8.47193971E-03	6.04414229E-04
-2.69101146E-01	-4.19689097E-01	8.47043269E-03	5.91185959E-04
-3.75177256E-01	-3.30019193E-01	8.46892640E-03	5.77965264E-04
-4.52942620E-01	-2.14014263E-01	8.46742083E-03	5.64752075E-04
-4.95998260E-01	-8.03177917E-02	8.46591596E-03	5.51546323E-04
-5.00523348E-01	6.09161589E-02	8.46441180E-03	5.38347941E-04
-4.65617454E-01	1.98778443E-01	8.46290833E-03	5.25156858E-04
-3.93424643E-01	3.22433162E-01	8.46140555E-03	5.11973008E-04
-2.89025422E-01	4.21956624E-01	8.45990345E-03	4.98796321E-04
-1.60100261E-01	4.89122570E-01	8.45840202E-03	4.85626730E-04
-1.63859353E-02	5.18072249E-01	8.45690125E-03	4.72464167E-04
1.31037713E-01	5.05815397E-01	8.45540114E-03	4.59308563E-04
2.70579115E-01	4.52520169E-01	8.45390168E-03	4.46159852E-04
3.91022973E-01	3.61565371E-01	8.45240286E-03	4.33017966E-04
4.82407656E-01	2.39346030E-01	8.45090467E-03	4.19882837E-04
5.36824352E-01	9.48421954E-02	8.44940712E-03	4.06754399E-04
5.49074785E-01	-6.10208854E-02	8.44791018E-03	3.93632583E-04
5.17133940E-01	-2.16176273E-01	8.44641385E-03	3.80517324E-04
4.42378107E-01	-3.58324268E-01	8.44491813E-03	3.67408553E-04
3.29555664E-01	-4.75878987E-01	8.44342300E-03	3.54306206E-04
1.86497479E-01	-5.58880660E-01	8.44192847E-03	3.41210214E-04
2.35835497E-02	-5.99802742E-01	8.44043451E-03	3.28120511E-04
-1.46998209E-01	-5.94189549E-01	8.43894113E-03	3.15037032E-04
-3.12148583E-01	-5.41071883E-01	8.43744832E-03	3.01959709E-04
-4.58843478E-01	-4.43123925E-01	8.43595607E-03	2.88888478E-04
-5.75136335E-01	-3.06543952E-01	8.43446437E-03	2.75823271E-04
-6.51099995E-01	-1.40662114E-01	8.43297322E-03	2.62764023E-04
-6.79634449E-01	4.27003368E-02	8.43148260E-03	2.49710668E-04
-6.57075847E-01	2.30076497E-01	8.42999252E-03	2.36663140E-04
-5.83555862E-01	4.07343462E-01	8.42850296E-03	2.23621375E-04
-4.63078818E-01	5.60783322E-01	8.42701391E-03	2.10585306E-04
-3.03304802E-01	6.78135889E-01	8.42552537E-03	1.97554868E-04
-1.15049371E-01	7.49562331E-01	8.42403734E-03	1.84529996E-04
8.84676128E-02	7.68444341E-01	8.42254980E-03	1.71510626E-04
2.92571696E-01	7.31954362E-01	8.42106275E-03	1.58496691E-04
4.82213380E-01	6.41348792E-01	8.41957617E-03	1.45488128E-04
6.43097662E-01	5.01956318E-01	8.41809007E-03	1.32484871E-04
7.62778165E-01	3.22856293E-01	8.41660444E-03	1.19486855E-04
8.31631656E-01	1.16265875E-01	8.41511926E-03	1.06494017E-04
8.43636210E-01	-1.03322900E-01	8.41363453E-03	9.35062913E-05
7.96889888E-01	-3.20194736E-01	8.41215025E-03	8.05236140E-05
6.93825563E-01	-5.18574602E-01	8.41066640E-03	6.75459209E-05
5.41099856E-01	-6.83816236E-01	8.40918299E-03	5.45731476E-05
3.49158952E-01	-8.03525207E-01	8.40769999E-03	4.16052301E-05
1.31508654E-01	-8.68529562E-01	8.40621741E-03	2.86421045E-05
-9.62605525E-02	-8.73621036E-01	8.40473524E-03	1.56837069E-05
-3.17623083E-01	-8.18006286E-01	8.40325347E-03	2.72997347E-06
-5.16357462E-01	-7.05428506E-01	8.40177209E-03	-1.02191595E-05
-6.77781669E-01	-5.43944681E-01	8.40029110E-03	-2.31637556E-05
-7.89889984E-01	-3.45369688E-01	8.39881049E-03	-3.61038784E-05
-8.44302389E-01	-1.24424402E-01	8.39733024E-03	-4.90395913E-05
-8.36950682E-01	1.02351695E-01	8.39585037E-03	-6.19709576E-05
-7.68444216E-01	3.17843855E-01	8.39437085E-03	-7.48980407E-05
