jMRUI Data Textfile

Filename: /Users/kayigwe/Desktop/TE26_BASISSET/converter/sample_basis_sets/JMRUI/sI.txt

PointsInDataset: 2048
DatasetsInFile: 1
SamplingInterval: 2.500000E-01
ZeroOrderPhase: 0.000000E+00
BeginTime: 0.000000E+00
TransmitterFrequency: 1.232618E+08
MagneticField: 2.895033E+00
TypeOfNucleus: 0.000000E+00
NameOfPatient: sI
DateOfExperiment: 20260523
Spectrometer: Unknown
AdditionalInfo: Converted by basis_set_converter


Signal and FFT
sig(real)	sig(imag)	fft(real)	fft(imag)
Signal 1 out of 1 in file
5.66437693E+01	-5.30566127E+00	1.53684518E-02	-1.97998595E-03
5.34581083E+01	-1.93343516E+01	1.53624110E-02	-2.00315968E-03
4.68593338E+01	-3.21047838E+01	1.53563726E-02	-2.02632446E-03
3.72747290E+01	-4.28023910E+01	1.53503365E-02	-2.04948041E-03
2.53218202E+01	-5.07464210E+01	1.53443028E-02	-2.07262764E-03
1.17685941E+01	-5.54332543E+01	1.53382713E-02	-2.09576627E-03
-2.51584368E+00	-5.65683269E+01	1.53322420E-02	-2.11889641E-03
-1.66169980E+01	-5.40846370E+01	1.53262150E-02	-2.14201817E-03
-2.96335282E+01	-4.81466716E+01	1.53201901E-02	-2.16513167E-03
-4.07348592E+01	-3.91395262E+01	1.53141674E-02	-2.18823702E-03
-4.92141775E+01	-2.76439353E+01	1.53081468E-02	-2.21133433E-03
-5.45334306E+01	-1.43988332E+01	1.53021283E-02	-2.23442372E-03
-5.63574651E+01	-2.53858185E-01	1.52961119E-02	-2.25750530E-03
-5.45751383E+01	1.38851471E+01	1.52900975E-02	-2.28057918E-03
-4.93060725E+01	2.71141435E+01	1.52840851E-02	-2.30364548E-03
-4.08926447E+01	3.85886968E+01	1.52780747E-02	-2.32670429E-03
-2.98777450E+01	4.75778773E+01	1.52720663E-02	-2.34975575E-03
-1.69697497E+01	5.35108174E+01	1.52660598E-02	-2.37279996E-03
-2.99696796E+00	5.60129617E+01	1.52600551E-02	-2.39583703E-03
1.11455089E+01	5.49297078E+01	1.52540523E-02	-2.41886707E-03
2.45531440E+01	5.03359466E+01	1.52480514E-02	-2.44189020E-03
3.63698060E+01	4.25309132E+01	1.52420522E-02	-2.46490652E-03
4.58424342E+01	3.20187020E+01	1.52360549E-02	-2.48791616E-03
5.23690275E+01	1.94757135E+01	1.52300593E-02	-2.51091921E-03
5.55368993E+01	5.70713403E+00	1.52240653E-02	-2.53391579E-03
5.51487675E+01	-8.40474911E+00	1.52180731E-02	-2.55690601E-03
5.12350306E+01	-2.19570828E+01	1.52120826E-02	-2.57988998E-03
4.40514667E+01	-3.40842085E+01	1.52060936E-02	-2.60286782E-03
3.40625254E+01	-4.40129543E+01	1.52001063E-02	-2.62583963E-03
2.19113033E+01	-5.11119264E+01	1.51941205E-02	-2.64880552E-03
8.37814362E+00	-5.49316576E+01	1.51881363E-02	-2.67176561E-03
-5.66947368E+00	-5.52330613E+01	1.51821536E-02	-2.69471999E-03
-1.93325360E+01	-5.20023878E+01	1.51761724E-02	-2.71766880E-03
-3.17380302E+01	-4.54517504E+01	1.51701926E-02	-2.74061213E-03
-4.20947223E+01	-3.60052080E+01	1.51642143E-02	-2.76355009E-03
-4.97436208E+01	-2.42713182E+01	1.51582374E-02	-2.78648279E-03
-5.41999048E+01	-1.10039365E+01	1.51522618E-02	-2.80941035E-03
-5.51836505E+01	2.94621339E+00	1.51462876E-02	-2.83233287E-03
-5.26374073E+01	1.66860866E+01	1.51403147E-02	-2.85525046E-03
-4.67295229E+01	2.93374852E+01	1.51343431E-02	-2.87816324E-03
-3.78430237E+01	4.00931868E+01	1.51283727E-02	-2.90107131E-03
-2.65507881E+01	4.82684466E+01	1.51224036E-02	-2.92397477E-03
-1.35786180E+01	5.33445886E+01	1.51164357E-02	-2.94687375E-03
2.41408837E-01	5.50019082E+01	1.51104689E-02	-2.96976835E-03
1.40243086E+01	5.31398025E+01	1.51045033E-02	-2.99265867E-03
2.68888604E+01	4.78828584E+01	1.50985388E-02	-3.01554483E-03
3.80139457E+01	3.95725336E+01	1.50925753E-02	-3.03842693E-03
4.66909563E+01	2.87449832E+01	1.50866130E-02	-3.06130509E-03
5.23689263E+01	1.60964719E+01	1.50806517E-02	-3.08417941E-03
5.46895132E+01	2.43860422E+00	1.50746913E-02	-3.10705001E-03
5.35096083E+01	-1.13537510E+01	1.50687320E-02	-3.12991698E-03
4.89101489E+01	-2.43984990E+01	1.50627736E-02	-3.15278044E-03
4.11905918E+01	-3.58627314E+01	1.50568161E-02	-3.17564050E-03
3.08494231E+01	-4.50159057E+01	1.50508595E-02	-3.19849726E-03
1.85519722E+01	-5.12763947E+01	1.50449037E-02	-3.22135083E-03
5.08760910E+00	-5.42484428E+01	1.50389488E-02	-3.24420133E-03
-8.68092273E+00	-5.37471786E+01	1.50329947E-02	-3.26704886E-03
-2.18727854E+01	-4.98101045E+01	1.50270413E-02	-3.28989352E-03
-3.36453960E+01	-4.26943500E+01	1.50210888E-02	-3.31273543E-03
-4.32482407E+01	-3.28598857E+01	1.50151369E-02	-3.33557469E-03
-5.00707190E+01	-2.09397948E+01	1.50091857E-02	-3.35841142E-03
-5.36809654E+01	-7.69952207E+00	1.50032352E-02	-3.38124571E-03
-5.38531822E+01	6.01227700E+00	1.49972853E-02	-3.40407768E-03
-5.05817542E+01	1.93181293E+01	1.49913360E-02	-3.42690744E-03
-4.40812617E+01	3.13678953E+01	1.49853873E-02	-3.44973509E-03
-3.47724145E+01	4.13930840E+01	1.49794392E-02	-3.47256074E-03
-2.32548286E+01	4.87558622E+01	1.49734916E-02	-3.49538450E-03
-1.02684057E+01	5.29896323E+01	1.49675444E-02	-3.51820647E-03
3.35419645E+00	5.38285982E+01	1.49615978E-02	-3.54102677E-03
1.67409496E+01	5.12244446E+01	1.49556515E-02	-3.56384550E-03
2.90362745E+01	4.53490855E+01	1.49497057E-02	-3.58666276E-03
3.94557206E+01	3.65833258E+01	1.49437603E-02	-3.60947868E-03
4.73360124E+01	2.54921854E+01	1.49378152E-02	-3.63229334E-03
5.21772691E+01	1.27884818E+01	1.49318705E-02	-3.65510687E-03
5.36747107E+01	-7.12978448E-01	1.49259260E-02	-3.67791937E-03
5.17378388E+01	-1.41476595E+01	1.49199818E-02	-3.70073094E-03
4.64958876E+01	-2.66566520E+01	1.49140379E-02	-3.72354169E-03
3.82892152E+01	-3.74415836E+01	1.49080942E-02	-3.74635174E-03
2.76472097E+01	-4.58155712E+01	1.49021506E-02	-3.76916118E-03
1.52541439E+01	-5.12469660E+01	1.48962072E-02	-3.79197013E-03
1.90517933E+00	-5.33931029E+01	1.48902640E-02	-3.81477869E-03
-1.15446505E+01	-5.21219142E+01	1.48843208E-02	-3.83758698E-03
-2.42352046E+01	-4.75200436E+01	1.48783777E-02	-3.86039509E-03
-3.53562401E+01	-3.98869625E+01	1.48724347E-02	-3.88320313E-03
-4.41991411E+01	-2.97154881E+01	1.48664917E-02	-3.90601122E-03
-5.02020679E+01	-1.76599691E+01	1.48605487E-02	-3.92881945E-03
-5.29856505E+01	-4.49419280E+00	1.48546056E-02	-3.95162795E-03
-5.23769597E+01	8.93827779E+00	1.48486625E-02	-3.97443680E-03
-4.84202394E+01	2.17781514E+01	1.48427193E-02	-3.99724613E-03
-4.13737375E+01	3.32053763E+01	1.48367759E-02	-4.02005604E-03
-3.16928571E+01	4.24915123E+01	1.48308325E-02	-4.04286663E-03
-2.00007290E+01	4.90461643E+01	1.48248888E-02	-4.06567802E-03
-7.04810512E+00	5.24545147E+01	1.48189449E-02	-4.08849031E-03
6.33484494E+00	5.25035718E+01	1.48130008E-02	-4.11130360E-03
1.92917394E+01	4.91954715E+01	1.48070564E-02	-4.13411802E-03
3.09947826E+01	4.27470032E+01	1.48011118E-02	-4.15693365E-03
4.06976496E+01	3.35754111E+01	1.47951668E-02	-4.17975062E-03
4.77830781E+01	2.22714014E+01	1.47892215E-02	-4.20256903E-03
5.18021337E+01	9.56109977E+00	1.47832758E-02	-4.22538898E-03
5.25026507E+01	-3.74058932E+00	1.47773297E-02	-4.24821058E-03
4.98450467E+01	-1.67822272E+01	1.47713832E-02	-4.27103395E-03
4.40045198E+01	-2.87303391E+01	1.47654362E-02	-4.29385918E-03
3.53595094E+01	-3.88226787E+01	1.47594887E-02	-4.31668639E-03
2.44671794E+01	-4.64168542E+01	1.47535408E-02	-4.33951569E-03
1.20275133E+01	-5.10312147E+01	1.47475922E-02	-4.36234717E-03
-1.16166771E+00	-5.23753949E+01	1.47416431E-02	-4.38518096E-03
-1.42558703E+01	-5.03685805E+01	1.47356935E-02	-4.40801715E-03
-2.64179999E+01	-4.51443471E+01	1.47297431E-02	-4.43085586E-03
-3.68718723E+01	-3.70417821E+01	1.47237922E-02	-4.45369719E-03
-4.49517478E+01	-2.65834816E+01	1.47178405E-02	-4.47654126E-03
-5.01447249E+01	-1.44418473E+01	1.47118882E-02	-4.49938816E-03
-5.21232957E+01	-1.39585778E+00	1.47059351E-02	-4.52223801E-03
-5.07659955E+01	1.17189064E+01	1.46999812E-02	-4.54509091E-03
-4.61648460E+01	2.40637789E+01	1.46940265E-02	-4.56794698E-03
-3.86191362E+01	3.48506363E+01	1.46880711E-02	-4.59080632E-03
-2.86159609E+01	4.33922121E+01	1.46821147E-02	-4.61366904E-03
-1.67987806E+01	4.91458816E+01	1.46761575E-02	-4.63653525E-03
-3.92603338E+00	5.17481309E+01	1.46701994E-02	-4.65940505E-03
9.17753994E+00	5.10375182E+01	1.46642403E-02	-4.68227856E-03
2.16737341E+01	4.70646801E+01	1.46582803E-02	-4.70515589E-03
3.27644953E+01	4.00887602E+01	1.46523193E-02	-4.72803714E-03
4.17428858E+01	3.05605125E+01	1.46463573E-02	-4.75092242E-03
4.80381425E+01	1.90931797E+01	1.46403942E-02	-4.77381183E-03
5.12519576E+01	6.42302697E+00	1.46344300E-02	-4.79670550E-03
5.11836764E+01	-6.63792775E+00	1.46284647E-02	-4.81960353E-03
4.78428161E+01	-1.92539531E+01	1.46224983E-02	-4.84250602E-03
4.14481280E+01	-3.06190783E+01	1.46165308E-02	-4.86541309E-03
3.24132819E+01	-4.00085803E+01	1.46105620E-02	-4.88832484E-03
2.13201101E+01	-4.68251946E+01	1.46045920E-02	-4.91124139E-03
8.88114102E+00	-5.06371051E+01	1.45986208E-02	-4.93416285E-03
-4.10616476E+00	-5.12052941E+01	1.45926483E-02	-4.95708931E-03
-1.68105378E+01	-4.84985229E+01	1.45866745E-02	-4.98002090E-03
-2.84201041E+01	-4.26950027E+01	1.45806994E-02	-5.00295773E-03
-3.81942659E+01	-3.41706714E+01	1.45747229E-02	-5.02589989E-03
-4.55109438E+01	-2.34748456E+01	1.45687450E-02	-5.04884751E-03
-4.99061661E+01	-1.12948250E+01	1.45627657E-02	-5.07180069E-03
-5.11034878E+01	1.58826984E+00	1.45567849E-02	-5.09475954E-03
-4.90313711E+01	1.43495898E+01	1.45508027E-02	-5.11772417E-03
-4.38274391E+01	2.61733667E+01	1.45448190E-02	-5.14069470E-03
-3.58293468E+01	3.63050594E+01	1.45388337E-02	-5.16367123E-03
-2.55528783E+01	4.40995029E+01	1.45328468E-02	-5.18665388E-03
-1.36586873E+01	4.90619887E+01	1.45268584E-02	-5.20964275E-03
-9.09827993E-01	5.08796600E+01	1.45208684E-02	-5.23263795E-03
1.18771956E+01	4.94412310E+01	1.45148767E-02	-5.25563960E-03
2.38847208E+01	4.48437855E+01	1.45088833E-02	-5.27864781E-03
3.43462095E+01	3.73862427E+01	1.45028882E-02	-5.30166269E-03
4.25951803E+01	2.75499271E+01	1.44968914E-02	-5.32468435E-03
4.81076663E+01	1.59675069E+01	1.44908928E-02	-5.34771289E-03
5.05354941E+01	3.38230299E+00	1.44848924E-02	-5.37074844E-03
4.97282699E+01	-9.39941221E+00	1.44788902E-02	-5.39379111E-03
4.57426852E+01	-2.15600669E+01	1.44728862E-02	-5.41684100E-03
3.88385671E+01	-3.23230832E+01	1.44668802E-02	-5.43989823E-03
2.94619459E+01	-4.10024671E+01	1.44608724E-02	-5.46296290E-03
1.82162441E+01	-4.70465288E+01	1.44548626E-02	-5.48603514E-03
5.82344568E+00	-5.00729472E+01	1.44488509E-02	-5.50911506E-03
-6.92225275E+00	-4.98929492E+01	1.44428371E-02	-5.53220276E-03
-1.92053369E+01	-4.65230767E+01	1.44368213E-02	-5.55529836E-03
-3.02411520E+01	-4.01838061E+01	1.44308035E-02	-5.57840197E-03
-3.93260253E+01	-3.12851313E+01	1.44247836E-02	-5.60151371E-03
-4.58821317E+01	-2.04000511E+01	1.44187615E-02	-5.62463369E-03
-4.94942427E+01	-8.22767559E+00	1.44127373E-02	-5.64776202E-03
-4.99360204E+01	4.45167246E+00	1.44067110E-02	-5.67089881E-03
-4.71841937E+01	1.68264794E+01	1.44006824E-02	-5.69404419E-03
-4.14197271E+01	2.81059775E+01	1.43946516E-02	-5.71719825E-03
-3.30159292E+01	3.75706745E+01	1.43886186E-02	-5.74036113E-03
-2.25142818E+01	4.46182456E+01	1.43825832E-02	-5.76353292E-03
-1.05895534E+01	4.88018629E+01	1.43765455E-02	-5.78671375E-03
1.99355487E+00	4.98585207E+01	1.43705055E-02	-5.80990373E-03
1.44294452E+01	4.77255643E+01	1.43644631E-02	-5.83310297E-03
2.59231973E+01	4.25443813E+01	1.43584183E-02	-5.85631159E-03
3.57413790E+01	3.46510411E+01	1.43523710E-02	-5.87952970E-03
4.32588453E+01	2.45545012E+01	1.43463213E-02	-5.90275743E-03
4.79985402E+01	1.29037927E+01	1.43402690E-02	-5.92599487E-03
4.96617675E+01	4.46301657E-01	1.43342142E-02	-5.94924216E-03
4.81470088E+01	-1.20201731E+01	1.43281569E-02	-5.97249940E-03
4.35561061E+01	-2.36985106E+01	1.43220970E-02	-5.99576672E-03
3.61874300E+01	-3.38432345E+01	1.43160344E-02	-6.01904422E-03
2.65164939E+01	-4.18080979E+01	1.43099692E-02	-6.04233202E-03
1.51652713E+01	-4.70872486E+01	1.43039013E-02	-6.06563025E-03
2.86219712E+00	-4.93473529E+01	1.42978307E-02	-6.08893901E-03
-9.60457560E+00	-4.84486382E+01	1.42917574E-02	-6.11225843E-03
-2.14376640E+01	-4.44535262E+01	1.42856813E-02	-6.13558862E-03
-3.18814546E+01	-3.76223247E+01	1.42796023E-02	-6.15892969E-03
-4.02703515E+01	-2.83962724E+01	1.42735206E-02	-6.18228178E-03
-4.60711938E+01	-1.73690421E+01	1.42674360E-02	-6.20564498E-03
-4.89171373E+01	-5.24854261E+00	1.42613484E-02	-6.22901943E-03
-4.86308504E+01	7.18852503E+00	1.42552580E-02	-6.25240524E-03
-4.52355543E+01	1.91464373E+01	1.42491646E-02	-6.27580252E-03
-3.89532244E+01	2.98613570E+01	1.42430682E-02	-6.29921141E-03
-3.01900843E+01	3.86501227E+01	1.42369688E-02	-6.32263201E-03
-1.95103433E+01	4.49538034E+01	1.42308663E-02	-6.34606444E-03
-7.59987280E+00	4.83732423E+01	1.42247607E-02	-6.36950883E-03
4.77783963E+00	4.86943272E+01	1.42186521E-02	-6.39296529E-03
1.68306292E+01	4.59013909E+01	1.42125403E-02	-6.41643395E-03
2.77883501E+01	4.01779017E+01	1.42064253E-02	-6.43991492E-03
3.69520840E+01	3.18944193E+01	1.42003071E-02	-6.46340832E-03
4.37387172E+01	2.15846080E+01	1.41941856E-02	-6.48691428E-03
4.77180430E+01	9.91085785E+00	1.41880609E-02	-6.51043292E-03
4.86400296E+01	-2.37827019E+00	1.41819329E-02	-6.53396435E-03
4.64505237E+01	-1.44960430E+01	1.41758016E-02	-6.55750870E-03
4.12944062E+01	-2.56679186E+01	1.41696669E-02	-6.58106608E-03
3.35060155E+01	-3.51810516E+01	1.41635288E-02	-6.60463663E-03
2.35874734E+01	-4.24297753E+01	1.41573873E-02	-6.62822046E-03
1.21763150E+01	-4.69541603E+01	1.41512423E-02	-6.65181770E-03
4.51318802E-03	-4.84691931E+01	1.41450938E-02	-6.67542847E-03
-1.21484728E+01	-4.68827260E+01	1.41389418E-02	-6.69905288E-03
-2.35056101E+01	-4.23010656E+01	1.41327863E-02	-6.72269107E-03
-3.33419721E+01	-3.50218647E+01	1.41266271E-02	-6.74634316E-03
-4.10310083E+01	-2.55147896E+01	1.41204644E-02	-6.77000927E-03
-4.60844518E+01	-1.43912198E+01	1.41142980E-02	-6.79368952E-03
-4.81833220E+01	-2.36493400E+00	1.41081279E-02	-6.81738404E-03
-4.71980545E+01	9.79368973E+00	1.41019540E-02	-6.84109296E-03
-4.31964880E+01	2.13070208E+01	1.40957765E-02	-6.86481639E-03
-3.64392171E+01	3.14399093E+01	1.40895951E-02	-6.88855447E-03
-2.73626273E+01	3.95466246E+01	1.40834100E-02	-6.91230732E-03
-1.65507163E+01	4.51120032E+01	1.40772210E-02	-6.93607506E-03
-4.69752185E+00	4.77841833E+01	1.40710281E-02	-6.95985782E-03
7.43742798E+00	4.73968468E+01	1.40648313E-02	-6.98365573E-03
1.90777818E+01	4.39795621E+01	1.40586306E-02	-7.00746891E-03
2.94800313E+01	3.77555861E+01	1.40524258E-02	-7.03129749E-03
3.79809994E+01	2.91272855E+01	1.40462171E-02	-7.05514160E-03
4.40401182E+01	1.86501277E+01	1.40400043E-02	-7.07900137E-03
4.72738000E+01	6.99692465E+00	1.40337875E-02	-7.10287692E-03
4.74797178E+01	-5.08537160E+00	1.40275665E-02	-7.12676838E-03
4.46494573E+01	-1.68235451E+01	1.40213414E-02	-7.15067588E-03
3.89687512E+01	-2.74675966E+01	1.40151121E-02	-7.17459954E-03
3.08052978E+01	-3.63386625E+01	1.40088786E-02	-7.19853951E-03
2.06849656E+01	-4.28723092E+01	1.40026409E-02	-7.22249590E-03
9.25792037E+00	-4.66544438E+01	1.39963989E-02	-7.24646885E-03
-2.74314115E+00	-4.74475552E+01	1.39901525E-02	-7.27045848E-03
-1.45499697E+01	-4.52056233E+01	1.39839019E-02	-7.29446493E-03
-2.54079411E+01	-4.00767610E+01	1.39776468E-02	-7.31848833E-03
-3.46242854E+01	-3.23934391E+01	1.39713873E-02	-7.34252881E-03
-4.16122860E+01	-2.26509390E+01	1.39651234E-02	-7.36658650E-03
-4.59286274E+01	-1.14754284E+01	1.39588550E-02	-7.39066153E-03
-4.73015158E+01	4.16280868E-01	1.39525821E-02	-7.41475404E-03
-4.56477886E+01	1.22627083E+01	1.39463046E-02	-7.43886415E-03
-4.10779357E+01	2.33064640E+01	1.39400226E-02	-7.46299200E-03
-3.38887307E+01	3.28426696E+01	1.39337359E-02	-7.48713773E-03
-2.45439629E+01	4.02639460E+01	1.39274445E-02	-7.51130146E-03
-1.36445204E+01	4.50990960E+01	1.39211485E-02	-7.53548334E-03
-1.88975404E+00	4.70430190E+01	1.39148478E-02	-7.55968349E-03
9.96739337E+00	4.59759584E+01	1.39085423E-02	-7.58390205E-03
2.11686147E+01	4.19708682E+01	1.39022320E-02	-7.60813915E-03
3.09987330E+01	3.52884452E+01	1.38959168E-02	-7.63239494E-03
3.88313622E+01	2.63601663E+01	1.38895968E-02	-7.65666954E-03
4.41688187E+01	1.57604307E+01	1.38832719E-02	-7.68096309E-03
4.66737418E+01	4.16960964E+00	1.38769421E-02	-7.70527574E-03
4.61904125E+01	-7.66962393E+00	1.38706073E-02	-7.72960761E-03
4.27544250E+01	-1.89998790E+01	1.38642674E-02	-7.75395884E-03
3.65901110E+01	-2.90974976E+01	1.38579226E-02	-7.77832958E-03
2.80958991E+01	-3.73187722E+01	1.38515726E-02	-7.80271995E-03
1.78185666E+01	-4.31409793E+01	1.38452176E-02	-7.82713011E-03
6.41804523E+00	-4.61956122E+01	1.38388574E-02	-7.85156018E-03
-5.37495240E+00	-4.62917014E+01	1.38324920E-02	-7.87601031E-03
-1.68057655E+01	-4.34277467E+01	1.38261213E-02	-7.90048064E-03
-2.71440760E+01	-3.77915153E+01	1.38197455E-02	-7.92497131E-03
-3.57305665E+01	-2.97477395E+01	1.38133643E-02	-7.94948245E-03
-4.20189662E+01	-1.98145173E+01	1.38069778E-02	-7.97401421E-03
-4.56108016E+01	-8.62994485E+00	1.38005859E-02	-7.99856674E-03
-4.62806430E+01	3.08887167E+00	1.37941886E-02	-8.02314017E-03
-4.39902469E+01	1.45917922E+01	1.37877858E-02	-8.04773464E-03
-3.88907077E+01	2.51436584E+01	1.37813776E-02	-8.07235030E-03
-3.13124992E+01	3.40712763E+01	1.37749639E-02	-8.09698730E-03
-2.17440628E+01	4.08063630E+01	1.37685446E-02	-8.12164577E-03
-1.08003285E+01	4.49217182E+01	1.37621197E-02	-8.14632586E-03
8.16802400E-01	4.61583177E+01	1.37556892E-02	-8.17102772E-03
1.23634731E+01	4.44416117E+01	1.37492530E-02	-8.19575148E-03
2.31014996E+01	3.98860018E+01	1.37428111E-02	-8.22049730E-03
3.23455613E+01	3.27872298E+01	1.37363634E-02	-8.24526533E-03
3.95069375E+01	2.36031830E+01	1.37299100E-02	-8.27005570E-03
4.41309983E+01	1.29243627E+01	1.37234508E-02	-8.29486857E-03
4.59260637E+01	1.43591928E+00	1.37169857E-02	-8.31970408E-03
4.47817974E+01	-1.01263051E+01	1.37105146E-02	-8.34456239E-03
4.07759772E+01	-2.10229054E+01	1.37040377E-02	-8.36944363E-03
3.41692268E+01	-3.05581975E+01	1.36975548E-02	-8.39434796E-03
2.53880645E+01	-3.81246310E+01	1.36910658E-02	-8.41927553E-03
1.49973710E+01	-4.32414982E+01	1.36845709E-02	-8.44422649E-03
3.66405387E+00	-4.55854711E+01	1.36780698E-02	-8.46920099E-03
-7.88575466E+00	-4.50110282E+01	1.36715626E-02	-8.49419918E-03
-1.89132196E+01	-4.15594800E+01	1.36650492E-02	-8.51922121E-03
-2.87140642E+01	-3.54560346E+01	1.36585296E-02	-8.54426723E-03
-3.66635474E+01	-2.70951087E+01	1.36520038E-02	-8.56933740E-03
-4.22562848E+01	-1.70148435E+01	1.36454716E-02	-8.59443187E-03
-4.51383756E+01	-5.86247019E+00	1.36389332E-02	-8.61955079E-03
-4.51297933E+01	5.64724533E+00	1.36323883E-02	-8.64469432E-03
-4.22356237E+01	1.67778105E+01	1.36258371E-02	-8.66986261E-03
-3.66454494E+01	2.68181318E+01	1.36192794E-02	-8.69505582E-03
-2.87209377E+01	3.51279417E+01	1.36127152E-02	-8.72027410E-03
-1.89724463E+01	4.11786270E+01	1.36061445E-02	-8.74551761E-03
-8.02615670E+00	4.45868523E+01	1.35995672E-02	-8.77078650E-03
3.41614472E+00	4.51388432E+01	1.35929833E-02	-8.79608094E-03
1.46220583E+01	4.28037883E+01	1.35863928E-02	-8.82140108E-03
2.48754485E+01	3.77355226E+01	1.35797955E-02	-8.84674708E-03
3.35222083E+01	3.02624011E+01	1.35731916E-02	-8.87211910E-03
4.00119851E+01	2.08660301E+01	1.35665808E-02	-8.89751730E-03
4.39332080E+01	1.01502325E+01	1.35599632E-02	-8.92294183E-03
4.50391853E+01	-1.19775228E+00	1.35533388E-02	-8.94839287E-03
4.32636194E+01	-1.24513413E+01	1.35467074E-02	-8.97387056E-03
3.87245629E+01	-2.28911279E+01	1.35400692E-02	-8.99937508E-03
3.17165808E+01	-3.18508689E+01	1.35334239E-02	-9.02490659E-03
2.26916387E+01	-3.87600014E+01	1.35267716E-02	-9.05046524E-03
1.22299576E+01	-4.31799735E+01	1.35201122E-02	-9.07605121E-03
1.00271282E+00	-4.48320791E+01	1.35134457E-02	-9.10166465E-03
-1.02710236E+01	-4.36150267E+01	1.35067721E-02	-9.12730574E-03
-2.08703355E+01	-3.96111381E+01	1.35000912E-02	-9.15297463E-03
-3.01185611E+01	-3.30807961E+01	1.34934031E-02	-9.17867150E-03
-3.74264891E+01	-2.44455166E+01	1.34867078E-02	-9.20439651E-03
-4.23298956E+01	-1.42607435E+01	1.34800051E-02	-9.23014983E-03
-4.45190309E+01	-3.18012349E+00	1.34732950E-02	-9.25593162E-03
-4.38581816E+01	8.08644199E+00	1.34665775E-02	-9.28174206E-03
-4.03940757E+01	1.88182765E+01	1.34598525E-02	-9.30758131E-03
-3.43526083E+01	2.83300253E+01	1.34531201E-02	-9.33344955E-03
-2.61241162E+01	3.60154220E+01	1.34463800E-02	-9.35934695E-03
-1.62381623E+01	4.13859285E+01	1.34396324E-02	-9.38527367E-03
-5.32945625E+00	4.41017878E+01	1.34328772E-02	-9.41122989E-03
5.90289349E+00	4.39935144E+01	1.34261142E-02	-9.43721578E-03
1.67401821E+01	4.10724640E+01	1.34193436E-02	-9.46323152E-03
2.64900930E+01	3.55298234E+01	1.34125651E-02	-9.48927727E-03
3.45309233E+01	2.77241041E+01	1.34057789E-02	-9.51535322E-03
4.03512244E+01	1.81579560E+01	1.33989847E-02	-9.54145955E-03
4.35823314E+01	7.44580228E+00	1.33921827E-02	-9.56759641E-03
4.40217110E+01	-3.72562295E+00	1.33853727E-02	-9.59376400E-03
4.16456511E+01	-1.46412975E+01	1.33785547E-02	-9.61996249E-03
3.66104960E+01	-2.46036740E+01	1.33717287E-02	-9.64619206E-03
2.92423675E+01	-3.29772541E+01	1.33648945E-02	-9.67245288E-03
2.00160455E+01	-3.92291245E+01	1.33580523E-02	-9.69874515E-03
9.52437821E+00	-4.29628704E+01	1.33512018E-02	-9.72506902E-03
-1.55981090E+00	-4.39437084E+01	1.33443431E-02	-9.75142470E-03
-1.25268683E+01	-4.21132446E+01	1.33374761E-02	-9.77781236E-03
-2.26757438E+01	-3.75929313E+01	1.33306008E-02	-9.80423219E-03
-3.13588020E+01	-3.06760194E+01	1.33237171E-02	-9.83068436E-03
-3.80231487E+01	-2.18085383E+01	1.33168249E-02	-9.85716906E-03
-4.22458336E+01	-1.15605364E+01	1.33099243E-02	-9.88368647E-03
-4.37606906E+01	-5.89438304E-01	1.33030152E-02	-9.91023679E-03
-4.24751097E+01	1.04021287E+01	1.32960975E-02	-9.93682020E-03
-3.84756864E+01	2.07113312E+01	1.32891712E-02	-9.96343688E-03
-3.20224037E+01	2.96800695E+01	1.32822362E-02	-9.99008702E-03
-2.35317360E+01	3.67369859E+01	1.32752925E-02	-1.00167708E-02
-1.35497749E+01	4.14338619E+01	1.32683401E-02	-1.00434885E-02
-2.71710803E+00	4.34740831E+01	1.32613788E-02	-1.00702401E-02
8.27228831E+00	4.27313674E+01	1.32544087E-02	-1.00970260E-02
1.87155057E+01	3.92575723E+01	1.32474296E-02	-1.01238463E-02
2.79456616E+01	3.32790989E+01	1.32404416E-02	-1.01507012E-02
3.53744835E+01	2.51821421E+01	1.32334445E-02	-1.01775910E-02
4.05297996E+01	1.54877470E+01	1.32264384E-02	-1.02045157E-02
4.30855472E+01	4.81828064E+00	1.32194232E-02	-1.02314756E-02
4.28823918E+01	-6.14252033E+00	1.32123988E-02	-1.02584709E-02
3.99376536E+01	-1.66933646E+01	1.32053652E-02	-1.02855018E-02
3.44439222E+01	-2.61602744E+01	1.31983224E-02	-1.03125684E-02
2.67564678E+01	-3.39396362E+01	1.31912702E-02	-1.03396711E-02
1.73702699E+01	-3.95366863E+01	1.31842086E-02	-1.03668099E-02
6.88814840E+00	-4.25969742E+01	1.31771376E-02	-1.03939851E-02
-4.01794917E+00	-4.29288066E+01	1.31700571E-02	-1.04211969E-02
-1.46500211E+01	-4.05152486E+01	1.31629671E-02	-1.04484455E-02
-2.43286824E+01	-3.55149324E+01	1.31558675E-02	-1.04757310E-02
-3.24365756E+01	-2.82516383E+01	1.31487583E-02	-1.05030538E-02
-3.84577470E+01	-1.91933336E+01	1.31416394E-02	-1.05304139E-02
-4.20104781E+01	-8.92202399E+00	1.31345108E-02	-1.05578117E-02
-4.28714813E+01	1.90363870E+00	1.31273723E-02	-1.05852472E-02
-4.09899289E+01	1.25905911E+01	1.31202240E-02	-1.06127208E-02
-3.64904322E+01	2.24557268E+01	1.31130658E-02	-1.06402326E-02
-2.96647981E+01	3.08695585E+01	1.31058977E-02	-1.06677829E-02
-2.09531089E+01	3.72963834E+01	1.30987195E-02	-1.06953718E-02
-1.09153507E+01	4.13283888E+01	1.30915313E-02	-1.07229995E-02
-1.95419424E-01	4.27115270E+01	1.30843329E-02	-1.07506663E-02
1.05201813E+01	4.13615176E+01	1.30771244E-02	-1.07783724E-02
2.05463025E+01	3.73689701E+01	1.30699056E-02	-1.08061180E-02
2.92429557E+01	3.09933158E+01	1.30626766E-02	-1.08339033E-02
3.60561632E+01	2.26459547E+01	1.30554372E-02	-1.08617286E-02
4.05532445E+01	1.28637121E+01	1.30481874E-02	-1.08895940E-02
4.24502913E+01	2.27431707E+00	1.30409271E-02	-1.09174997E-02
4.16300874E+01	-8.44387712E+00	1.30336563E-02	-1.09454461E-02
3.81493415E+01	-1.86053466E+01	1.30263750E-02	-1.09734332E-02
3.22347884E+01	-2.75612404E+01	1.30190830E-02	-1.10014614E-02
2.42684250E+01	-3.47408107E+01	1.30117804E-02	-1.10295308E-02
1.47628414E+01	-3.96877833E+01	1.30044669E-02	-1.10576417E-02
4.32824064E+00	-4.20893531E+01	1.29971427E-02	-1.10857943E-02
-6.36673018E+00	-4.17959585E+01	1.29898077E-02	-1.11139888E-02
-1.66378256E+01	-3.88305893E+01	1.29824617E-02	-1.11422255E-02
-2.58289767E+01	-3.33870450E+01	1.29751047E-02	-1.11705045E-02
-3.33541959E+01	-2.58172759E+01	1.29677367E-02	-1.11988262E-02
-3.87349353E+01	-1.66086303E+01	1.29603576E-02	-1.12271906E-02
-4.16305160E+01	-6.35248182E+00	1.29529673E-02	-1.12555982E-02
-4.18596951E+01	4.29374690E+00	1.29455658E-02	-1.12840490E-02
-3.94120040E+01	1.46487234E+01	1.29381530E-02	-1.13125434E-02
-3.44481497E+01	2.40508071E+01	1.29307289E-02	-1.13410816E-02
-2.72894705E+01	3.19003241E+01	1.29232934E-02	-1.13696637E-02
-1.83971375E+01	3.76978129E+01	1.29158464E-02	-1.13982901E-02
-8.34244787E+00	4.10758026E+01	1.29083879E-02	-1.14269610E-02
2.22987670E+00	4.18221019E+01	1.29009179E-02	-1.14556766E-02
1.26430289E+01	3.98931231E+01	1.28934361E-02	-1.14844371E-02
2.22314413E+01	3.54164041E+01	1.28859427E-02	-1.15132428E-02
3.03833249E+01	2.86821853E+01	1.28784375E-02	-1.15420940E-02
3.65797026E+01	2.01245964E+01	1.28709204E-02	-1.15709909E-02
4.04274471E+01	1.02936716E+01	1.28633915E-02	-1.15999337E-02
4.16842199E+01	-1.80000630E-01	1.28558506E-02	-1.16289227E-02
4.02737294E+01	-1.06257245E+01	1.28482976E-02	-1.16579580E-02
3.62903490E+01	-2.03756440E+01	1.28407326E-02	-1.16870401E-02
2.99928145E+01	-2.88074409E+01	1.28331554E-02	-1.17161691E-02
2.17874226E+01	-3.53840547E+01	1.28255660E-02	-1.17453452E-02
1.22018210E+01	-3.96878882E+01	1.28179642E-02	-1.17745688E-02
1.85107973E+00	-4.14473216E+01	1.28103502E-02	-1.18038401E-02
-8.60177353E+00	-4.05538500E+01	1.28027237E-02	-1.18331592E-02
-1.84882227E+01	-3.70687661E+01	1.27950847E-02	-1.18625266E-02
-2.71770167E+01	-3.12189740E+01	1.27874332E-02	-1.18919424E-02
-3.41144737E+01	-2.33822211E+01	1.27797691E-02	-1.19214070E-02
-3.88597611E+01	-1.40627083E+01	1.27720923E-02	-1.19509205E-02
-4.11129059E+01	-3.85865306E+00	1.27644027E-02	-1.19804832E-02
-4.07337535E+01	6.57610874E+00	1.27567003E-02	-1.20100954E-02
-3.77506784E+01	1.65740159E+01	1.27489850E-02	-1.20397573E-02
-3.23585056E+01	2.54964875E+01	1.27412567E-02	-1.20694693E-02
-2.49057921E+01	3.27747083E+01	1.27335154E-02	-1.20992316E-02
-1.58722988E+01	3.79458894E+01	1.27257610E-02	-1.21290444E-02
-5.83810880E+00	4.06826924E+01	1.27179935E-02	-1.21589080E-02
4.55362084E+00	4.08139468E+01	1.27102127E-02	-1.21888228E-02
1.46378813E+01	3.83353500E+01	1.27024186E-02	-1.22187889E-02
2.37703672E+01	3.34094798E+01	1.26946111E-02	-1.22488066E-02
3.13686409E+01	2.63551375E+01	1.26867902E-02	-1.22788763E-02
3.69492765E+01	1.76267191E+01	1.26789557E-02	-1.23089981E-02
4.01586149E+01	7.78494732E+00	1.26711077E-02	-1.23391724E-02
4.07951726E+01	-2.53914698E+00	1.26632459E-02	-1.23693995E-02
3.88222862E+01	-1.26846838E+01	1.26553705E-02	-1.23996796E-02
3.43701980E+01	-2.20032374E+01	1.26474812E-02	-1.24300130E-02
2.77274659E+01	-2.99002771E+01	1.26395780E-02	-1.24604000E-02
1.93222647E+01	-3.58730970E+01	1.26316609E-02	-1.24908409E-02
9.69478968E+00	-3.95428151E+01	1.26237297E-02	-1.25213360E-02
-5.37459642E-01	-4.06784041E+01	1.26157844E-02	-1.25518855E-02
-1.07192836E+01	-3.92112321E+01	1.26078250E-02	-1.25824898E-02
-2.01997352E+01	-3.52391952E+01	1.25998513E-02	-1.26131491E-02
-2.83737347E+01	-2.90201972E+01	1.25918632E-02	-1.26438637E-02
-3.47206870E+01	-2.09554078E+01	1.25838607E-02	-1.26746340E-02
-3.88376352E+01	-1.15633870E+01	1.25758437E-02	-1.27054602E-02
-4.04648418E+01	-1.44674421E+00	1.25678122E-02	-1.27363426E-02
-3.95021708E+01	8.74652478E+00	1.25597660E-02	-1.27672816E-02
-3.60152406E+01	1.83645417E+01	1.25517051E-02	-1.27982774E-02
-3.02309674E+01	2.67932330E+01	1.25436294E-02	-1.28293303E-02
-2.25228037E+01	3.34955346E+01	1.25355388E-02	-1.28604406E-02
-1.33866297E+01	3.80456107E+01	1.25274333E-02	-1.28916087E-02
-3.40885376E+00	4.01559075E+01	1.25193127E-02	-1.29228348E-02
6.77122363E+00	3.96953217E+01	1.25111770E-02	-1.29541192E-02
1.65023704E+01	3.66973384E+01	1.25030260E-02	-1.29854624E-02
2.51630814E+01	3.13576315E+01	1.24948598E-02	-1.30168645E-02
3.22012705E+01	2.40212974E+01	1.24866783E-02	-1.30483259E-02
3.71694622E+01	1.51605555E+01	1.24784813E-02	-1.30798470E-02
3.97532392E+01	5.34435460E+00	1.24702687E-02	-1.31114279E-02
3.97911371E+01	-4.79815741E+00	1.24620406E-02	-1.31430691E-02
3.72847288E+01	-1.46179557E+01	1.24537968E-02	-1.31747709E-02
3.23982674E+01	-2.34876686E+01	1.24455371E-02	-1.32065336E-02
2.54479292E+01	-3.08416575E+01	1.24372616E-02	-1.32383575E-02
1.68813584E+01	-3.62120871E+01	1.24289702E-02	-1.32702429E-02
7.24883871E+00	-3.92586852E+01	1.24206627E-02	-1.33021903E-02
-2.83205316E+00	-3.97902996E+01	1.24123392E-02	-1.33341998E-02
-1.27160409E+01	-3.77768864E+01	1.24039994E-02	-1.33662719E-02
-2.17714509E+01	-3.33511778E+01	1.23956433E-02	-1.33984068E-02
-2.94205804E+01	-2.67999401E+01	1.23872708E-02	-1.34306050E-02
-3.51765512E+01	-1.85453957E+01	1.23788819E-02	-1.34628667E-02
-3.86742975E+01	-9.11801407E+00	1.23704764E-02	-1.34951923E-02
-3.96937179E+01	8.77576860E-01	1.23620543E-02	-1.35275822E-02
-3.81735204E+01	1.08013668E+01	1.23536154E-02	-1.35600366E-02
-3.42148926E+01	2.00189409E+01	1.23451598E-02	-1.35925560E-02
-2.80747765E+01	2.79420356E+01	1.23366872E-02	-1.36251406E-02
-2.01491955E+01	3.40660797E+01	1.23281976E-02	-1.36577909E-02
-1.09477139E+01	3.80023252E+01	1.23196909E-02	-1.36905071E-02
-1.06067729E+00	3.95025225E+01	1.23111670E-02	-1.37232897E-02
8.87866071E+00	3.84745723E+01	1.23026258E-02	-1.37561390E-02
1.82346964E+01	3.49881699E+01	1.22940673E-02	-1.37890553E-02
2.64101200E+01	2.92700947E+01	1.22854913E-02	-1.38220390E-02
3.28840477E+01	2.16894635E+01	1.22768977E-02	-1.38550905E-02
3.72452068E+01	1.27339054E+01	1.22682865E-02	-1.38882101E-02
3.92180610E+01	2.97819720E+00	1.22596575E-02	-1.39213982E-02
3.86802142E+01	-6.95262483E+00	1.22510107E-02	-1.39546553E-02
3.56699973E+01	-1.64233087E+01	1.22423460E-02	-1.39879815E-02
3.03837642E+01	-2.48290207E+01	1.22336632E-02	-1.40213774E-02
2.31630890E+01	-3.16339710E+01	1.22249623E-02	-1.40548433E-02
1.44726984E+01	-3.64055631E+01	1.22162431E-02	-1.40883795E-02
4.87056302E+00	-3.88418928E+01	1.22075056E-02	-1.41219865E-02
-5.02792520E+00	-3.87908464E+01	1.21987497E-02	-1.41556647E-02
-1.45893914E+01	-3.62595920E+01	1.21899753E-02	-1.41894143E-02
-2.32030040E+01	-3.14138708E+01	1.21811822E-02	-1.42232359E-02
-3.03194961E+01	-2.45671512E+01	1.21723704E-02	-1.42571298E-02
-3.54861886E+01	-1.61603533E+01	1.21635397E-02	-1.42910963E-02
-3.83757834E+01	-6.73345688E+00	1.21546901E-02	-1.43251360E-02
-3.88070938E+01	3.10918094E+00	1.21458215E-02	-1.43592491E-02
-3.67564001E+01	1.27375690E+01	1.21369337E-02	-1.43934361E-02
-3.23587195E+01	2.15364040E+01	1.21280267E-02	-1.44276974E-02
-2.58989236E+01	2.89443902E+01	1.21191004E-02	-1.44620334E-02
-1.77932886E+01	3.44900437E+01	1.21101545E-02	-1.44964445E-02
-8.56267235E+00	3.78216982E+01	1.21011892E-02	-1.45309311E-02
1.20095348E+00	3.87298026E+01	1.20922041E-02	-1.45654936E-02
1.08724657E+01	3.71600967E+01	1.20831993E-02	-1.46001324E-02
1.98336119E+01	3.32168365E+01	1.20741746E-02	-1.46348480E-02
2.75125312E+01	2.71558798E+01	1.20651299E-02	-1.46696407E-02
3.34202456E+01	1.93680880E+01	1.20560651E-02	-1.47045111E-02
3.71817957E+01	1.03541235E+01	1.20469801E-02	-1.47394594E-02
3.85600364E+01	6.92263850E-01	1.20378748E-02	-1.47744862E-02
3.74705837E+01	-8.99869426E+00	1.20287490E-02	-1.48095919E-02
3.39869704E+01	-1.80990649E+01	1.20196027E-02	-1.48447768E-02
2.83356966E+01	-2.60278971E+01	1.20104357E-02	-1.48800415E-02
2.08815074E+01	-3.22800597E+01	1.20012480E-02	-1.49153864E-02
1.21038535E+01	-3.64584210E+01	1.19920393E-02	-1.49508119E-02
2.56605597E+00	-3.82990711E+01	1.19828097E-02	-1.49863184E-02
-7.12084515E+00	-3.76879882E+01	1.19735590E-02	-1.50219064E-02
-1.63372350E+01	-3.46680931E+01	1.19642870E-02	-1.50575764E-02
-2.44945556E+01	-2.94362586E+01	1.19549937E-02	-1.50933289E-02
-3.10728900E+01	-2.23304804E+01	1.19456789E-02	-1.51291641E-02
-3.56540976E+01	-1.38080433E+01	1.19363425E-02	-1.51650827E-02
-3.79483903E+01	-4.41609596E+00	1.19269845E-02	-1.52010851E-02
-3.78126604E+01	5.24347549E+00	1.19176046E-02	-1.52371717E-02
-3.52594006E+01	1.45526176E+01	1.19082027E-02	-1.52733430E-02
-3.04556609E+01	2.29166535E+01	1.18987788E-02	-1.53095995E-02
-2.37121248E+01	2.98022698E+01	1.18893327E-02	-1.53459416E-02
-1.54630190E+01	3.47715205E+01	1.18798643E-02	-1.53823699E-02
-6.23815468E+00	3.75096792E+01	1.18703735E-02	-1.54188848E-02
3.37109850E+00	3.78451699E+01	1.18608601E-02	-1.54554867E-02
1.27497212E+01	3.57603125E+01	1.18513240E-02	-1.54921762E-02
2.12984059E+01	3.13922116E+01	1.18417651E-02	-1.55289538E-02
2.84718520E+01	2.50237475E+01	1.18321833E-02	-1.55658200E-02
3.38135476E+01	1.70652597E+01	1.18225784E-02	-1.56027752E-02
3.69848196E+01	8.02810996E+00	1.18129503E-02	-1.56398199E-02
3.77863032E+01	-1.50817308E+00	1.18032989E-02	-1.56769546E-02
3.61704713E+01	-1.09330557E+01	1.17936240E-02	-1.57141800E-02
3.22444341E+01	-1.96440853E+01	1.17839255E-02	-1.57514963E-02
2.62628488E+01	-2.70853989E+01	1.17742033E-02	-1.57889043E-02
1.86114044E+01	-3.27831914E+01	1.17644573E-02	-1.58264043E-02
9.78195557E+00	-3.63758824E+01	1.17546873E-02	-1.58639969E-02
3.40906456E-01	-3.76370591E+01	1.17448931E-02	-1.59016826E-02
-9.10712190E+00	-3.64897413E+01	1.17350747E-02	-1.59394620E-02
-1.79580113E+01	-3.30110689E+01	1.17252320E-02	-1.59773355E-02
-2.56467727E+01	-2.74271274E+01	1.17153646E-02	-1.60153038E-02
-3.16836104E+01	-2.00982587E+01	1.17054726E-02	-1.60533672E-02
-3.56851218E+01	-1.14958097E+01	1.16955558E-02	-1.60915265E-02
-3.73986444E+01	-2.17182033E+00	1.16856141E-02	-1.61297821E-02
-3.67182068E+01	7.27640076E+00	1.16756473E-02	-1.61681345E-02
-3.36910737E+01	1.62445389E+01	1.16656552E-02	-1.62065843E-02
-2.85144833E+01	2.41599246E+01	1.16556378E-02	-1.62451322E-02
-2.15228007E+01	3.05181001E+01	1.16455948E-02	-1.62837785E-02
-1.31659234E+01	3.49149675E+01	1.16355262E-02	-1.63225239E-02
-3.98033300E+00	3.70724694E+01	1.16254317E-02	-1.63613690E-02
5.44534264E+00	3.68561699E+01	1.16153113E-02	-1.64003143E-02
1.45080487E+01	3.42836249E+01	1.16051648E-02	-1.64393603E-02
2.26288850E+01	2.95230215E+01	1.15949921E-02	-1.64785078E-02
2.92900835E+01	2.28821870E+01	1.15847929E-02	-1.65177571E-02
3.40680177E+01	1.47886878E+01	1.15745672E-02	-1.65571091E-02
3.66601422E+01	5.76230257E+00	1.15643148E-02	-1.65965641E-02
3.69041474E+01	-3.61835700E+00	1.15540355E-02	-1.66361228E-02
3.47881170E+01	-1.27529351E+01	1.15437292E-02	-1.66757859E-02
3.04510543E+01	-2.10577528E+01	1.15333958E-02	-1.67155538E-02
2.41737574E+01	-2.80031021E+01	1.15230350E-02	-1.67554273E-02
1.63606421E+01	-3.31470307E+01	1.15126467E-02	-1.67954069E-02
7.51368985E+00	-3.61634632E+01	1.15022308E-02	-1.68354932E-02
-1.79980213E+00	-3.68628681E+01	1.14917870E-02	-1.68756869E-02
-1.09835966E+01	-3.52041619E+01	1.14813153E-02	-1.69159885E-02
-1.94506849E+01	-3.12971038E+01	1.14708155E-02	-1.69563987E-02
-2.66608060E+01	-2.53950400E+01	1.14602874E-02	-1.69969182E-02
-3.21549175E+01	-1.78784801E+01	1.14497309E-02	-1.70375475E-02
-3.55844189E+01	-9.23056716E+00	1.14391457E-02	-1.70782874E-02
-3.67332685E+01	-6.02486392E-03	1.14285317E-02	-1.71191384E-02
-3.55315882E+01	9.20442416E+00	1.14178888E-02	-1.71601011E-02
-3.20599030E+01	1.78118856E+01	1.14072168E-02	-1.72011764E-02
-2.65437553E+01	2.52669444E+01	1.13965155E-02	-1.72423647E-02
-1.93390569E+01	3.10947326E+01	1.13857847E-02	-1.72836668E-02
-1.09091267E+01	3.49251754E+01	1.13750243E-02	-1.73250834E-02
-1.79489779E+00	3.65164890E+01	1.13642340E-02	-1.73666150E-02
7.41979158E+00	3.57704392E+01	1.13534138E-02	-1.74082625E-02
1.61455962E+01	3.27383972E+01	1.13425634E-02	-1.74500264E-02
2.38253550E+01	2.76178197E+01	1.13316827E-02	-1.74919074E-02
2.99696659E+01	2.07393949E+01	1.13207715E-02	-1.75339063E-02
3.41880713E+01	1.25456886E+01	1.13098296E-02	-1.75760238E-02
3.62138690E+01	3.56267091E+00	1.12988567E-02	-1.76182605E-02
3.59209710E+01	-5.63404463E+00	1.12878529E-02	-1.76606171E-02
3.33317445E+01	-1.44560843E+01	1.12768178E-02	-1.77030944E-02
2.86153488E+01	-2.23399547E+01	1.12657512E-02	-1.77456931E-02
2.20766894E+01	-2.87830332E+01	1.12546531E-02	-1.77884139E-02
1.41367085E+01	-3.33756107E+01	1.12435231E-02	-1.78312575E-02
5.30528815E+00	-3.58269421E+01	1.12323611E-02	-1.78742247E-02
-3.85149102E+00	-3.59836499E+01	1.12211670E-02	-1.79173161E-02
-1.27476336E+01	-3.38393157E+01	1.12099404E-02	-1.79605326E-02
-2.08147289E+01	-2.95346601E+01	1.11986813E-02	-1.80038750E-02
-2.75382678E+01	-2.33483137E+01	1.11873895E-02	-1.80473438E-02
-3.24904559E+01	-1.56787850E+01	1.11760646E-02	-1.80909400E-02
-3.53574301E+01	-7.01879203E+00	1.11647067E-02	-1.81346642E-02
-3.59591491E+01	2.07639037E+00	1.11533153E-02	-1.81785173E-02
-3.42606942E+01	1.10245328E+01	1.11418904E-02	-1.82225001E-02
-3.03742751E+01	1.92537215E+01	1.11304317E-02	-1.82666132E-02
-2.45518236E+01	2.62389104E+01	1.11189390E-02	-1.83108575E-02
-1.71686663E+01	3.15354185E+01	1.11074122E-02	-1.83552338E-02
-8.69933222E+00	3.48072376E+01	1.10958510E-02	-1.83997430E-02
3.12944389E-01	3.58483453E+01	1.10842552E-02	-1.84443857E-02
9.29106598E+00	3.45956744E+01	1.10726246E-02	-1.84891628E-02
1.76610247E+01	3.11329208E+01	1.10609590E-02	-1.85340752E-02
2.48885997E+01	2.56849621E+01	1.10492581E-02	-1.85791236E-02
3.05134525E+01	1.86032569E+01	1.10375219E-02	-1.86243089E-02
3.41784455E+01	1.03431739E+01	1.10257499E-02	-1.86696320E-02
3.56523149E+01	1.43471265E+00	1.10139421E-02	-1.87150936E-02
3.48442606E+01	-7.55150174E+00	1.10020982E-02	-1.87606947E-02
3.18095312E+01	-1.60407684E+01	1.09902179E-02	-1.88064360E-02
2.67456624E+01	-2.34910633E+01	1.09783012E-02	-1.88523185E-02
1.99796230E+01	-2.94276450E+01	1.09663476E-02	-1.88983430E-02
1.19467054E+01	-3.34733041E+01	1.09543571E-02	-1.89445104E-02
3.16252328E+00	-3.53723289E+01	1.09423293E-02	-1.89908216E-02
-5.81008342E+00	-3.50066650E+01	1.09302641E-02	-1.90372775E-02
-1.43971101E+01	-3.24032476E+01	1.09181612E-02	-1.90838790E-02
-2.20501071E+01	-2.77320515E+01	1.09060204E-02	-1.91306269E-02
-2.82812076E+01	-2.12949988E+01	1.08938414E-02	-1.91775223E-02
-3.26942265E+01	-1.35064463E+01	1.08816240E-02	-1.92245659E-02
-3.50098487E+01	-4.86651581E+00	1.08693680E-02	-1.92717588E-02
-3.50833054E+01	4.07101900E+00	1.08570732E-02	-1.93191019E-02
-3.29134189E+01	1.27342247E+01	1.08447392E-02	-1.93665960E-02
-2.86424530E+01	2.05696061E+01	1.08323658E-02	-1.94142423E-02
-2.25467910E+01	2.70774680E+01	1.08199528E-02	-1.94620415E-02
-1.50190539E+01	3.18437810E+01	1.08075000E-02	-1.95099948E-02
-6.54281316E+00	3.45665205E+01	1.07950071E-02	-1.95581030E-02
2.33847129E+00	3.50748018E+01	1.07824738E-02	-1.96063672E-02
1.10562941E+01	3.33396011E+01	1.07698999E-02	-1.96547883E-02
1.90534938E+01	2.94753886E+01	1.07572851E-02	-1.97033673E-02
2.58198603E+01	2.37325838E+01	1.07446291E-02	-1.97521052E-02
3.09246837E+01	1.64813303E+01	1.07319318E-02	-1.98010031E-02
3.40441693E+01	8.18764125E+00	1.07191928E-02	-1.98500619E-02
3.49819732E+01	-6.16548421E-01	1.07064119E-02	-1.98992827E-02
3.36815565E+01	-9.36749723E+00	1.06935888E-02	-1.99486666E-02
3.02295808E+01	-1.75057527E+01	1.06807232E-02	-1.99982145E-02
2.48501427E+01	-2.45119163E+01	1.06678149E-02	-2.00479275E-02
1.78902289E+01	-2.99397903E+01	1.06548636E-02	-2.00978067E-02
9.79733714E+00	-3.34447936E+01	1.06418690E-02	-2.01478532E-02
1.09070562E+00	-3.48058342E+01	1.06288308E-02	-2.01980680E-02
-7.67200005E+00	-3.39392522E+01	1.06157488E-02	-2.02484522E-02
-1.59304041E+01	-3.09039533E+01	1.06026226E-02	-2.02990069E-02
-2.31572555E+01	-2.58974185E+01	1.05894520E-02	-2.03497333E-02
-2.88920880E+01	-1.92428599E+01	1.05762368E-02	-2.04006324E-02
-3.27705581E+01	-1.13683568E+01	1.05629765E-02	-2.04517054E-02
-3.45475901E+01	-2.77932006E+00	1.05496709E-02	-2.05029533E-02
-3.41128586E+01	5.97394544E+00	1.05363198E-02	-2.05543775E-02
-3.14976319E+01	1.43314978E+01	1.05229228E-02	-2.06059789E-02
-2.68725503E+01	2.17595760E+01	1.05094796E-02	-2.06577587E-02
-2.05364961E+01	2.77846872E+01	1.04959899E-02	-2.07097182E-02
-1.28972824E+01	3.20237877E+01	1.04824534E-02	-2.07618585E-02
-4.44540625E+00	3.42086324E+01	1.04688699E-02	-2.08141808E-02
4.27744363E+00	3.42027466E+01	1.04552389E-02	-2.08666863E-02
1.27131025E+01	3.20099451E+01	1.04415602E-02	-2.09193762E-02
2.03226449E+01	2.77738683E+01	1.04278334E-02	-2.09722518E-02
2.66208129E+01	2.17685780E+01	1.04140583E-02	-2.10253143E-02
3.12069597E+01	1.43808297E+01	1.04002346E-02	-2.10785648E-02
3.37905341E+01	6.08516620E+00	1.03863618E-02	-2.11320048E-02
3.42094854E+01	-2.58656254E+00	1.03724397E-02	-2.11856353E-02
3.24404233E+01	-1.10792955E+01	1.03584680E-02	-2.12394578E-02
2.85998959E+01	-1.88502881E+01	1.03444462E-02	-2.12934735E-02
2.29367181E+01	-2.54037954E+01	1.03303742E-02	-2.13476837E-02
1.58158543E+01	-3.03226970E+01	1.03162515E-02	-2.14020897E-02
7.69490091E+00	-3.32950436E+01	1.03020777E-02	-2.14566928E-02
-9.05318423E-01	-3.41338386E+01	1.02878527E-02	-2.15114943E-02
-9.43415308E+00	-3.27887981E+01	1.02735759E-02	-2.15664957E-02
-1.73463811E+01	-2.93493517E+01	1.02592471E-02	-2.16216982E-02
-2.41370621E+01	-2.40387051E+01	1.02448659E-02	-2.16771033E-02
-2.93737600E+01	-1.71993581E+01	1.02304319E-02	-2.17327122E-02
-3.27240792E+01	-9.27101836E+00	1.02159449E-02	-2.17885264E-02
-3.39767611E+01	-7.62333357E-01	1.02014043E-02	-2.18445474E-02
-3.30550014E+01	7.78174035E+00	1.01868100E-02	-2.19007764E-02
-3.00211504E+01	1.58148388E+01	1.01721614E-02	-2.19572150E-02
-2.50725077E+01	2.28241274E+01	1.01574582E-02	-2.20138645E-02
-1.85284951E+01	2.83630389E+01	1.01427001E-02	-2.20707265E-02
-1.08100411E+01	3.20797230E+01	1.01278867E-02	-2.21278024E-02
-2.41250723E+00	3.37393948E+01	1.01130175E-02	-2.21850937E-02
6.12610197E+00	3.32391634E+01	1.00980922E-02	-2.22426018E-02
1.42596061E+01	3.06144038E+01	1.00831105E-02	-2.23003283E-02
2.14685844E+01	2.60362777E+01	1.00680719E-02	-2.23582747E-02
2.72935457E+01	1.98005768E+01	1.00529760E-02	-2.24164426E-02
3.13642139E+01	1.23086135E+01	1.00378224E-02	-2.24748334E-02
3.34230640E+01	4.04139614E+00	1.00226107E-02	-2.25334487E-02
3.33416105E+01	-4.47125234E+00	1.00073406E-02	-2.25922902E-02
3.11284211E+01	-1.26846476E+01	9.99201154E-03	-2.26513594E-02
2.69283530E+01	-2.00740946E+01	9.97662319E-03	-2.27106578E-02
2.10130772E+01	-2.61684050E+01	9.96117511E-03	-2.27701872E-02
1.37635089E+01	-3.05799412E+01	9.94566689E-03	-2.28299492E-02
5.64527996E+00	-3.30292706E+01	9.93009809E-03	-2.28899453E-02
-2.82116634E+00	-3.33628628E+01	9.91446829E-03	-2.29501773E-02
-1.10939385E+01	-3.15627087E+01	9.89877706E-03	-2.30106469E-02
-1.86443792E+01	-2.77472593E+01	9.88302395E-03	-2.30713557E-02
-2.49908467E+01	-2.21636376E+01	9.86720852E-03	-2.31323055E-02
-2.97294373E+01	-1.51716359E+01	9.85133034E-03	-2.31934979E-02
-3.25596891E+01	-7.22053363E+00	9.83538894E-03	-2.32549348E-02
-3.33036308E+01	1.17977007E+00	9.81938388E-03	-2.33166178E-02
-3.19169694E+01	9.49145441E+00	9.80331470E-03	-2.33785488E-02
-2.84917122E+01	1.71832091E+01	9.78718094E-03	-2.34407295E-02
-2.32500701E+01	2.37641960E+01	9.77098213E-03	-2.35031618E-02
-1.65300446E+01	2.88153701E+01	9.75471780E-03	-2.35658475E-02
-8.76363501E+00	3.20161601E+01	9.73838747E-03	-2.36287884E-02
-4.49068103E-01	3.31648119E+01	9.72199066E-03	-2.36919863E-02
7.88116200E+00	3.21911014E+01	9.70552690E-03	-2.37554432E-02
1.56943955E+01	2.91606189E+01	9.68899568E-03	-2.38191610E-02
2.24918653E+01	2.42703619E+01	9.67239653E-03	-2.38831415E-02
2.78405354E+01	1.78359326E+01	9.65572893E-03	-2.39473868E-02
3.14006855E+01	1.02711724E+01	9.63899238E-03	-2.40118987E-02
3.29474867E+01	2.06154630E+00	9.62218639E-03	-2.40766792E-02
3.23851966E+01	-6.26700957E+00	9.60531043E-03	-2.41417303E-02
2.97530783E+01	-1.41817804E+01	9.58836399E-03	-2.42070540E-02
2.52226783E+01	-2.11773449E+01	9.57134654E-03	-2.42726523E-02
1.90866500E+01	-2.68078492E+01	9.55425756E-03	-2.43385274E-02
1.17398515E+01	-3.07154212E+01	9.53709651E-03	-2.44046812E-02
3.65393770E+00	-3.26529148E+01	9.51986286E-03	-2.44711158E-02
-4.65291765E+00	-3.24995387E+01	9.50255606E-03	-2.45378334E-02
-1.26492271E+01	-3.02683817E+01	9.48517556E-03	-2.46048360E-02
-1.98241938E+01	-2.61053651E+01	9.46772082E-03	-2.46721259E-02
-2.57203393E+01	-2.02797046E+01	9.45019126E-03	-2.47397051E-02
-2.99626709E+01	-1.31665027E+01	9.43258633E-03	-2.48075760E-02
-3.22825295E+01	-5.22259877E+00	9.41490545E-03	-2.48757406E-02
-3.25346009E+01	3.04276987E+00	9.39714805E-03	-2.49442013E-02
-3.07060129E+01	1.11006107E+01	9.37931355E-03	-2.50129602E-02
-2.69169514E+01	1.84360307E+01	9.36140136E-03	-2.50820197E-02
-2.14127662E+01	2.45811368E+01	9.34341088E-03	-2.51513821E-02
-1.45480871E+01	2.91448790E+01	9.32534152E-03	-2.52210497E-02
-6.76397724E+00	3.18379334E+01	9.30719267E-03	-2.52910248E-02
1.44040390E+00	3.24910422E+01	9.28896371E-03	-2.53613098E-02
9.53980827E+00	3.10656474E+01	9.27065404E-03	-2.54319071E-02
1.70165244E+01	2.76561512E+01	9.25226302E-03	-2.55028192E-02
2.33934681E+01	2.24836711E+01	9.23379003E-03	-2.55740484E-02
2.82646236E+01	1.58817027E+01	9.21523443E-03	-2.56455973E-02
3.13208924E+01	8.27461985E+00	9.19659557E-03	-2.57174683E-02
3.23697051E+01	1.50397278E-01	9.17787281E-03	-2.57896640E-02
3.13471515E+01	-7.97069022E+00	9.15906549E-03	-2.58621869E-02
2.83218647E+01	-1.55693849E+01	9.14017294E-03	-2.59350396E-02
2.34904253E+01	-2.21606459E+01	9.12119451E-03	-2.60082246E-02
1.71645903E+01	-2.73246090E+01	9.10212950E-03	-2.60817447E-02
9.75117967E+00	-3.07333303E+01	9.08297723E-03	-2.61556024E-02
1.72591402E+00	-3.21716112E+01	9.06373702E-03	-2.62298005E-02
-6.39711048E+00	-3.15505805E+01	9.04440816E-03	-2.63043417E-02
-1.40983539E+01	-2.89131792E+01	9.02498996E-03	-2.63792286E-02
-2.08860604E+01	-2.44312078E+01	9.00548169E-03	-2.64544641E-02
-2.63276577E+01	-1.83941387E+01	8.98588264E-03	-2.65300509E-02
-3.00773227E+01	-1.11904232E+01	8.96619207E-03	-2.66059919E-02
-3.18979571E+01	-3.28249835E+00	8.94640926E-03	-2.66822900E-02
-3.16761773E+01	4.82289758E+00	8.92653346E-03	-2.67589479E-02
-2.94293697E+01	1.26071953E+01	8.90656391E-03	-2.68359687E-02
-2.53043735E+01	1.95731706E+01	8.88649987E-03	-2.69133553E-02
-1.95678892E+01	2.52767030E+01	8.86634055E-03	-2.69911107E-02
-1.25892371E+01	2.93550900E+01	8.84608519E-03	-2.70692378E-02
-4.81658208E+00	3.15501102E+01	8.82573300E-03	-2.71477397E-02
3.25184569E+00	3.17243699E+01	8.80528319E-03	-2.72266196E-02
1.10996864E+01	2.98698987E+01	8.78473496E-03	-2.73058804E-02
1.82254951E+01	2.61084557E+01	8.76408749E-03	-2.73855254E-02
2.41747805E+01	2.06835408E+01	8.74333997E-03	-2.74655577E-02
2.85689917E+01	1.39446344E+01	8.72249158E-03	-2.75459805E-02
3.11296035E+01	6.32468461E+00	8.70154147E-03	-2.76267971E-02
3.16957683E+01	-1.68770575E+00	8.68048881E-03	-2.77080108E-02
3.02344158E+01	-9.57960819E+00	8.65933272E-03	-2.77896248E-02
2.68421672E+01	-1.68466033E+01	8.63807236E-03	-2.78716426E-02
2.17389539E+01	-2.30250199E+01	8.61670685E-03	-2.79540675E-02
1.52537608E+01	-2.77215184E+01	8.59523530E-03	-2.80369030E-02
7.80342054E+00	-3.06381306E+01	8.57365683E-03	-2.81201525E-02
-1.34176910E-01	-3.15911617E+01	8.55197052E-03	-2.82038195E-02
-8.05073652E+00	-3.05227569E+01	8.53017546E-03	-2.82879077E-02
-1.54401062E+01	-2.75044028E+01	8.50827074E-03	-2.83724204E-02
-2.18306368E+01	-2.27321536E+01	8.48625542E-03	-2.84573615E-02
-2.68152853E+01	-1.65139000E+01	8.46412855E-03	-2.85427345E-02
-3.00775398E+01	-9.24950689E+00	8.44188918E-03	-2.86285432E-02
-3.14115148E+01	-1.40510193E+00	8.41953634E-03	-2.87147913E-02
-3.07349427E+01	6.51683301E+00	8.39706906E-03	-2.88014826E-02
-2.80942391E+01	1.40096474E+01	8.37448635E-03	-2.88886209E-02
-2.36613335E+01	2.05949240E+01	8.35178721E-03	-2.89762102E-02
-1.77224791E+01	2.58530243E+01	8.32897063E-03	-2.90642543E-02
-1.06597700E+01	2.94498284E+01	8.30603559E-03	-2.91527572E-02
-2.92656030E+00	3.11579639E+01	8.28298105E-03	-2.92417230E-02
4.98163605E+00	3.08711770E+01	8.25980597E-03	-2.93311556E-02
1.25588940E+01	2.86109359E+01	8.23650929E-03	-2.94210593E-02
1.93212428E+01	2.45248582E+01	8.21308994E-03	-2.95114381E-02
2.48375767E+01	1.88770734E+01	8.18954684E-03	-2.96022963E-02
2.87571367E+01	1.20311524E+01	8.16587889E-03	-2.96936381E-02
3.08318123E+01	4.42670410E+00	8.14208499E-03	-2.97854679E-02
3.09318443E+01	-3.44885212E+00	8.11816401E-03	-2.98777899E-02
2.90539360E+01	-1.10915274E+01	8.09411482E-03	-2.99706086E-02
2.53212655E+01	-1.80130144E+01	8.06993627E-03	-3.00639285E-02
1.99754109E+01	-2.37718848E+01	8.04562721E-03	-3.01577540E-02
1.33607184E+01	-2.80017411E+01	8.02118645E-03	-3.02520898E-02
5.90212329E+00	-3.04345259E+01	7.99661280E-03	-3.03469404E-02
-1.92214709E+00	-3.09175076E+01	7.97190507E-03	-3.04423105E-02
-9.61123463E+00	-2.94228647E+01	7.94706204E-03	-3.05382049E-02
-1.66737109E+01	-2.60492685E+01	7.92208247E-03	-3.06346284E-02
-2.26589845E+01	-2.10153762E+01	7.89696512E-03	-3.07315857E-02
-2.71860475E+01	-1.46456610E+01	7.87170872E-03	-3.08290819E-02
-2.99677281E+01	-7.34949932E+00	7.84631199E-03	-3.09271218E-02
-3.08289050E+01	4.05137838E-01	7.82077365E-03	-3.10257105E-02
-2.97175288E+01	8.12169908E+00	7.79509239E-03	-3.11248531E-02
-2.67077571E+01	1.53068469E+01	7.76926687E-03	-3.12245547E-02
-2.19950144E+01	2.15019969E+01	7.74329576E-03	-3.13248206E-02
-1.58833066E+01	2.63125846E+01	7.71717770E-03	-3.14256560E-02
-8.76561227E+00	2.94331942E+01	7.69091132E-03	-3.15270663E-02
-1.09861604E+00	3.06669462E+01	7.66449522E-03	-3.16290569E-02
6.62659191E+00	2.99379161E+01	7.63792799E-03	-3.17316333E-02
1.39159701E+01	2.72957987E+01	7.61120821E-03	-3.18348009E-02
2.03041195E+01	2.29125339E+01	7.58433444E-03	-3.19385655E-02
2.53839962E+01	1.70711206E+01	7.55730520E-03	-3.20429327E-02
2.88328459E+01	1.01473476E+01	7.53011903E-03	-3.21479083E-02
3.04327092E+01	2.58562021E+00	7.50277441E-03	-3.22534982E-02
3.00841928E+01	-5.12956326E+00	7.47526983E-03	-3.23597081E-02
2.78126391E+01	-1.25046528E+01	7.44760376E-03	-3.24665442E-02
2.37663094E+01	-1.90686187E+01	7.41977463E-03	-3.25740124E-02
1.82067120E+01	-2.44030338E+01	7.39178086E-03	-3.26821189E-02
1.14917029E+01	-2.81687453E+01	7.36362087E-03	-3.27908699E-02
4.05245346E+00	-3.01274356E+01	7.33529302E-03	-3.29002718E-02
-3.63423361E+00	-3.01567023E+01	7.30679568E-03	-3.30103308E-02
-1.10764829E+01	-2.82577023E+01	7.27812720E-03	-3.31210535E-02
-1.77988204E+01	-2.45548844E+01	7.24928587E-03	-3.32324465E-02
-2.33725495E+01	-1.92878380E+01	7.22027001E-03	-3.33445162E-02
-2.74430885E+01	-1.27957935E+01	7.19107789E-03	-3.34572695E-02
-2.97525265E+01	-5.49577517E+00	7.16170775E-03	-3.35707132E-02
-3.01559620E+01	2.14418543E+00	7.13215782E-03	-3.36848542E-02
-2.86305909E+01	9.63505532E+00	7.10242630E-03	-3.37996994E-02
-2.52769729E+01	1.64981020E+01	7.07251138E-03	-3.39152560E-02
-2.03124080E+01	2.22954875E+01	7.04241122E-03	-3.40315310E-02
-1.40568591E+01	2.66581992E+01	7.01212393E-03	-3.41485319E-02
-6.91233266E+00	2.93095371E+01	6.98164763E-03	-3.42662659E-02
6.62954834E-01	3.00826607E+01	6.95098041E-03	-3.43847406E-02
8.18396308E+00	2.89310843E+01	6.92012030E-03	-3.45039635E-02
1.51698837E+01	2.59314608E+01	6.88906535E-03	-3.46239423E-02
2.11748766E+01	2.12784868E+01	6.85781354E-03	-3.47446847E-02
2.58165218E+01	1.52722686E+01	6.82636287E-03	-3.48661987E-02
2.88001722E+01	8.29896817E+00	6.79471127E-03	-3.49884923E-02
2.99376556E+01	8.05976415E-01	6.76285665E-03	-3.51115735E-02
2.91591387E+01	-6.72678877E+00	6.73079692E-03	-3.52354506E-02
2.65174074E+01	-1.38176197E+01	6.69852993E-03	-3.53601320E-02
2.21842983E+01	-2.00138220E+01	6.66605350E-03	-3.54856260E-02
1.64395255E+01	-2.49206144E+01	6.63336545E-03	-3.56119412E-02
9.65262554E+00	-2.82262802E+01	6.60046354E-03	-3.57390863E-02
2.25918883E+00	-2.97219682E+01	6.56734550E-03	-3.58670702E-02
-5.26709603E+00	-2.93148848E+01	6.53400905E-03	-3.59959017E-02
-1.24447896E+01	-2.70340455E+01	6.50045185E-03	-3.61255900E-02
-1.88154970E+01	-2.30282282E+01	6.46667155E-03	-3.62561442E-02
-2.39731416E+01	-1.75562725E+01	6.43266576E-03	-3.63875736E-02
-2.75898473E+01	-1.09703567E+01	6.39843205E-03	-3.65198878E-02
-2.94367805E+01	-3.69333283E+00	6.36396795E-03	-3.66530962E-02
-2.93986260E+01	3.80842111E+00	6.32927097E-03	-3.67872086E-02
-2.74807820E+01	1.10548900E+01	6.29433858E-03	-3.69222350E-02
-2.38088260E+01	1.75831350E+01	6.25916820E-03	-3.70581852E-02
-1.86202962E+01	2.29768672E+01	6.22375723E-03	-3.71950695E-02
-1.22493276E+01	2.68929918E+01	6.18810303E-03	-3.73328982E-02
-5.10513613E+00	2.90834309E+01	6.15220290E-03	-3.74716817E-02
2.35426464E+00	2.94108362E+01	6.11605412E-03	-3.76114307E-02
9.65142563E+00	2.78571977E+01	6.07965394E-03	-3.77521559E-02
1.63200208E+01	2.45248075E+01	6.04299954E-03	-3.78938683E-02
2.19346463E+01	1.96295305E+01	6.00608808E-03	-3.80365789E-02
2.61379573E+01	1.34868241E+01	5.96891667E-03	-3.81802991E-02
2.86634089E+01	6.49141092E+00	5.93148238E-03	-3.83250402E-02
2.93521572E+01	-9.08083539E-01	5.89378223E-03	-3.84708139E-02
2.81630464E+01	-8.23790112E+00	5.85581320E-03	-3.86176320E-02
2.51750557E+01	-1.50294824E+01	5.81757222E-03	-3.87655063E-02
2.05820609E+01	-2.08494181E+01	5.77905617E-03	-3.89144492E-02
1.46802573E+01	-2.53271066E+01	5.74026190E-03	-3.90644728E-02
7.84906069E+00	-2.81783508E+01	5.70118620E-03	-3.92155897E-02
5.26716879E-01	-2.92233950E+01	5.66182580E-03	-3.93678126E-02
-6.81781235E+00	-2.83982540E+01	5.62217740E-03	-3.95211545E-02
-1.37148827E+01	-2.57586226E+01	5.58223764E-03	-3.96756284E-02
-1.97241975E+01	-2.14761270E+01	5.54200309E-03	-3.98312477E-02
-2.44629144E+01	-1.58271686E+01	5.50147030E-03	-3.99880259E-02
-2.76300339E+01	-9.17508691E+00	5.46063575E-03	-4.01459767E-02
-2.90255170E+01	-1.94679065E+00	5.41949585E-03	-4.03051140E-02
-2.85629171E+01	5.39463821E+00	5.37804697E-03	-4.04654522E-02
-2.62747293E+01	1.23796109E+01	5.33628542E-03	-4.06270055E-02
-2.23101257E+01	1.85620674E+01	5.29420746E-03	-4.07897886E-02
-1.69252346E+01	2.35479608E+01	5.25180927E-03	-4.09538165E-02
-1.04665952E+01	2.70203711E+01	5.20908698E-03	-4.11191040E-02
-3.34885861E+00	2.87596476E+01	5.16603665E-03	-4.12856668E-02
3.97183242E+00	2.86573013E+01	5.12265430E-03	-4.14535203E-02
1.10270740E+01	2.67227667E+01	5.07893585E-03	-4.16226804E-02
1.73661705E+01	2.30826137E+01	5.03487718E-03	-4.17931632E-02
2.25849237E+01	1.79722710E+01	4.99047409E-03	-4.19649852E-02
2.63514049E+01	1.17208015E+01	4.94572231E-03	-4.21381629E-02
2.84270645E+01	4.72971572E+00	4.90061751E-03	-4.23127134E-02
2.86818386E+01	-2.55281536E+00	4.85515529E-03	-4.24886538E-02
2.71022951E+01	-9.66068894E+00	4.80933115E-03	-4.26660016E-02
2.37923089E+01	-1.61397014E+01	4.76314054E-03	-4.28447747E-02
1.89662368E+01	-2.15765716E+01	4.71657883E-03	-4.30249911E-02
1.29350376E+01	-2.56253014E+01	4.66964131E-03	-4.32066692E-02
6.08623802E+00	-2.80291938E+01	4.62232318E-03	-4.33898278E-02
-1.14096626E+00	-2.86371253E+01	4.57461957E-03	-4.35744860E-02
-8.28387356E+00	-2.74130438E+01	4.52652552E-03	-4.37606630E-02
-1.48858984E+01	-2.44380925E+01	4.47803600E-03	-4.39483786E-02
-2.05257561E+01	-1.99052380E+01	4.42914587E-03	-4.41376529E-02
-2.48443440E+01	-1.41067565E+01	4.37984991E-03	-4.43285062E-02
-2.75676053E+01	-7.41538942E+00	4.33014281E-03	-4.45209593E-02
-2.85239186E+01	-2.60384626E-01	4.28001918E-03	-4.47150332E-02
-2.76549104E+01	6.90003894E+00	4.22947352E-03	-4.49107496E-02
-2.50190101E+01	1.36080350E+01	4.17850023E-03	-4.51081302E-02
-2.07875306E+01	1.94354042E+01	4.12709362E-03	-4.53071973E-02
-1.52335372E+01	2.40109264E+01	4.07524790E-03	-4.55079737E-02
-8.71422818E+00	2.70440076E+01	4.02295717E-03	-4.57104822E-02
-1.64796354E+00	2.83431332E+01	3.97021542E-03	-4.59147465E-02
5.51258100E+00	2.78279588E+01	3.91701655E-03	-4.61207904E-02
1.23094120E+01	2.55342722E+01	3.86335433E-03	-4.63286382E-02
1.83085106E+01	2.16115234E+01	3.80922243E-03	-4.65383149E-02
2.31275464E+01	1.63130899E+01	3.75461439E-03	-4.67498455E-02
2.64602423E+01	9.97991310E+00	3.69952364E-03	-4.69632558E-02
2.80958383E+01	3.01856058E+00	3.64394351E-03	-4.71785720E-02
2.79324182E+01	-4.12487255E+00	3.58786716E-03	-4.73958208E-02
2.59832548E+01	-1.09933491E+01	3.53128765E-03	-4.76150293E-02
2.23757803E+01	-1.71481300E+01	3.47419792E-03	-4.78362252E-02
1.73432598E+01	-2.21967984E+01	3.41659076E-03	-4.80594368E-02
1.12097094E+01	-2.58182786E+01	3.35845883E-03	-4.82846927E-02
4.36903680E+00	-2.77832528E+01	3.29979464E-03	-4.85120223E-02
-2.74025533E+00	-2.79686807E+01	3.24059058E-03	-4.87414553E-02
-9.66317694E+00	-2.63654990E+01	3.18083887E-03	-4.89730223E-02
-1.59573687E+01	-2.30790226E+01	3.12053160E-03	-4.92067543E-02
-2.12213665E+01	-1.83220310E+01	3.05966069E-03	-4.94426828E-02
-2.51202072E+01	-1.24009944E+01	2.99821792E-03	-4.96808402E-02
-2.74067414E+01	-5.69633115E+00	2.93619489E-03	-4.99212592E-02
-2.79372987E+01	1.36203231E+00	2.87358305E-03	-5.01639733E-02
-2.66807113E+01	8.32222883E+00	2.81037368E-03	-5.04090169E-02
-2.37201304E+01	1.47393772E+01	2.74655788E-03	-5.06564247E-02
-1.92475304E+01	2.02040172E+01	2.68212657E-03	-5.09062323E-02
-1.35512625E+01	2.43682344E+01	2.61707051E-03	-5.11584760E-02
-6.99746705E+00	2.69678098E+01	2.55138025E-03	-5.14131928E-02
-6.53989279E-03	2.78389822E+01	2.48504615E-03	-5.16704204E-02
6.97383272E+00	2.69287617E+01	2.41805839E-03	-5.19301975E-02
1.34973421E+01	2.42981437E+01	2.35040695E-03	-5.21925633E-02
1.91475918E+01	2.01180305E+01	2.28208157E-03	-5.24575579E-02
2.35646753E+01	1.46581305E+01	2.21307183E-03	-5.27252224E-02
2.64680998E+01	8.26955881E+00	2.14336704E-03	-5.29955986E-02
2.76745958E+01	1.36225846E+00	2.07295634E-03	-5.32687292E-02
2.71096834E+01	-5.62130330E+00	2.00182860E-03	-5.35446578E-02
2.48122635E+01	-1.22344776E+01	1.92997247E-03	-5.38234289E-02
2.09319524E+01	-1.80549991E+01	1.85737638E-03	-5.41050880E-02
1.57193420E+01	-2.27119476E+01	1.78402847E-03	-5.43896817E-02
9.50981769E+00	-2.59093839E+01	1.70991666E-03	-5.46772572E-02
2.70198155E+00	-2.74451547E+01	1.63502860E-03	-5.49678632E-02
-4.26793407E+00	-2.72236707E+01	1.55935167E-03	-5.52615492E-02
-1.09540181E+01	-2.52618518E+01	1.48287298E-03	-5.55583657E-02
-1.69292076E+01	-2.16878684E+01	1.40557936E-03	-5.58583646E-02
-2.18125644E+01	-1.67327714E+01	1.32745734E-03	-5.61615988E-02
-2.52935603E+01	-1.07155577E+01	1.24849316E-03	-5.64681222E-02
-2.71518214E+01	-4.02263526E+00	1.16867275E-03	-5.67779903E-02
-2.72710773E+01	2.91698969E+00	1.08798173E-03	-5.70912594E-02
-2.56464323E+01	9.65921003E+00	1.00640538E-03	-5.74079875E-02
-2.23845034E+01	1.57732378E+01	9.23928672E-04	-5.77282335E-02
-1.76964283E+01	2.08691277E+01	8.40536221E-04	-5.80520581E-02
-1.18842012E+01	2.46226465E+01	7.56212290E-04	-5.83795231E-02
-5.32122043E+00	2.67959010E+01	6.70940783E-04	-5.87106917E-02
1.57169836E+00	2.72524135E+01	5.84705229E-04	-5.90456288E-02
8.35330381E+00	2.59656891E+01	4.97488774E-04	-5.93844006E-02
1.45901545E+01	2.30207371E+01	4.09274171E-04	-5.97270750E-02
1.98843211E+01	1.86084606E+01	3.20043763E-04	-6.00737215E-02
2.38987739E+01	1.30132838E+01	2.29779477E-04	-6.04244112E-02
2.63788372E+01	6.59481913E+00	1.38462808E-04	-6.07792169E-02
2.71683441E+01	-2.35244368E-01	4.60748065E-05	-6.11382132E-02
2.62194668E+01	-7.03954611E+00	-4.74039332E-05	-6.15014765E-02
2.35956051E+01	-1.33830592E+01	-1.41993289E-04	-6.18690852E-02
1.94671579E+01	-1.88609025E+01	-2.37713624E-04	-6.22411193E-02
1.41004597E+01	-2.31241811E+01	-3.34585802E-04	-6.26176611E-02
7.84060094E+00	-2.59022072E+01	-4.32631204E-04	-6.29987947E-02
1.08923910E+00	-2.70196849E+01	-5.31871741E-04	-6.33846067E-02
-5.72117203E+00	-2.64077690E+01	-6.32329875E-04	-6.37751853E-02
-1.21550818E+01	-2.41082997E+01	-7.34028633E-04	-6.41706215E-02
-1.78016968E+01	-2.02709540E+01	-8.36991625E-04	-6.45710083E-02
-2.23012079E+01	-1.51435057E+01	-9.41243067E-04	-6.49764411E-02
-2.53677167E+01	-9.05582893E+00	-1.04680779E-03	-6.53870180E-02
-2.68073995E+01	-2.39867709E+00	-1.15371128E-03	-6.58028393E-02
-2.65307566E+01	4.40139743E+00	-1.26197967E-03	-6.62240083E-02
-2.45581703E+01	1.09093733E+01	-1.37163980E-03	-6.66506308E-02
-2.10184297E+01	1.67095887E+01	-1.48271918E-03	-6.70828154E-02
-1.61403258E+01	2.14322886E+01	-1.59524610E-03	-6.75206737E-02
-1.02378654E+01	2.47771946E+01	-1.70924956E-03	-6.79643202E-02
-3.69005967E+00	2.65325957E+01	-1.82475936E-03	-6.84138727E-02
3.08341138E+00	2.65887465E+01	-1.94180612E-03	-6.88694520E-02
9.64909759E+00	2.49447236E+01	-2.06042127E-03	-6.93311823E-02
1.55875149E+01	2.17083146E+01	-2.18063713E-03	-6.97991912E-02
2.05199451E+01	1.70889549E+01	-2.30248688E-03	-7.02736100E-02
2.41325876E+01	1.13841771E+01	-2.42600464E-03	-7.07545735E-02
2.61965212E+01	4.96044860E+00	-2.55122551E-03	-7.12422204E-02
2.65822087E+01	-1.77036872E+00	-2.67818553E-03	-7.17366933E-02
2.52676235E+01	-8.37742415E+00	-2.80692182E-03	-7.22381389E-02
2.23394887E+01	-1.44384566E+01	-2.93747252E-03	-7.27467081E-02
1.79875621E+01	-1.95667804E+01	-3.06987689E-03	-7.32625564E-02
1.24923408E+01	-2.34359542E+01	-3.20417532E-03	-7.37858436E-02
6.20698373E+00	-2.58005594E+01	-3.34040940E-03	-7.43167342E-02
-4.65382817E-01	-2.65117644E+01	-3.47862193E-03	-7.48553978E-02
-7.09752006E+00	-2.55266899E+01	-3.61885698E-03	-7.54020089E-02
-1.32654320E+01	-2.29109840E+01	-3.76115995E-03	-7.59567473E-02
-1.85754709E+01	-1.88344544E+01	-3.90557760E-03	-7.65197984E-02
-2.26894589E+01	-1.35600475E+01	-4.05215811E-03	-7.70913530E-02
-2.53462250E+01	-7.42688913E+00	-4.20095114E-03	-7.76716082E-02
-2.63781824E+01	-8.28481567E-01	-4.35200788E-03	-7.82607667E-02
-2.57218982E+01	5.81254252E+00	-4.50538110E-03	-7.88590380E-02
-2.34219849E+01	1.20714889E+01	-4.66112523E-03	-7.94666381E-02
-1.96280788E+01	1.75487600E+01	-4.81929644E-03	-8.00837897E-02
-1.45851075E+01	2.18953658E+01	-4.97995265E-03	-8.07107229E-02
-8.61747900E+00	2.48351588E+01	-5.14315366E-03	-8.13476750E-02
-2.10821518E+00	2.61823766E+01	-5.30896120E-03	-8.19948913E-02
4.52563130E+00	2.58533777E+01	-5.47743902E-03	-8.26526250E-02
1.08596965E+01	2.38718293E+01	-5.64865294E-03	-8.33211377E-02
1.64894506E+01	2.03670253E+01	-5.82267099E-03	-8.40006998E-02
2.10560323E+01	1.55654540E+01	-5.99956346E-03	-8.46915908E-02
2.42691230E+01	9.77616328E+00	-6.17940301E-03	-8.53940997E-02
2.59254018E+01	3.37087100E+00	-6.36226476E-03	-8.61085254E-02
2.59214099E+01	-3.23990140E+00	-6.54822643E-03	-8.68351773E-02
2.42600083E+01	-9.63313835E+00	-6.73736839E-03	-8.75743753E-02
2.10500285E+01	-1.54003975E+01	-6.92977385E-03	-8.83264507E-02
1.64991473E+01	-2.01739025E+01	-7.12552893E-03	-8.90917468E-02
1.09004530E+01	-2.36499951E+01	-7.32472280E-03	-8.98706188E-02
4.61357074E+00	-2.56084502E+01	-7.52744783E-03	-9.06634351E-02
-1.95843573E+00	-2.59264261E+01	-7.73379973E-03	-9.14705772E-02
-8.39490457E+00	-2.45861663E+01	-7.94387769E-03	-9.22924409E-02
-1.42845004E+01	-2.16759696E+01	-8.15778457E-03	-9.31294367E-02
-1.92515007E+01	-1.73843784E+01	-8.37562702E-03	-9.39819904E-02
-2.29797633E+01	-1.19879652E+01	-8.59751572E-03	-9.48505440E-02
-2.52328472E+01	-5.83351115E+00	-8.82356552E-03	-9.57355563E-02
-2.58690055E+01	6.84278043E-01	-9.05389565E-03	-9.66375040E-02
-2.48501001E+01	7.14808439E+00	-9.28862996E-03	-9.75568822E-02
-2.22438776E+01	1.31446966E+01	-9.52789711E-03	-9.84942056E-02
-1.82194714E+01	1.82914243E+01	-9.77183081E-03	-9.94500093E-02
-1.30364280E+01	2.22605196E+01	-1.00205701E-02	-1.00424850E-01
-7.02797004E+00	2.48000466E+01	-1.02742596E-02	-1.01419306E-01
-5.79574063E-01	2.57498718E+01	-1.05330498E-02	-1.02433982E-01
5.89575874E+00	2.50517584E+01	-1.07970972E-02	-1.03469505E-01
1.19839531E+01	2.27529303E+01	-1.10665651E-02	-1.04526528E-01
1.72963371E+01	1.90028871E+01	-1.13416233E-02	-1.05605735E-01
2.14944547E+01	1.40436846E+01	-1.16224489E-02	-1.06707835E-01
2.43116267E+01	8.19431207E+00	-1.19092267E-02	-1.07833570E-01
2.55698907E+01	1.83017590E+00	-1.22021491E-02	-1.08983715E-01
2.51912400E+01	-4.64099287E+00	-1.25014173E-02	-1.10159078E-01
2.32024547E+01	-1.08052595E+01	-1.28072411E-02	-1.11360503E-01
1.97332251E+01	-1.62689622E+01	-1.31198398E-02	-1.12588871E-01
1.50076976E+01	-2.06838512E+01	-1.34394425E-02	-1.13845107E-01
9.32999428E+00	-2.37692845E+01	-1.37662889E-02	-1.15130175E-01
3.06464230E+00	-2.53300661E+01	-1.41006294E-02	-1.16445086E-01
-3.38682916E+00	-2.52687925E+01	-1.44427265E-02	-1.17790898E-01
-9.61162065E+00	-2.35919276E+01	-1.47928549E-02	-1.19168719E-01
-1.52120745E+01	-2.04092258E+01	-1.51513024E-02	-1.20579712E-01
-1.98310775E+01	-1.59265529E+01	-1.55183708E-02	-1.22025096E-01
-2.31748308E+01	-1.04325713E+01	-1.58943766E-02	-1.23506152E-01
-2.50315364E+01	-4.28015396E+00	-1.62796520E-02	-1.25024223E-01
-2.52848103E+01	2.13628002E+00	-1.66745459E-02	-1.26580723E-01
-2.39209749E+01	8.40604918E+00	-1.70794249E-02	-1.28177136E-01
-2.10297722E+01	1.41284944E+01	-1.74946745E-02	-1.29815026E-01
-1.67984629E+01	1.89385815E+01	-1.79207002E-02	-1.31496038E-01
-1.14997006E+01	2.25301852E+01	-1.83579290E-02	-1.33221907E-01
-5.47396368E+00	2.46755707E+01	-1.88068108E-02	-1.34994460E-01
8.92320874E-01	2.52398320E+01	-1.92678199E-02	-1.36815626E-01
7.19155811E+00	2.41893718E+01	-1.97414564E-02	-1.38687442E-01
1.30210798E+01	2.15938910E+01	-2.02282488E-02	-1.40612060E-01
1.80088833E+01	1.76217698E+01	-2.07287551E-02	-1.42591755E-01
2.18373695E+01	1.25291465E+01	-2.12435654E-02	-1.44628936E-01
2.42635644E+01	6.64340221E+00	-2.17733041E-02	-1.46726154E-01
2.51345380E+01	3.42116605E-01	-2.23186326E-02	-1.48886111E-01
2.43970412E+01	-5.97115368E+00	-2.28802519E-02	-1.51111678E-01
2.21007542E+01	-1.18927191E+01	-2.34589056E-02	-1.53405900E-01
1.83949484E+01	-1.70445693E+01	-2.40553832E-02	-1.55772015E-01
1.35187853E+01	-2.10985030E+01	-2.46705238E-02	-1.58213468E-01
7.78588401E+00	-2.37970347E+01	-2.53052202E-02	-1.60733927E-01
1.56415116E+00	-2.49697475E+01	-2.59604226E-02	-1.63337304E-01
-4.74782817E+00	-2.45440531E+01	-2.66371441E-02	-1.66027770E-01
-1.07463241E+01	-2.25496792E+01	-2.73364655E-02	-1.68809783E-01
-1.60482847E+01	-1.91166082E+01	-2.80595412E-02	-1.71688111E-01
-2.03157956E+01	-1.44666090E+01	-2.88076057E-02	-1.74667857E-01
-2.32776156E+01	-8.89891267E+00	-2.95819802E-02	-1.77754492E-01
-2.47464152E+01	-2.77095842E+00	-3.03840809E-02	-1.80953889E-01
-2.46306227E+01	3.52455280E+00	-3.12154275E-02	-1.84272357E-01
-2.29401290E+01	9.58482278E+00	-3.20776526E-02	-1.87716685E-01
-1.97854959E+01	1.50227269E+01	-3.29725127E-02	-1.91294189E-01
-1.53707288E+01	1.94915421E+01	-3.39018999E-02	-1.95012763E-01
-9.98008605E+00	2.27070532E+01	-3.48678555E-02	-1.98880937E-01
-3.95977713E+00	2.44656276E+01	-3.58725848E-02	-2.02907944E-01
2.30427083E+00	2.46571086E+01	-3.69184741E-02	-2.07103791E-01
8.41115181E+00	2.32717126E+01	-3.80081092E-02	-2.11479345E-01
1.39706383E+01	2.04004969E+01	-3.91442974E-02	-2.16046425E-01
1.86281156E+01	1.62293792E+01	-4.03300909E-02	-2.20817909E-01
2.20872004E+01	1.10271012E+01	-4.15688149E-02	-2.25807859E-01
2.41285994E+01	5.12791524E+00	-4.28640980E-02	-2.31031655E-01
2.46240108E+01	-1.08989068E+00	-4.42199082E-02	-2.36506153E-01
2.35441844E+01	-7.22824971E+00	-4.56405933E-02	-2.42249874E-01
2.09606368E+01	-1.28947996E+01	-4.71309273E-02	-2.48283205E-01
1.70409204E+01	-1.77279616E+01	-4.86961640E-02	-2.54628646E-01
1.20377590E+01	-2.14200110E+01	-5.03420988E-02	-2.61311091E-01
6.27275572E+00	-2.37366692E+01	-5.20751402E-02	-2.68358151E-01
1.15720707E-01	-2.45319678E+01	-5.39023930E-02	-2.75800539E-01
-6.03904964E+00	-2.37574431E+01	-5.58317554E-02	-2.83672519E-01
-1.17980226E+01	-2.14650822E+01	-5.78720327E-02	-2.92012427E-01
-1.67935905E+01	-1.78038412E+01	-6.00330715E-02	-3.00863306E-01
-2.07075347E+01	-1.30099685E+01	-6.23259178E-02	-3.10273640E-01
-2.32912952E+01	-7.39176215E+00	-6.47630052E-02	-3.20298250E-01
-2.43817540E+01	-1.30974438E+00	-6.73583793E-02	-3.30999358E-01
-2.39115310E+01	4.84647238E+00	-7.01279675E-02	-3.42447884E-01
-2.19131418E+01	1.06831429E+01	-7.30899044E-02	-3.54725020E-01
-1.85167621E+01	1.58275719E+01	-7.62649269E-02	-3.67924158E-01
-1.39417507E+01	1.99519108E+01	-7.96768571E-02	-3.82153270E-01
-8.48248405E+00	2.27940504E+01	-8.33531972E-02	-3.97537869E-01
-2.48941571E+00	2.41742766E+01	-8.73258662E-02	-4.14224727E-01
3.65341946E+00	2.40066322E+01	-9.16321212E-02	-4.32386563E-01
9.55301329E+00	2.23042661E+01	-9.63157175E-02	-4.52228052E-01
1.48325273E+01	1.91784362E+01	-1.01428385E-01	-4.73993566E-01
1.91553624E+01	1.48312427E+01	-1.07031721E-01	-4.97977292E-01
2.22466180E+01	9.54256204E+00	-1.13199655E-01	-5.24536598E-01
2.39105720E+01	3.65203056E+00	-1.20021667E-01	-5.54109956E-01
2.40430714E+01	-2.46276632E+00	-1.27607090E-01	-5.87241333E-01
2.26380480E+01	-8.41049628E+00	-1.36090878E-01	-6.24613928E-01
1.97877522E+01	-1.38111234E+01	-1.45641517E-01	-6.67097761E-01
1.56767005E+01	-1.83201902E+01	-1.56471998E-01	-7.15818184E-01
1.05697326E+01	-2.16507861E+01	-1.68855332E-01	-7.72256925E-01
4.79495119E+00	-2.35918022E+01	-1.83146904E-01	-8.38405216E-01
-1.27735567E+00	-2.40213111E+01	-1.99817311E-01	-9.17003236E-01
-7.25845748E+00	-2.29142224E+01	-2.19501631E-01	-1.01192851E+00
-1.27660655E+01	-2.03437350E+01	-2.43074825E-01	-1.12885372E+00
-1.74487663E+01	-1.64765029E+01	-2.71768876E-01	-1.27642024E+00
-2.10084425E+01	-1.15618325E+01	-3.07354684E-01	-1.46846912E+00
-2.32192510E+01	-5.91561198E+00	-3.52409688E-01	-1.72863502E+00
-2.39419496E+01	9.99909061E-02	-4.10605984E-01	-2.10083845E+00
-2.31326648E+01	6.09975850E+00	-4.86278613E-01	-2.67686166E+00
-2.08455467E+01	1.17000903E+01	-5.77164708E-01	-3.68514316E+00
-1.72291534E+01	1.65435278E+01	-5.94165385E-01	-5.88664304E+00
-1.25168035E+01	2.03215694E+01	1.51229276E+00	-1.38129040E+01
-7.01152497E+00	2.27943192E+01	1.92583452E+01	1.46241013E+01
-1.06657020E+00	2.38057182E+01	3.21215251E+00	6.68941232E+00
4.93725013E+00	2.32933913E+01	1.54096827E+00	3.99555546E+00
1.06159591E+01	2.12924882E+01	9.92789802E-01	2.83520656E+00
1.56069702E+01	1.79332830E+01	7.28806378E-01	2.19450849E+00
1.95922373E+01	1.34326956E+01	5.75264902E-01	1.78909851E+00
2.23185208E+01	8.08028509E+00	4.75366165E-01	1.50969103E+00
2.36134783E+01	2.21962176E+00	4.05368848E-01	1.30551651E+00
2.33965565E+01	-3.77376559E+00	3.53676207E-01	1.14982330E+00
2.16839984E+01	-9.51645121E+00	3.13976514E-01	1.02718887E+00
1.85876526E+01	-1.46416411E+01	2.82549586E-01	9.28100773E-01
1.43076716E+01	-1.88225995E+01	2.57064341E-01	8.46374732E-01
9.11957515E+00	-2.17934780E+01	2.35987522E-01	7.77816821E-01
3.35651578E+00	-2.33662177E+01	2.18270112E-01	7.19482697E-01
-2.61211385E+00	-2.34424520E+01	2.03170589E-01	6.69244631E-01
-8.40435668E+00	-2.20196553E+01	1.90150187E-01	6.25526837E-01
-1.36501333E+01	-1.91911543E+01	1.78808161E-01	5.87137447E-01
-1.80148864E+01	-1.51400096E+01	1.68840332E-01	5.53158335E-01
-2.12209161E+01	-1.01271706E+01	1.60011699E-01	5.22870806E-01
-2.30650476E+01	-4.47466797E+00	1.52137864E-01	4.95704249E-01
-2.34315046E+01	1.45507316E+00	1.45072125E-01	4.71199871E-01
-2.22991751E+01	7.28246976E+00	1.38696324E-01	4.48984590E-01
-1.97428128E+01	1.26350785E+01	1.32914238E-01	4.28751915E-01
-1.59281066E+01	1.71713986E+01	1.27646719E-01	4.10247726E-01
-1.11009442E+01	2.06026587E+01	1.22828071E-01	3.93259549E-01
-5.57156342E+00	2.27111985E+01	1.18403313E-01	3.77608357E-01
3.05384584E-01	2.33642739E+01	1.14326082E-01	3.63142245E-01
6.15358204E+00	2.25224117E+01	1.10557009E-01	3.49731475E-01
1.15991401E+01	2.02417870E+01	1.07062448E-01	3.37264580E-01
1.62945016E+01	1.66704813E+01	1.03813477E-01	3.25645254E-01
1.99406223E+01	1.20388697E+01	1.00785096E-01	3.14789864E-01
2.23060161E+01	6.64476192E+00	9.79555812E-02	3.04625425E-01
2.32414497E+01	8.34254221E-01	9.53059713E-02	2.95087964E-01
2.26893559E+01	-5.02047576E+00	9.28196384E-02	2.86121169E-01
2.06873704E+01	-1.05450070E+01	9.04819414E-02	2.77675273E-01
1.73657759E+01	-1.53866189E+01	8.82799376E-02	2.69706134E-01
1.29390264E+01	-1.92368107E+01	8.62021437E-02	2.62174459E-01
7.69190320E+00	-2.18509569E+01	8.42383360E-02	2.55045158E-01
1.96119508E+00	-2.30638490E+01	8.23793820E-02	2.48286796E-01
-3.88591722E+00	-2.28001340E+01	8.06170991E-02	2.41871128E-01
-9.47538642E+00	-2.10789915E+01	7.89441339E-02	2.35772707E-01
-1.44502260E+01	-1.80127590E+01	7.73538602E-02	2.29968543E-01
-1.84933093E+01	-1.37996025E+01	7.58402908E-02	2.24437817E-01
-2.13475838E+01	-8.71071183E+00	7.43980030E-02	2.19161626E-01
-2.28324130E+01	-3.07284520E+00	7.30220730E-02	2.14122773E-01
-2.28550063E+01	2.75265028E+00	7.17080201E-02	2.09305573E-01
-2.14162142E+01	8.39299771E+00	7.04517581E-02	2.04695695E-01
-1.86103268E+01	1.34878437E+01	6.92495526E-02	2.00280017E-01
-1.46188984E+01	1.77122797E+01	6.80979840E-02	1.96046501E-01
-9.69900190E+00	2.07975614E+01	6.69939153E-02	1.91984085E-01
-4.16667294E+00	2.25482036E+01	6.59344630E-02	1.88082584E-01
1.62338992E+00	2.28543652E+01	6.49169725E-02	1.84332605E-01
7.30056529E+00	2.16987372E+01	6.39389955E-02	1.80725474E-01
1.25020315E+01	1.91575049E+01	6.29982706E-02	1.77253164E-01
1.68959534E+01	1.53953297E+01	6.20927055E-02	1.73908240E-01
2.02026508E+01	1.06546815E+01	6.12203618E-02	1.70683805E-01
2.22123999E+01	5.24021326E+00	6.03794410E-02	1.67573448E-01
2.27987329E+01	-5.00816031E-01	5.95682719E-02	1.64571207E-01
2.19263937E+01	-6.20081222E+00	5.87853000E-02	1.61671528E-01
1.96534492E+01	-1.14953817E+01	5.80290769E-02	1.58869231E-01
1.61274300E+01	-1.60466259E+01	5.72982519E-02	1.56159479E-01
1.15757567E+01	-1.95647048E+01	5.65915638E-02	1.53537749E-01
6.29107309E+00	-2.18262938E+01	5.59078332E-02	1.50999810E-01
6.12432718E-01	-2.26887591E+01	5.52459565E-02	1.48541696E-01
-5.09645364E+00	-2.20991506E+01	5.46048999E-02	1.46159690E-01
-1.04705121E+01	-2.00974469E+01	5.39836933E-02	1.43850299E-01
-1.51666507E+01	-1.68138536E+01	5.33814263E-02	1.41610242E-01
-1.88856622E+01	-1.24603356E+01	5.27972433E-02	1.39436433E-01
-2.13912865E+01	-7.31693637E+00	5.22303392E-02	1.37325967E-01
-2.25252184E+01	-1.71376486E+00	5.16799564E-02	1.35276105E-01
-2.22171071E+01	3.99019030E+00	5.11453805E-02	1.33284264E-01
-2.04889169E+01	9.43005983E+00	5.06259380E-02	1.31348007E-01
-1.74533770E+01	1.42584328E+01	5.01209930E-02	1.29465030E-01
-1.33066319E+01	1.81675425E+01	4.96299448E-02	1.27633155E-01
-8.31556893E+00	2.09088833E+01	4.91522253E-02	1.25850321E-01
-2.80064192E+00	2.23090066E+01	4.86872970E-02	1.24114578E-01
2.88470221E+00	2.22804936E+01	4.82346511E-02	1.22424076E-01
8.37667486E+00	2.08274097E+01	4.77938051E-02	1.20777061E-01
1.33244226E+01	1.80449012E+01	4.73643016E-02	1.19171869E-01
1.74124405E+01	1.41129683E+01	4.69457066E-02	1.17606920E-01
2.03806898E+01	9.28482307E+00	4.65376079E-02	1.16080712E-01
2.20411382E+01	3.87058401E+00	4.61396138E-02	1.14591818E-01
2.22896692E+01	-1.78264235E+00	4.57513518E-02	1.13138878E-01
2.11126078E+01	-7.31301339E+00	4.53724676E-02	1.11720599E-01
1.85874530E+01	-1.23671098E+01	4.50026238E-02	1.10335750E-01
1.48777791E+01	-1.66225200E+01	4.46414990E-02	1.08983155E-01
1.02226420E+01	-1.98084066E+01	4.42887869E-02	1.07661695E-01
4.92117526E+00	-2.17227424E+01	4.39441953E-02	1.06370300E-01
-6.86630578E-01	-2.22451205E+01	4.36074454E-02	1.05107952E-01
-6.24173143E+00	-2.13443249E+01	4.32782712E-02	1.03873673E-01
-1.13890166E+01	-1.90801862E+01	4.29564182E-02	1.02666534E-01
-1.58000087E+01	-1.55996134E+01	4.26416436E-02	1.01485644E-01
-1.91938243E+01	-1.11270637E+01	4.23337149E-02	1.00330149E-01
-2.13550592E+01	-5.95006903E+00	4.20324099E-02	9.91992341E-02
-2.21474586E+01	-4.00752367E-01	4.17375157E-02	9.80921184E-02
-2.15225050E+01	5.16547841E+00	4.14488286E-02	9.70080533E-02
-1.95223824E+01	1.03926918E+01	4.11661533E-02	9.59463212E-02
-1.62771373E+01	1.49471915E+01	4.08893028E-02	9.49062343E-02
-1.19962251E+01	1.85388188E+01	4.06180975E-02	9.38871326E-02
-6.95499290E+00	2.09394359E+01	4.03523653E-02	9.28883826E-02
-1.47697073E+00	2.19974168E+01	4.00919411E-02	9.19093763E-02
4.08689090E+00	2.16472215E+01	3.98366661E-02	9.09495294E-02
9.38070373E+00	1.99134516E+01	3.95863881E-02	9.00082805E-02
1.40664050E+01	1.69091362E+01	3.93409605E-02	8.90850900E-02
1.78453454E+01	1.28283654E+01	3.91002426E-02	8.81794390E-02
2.04773223E+01	7.93375346E+00	3.88640990E-02	8.72908281E-02
2.17958475E+01	2.53953942E+00	3.86323995E-02	8.64187769E-02
2.17186758E+01	-3.00858630E+00	3.84050188E-02	8.55628227E-02
2.02529323E+01	-8.35563477E+00	3.81818363E-02	8.47225200E-02
1.74945161E+01	-1.31600311E+01	3.79627356E-02	8.38974396E-02
1.36218294E+01	-1.71154337E+01	3.77476049E-02	8.30871677E-02
8.88424082E+00	-1.99702666E+01	3.75363361E-02	8.22913055E-02
3.58602948E+00	-2.15437191E+01	3.73288254E-02	8.15094685E-02
-1.93315683E+00	-2.17371957E+01	3.71249724E-02	8.07412854E-02
-7.32007432E+00	-2.05404915E+01	3.69246802E-02	7.99863982E-02
-1.22304909E+01	-1.80323058E+01	3.67278555E-02	7.92444612E-02
-1.63511821E+01	-1.43750705E+01	3.65344081E-02	7.85151406E-02
-1.94199105E+01	-9.80443293E+00	3.63442509E-02	7.77981139E-02
-2.12421125E+01	-4.61407346E+00	3.61572999E-02	7.70930696E-02
-2.17032330E+01	8.63163450E-01	3.59734738E-02	7.63997067E-02
-2.07759241E+01	6.27661278E+00	3.57926940E-02	7.57177339E-02
-1.85216574E+01	1.12802385E+01	3.56148846E-02	7.50468699E-02
-1.50866534E+01	1.55547518E+01	3.54399722E-02	7.43868422E-02
-1.06923996E+01	1.88279846E+01	3.52678858E-02	7.37373873E-02
-5.62137047E+00	2.08922178E+01	3.50985566E-02	7.30982504E-02
-1.98869988E-01	2.16173619E+01	3.49319181E-02	7.24691845E-02
5.22783529E+00	2.09591528E+01	3.47679060E-02	7.18499505E-02
1.03117550E+01	1.89618478E+01	3.46064578E-02	7.12403168E-02
1.47283612E+01	1.57552564E+01	3.44475132E-02	7.06400592E-02
1.81963033E+01	1.15463063E+01	3.42910137E-02	7.00489602E-02
2.04953299E+01	6.60569116E+00	3.41369026E-02	6.94668091E-02
2.14802758E+01	1.25046245E+00	3.39851248E-02	6.88934016E-02
2.10902262E+01	-4.17631550E+00	3.38356272E-02	6.83285394E-02
1.93522789E+01	-9.32754200E+00	3.36883580E-02	6.77720304E-02
1.63796739E+01	-1.38742799E+01	3.35432671E-02	6.72236881E-02
1.23644177E+01	-1.75267595E+01	3.34003058E-02	6.66833315E-02
7.56488237E+00	-2.00528446E+01	3.32594270E-02	6.61507850E-02
2.28918132E+00	-2.12927852E+01	3.31205848E-02	6.56258779E-02
-3.12460953E+00	-2.11693181E+01	3.29837348E-02	6.51084447E-02
-8.33011543E+00	-1.96924778E+01	3.28488337E-02	6.45983244E-02
-1.29948231E+01	-1.69588177E+01	3.27158396E-02	6.40953608E-02
-1.68213197E+01	-1.31451009E+01	3.25847117E-02	6.35994020E-02
-1.95662545E+01	-8.49687161E+00	3.24554105E-02	6.31103004E-02
-2.10558140E+01	-3.31264774E+00	3.23278974E-02	6.26279125E-02
-2.11967259E+01	2.07524998E+00	3.22021349E-02	6.21520987E-02
-1.99820972E+01	7.32199949E+00	3.20780868E-02	6.16827235E-02
-1.74917189E+01	1.20923450E+01	3.19557176E-02	6.12196548E-02
-1.38868282E+01	1.60820181E+01	3.18349929E-02	6.07627643E-02
-9.39967129E+00	1.90371443E+01	3.17158793E-02	6.03119270E-02
-4.31854192E+00	2.07703965E+01	3.15983441E-02	5.98670213E-02
1.03074002E+00	2.11728684E+01	3.14823556E-02	5.94279289E-02
6.30572038E+00	2.02209145E+01	3.13678829E-02	5.89945345E-02
1.11692333E+01	1.79775287E+01	3.12548961E-02	5.85667260E-02
1.53109515E+01	1.45881802E+01	3.11433658E-02	5.81443941E-02
1.84671861E+01	1.02713827E+01	3.10332636E-02	5.77274324E-02
2.04376742E+01	5.30460809E+00	3.09245617E-02	5.73157370E-02
2.10982839E+01	6.45228803E-03	3.08172330E-02	5.69092071E-02
2.04088316E+01	-5.28380028E+00	3.07112513E-02	5.65077441E-02
1.84155200E+01	-1.02279031E+01	3.06065907E-02	5.61112519E-02
1.52478480E+01	-1.45102733E+01	3.05032263E-02	5.57196371E-02
1.11101998E+01	-1.78581346E+01	3.04011337E-02	5.53328084E-02
6.26865936E+00	-2.00588914E+01	3.03002890E-02	5.49506767E-02
1.03389969E+00	-2.09736278E+01	3.02006691E-02	5.45731553E-02
-4.25875128E+00	-2.05458738E+01	3.01022514E-02	5.42001595E-02
-9.27079038E+00	-1.88050873E+01	3.00050136E-02	5.38316067E-02
-1.36821881E+01	-1.58646350E+01	2.99089344E-02	5.34674162E-02
-1.72118222E+01	-1.19144126E+01	2.98139926E-02	5.31075094E-02
-1.96353917E+01	-7.20858232E+00	2.97201678E-02	5.27518095E-02
-2.07996696E+01	-2.04922112E+00	2.96274399E-02	5.24002415E-02
-2.06321885E+01	3.23306942E+00	2.95357894E-02	5.20527322E-02
-1.91457473E+01	8.30034648E+00	2.94451972E-02	5.17092101E-02
-1.64374593E+01	1.28289457E+01	2.93556446E-02	5.13696054E-02
-1.26824104E+01	1.65301536E+01	2.92671134E-02	5.10338499E-02
-8.12234147E+00	1.91686137E+01	2.91795859E-02	5.07018769E-02
-3.05008704E+00	2.05772906E+01	2.90930446E-02	5.03736214E-02
2.20922885E+00	2.06680438E+01	2.90074726E-02	5.00490198E-02
7.31903173E+00	1.94371390E+01	2.89228534E-02	4.97280099E-02
1.19528353E+01	1.69653548E+01	2.88391706E-02	4.94105308E-02
1.58151010E+01	1.34126848E+01	2.87564085E-02	4.90965233E-02
1.86600866E+01	9.00798334E+00	2.86745515E-02	4.87859292E-02
2.03074801E+01	4.03422455E+00	2.85935845E-02	4.84786917E-02
2.06538268E+01	-1.18967609E+00	2.85134927E-02	4.81747553E-02
1.96790235E+01	-6.32930955E+00	2.84342616E-02	4.78740656E-02
1.74474727E+01	-1.10561797E+01	2.83558771E-02	4.75765696E-02
1.41038323E+01	-1.50686982E+01	2.82783252E-02	4.72822151E-02
9.86364047E+00	-1.81114257E+01	2.82015925E-02	4.69909515E-02
4.99942232E+00	-1.99913322E+01	2.81256656E-02	4.67027288E-02
-1.76824393E-01	-2.05900415E+01	2.80505316E-02	4.64174984E-02
-5.33364050E+00	-1.98712830E+01	2.79761778E-02	4.61352126E-02
-1.01413295E+01	-1.78830821E+01	2.79025917E-02	4.58558247E-02
-1.42930355E+01	-1.47545568E+01	2.78297612E-02	4.55792891E-02
-1.75243279E+01	-1.06875351E+01	2.77576744E-02	4.53055609E-02
-1.96300424E+01	-5.94353535E+00	2.76863196E-02	4.50345964E-02
-2.04773062E+01	-8.26951758E-01	2.76156853E-02	4.47663528E-02
-2.00139204E+01	4.33447636E+00	2.75457604E-02	4.45007878E-02
-1.82715711E+01	9.21065670E+00	2.74765339E-02	4.42378605E-02
-1.53636716E+01	1.34902538E+01	2.74079952E-02	4.39775305E-02
-1.14779824E+01	1.69005665E+01	2.73401336E-02	4.37197583E-02
-6.86448949E+00	1.92249036E+01	2.72729389E-02	4.34645051E-02
-1.81932199E+00	2.03163515E+01	2.72064009E-02	4.32117331E-02
3.33425431E+00	2.01070579E+01	2.71405099E-02	4.29614051E-02
8.26654940E+00	1.86124469E+01	2.70752561E-02	4.27134846E-02
1.26625395E+01	1.59301011E+01	2.70106299E-02	4.24679359E-02
1.62419865E+01	1.22333942E+01	2.69466222E-02	4.22247240E-02
1.87773021E+01	7.76028578E+00	2.68832237E-02	4.19838146E-02
2.01080170E+01	2.79800524E+00	2.68204255E-02	4.17451741E-02
2.01509358E+01	-2.33539125E+00	2.67582188E-02	4.15087693E-02
1.89053357E+01	-7.31140554E+00	2.66965951E-02	4.12745680E-02
1.64528827E+01	-1.18121181E+01	2.66355458E-02	4.10425384E-02
1.29522811E+01	-1.55504992E+01	2.65750628E-02	4.08126493E-02
8.62900456E+00	-1.82887132E+01	2.65151378E-02	4.05848703E-02
3.76077478E+00	-1.98532484E+01	2.64557629E-02	4.03591712E-02
-1.34027809E+00	-2.01459105E+01	2.63969303E-02	4.01355228E-02
-6.34762710E+00	-1.91499829E+01	2.63386324E-02	3.99138961E-02
-1.09412492E+01	-1.69311679E+01	2.62808615E-02	3.96942628E-02
-1.48280775E+01	-1.36332559E+01	2.62236104E-02	3.94765952E-02
-1.77606973E+01	-9.46880932E+00	2.61668718E-02	3.92608660E-02
-1.95530945E+01	-4.70546306E+00	2.61106385E-02	3.90470483E-02
-2.00924528E+01	3.51274327E-01	2.60549035E-02	3.88351159E-02
-1.93462524E+01	5.37761435E+00	2.59996601E-02	3.86250430E-02
-1.73642230E+01	1.00522203E+01	2.59449015E-02	3.84168042E-02
-1.42750355E+01	1.40767499E+01	2.58906211E-02	3.82103747E-02
-1.02779504E+01	1.71948948E+01	2.58368123E-02	3.80057301E-02
-5.62996637E+00	1.92087033E+01	2.57834689E-02	3.78028462E-02
-6.29297395E-01	1.99911458E+01	2.57305846E-02	3.76016996E-02
4.40376001E+00	1.94941256E+01	2.56781531E-02	3.74022671E-02
9.14734113E+00	1.77514303E+01	2.56261686E-02	3.72045259E-02
1.32985956E+01	1.48764432E+01	2.55746250E-02	3.70084538E-02
1.65930216E+01	1.10547682E+01	2.55235165E-02	3.68140287E-02
1.88213184E+01	6.53224932E+00	2.54728374E-02	3.66212291E-02
1.98426820E+01	1.59915651E+00	2.54225821E-02	3.64300337E-02
1.95937006E+01	-3.42844363E+00	2.53727450E-02	3.62404219E-02
1.80922880E+01	-8.22893782E+00	2.53233208E-02	3.60523730E-02
1.54364105E+01	-1.24957387E+01	2.52743040E-02	3.58658670E-02
1.17976968E+01	-1.59568646E+01	2.52256895E-02	3.56808841E-02
7.41034908E+00	-1.83922755E+01	2.51774721E-02	3.54974048E-02
2.55606961E+00	-1.96478611E+01	2.51296466E-02	3.53154101E-02
-2.45402594E+00	-1.96451909E+01	2.50822082E-02	3.51348812E-02
-7.29934732E+00	-1.83864107E+01	2.50351519E-02	3.49557995E-02
-1.16703431E+01	-1.59539785E+01	2.49884730E-02	3.47781469E-02
-1.52882762E+01	-1.25052660E+01	2.49421665E-02	3.46019055E-02
-1.79229977E+01	-8.26237942E+00	2.48962281E-02	3.44270578E-02
-1.94075867E+01	-3.49785542E+00	2.48506529E-02	3.42535865E-02
-1.96489237E+01	1.48284337E+00	2.48054366E-02	3.40814746E-02
-1.86335290E+01	6.36091157E+00	2.47605746E-02	3.39107054E-02
-1.64282995E+01	1.08246064E+01	2.47160627E-02	3.37412624E-02
-1.31761051E+01	1.45891695E+01	2.46718966E-02	3.35731295E-02
-9.08653455E+00	1.74149917E+01	2.46280719E-02	3.34062907E-02
-4.42238950E+00	1.91228634E+01	2.45845847E-02	3.32407303E-02
5.17202635E-01	1.96053379E+01	2.45414307E-02	3.30764331E-02
5.41597181E+00	1.88334891E+01	2.44986061E-02	3.29133837E-02
9.96075461E+00	1.68586377E+01	2.44561067E-02	3.27515674E-02
1.38615131E+01	1.38089441E+01	2.44139288E-02	3.25909693E-02
1.68698433E+01	9.88109268E+00	2.43720685E-02	3.24315751E-02
1.87947934E+01	5.32760886E+00	2.43305221E-02	3.22733705E-02
1.95149824E+01	4.40624507E-01	2.42892857E-02	3.21163415E-02
1.89862522E+01	-4.46686296E+00	2.42483559E-02	3.19604743E-02
1.72443703E+01	-9.08103643E+00	2.42077289E-02	3.18057554E-02
1.44026166E+01	-1.31073258E+01	2.41674013E-02	3.16521713E-02
1.06444194E+01	-1.62892128E+01	2.41273695E-02	3.14997090E-02
6.21151635E+00	-1.84245728E+01	2.40876302E-02	3.13483555E-02
1.38840642E+00	-1.93785132E+01	2.40481799E-02	3.11980980E-02
-3.51590809E+00	-1.90918935E+01	2.40090153E-02	3.10489240E-02
-8.18771768E+00	-1.75849873E+01	2.39701332E-02	3.09008210E-02
-1.23286716E+01	-1.49560615E+01	2.39315303E-02	3.07537770E-02
-1.56748303E+01	-1.13749708E+01	2.38932034E-02	3.06077799E-02
-1.80134877E+01	-7.07218484E+00	2.38551495E-02	3.04628178E-02
-1.91966914E+01	-2.32395658E+00	2.38173654E-02	3.03188792E-02
-1.91506007E+01	2.56541292E+00	2.37798482E-02	3.01759526E-02
-1.78800923E+01	7.28307564E+00	2.37425947E-02	3.00340266E-02
-1.54683243E+01	1.15276536E+01	2.37056021E-02	2.98930902E-02
-1.20712964E+01	1.50284907E+01	2.36688674E-02	2.97531323E-02
-7.90776119E+00	1.75629108E+01	2.36323879E-02	2.96141422E-02
-3.24513839E+00	1.89703798E+01	2.35961606E-02	2.94761092E-02
1.61766041E+00	1.91626729E+01	2.35601829E-02	2.93390229E-02
6.36939346E+00	1.81294021E+01	2.35244519E-02	2.92028728E-02
1.07064091E+01	1.59385585E+01	2.34889650E-02	2.90676487E-02
1.43520493E+01	1.27320414E+01	2.34537195E-02	2.89333407E-02
1.70742969E+01	8.71647004E+00	2.34187128E-02	2.87999389E-02
1.87005406E+01	4.14986989E+00	2.33839424E-02	2.86674334E-02
1.91285184E+01	-6.74905526E-01	2.33494056E-02	2.85358146E-02
1.83327464E+01	-5.44895467E+00	2.33150999E-02	2.84050731E-02
1.63660268E+01	-9.86710427E+00	2.32810230E-02	2.82751995E-02
1.33559498E+01	-1.36474163E+01	2.32471723E-02	2.81461847E-02
9.49661731E+00	-1.65491785E+01	2.32135454E-02	2.80180194E-02
5.03612823E+00	-1.83882312E+01	2.31801400E-02	2.78906947E-02
2.60629944E-01	-1.90486531E+01	2.31469538E-02	2.77642019E-02
-4.52403759E+00	-1.84900669E+01	2.31139844E-02	2.76385322E-02
-9.01192814E+00	-1.67501018E+01	2.30812296E-02	2.75136769E-02
-1.29165516E+01	-1.39418655E+01	2.30486871E-02	2.73896277E-02
-1.59891618E+01	-1.02465936E+01	2.30163547E-02	2.72663761E-02
-1.80346017E+01	-5.90195399E+00	2.29842303E-02	2.71439140E-02
-1.89236980E+01	-1.18676244E+00	2.29523116E-02	2.70222331E-02
-1.86014168E+01	3.59690997E+00	2.29205966E-02	2.69013255E-02
-1.70902662E+01	8.14308753E+00	2.28890832E-02	2.67811833E-02
-1.44887351E+01	1.21614603E+01	2.28577693E-02	2.66617986E-02
-1.09648771E+01	1.53959217E+01	2.28266529E-02	2.65431638E-02
-6.74545530E+00	1.76408905E+01	2.27957319E-02	2.64252712E-02
-2.10135149E+00	1.87543766E+01	2.27650045E-02	2.63081134E-02
2.66982360E+00	1.86669594E+01	2.27344686E-02	2.61916830E-02
7.26280141E+00	1.73861133E+01	2.27041222E-02	2.60759726E-02
1.13841864E+01	1.49956089E+01	2.26739636E-02	2.59609751E-02
1.47711974E+01	1.16500367E+01	2.26439909E-02	2.58466834E-02
1.72084213E+01	7.56481176E+00	2.26142021E-02	2.57330905E-02
1.85415127E+01	3.00230451E+00	2.25845955E-02	2.56201894E-02
1.86869667E+01	-1.74500906E+00	2.25551692E-02	2.55079733E-02
1.76373470E+01	-6.37329548E+00	2.25259215E-02	2.53964355E-02
1.54616422E+01	-1.05868087E+01	2.24968506E-02	2.52855693E-02
1.23007342E+01	-1.41167877E+01	2.24679547E-02	2.51753682E-02
8.35827814E+00	-1.67385982E+01	2.24392323E-02	2.50658256E-02
3.88758133E+00	-1.82860269E+01	2.24106815E-02	2.49569353E-02
-8.24670525E-01	-1.86618177E+01	2.23823007E-02	2.48486908E-02
-5.47679674E+00	-1.78437812E+01	2.23540883E-02	2.47410859E-02
-9.77143456E+00	-1.58860967E+01	2.23260426E-02	2.46341145E-02
-1.34345458E+01	-1.29157272E+01	2.22981621E-02	2.45277705E-02
-1.62329021E+01	-9.12418789E+00	2.22704451E-02	2.44220480E-02
-1.79889339E+01	-4.75519867E+00	2.22428901E-02	2.43169409E-02
-1.85919964E+01	-8.90192739E-02	2.22154955E-02	2.42124434E-02
-1.80053393E+01	4.57552815E+00	2.21882598E-02	2.41085498E-02
-1.62683410E+01	8.94019483E+00	2.21611816E-02	2.40052543E-02
-1.34938706E+01	1.27263745E+01	2.21342592E-02	2.39025513E-02
-9.86095640E+00	1.56928866E+01	2.21074914E-02	2.38004353E-02
-5.60323432E+00	1.76513389E+01	2.20808765E-02	2.36989008E-02
-9.93923984E-01	1.84780899E+01	2.20544132E-02	2.35979423E-02
3.67170328E+00	1.81220536E+01	2.20281000E-02	2.34975545E-02
8.09523871E+00	1.66078512E+01	2.20019357E-02	2.33977320E-02
1.19942212E+01	1.40341189E+01	2.19759187E-02	2.32984697E-02
1.51201731E+01	1.05670841E+01	2.19500477E-02	2.31997624E-02
1.72744342E+01	6.42983124E+00	2.19243213E-02	2.31016050E-02
1.83207860E+01	1.88794844E+00	2.18987384E-02	2.30039924E-02
1.81940637E+01	-2.76752109E+00	2.18732974E-02	2.29069197E-02
1.69042112E+01	-7.23872817E+00	2.18479972E-02	2.28103819E-02
1.45355274E+01	-1.12400728E+01	2.18228364E-02	2.27143742E-02
1.12411591E+01	-1.45164465E+01	2.17978138E-02	2.26188918E-02
7.23320141E+00	-1.68594955E+01	2.17729281E-02	2.25239300E-02
2.76904329E+00	-1.81208701E+01	2.17481781E-02	2.24294840E-02
-1.86516078E+00	-1.82216159E+01	2.17235626E-02	2.23355492E-02
-6.37283272E+00	-1.71571126E+01	2.16990803E-02	2.22421210E-02
-1.04659504E+01	-1.49972538E+01	2.16747301E-02	2.21491950E-02
-1.38834504E+01	-1.18818600E+01	2.16505108E-02	2.20567666E-02
-1.64078781E+01	-8.01162945E+00	2.16264212E-02	2.19648314E-02
-1.78792232E+01	-3.63520956E+00	2.16024602E-02	2.18733851E-02
-1.82050607E+01	9.66776695E-01	2.15786266E-02	2.17824233E-02
-1.73663545E+01	5.49972410E+00	2.15549193E-02	2.16919418E-02
-1.54185594E+01	9.67390419E+00	2.15313372E-02	2.16019364E-02
-1.24879581E+01	1.32229828E+01	2.15078792E-02	2.15124029E-02
-8.76347611E+00	1.59210130E+01	2.14845442E-02	2.14233371E-02
-4.48450292E+00	1.75968182E+01	2.14613311E-02	2.13347351E-02
7.44934401E-02	1.81448519E+01	2.14382389E-02	2.12465927E-02
4.62157105E+00	1.75318429E+01	2.14152665E-02	2.11589060E-02
8.86600831E+00	1.57988094E+01	2.13924130E-02	2.10716711E-02
1.25368907E+01	1.30583195E+01	2.13696771E-02	2.09848841E-02
1.54004022E+01	9.48718148E+00	2.13470580E-02	2.08985411E-02
1.72747169E+01	5.31503788E+00	2.13245547E-02	2.08126383E-02
1.80415437E+01	8.09599010E-01	2.13021661E-02	2.07271719E-02
1.76535899E+01	-3.74053408E+00	2.12798913E-02	2.06421384E-02
1.61374739E+01	-8.04435556E+00	2.12577293E-02	2.05575339E-02
1.35919067E+01	-1.18270655E+01	2.12356791E-02	2.04733548E-02
1.01812680E+01	-1.48476153E+01	2.12137398E-02	2.03895976E-02
6.12499181E+00	-1.69140670E+01	2.11919105E-02	2.03062587E-02
1.68344999E+00	-1.78957892E+01	2.11701902E-02	2.02233345E-02
-2.85876040E+00	-1.77317130E+01	2.11485781E-02	2.01408216E-02
-7.21105226E+00	-1.64341280E+01	2.11270731E-02	2.00587167E-02
-1.10954380E+01	-1.40877809E+01	2.11056745E-02	1.99770161E-02
-1.42642841E+01	-1.08443433E+01	2.10843813E-02	1.98957167E-02
-1.65160978E+01	-6.91260867E+00	2.10631926E-02	1.98148150E-02
-1.77083371E+01	-2.54505273E+00	2.10421076E-02	1.97343078E-02
-1.77664334E+01	1.97837882E+00	2.10211255E-02	1.96541919E-02
-1.66884520E+01	6.36821294E+00	2.10002453E-02	1.95744640E-02
-1.45451024E+01	1.03439732E+01	2.09794663E-02	1.94951208E-02
-1.14751025E+01	1.36520991E+01	2.09587876E-02	1.94161594E-02
-7.67620266E+00	1.60821171E+01	2.09382083E-02	1.93375765E-02
-3.39244874E+00	1.74800297E+01	2.09177278E-02	1.92593691E-02
1.10149486E+00	1.77580745E+01	2.08973451E-02	1.91815341E-02
5.51795531E+00	1.69002310E+01	2.08770595E-02	1.91040685E-02
9.57466556E+00	1.49631324E+01	2.08568701E-02	1.90269693E-02
1.30128041E+01	1.20723310E+01	2.08367763E-02	1.89502336E-02
1.56135070E+01	8.41416159E+00	2.08167772E-02	1.88738585E-02
1.72117998E+01	4.22373209E+00	2.07968721E-02	1.87978410E-02
1.77070608E+01	-2.30185854E-01	2.07770603E-02	1.87221783E-02
1.70693543E+01	-4.66239500E+00	2.07573409E-02	1.86468675E-02
1.53412335E+01	-8.78953381E+00	2.07377133E-02	1.85719059E-02
1.26349061E+01	-1.23481917E+01	2.07181766E-02	1.84972907E-02
9.12495011E+00	-1.51117202E+01	2.06987303E-02	1.84230192E-02
5.03705353E+00	-1.69046671E+01	2.06793735E-02	1.83490885E-02
6.33503757E-01	-1.76139149E+01	2.06601056E-02	1.82754961E-02
-3.80364062E+00	-1.71958151E+01	2.06409258E-02	1.82022393E-02
-7.99061568E+00	-1.56788705E+01	2.06218336E-02	1.81293154E-02
-1.16600988E+01	-1.31617992E+01	2.06028281E-02	1.80567218E-02
-1.45782752E+01	-9.80711263E+00	2.05839087E-02	1.79844561E-02
-1.65597359E+01	-5.83062434E+00	2.05650747E-02	1.79125155E-02
-1.74792564E+01	-1.48756705E+00	2.05463256E-02	1.78408976E-02
-1.72797094E+01	2.94378863E+00	2.05276605E-02	1.77695999E-02
-1.59756102E+01	7.17996305E+00	2.05090789E-02	1.76986198E-02
-1.36520769E+01	1.09504014E+01	2.04905801E-02	1.76279551E-02
-1.04592761E+01	1.40147528E+01	2.04721634E-02	1.75576032E-02
-6.60272013E+00	1.61781906E+01	2.04538283E-02	1.74875616E-02
-2.33003909E+00	1.73037986E+01	2.04355742E-02	1.74178282E-02
2.08491850E+00	1.73212344E+01	2.04174003E-02	1.73484004E-02
6.35963676E+00	1.62311225E+01	2.03993061E-02	1.72792760E-02
1.02210102E+01	1.41049029E+01	2.03812909E-02	1.72104527E-02
1.34227911E+01	1.10801526E+01	2.03633543E-02	1.71419281E-02
1.57612929E+01	7.35168437E+00	2.03454955E-02	1.70737001E-02
1.70883466E+01	3.15900127E+00	2.03277140E-02	1.70057663E-02
1.73206878E+01	-1.22908781E+00	2.03100092E-02	1.69381245E-02
1.64451790E+01	-5.53170159E+00	2.02923806E-02	1.68707727E-02
1.45195389E+01	-9.47386494E+00	2.02748275E-02	1.68037085E-02
1.16685414E+01	-1.28040815E+01	2.02573493E-02	1.67369298E-02
8.07593172E+00	-1.53103777E+01	2.02399456E-02	1.66704346E-02
3.97258549E+00	-1.68337939E+01	2.02226158E-02	1.66042206E-02
-3.78327557E-01	-1.72784656E+01	2.02053593E-02	1.65382858E-02
-4.69822129E+00	-1.66176536E+01	2.01881756E-02	1.64726282E-02
-8.71093022E+00	-1.48953454E+01	2.01710641E-02	1.64072456E-02
-1.21603637E+01	-1.22233315E+01	2.01540243E-02	1.63421361E-02
-1.48268490E+01	-8.77395120E+00	2.01370556E-02	1.62772976E-02
-1.65411198E+01	-4.76897817E+00	2.01201576E-02	1.62127282E-02
-1.71950601E+01	-4.65362556E-01	2.01033298E-02	1.61484258E-02
-1.67485212E+01	3.86125356E+00	2.00865715E-02	1.60843885E-02
-1.52317821E+01	7.93419008E+00	2.00698824E-02	1.60206145E-02
-1.27435029E+01	1.14934215E+01	2.00532618E-02	1.59571017E-02
-9.44430910E+00	1.43121766E+01	2.00367094E-02	1.58938482E-02
-5.54642414E+00	1.62113864E+01	2.00202245E-02	1.58308522E-02
-1.30001857E+00	1.70710586E+01	2.00038068E-02	1.57681119E-02
3.02284522E+00	1.68378573E+01	1.99874557E-02	1.57056253E-02
7.14564317E+00	1.55284089E+01	1.99711707E-02	1.56433907E-02
1.08050774E+01	1.32281286E+01	1.99549515E-02	1.55814062E-02
1.37678909E+01	1.00856518E+01	1.99387974E-02	1.55196700E-02
1.58457346E+01	6.30323025E+00	1.99227080E-02	1.54581804E-02
1.69071401E+01	2.12371671E+00	1.99066829E-02	1.53969355E-02
1.68858365E+01	-2.18502735E+00	1.98907216E-02	1.53359338E-02
1.57848853E+01	-6.34729783E+00	1.98748237E-02	1.52751733E-02
1.36763759E+01	-1.00971889E+01	1.98589886E-02	1.52146525E-02
1.06967080E+01	-1.31955796E+01	1.98432160E-02	1.51543696E-02
7.03776893E+00	-1.54453814E+01	1.98275055E-02	1.50943229E-02
2.93457759E+00	-1.67040736E+01	1.98118565E-02	1.50345107E-02
-1.34981054E+00	-1.68927312E+01	1.97962686E-02	1.49749315E-02
-5.54116711E+00	-1.60009708E+01	1.97807415E-02	1.49155836E-02
-9.37164265E+00	-1.40875074E+01	1.97652746E-02	1.48564652E-02
-1.25968828E+01	-1.12762915E+01	1.97498676E-02	1.47975750E-02
-1.50116156E+01	-7.74848145E+00	1.97345200E-02	1.47389112E-02
-1.64627150E+01	-3.73077036E+00	1.97192314E-02	1.46804723E-02
-1.68589103E+01	5.19180274E-01	1.97040015E-02	1.46222566E-02
-1.61765243E+01	4.72926394E+00	1.96888298E-02	1.45642628E-02
-1.44608817E+01	8.63035029E+00	1.96737158E-02	1.45064891E-02
-1.18233027E+01	1.19734887E+01	1.96586593E-02	1.44489342E-02
-8.43388105E+00	1.45457946E+01	1.96436598E-02	1.43915964E-02
-4.51051666E+00	1.61840043E+01	1.96287169E-02	1.43344744E-02
-3.04907625E-01	1.67848370E+01	1.96138302E-02	1.42775666E-02
3.91359624E+00	1.63115035E+01	1.95989993E-02	1.42208715E-02
7.87524341E+00	1.47959547E+01	1.95842239E-02	1.41643877E-02
1.13271292E+01	1.23367308E+01	1.95695036E-02	1.41081137E-02
1.40493399E+01	9.09255580E+00	1.95548379E-02	1.40520482E-02
1.58689626E+01	5.27209435E+00	1.95402266E-02	1.39961897E-02
1.66710672E+01	1.12053143E+00	1.95256692E-02	1.39405367E-02
1.64059642E+01	-3.09616217E+00	1.95111655E-02	1.38850880E-02
1.50922793E+01	-7.10826867E+00	1.94967149E-02	1.38298420E-02
1.28156554E+01	-1.06595749E+01	1.94823172E-02	1.37747976E-02
9.72317137E+00	-1.35237336E+01	1.94679720E-02	1.37199532E-02
6.01384119E+00	-1.55186887E+01	1.94536790E-02	1.36653075E-02
1.92580780E+00	-1.65182471E+01	1.94394378E-02	1.36108593E-02
-2.27894538E+00	-1.64600593E+01	1.94252480E-02	1.35566072E-02
-6.33138308E+00	-1.53495059E+01	1.94111093E-02	1.35025498E-02
-9.97263135E+00	-1.32592477E+01	1.93970214E-02	1.34486859E-02
-1.29705140E+01	-1.03244734E+01	1.93829840E-02	1.33950142E-02
-1.51343562E+01	-6.73415825E+00	1.93689966E-02	1.33415334E-02
-1.63271107E+01	-2.71889598E+00	1.93550590E-02	1.32882422E-02
-1.64740371E+01	1.46391040E+00	1.93411708E-02	1.32351395E-02
-1.55673823E+01	5.54654911E+00	1.93273317E-02	1.31822239E-02
-1.36667715E+01	9.26813330E+00	1.93135414E-02	1.31294941E-02
-1.08952900E+01	1.23912714E+01	1.92997996E-02	1.30769491E-02
-7.43151318E+00	1.47172092E+01	1.92861059E-02	1.30245875E-02
-3.49800179E+00	1.60984774E+01	1.92724600E-02	1.29724082E-02
6.52998073E-01	1.64482403E+01	1.92588616E-02	1.29204100E-02
4.75572996E+00	1.57457532E+01	1.92453104E-02	1.28685916E-02
8.54794079E+00	1.40375846E+01	1.92318061E-02	1.28169519E-02
1.17876438E+01	1.14345333E+01	1.92183483E-02	1.27654898E-02
1.42685596E+01	8.10444324E+00	1.92049369E-02	1.27142041E-02
1.58332491E+01	4.26138154E+00	1.91915714E-02	1.26630936E-02
1.63831042E+01	1.51878870E-01	1.91782516E-02	1.26121573E-02
1.58845600E+01	-3.96088482E+00	1.91649772E-02	1.25613939E-02
1.43711389E+01	-7.81393413E+00	1.91517478E-02	1.25108023E-02
1.19412020E+01	-1.11613126E+01	1.91385633E-02	1.24603816E-02
8.75155819E+00	-1.37897824E+01	1.91254232E-02	1.24101305E-02
5.00734574E+00	-1.55324074E+01	1.91123274E-02	1.23600479E-02
9.48840178E-01	-1.62791546E+01	1.90992755E-02	1.23101328E-02
-3.16396418E+00	-1.59838399E+01	1.90862673E-02	1.22603842E-02
-7.06800923E+00	-1.46669814E+01	1.90733025E-02	1.22108009E-02
-1.05139979E+01	-1.24143824E+01	1.90603807E-02	1.21613819E-02
-1.32823124E+01	-9.37154298E+00	1.90475018E-02	1.21121261E-02
-1.51970103E+01	-5.73426264E+00	1.90346654E-02	1.20630326E-02
-1.61370055E+01	-1.73604228E+00	1.90218713E-02	1.20141002E-02
-1.60437246E+01	2.36690523E+00	1.90091192E-02	1.19653280E-02
-1.49247538E+01	6.31207290E+00	1.89964088E-02	1.19167149E-02
-1.28532499E+01	9.84745419E+00	1.89837400E-02	1.18682599E-02
-9.96316013E+00	1.27476399E+01	1.89711123E-02	1.18199621E-02
-6.44056167E+00	1.48281890E+01	1.89585256E-02	1.17718205E-02
-2.51168239E+00	1.59573575E+01	1.89459796E-02	1.17238340E-02
1.57162734E+00	1.60644398E+01	1.89334740E-02	1.16760017E-02
5.54803814E+00	1.51441930E+01	1.89210087E-02	1.16283227E-02
9.16346594E+00	1.32570704E+01	1.89085832E-02	1.15807959E-02
1.21873067E+01	1.05252521E+01	1.88961975E-02	1.15334205E-02
1.44271446E+01	7.12473657E+00	1.88838512E-02	1.14861954E-02
1.57409947E+01	3.27400244E+00	1.88715441E-02	1.14391197E-02
1.60463028E+01	-7.80027559E-01	1.88592759E-02	1.13921926E-02
1.53251305E+01	-4.77781951E+00	1.88470465E-02	1.13454131E-02
1.36252007E+01	-8.46384271E+00	1.88348555E-02	1.12987802E-02
1.10567432E+01	-1.16029020E+01	1.88227028E-02	1.12522931E-02
7.78534847E+00	-1.39951444E+01	1.88105880E-02	1.12059509E-02
4.02129293E+00	-1.54887820E+01	1.87985110E-02	1.11597527E-02
6.02368800E-03	-1.59897218E+01	1.87864715E-02	1.11136975E-02
-4.00332849E+00	-1.54674920E+01	1.87744694E-02	1.10677846E-02
-7.75041476E+00	-1.39570898E+01	1.87625043E-02	1.10220130E-02
-1.09960579E+01	-1.15566415E+01	1.87505760E-02	1.09763818E-02
-1.35335185E+01	-8.42102869E+00	1.87386843E-02	1.09308903E-02
-1.52016626E+01	-4.75189654E+00	1.87268291E-02	1.08855375E-02
-1.58951937E+01	-7.84686882E-01	1.87150100E-02	1.08403227E-02
-1.55712969E+01	3.22646890E+00	1.87032268E-02	1.07952449E-02
-1.42522791E+01	7.02502837E+00	1.86914794E-02	1.07503034E-02
-1.20240404E+01	1.03684452E+01	1.86797674E-02	1.07054973E-02
-9.03048139E+00	1.30436555E+01	1.86680908E-02	1.06608257E-02
-5.46421167E+00	1.48806551E+01	1.86564493E-02	1.06162880E-02
-1.55415754E+00	1.57633017E+01	1.86448426E-02	1.05718832E-02
2.44913241E+00	1.56366569E+01	1.86332706E-02	1.05276105E-02
6.28954133E+00	1.45104024E+01	1.86217330E-02	1.04834693E-02
9.72176896E+00	1.24581199E+01	1.86102297E-02	1.04394586E-02
1.25269992E+01	9.61248601E+00	1.85987603E-02	1.03955777E-02
1.45268497E+01	6.15669575E+00	1.85873249E-02	1.03518259E-02
1.55947139E+01	2.31267022E+00	1.85759230E-02	1.03082022E-02
1.56637755E+01	-1.67319410E+00	1.85645546E-02	1.02647061E-02
1.47311863E+01	-5.54581825E+00	1.85532194E-02	1.02213366E-02
1.28581482E+01	-9.05776425E+00	1.85419172E-02	1.01780931E-02
1.01658995E+01	-1.19850442E+01	1.85306479E-02	1.01349748E-02
6.82786840E+00	-1.41414055E+01	1.85194112E-02	1.00919810E-02
3.05850242E+00	-1.53901802E+01	1.85082069E-02	1.00491109E-02
-9.00508067E-01	-1.56529461E+01	1.84970349E-02	1.00063638E-02
-4.79572611E+00	-1.49144497E+01	1.84858949E-02	9.96373894E-03
-8.37819146E+00	-1.32234819E+01	1.84747868E-02	9.92123561E-03
-1.14193320E+01	-1.06896582E+01	1.84637104E-02	9.87885310E-03
-1.37255468E+01	-7.47631440E+00	1.84526654E-02	9.83659069E-03
-1.51505298E+01	-3.78997830E+00	1.84416518E-02	9.79444768E-03
-1.56045508E+01	1.32903223E-01	1.84306693E-02	9.75242336E-03
-1.50601036E+01	4.04112969E+00	1.84197177E-02	9.71051704E-03
-1.35535673E+01	7.68483197E+00	1.84087968E-02	9.66872801E-03
-1.11827801E+01	1.08314468E+01	1.83979066E-02	9.62705560E-03
-8.10068651E+00	1.32805597E+01	1.83870467E-02	9.58549913E-03
-4.50547229E+00	1.48766690E+01	1.83762171E-02	9.54405790E-03
-6.27820921E-01	1.55190584E+01	1.83654175E-02	9.50273126E-03
3.28388712E+00	1.51681503E+01	1.83546477E-02	9.46151853E-03
6.97948363E+00	1.38479409E+01	1.83439077E-02	9.42041905E-03
1.02230112E+01	1.16443657E+01	1.83331971E-02	9.37943216E-03
1.28077881E+01	8.69970805E+00	1.83225160E-02	9.33855720E-03
1.45695776E+01	5.20341254E+00	1.83118639E-02	9.29779353E-03
1.53970226E+01	1.37989829E+00	1.83012409E-02	9.25714050E-03
1.52386825E+01	-2.52584546E+00	1.82906467E-02	9.21659748E-03
1.41062291E+01	-6.26395625E+00	1.82800812E-02	9.17616382E-03
1.20736003E+01	-9.59568223E+00	1.82695442E-02	9.13583889E-03
9.27217534E+00	-1.23086306E+01	1.82590356E-02	9.09562207E-03
5.88228417E+00	-1.42303065E+01	1.82485551E-02	9.05551274E-03
2.12160018E+00	-1.52390798E+01	1.82381026E-02	9.01551027E-03
-1.76883637E+00	-1.52718825E+01	1.82276780E-02	8.97561405E-03
-5.54006718E+00	-1.43281489E+01	1.82172811E-02	8.93582347E-03
-8.95114669E+00	-1.24697542E+01	1.82069117E-02	8.89613793E-03
-1.17845356E+01	-9.81695986E+00	1.81965697E-02	8.85655683E-03
-1.38599737E+01	-6.54063241E+00	1.81862549E-02	8.81707956E-03
-1.50459471E+01	-2.85123908E+00	1.81759672E-02	8.77770554E-03
-1.52680205E+01	1.01467185E+00	1.81657064E-02	8.73843417E-03
-1.45135076E+01	4.80963683E+00	1.81554723E-02	8.69926488E-03
-1.28321847E+01	8.29111701E+00	1.81452648E-02	8.66019707E-03
-1.03330103E+01	1.12369985E+01	1.81350838E-02	8.62123018E-03
-7.17706551E+00	1.34597620E+01	1.81249291E-02	8.58236362E-03
-3.56717232E+00	1.48184192E+01	1.81148006E-02	8.54359684E-03
2.65140049E-01	1.52274535E+01	1.81046980E-02	8.50492926E-03
4.07448430E+00	1.46622019E+01	1.80946213E-02	8.46636032E-03
7.61732685E+00	1.31603357E+01	1.80845703E-02	8.42788947E-03
1.06675565E+01	1.08193544E+01	1.80745449E-02	8.38951615E-03
1.30309147E+01	7.79025753E+00	1.80645449E-02	8.35123981E-03
1.45573663E+01	4.26780564E+00	1.80545702E-02	8.31305991E-03
1.51506234E+01	4.77998807E-01	1.80446206E-02	8.27497589E-03
1.47742179E+01	-3.33642295E+00	1.80346960E-02	8.23698723E-03
1.34537392E+01	-6.93152671E+00	1.80247962E-02	8.19909339E-03
1.12751005E+01	-1.00777857E+01	1.80149212E-02	8.16129382E-03
8.37895087E+00	-1.25747323E+01	1.80050708E-02	8.12358802E-03
4.95159654E+00	-1.42637310E+01	1.79952447E-02	8.08597544E-03
1.21301638E+00	-1.50380553E+01	1.79854430E-02	8.04845557E-03
-2.59725615E+00	-1.48496303E+01	1.79756654E-02	8.01102789E-03
-6.23547957E+00	-1.37120151E+01	1.79659119E-02	7.97369189E-03
-9.46929576E+00	-1.16994388E+01	1.79561823E-02	7.93644705E-03
-1.20925691E+01	-8.94195872E+00	1.79464764E-02	7.89929287E-03
-1.39385258E+01	-5.61705752E+00	1.79367941E-02	7.86222884E-03
-1.48903552E+01	-1.93822009E+00	1.79271354E-02	7.82525445E-03
-1.48886008E+01	1.85877303E+00	1.79175000E-02	7.78836922E-03
-1.39348715E+01	5.53095652E+00	1.79078878E-02	7.75157264E-03
-1.20916428E+01	8.84372672E+00	1.78982988E-02	7.71486423E-03
-9.47816718E+00	1.15858291E+01	1.78887327E-02	7.67824349E-03
-6.26275916E+00	1.35828292E+01	1.78791895E-02	7.64170995E-03
-2.65195686E+00	1.47082083E+01	1.78696690E-02	7.60526311E-03
1.12274427E+00	1.48913776E+01	1.78601711E-02	7.56890250E-03
4.81973247E+00	1.41221042E+01	1.78506957E-02	7.53262764E-03
8.20274412E+00	1.24510703E+01	1.78412426E-02	7.49643806E-03
1.10559622E+01	9.98653730E+00	1.78318118E-02	7.46033329E-03
1.31977832E+01	6.88733297E+00	1.78224030E-02	7.42431287E-03
1.44923758E+01	3.35261670E+00	1.78130163E-02	7.38837632E-03
1.48582934E+01	-3.90918041E-01	1.78036514E-02	7.35252319E-03
1.42735968E+01	-4.10358176E+00	1.77943082E-02	7.31675301E-03
1.27771636E+01	-7.54803504E+00	1.77849867E-02	7.28106534E-03
1.04661069E+01	-1.05044604E+01	1.77756867E-02	7.24545972E-03
7.48947416E+00	-1.27845898E+01	1.77664080E-02	7.20993570E-03
4.03863620E+00	-1.42436933E+01	1.77571506E-02	7.17449284E-03
3.34984005E-01	-1.47897643E+01	1.77479144E-02	7.13913068E-03
-3.38427397E+00	-1.43893202E+01	1.77386992E-02	7.10384880E-03
-6.88130372E+00	-1.30694509E+01	1.77295050E-02	7.06864674E-03
-9.93285384E+00	-1.09159920E+01	1.77203315E-02	7.03352408E-03
-1.23445073E+01	-8.06794415E+00	1.77111787E-02	6.99848039E-03
-1.39630673E+01	-4.70850185E+00	1.77020465E-02	6.96351522E-03
-1.46862877E+01	-1.05327061E+00	1.76929348E-02	6.92862816E-03
-1.44693313E+01	2.66356967E+00	1.76838435E-02	6.89381877E-03
-1.33275457E+01	6.20426739E+00	1.76747723E-02	6.85908665E-03
-1.13353885E+01	9.34270666E+00	1.76657214E-02	6.82443135E-03
-8.62157296E+00	1.18788469E+01	1.76566904E-02	6.78985248E-03
-5.36075319E+00	1.36514727E+01	1.76476794E-02	6.75534962E-03
-1.76228472E+00	1.45484404E+01	1.76386881E-02	6.72092234E-03
1.94321628E+00	1.45137725E+01	1.76297166E-02	6.68657025E-03
5.51865193E+00	1.35511479E+01	1.76207647E-02	6.65229293E-03
8.73561290E+00	1.17235732E+01	1.76118322E-02	6.61808999E-03
1.13889692E+01	9.14926134E+00	1.76029192E-02	6.58396101E-03
1.33099498E+01	5.99398587E+00	1.75940254E-02	6.54990560E-03
1.43768766E+01	2.46040712E+00	1.75851508E-02	6.51592336E-03
1.45228707E+01	-1.22494397E+00	1.75762952E-02	6.48201390E-03
1.37400428E+01	-4.82618771E+00	1.75674587E-02	6.44817683E-03
1.20799047E+01	-8.11319245E+00	1.75586410E-02	6.41441174E-03
9.64998278E+00	-1.08762802E+01	1.75498420E-02	6.38071827E-03
6.60685447E+00	-1.29396013E+01	1.75410617E-02	6.34709601E-03
3.14606002E+00	-1.41723253E+01	1.75323000E-02	6.31354459E-03
-5.10461696E-01	-1.44969355E+01	1.75235568E-02	6.28006363E-03
-4.12860533E+00	-1.38941015E+01	1.75148319E-02	6.24665274E-03
-7.47708687E+00	-1.24038244E+01	1.75061253E-02	6.21331155E-03
-1.03422275E+01	-1.01227853E+01	1.74974368E-02	6.18003969E-03
-1.25415888E+01	-7.19807520E+00	1.74887664E-02	6.14683679E-03
-1.39355883E+01	-3.81771041E+00	1.74801140E-02	6.11370247E-03
-1.44363578E+01	-1.98546760E-01	1.74714794E-02	6.08063636E-03
-1.40132801E+01	3.42763147E+00	1.74628627E-02	6.04763811E-03
-1.26948567E+01	6.82895529E+00	1.74542636E-02	6.01470734E-03
-1.05667931E+01	9.78829686E+00	1.74456821E-02	5.98184370E-03
-7.76642841E+00	1.21171295E+01	1.74371181E-02	5.94904682E-03
-4.47387337E+00	1.36675371E+01	1.74285715E-02	5.91631636E-03
-9.00426573E-01	1.43416085E+01	1.74200422E-02	5.88365195E-03
2.72498478E+00	1.40976188E+01	1.74115302E-02	5.85105324E-03
6.17047019E+00	1.29526099E+01	1.74030352E-02	5.81851988E-03
9.21600760E+00	1.09812077E+01	1.73945573E-02	5.78605153E-03
1.16674930E+01	8.31076089E+00	1.73860963E-02	5.75364783E-03
1.33691106E+01	5.11311518E+00	1.73776522E-02	5.72130843E-03
1.42132360E+01	1.59355560E+00	1.73692249E-02	5.68903301E-03
1.41472417E+01	-2.02237182E+00	1.73608142E-02	5.65682121E-03
1.31767758E+01	-5.50331328E+00	1.73524201E-02	5.62467270E-03
1.13653095E+01	-8.62690912E+00	1.73440424E-02	5.59258714E-03
8.82998810E+00	-1.11939974E+01	1.73356812E-02	5.56056419E-03
5.73405629E+00	-1.30413118E+01	1.73273364E-02	5.52860352E-03
2.27634796E+00	-1.40518648E+01	1.73190077E-02	5.49670480E-03
-1.32148305E+00	-1.41623549E+01	1.73106952E-02	5.46486770E-03
-4.82917136E+00	-1.33671300E+01	1.73023988E-02	5.43309189E-03
-8.02257674E+00	-1.17184585E+01	1.72941183E-02	5.40137705E-03
-1.06980060E+01	-9.32309605E+00	1.72858537E-02	5.36972285E-03
-1.26852051E+01	-6.33537412E+00	1.72776049E-02	5.33812897E-03
-1.38581926E+01	-2.94725754E+00	1.72693719E-02	5.30659509E-03
-1.41432458E+01	6.23988931E-01	1.72611545E-02	5.27512089E-03
-1.35235318E+01	4.14973223E+00	1.72529526E-02	5.24370606E-03
-1.20400954E+01	7.40460762E+00	1.72447662E-02	5.21235027E-03
-9.78914313E+00	1.01809234E+01	1.72365952E-02	5.18105321E-03
-6.91580572E+00	1.23019129E+01	1.72284395E-02	5.14981458E-03
-3.60478132E+00	1.36329886E+01	1.72202990E-02	5.11863406E-03
-6.84639217E-02	1.40902813E+01	1.72121737E-02	5.08751135E-03
3.46668059E+00	1.36459231E+01	1.72040635E-02	5.05644613E-03
6.77461678E+00	1.23297416E+01	1.71959682E-02	5.02543811E-03
9.64419169E+00	1.02272617E+01	1.71878878E-02	4.99448697E-03
1.18926126E+01	7.47415027E+00	1.71798223E-02	4.96359243E-03
1.33770905E+01	4.24746258E+00	1.71717715E-02	4.93275417E-03
1.40039066E+01	7.54256465E-01	1.71637354E-02	4.90197190E-03
1.37343286E+01	-2.78169403E+00	1.71557139E-02	4.87124532E-03
1.25870002E+01	-6.13423300E+00	1.71477069E-02	4.84057415E-03
1.06366594E+01	-9.08928686E+00	1.71397143E-02	4.80995807E-03
8.00927133E+00	-1.14585332E+01	1.71317361E-02	4.77939681E-03
4.87389400E+00	-1.30914019E+01	1.71237722E-02	4.74889006E-03
1.43180087E+00	-1.38846429E+01	1.71158224E-02	4.71843755E-03
-2.09643907E+00	-1.37888542E+01	1.71078869E-02	4.68803899E-03
-5.48509483E+00	-1.28115561E+01	1.70999653E-02	4.65769408E-03
-8.51771470E+00	-1.10166205E+01	1.70920578E-02	4.62740255E-03
-1.10009517E+01	-8.52009902E+00	1.70841642E-02	4.59716411E-03
-1.27768898E+01	-5.48272054E+00	1.70762844E-02	4.56697848E-03
-1.37330856E+01	-2.09954406E+00	1.70684184E-02	4.53684538E-03
-1.38096867E+01	1.41256724E+00	1.70605660E-02	4.50676453E-03
-1.30031755E+01	4.82884646E+00	1.70527273E-02	4.47673565E-03
-1.13665068E+01	7.93100698E+00	1.70449022E-02	4.44675848E-03
-9.00563197E+00	1.05211896E+01	1.70370905E-02	4.41683273E-03
-6.07264227E+00	1.24345815E+01	1.70292922E-02	4.38695813E-03
-2.75597110E+00	1.35499025E+01	1.70215072E-02	4.35713442E-03
7.31711247E-01	1.37970918E+01	1.70137355E-02	4.32736131E-03
4.16713381E+00	1.31617064E+01	1.70059770E-02	4.29763855E-03
7.33071756E+00	1.16857584E+01	1.69982317E-02	4.26796587E-03
1.00206095E+01	9.46493907E+00	1.69904993E-02	4.23834299E-03
1.20655613E+01	6.64241691E+00	1.69827800E-02	4.20876966E-03
1.33358310E+01	3.39960850E+00	1.69750735E-02	4.17924562E-03
1.37514134E+01	-5.54812204E-02	1.69673799E-02	4.14977059E-03
1.32870776E+01	-3.50160049E+00	1.69596991E-02	4.12034432E-03
1.19738944E+01	-6.71841838E+00	1.69520310E-02	4.09096656E-03
9.89716102E+00	-9.50061135E+00	1.69443756E-02	4.06163704E-03
7.19086235E+00	-1.16709680E+01	1.69367327E-02	4.03235551E-03
4.02902738E+00	-1.30916761E+01	1.69291023E-02	4.00312171E-03
6.14538939E-01	-1.36730720E+01	1.69214843E-02	3.97393538E-03
-2.83388389E+00	-1.33792985E+01	1.69138788E-02	3.94479629E-03
-6.09569556E+00	-1.22305134E+01	1.69062855E-02	3.91570417E-03
-8.96262859E+00	-1.03015118E+01	1.68987045E-02	3.88665877E-03
-1.12519910E+01	-7.71685888E+00	1.68911357E-02	3.85765985E-03
-1.28183073E+01	-4.64284647E+00	1.68835789E-02	3.82870715E-03
-1.35625622E+01	-1.27679513E+00	1.68760342E-02	3.79980044E-03
-1.34384582E+01	2.16561130E+00	1.68685016E-02	3.77093946E-03
-1.24552934E+01	5.46414539E+00	1.68609808E-02	3.74212398E-03
-1.06772798E+01	8.40812455E+00	1.68534719E-02	3.71335374E-03
-8.21935130E+00	1.08098672E+01	1.68459747E-02	3.68462852E-03
-5.23973499E+00	1.25166568E+01	1.68384893E-02	3.65594806E-03
-1.92976653E+00	1.34204519E+01	1.68310156E-02	3.62731213E-03
1.49839608E+00	1.34647243E+01	1.68235535E-02	3.59872049E-03
4.82537046E+00	1.26479922E+01	1.68161029E-02	3.57017290E-03
7.83858858E+00	1.10238290E+01	1.68086638E-02	3.54166913E-03
1.03458776E+01	8.69735089E+00	1.68012362E-02	3.51320895E-03
1.21877155E+01	5.81841541E+00	1.67938198E-02	3.48479211E-03
1.32473795E+01	2.57196890E+00	1.67864148E-02	3.45641839E-03
1.34583423E+01	-8.33833902E-01	1.67790210E-02	3.42808756E-03
1.28084471E+01	-4.18097571E+00	1.67716384E-02	3.39979938E-03
1.13405994E+01	-7.25553221E+00	1.67642670E-02	3.37155363E-03
9.14993714E+00	-9.86134400E+00	1.67569065E-02	3.34335008E-03
6.37766597E+00	-1.18325311E+01	1.67495571E-02	3.31518850E-03
3.20195785E+00	-1.30440518E+01	1.67422186E-02	3.28706866E-03
-1.73499102E-01	-1.34196338E+01	1.67348910E-02	3.25899035E-03
-3.53256452E+00	-1.29365743E+01	1.67275742E-02	3.23095333E-03
-6.66048536E+00	-1.16271081E+01	1.67202682E-02	3.20295738E-03
-9.35762505E+00	-9.57625932E+00	1.67129729E-02	3.17500229E-03
-1.14522045E+01	-6.91632315E+00	1.67056882E-02	3.14708784E-03
-1.28112420E+01	-3.81833194E+00	1.66984141E-02	3.11921379E-03
-1.33489951E+01	-4.81058936E-01	1.66911506E-02	3.09137994E-03
-1.30323689E+01	2.88173493E+00	1.66838975E-02	3.06358606E-03
-1.18829495E+01	6.05499244E+00	1.66766549E-02	3.03583195E-03
-9.97553791E+00	8.83611288E+00	1.66694226E-02	3.00811738E-03
-7.43328388E+00	1.10478868E+01	1.66622006E-02	2.98044214E-03
-4.41973563E+00	1.25497868E+01	1.66549888E-02	2.95280601E-03
-1.12831926E+00	1.32468957E+01	1.66477873E-02	2.92520879E-03
2.23007579E+00	1.30959035E+01	1.66405959E-02	2.89765026E-03
5.44060850E+00	1.21077956E+01	1.66334146E-02	2.87013021E-03
8.29822936E+00	1.03470657E+01	1.66262433E-02	2.84264843E-03
1.06207759E+01	7.92750767E+00	1.66190820E-02	2.81520472E-03
1.22605842E+01	5.00486211E+00	1.66119306E-02	2.78779885E-03
1.31138766E+01	1.76679275E+00	1.66047891E-02	2.76043064E-03
1.31273279E+01	-1.57916305E+00	1.65976574E-02	2.73309987E-03
1.23013962E+01	-4.81889542E+00	1.65905354E-02	2.70580633E-03
1.06902091E+01	-7.74542246E+00	1.65834232E-02	2.67854982E-03
8.39801850E+00	-1.01721135E+01	1.65763206E-02	2.65133015E-03
5.57245602E+00	-1.19445904E+01	1.65692276E-02	2.62414710E-03
2.39502539E+00	-1.29505477E+01	1.65621441E-02	2.59700047E-03
-9.30556071E-01	-1.31268676E+01	1.65550702E-02	2.56989007E-03
-4.19141803E+00	-1.24635783E+01	1.65480057E-02	2.54281569E-03
-7.17916244E+00	-1.10044085E+01	1.65409505E-02	2.51577714E-03
-9.70318147E+00	-8.84390655E+00	1.65339048E-02	2.48877422E-03
-1.16028171E+01	-6.12131596E+00	1.65268682E-02	2.46180672E-03
-1.27575866E+01	-3.01160147E+00	1.65198410E-02	2.43487446E-03
-1.30948230E+01	2.85794044E-01	1.65128229E-02	2.40797724E-03
-1.25942466E+01	3.55974040E+00	1.65058139E-02	2.38111486E-03
-1.12891793E+01	6.60093815E+00	1.64988141E-02	2.35428713E-03
-9.26432981E+00	9.21529832E+00	1.64918232E-02	2.32749386E-03
-6.65029686E+00	1.12363286E+01	1.64848414E-02	2.30073485E-03
-3.61514657E+00	1.25357354E+01	1.64778684E-02	2.27400991E-03
-3.53607530E-01	1.30315673E+01	1.64709044E-02	2.24731886E-03
2.92542200E+00	1.26933821E+01	1.64639492E-02	2.22066150E-03
6.01225329E+00	1.15441123E+01	1.64570027E-02	2.19403764E-03
8.70981589E+00	9.65851543E+00	1.64500650E-02	2.16744710E-03
1.08462385E+01	7.15831226E+00	1.64431360E-02	2.14088969E-03
1.22857990E+01	4.20433056E+00	1.64362156E-02	2.11436522E-03
1.29375456E+01	9.86160268E-01	1.64293038E-02	2.08787350E-03
1.27610420E+01	-2.29001403E+00	1.64224005E-02	2.06141436E-03
1.17688740E+01	-5.41462258E+00	1.64155058E-02	2.03498760E-03
1.00257610E+01	-8.18811569E+00	1.64086194E-02	2.00859304E-03
7.64433633E+00	-1.04337072E+01	1.64017415E-02	1.98223051E-03
4.77787034E+00	-1.20086425E+01	1.63948719E-02	1.95589981E-03
1.61040623E+00	-1.28132727E+01	1.63880106E-02	1.92960077E-03
-1.65505578E+00	-1.27973589E+01	1.63811576E-02	1.90333320E-03
-4.80956811E+00	-1.19632065E+01	1.63743127E-02	1.87709693E-03
-7.65160526E+00	-1.03654354E+01	1.63674760E-02	1.85089178E-03
-9.99993773E+00	-8.10740578E+00	1.63606475E-02	1.82471756E-03
-1.17051879E+01	-5.33453246E+00	1.63538269E-02	1.79857411E-03
-1.26593315E+01	-2.22492114E+00	1.63470145E-02	1.77246124E-03
-1.28025393E+01	1.02207100E+00	1.63402099E-02	1.74637878E-03
-1.21269275E+01	4.19861552E+00	1.63334133E-02	1.72032655E-03
-1.06769799E+01	7.10171461E+00	1.63266246E-02	1.69430437E-03
-8.54662159E+00	9.54617321E+00	1.63198437E-02	1.66831208E-03
-5.87313570E+00	1.13764124E+01	1.63130706E-02	1.64234950E-03
-2.82831749E+00	1.24763707E+01	1.63063053E-02	1.61641645E-03
3.92564408E-01	1.27768628E+01	1.62995476E-02	1.59051277E-03
3.58329035E+00	1.22599303E+01	1.62927976E-02	1.56463828E-03
6.53989252E+00	1.09599087E+01	1.62860552E-02	1.53879281E-03
9.07369314E+00	8.96115059E+00	1.62793204E-02	1.51297619E-03
1.10233445E+01	6.39255335E+00	1.62725931E-02	1.48718826E-03
1.22651027E+01	3.41924757E+00	1.62658733E-02	1.46142884E-03
1.27206808E+01	2.31981770E-01	1.62591609E-02	1.43569776E-03
1.23621829E+01	-2.96511434E+00	1.62524559E-02	1.40999486E-03
1.12138094E+01	-5.96760288E+00	1.62457582E-02	1.38431997E-03
9.35022683E+00	-8.58381007E+00	1.62390678E-02	1.35867292E-03
6.89171544E+00	-1.06470618E+01	1.62323847E-02	1.33305355E-03
3.99640629E+00	-1.20263016E+01	1.62257088E-02	1.30746169E-03
8.50111145E-01	-1.26344144E+01	1.62190401E-02	1.28189718E-03
-2.34560183E+00	-1.24337278E+01	1.62123785E-02	1.25635986E-03
-5.38632106E+00	-1.14383432E+01	1.62057240E-02	1.23084955E-03
-8.07786612E+00	-9.71315277E+00	1.61990765E-02	1.20536610E-03
-1.02486876E+01	-7.36961079E+00	1.61924360E-02	1.17990935E-03
-1.17608003E+01	-4.55853394E+00	1.61858025E-02	1.15447914E-03
-1.25185536E+01	-1.46039643E+00	1.61791759E-02	1.12907529E-03
-1.24746808E+01	1.72625616E+00	1.61725562E-02	1.10369766E-03
-1.16332453E+01	4.79753022E+00	1.61659433E-02	1.07834608E-03
-1.00493004E+01	7.55722945E+00	1.61593372E-02	1.05302040E-03
-7.82528887E+00	9.82938762E+00	1.61527379E-02	1.02772045E-03
-5.10441882E+00	1.14694881E+01	1.61461452E-02	1.00244608E-03
-2.06144261E+00	1.23736548E+01	1.61395592E-02	9.77197130E-04
1.10856617E+00	1.24852304E+01	1.61329799E-02	9.51973441E-04
4.20271766E+00	1.17983248E+01	1.61264071E-02	9.26774858E-04
7.02329076E+00	1.03581119E+01	1.61198409E-02	9.01601226E-04
9.39036731E+00	8.25786155E+00	1.61132812E-02	8.76452389E-04
1.11533081E+01	5.63289965E+00	1.61067279E-02	8.51328192E-04
1.22003390E+01	2.65188998E+00	1.61001811E-02	8.26228481E-04
1.24656363E+01	-4.94002754E-01	1.60936407E-02	8.01153103E-04
1.19334639E+01	-3.60337125E+00	1.60871065E-02	7.76101903E-04
1.06391007E+01	-6.47745971E+00	1.60805787E-02	7.51074730E-04
8.66650460E+00	-8.93286808E+00	1.60740572E-02	7.26071431E-04
6.14286795E+00	-1.08132546E+01	1.60675419E-02	7.01091854E-04
3.23041710E+00	-1.19992898E+01	1.60610327E-02	6.76135849E-04
1.15984529E-01	-1.24162285E+01	1.60545297E-02	6.51203265E-04
-3.00097580E+00	-1.20386185E+01	1.60480328E-02	6.26293952E-04
-5.92116135E+00	-1.08918516E+01	1.60415420E-02	6.01407759E-04
-8.45816421E+00	-9.05045915E+00	1.60350572E-02	5.76544538E-04
-1.04503697E+01	-6.63327019E+00	1.60285784E-02	5.51704141E-04
-1.17712513E+01	-3.79574361E+00	1.60221055E-02	5.26886418E-04
-1.23374055E+01	-7.19970716E-01	1.60156386E-02	5.02091223E-04
-1.21138168E+01	2.39700951E+00	1.60091775E-02	4.77318409E-04
-1.11160212E+01	5.35583256E+00	1.60027223E-02	4.52567828E-04
-9.40903281E+00	7.96755941E+00	1.59962728E-02	4.27839334E-04
-7.10310978E+00	1.00657409E+01	1.59898291E-02	4.03132781E-04
-4.34663292E+00	1.15170254E+01	1.59833911E-02	3.78448025E-04
-1.31655866E+00	1.22296329E+01	1.59769588E-02	3.53784920E-04
1.79294053E+00	1.21591587E+01	1.59705322E-02	3.29143322E-04
4.78291847E+00	1.13113381E+01	1.59641111E-02	3.04523088E-04
7.46238346E+00	9.74160081E+00	1.59576957E-02	2.79924072E-04
9.66049778E+00	7.55144898E+00	1.59512857E-02	2.55346133E-04
1.12374694E+01	4.88189480E+00	1.59448813E-02	2.30789128E-04
1.20934417E+01	1.90438211E+00	1.59384823E-02	2.06252915E-04
1.21748153E+01	-1.19022345E+00	1.59320887E-02	1.81737352E-04
1.14776031E+01	-4.20386889E+00	1.59257005E-02	1.57242298E-04
1.00476068E+01	-6.94398869E+00	1.59193177E-02	1.32767611E-04
7.97741060E+00	-9.23580880E+00	1.59129401E-02	1.08313152E-04
5.40038777E+00	-1.09334938E+01	1.59065678E-02	8.38787800E-05
2.48210875E+00	-1.19294261E+01	1.59002008E-02	5.94643561E-05
-5.90295982E-01	-1.21610273E+01	1.58938390E-02	3.50697408E-05
-3.62013483E+00	-1.16146885E+01	1.58874823E-02	1.06947955E-05
-6.41374659E+00	-1.03265635E+01	1.58811308E-02	-1.36606183E-05
-8.79287841E+00	-8.38017949E+00	1.58747843E-02	-3.79966386E-05
-1.06060590E+01	-5.90102142E+00	1.58684429E-02	-6.23134028E-05
-1.17382420E+01	-3.04844302E+00	1.58621066E-02	-8.66110481E-05
-1.21181042E+01	-5.42436023E-03	1.58557752E-02	-1.10889711E-04
-1.17225382E+01	3.03316493E+00	1.58494487E-02	-1.35149529E-04
-1.05780535E+01	5.87304427E+00	1.58431272E-02	-1.59390636E-04
-8.75900399E+00	8.33294357E+00	1.58368105E-02	-1.83613170E-04
-6.38275856E+00	1.02561732E+01	1.58304987E-02	-2.07817264E-04
-3.60212897E+00	1.15206040E+01	1.58241917E-02	-2.32003054E-04
-5.95543492E-01	1.20464225E+01	1.58178895E-02	-2.56170675E-04
2.44440203E+00	1.18011668E+01	1.58115920E-02	-2.80320259E-04
5.32328101E+00	1.08017291E+01	1.58052992E-02	-3.04451942E-04
7.85727062E+00	9.11319709E+00	1.57990110E-02	-3.28565857E-04
9.88488878E+00	6.84461717E+00	1.57927275E-02	-3.52662135E-04
1.12772843E+01	4.14195283E+00	1.57864486E-02	-3.76740911E-04
1.19464244E+01	1.17869388E+00	1.57801743E-02	-4.00802316E-04
1.18506594E+01	-1.85527978E+00	1.57739045E-02	-4.24846482E-04
1.09973131E+01	-4.76586477E+00	1.57676391E-02	-4.48873540E-04
9.44213753E+00	-7.36715183E+00	1.57613783E-02	-4.72883623E-04
7.28567230E+00	-9.49330004E+00	1.57551218E-02	-4.96876861E-04
4.66674561E+00	-1.10091092E+01	1.57488698E-02	-5.20853383E-04
1.75353760E+00	-1.18186163E+01	1.57426221E-02	-5.44813321E-04
-1.26721921E+00	-1.18711700E+01	1.57363787E-02	-5.68756805E-04
-4.20220870E+00	-1.11645982E+01	1.57301397E-02	-5.92683963E-04
-6.86390216E+00	-9.74527060E+00	1.57239048E-02	-6.16594926E-04
-9.08253975E+00	-7.70505773E+00	1.57176742E-02	-6.40489821E-04
-1.07169571E+01	-5.17538542E+00	1.57114478E-02	-6.64368778E-04
-1.16635665E+01	-2.31876924E+00	1.57052256E-02	-6.88231924E-04
-1.18629213E+01	6.81625485E-01	1.56990074E-02	-7.12079388E-04
-1.13034475E+01	3.63372774E+00	1.56927934E-02	-7.35911297E-04
-1.00221089E+01	6.34885580E+00	1.56865834E-02	-7.59727778E-04
-8.10196753E+00	8.65377621E+00	1.56803774E-02	-7.83528958E-04
-5.66679979E+00	1.04017561E+01	1.56741754E-02	-8.07314965E-04
-2.87311880E+00	1.14819038E+01	1.56679774E-02	-8.31085924E-04
9.98846492E-02	1.18262027E+01	1.56617833E-02	-8.54841961E-04
3.06183516E+00	1.14137934E+01	1.56555931E-02	-8.78583202E-04
5.82336284E+00	1.02722330E+01	1.56494067E-02	-9.02309772E-04
8.20821008E+00	8.47565739E+00	1.56432242E-02	-9.26021798E-04
1.00644809E+01	6.13996775E+00	1.56370455E-02	-9.49719402E-04
1.12743149E+01	3.41535436E+00	1.56308705E-02	-9.73402711E-04
1.17613698E+01	4.76639529E-01	1.56246992E-02	-9.97071849E-04
1.14956379E+01	-2.48793915E+00	1.56185317E-02	-1.02072694E-03
1.04952915E+01	-5.28878581E+00	1.56123678E-02	-1.04436810E-03
8.82544587E+00	-7.74707120E+00	1.56062075E-02	-1.06799547E-03
6.59392184E+00	-9.70615013E+00	1.56000508E-02	-1.09160916E-03
3.94428470E+00	-1.10415426E+01	1.55938977E-02	-1.11520929E-03
1.04660863E+00	-1.16688423E+01	1.55877481E-02	-1.13879599E-03
-1.91343956E+00	-1.15490513E+01	1.55816020E-02	-1.16236939E-03
-4.74649636E+00	-1.06910015E+01	1.55754594E-02	-1.18592959E-03
-7.27161535E+00	-9.15071545E+00	1.55693203E-02	-1.20947673E-03
-9.32782363E+00	-7.02774986E+00	1.55631845E-02	-1.23301093E-03
-1.07843832E+01	-4.45876181E+00	1.55570521E-02	-1.25653230E-03
-1.15491027E+01	-1.60871255E+00	1.55509231E-02	-1.28004098E-03
-1.15741718E+01	1.33972453E+00	1.55447974E-02	-1.30353707E-03
-1.08591487E+01	4.19787180E+00	1.55386749E-02	-1.32702070E-03
-9.45091339E+00	6.78312095E+00	1.55325557E-02	-1.35049199E-03
-7.44059666E+00	8.93059938E+00	1.55264397E-02	-1.37395106E-03
-4.95768322E+00	1.05036843E+01	1.55203269E-02	-1.39739804E-03
-2.16167242E+00	1.14026943E+01	1.55142173E-02	-1.42083303E-03
7.68167292E-01	1.15712044E+01	1.55081107E-02	-1.44425616E-03
3.64429178E+00	1.09995869E+01	1.55020073E-02	-1.46766756E-03
6.28288586E+00	9.72555247E+00	1.54959069E-02	-1.49106732E-03
8.51561054E+00	7.83166556E+00	1.54898096E-02	-1.51445559E-03
1.02003423E+01	5.43999424E+00	1.54837152E-02	-1.53783247E-03
1.12302196E+01	2.70424335E+00	1.54776239E-02	-1.56119808E-03
1.15404197E+01	-2.00123021E-01	1.54715354E-02	-1.58455254E-03
1.11122381E+01	-3.08713493E+00	1.54654499E-02	-1.60789598E-03
9.97421155E+00	-5.77222397E+00	1.54593672E-02	-1.63122849E-03
8.20021978E+00	-8.08402238E+00	1.54532874E-02	-1.65455022E-03
5.90469003E+00	-9.87529956E+00	1.54472104E-02	-1.67786126E-03
3.23521716E+00	-1.10323382E+01	1.54411362E-02	-1.70116174E-03
3.63074289E-01	-1.14821527E+01	1.54350648E-02	-1.72445177E-03
-2.52777556E+00	-1.11970918E+01	1.54289960E-02	-1.74773148E-03
-5.25246197E+00	-1.01965360E+01	1.54229300E-02	-1.77100097E-03
-7.63702919E+00	-8.54558361E+00	1.54168666E-02	-1.79426037E-03
-9.52954175E+00	-6.35081759E+00	1.54108059E-02	-1.81750979E-03
-1.08097646E+01	-3.75342488E+00	1.54047477E-02	-1.84074934E-03
-1.13968013E+01	-9.20114815E-01	1.53986921E-02	-1.86397914E-03
-1.12542048E+01	1.96758037E+00	1.53926391E-02	-1.88719931E-03
-1.03922377E+01	4.72493597E+00	1.53865886E-02	-1.91040996E-03
-8.86714350E+00	7.17585114E+00	1.53805406E-02	-1.93361121E-03
-6.77747753E+00	9.16409525E+00	1.53744950E-02	-1.95680317E-03
