jMRUI Data Textfile

Filename: /Users/kayigwe/Desktop/TE26_BASISSET/converter/sample_basis_sets/JMRUI/Tau.txt

PointsInDataset: 2048
DatasetsInFile: 1
SamplingInterval: 2.500000E-01
ZeroOrderPhase: 0.000000E+00
BeginTime: 0.000000E+00
TransmitterFrequency: 1.232618E+08
MagneticField: 2.895033E+00
TypeOfNucleus: 0.000000E+00
NameOfPatient: Tau
DateOfExperiment: 20260523
Spectrometer: Unknown
AdditionalInfo: Converted by basis_set_converter


Signal and FFT
sig(real)	sig(imag)	fft(real)	fft(imag)
Signal 1 out of 1 in file
3.75517950E+01	-3.50520649E+00	9.45608511E-03	1.96064144E-04
3.54654024E+01	-1.28681573E+01	9.45453037E-03	1.81523979E-04
3.10742736E+01	-2.13987237E+01	9.45297625E-03	1.66989449E-04
2.46659534E+01	-2.85378668E+01	9.45142272E-03	1.52460484E-04
1.66612261E+01	-3.38186207E+01	9.44986979E-03	1.37937013E-04
7.58600879E+00	-3.68971607E+01	9.44831744E-03	1.23418962E-04
-1.96379610E+00	-3.75755742E+01	9.44676568E-03	1.08906263E-04
-1.13620997E+01	-3.58148026E+01	9.44521448E-03	9.43988418E-05
-1.99943771E+01	-3.17368929E+01	9.44366384E-03	7.98966289E-05
-2.72985393E+01	-2.56164303E+01	9.44211376E-03	6.53995529E-05
-3.28021647E+01	-1.78617610E+01	9.44056423E-03	5.09075429E-05
-3.61535818E+01	-8.98730602E+00	9.43901524E-03	3.64205280E-05
-3.71447270E+01	4.21126217E-01	9.43746678E-03	2.19384375E-05
-3.57242638E+01	9.74565455E+00	9.43591885E-03	7.46120075E-06
-3.20001265E+01	1.83775868E+01	9.43437143E-03	-7.01125285E-06
-2.62313698E+01	2.57578287E+01	9.43282453E-03	-2.14789937E-05
-1.88099409E+01	3.14137152E+01	9.43127812E-03	-3.59420922E-05
-1.02336682E+01	3.49897959E+01	9.42973221E-03	-5.04006187E-05
-1.07235356E+00	3.62705397E+01	9.42818679E-03	-6.48546433E-05
8.07068895E+00	3.51934815E+01	9.42664185E-03	-7.93042361E-05
1.65990135E+01	3.18520018E+01	9.42509738E-03	-9.37494672E-05
2.39625975E+01	2.64876395E+01	9.42355338E-03	-1.08190407E-04
2.96939054E+01	1.94725519E+01	9.42200983E-03	-1.22627124E-04
3.34380610E+01	1.12834024E+01	9.42046673E-03	-1.37059689E-04
3.49751470E+01	2.46852740E+00	9.41892408E-03	-1.51488172E-04
3.42332115E+01	-6.38932795E+00	9.41738186E-03	-1.65912642E-04
3.12912076E+01	-1.47121363E+01	9.41584007E-03	-1.80333168E-04
2.63717855E+01	-2.19649125E+01	9.41429870E-03	-1.94749821E-04
1.98245506E+01	-2.76906545E+01	9.41275774E-03	-2.09162670E-04
1.21010429E+01	-3.15395847E+01	9.41121718E-03	-2.23571783E-04
3.72323926E+00	-3.32907910E+01	9.40967703E-03	-2.37977230E-04
-4.75219897E+00	-3.28649117E+01	9.40813726E-03	-2.52379081E-04
-1.27714555E+01	-3.03271385E+01	9.40659788E-03	-2.66777404E-04
-1.98202989E+01	-2.58804797E+01	9.40505888E-03	-2.81172269E-04
-2.54575610E+01	-1.98498955E+01	9.40352024E-03	-2.95563744E-04
-2.93431414E+01	-1.26585259E+01	9.40198196E-03	-3.09951898E-04
-3.12587355E+01	-4.79775409E+00	9.40044404E-03	-3.24336801E-04
-3.11200104E+01	3.20675779E+00	9.39890646E-03	-3.38718521E-04
-2.89795581E+01	1.08306908E+01	9.39736923E-03	-3.53097127E-04
-2.50205993E+01	1.75859021E+01	9.39583232E-03	-3.67472687E-04
-1.95420412E+01	2.30521249E+01	9.39429574E-03	-3.81845270E-04
-1.29360765E+01	2.69034467E+01	9.39275947E-03	-3.96214944E-04
-5.65999351E+00	2.89278789E+01	9.39122352E-03	-4.10581779E-04
1.79576579E+00	2.90388323E+01	9.38968786E-03	-4.24945843E-04
8.94104955E+00	2.72778979E+01	9.38815251E-03	-4.39307203E-04
1.53186367E+01	2.38089364E+01	9.38661744E-03	-4.53665929E-04
2.05338735E+01	1.89040773E+01	9.38508264E-03	-4.68022088E-04
2.42793603E+01	1.29227727E+01	9.38354813E-03	-4.82375749E-04
2.63531288E+01	6.28549718E+00	9.38201388E-03	-4.96726980E-04
2.66692330E+01	-5.55979857E-01	9.38047988E-03	-5.11075850E-04
2.52602242E+01	-7.14963568E+00	9.37894614E-03	-5.25422425E-04
2.22715558E+01	-1.30733981E+01	9.37741264E-03	-5.39766775E-04
1.79485128E+01	-1.79624710E+01	9.37587938E-03	-5.54108968E-04
1.26167687E+01	-2.15319929E+01	9.37434635E-03	-5.68449071E-04
6.65807561E+00	-2.35936097E+01	9.37281354E-03	-5.82787152E-04
4.82895530E-01	-2.40650027E+01	9.37128095E-03	-5.97123280E-04
-5.49806218E+00	-2.29719254E+01	9.36974856E-03	-6.11457521E-04
-1.09014096E+01	-2.04428359E+01	9.36821637E-03	-6.25789945E-04
-1.53958888E+01	-1.66967230E+01	9.36668438E-03	-6.40120618E-04
-1.87227996E+01	-1.20251784E+01	9.36515257E-03	-6.54449609E-04
-2.07107808E+01	-6.77013603E+00	9.36362094E-03	-6.68776985E-04
-2.12841119E+01	-1.29895873E+00	9.36208948E-03	-6.83102814E-04
-2.04641791E+01	4.02131734E+00	9.36055819E-03	-6.97427163E-04
-1.83642409E+01	8.84876757E+00	9.35902705E-03	-7.11750101E-04
-1.51780923E+01	1.28887092E+01	9.35749606E-03	-7.26071695E-04
-1.11636342E+01	1.59117346E+01	9.35596522E-03	-7.40392012E-04
-6.62267929E+00	1.77665435E+01	9.35443451E-03	-7.54711120E-04
-1.87854436E+00	1.83868731E+01	9.35290393E-03	-7.69029087E-04
2.74692056E+00	1.77922693E+01	9.35137346E-03	-7.83345980E-04
6.95523449E+00	1.60828831E+01	9.34984312E-03	-7.97661867E-04
1.04906238E+01	1.34288984E+01	9.34831287E-03	-8.11976815E-04
1.31555388E+01	1.00555511E+01	9.34678273E-03	-8.26290891E-04
1.48214119E+01	6.22498118E+00	9.34525268E-03	-8.40604163E-04
1.54340958E+01	2.21633586E+00	9.34372272E-03	-8.54916699E-04
1.50138244E+01	-1.69438837E+00	9.34219283E-03	-8.69228566E-04
1.36499391E+01	-5.25331653E+00	9.34066301E-03	-8.83539831E-04
1.14909909E+01	-8.24517611E+00	9.33913325E-03	-8.97850562E-04
8.73113708E+00	-1.05062183E+01	9.33760355E-03	-9.12160826E-04
5.59398475E+00	-1.19328135E+01	9.33607390E-03	-9.26470690E-04
2.31516789E+00	-1.24853019E+01	9.33454429E-03	-9.40780222E-04
-8.75015977E-01	-1.21870462E+01	9.33301472E-03	-9.55089490E-04
-3.76764573E+00	-1.11189877E+01	9.33148517E-03	-9.69398560E-04
-6.18878286E+00	-9.41032590E+00	9.32995564E-03	-9.83707500E-04
-8.00976267E+00	-7.22620040E+00	9.32842613E-03	-9.98016377E-04
-9.15357611E+00	-4.75344062E+00	9.32689662E-03	-1.01232526E-03
-9.59706673E+00	-2.18554190E+00	9.32536711E-03	-1.02663421E-03
-9.36899498E+00	2.91965642E-01	9.32383759E-03	-1.04094331E-03
-8.54433194E+00	2.51467318E+00	9.32230805E-03	-1.05525261E-03
-7.23541465E+00	4.35005382E+00	9.32077849E-03	-1.06956218E-03
-5.58080610E+00	5.70513298E+00	9.31924890E-03	-1.08387210E-03
-3.73284013E+00	6.53064392E+00	9.31771927E-03	-1.09818242E-03
-1.84488827E+00	6.82153533E+00	9.31618960E-03	-1.11249322E-03
-5.93587151E-02	6.61398834E+00	9.31465987E-03	-1.12680457E-03
1.50266601E+00	5.97936686E+00	9.31313009E-03	-1.14111652E-03
2.74941736E+00	5.01574749E+00	9.31160023E-03	-1.15542915E-03
3.62354168E+00	3.83783864E+00	9.31007031E-03	-1.16974253E-03
4.10405470E+00	2.56619057E+00	9.30854030E-03	-1.18405673E-03
4.20515551E+00	1.31661567E+00	9.30701021E-03	-1.19837180E-03
3.97216096E+00	1.90680949E-01	9.30548002E-03	-1.21268782E-03
3.47504525E+00	-7.31989650E-01	9.30394972E-03	-1.22700486E-03
2.80024727E+00	-1.39904486E+00	9.30241932E-03	-1.24132298E-03
2.04152472E+00	-1.78802861E+00	9.30088880E-03	-1.25564225E-03
1.29068384E+00	-1.90619519E+00	9.29935816E-03	-1.26996274E-03
6.28993199E-01	-1.78765694E+00	9.29782738E-03	-1.28428452E-03
1.20003546E-01	-1.48822484E+00	9.29629647E-03	-1.29860765E-03
-1.95647844E-01	-1.07848683E+00	9.29476541E-03	-1.31293220E-03
-3.03058038E-01	-6.35802820E-01	9.29323420E-03	-1.32725824E-03
-2.13329688E-01	-2.35968599E-01	9.29170282E-03	-1.34158583E-03
3.86569814E-02	5.46899256E-02	9.29017128E-03	-1.35591505E-03
3.98705362E-01	1.86086682E-01	9.28863957E-03	-1.37024596E-03
7.99541808E-01	1.29417724E-01	9.28710767E-03	-1.38457863E-03
1.16823121E+00	-1.19954017E-01	9.28557558E-03	-1.39891313E-03
1.43407336E+00	-5.42005850E-01	9.28404330E-03	-1.41324952E-03
1.53625154E+00	-1.09397601E+00	9.28251081E-03	-1.42758788E-03
1.43053373E+00	-1.71450781E+00	9.28097811E-03	-1.44192827E-03
1.09441514E+00	-2.32963375E+00	9.27944519E-03	-1.45627076E-03
5.30229929E-01	-2.86005661E+00	9.27791205E-03	-1.47061541E-03
-2.34061673E-01	-3.22907261E+00	9.27637868E-03	-1.48496230E-03
-1.14650202E+00	-3.37042522E+00	9.27484506E-03	-1.49931149E-03
-2.13506228E+00	-3.23538217E+00	9.27331120E-03	-1.51366305E-03
-3.11354838E+00	-2.79839221E+00	9.27177708E-03	-1.52801706E-03
-3.98899634E+00	-2.06079528E+00	9.27024270E-03	-1.54237357E-03
-4.66993406E+00	-1.05222268E+00	9.26870805E-03	-1.55673265E-03
-5.07480660E+00	1.70483784E-01	9.26717312E-03	-1.57109438E-03
-5.13983895E+00	1.52679595E+00	9.26563791E-03	-1.58545882E-03
-4.82564839E+00	2.91822272E+00	9.26410241E-03	-1.59982605E-03
-4.12201259E+00	4.23580092E+00	9.26256661E-03	-1.61419612E-03
-3.05034405E+00	5.36876764E+00	9.26103051E-03	-1.62856911E-03
-1.66360370E+00	6.21372089E+00	9.25949409E-03	-1.64294509E-03
-4.35919807E-02	6.68352296E+00	9.25795735E-03	-1.65732412E-03
1.70423099E+00	6.71520879E+00	9.25642028E-03	-1.67170628E-03
3.45804160E+00	6.27622870E+00	9.25488288E-03	-1.68609163E-03
5.08853358E+00	5.36847667E+00	9.25334514E-03	-1.70048023E-03
6.46871512E+00	4.02972212E+00	9.25180704E-03	-1.71487217E-03
7.48386813E+00	2.33226274E+00	9.25026859E-03	-1.72926751E-03
8.04088889E+00	3.78831936E-01	9.24872977E-03	-1.74366632E-03
8.07626316E+00	-1.70398920E+00	9.24719058E-03	-1.75806866E-03
7.56202171E+00	-3.77440589E+00	9.24565102E-03	-1.77247461E-03
6.50916713E+00	-5.68547324E+00	9.24411106E-03	-1.78688424E-03
4.96824899E+00	-7.29585156E+00	9.24257071E-03	-1.80129761E-03
3.02697765E+00	-8.48044948E+00	9.24102996E-03	-1.81571480E-03
8.04991320E-01	-9.14014599E+00	9.23948880E-03	-1.83013586E-03
-1.55389065E+00	-9.20983893E+00	9.23794723E-03	-1.84456088E-03
-3.89140000E+00	-8.66418200E+00	9.23640523E-03	-1.85898993E-03
-6.04585133E+00	-7.52053635E+00	9.23486280E-03	-1.87342306E-03
-7.86367991E+00	-5.83886458E+00	9.23331993E-03	-1.88786036E-03
-9.21064276E+00	-3.71851880E+00	9.23177661E-03	-1.90230189E-03
-9.98185378E+00	-1.29210468E+00	9.23023284E-03	-1.91674772E-03
-1.01098990E+01	1.28317807E+00	9.22868861E-03	-1.93119792E-03
-9.57041001E+00	3.83612734E+00	9.22714392E-03	-1.94565256E-03
-8.38465299E+00	6.19332234E+00	9.22559874E-03	-1.96011172E-03
-6.61890382E+00	8.19126359E+00	9.22405308E-03	-1.97457545E-03
-4.38061172E+00	9.68799904E+00	9.22250693E-03	-1.98904384E-03
-1.81158707E+00	1.05733945E+01	9.22096028E-03	-2.00351695E-03
9.21333483E-01	1.07772976E+01	9.21941313E-03	-2.01799486E-03
3.63750546E+00	1.02749896E+01	9.21786546E-03	-2.03247762E-03
6.15479905E+00	9.08950943E+00	9.21631727E-03	-2.04696533E-03
8.30216139E+00	7.29065811E+00	9.21476856E-03	-2.06145803E-03
9.93153163E+00	4.99072364E+00	9.21321930E-03	-2.07595581E-03
1.09282630E+01	2.33720525E+00	9.21166950E-03	-2.09045874E-03
1.12193076E+01	-4.96972327E-01	9.21011916E-03	-2.10496689E-03
1.07785765E+01	-3.32508221E+00	9.20856825E-03	-2.11948032E-03
9.62908292E+00	-5.95925167E+00	9.20701677E-03	-2.13399912E-03
7.84170595E+00	-8.22327142E+00	9.20546472E-03	-2.14852335E-03
5.53064664E+00	-9.96466474E+00	9.20391209E-03	-2.16305308E-03
2.84588337E+00	-1.10651741E+01	9.20235887E-03	-2.17758838E-03
-3.68567731E-02	-1.14489332E+01	9.20080505E-03	-2.19212933E-03
-2.92791924E+00	-1.10877529E+01	9.19925063E-03	-2.20667600E-03
-5.63651951E+00	-1.00031543E+01	9.19769560E-03	-2.22122846E-03
-7.98363287E+00	-8.26500575E+00	9.19613994E-03	-2.23578678E-03
-9.81408766E+00	-5.98685981E+00	9.19458366E-03	-2.25035104E-03
-1.10070299E+01	-3.31831560E+00	9.19302674E-03	-2.26492130E-03
-1.14840433E+01	-4.34935318E-01	9.19146918E-03	-2.27949764E-03
-1.12143723E+01	2.47358617E+00	9.18991096E-03	-2.29408013E-03
-1.02168997E+01	5.21618319E+00	9.18835209E-03	-2.30866884E-03
-8.55875501E+00	7.61323579E+00	9.18679255E-03	-2.32326385E-03
-6.35066326E+00	9.50856500E+00	9.18523234E-03	-2.33786523E-03
-3.73936748E+00	1.07797925E+01	9.18367144E-03	-2.35247305E-03
-8.97657360E-01	1.13463680E+01	9.18210986E-03	-2.36708739E-03
1.98730281E+00	1.11747316E+01	9.18054758E-03	-2.38170831E-03
4.72654233E+00	1.02802811E+01	9.17898459E-03	-2.39633590E-03
7.14188893E+00	8.72603200E+00	9.17742089E-03	-2.41097022E-03
9.07775544E+00	6.61808860E+00	9.17585646E-03	-2.42561135E-03
1.04113173E+01	4.09825882E+00	9.17429131E-03	-2.44025936E-03
1.10604070E+01	1.33433813E+00	9.17272542E-03	-2.45491433E-03
1.09886139E+01	-1.49125914E+00	9.17115879E-03	-2.46957633E-03
1.02072740E+01	-4.19373730E+00	9.16959140E-03	-2.48424543E-03
8.77424734E+00	-6.59819183E+00	9.16802325E-03	-2.49892171E-03
6.78960233E+00	-8.55109021E+00	9.16645433E-03	-2.51360525E-03
4.38853253E+00	-9.93019850E+00	9.16488464E-03	-2.52829611E-03
1.73201527E+00	-1.06523054E+01	9.16331416E-03	-2.54299438E-03
-1.00413239E+00	-1.06782535E+01	9.16174289E-03	-2.55770012E-03
-3.64104565E+00	-1.00149759E+01	9.16017082E-03	-2.57241342E-03
-6.00865085E+00	-8.71444235E+00	9.15859794E-03	-2.58713434E-03
-7.95675854E+00	-6.86962919E+00	9.15702425E-03	-2.60186296E-03
-9.36468027E+00	-4.60782539E+00	9.15544972E-03	-2.61659936E-03
-1.01487492E+01	-2.08176205E+00	9.15387437E-03	-2.63134362E-03
-1.02672752E+01	5.40809704E-01	9.15229818E-03	-2.64609580E-03
-9.72264581E+00	3.08837311E+00	9.15072113E-03	-2.66085599E-03
-8.56047854E+00	5.39696984E+00	9.14914323E-03	-2.67562427E-03
-6.86593173E+00	7.32083940E+00	9.14756446E-03	-2.69040070E-03
-4.75746702E+00	8.74167876E+00	9.14598483E-03	-2.70518536E-03
-2.37852263E+00	9.57593211E+00	9.14440430E-03	-2.71997833E-03
1.12312864E-01	9.77966256E+00	9.14282289E-03	-2.73477969E-03
2.55194768E+00	9.35072785E+00	9.14124058E-03	-2.74958952E-03
4.78353498E+00	8.32816644E+00	9.13965737E-03	-2.76440788E-03
6.66660933E+00	6.78888831E+00	9.13807324E-03	-2.77923486E-03
8.08595384E+00	4.84194142E+00	9.13648819E-03	-2.79407054E-03
8.95863833E+00	2.62078066E+00	9.13490221E-03	-2.80891500E-03
9.23880119E+00	2.74089222E-01	9.13331528E-03	-2.82376830E-03
8.91990681E+00	-2.04421328E+00	9.13172742E-03	-2.83863053E-03
8.03438259E+00	-4.18510138E+00	9.13013859E-03	-2.85350177E-03
6.65071514E+00	-6.01404429E+00	9.12854880E-03	-2.86838209E-03
4.86825114E+00	-7.41945739E+00	9.12695804E-03	-2.88327158E-03
2.81009403E+00	-8.31947524E+00	9.12536630E-03	-2.89817031E-03
6.14604319E-01	-8.66663951E+00	9.12377356E-03	-2.91307836E-03
-1.57390880E+00	-8.45024171E+00	9.12217983E-03	-2.92799581E-03
-3.61467726E+00	-7.69622065E+00	9.12058510E-03	-2.94292274E-03
-5.37952126E+00	-6.46467757E+00	9.11898935E-03	-2.95785923E-03
-6.76087338E+00	-4.84522638E+00	9.11739257E-03	-2.97280535E-03
-7.67828062E+00	-2.95053312E+00	9.11579477E-03	-2.98776120E-03
-8.08299688E+00	-9.08508098E-01	9.11419592E-03	-3.00272684E-03
-7.96041269E+00	1.14630883E+00	9.11259603E-03	-3.01770236E-03
-7.33021648E+00	3.08159063E+00	9.11099508E-03	-3.03268783E-03
-6.24433205E+00	4.77571338E+00	9.10939306E-03	-3.04768335E-03
-4.78282052E+00	6.12535259E+00	9.10778996E-03	-3.06268899E-03
-3.04806230E+00	7.05171531E+00	9.10618579E-03	-3.07770482E-03
-1.15763849E+00	7.50503877E+00	9.10458052E-03	-3.09273094E-03
7.63595865E-01	7.46710788E+00	9.10297415E-03	-3.10776742E-03
2.59171446E+00	6.95167894E+00	9.10136668E-03	-3.12281435E-03
4.21166237E+00	6.00283479E+00	9.09975808E-03	-3.13787180E-03
5.52443365E+00	4.69142995E+00	9.09814836E-03	-3.15293986E-03
6.45304128E+00	3.10990286E+00	9.09653750E-03	-3.16801861E-03
6.94692668E+00	1.36583042E+00	9.09492550E-03	-3.18310814E-03
6.98456551E+00	-4.25329387E-01	9.09331235E-03	-3.19820852E-03
6.57414873E+00	-2.14782054E+00	9.09169803E-03	-3.21331983E-03
5.75234464E+00	-3.69300369E+00	9.09008254E-03	-3.22844218E-03
4.58127044E+00	-4.96613246E+00	9.08846588E-03	-3.24357562E-03
3.14391240E+00	-5.89207466E+00	9.08684802E-03	-3.25872025E-03
1.53832697E+00	-6.41964036E+00	9.08522897E-03	-3.27387616E-03
-1.28976339E-01	-6.52427637E+00	9.08360871E-03	-3.28904342E-03
-1.75002826E+00	-6.20899744E+00	9.08198723E-03	-3.30422213E-03
-3.22231455E+00	-5.50353967E+00	9.08036454E-03	-3.31941235E-03
-4.45517524E+00	-4.46183516E+00	9.07874060E-03	-3.33461419E-03
-5.37529510E+00	-3.15801052E+00	9.07711543E-03	-3.34982773E-03
-5.93096024E+00	-1.68120002E+00	9.07548900E-03	-3.36505304E-03
-6.09484230E+00	-1.29531489E-01	9.07386131E-03	-3.38029022E-03
-5.86517058E+00	1.39631416E+00	9.07223236E-03	-3.39553935E-03
-5.26525811E+00	2.79955237E+00	9.07060212E-03	-3.41080051E-03
-4.34145176E+00	3.99334609E+00	9.06897060E-03	-3.42607380E-03
-3.15967403E+00	4.90608688E+00	9.06733777E-03	-3.44135930E-03
-1.80080811E+00	5.48559201E+00	9.06570364E-03	-3.45665710E-03
-3.55244371E-01	5.70197923E+00	9.06406820E-03	-3.47196728E-03
1.08304951E+00	5.54906997E+00	9.06243143E-03	-3.48728993E-03
2.42255102E+00	5.04426693E+00	9.06079333E-03	-3.50262513E-03
3.57991820E+00	4.22694917E+00	9.05915388E-03	-3.51797299E-03
4.48508478E+00	3.15551878E+00	9.05751308E-03	-3.53333357E-03
5.08541058E+00	1.90331445E+00	9.05587091E-03	-3.54870698E-03
5.34864814E+00	5.53672669E-01	9.05422737E-03	-3.56409330E-03
5.26456588E+00	-8.05536169E-01	9.05258246E-03	-3.57949262E-03
4.84515519E+00	-2.08754407E+00	9.05093615E-03	-3.59490503E-03
4.12343813E+00	-3.21213856E+00	9.04928844E-03	-3.61033061E-03
3.15097905E+00	-4.11059618E+00	9.04763932E-03	-3.62576946E-03
1.99428162E+00	-4.72979904E+00	9.04598878E-03	-3.64122167E-03
7.30317856E-01	-5.03529407E+00	9.04433681E-03	-3.65668733E-03
-5.58515393E-01	-5.01312475E+00	9.04268340E-03	-3.67216652E-03
-1.78968739E+00	-4.67034462E+00	9.04102854E-03	-3.68765934E-03
-2.88573790E+00	-4.03420478E+00	9.03937223E-03	-3.70316588E-03
-3.77907252E+00	-3.15009018E+00	9.03771444E-03	-3.71868624E-03
-4.41605770E+00	-2.07835508E+00	9.03605518E-03	-3.73422049E-03
-4.76017244E+00	-8.90273494E-01	9.03439443E-03	-3.74976874E-03
-4.79403652E+00	3.36628384E-01	9.03273218E-03	-3.76533108E-03
-4.52020696E+00	1.52355736E+00	9.03106843E-03	-3.78090759E-03
-3.96071273E+00	2.59544061E+00	9.02940316E-03	-3.79649838E-03
-3.15537603E+00	3.48560476E+00	9.02773636E-03	-3.81210353E-03
-2.15904247E+00	4.13985974E+00	9.02606802E-03	-3.82772314E-03
-1.03790861E+00	4.51974169E+00	9.02439814E-03	-3.84335730E-03
1.34811933E-01	4.60472445E+00	9.02272670E-03	-3.85900611E-03
1.28360451E+00	4.39327562E+00	9.02105369E-03	-3.87466966E-03
2.33545273E+00	3.90270634E+00	9.01937911E-03	-3.89034805E-03
3.22442016E+00	3.16783929E+00	9.01770294E-03	-3.90604136E-03
3.89573120E+00	2.23859241E+00	9.01602516E-03	-3.92174970E-03
4.30910175E+00	1.17664192E+00	9.01434579E-03	-3.93747317E-03
4.44111986E+00	5.13837127E-02	9.01266479E-03	-3.95321185E-03
4.28653781E+00	-1.06454647E+00	9.01098217E-03	-3.96896584E-03
3.85840569E+00	-2.09990902E+00	9.00929790E-03	-3.98473524E-03
3.18705008E+00	-2.98936021E+00	9.00761199E-03	-4.00052015E-03
2.31797281E+00	-3.67753478E+00	9.00592442E-03	-4.01632067E-03
1.30881189E+00	-4.12245878E+00	9.00423518E-03	-4.03213688E-03
2.25564053E-01	-4.29808398E+00	9.00254426E-03	-4.04796890E-03
-8.61686959E-01	-4.19579201E+00	9.00085165E-03	-4.06381681E-03
-1.88326322E+00	-3.82478189E+00	8.99915733E-03	-4.07968073E-03
-2.77432137E+00	-3.21132537E+00	8.99746131E-03	-4.09556073E-03
-3.47893809E+00	-2.39694590E+00	8.99576356E-03	-4.11145694E-03
-3.95359670E+00	-1.43564415E+00	8.99406408E-03	-4.12736943E-03
-4.16985838E+00	-3.90352616E-01	8.99236286E-03	-4.14329833E-03
-4.11605443E+00	6.71150832E-01	8.99065988E-03	-4.15924372E-03
-3.79789879E+00	1.68060760E+00	8.98895514E-03	-4.17520570E-03
-3.23798889E+00	2.57364223E+00	8.98724862E-03	-4.19118439E-03
-2.47423352E+00	3.29384802E+00	8.98554031E-03	-4.20717987E-03
-1.55731440E+00	3.79633607E+00	8.98383021E-03	-4.22319225E-03
-5.47348952E-01	4.05052471E+00	8.98211830E-03	-4.23922164E-03
4.90028121E-01	4.04199579E+00	8.98040457E-03	-4.25526814E-03
1.48791087E+00	3.77330470E+00	8.97868901E-03	-4.27133184E-03
2.38242235E+00	3.26369799E+00	8.97697160E-03	-4.28741285E-03
3.11679354E+00	2.54776291E+00	8.97525235E-03	-4.30351129E-03
3.64496065E+00	1.67310112E+00	8.97353123E-03	-4.31962724E-03
3.93445275E+00	6.97181253E-01	8.97180824E-03	-4.33576082E-03
3.96838793E+00	-3.16423280E-01	8.97008336E-03	-4.35191213E-03
3.74645459E+00	-1.30216586E+00	8.96835658E-03	-4.36808127E-03
3.28482016E+00	-2.19675984E+00	8.96662790E-03	-4.38426836E-03
2.61497873E+00	-2.94324008E+00	8.96489729E-03	-4.40047349E-03
1.78161800E+00	-3.49459185E+00	8.96316476E-03	-4.41669678E-03
8.39648242E-01	-3.81671521E+00	8.96143028E-03	-4.43293833E-03
-1.49409937E-01	-3.89053725E+00	8.95969385E-03	-4.44919824E-03
-1.12144193E+00	-3.71314015E+00	8.95795545E-03	-4.46547664E-03
-2.01389745E+00	-3.29783793E+00	8.95621508E-03	-4.48177362E-03
-2.76982068E+00	-2.67320291E+00	8.95447271E-03	-4.49808929E-03
-3.34149189E+00	-1.88111123E+00	8.95272835E-03	-4.51442377E-03
-3.69344664E+00	-9.73940117E-01	8.95098198E-03	-4.53077715E-03
-3.80468067E+00	-1.11040172E-02	8.94923358E-03	-4.54714956E-03
-3.66990232E+00	9.44841261E-01	8.94748315E-03	-4.56354111E-03
-3.29975750E+00	1.83227052E+00	8.94573066E-03	-4.57995189E-03
-2.72001926E+00	2.59447139E+00	8.94397613E-03	-4.59638204E-03
-1.96980199E+00	3.18327839E+00	8.94221952E-03	-4.61283164E-03
-1.09892320E+00	3.56212500E+00	8.94046082E-03	-4.62930083E-03
-1.64590800E-01	3.70831912E+00	8.93870003E-03	-4.64578971E-03
7.72363365E-01	3.61439980E+00	8.93693714E-03	-4.66229839E-03
1.65145490E+00	3.28849381E+00	8.93517213E-03	-4.67882699E-03
2.41646297E+00	2.75365679E+00	8.93340498E-03	-4.69537562E-03
3.01903627E+00	2.04625017E+00	8.93163569E-03	-4.71194440E-03
3.42175666E+00	1.21346785E+00	8.92986425E-03	-4.72853344E-03
3.60046537E+00	3.10180886E-01	8.92809064E-03	-4.74514286E-03
3.54570680E+00	-6.04687865E-01	8.92631485E-03	-4.76177277E-03
3.26320384E+00	-1.47201873E+00	8.92453686E-03	-4.77842329E-03
2.77334293E+00	-2.23632645E+00	8.92275667E-03	-4.79509454E-03
2.10971181E+00	-2.84931834E+00	8.92097426E-03	-4.81178663E-03
1.31679477E+00	-3.27295019E+00	8.91918963E-03	-4.82849968E-03
4.46983924E-01	-3.48178613E+00	8.91740275E-03	-4.84523381E-03
-4.42891761E-01	-3.46451607E+00	8.91561361E-03	-4.86198914E-03
-1.29528860E+00	-3.22454098E+00	8.91382221E-03	-4.87876579E-03
-2.05567672E+00	-2.77959811E+00	8.91202853E-03	-4.89556387E-03
-2.67603248E+00	-2.16046139E+00	8.91023255E-03	-4.91238351E-03
-3.11787056E+00	-1.40881199E+00	8.90843426E-03	-4.92922483E-03
-3.35462438E+00	-5.74427050E-01	8.90663366E-03	-4.94608796E-03
-3.37322806E+00	2.88122825E-01	8.90483072E-03	-4.96297300E-03
-3.17480723E+00	1.12304724E+00	8.90302544E-03	-4.97988009E-03
-2.77444511E+00	1.87694595E+00	8.90121780E-03	-4.99680934E-03
-2.20005065E+00	2.50222108E+00	8.89940779E-03	-5.01376089E-03
-1.49041355E+00	2.96007354E+00	8.89759539E-03	-5.03073485E-03
-6.92582484E-01	3.22289569E+00	8.89578060E-03	-5.04773135E-03
1.41255334E-01	3.27591396E+00	8.89396339E-03	-5.06475052E-03
9.57185584E-01	3.11798586E+00	8.89214376E-03	-5.08179247E-03
1.70304573E+00	2.76151165E+00	8.89032169E-03	-5.09885734E-03
2.33174703E+00	2.23147878E+00	8.88849717E-03	-5.11594526E-03
2.80422879E+00	1.56371243E+00	8.88667018E-03	-5.13305635E-03
3.09186101E+00	8.02455639E-01	8.88484072E-03	-5.15019073E-03
3.17814958E+00	-2.55687029E-03	8.88300876E-03	-5.16734854E-03
3.05964547E+00	-7.99337039E-01	8.88117429E-03	-5.18452991E-03
2.74601146E+00	-1.53698327E+00	8.87933731E-03	-5.20173496E-03
2.25925441E+00	-2.16890790E+00	8.87749779E-03	-5.21896383E-03
1.63218401E+00	-2.65574926E+00	8.87565572E-03	-5.23621664E-03
9.06206853E-01	-2.96778862E+00	8.87381109E-03	-5.25349354E-03
1.28604716E-01	-3.08672654E+00	8.87196389E-03	-5.27079464E-03
-6.50523789E-01	-3.00671605E+00	8.87011409E-03	-5.28812008E-03
-1.38146126E+00	-2.73459837E+00	8.86826169E-03	-5.30547000E-03
-2.01800661E+00	-2.28933783E+00	8.86640667E-03	-5.32284453E-03
-2.52035210E+00	-1.70070263E+00	8.86454902E-03	-5.34024380E-03
-2.85752636E+00	-1.00728419E+00	8.86268873E-03	-5.35766796E-03
-3.00925739E+00	-2.53987447E-01	8.86082576E-03	-5.37511712E-03
-2.96714763E+00	5.10845173E-01	8.85896013E-03	-5.39259144E-03
-2.73509751E+00	1.23849335E+00	8.85709180E-03	-5.41009104E-03
-2.32896072E+00	1.88291092E+00	8.85522077E-03	-5.42761606E-03
-1.77546181E+00	2.40358279E+00	8.85334702E-03	-5.44516665E-03
-1.11045133E+00	2.76801354E+00	8.85147053E-03	-5.46274295E-03
-3.76612411E-01	2.95369989E+00	8.84959129E-03	-5.48034508E-03
3.79235259E-01	2.94947192E+00	8.84770929E-03	-5.49797319E-03
1.10906634E+00	2.75612789E+00	8.84582451E-03	-5.51562743E-03
1.76663554E+00	2.38633064E+00	8.84393693E-03	-5.53330792E-03
2.31033707E+00	1.86377797E+00	8.84204654E-03	-5.55101483E-03
2.70576647E+00	1.22170267E+00	8.84015333E-03	-5.56874828E-03
2.92783248E+00	5.00796851E-01	8.83825728E-03	-5.58650842E-03
2.96229490E+00	-2.53311553E-01	8.83635837E-03	-5.60429540E-03
2.80663900E+00	-9.92876880E-01	8.83445660E-03	-5.62210936E-03
2.47023668E+00	-1.67097903E+00	8.83255193E-03	-5.63995044E-03
1.97378651E+00	-2.24441611E+00	8.83064436E-03	-5.65781880E-03
1.34806683E+00	-2.67637441E+00	8.82873388E-03	-5.67571458E-03
6.32076158E-01	-2.93871691E+00	8.82682046E-03	-5.69363792E-03
-1.29329590E-01	-3.01375421E+00	8.82490409E-03	-5.71158898E-03
-8.88164354E-01	-2.89539138E+00	8.82298476E-03	-5.72956790E-03
-1.59624350E+00	-2.58958045E+00	8.82106245E-03	-5.74757483E-03
-2.20814733E+00	-2.11404788E+00	8.81913714E-03	-5.76560993E-03
-2.68404130E+00	-1.49730825E+00	8.81720881E-03	-5.78367334E-03
-2.99218489E+00	-7.77016571E-01	8.81527746E-03	-5.80176522E-03
-3.11097750E+00	2.24976709E-03	8.81334306E-03	-5.81988573E-03
-3.03041487E+00	7.91654334E-01	8.81140560E-03	-5.83803500E-03
-2.75286211E+00	1.54105816E+00	8.80946506E-03	-5.85621320E-03
-2.29308771E+00	2.20209797E+00	8.80752143E-03	-5.87442049E-03
-1.67754468E+00	2.73120495E+00	8.80557468E-03	-5.89265701E-03
-9.42928708E-01	3.09238319E+00	8.80362481E-03	-5.91092293E-03
-1.34085883E-01	3.25957734E+00	8.80167179E-03	-5.92921840E-03
6.98617912E-01	3.21847941E+00	8.79971561E-03	-5.94754359E-03
1.50231968E+00	2.96765419E+00	8.79775625E-03	-5.96589864E-03
2.22490107E+00	2.51889994E+00	8.79579370E-03	-5.98428372E-03
2.81825884E+00	1.89680392E+00	8.79382793E-03	-6.00269899E-03
3.24140659E+00	1.13749928E+00	8.79185894E-03	-6.02114461E-03
3.46321479E+00	2.86677389E-01	8.78988669E-03	-6.03962074E-03
3.46461184E+00	-6.03043874E-01	8.78791118E-03	-6.05812755E-03
3.24009584E+00	-1.47525345E+00	8.78593239E-03	-6.07666520E-03
2.79844344E+00	-2.27320462E+00	8.78395030E-03	-6.09523386E-03
2.16254720E+00	-2.94339348E+00	8.78196490E-03	-6.11383368E-03
1.36836363E+00	-3.43904082E+00	8.77997616E-03	-6.13246485E-03
4.63008196E-01	-3.72325777E+00	8.77798406E-03	-6.15112751E-03
-4.97912602E-01	-3.77168723E+00	8.77598860E-03	-6.16982185E-03
-1.45359119E+00	-3.57443754E+00	8.77398975E-03	-6.18854803E-03
-2.34174589E+00	-3.13716231E+00	8.77198749E-03	-6.20730621E-03
-3.10256549E+00	-2.48118775E+00	8.76998180E-03	-6.22609658E-03
-3.68262929E+00	-1.64264502E+00	8.76797268E-03	-6.24491931E-03
-4.03855302E+00	-6.70626260E-01	8.76596009E-03	-6.26377455E-03
-4.14011770E+00	3.75554285E-01	8.76394402E-03	-6.28266250E-03
-3.97266201E+00	1.42985252E+00	8.76192445E-03	-6.30158332E-03
-3.53855688E+00	2.42354436E+00	8.75990137E-03	-6.32053718E-03
-2.85763210E+00	3.28959371E+00	8.75787475E-03	-6.33952427E-03
-1.96648744E+00	3.96706872E+00	8.75584458E-03	-6.35854476E-03
-9.16689836E-01	4.40532194E+00	8.75381083E-03	-6.37759883E-03
2.28069459E-01	4.56765378E+00	8.75177349E-03	-6.39668666E-03
1.39571279E+00	4.43420055E+00	8.74973254E-03	-6.41580843E-03
2.51019983E+00	4.00382818E+00	8.74768796E-03	-6.43496432E-03
3.49637413E+00	3.29486896E+00	8.74563973E-03	-6.45415450E-03
4.28493081E+00	2.34460789E+00	8.74358783E-03	-6.47337917E-03
4.81718324E+00	1.20750366E+00	8.74153224E-03	-6.49263851E-03
5.04930666E+00	-4.77874313E-02	8.73947294E-03	-6.51193270E-03
4.95575789E+00	-1.34243466E+00	8.73740991E-03	-6.53126193E-03
4.53161310E+00	-2.59227703E+00	8.73534314E-03	-6.55062638E-03
3.79362660E+00	-3.71319891E+00	8.73327259E-03	-6.57002624E-03
2.77989136E+00	-4.62670021E+00	8.73119826E-03	-6.58946171E-03
1.54807036E+00	-5.26529789E+00	8.72912012E-03	-6.60893297E-03
1.72262472E-01	-5.57739212E+00	8.72703814E-03	-6.62844021E-03
-1.26133967E+00	-5.53125212E+00	8.72495232E-03	-6.64798362E-03
-2.65975463E+00	-5.11782200E+00	8.72286263E-03	-6.66756340E-03
-3.92916088E+00	-4.35211471E+00	8.72076905E-03	-6.68717974E-03
-4.98111416E+00	-3.27304852E+00	8.71867156E-03	-6.70683284E-03
-5.73862628E+00	-1.94167960E+00	8.71657013E-03	-6.72652288E-03
-6.14169172E+00	-4.37890987E-01	8.71446475E-03	-6.74625008E-03
-6.15187049E+00	1.14429503E+00	8.71235540E-03	-6.76601463E-03
-5.75558488E+00	2.70251505E+00	8.71024205E-03	-6.78581672E-03
-4.96586229E+00	4.13262186E+00	8.70812469E-03	-6.80565656E-03
-3.82235200E+00	5.33558545E+00	8.70600328E-03	-6.82553436E-03
-2.38955467E+00	6.22428394E+00	8.70387782E-03	-6.84545030E-03
-7.53322490E-01	6.72972206E+00	8.70174827E-03	-6.86540460E-03
9.84192321E-01	6.80623739E+00	8.69961462E-03	-6.88539746E-03
2.71085159E+00	6.43530825E+00	8.69747685E-03	-6.90542909E-03
4.31172256E+00	5.62765884E+00	8.69533492E-03	-6.92549970E-03
5.67668883E+00	4.42346331E+00	8.69318883E-03	-6.94560949E-03
6.70797893E+00	2.89057272E+00	8.69103855E-03	-6.96575867E-03
7.32709995E+00	1.12082166E+00	8.68888405E-03	-6.98594746E-03
7.48068738E+00	-7.75396184E-01	8.68672531E-03	-7.00617606E-03
7.14484043E+00	-2.67597008E+00	8.68456232E-03	-7.02644470E-03
6.32760211E+00	-4.45491162E+00	8.68239504E-03	-7.04675358E-03
5.06935913E+00	-5.99069011E+00	8.68022345E-03	-7.06710292E-03
3.44107185E+00	-7.17451323E+00	8.67804754E-03	-7.08749294E-03
1.54039005E+00	-7.91798938E+00	8.67586727E-03	-7.10792386E-03
-5.14143615E-01	-8.15963346E+00	8.67368263E-03	-7.12839589E-03
-2.59046411E+00	-7.86974091E+00	8.67149359E-03	-7.14890926E-03
-4.55147251E+00	-7.05325297E+00	8.66930013E-03	-7.16946419E-03
-6.26409742E+00	-5.75036218E+00	8.66710223E-03	-7.19006091E-03
-7.60832947E+00	-4.03475494E+00	8.66489985E-03	-7.21069963E-03
-8.48561460E+00	-2.00954656E+00	8.66269298E-03	-7.23138058E-03
-8.82601892E+00	1.98876604E-01	8.66048158E-03	-7.25210399E-03
-8.59364617E+00	2.44874433E+00	8.65826565E-03	-7.27287010E-03
-7.78989487E+00	4.59202783E+00	8.65604515E-03	-7.29367913E-03
-6.45427921E+00	6.48421448E+00	8.65382006E-03	-7.31453130E-03
-4.66269745E+00	7.99408412E+00	8.65159035E-03	-7.33542686E-03
-2.52320313E+00	9.01282288E+00	8.64935600E-03	-7.35636604E-03
-1.69506672E-01	9.46183950E+00	8.64711698E-03	-7.37734908E-03
2.24740458E+00	9.29872280E+00	8.64487327E-03	-7.39837620E-03
4.56900195E+00	8.52089282E+00	8.64262485E-03	-7.41944766E-03
6.63967602E+00	7.16664567E+00	8.64037168E-03	-7.44056368E-03
8.31722789E+00	5.31346336E+00	8.63811374E-03	-7.46172452E-03
9.48267920E+00	3.07364433E+00	8.63585101E-03	-7.48293041E-03
1.00487205E+01	5.87494561E-01	8.63358346E-03	-7.50418160E-03
9.96619584E+00	-1.98550902E+00	8.63131107E-03	-7.52547833E-03
9.22814408E+00	-4.47702400E+00	8.62903380E-03	-7.54682085E-03
7.87107348E+00	-6.72094621E+00	8.62675163E-03	-7.56820941E-03
5.97333018E+00	-8.56457363E+00	8.62446453E-03	-7.58964426E-03
3.65061614E+00	-9.87907380E+00	8.62217249E-03	-7.61112565E-03
1.04890838E+00	-1.05685316E+01	8.61987546E-03	-7.63265384E-03
-1.66478672E+00	-1.05769378E+01	8.61757343E-03	-7.65422907E-03
-4.31325443E+00	-9.89260913E+00	8.61526637E-03	-7.67585161E-03
-6.72076084E+00	-8.54969476E+00	8.61295424E-03	-7.69752172E-03
-8.72483148E+00	-6.62662054E+00	8.61063702E-03	-7.71923965E-03
-1.01873221E+01	-4.24152632E+00	8.60831469E-03	-7.74100566E-03
-1.10040197E+01	-1.54495933E+00	8.60598722E-03	-7.76282002E-03
-1.11121004E+01	1.28972250E+00	8.60365457E-03	-7.78468298E-03
-1.04949081E+01	4.07762004E+00	8.60131672E-03	-7.80659483E-03
-9.18369019E+00	6.63449505E+00	8.59897364E-03	-7.82855582E-03
-7.25613324E+00	8.78909039E+00	8.59662531E-03	-7.85056622E-03
-4.83175400E+00	1.03947349E+01	8.59427169E-03	-7.87262631E-03
-2.06441901E+00	1.13394375E+01	8.59191275E-03	-7.89473636E-03
8.67535896E-01	1.15537678E+01	8.58954847E-03	-7.91689664E-03
3.77294454E+00	1.10159633E+01	8.58717881E-03	-7.93910742E-03
6.46043939E+00	9.75388605E+00	8.58480375E-03	-7.96136900E-03
8.75122553E+00	7.84366212E+00	8.58242325E-03	-7.98368163E-03
1.04911358E+01	5.40506184E+00	8.58003730E-03	-8.00604562E-03
1.15611436E+01	2.59390188E+00	8.57764585E-03	-8.02846123E-03
1.18856068E+01	-4.08044122E-01	8.57524887E-03	-8.05092876E-03
1.14376650E+01	-3.40496491E+00	8.57284635E-03	-8.07344849E-03
1.02413994E+01	-6.19996919E+00	8.57043823E-03	-8.09602071E-03
8.37058578E+00	-8.60821201E+00	8.56802450E-03	-8.11864570E-03
5.94409839E+00	-1.04693024E+01	8.56560513E-03	-8.14132378E-03
3.11825322E+00	-1.16581473E+01	8.56318008E-03	-8.16405521E-03
7.65904429E-02	-1.20934873E+01	8.56074931E-03	-8.18684032E-03
-2.98222794E+00	-1.17435332E+01	8.55831281E-03	-8.20967938E-03
-5.85759561E+00	-1.06283060E+01	8.55587053E-03	-8.23257270E-03
-8.36032758E+00	-8.81850619E+00	8.55342245E-03	-8.25552058E-03
-1.03253100E+01	-6.43097313E+00	8.55096853E-03	-8.27852333E-03
-1.16225749E+01	-3.62103008E+00	8.54850874E-03	-8.30158126E-03
-1.21660446E+01	-5.72221859E-01	8.54604305E-03	-8.32469466E-03
-1.19193472E+01	2.51586675E+00	8.54357142E-03	-8.34786385E-03
-1.08983036E+01	5.44089159E+00	8.54109382E-03	-8.37108914E-03
-9.16990986E+00	8.01123119E+00	8.53861022E-03	-8.39437084E-03
-6.84788137E+00	1.00587576E+01	8.53612059E-03	-8.41770928E-03
-4.08505733E+00	1.14500307E+01	8.53362489E-03	-8.44110476E-03
-1.06317924E+00	1.20951566E+01	8.53112308E-03	-8.46455761E-03
2.01926282E+00	1.19537129E+01	8.52861513E-03	-8.48806816E-03
4.96029129E+00	1.10373387E+01	8.52610102E-03	-8.51163671E-03
7.56790929E+00	9.40882230E+00	8.52358069E-03	-8.53526361E-03
9.67286294E+00	7.17775206E+00	8.52105413E-03	-8.55894918E-03
1.11398342E+01	4.49303575E+00	8.51852128E-03	-8.58269375E-03
1.18763107E+01	1.53280433E+00	8.51598213E-03	-8.60649765E-03
1.18385385E+01	-1.50760577E+00	8.51343663E-03	-8.63036122E-03
1.10341677E+01	-4.42876868E+00	8.51088474E-03	-8.65428480E-03
9.52142489E+00	-7.04048859E+00	8.50832643E-03	-8.67826872E-03
7.40488890E+00	-9.17441762E+00	8.50576167E-03	-8.70231333E-03
4.82817505E+00	-1.06951199E+01	8.50319042E-03	-8.72641897E-03
1.96404489E+00	-1.15088400E+01	8.50061263E-03	-8.75058599E-03
-9.97368788E-01	-1.15693970E+01	8.49802828E-03	-8.77481473E-03
-3.86140745E+00	-1.08808247E+01	8.49543732E-03	-8.79910556E-03
-6.44192093E+00	-9.49660444E+00	8.49283972E-03	-8.82345882E-03
-8.57360202E+00	-7.51557450E+00	8.49023545E-03	-8.84787486E-03
-1.01227890E+01	-5.07482254E+00	8.48762445E-03	-8.87235406E-03
-1.09960161E+01	-2.34007696E+00	8.48500670E-03	-8.89689676E-03
-1.11457524E+01	5.05723265E-01	8.48238215E-03	-8.92150333E-03
-1.05729709E+01	3.27488085E+00	8.47975077E-03	-8.94617414E-03
-9.32640857E+00	5.78755361E+00	8.47711252E-03	-8.97090956E-03
-7.49860859E+00	7.88366654E+00	8.47446736E-03	-8.99570996E-03
-5.21905787E+00	9.43331842E+00	8.47181524E-03	-9.02057570E-03
-2.64492703E+00	1.03449926E+01	8.46915613E-03	-9.04550718E-03
4.99194684E-02	1.05710415E+01	8.46648999E-03	-9.07050475E-03
2.68686542E+00	1.01101111E+01	8.46381678E-03	-9.09556882E-03
5.09460471E+00	9.00638535E+00	8.46113645E-03	-9.12069976E-03
7.12049429E+00	7.34575515E+00	8.45844897E-03	-9.14589796E-03
8.64043122E+00	5.24922600E+00	8.45575430E-03	-9.17116380E-03
9.56660156E+00	2.86406505E+00	8.45305238E-03	-9.19649768E-03
9.85260692E+00	3.53337654E-01	8.45034319E-03	-9.22190000E-03
9.49566537E+00	-2.11541617E+00	8.44762667E-03	-9.24737115E-03
8.53579225E+00	-4.38156850E+00	8.44490279E-03	-9.27291154E-03
7.05207854E+00	-6.30206632E+00	8.44217150E-03	-9.29852156E-03
5.15638457E+00	-7.76064925E+00	8.43943277E-03	-9.32420163E-03
2.98494147E+00	-8.67501543E+00	8.43668653E-03	-9.34995215E-03
6.88488943E-01	-9.00148524E+00	8.43393276E-03	-9.37577353E-03
-1.57833245E+00	-8.73689678E+00	8.43117141E-03	-9.40166619E-03
-3.66757926E+00	-7.91766730E+00	8.42840244E-03	-9.42763055E-03
-5.44785569E+00	-6.61615560E+00	8.42562579E-03	-9.45366703E-03
-6.81274822E+00	-4.93464729E+00	8.42284142E-03	-9.47977605E-03
-7.68729160E+00	-2.99744543E+00	8.42004930E-03	-9.50595804E-03
-8.03206588E+00	-9.41671306E-01	8.41724936E-03	-9.53221343E-03
-7.84470198E+00	1.09254306E+00	8.41444158E-03	-9.55854265E-03
-7.15876324E+00	2.97176327E+00	8.41162589E-03	-9.58494614E-03
-6.04015812E+00	4.57817946E+00	8.40880226E-03	-9.61142434E-03
-4.58141145E+00	5.81714358E+00	8.40597063E-03	-9.63797769E-03
-2.89426630E+00	6.62282459E+00	8.40313097E-03	-9.66460665E-03
-1.10119538E+00	6.96163829E+00	8.40028321E-03	-9.69131164E-03
6.73537049E-01	6.83327820E+00	8.39742732E-03	-9.71809314E-03
2.31260741E+00	6.26935273E+00	8.39456325E-03	-9.74495159E-03
3.71353850E+00	5.32980708E+00	8.39169094E-03	-9.77188746E-03
4.79523638E+00	4.09746433E+00	8.38881035E-03	-9.79890120E-03
5.50273283E+00	2.67114738E+00	8.38592142E-03	-9.82599329E-03
5.80985271E+00	1.15793328E+00	8.38302412E-03	-9.85316419E-03
5.71968702E+00	-3.34862169E-01	8.38011838E-03	-9.88041438E-03
5.26291881E+00	-1.70737064E+00	8.37720416E-03	-9.90774433E-03
4.49420679E+00	-2.87397336E+00	8.37428140E-03	-9.93515452E-03
3.48697015E+00	-3.76874831E+00	8.37135006E-03	-9.96264543E-03
2.32702631E+00	-4.34920879E+00	8.36841008E-03	-9.99021756E-03
1.10560506E+00	-4.59812061E+00	8.36546142E-03	-1.00178714E-02
-8.77081246E-02	-4.52333770E+00	8.36250401E-03	-1.00456074E-02
-1.17155969E+00	-4.15574903E+00	8.35953780E-03	-1.00734261E-02
-2.07846123E+00	-3.54557169E+00	8.35656275E-03	-1.01013281E-02
-2.75907295E+00	-2.75734412E+00	8.35357880E-03	-1.01293137E-02
-3.18486012E+00	-1.86406290E+00	8.35058589E-03	-1.01573835E-02
-3.34898178E+00	-9.40958051E-01	8.34758397E-03	-1.01855381E-02
-3.26541456E+00	-5.94138936E-02	8.34457299E-03	-1.02137779E-02
-2.96645430E+00	7.18485742E-01	8.34155288E-03	-1.02421035E-02
-2.49886243E+00	1.34437466E+00	8.33852360E-03	-1.02705154E-02
-1.91902497E+00	1.78666683E+00	8.33548509E-03	-1.02990141E-02
-1.28755958E+00	2.03206683E+00	8.33243728E-03	-1.03276001E-02
-6.63838651E-01	2.08546298E+00	8.32938013E-03	-1.03562741E-02
-1.00889227E-01	1.96827245E+00	8.32631358E-03	-1.03850364E-02
3.58913308E-01	1.71543377E+00	8.32323756E-03	-1.04138878E-02
6.87017749E-01	1.37134911E+00	8.32015203E-03	-1.04428287E-02
8.70499276E-01	9.85159496E-01	8.31705691E-03	-1.04718597E-02
9.12375714E-01	6.05783443E-01	8.31395216E-03	-1.05009813E-02
8.30450728E-01	2.77160272E-01	8.31083771E-03	-1.05301941E-02
6.54822269E-01	3.41138980E-02	8.30771350E-03	-1.05594987E-02
4.24306833E-01	-1.00807585E-01	8.30457947E-03	-1.05888956E-02
1.82120013E-01	-1.19250255E-01	8.30143556E-03	-1.06183854E-02
-2.87857313E-02	-2.75751433E-02	8.29828170E-03	-1.06479688E-02
-1.70298961E-01	1.54051127E-01	8.29511785E-03	-1.06776462E-02
-2.13225714E-01	3.93903461E-01	8.29194392E-03	-1.07074184E-02
-1.40492733E-01	6.52074108E-01	8.28875987E-03	-1.07372858E-02
5.08176234E-02	8.84669331E-01	8.28556562E-03	-1.07672490E-02
3.48794082E-01	1.04844644E+00	8.28236112E-03	-1.07973088E-02
7.27459641E-01	1.10547009E+00	8.27914629E-03	-1.08274656E-02
1.14892077E+00	1.02736170E+00	8.27592107E-03	-1.08577201E-02
1.56673031E+00	7.98747019E-01	8.27268540E-03	-1.08880729E-02
1.93018331E+00	4.19571566E-01	8.26943922E-03	-1.09185247E-02
2.18917961E+00	-9.39528275E-02	8.26618244E-03	-1.09490761E-02
2.29923061E+00	-7.09892592E-01	8.26291501E-03	-1.09797276E-02
2.22616727E+00	-1.38262381E+00	8.25963686E-03	-1.10104800E-02
1.95012144E+00	-2.05621805E+00	8.25634792E-03	-1.10413339E-02
1.46840518E+00	-2.66893089E+00	8.25304812E-03	-1.10722899E-02
7.96996393E-01	-3.15844095E+00	8.24973740E-03	-1.11033487E-02
-2.95504466E-02	-3.46741392E+00	8.24641567E-03	-1.11345110E-02
-9.59822512E-01	-3.54892635E+00	8.24308288E-03	-1.11657773E-02
-1.92881477E+00	-3.37128185E+00	8.23973894E-03	-1.11971485E-02
-2.86253193E+00	-2.92178827E+00	8.23638380E-03	-1.12286251E-02
-3.68359672E+00	-2.20913683E+00	8.23301737E-03	-1.12602079E-02
-4.31744174E+00	-1.26412690E+00	8.22963958E-03	-1.12918975E-02
-4.69860036E+00	-1.38607175E-01	8.22625036E-03	-1.13236946E-02
-4.77658790E+00	1.09735611E+00	8.22284964E-03	-1.13555999E-02
-4.52088024E+00	2.35992999E+00	8.21943734E-03	-1.13876142E-02
-3.92455215E+00	3.55729558E+00	8.21601338E-03	-1.14197381E-02
-3.00622968E+00	4.59635458E+00	8.21257769E-03	-1.14519723E-02
-1.81013218E+00	5.38986967E+00	8.20913019E-03	-1.14843177E-02
-4.04122112E-01	5.86349665E+00	8.20567081E-03	-1.15167748E-02
1.12416629E+00	5.96215565E+00	8.20219946E-03	-1.15493445E-02
2.67289674E+00	5.65522205E+00	8.19871608E-03	-1.15820275E-02
4.13293775E+00	4.94009102E+00	8.19522057E-03	-1.16148245E-02
5.39563033E+00	3.84378020E+00	8.19171286E-03	-1.16477362E-02
6.36085916E+00	2.42237372E+00	8.18819287E-03	-1.16807635E-02
6.94482849E+00	7.58268879E-01	8.18466052E-03	-1.17139071E-02
7.08694740E+00	-1.04464829E+00	8.18111572E-03	-1.17471678E-02
6.75527740E+00	-2.86761239E+00	8.17755839E-03	-1.17805464E-02
5.95008621E+00	-4.58494386E+00	8.17398846E-03	-1.18140435E-02
4.70517916E+00	-6.07282673E+00	8.17040583E-03	-1.18476602E-02
3.08683510E+00	-7.21827906E+00	8.16681042E-03	-1.18813970E-02
1.19034581E+00	-7.92766366E+00	8.16320214E-03	-1.19152549E-02
-8.65664989E-01	-8.13410175E+00	8.15958092E-03	-1.19492347E-02
-2.94679917E+00	-7.80321517E+00	8.15594665E-03	-1.19833371E-02
-4.91182722E+00	-6.93672885E+00	8.15229926E-03	-1.20175630E-02
-6.62241154E+00	-5.57360921E+00	8.14863865E-03	-1.20519132E-02
-7.95293201E+00	-3.78858426E+00	8.14496474E-03	-1.20863887E-02
-8.79971088E+00	-1.68807750E+00	8.14127744E-03	-1.21209901E-02
-9.08895965E+00	5.96225081E-01	8.13757665E-03	-1.21557185E-02
-8.78284623E+00	2.91577934E+00	8.13386228E-03	-1.21905745E-02
-7.88320087E+00	5.11501210E+00	8.13013425E-03	-1.22255592E-02
-6.43253756E+00	7.04191366E+00	8.12639245E-03	-1.22606734E-02
-4.51225181E+00	8.55866262E+00	8.12263680E-03	-1.22959180E-02
-2.23805382E+00	9.55153327E+00	8.11886720E-03	-1.23312938E-02
2.47105988E-01	9.93937083E+00	8.11508354E-03	-1.23668018E-02
2.78217910E+00	9.68000583E+00	8.11128575E-03	-1.24024429E-02
5.19863320E+00	8.77411241E+00	8.10747371E-03	-1.24382181E-02
7.33182751E+00	7.26618532E+00	8.10364734E-03	-1.24741281E-02
9.03237055E+00	5.24250749E+00	8.09980653E-03	-1.25101740E-02
1.01766683E+01	2.82618884E+00	8.09595117E-03	-1.25463568E-02
1.06759131E+01	1.69564115E-01	8.09208118E-03	-1.25826773E-02
1.04828600E+01	-2.55557250E+00	8.08819645E-03	-1.26191365E-02
9.59587866E+00	-5.16925897E+00	8.08429687E-03	-1.26557354E-02
8.05995470E+00	-7.49542896E+00	8.08038235E-03	-1.26924750E-02
5.96451567E+00	-9.37392740E+00	8.07645277E-03	-1.27293562E-02
3.43818121E+00	-1.06716485E+01	8.07250803E-03	-1.27663801E-02
6.40748322E-01	-1.12920152E+01	8.06854803E-03	-1.28035477E-02
-2.24707981E+00	-1.11821226E+01	8.06457266E-03	-1.28408599E-02
-5.03554998E+00	-1.03370199E+01	8.06058181E-03	-1.28783178E-02
-7.53851012E+00	-8.80079610E+00	8.05657536E-03	-1.29159225E-02
-9.58600038E+00	-6.66435047E+00	8.05255322E-03	-1.29536749E-02
-1.10359222E+01	-4.05995640E+00	8.04851526E-03	-1.29915761E-02
-1.17839769E+01	-1.15294824E+00	8.04446138E-03	-1.30296273E-02
-1.17711745E+01	1.86893733E+00	8.04039146E-03	-1.30678293E-02
-1.09883719E+01	4.80786692E+00	8.03630538E-03	-1.31061835E-02
-9.47749908E+00	7.46904462E+00	8.03220304E-03	-1.31446907E-02
-7.32935262E+00	9.67379087E+00	8.02808431E-03	-1.31833522E-02
-4.67807154E+00	1.12716777E+01	8.02394908E-03	-1.32221690E-02
-1.69263673E+00	1.21508878E+01	8.01979722E-03	-1.32611423E-02
1.43405810E+00	1.22460788E+01	8.01562863E-03	-1.33002731E-02
4.49784631E+00	1.15431978E+01	8.01144316E-03	-1.33395628E-02
7.29679892E+00	1.00808950E+01	8.00724072E-03	-1.33790123E-02
9.64470051E+00	7.94841266E+00	8.00302116E-03	-1.34186228E-02
1.13835804E+01	5.28006502E+00	7.99878437E-03	-1.34583956E-02
1.23944479E+01	2.24665670E+00	7.99453021E-03	-1.34983319E-02
1.26054949E+01	-9.55603642E-01	7.99025857E-03	-1.35384327E-02
1.19971991E+01	-4.11796384E+00	7.98596931E-03	-1.35786994E-02
1.06039643E+01	-7.03290914E+00	7.98166231E-03	-1.36191331E-02
8.51216929E+00	-9.50794230E+00	7.97733743E-03	-1.36597351E-02
5.85473636E+00	-1.13784378E+01	7.97299454E-03	-1.37005067E-02
2.80256845E+00	-1.25187032E+01	7.96863352E-03	-1.37414490E-02
-4.46586343E-01	-1.28504978E+01	7.96425421E-03	-1.37825634E-02
-3.68110662E+00	-1.23484282E+01	7.95985649E-03	-1.38238511E-02
-6.68944450E+00	-1.10418471E+01	7.95544023E-03	-1.38653135E-02
-9.27411763E+00	-9.01311739E+00	7.95100527E-03	-1.39069518E-02
-1.12648113E+01	-6.39234615E+00	7.94655149E-03	-1.39487674E-02
-1.25297128E+01	-3.34893160E+00	7.94207874E-03	-1.39907615E-02
-1.29843172E+01	-8.04798279E-02	7.93758688E-03	-1.40329356E-02
-1.25971130E+01	3.20017435E+00	7.93307576E-03	-1.40752910E-02
-1.13917621E+01	6.27897972E+00	7.92854524E-03	-1.41178291E-02
-9.44562589E+00	8.95478202E+00	7.92399517E-03	-1.41605513E-02
-6.88473161E+00	1.10525983E+01	7.91942541E-03	-1.42034588E-02
-3.87551195E+00	1.24351686E+01	7.91483579E-03	-1.42465533E-02
-6.13866529E-01	1.30120153E+01	7.91022619E-03	-1.42898361E-02
2.68772727E+00	1.27454092E+01	7.90559643E-03	-1.43333086E-02
5.81419708E+00	1.16528461E+01	7.90094636E-03	-1.43769723E-02
8.56202259E+00	9.80587219E+00	7.89627584E-03	-1.44208287E-02
1.07526077E+01	7.32533915E+00	7.89158469E-03	-1.44648792E-02
1.22439914E+01	4.37340964E+00	7.88687277E-03	-1.45091254E-02
1.29401242E+01	1.14284709E+00	7.88213991E-03	-1.45535688E-02
1.27970987E+01	-2.15569473E+00	7.87738595E-03	-1.45982109E-02
1.18259295E+01	-5.30753598E+00	7.87261073E-03	-1.46430532E-02
1.00917053E+01	-8.10806831E+00	7.86781407E-03	-1.46880974E-02
7.70918109E+00	-1.03761519E+01	7.86299582E-03	-1.47333449E-02
4.83511048E+00	-1.19659278E+01	7.85815580E-03	-1.47787975E-02
1.65783793E+00	-1.27762699E+01	7.85329384E-03	-1.48244566E-02
-1.61515290E+00	-1.27572597E+01	7.84840978E-03	-1.48703240E-02
-4.77090348E+00	-1.19132682E+01	7.84350343E-03	-1.49164013E-02
-7.60495042E+00	-1.03024543E+01	7.83857462E-03	-1.49626901E-02
-9.93467732E+00	-8.03272891E+00	7.83362317E-03	-1.50091921E-02
-1.16111704E+01	-5.25446764E+00	7.82864890E-03	-1.50559090E-02
-1.25288028E+01	-2.15046756E+00	7.82365163E-03	-1.51028426E-02
-1.26319280E+01	1.07617470E+00	7.81863118E-03	-1.51499946E-02
-1.19182544E+01	4.21545372E+00	7.81358736E-03	-1.51973666E-02
-1.04387007E+01	7.06422548E+00	7.80851998E-03	-1.52449606E-02
-8.29375863E+00	9.43944746E+00	7.80342886E-03	-1.52927782E-02
-5.62662565E+00	1.11900201E+01	7.79831379E-03	-1.53408213E-02
-2.61358031E+00	1.22064587E+01	7.79317460E-03	-1.53890918E-02
5.47749518E-01	1.24277739E+01	7.78801108E-03	-1.54375914E-02
3.65143836E+00	1.18451259E+01	7.78282304E-03	-1.54863220E-02
6.49676747E+00	1.05020362E+01	7.77761027E-03	-1.55352855E-02
8.90129050E+00	8.49116620E+00	7.77237258E-03	-1.55844839E-02
1.07126046E+01	5.94790130E+00	7.76710975E-03	-1.56339190E-02
1.18180638E+01	3.04118614E+00	7.76182159E-03	-1.56835927E-02
1.21518117E+01	-3.77651940E-02	7.75650789E-03	-1.57335072E-02
1.16986944E+01	-3.08812477E+00	7.75116843E-03	-1.57836643E-02
1.04948220E+01	-5.91262983E+00	7.74580300E-03	-1.58340661E-02
8.62477055E+00	-8.33041538E+00	7.74041138E-03	-1.58847145E-02
6.21563766E+00	-1.01886608E+01	7.73499337E-03	-1.59356118E-02
3.42837025E+00	-1.13722969E+01	7.72954873E-03	-1.59867598E-02
4.46958632E-01	-1.18111539E+01	7.72407725E-03	-1.60381608E-02
-2.53377410E+00	-1.14841058E+01	7.71857869E-03	-1.60898169E-02
-5.32097273E+00	-1.04199679E+01	7.71305284E-03	-1.61417302E-02
-7.73629525E+00	-8.69512042E+00	7.70749947E-03	-1.61939028E-02
-9.62738269E+00	-6.42804683E+00	7.70191833E-03	-1.62463370E-02
-1.08775123E+01	-3.77117728E+00	7.69630920E-03	-1.62990351E-02
-1.14128200E+01	-9.00599073E-01	7.69067183E-03	-1.63519992E-02
-1.12066450E+01	1.99566786E+00	7.68500599E-03	-1.64052316E-02
-1.02807422E+01	4.73004665E+00	7.67931144E-03	-1.64587346E-02
-8.70331824E+00	7.12761188E+00	7.67358792E-03	-1.65125105E-02
-6.58405550E+00	9.03733252E+00	7.66783519E-03	-1.65665618E-02
-4.06648424E+00	1.03416236E+01	7.66205300E-03	-1.66208907E-02
-1.31823427E+00	1.09636003E+01	7.65624109E-03	-1.66754997E-02
1.48017020E+00	1.08715872E+01	7.65039921E-03	-1.67303912E-02
4.14722085E+00	1.00806184E+01	7.64452709E-03	-1.67855677E-02
6.51225142E+00	8.65087032E+00	7.63862448E-03	-1.68410316E-02
8.42640615E+00	6.68316433E+00	7.63269110E-03	-1.68967854E-02
9.77204258E+00	4.31187454E+00	7.62672668E-03	-1.69528318E-02
1.04699730E+01	1.69573647E+00	7.62073096E-03	-1.70091733E-02
1.04840981E+01	-9.92812531E-01	7.61470366E-03	-1.70658124E-02
9.82316445E+00	-3.57904356E+00	7.60864450E-03	-1.71227519E-02
8.53956886E+00	-5.89733930E+00	7.60255319E-03	-1.71799943E-02
6.72532885E+00	-7.80184285E+00	7.59642946E-03	-1.72375425E-02
4.50552277E+00	-9.17566509E+00	7.59027301E-03	-1.72953990E-02
2.02966508E+00	-9.93806738E+00	7.58408355E-03	-1.73535668E-02
-5.38388311E-01	-1.00491781E+01	7.57786079E-03	-1.74120485E-02
-3.03132149E+00	-9.51196977E+00	7.57160442E-03	-1.74708470E-02
-5.28930194E+00	-8.37140727E+00	7.56531414E-03	-1.75299652E-02
-7.17026758E+00	-6.71086622E+00	7.55898966E-03	-1.75894059E-02
-8.55889275E+00	-4.64609697E+00	7.55263064E-03	-1.76491721E-02
-9.37366593E+00	-2.31716858E+00	7.54623680E-03	-1.77092668E-02
-9.57164413E+00	1.21047558E-01	7.53980780E-03	-1.77696929E-02
-9.15060942E+00	2.50920696E+00	7.53334332E-03	-1.78304535E-02
-8.14852766E+00	4.69394330E+00	7.52684304E-03	-1.78915517E-02
-6.64038919E+00	6.53775397E+00	7.52030664E-03	-1.79529906E-02
-4.73268218E+00	7.92768045E+00	7.51373377E-03	-1.80147732E-02
-2.55590126E+00	8.78223393E+00	7.50712410E-03	-1.80769029E-02
-2.55616802E-01	9.05614129E+00	7.50047728E-03	-1.81393829E-02
2.01728361E+00	8.74263755E+00	7.49379299E-03	-1.82022163E-02
4.11652606E+00	7.87319697E+00	7.48707085E-03	-1.82654066E-02
5.90989772E+00	6.51476631E+00	7.48031052E-03	-1.83289570E-02
7.28759862E+00	4.76472690E+00	7.47351165E-03	-1.83928710E-02
8.16896852E+00	2.74395852E+00	7.46667386E-03	-1.84571520E-02
8.50717677E+00	5.88496382E-01	7.45979679E-03	-1.85218035E-02
8.29160463E+00	-1.55964330E+00	7.45288006E-03	-1.85868289E-02
7.54780746E+00	-3.56184940E+00	7.44592331E-03	-1.86522319E-02
6.33510600E+00	-5.29189156E+00	7.43892615E-03	-1.87180161E-02
4.74201198E+00	-6.64390218E+00	7.43188818E-03	-1.87841851E-02
2.87983256E+00	-7.53885855E+00	7.42480903E-03	-1.88507426E-02
8.74912036E-01	-7.92916798E+00	7.41768830E-03	-1.89176924E-02
-1.13994952E+00	-7.80109234E+00	7.41052557E-03	-1.89850383E-02
-3.03431734E+00	-7.17489694E+00	7.40332046E-03	-1.90527840E-02
-4.68859528E+00	-6.10276176E+00	7.39607254E-03	-1.91209336E-02
-6.00159908E+00	-4.66464095E+00	7.38878139E-03	-1.91894909E-02
-6.89674851E+00	-2.96238861E+00	7.38144660E-03	-1.92584600E-02
-7.32649928E+00	-1.11257764E+00	7.37406774E-03	-1.93278449E-02
-7.27476067E+00	7.61484129E-01	7.36664437E-03	-1.93976497E-02
-6.75718454E+00	2.53799362E+00	7.35917606E-03	-1.94678786E-02
-5.81935527E+00	4.10459617E+00	7.35166235E-03	-1.95385358E-02
-4.53304980E+00	5.36551339E+00	7.34410280E-03	-1.96096254E-02
-2.99086142E+00	6.24740160E+00	7.33649696E-03	-1.96811520E-02
-1.29958371E+00	6.70358224E+00	7.32884435E-03	-1.97531198E-02
4.27175598E-01	6.71640291E+00	7.32114451E-03	-1.98255333E-02
2.07664039E+00	6.29761818E+00	7.31339696E-03	-1.98983970E-02
3.54425628E+00	5.48681457E+00	7.30560123E-03	-1.99717154E-02
4.74033913E+00	4.34803450E+00	7.29775682E-03	-2.00454932E-02
5.59555774E+00	2.96487103E+00	7.28986324E-03	-2.01197350E-02
6.06491548E+00	1.43440084E+00	7.28191999E-03	-2.01944456E-02
6.13000480E+00	-1.39607901E-01	7.27392656E-03	-2.02696299E-02
5.79943064E+00	-1.65373900E+00	7.26588243E-03	-2.03452926E-02
5.10742467E+00	-3.01174433E+00	7.25778709E-03	-2.04214387E-02
4.11079400E+00	-4.13068193E+00	7.24964000E-03	-2.04980733E-02
2.88445636E+00	-4.94598336E+00	7.24144062E-03	-2.05752014E-02
1.51590253E+00	-5.41514051E+00	7.23318842E-03	-2.06528282E-02
9.89903429E-02	-5.51980423E+00	7.22488283E-03	-2.07309589E-02
-1.27249176E+00	-5.26620057E+00	7.21652331E-03	-2.08095987E-02
-2.51105010E+00	-4.68388738E+00	7.20810928E-03	-2.08887532E-02
-3.54108580E+00	-3.82298628E+00	7.19964018E-03	-2.09684276E-02
-4.30350961E+00	-2.75012499E+00	7.19111540E-03	-2.10486276E-02
-4.75908998E+00	-1.54340623E+00	7.18253438E-03	-2.11293587E-02
-4.89034756E+00	-2.86776280E-01	7.17389649E-03	-2.12106266E-02
-4.70191471E+00	9.35803759E-01	7.16520115E-03	-2.12924370E-02
-4.21938671E+00	2.04597977E+00	7.15644772E-03	-2.13747959E-02
-3.48679401E+00	2.97604238E+00	7.14763559E-03	-2.14577092E-02
-2.56291615E+00	3.67305550E+00	7.13876412E-03	-2.15411828E-02
-1.51673080E+00	4.10182411E+00	7.12983267E-03	-2.16252228E-02
-4.22341870E-01	4.24653804E+00	7.12084057E-03	-2.17098355E-02
6.46244737E-01	4.11102627E+00	7.11178718E-03	-2.17950271E-02
1.62013061E+00	3.71765483E+00	7.10267182E-03	-2.18808040E-02
2.43998011E+00	3.10499537E+00	7.09349380E-03	-2.19671726E-02
3.05963241E+00	2.32447312E+00	7.08425243E-03	-2.20541396E-02
3.44865057E+00	1.43626718E+00	7.07494702E-03	-2.21417115E-02
3.59367064E+00	5.04779618E-01	7.06557684E-03	-2.22298952E-02
3.49850350E+00	-4.05991424E-01	7.05614118E-03	-2.23186974E-02
3.18303247E+00	-1.23684430E+00	7.04663931E-03	-2.24081251E-02
2.68103375E+00	-1.93723086E+00	7.03707046E-03	-2.24981855E-02
2.03711942E+00	-2.46832585E+00	7.02743390E-03	-2.25888856E-02
1.30305775E+00	-2.80512272E+00	7.01772885E-03	-2.26802328E-02
5.33761558E-01	-2.93744706E+00	7.00795454E-03	-2.27722344E-02
-2.16752432E-01	-2.86986130E+00	6.99811016E-03	-2.28648979E-02
-8.99139133E-01	-2.62051617E+00	6.98819493E-03	-2.29582309E-02
-1.47197261E+00	-2.21907894E+00	6.97820802E-03	-2.30522413E-02
-1.90425144E+00	-1.70393156E+00	6.96814860E-03	-2.31469367E-02
-2.17701108E+00	-1.11887789E+00	6.95801584E-03	-2.32423253E-02
-2.28396454E+00	-5.09626365E-01	6.94780889E-03	-2.33384150E-02
-2.23116834E+00	7.96792372E-02	6.93752686E-03	-2.34352141E-02
-2.03578401E+00	6.09622838E-01	6.92716890E-03	-2.35327310E-02
-1.72407103E+00	1.04814795E+00	6.91673409E-03	-2.36309742E-02
-1.32880002E+00	1.37248281E+00	6.90622153E-03	-2.37299522E-02
-8.86311918E-01	1.57024418E+00	6.89563031E-03	-2.38296738E-02
-4.33467636E-01	1.63967274E+00	6.88495947E-03	-2.39301479E-02
-4.73119119E-03	1.58902250E+00	6.87420808E-03	-2.40313836E-02
3.70389965E-01	1.43519157E+00	6.86337516E-03	-2.41333900E-02
6.69360487E-01	1.20173814E+00	6.85245973E-03	-2.42361764E-02
8.77951580E-01	9.16468869E-01	6.84146079E-03	-2.43397523E-02
9.90816689E-01	6.08814225E-01	6.83037732E-03	-2.44441274E-02
1.01129456E+00	3.07214872E-01	6.81920831E-03	-2.45493113E-02
9.50488859E-01	3.67346525E-02	6.80795268E-03	-2.46553142E-02
8.25730868E-01	-1.82909853E-01	6.79660940E-03	-2.47621461E-02
6.58579355E-01	-3.38753440E-01	6.78517735E-03	-2.48698172E-02
4.72545178E-01	-4.25321661E-01	6.77365546E-03	-2.49783381E-02
2.90746109E-01	-4.44665260E-01	6.76204260E-03	-2.50877193E-02
1.33697734E-01	-4.05709649E-01	6.75033763E-03	-2.51979716E-02
1.74299432E-02	-3.22996831E-01	6.73853939E-03	-2.53091060E-02
-4.79132825E-02	-2.14947107E-01	6.72664672E-03	-2.54211337E-02
-5.88773687E-02	-1.01806502E-01	6.71465841E-03	-2.55340661E-02
-1.88436453E-02	-3.47009608E-03	6.70257324E-03	-2.56479146E-02
6.24839491E-02	6.26204965E-02	6.69038999E-03	-2.57626911E-02
1.70197607E-01	8.33158803E-02	6.67810740E-03	-2.58784075E-02
2.85803372E-01	5.11686788E-02	6.66572417E-03	-2.59950758E-02
3.89188520E-01	-3.47125894E-02	6.65323902E-03	-2.61127086E-02
4.60759177E-01	-1.68443800E-01	6.64065062E-03	-2.62313183E-02
4.83553793E-01	-3.37802665E-01	6.62795762E-03	-2.63509177E-02
4.45139542E-01	-5.25289096E-01	6.61515866E-03	-2.64715200E-02
3.39116412E-01	-7.09719795E-01	6.60225233E-03	-2.65931382E-02
1.66086305E-01	-8.68221104E-01	6.58923722E-03	-2.67157860E-02
-6.60107647E-02	-9.78448033E-01	6.57611189E-03	-2.68394770E-02
-3.42237912E-01	-1.02083540E+00	6.56287486E-03	-2.69642251E-02
-6.41666918E-01	-9.80681042E-01	6.54952465E-03	-2.70900447E-02
-9.38977661E-01	-8.49871901E-01	6.53605972E-03	-2.72169502E-02
-1.20652884E+00	-6.28090180E-01	6.52247853E-03	-2.73449563E-02
-1.41673457E+00	-3.23377662E-01	6.50877950E-03	-2.74740780E-02
-1.54455167E+00	4.80126026E-02	6.49496102E-03	-2.76043305E-02
-1.56986815E+00	4.62489784E-01	6.48102147E-03	-2.77357296E-02
-1.47958604E+00	8.90676207E-01	6.46695916E-03	-2.78682909E-02
-1.26921164E+00	1.29953043E+00	6.45277241E-03	-2.80020306E-02
-9.43801187E-01	1.65488688E+00	6.43845948E-03	-2.81369652E-02
-5.18158713E-01	1.92421773E+00	6.42401863E-03	-2.82731114E-02
-1.62405406E-02	2.07939872E+00	6.40944805E-03	-2.84104862E-02
5.30216157E-01	2.09925378E+00	6.39474591E-03	-2.85491070E-02
1.08376036E+00	1.97166390E+00	6.37991037E-03	-2.86889916E-02
1.60385122E+00	1.69505424E+00	6.36493951E-03	-2.88301579E-02
2.04985190E+00	1.27911682E+00	6.34983142E-03	-2.89726244E-02
2.38417106E+00	7.44682210E-01	6.33458411E-03	-2.91164098E-02
2.57531108E+00	1.22717850E-01	6.31919559E-03	-2.92615331E-02
2.60058222E+00	-5.47501990E-01	6.30366381E-03	-2.94080139E-02
2.44825999E+00	-1.22094369E+00	6.28798668E-03	-2.95558721E-02
2.11899971E+00	-1.84990955E+00	6.27216207E-03	-2.97051278E-02
1.62637324E+00	-2.38746389E+00	6.25618783E-03	-2.98558017E-02
9.96456207E-01	-2.79094134E+00	6.24006173E-03	-3.00079148E-02
2.66464059E-01	-3.02527486E+00	6.22378153E-03	-3.01614886E-02
-5.17492594E-01	-3.06588725E+00	6.20734492E-03	-3.03165450E-02
-1.30339472E+00	-2.90091540E+00	6.19074957E-03	-3.04731063E-02
-2.03684523E+00	-2.53258010E+00	6.17399307E-03	-3.06311954E-02
-2.66489855E+00	-1.97757282E+00	6.15707299E-03	-3.07908354E-02
-3.13991606E+00	-1.26640088E+00	6.13998685E-03	-3.09520500E-02
-3.42316485E+00	-4.41707548E-01	6.12273209E-03	-3.11148636E-02
-3.48788904E+00	4.44339657E-01	6.10530613E-03	-3.12793007E-02
-3.32161455E+00	1.33342874E+00	6.08770632E-03	-3.14453866E-02
-2.92749901E+00	2.16502681E+00	6.06992996E-03	-3.16131470E-02
-2.32460311E+00	2.88057795E+00	6.05197430E-03	-3.17826083E-02
-1.54703586E+00	3.42767988E+00	6.03383652E-03	-3.19537972E-02
-6.42006675E-01	3.76393824E+00	6.01551375E-03	-3.21267411E-02
3.33102912E-01	3.86021445E+00	5.99700304E-03	-3.23014681E-02
1.31446187E+00	3.70302042E+00	5.97830142E-03	-3.24780067E-02
2.23605953E+00	3.29586963E+00	5.95940580E-03	-3.26563860E-02
3.03423117E+00	2.65946540E+00	5.94031308E-03	-3.28366360E-02
3.65212405E+00	1.83068792E+00	5.92102005E-03	-3.30187870E-02
4.04378633E+00	8.60426537E-01	5.90152345E-03	-3.32028703E-02
4.17758297E+00	-1.89612640E-01	5.88181995E-03	-3.33889176E-02
4.03868474E+00	-1.25091894E+00	5.86190614E-03	-3.35769615E-02
3.63043823E+00	-2.25274243E+00	5.84177853E-03	-3.37670352E-02
2.97450049E+00	-3.12690187E+00	5.82143357E-03	-3.39591727E-02
2.10970782E+00	-3.81250322E+00	5.80086761E-03	-3.41534088E-02
1.08973640E+00	-4.26023707E+00	5.78007694E-03	-3.43497789E-02
-2.03009124E-02	-4.43594897E+00	5.75905774E-03	-3.45483195E-02
-1.14810118E+00	-4.32322264E+00	5.73780614E-03	-3.47490676E-02
-2.21897826E+00	-3.92478231E+00	5.71631813E-03	-3.49520614E-02
-3.16090415E+00	-3.26260024E+00	5.69458966E-03	-3.51573397E-02
-3.90943869E+00	-2.37668496E+00	5.67261655E-03	-3.53649423E-02
-4.41220491E+00	-1.32261718E+00	5.65039455E-03	-3.55749101E-02
-4.63259535E+00	-1.67988802E-01	5.62791928E-03	-3.57872846E-02
-4.55244489E+00	1.01202181E+00	5.60518629E-03	-3.60021086E-02
-4.17347474E+00	2.13964270E+00	5.58219100E-03	-3.62194257E-02
-3.51739553E+00	3.13973132E+00	5.55892873E-03	-3.64392807E-02
-2.62464993E+00	3.94487088E+00	5.53539470E-03	-3.66617195E-02
-1.55186859E+00	4.49998887E+00	5.51158398E-03	-3.68867890E-02
-3.68203452E-01	4.76617698E+00	5.48749156E-03	-3.71145372E-02
8.49219353E-01	4.72344453E+00	5.46311229E-03	-3.73450134E-02
2.02042183E+00	4.37220905E+00	5.43844089E-03	-3.75782681E-02
3.06792545E+00	3.73341394E+00	5.41347196E-03	-3.78143531E-02
3.92196713E+00	2.84725672E+00	5.38819996E-03	-3.80533212E-02
4.52522317E+00	1.77060699E+00	5.36261920E-03	-3.82952270E-02
4.83671659E+00	5.73283876E-01	5.33672388E-03	-3.85401261E-02
4.83463804E+00	-6.66558646E-01	5.31050801E-03	-3.87880756E-02
4.51788396E+00	-1.86762759E+00	5.28396548E-03	-3.90391343E-02
3.90620335E+00	-2.95091659E+00	5.25709002E-03	-3.92933622E-02
3.03893912E+00	-3.84499299E+00	5.22987518E-03	-3.95508210E-02
1.97244649E+00	-4.49078716E+00	5.20231436E-03	-3.98115740E-02
7.76361485E-01	-4.84555795E+00	5.17440078E-03	-4.00756863E-02
-4.71028847E-01	-4.88576438E+00	5.14612748E-03	-4.03432244E-02
-1.68800104E+00	-4.60864826E+00	5.11748732E-03	-4.06142569E-02
-2.79484159E+00	-4.03242039E+00	5.08847296E-03	-4.08888541E-02
-3.71915619E+00	-3.19503812E+00	5.05907689E-03	-4.11670881E-02
-4.40068275E+00	-2.15165859E+00	5.02929137E-03	-4.14490332E-02
-4.79528333E+00	-9.70941490E-01	4.99910845E-03	-4.17347656E-02
-4.87784687E+00	2.69546387E-01	4.96851998E-03	-4.20243635E-02
-4.64390921E+00	1.48851211E+00	4.93751757E-03	-4.23179076E-02
-4.10988479E+00	2.60635159E+00	4.90609260E-03	-4.26154804E-02
-3.31189923E+00	3.55043229E+00	4.87423621E-03	-4.29171672E-02
-2.30330707E+00	4.25988768E+00	4.84193930E-03	-4.32230553E-02
-1.15106793E+00	4.68960249E+00	4.80919249E-03	-4.35332349E-02
6.87690256E-02	4.81312391E+00	4.77598616E-03	-4.38477984E-02
1.27616313E+00	4.62430864E+00	4.74231039E-03	-4.41668411E-02
2.39241590E+00	4.13760215E+00	4.70815497E-03	-4.44904611E-02
3.34537983E+00	3.38694035E+00	4.67350942E-03	-4.48187594E-02
4.07419233E+00	2.42335699E+00	4.63836293E-03	-4.51518398E-02
4.53322005E+00	1.31146749E+00	4.60270436E-03	-4.54898095E-02
4.69495419E+00	1.25074535E-01	4.56652227E-03	-4.58327786E-02
4.55167114E+00	-1.05780156E+00	4.52980484E-03	-4.61808608E-02
4.11575766E+00	-2.16012850E+00	4.49253992E-03	-4.65341732E-02
3.41869119E+00	-3.11095158E+00	4.45471498E-03	-4.68928365E-02
2.50875725E+00	-3.85002621E+00	4.41631708E-03	-4.72569751E-02
1.44767021E+00	-4.33168696E+00	4.37733292E-03	-4.76267173E-02
3.06336454E-01	-4.52770130E+00	4.33774876E-03	-4.80021956E-02
-8.39945920E-01	-4.42892813E+00	4.29755042E-03	-4.83835465E-02
-1.91652167E+00	-4.04568357E+00	4.25672329E-03	-4.87709110E-02
-2.85430645E+00	-3.40680559E+00	4.21525229E-03	-4.91644347E-02
-3.59427880E+00	-2.55749671E+00	4.17312182E-03	-4.95642678E-02
-4.09124023E+00	-1.55610598E+00	4.13031583E-03	-4.99705655E-02
-4.31660129E+00	-4.70080834E-01	4.08681768E-03	-5.03834883E-02
-4.26002030E+00	6.28627708E-01	4.04261023E-03	-5.08032017E-02
-3.92980189E+00	1.66839001E+00	3.99767574E-03	-5.12298771E-02
-3.35204735E+00	2.58262557E+00	3.95199588E-03	-5.16636917E-02
-2.56863365E+00	3.31411795E+00	3.90555171E-03	-5.21048286E-02
-1.63417562E+00	3.81863387E+00	3.85832361E-03	-5.25534773E-02
-6.12192287E-01	4.06761537E+00	3.81029133E-03	-5.30098340E-02
4.29251629E-01	4.04978031E+00	3.76143386E-03	-5.34741017E-02
1.42212733E+00	3.77154319E+00	3.71172949E-03	-5.39464907E-02
2.30293498E+00	3.25624957E+00	3.66115574E-03	-5.44272187E-02
3.01680834E+00	2.54229776E+00	3.60968930E-03	-5.49165114E-02
3.52096295E+00	1.68029527E+00	3.55730603E-03	-5.54146028E-02
3.78726932E+00	7.29460110E-01	3.50398093E-03	-5.59217353E-02
3.80379621E+00	-2.46476286E-01	3.44968806E-03	-5.64381604E-02
3.57524171E+00	-1.18357882E+00	3.39440052E-03	-5.69641392E-02
3.12224705E+00	-2.02193735E+00	3.33809040E-03	-5.74999424E-02
2.47966349E+00	-2.70953185E+00	3.28072873E-03	-5.80458513E-02
1.69391228E+00	-3.20548257E+00	3.22228547E-03	-5.86021580E-02
8.19635891E-01	-3.48248088E+00	3.16272937E-03	-5.91691660E-02
-8.41178941E-02	-3.52825669E+00	3.10202799E-03	-5.97471906E-02
-9.57911156E-01	-3.34600683E+00	3.04014762E-03	-6.03365600E-02
-1.74585545E+00	-2.95378113E+00	2.97705320E-03	-6.09376152E-02
-2.39921276E+00	-2.38289363E+00	2.91270826E-03	-6.15507113E-02
-2.87942410E+00	-1.67549072E+00	2.84707486E-03	-6.21762180E-02
-3.16037694E+00	-8.81462126E-01	2.78011351E-03	-6.28145202E-02
-3.22977923E+00	-5.49201484E-02	2.71178307E-03	-6.34660189E-02
-3.08957160E+00	7.49503797E-01	2.64204070E-03	-6.41311323E-02
-2.75537705E+00	1.48029075E+00	2.57084175E-03	-6.48102963E-02
-2.25505236E+00	2.09235108E+00	2.49813963E-03	-6.55039658E-02
-1.62646520E+00	2.54981211E+00	2.42388577E-03	-6.62126156E-02
-9.14669587E-01	2.82810397E+00	2.34802948E-03	-6.69367415E-02
-1.68688775E-01	2.91522419E+00	2.27051781E-03	-6.76768614E-02
5.61865160E-01	2.81212072E+00	2.19129547E-03	-6.84335169E-02
1.23010144E+00	2.53219521E+00	2.11030467E-03	-6.92072742E-02
1.79486879E+00	2.09998826E+00	2.02748496E-03	-6.99987258E-02
2.22328694E+00	1.54916230E+00	1.94277311E-03	-7.08084922E-02
2.49263631E+00	9.19941860E-01	1.85610296E-03	-7.16372230E-02
2.59149932E+00	2.56203181E-01	1.76740517E-03	-7.24855993E-02
2.52010190E+00	-3.97577484E-01	1.67660713E-03	-7.33543353E-02
2.28985992E+00	-9.99304819E-01	1.58363266E-03	-7.42441803E-02
1.92218981E+00	-1.51197468E+00	1.48840190E-03	-7.51559211E-02
1.44669098E+00	-1.90593923E+00	1.39083097E-03	-7.60903841E-02
8.98846867E-01	-2.16058935E+00	1.29083180E-03	-7.70484383E-02
3.17419435E-01	-2.26536164E+00	1.18831182E-03	-7.80309975E-02
-2.58273639E-01	-2.22002732E+00	1.08317368E-03	-7.90390237E-02
-7.91008582E-01	-2.03427126E+00	9.75314949E-04	-8.00735302E-02
-1.24805391E+00	-1.72661809E+00	8.64627750E-04	-8.11355850E-02
-1.60316362E+00	-1.32280528E+00	7.50998417E-04	-8.22263145E-02
-1.83804541E+00	-8.53737120E-01	6.34307087E-04	-8.33469080E-02
-1.94322510E+00	-3.53177699E-01	5.14427278E-04	-8.44986216E-02
-1.91827358E+00	1.44647929E-01	3.91225419E-04	-8.56827833E-02
-1.77140826E+00	6.07375247E-01	2.64560348E-04	-8.69007982E-02
-1.51852390E+00	1.00658810E+00	1.34282762E-04	-8.81541544E-02
-1.18174520E+00	1.31953922E+00	2.34616880E-07	-8.94444287E-02
-7.87622808E-01	1.53040132E+00	-1.37751518E-04	-9.07732941E-02
-3.65114131E-01	1.63098375E+00	-2.79853176E-04	-9.21425267E-02
5.65010144E-02	1.62089025E+00	-4.26258764E-04	-9.35540140E-02
4.49621966E-01	1.50713330E+00	-5.77168417E-04	-9.50097641E-02
7.90110689E-01	1.30325848E+00	-7.32794924E-04	-9.65119149E-02
1.05874347E+00	1.02806384E+00	-8.93364749E-04	-9.80627459E-02
1.24224597E+00	7.04024236E-01	-1.05911915E-03	-9.96646889E-02
1.33386015E+00	3.55545981E-01	-1.23031543E-03	-1.01320342E-01
1.33342762E+00	7.18327575E-03	-1.40722826E-03	-1.03032485E-01
1.24700865E+00	-3.18055984E-01	-1.59015122E-03	-1.04804091E-01
1.08608867E+00	-6.00200039E-01	-1.77939843E-03	-1.06638352E-01
8.66450683E-01	-8.23504244E-01	-1.97530641E-03	-1.08538692E-01
6.06812169E-01	-9.77274909E-01	-2.17823611E-03	-1.10508792E-01
3.27336712E-01	-1.05628772E+00	-2.38857518E-03	-1.12552613E-01
4.81340293E-02	-1.06079371E+00	-2.60674051E-03	-1.14674428E-01
-2.12143228E-01	-9.96135960E-01	-2.83318103E-03	-1.16878847E-01
-4.37510321E-01	-8.72027377E-01	-3.06838090E-03	-1.19170856E-01
-6.15592598E-01	-7.01561757E-01	-3.31286303E-03	-1.21555856E-01
-7.38246520E-01	-5.00046040E-01	-3.56719309E-03	-1.24039704E-01
-8.01833614E-01	-2.83749860E-01	-3.83198398E-03	-1.26628769E-01
-8.07148537E-01	-6.86692923E-02	-4.10790090E-03	-1.29329983E-01
-7.59028000E-01	1.30604893E-01	-4.39566711E-03	-1.32150911E-01
-6.65689629E-01	3.01837052E-01	-4.69607046E-03	-1.35099823E-01
-5.37867220E-01	4.35855261E-01	-5.00997083E-03	-1.38185780E-01
-3.87820366E-01	5.26980972E-01	-5.33830866E-03	-1.41418732E-01
-2.28301378E-01	5.73165343E-01	-5.68211468E-03	-1.44809632E-01
-7.15608527E-02	5.75841042E-01	-6.04252119E-03	-1.48370567E-01
7.15345387E-02	5.39519604E-01	-6.42077509E-03	-1.52114912E-01
1.92211430E-01	4.71182256E-01	-6.81825297E-03	-1.56057509E-01
2.84282704E-01	3.79525310E-01	-7.23647876E-03	-1.60214877E-01
3.44399859E-01	2.74128955E-01	-7.67714452E-03	-1.64605460E-01
3.72060993E-01	1.64620246E-01	-8.14213489E-03	-1.69249926E-01
3.69390154E-01	5.98973547E-02	-8.63355630E-03	-1.74171513E-01
3.40721109E-01	-3.25266576E-02	-9.15377208E-03	-1.79396459E-01
2.92032321E-01	-1.07015272E-01	-9.70544509E-03	-1.84954508E-01
2.30289287E-01	-1.60105816E-01	-1.02915904E-02	-1.90879537E-01
1.62754688E-01	-1.90600785E-01	-1.09156413E-02	-1.97210321E-01
9.63260576E-02	-1.99458885E-01	-1.15815350E-02	-2.03991484E-01
3.69550819E-02	-1.89507749E-01	-1.22938269E-02	-2.11274690E-01
-1.08070731E-02	-1.65013906E-01	-1.30578515E-02	-2.19120157E-01
-4.41069483E-02	-1.31155687E-01	-1.38799677E-02	-2.27598626E-01
-6.19119390E-02	-9.34505878E-02	-1.47679698E-02	-2.36793975E-01
-6.49584814E-02	-5.71898916E-02	-1.57318839E-02	-2.46806892E-01
-5.55393713E-02	-2.69302180E-02	-1.67858165E-02	-2.57760607E-01
-3.71575140E-02	-6.08444459E-03	-1.79534097E-02	-2.69812358E-01
-1.40837691E-02	3.35602011E-03	-1.92899170E-02	-2.83194417E-01
9.13666839E-03	9.48415303E-04	-2.09326224E-02	-2.98717000E-01
2.81821577E-02	-1.22300068E-02	-2.06253476E-02	-3.14053385E-01
3.94109515E-02	-3.37578050E-02	-2.29259510E-02	-3.32568717E-01
4.02354011E-02	-6.01710532E-02	-2.48774694E-02	-3.53780581E-01
2.93820012E-02	-8.73591544E-02	-2.69676010E-02	-3.78213270E-01
7.01629704E-03	-1.11015576E-01	-2.93599984E-02	-4.06819786E-01
-2.52757690E-02	-1.27100470E-01	-3.24922630E-02	-4.41463507E-01
-6.46455385E-02	-1.32272118E-01	-3.06216972E-02	-4.82648970E-01
-1.07261553E-01	-1.24247791E-01	-3.49912474E-02	-5.33267938E-01
-1.48684367E-01	-1.02061657E-01	-3.74681657E-02	-6.01648853E-01
-1.84300946E-01	-6.61969616E-02	-3.72721111E-02	-6.99920074E-01
-2.09778532E-01	-1.85812115E-02	-2.21232525E-02	-8.68956089E-01
-2.21496629E-01	3.75547310E-02	3.26037114E-01	-1.30856033E+00
-2.16918050E-01	9.79407347E-02	3.34701782E-01	-1.10658948E+00
-1.94865617E-01	1.57631055E-01	1.71219217E-01	-6.81493717E-01
-1.55679568E-01	2.11435378E-01	7.69260078E-01	-1.39444065E+00
-1.01241189E-01	2.54379358E-01	1.20492535E+00	-2.23102468E+00
-3.48598429E-02	2.82154272E-01	1.34523279E+00	1.03770174E+00
3.89676348E-02	2.91516477E-01	2.51143319E-01	-3.81075929E-01
1.14905264E-01	2.80601650E-01	2.06069084E+00	-1.49555187E+00
1.87204828E-01	2.49126088E-01	1.42297590E+00	1.52517483E+00
2.50175516E-01	1.98456948E-01	3.66381363E-01	5.05027877E-01
2.98656791E-01	1.31544360E-01	2.24897129E-01	2.31282128E-02
3.28454603E-01	5.27200119E-02	2.13734372E-01	-4.43186087E-01
3.36704098E-01	-3.26220009E-02	5.60998156E-01	-1.44664691E+00
3.22128006E-01	-1.18436347E-01	2.78586629E+00	4.98890818E-01
2.85168531E-01	-1.98496244E-01	3.29429428E-01	7.02732260E-01
2.27981000E-01	-2.66883477E-01	5.19996705E-01	-8.08209744E-01
1.54288971E-01	-3.18458527E-01	2.57180378E+00	1.69363788E+00
6.91118870E-02	-3.49272230E-01	1.08696712E+00	1.02797722E+00
-2.16130884E-02	-3.56885145E-01	2.46722802E-01	8.97154934E-01
-1.11484717E-01	-3.40568315E-01	7.82447303E-01	9.97015251E-01
-1.94130259E-01	-3.01368796E-01	7.60570122E-01	1.01413436E+00
-2.63697198E-01	-2.42034396E-01	1.48957590E-01	8.53300848E-01
-3.15304380E-01	-1.66803516E-01	1.01880199E-01	6.85819880E-01
-3.45416178E-01	-8.10770597E-02	8.39785169E-02	5.90240010E-01
-3.52109535E-01	9.00107575E-03	7.36806120E-02	5.23689681E-01
-3.35212534E-01	9.70209193E-02	6.77246971E-02	4.73240312E-01
-2.96303642E-01	1.76802152E-01	5.90215926E-02	4.35832615E-01
-2.38572146E-01	2.42868527E-01	5.51061431E-02	4.01034428E-01
-1.66551669E-01	2.90862710E-01	5.17876207E-02	3.72858206E-01
-8.57489832E-02	3.17868208E-01	4.89453377E-02	3.48818983E-01
-2.19888781E-03	3.22612769E-01	4.65462335E-02	3.27924578E-01
7.80181052E-02	3.05537440E-01	4.47439936E-02	3.09493385E-01
1.49255573E-01	2.68726553E-01	4.22470004E-02	2.95106959E-01
2.06739093E-01	2.15705457E-01	4.02733058E-02	2.79418154E-01
2.46926463E-01	1.51123696E-01	3.88312719E-02	2.66166375E-01
2.67761010E-01	8.03508607E-02	3.74975729E-02	2.54250786E-01
2.68797757E-01	9.01950537E-03	3.62750556E-02	2.43420791E-01
2.51192918E-01	-5.74460748E-02	3.51547015E-02	2.33518063E-01
2.17558733E-01	-1.14275332E-01	3.41255551E-02	2.24420602E-01
1.71697023E-01	-1.57733556E-01	3.31773068E-02	2.16029255E-01
1.18235161E-01	-1.85408335E-01	3.23008389E-02	2.08261578E-01
6.21964727E-02	-1.96376293E-01	3.14882379E-02	2.01048087E-01
8.54277403E-03	-1.91236295E-01	3.07326684E-02	1.94329630E-01
-3.82707777E-02	-1.72006776E-01	3.00282223E-02	1.88055451E-01
-7.46892546E-02	-1.41896638E-01	2.93697786E-02	1.82181695E-01
-9.83649785E-02	-1.04970235E-01	2.87528815E-02	1.76670241E-01
-1.08350370E-01	-6.57363811E-02	2.81736378E-02	1.71487767E-01
-1.05158815E-01	-2.86982804E-02	2.76286314E-02	1.66605007E-01
-9.06872245E-02	2.09490232E-03	2.71148530E-02	1.61996132E-01
-6.80061636E-02	2.34536940E-02	2.66296406E-02	1.57638256E-01
-4.10353379E-02	3.33732793E-02	2.61706308E-02	1.53511020E-01
-1.41327726E-02	3.12464086E-02	2.57357176E-02	1.49596244E-01
8.36564580E-03	1.79423070E-02	2.53230180E-02	1.45877642E-01
2.26143116E-02	-4.25879935E-03	2.49308430E-02	1.42340576E-01
2.56900142E-02	-3.18731799E-02	2.45576730E-02	1.38971852E-01
1.59463381E-02	-6.05478831E-02	2.42021367E-02	1.35759538E-01
-6.74560762E-03	-8.54946593E-02	2.38629936E-02	1.32692824E-01
-4.08970314E-02	-1.01986483E-01	2.35391181E-02	1.29761882E-01
-8.34570791E-02	-1.05872658E-01	2.32294869E-02	1.26957764E-01
-1.30026005E-01	-9.40650998E-02	2.29331669E-02	1.24272296E-01
-1.75213596E-01	-6.49490668E-02	2.26493061E-02	1.21698004E-01
-2.13117016E-01	-1.86762824E-02	2.23771242E-02	1.19228034E-01
-2.37880401E-01	4.26929817E-02	2.21159056E-02	1.16856089E-01
-2.44289455E-01	1.15220511E-01	2.18649925E-02	1.14576375E-01
-2.28348902E-01	1.93300875E-01	2.16237794E-02	1.12383551E-01
-1.87789438E-01	2.70044241E-01	2.13917076E-02	1.10272683E-01
-1.22454174E-01	3.37807746E-01	2.11682610E-02	1.08239208E-01
-3.45223291E-02	3.88837670E-01	2.09529620E-02	1.06278897E-01
7.14603641E-02	4.15972947E-01	2.07453679E-02	1.04387829E-01
1.88760163E-01	4.13352476E-01	2.05450677E-02	1.02562358E-01
3.08841412E-01	3.77064977E-01	2.03516796E-02	1.00799094E-01
4.21941203E-01	3.05681474E-01	2.01648481E-02	9.90948750E-02
5.17796486E-01	2.00616788E-01	1.99842416E-02	9.74467548E-02
5.86472615E-01	6.62775599E-02	1.98095511E-02	9.58519797E-02
6.19230717E-01	-9.00304500E-02	1.96404875E-02	9.43079749E-02
6.09364292E-01	-2.58444766E-01	1.94767807E-02	9.28123298E-02
5.52933733E-01	-4.27127288E-01	1.93181773E-02	9.13627851E-02
4.49331446E-01	-5.83052851E-01	1.91644403E-02	8.99572209E-02
3.01619905E-01	-7.12955293E-01	1.90153467E-02	8.85936463E-02
1.16599826E-01	-8.04365262E-01	1.88706873E-02	8.72701893E-02
-9.54153122E-02	-8.46662688E-01	1.87302654E-02	8.59850884E-02
-3.21120154E-01	-8.32060945E-01	1.85938956E-02	8.47366841E-02
-5.45012160E-01	-7.56440201E-01	1.84614035E-02	8.35234120E-02
-7.50415616E-01	-6.19954382E-01	1.83326244E-02	8.23437958E-02
-9.20669773E-01	-4.27349481E-01	1.82074030E-02	8.11964413E-02
-1.04039929E+00	-1.87949793E-01	1.80855925E-02	8.00800305E-02
-1.09677391E+00	8.47080533E-02	1.79670541E-02	7.89933166E-02
-1.08065977E+00	3.73587334E-01	1.78516565E-02	7.79351193E-02
-9.87567406E-01	6.59176779E-01	1.77392754E-02	7.69043204E-02
-8.18311657E-01	9.20770571E-01	1.76297930E-02	7.58998595E-02
-5.79316015E-01	1.13792119E+00	1.75230974E-02	7.49207306E-02
-2.82516983E-01	1.29196576E+00	1.74190828E-02	7.39659785E-02
5.51479759E-02	1.36751549E+00	1.73176482E-02	7.30346956E-02
4.12654913E-01	1.35379458E+00	1.72186982E-02	7.21260190E-02
7.66165283E-01	1.24571996E+00	1.71221416E-02	7.12391278E-02
1.09058106E+00	1.04462699E+00	1.70278918E-02	7.03732405E-02
1.36128386E+00	7.58567507E-01	1.69358664E-02	6.95276126E-02
1.55593983E+00	4.02134558E-01	1.68459869E-02	6.87015347E-02
1.65624135E+00	-4.19906230E-03	1.67581783E-02	6.78943302E-02
1.64945432E+00	-4.35206159E-01	1.66723692E-02	6.71053534E-02
1.52964765E+00	-8.62436712E-01	1.65884915E-02	6.63339878E-02
1.29849887E+00	-1.25606530E+00	1.65064800E-02	6.55796447E-02
9.65595403E-01	-1.58693642E+00	1.64262726E-02	6.48417612E-02
5.48183970E-01	-1.82866951E+00	1.63478098E-02	6.41197991E-02
7.03587622E-02	-1.95967451E+00	1.62710347E-02	6.34132436E-02
-4.38280906E-01	-1.96492821E+00	1.61958930E-02	6.27216019E-02
-9.44432662E-01	-1.83737195E+00	1.61223326E-02	6.20444019E-02
-1.41324558E+00	-1.57881218E+00	1.60503035E-02	6.13811914E-02
-1.81068945E+00	-1.20023594E+00	1.59797580E-02	6.07315370E-02
-2.10597954E+00	-7.21491302E-01	1.59106503E-02	6.00950230E-02
-2.27388643E+00	-1.70326652E-01	1.58429363E-02	5.94712505E-02
-2.29676121E+00	4.19172086E-01	1.57765740E-02	5.88598368E-02
-2.16611957E+00	1.00866188E+00	1.57115228E-02	5.82604143E-02
-1.88365295E+00	1.55801600E+00	1.56477439E-02	5.76726298E-02
-1.46157037E+00	2.02803218E+00	1.55851998E-02	5.70961441E-02
-9.22218158E-01	2.38319419E+00	1.55238547E-02	5.65306310E-02
-2.96974111E-01	2.59429417E+00	1.54636741E-02	5.59757766E-02
3.75536063E-01	2.64072504E+00	1.54046248E-02	5.54312791E-02
1.05180223E+00	2.51226836E+00	1.53466748E-02	5.48968479E-02
1.68623045E+00	2.21023156E+00	1.52897933E-02	5.43722032E-02
2.23420150E+00	1.74782913E+00	1.52339508E-02	5.38570757E-02
2.65518318E+00	1.14975135E+00	1.51791186E-02	5.33512055E-02
2.91568036E+00	4.50919756E-01	1.51252694E-02	5.28543426E-02
2.99181073E+00	-3.05514770E-01	1.50723766E-02	5.23662455E-02
2.87131219E+00	-1.07081942E+00	1.50204147E-02	5.18866816E-02
2.55482114E+00	-1.79381173E+00	1.49693589E-02	5.14154262E-02
2.05630623E+00	-2.42427581E+00	1.49191856E-02	5.09522628E-02
1.40259727E+00	-2.91643509E+00	1.48698718E-02	5.04969819E-02
6.32010406E-01	-3.23224194E+00	1.48213952E-02	5.00493815E-02
-2.07866154E-01	-3.34424951E+00	1.47737345E-02	4.96092665E-02
-1.06310074E+00	-3.23785232E+00	1.47268690E-02	4.91764482E-02
-1.87688199E+00	-2.91271908E+00	1.46807787E-02	4.87507442E-02
-2.59329541E+00	-2.38329207E+00	1.46354443E-02	4.83319783E-02
-3.16116157E+00	-1.67828830E+00	1.45908470E-02	4.79199799E-02
-3.53767252E+00	-8.39205097E-01	1.45469689E-02	4.75145840E-02
-3.69156868E+00	8.20975881E-02	1.45037924E-02	4.71156311E-02
-3.60562306E+00	1.02659986E+00	1.44613006E-02	4.67229666E-02
-3.27824015E+00	1.93191215E+00	1.44194771E-02	4.63364409E-02
-2.72403319E+00	2.73640941E+00	1.43783061E-02	4.59559091E-02
-1.97331010E+00	3.38343434E+00	1.43377721E-02	4.55812309E-02
-1.07047216E+00	3.82528232E+00	1.42978604E-02	4.52122702E-02
-7.14049642E-02	4.02668781E+00	1.42585564E-02	4.48488952E-02
9.59986839E-01	3.96755856E+00	1.42198462E-02	4.44909781E-02
1.95588619E+00	3.64474938E+00	1.41817163E-02	4.41383950E-02
2.84904671E+00	3.07272813E+00	1.41441534E-02	4.37910258E-02
3.57735444E+00	2.28305907E+00	1.41071449E-02	4.34487537E-02
4.08815718E+00	1.32270873E+00	1.40706783E-02	4.31114657E-02
4.34205898E+00	2.51260904E-01	1.40347418E-02	4.27790520E-02
4.31590623E+00	-8.62795478E-01	1.39993235E-02	4.24514060E-02
4.00474165E+00	-1.94647356E+00	1.39644122E-02	4.21284240E-02
3.42256759E+00	-2.92710570E+00	1.39299970E-02	4.18100057E-02
2.60183910E+00	-3.73725035E+00	1.38960670E-02	4.14960533E-02
1.59169241E+00	-4.31935503E+00	1.38626121E-02	4.11864719E-02
4.55002005E-01	-4.62985128E+00	1.38296220E-02	4.08811693E-02
-7.35558036E-01	-4.64238917E+00	1.37970871E-02	4.05800559E-02
-1.90220051E+00	-4.34997239E+00	1.37649978E-02	4.02830445E-02
-2.96715471E+00	-3.76582508E+00	1.37333448E-02	3.99900504E-02
-3.85789811E+00	-2.92290568E+00	1.37021191E-02	3.97009911E-02
-4.51213484E+00	-1.87207431E+00	1.36713121E-02	3.94157865E-02
-4.88217673E+00	-6.79012674E-01	1.36409151E-02	3.91343585E-02
-4.93841661E+00	5.79916773E-01	1.36109199E-02	3.88566312E-02
-4.67164067E+00	1.82260944E+00	1.35813185E-02	3.85825307E-02
-4.09400157E+00	2.96663254E+00	1.35521029E-02	3.83119850E-02
-3.23856275E+00	3.93475370E+00	1.35232656E-02	3.80449242E-02
-2.15742116E+00	4.66020943E+00	1.34947991E-02	3.77812799E-02
-9.18512888E-01	5.09135039E+00	1.34666961E-02	3.75209858E-02
3.98701344E-01	5.19533742E+00	1.34389497E-02	3.72639771E-02
1.70839452E+00	4.96062193E+00	1.34115528E-02	3.70101906E-02
2.92403669E+00	4.39802408E+00	1.33844989E-02	3.67595650E-02
3.96418531E+00	3.54031508E+00	1.33577814E-02	3.65120403E-02
4.75801023E+00	2.44031151E+00	1.33313939E-02	3.62675582E-02
5.25017406E+00	1.16759142E+00	1.33053302E-02	3.60260615E-02
5.40472766E+00	-1.95962188E-01	1.32795842E-02	3.57874949E-02
5.20774358E+00	-1.56150161E+00	1.32541502E-02	3.55518041E-02
4.66849374E+00	-2.83908608E+00	1.32290222E-02	3.53189363E-02
3.81907446E+00	-3.94369128E+00	1.32041947E-02	3.50888400E-02
2.71248790E+00	-4.80094984E+00	1.31796623E-02	3.48614648E-02
1.41929419E+00	-5.35222986E+00	1.31554195E-02	3.46367616E-02
2.30479151E-02	-5.55869957E+00	1.31314611E-02	3.44146826E-02
-1.38518212E+00	-5.40409275E+00	1.31077821E-02	3.41951809E-02
-2.71284547E+00	-4.89597530E+00	1.30843775E-02	3.39782109E-02
-3.87208949E+00	-4.06541477E+00	1.30612425E-02	3.37637280E-02
-4.78566690E+00	-2.96506276E+00	1.30383722E-02	3.35516885E-02
-5.39216791E+00	-1.66576924E+00	1.30157621E-02	3.33420500E-02
-5.65021694E+00	-2.51949015E-01	1.29934076E-02	3.31347710E-02
-5.54134227E+00	1.18399248E+00	1.29713043E-02	3.29298107E-02
-5.07131616E+00	2.54780045E+00	1.29494479E-02	3.27271295E-02
-4.26986649E+00	3.74966448E+00	1.29278342E-02	3.25266886E-02
-3.18877227E+00	4.71023785E+00	1.29064591E-02	3.23284502E-02
-1.89846576E+00	5.36597180E+00	1.28853185E-02	3.21323771E-02
-4.83367207E-01	5.67340010E+00	1.28644084E-02	3.19384331E-02
9.63734382E-01	5.61207908E+00	1.28437252E-02	3.17465829E-02
2.34787459E+00	5.18598038E+00	1.28232648E-02	3.15567917E-02
3.57826081E+00	4.42323856E+00	1.28030238E-02	3.13690256E-02
4.57434177E+00	3.37426876E+00	1.27829984E-02	3.11832516E-02
5.27118613E+00	2.10838131E+00	1.27631852E-02	3.09994373E-02
5.62380412E+00	7.09123425E-01	1.27435807E-02	3.08175508E-02
5.61011816E+00	-7.31334347E-01	1.27241815E-02	3.06375611E-02
5.23238191E+00	-2.11838377E+00	1.27049844E-02	3.04594379E-02
4.51695307E+00	-3.36131441E+00	1.26859860E-02	3.02831514E-02
3.51243927E+00	-4.37936691E+00	1.26671833E-02	3.01086725E-02
2.28634768E+00	-5.10709242E+00	1.26485732E-02	2.99359728E-02
9.20471720E-01	-5.49865473E+00	1.26301525E-02	2.97650242E-02
-4.94665330E-01	-5.53078605E+00	1.26119184E-02	2.95957996E-02
-1.86592663E+00	-5.20420058E+00	1.25938679E-02	2.94282721E-02
-3.10381731E+00	-4.54337738E+00	1.25759982E-02	2.92624156E-02
-4.12845125E+00	-3.59473655E+00	1.25583065E-02	2.90982044E-02
-4.87482303E+00	-2.42334362E+00	1.25407901E-02	2.89356133E-02
-5.29702940E+00	-1.10837783E+00	1.25234463E-02	2.87746177E-02
-5.37115936E+00	2.62316401E-01	1.25062725E-02	2.86151934E-02
-5.09666580E+00	1.59821406E+00	1.24892660E-02	2.84573169E-02
-4.49613826E+00	2.81221540E+00	1.24724245E-02	2.83009649E-02
-3.61350751E+00	3.82645324E+00	1.24557453E-02	2.81461147E-02
-2.51082106E+00	4.57740618E+00	1.24392262E-02	2.79927441E-02
-1.26382654E+00	5.01997402E+00	1.24228647E-02	2.78408311E-02
4.33196752E-02	5.13024711E+00	1.24066586E-02	2.76903545E-02
1.32384409E+00	4.90679495E+00	1.23906055E-02	2.75412932E-02
2.49424236E+00	4.37040422E+00	1.23747031E-02	2.73936266E-02
3.47985317E+00	3.56230526E+00	1.23589494E-02	2.72473346E-02
4.21973947E+00	2.54103088E+00	1.23433422E-02	2.71023973E-02
4.67054978E+00	1.37814499E+00	1.23278793E-02	2.69587953E-02
4.80910846E+00	1.53154235E-01	1.23125587E-02	2.68165097E-02
4.63357613E+00	-1.05203138E+00	1.22973783E-02	2.66755216E-02
4.16312403E+00	-2.15869682E+00	1.22823362E-02	2.65358128E-02
3.43617137E+00	-3.09658916E+00	1.22674305E-02	2.63973652E-02
2.50733496E+00	-3.80849302E+00	1.22526591E-02	2.62601612E-02
1.44332862E+00	-4.25380848E+00	1.22380203E-02	2.61241835E-02
3.18119744E-01	-4.41090157E+00	1.22235122E-02	2.59894151E-02
-7.92302450E-01	-4.27808827E+00	1.22091329E-02	2.58558392E-02
-1.81517189E+00	-3.87321226E+00	1.21948808E-02	2.57234395E-02
-2.68583477E+00	-3.23187768E+00	1.21807540E-02	2.55921999E-02
-3.35194669E+00	-2.40449207E+00	1.21667508E-02	2.54621045E-02
-3.77669793E+00	-1.45235694E+00	1.21528695E-02	2.53331379E-02
-3.94086238E+00	-4.43105901E-01	1.21391086E-02	2.52052849E-02
-3.84355468E+00	5.54169081E-01	1.21254664E-02	2.50785304E-02
-3.50167530E+00	1.47374826E+00	1.21119412E-02	2.49528597E-02
-2.94811872E+00	2.25772777E+00	1.20985316E-02	2.48282585E-02
-2.22890725E+00	2.85976874E+00	1.20852359E-02	2.47047126E-02
-1.39948728E+00	3.24790219E+00	1.20720528E-02	2.45822079E-02
-5.20479536E-01	3.40621509E+00	1.20589806E-02	2.44607309E-02
3.46792298E-01	3.33532905E+00	1.20460179E-02	2.43402681E-02
1.14466278E+00	3.05167405E+00	1.20331634E-02	2.42208062E-02
1.82306065E+00	2.58564841E+00	1.20204156E-02	2.41023323E-02
2.34274456E+00	1.97883584E+00	1.20077730E-02	2.39848336E-02
2.67762318E+00	1.28051591E+00	1.19952344E-02	2.38682976E-02
2.81601855E+00	5.43750255E-01	1.19827985E-02	2.37527119E-02
2.76081506E+00	-1.78649322E-01	1.19704638E-02	2.36380644E-02
2.52852162E+00	-8.37964721E-01	1.19582292E-02	2.35243432E-02
2.14735651E+00	-1.39294432E+00	1.19460933E-02	2.34115366E-02
1.65453523E+00	-1.81246583E+00	1.19340549E-02	2.32996330E-02
1.09299766E+00	-2.07731181E+00	1.19221127E-02	2.31886211E-02
5.07846664E-01	-2.18095400E+00	1.19102657E-02	2.30784899E-02
-5.72150117E-02	-2.12932255E+00	1.18985125E-02	2.29692283E-02
-5.63171616E-01	-1.93961611E+00	1.18868520E-02	2.28608255E-02
-9.78456521E-01	-1.63828218E+00	1.18752831E-02	2.27532710E-02
-1.28099013E+00	-1.25835911E+00	1.18638046E-02	2.26465543E-02
-1.45935731E+00	-8.36416306E-01	1.18524154E-02	2.25406653E-02
-1.51306095E+00	-4.09354382E-01	1.18411145E-02	2.24355937E-02
-1.45186448E+00	-1.13314895E-02	1.18299007E-02	2.23313297E-02
-1.29430996E+00	3.28935864E-01	1.18187731E-02	2.22278635E-02
-1.06556328E+00	5.90286044E-01	1.18077305E-02	2.21251854E-02
-7.94790024E-01	7.60481824E-01	1.17967719E-02	2.20232862E-02
-5.12299354E-01	8.36743948E-01	1.17858963E-02	2.19221563E-02
-2.46707433E-01	8.25428388E-01	1.17751028E-02	2.18217868E-02
-2.23650626E-02	7.40899464E-01	1.17643904E-02	2.17221685E-02
1.42732926E-01	6.03718133E-01	1.17537581E-02	2.16232926E-02
2.38383785E-01	4.38321105E-01	1.17432049E-02	2.15251503E-02
2.62844463E-01	2.70407450E-01	1.17327299E-02	2.14277332E-02
2.22684499E-01	1.24271832E-01	1.17223323E-02	2.13310326E-02
1.31849075E-01	2.03256174E-02	1.17120111E-02	2.12350403E-02
1.00257308E-02	-2.69711614E-02	1.17017654E-02	2.11397480E-02
-1.19531387E-01	-1.05811289E-02	1.16915943E-02	2.10451477E-02
-2.32518668E-01	6.83688632E-02	1.16814970E-02	2.09512315E-02
-3.06210441E-01	2.00644797E-01	1.16714727E-02	2.08579915E-02
-3.21955104E-01	3.69759896E-01	1.16615205E-02	2.07654199E-02
-2.67308606E-01	5.53554769E-01	1.16516395E-02	2.06735092E-02
-1.37603941E-01	7.26367020E-01	1.16418291E-02	2.05822520E-02
6.31972612E-02	8.61600548E-01	1.16320883E-02	2.04916407E-02
3.22463870E-01	9.34466876E-01	1.16224164E-02	2.04016683E-02
6.19688217E-01	9.24651975E-01	1.16128126E-02	2.03123274E-02
9.28063309E-01	8.18663893E-01	1.16032762E-02	2.02236111E-02
1.21672514E+00	6.11639160E-01	1.15938064E-02	2.01355124E-02
1.45348022E+00	3.08427884E-01	1.15844025E-02	2.00480245E-02
1.60779186E+00	-7.61646306E-02	1.15750636E-02	1.99611407E-02
1.65377014E+00	-5.18032445E-01	1.15657893E-02	1.98748542E-02
1.57290306E+00	-9.85297076E-01	1.15565786E-02	1.97891586E-02
1.35628016E+00	-1.44061119E+00	1.15474309E-02	1.97040474E-02
1.00609536E+00	-1.84407107E+00	1.15383456E-02	1.96195143E-02
5.36269611E-01	-2.15651430E+00	1.15293219E-02	1.95355529E-02
-2.78978576E-02	-2.34293914E+00	1.15203592E-02	1.94521572E-02
-6.51062911E-01	-2.37576306E+00	1.15114568E-02	1.93693210E-02
-1.29008674E+00	-2.23764118E+00	1.15026140E-02	1.92870382E-02
-1.89705742E+00	-1.92359172E+00	1.14938304E-02	1.92053031E-02
-2.42286894E+00	-1.44222313E+00	1.14851051E-02	1.91241098E-02
-2.82109086E+00	-8.15923024E-01	1.14764376E-02	1.90434524E-02
-3.05182879E+00	-7.99479548E-02	1.14678273E-02	1.89633255E-02
-3.08526543E+00	7.19561081E-01	1.14592735E-02	1.88837232E-02
-2.90458653E+00	1.52852600E+00	1.14507757E-02	1.88046403E-02
-2.50803406E+00	2.28864996E+00	1.14423333E-02	1.87260711E-02
-1.90988840E+00	2.94164731E+00	1.14339457E-02	1.86480104E-02
-1.14025853E+00	3.43367631E+00	1.14256124E-02	1.85704529E-02
-2.43647628E-01	3.71963934E+00	1.14173327E-02	1.84933933E-02
7.23644639E-01	3.76701386E+00	1.14091061E-02	1.84168266E-02
1.69712976E+00	3.55890199E+00	1.14009320E-02	1.83407476E-02
2.60851219E+00	3.09603616E+00	1.13928101E-02	1.82651513E-02
3.39054240E+00	2.39754944E+00	1.13847395E-02	1.81900328E-02
3.98199245E+00	1.50040644E+00	1.13767200E-02	1.81153873E-02
4.33238510E+00	4.57489485E-01	1.13687509E-02	1.80412099E-02
4.40611434E+00	-6.65564704E-01	1.13608318E-02	1.79674959E-02
4.18562975E+00	-1.79458533E+00	1.13529620E-02	1.78942406E-02
3.67341745E+00	-2.85186767E+00	1.13451412E-02	1.78214395E-02
2.89259198E+00	-3.76160950E+00	1.13373689E-02	1.77490879E-02
1.88601145E+00	-4.45539810E+00	1.13296445E-02	1.76771813E-02
7.13935022E-01	-4.87734741E+00	1.13219676E-02	1.76057154E-02
-5.49650165E-01	-4.98849972E+00	1.13143377E-02	1.75346858E-02
-1.82180422E+00	-4.77015027E+00	1.13067543E-02	1.74640881E-02
-3.01619686E+00	-4.22582292E+00	1.12992170E-02	1.73939181E-02
-4.04907638E+00	-3.38171692E+00	1.12917253E-02	1.73241716E-02
-4.84522554E+00	-2.28555179E+00	1.12842788E-02	1.72548445E-02
-5.34347596E+00	-1.00385189E+00	1.12768770E-02	1.71859325E-02
-5.50137428E+00	3.82173486E-01	1.12695196E-02	1.71174318E-02
-5.29864589E+00	1.78189394E+00	1.12622060E-02	1.70493383E-02
-4.73918087E+00	3.10131655E+00	1.12549358E-02	1.69816480E-02
-3.85136731E+00	4.24952591E+00	1.12477087E-02	1.69143572E-02
-2.68671250E+00	5.14505628E+00	1.12405241E-02	1.68474619E-02
-1.31681370E+00	5.72174271E+00	1.12333818E-02	1.67809583E-02
1.71140366E-01	5.93362649E+00	1.12262812E-02	1.67148427E-02
1.68004815E+00	5.75855023E+00	1.12192221E-02	1.66491115E-02
3.10937577E+00	5.20016477E+00	1.12122039E-02	1.65837609E-02
4.36199754E+00	4.28817816E+00	1.12052264E-02	1.65187873E-02
5.35092226E+00	3.07679938E+00	1.11982891E-02	1.64541873E-02
6.00543160E+00	1.64145622E+00	1.11913916E-02	1.63899573E-02
6.27619147E+00	7.39904228E-02	1.11845336E-02	1.63260937E-02
6.13896386E+00	-1.52335679E+00	1.11777147E-02	1.62625933E-02
5.59663998E+00	-3.04476571E+00	1.11709346E-02	1.61994526E-02
4.67943061E+00	-4.38800098E+00	1.11641928E-02	1.61366682E-02
3.44317687E+00	-5.46142179E+00	1.11574891E-02	1.60742369E-02
1.96587650E+00	-6.19034992E+00	1.11508230E-02	1.60121553E-02
3.42646828E-01	-6.52234618E+00	1.11441942E-02	1.59504204E-02
-1.32054263E+00	-6.43101737E+00	1.11376024E-02	1.58890288E-02
-2.91394549E+00	-5.91807553E+00	1.11310472E-02	1.58279775E-02
-4.33143943E+00	-5.01349087E+00	1.11245284E-02	1.57672633E-02
-5.47774335E+00	-3.77371152E+00	1.11180455E-02	1.57068832E-02
-6.27495078E+00	-2.27805812E+00	1.11115983E-02	1.56468341E-02
-6.66792340E+00	-6.23529259E-01	1.11051864E-02	1.55871131E-02
-6.62816536E+00	1.08163431E+00	1.10988094E-02	1.55277171E-02
-6.15590260E+00	2.72519009E+00	1.10924672E-02	1.54686433E-02
-5.28021471E+00	4.19844447E+00	1.10861593E-02	1.54098888E-02
-4.05720177E+00	5.40359521E+00	1.10798855E-02	1.53514507E-02
-2.56630464E+00	6.26036014E+00	1.10736455E-02	1.52933261E-02
-9.05025952E-01	6.71143430E+00	1.10674389E-02	1.52355124E-02
8.17589669E-01	6.72639786E+00	1.10612655E-02	1.51780066E-02
2.48827086E+00	6.30380372E+00	1.10551250E-02	1.51208062E-02
3.99712944E+00	5.47129964E+00	1.10490170E-02	1.50639084E-02
5.24504343E+00	4.28377543E+00	1.10429413E-02	1.50073106E-02
6.15030728E+00	2.81966237E+00	1.10368976E-02	1.49510101E-02
6.65409446E+00	1.17563995E+00	1.10308857E-02	1.48950043E-02
6.72436020E+00	-5.39885704E-01	1.10249052E-02	1.48392907E-02
6.35792044E+00	-2.21408269E+00	1.10189559E-02	1.47838667E-02
5.58056990E+00	-3.73727215E+00	1.10130374E-02	1.47287298E-02
4.44523765E+00	-5.01026590E+00	1.10071497E-02	1.46738775E-02
3.02831416E+00	-5.95096223E+00	1.10012922E-02	1.46193074E-02
1.42440918E+00	-6.49975275E+00	1.09954649E-02	1.45650170E-02
-2.60093092E-01	-6.62337706E+00	1.09896675E-02	1.45110039E-02
-1.91423436E+00	-6.31697135E+00	1.09838996E-02	1.44572659E-02
-3.42994154E+00	-5.60418272E+00	1.09781611E-02	1.44038004E-02
-4.70923397E+00	-4.53535544E+00	1.09724517E-02	1.43506052E-02
-5.67068852E+00	-3.18392796E+00	1.09667711E-02	1.42976781E-02
-6.25472779E+00	-1.64130180E+00	1.09611191E-02	1.42450166E-02
-6.42738113E+00	-1.05462335E-02	1.09554954E-02	1.41926187E-02
-6.18227694E+00	1.60062021E+00	1.09498999E-02	1.41404820E-02
-5.54074858E+00	3.08708508E+00	1.09443323E-02	1.40886045E-02
-4.55006751E+00	4.35333661E+00	1.09387923E-02	1.40369838E-02
-3.27994620E+00	5.31972336E+00	1.09332797E-02	1.39856179E-02
-1.81757067E+00	5.92756081E+00	1.09277943E-02	1.39345047E-02
-2.61520803E-01	6.14275163E+00	1.09223359E-02	1.38836420E-02
1.28499153E+00	5.95769255E+00	1.09169042E-02	1.38330277E-02
2.72109520E+00	5.39136249E+00	1.09114991E-02	1.37826599E-02
3.95496423E+00	4.48761292E+00	1.09061202E-02	1.37325365E-02
4.90980047E+00	3.31180549E+00	1.09007674E-02	1.36826554E-02
5.52869734E+00	1.94605325E+00	1.08954404E-02	1.36330147E-02
5.77807174E+00	4.83414559E-01	1.08901392E-02	1.35836125E-02
5.64945454E+00	-9.78545320E-01	1.08848633E-02	1.35344467E-02
5.15954743E+00	-2.34437301E+00	1.08796127E-02	1.34855155E-02
4.34857520E+00	-3.52707019E+00	1.08743872E-02	1.34368170E-02
3.27707964E+00	-4.45373250E+00	1.08691864E-02	1.33883492E-02
2.02140640E+00	-5.07011250E+00	1.08640103E-02	1.33401103E-02
6.68221390E-01	-5.34381685E+00	1.08588586E-02	1.32920984E-02
-6.91546339E-01	-5.26594830E+00	1.08537312E-02	1.32443118E-02
-1.96890689E+00	-4.85111474E+00	1.08486278E-02	1.31967487E-02
-3.08272807E+00	-4.13584278E+00	1.08435482E-02	1.31494071E-02
-3.96497051E+00	-3.17554261E+00	1.08384923E-02	1.31022855E-02
-4.56489634E+00	-2.04026873E+00	1.08334599E-02	1.30553820E-02
-4.85198791E+00	-8.09598422E-01	1.08284507E-02	1.30086948E-02
-4.81740932E+00	4.32996259E-01	1.08234646E-02	1.29622224E-02
-4.47394906E+00	1.60588155E+00	1.08185014E-02	1.29159629E-02
-3.85448956E+00	2.63470171E+00	1.08135610E-02	1.28699148E-02
-3.00915114E+00	3.45715803E+00	1.08086431E-02	1.28240763E-02
-2.00134634E+00	4.02681585E+00	1.08037476E-02	1.27784458E-02
-9.03050310E-01	4.31570498E+00	1.07988743E-02	1.27330217E-02
2.10360753E-01	4.31557028E+00	1.07940230E-02	1.26878024E-02
1.26533133E+00	4.03772792E+00	1.07891936E-02	1.26427862E-02
2.19504338E+00	3.51158210E+00	1.07843859E-02	1.25979717E-02
2.94369586E+00	2.78194990E+00	1.07795997E-02	1.25533572E-02
3.46986999E+00	1.90542093E+00	1.07748348E-02	1.25089412E-02
3.74877661E+00	9.46039735E-01	1.07700911E-02	1.24647221E-02
3.77326795E+00	-2.93627751E-02	1.07653684E-02	1.24206985E-02
3.55358742E+00	-9.55848626E-01	1.07606666E-02	1.23768688E-02
3.11592200E+00	-1.77473333E+00	1.07559855E-02	1.23332317E-02
2.49990434E+00	-2.43733242E+00	1.07513250E-02	1.22897855E-02
1.75528192E+00	-2.90785314E+00	1.07466848E-02	1.22465288E-02
9.38022138E-01	-3.16526010E+00	1.07420648E-02	1.22034603E-02
1.06152605E-01	-3.20402407E+00	1.07374650E-02	1.21605784E-02
-6.84355924E-01	-3.03374640E+00	1.07328850E-02	1.21178818E-02
-1.38337173E+00	-2.67773350E+00	1.07283248E-02	1.20753691E-02
-1.94979262E+00	-2.17066837E+00	1.07237843E-02	1.20330388E-02
-2.35394119E+00	-1.55558650E+00	1.07192632E-02	1.19908897E-02
-2.57902734E+00	-8.80405321E-01	1.07147615E-02	1.19489203E-02
-2.62161459E+00	-1.94279091E-01	1.07102789E-02	1.19071293E-02
-2.49110223E+00	4.55947386E-01	1.07058154E-02	1.18655154E-02
-2.20830762E+00	1.02893173E+00	1.07013708E-02	1.18240772E-02
-1.80329591E+00	1.49145608E+00	1.06969449E-02	1.17828136E-02
-1.31265375E+00	1.82031274E+00	1.06925377E-02	1.17417230E-02
-7.76436883E-01	2.00334977E+00	1.06881489E-02	1.17008044E-02
-2.35035510E-01	2.03964093E+00	1.06837785E-02	1.16600564E-02
2.73803375E-01	1.93881161E+00	1.06794263E-02	1.16194777E-02
7.17579992E-01	1.71961511E+00	1.06750922E-02	1.15790671E-02
1.07109396E+00	1.40790655E+00	1.06707761E-02	1.15388235E-02
1.31781680E+00	1.03420080E+00	1.06664777E-02	1.14987455E-02
1.45051523E+00	6.31024682E-01	1.06621970E-02	1.14588319E-02
1.47111693E+00	2.30279734E-01	1.06579339E-02	1.14190816E-02
1.38987010E+00	-1.39179003E-01	1.06536882E-02	1.13794934E-02
1.22390108E+00	-4.53568964E-01	1.06494598E-02	1.13400661E-02
9.95317091E-01	-6.95671267E-01	1.06452486E-02	1.13007985E-02
7.29030828E-01	-8.55696447E-01	1.06410544E-02	1.12616895E-02
4.50497614E-01	-9.31488313E-01	1.06368772E-02	1.12227379E-02
1.83554586E-01	-9.28084526E-01	1.06327167E-02	1.11839426E-02
-5.14654522E-02	-8.56704017E-01	1.06285730E-02	1.11453025E-02
-2.39202788E-01	-7.33275196E-01	1.06244458E-02	1.11068165E-02
-3.70219969E-01	-5.76651964E-01	1.06203350E-02	1.10684835E-02
-4.41376538E-01	-4.06684347E-01	1.06162406E-02	1.10303023E-02
-4.55624761E-01	-2.42316070E-01	1.06121624E-02	1.09922720E-02
-4.21270687E-01	-9.98724183E-02	1.06081003E-02	1.09543914E-02
-3.50788583E-01	8.32041168E-03	1.06040542E-02	1.09166595E-02
-2.59311774E-01	7.48765702E-02	1.06000239E-02	1.08790752E-02
-1.62946599E-01	9.77857945E-02	1.05960094E-02	1.08416375E-02
-7.70668764E-02	8.03217721E-02	1.05920106E-02	1.08043453E-02
-1.47434351E-02	3.04490707E-02	1.05880273E-02	1.07671977E-02
1.45526277E-02	-4.02029025E-02	1.05840594E-02	1.07301936E-02
5.86154978E-03	-1.17694215E-01	1.05801068E-02	1.06933320E-02
-4.08138481E-02	-1.87325730E-01	1.05761695E-02	1.06566119E-02
-1.20550585E-01	-2.35241286E-01	1.05722472E-02	1.06200324E-02
-2.24030883E-01	-2.49932455E-01	1.05683400E-02	1.05835924E-02
-3.38497277E-01	-2.23508140E-01	1.05644476E-02	1.05472910E-02
-4.49046924E-01	-1.52613490E-01	1.05605701E-02	1.05111272E-02
-5.40145361E-01	-3.89144539E-02	1.05567072E-02	1.04751002E-02
-5.97221271E-01	1.10897031E-01	1.05528590E-02	1.04392088E-02
-6.08197081E-01	2.85579942E-01	1.05490252E-02	1.04034523E-02
-5.64815909E-01	4.70263655E-01	1.05452058E-02	1.03678296E-02
-4.63642909E-01	6.47731738E-01	1.05414007E-02	1.03323400E-02
-3.06646905E-01	7.99959837E-01	1.05376098E-02	1.02969823E-02
-1.01304041E-01	9.09774729E-01	1.05338330E-02	1.02617558E-02
1.39794123E-01	9.62490211E-01	1.05300702E-02	1.02266596E-02
3.99803264E-01	9.47376157E-01	1.05263213E-02	1.01916928E-02
6.58894571E-01	8.58829774E-01	1.05225862E-02	1.01568544E-02
8.95828332E-01	6.97141792E-01	1.05188648E-02	1.01221437E-02
1.08970559E+00	4.68783080E-01	1.05151571E-02	1.00875597E-02
1.22175393E+00	1.86176249E-01	1.05114628E-02	1.00531016E-02
1.27699871E+00	-1.33040833E-01	1.05077821E-02	1.00187686E-02
1.24567804E+00	-4.67210679E-01	1.05041146E-02	9.98455982E-03
1.12427905E+00	-7.92223583E-01	1.05004605E-02	9.95047442E-03
9.16101536E-01	-1.08333774E+00	1.04968195E-02	9.91651157E-03
6.31292337E-01	-1.31711072E+00	1.04931916E-02	9.88267046E-03
2.86335088E-01	-1.47328971E+00	1.04895767E-02	9.84895028E-03
-9.69763578E-02	-1.53650896E+00	1.04859747E-02	9.81535023E-03
-4.93011244E-01	-1.49765567E+00	1.04823855E-02	9.78186949E-03
-8.74115928E-01	-1.35478989E+00	1.04788090E-02	9.74850729E-03
-1.21263424E+00	-1.11353713E+00	1.04752452E-02	9.71526284E-03
-1.48298173E+00	-7.86912533E-01	1.04716940E-02	9.68213536E-03
-1.66361514E+00	-3.94579056E-01	1.04681553E-02	9.64912408E-03
-1.73874410E+00	3.84142275E-02	1.04646290E-02	9.61622823E-03
-1.69965037E+00	4.83326831E-01	1.04611150E-02	9.58344705E-03
-1.54550781E+00	9.09733625E-01	1.04576132E-02	9.55077980E-03
-1.28363339E+00	1.28769749E+00	1.04541236E-02	9.51822573E-03
-9.29141751E-01	1.58994744E+00	1.04506461E-02	9.48578409E-03
-5.04020764E-01	1.79389987E+00	1.04471806E-02	9.45345416E-03
-3.56888494E-02	1.88337053E+00	1.04437270E-02	9.42123520E-03
4.44865355E-01	1.84984702E+00	1.04402852E-02	9.38912650E-03
9.05228796E-01	1.69322293E+00	1.04368553E-02	9.35712734E-03
1.31384073E+00	1.42193426E+00	1.04334370E-02	9.32523701E-03
1.64223514E+00	1.05248258E+00	1.04300303E-02	9.29345480E-03
1.86708521E+00	6.08374472E-01	1.04266352E-02	9.26178002E-03
1.97189999E+00	1.18549953E-01	1.04232516E-02	9.23021198E-03
1.94824803E+00	-3.84589696E-01	1.04198793E-02	9.19874998E-03
1.79641741E+00	-8.67414551E-01	1.04165184E-02	9.16739335E-03
1.52546174E+00	-1.29739972E+00	1.04131687E-02	9.13614142E-03
1.15262697E+00	-1.64539294E+00	1.04098302E-02	9.10499351E-03
7.02198115E-01	-1.88765372E+00	1.04065028E-02	9.07394896E-03
2.03847462E-01	-2.00751800E+00	1.04031865E-02	9.04300711E-03
-3.09398715E-01	-1.99656956E+00	1.03998811E-02	9.01216730E-03
-8.03430256E-01	-1.85523496E+00	1.03965865E-02	8.98142889E-03
-1.24539890E+00	-1.59276057E+00	1.03933029E-02	8.95079123E-03
-1.60597367E+00	-1.22657432E+00	1.03900299E-02	8.92025369E-03
-1.86134677E+00	-7.81079245E-01	1.03867677E-02	8.88981563E-03
-1.99484971E+00	-2.85965833E-01	1.03835161E-02	8.85947643E-03
-1.99806766E+00	2.25835781E-01	1.03802750E-02	8.82923545E-03
-1.87137655E+00	7.20417987E-01	1.03770445E-02	8.79909209E-03
-1.62386916E+00	1.16521223E+00	1.03738243E-02	8.76904573E-03
-1.27267949E+00	1.53119734E+00	1.03706145E-02	8.73909576E-03
-8.41757911E-01	1.79484620E+00	1.03674150E-02	8.70924158E-03
-3.60187249E-01	1.93967716E+00	1.03642257E-02	8.67948259E-03
1.39838084E-01	1.95730606E+00	1.03610466E-02	8.64981819E-03
6.25225744E-01	1.84793082E+00	1.03578776E-02	8.62024780E-03
1.06423567E+00	1.62022165E+00	1.03547186E-02	8.59077083E-03
1.42861017E+00	1.29063166E+00	1.03515696E-02	8.56138671E-03
1.69543767E+00	8.82183478E-01	1.03484305E-02	8.53209484E-03
1.84862473E+00	4.22823346E-01	1.03453013E-02	8.50289467E-03
1.87988024E+00	-5.65370812E-02	1.03421818E-02	8.47378563E-03
1.78915130E+00	-5.24150763E-01	1.03390721E-02	8.44476716E-03
1.58448989E+00	-9.49587192E-01	1.03359721E-02	8.41583869E-03
1.28136914E+00	-1.30575724E+00	1.03328816E-02	8.38699967E-03
9.01506483E-01	-1.57067358E+00	1.03298007E-02	8.35824956E-03
4.71284070E-01	-1.72883029E+00	1.03267293E-02	8.32958780E-03
1.98831845E-02	-1.77211421E+00	1.03236674E-02	8.30101387E-03
-4.22733134E-01	-1.70019483E+00	1.03206148E-02	8.27252721E-03
-8.27847237E-01	-1.52037705E+00	1.03175715E-02	8.24412730E-03
-1.16988426E+00	-1.24693873E+00	1.03145375E-02	8.21581361E-03
-1.42805237E+00	-9.00010392E-01	1.03115127E-02	8.18758561E-03
-1.58761943E+00	-5.04084684E-01	1.03084970E-02	8.15944279E-03
-1.64074719E+00	-8.62669909E-02	1.03054905E-02	8.13138462E-03
-1.58683712E+00	3.25606323E-01	1.03024929E-02	8.10341060E-03
-1.43237678E+00	7.04849647E-01	1.02995044E-02	8.07552021E-03
-1.19031061E+00	1.02768089E+00	1.02965248E-02	8.04771294E-03
-8.78991275E-01	1.27472882E+00	1.02935540E-02	8.01998831E-03
-5.20795399E-01	1.43219866E+00	1.02905921E-02	7.99234581E-03
-1.40507913E-01	1.49262623E+00	1.02876390E-02	7.96478494E-03
2.36407349E-01	1.45518122E+00	1.02846946E-02	7.93730521E-03
5.85529160E-01	1.32551271E+00	1.02817588E-02	7.90990615E-03
8.85075039E-01	1.11516184E+00	1.02788316E-02	7.88258726E-03
1.11726698E+00	8.40595724E-01	1.02759130E-02	7.85534806E-03
1.26938102E+00	5.21941056E-01	1.02730030E-02	7.82818809E-03
1.33441961E+00	1.81514066E-01	1.02701013E-02	7.80110686E-03
1.31137392E+00	-1.57745762E-01	1.02672081E-02	7.77410392E-03
1.20507249E+00	-4.73827863E-01	1.02643233E-02	7.74717878E-03
1.02564166E+00	-7.47083179E-01	1.02614467E-02	7.72033100E-03
7.87628688E-01	-9.61443789E-01	1.02585784E-02	7.69356011E-03
5.08860294E-01	-1.10535432E+00	1.02557183E-02	7.66686565E-03
2.09124478E-01	-1.17236262E+00	1.02528664E-02	7.64024718E-03
-9.12273538E-02	-1.16134279E+00	1.02500226E-02	7.61370425E-03
-3.72659477E-01	-1.07634992E+00	1.02471869E-02	7.58723641E-03
-6.17718793E-01	-9.26131539E-01	1.02443591E-02	7.56084321E-03
-8.12107848E-01	-7.23343286E-01	1.02415394E-02	7.53452422E-03
-9.45498906E-01	-4.83534874E-01	1.02387275E-02	7.50827901E-03
-1.01204472E+00	-2.23985377E-01	1.02359236E-02	7.48210714E-03
-1.01056440E+00	3.75260651E-02	1.02331275E-02	7.45600817E-03
-9.44406315E-01	2.83927380E-01	1.02303391E-02	7.42998169E-03
-8.21011923E-01	4.99957176E-01	1.02275585E-02	7.40402727E-03
-6.51224243E-01	6.73094341E-01	1.02247856E-02	7.37814449E-03
-4.48400116E-01	7.94258380E-01	1.02220204E-02	7.35233293E-03
-2.27396219E-01	8.58243687E-01	1.02192627E-02	7.32659218E-03
-3.50418360E-03	8.63871063E-01	1.02165126E-02	7.30092183E-03
2.08589994E-01	8.13860142E-01	1.02137700E-02	7.27532146E-03
3.95752473E-01	7.14445473E-01	1.02110349E-02	7.24979067E-03
5.47194215E-01	5.74775550E-01	1.02083073E-02	7.22432906E-03
6.55063648E-01	4.06147110E-01	1.02055870E-02	7.19893623E-03
7.14809460E-01	2.21135635E-01	1.02028740E-02	7.17361178E-03
7.25301053E-01	3.26869973E-02	1.02001684E-02	7.14835531E-03
6.88711651E-01	-1.46765639E-01	1.01974700E-02	7.12316644E-03
6.10185141E-01	-3.06100747E-01	1.01947788E-02	7.09804477E-03
4.97321530E-01	-4.36173375E-01	1.01920948E-02	7.07298992E-03
3.59526490E-01	-5.30308319E-01	1.01894180E-02	7.04800151E-03
2.07277257E-01	-5.84597764E-01	1.01867482E-02	7.02307915E-03
5.13599174E-02	-5.97994541E-01	1.01840855E-02	6.99822246E-03
-9.78681138E-02	-5.72206782E-01	1.01814298E-02	6.97343107E-03
-2.31141584E-01	-5.11413136E-01	1.01787811E-02	6.94870461E-03
-3.40836067E-01	-4.21828984E-01	1.01761393E-02	6.92404271E-03
-4.21371444E-01	-3.11162510E-01	1.01735044E-02	6.89944499E-03
-4.69451780E-01	-1.88004702E-01	1.01708764E-02	6.87491109E-03
-4.84135625E-01	-6.11991605E-02	1.01682551E-02	6.85044065E-03
-4.66742878E-01	6.07639671E-02	1.01656407E-02	6.82603331E-03
-4.20615285E-01	1.70290091E-01	1.01630330E-02	6.80168870E-03
-3.50756582E-01	2.61125567E-01	1.01604319E-02	6.77740648E-03
-2.63384946E-01	3.28682432E-01	1.01578376E-02	6.75318629E-03
-1.65434247E-01	3.70228526E-01	1.01552498E-02	6.72902778E-03
-6.40416449E-02	3.84939262E-01	1.01526687E-02	6.70493060E-03
3.39425493E-02	3.73817138E-01	1.01500941E-02	6.68089441E-03
1.22390891E-01	3.39493783E-01	1.01475260E-02	6.65691885E-03
1.96254819E-01	2.85936368E-01	1.01449644E-02	6.63300359E-03
2.51822156E-01	2.18085291E-01	1.01424092E-02	6.60914829E-03
2.86865704E-01	1.41452785E-01	1.01398605E-02	6.58535262E-03
3.00680814E-01	6.17126655E-02	1.01373180E-02	6.56161623E-03
2.94017580E-01	-1.56902245E-02	1.01347820E-02	6.53793879E-03
2.68920159E-01	-8.58857601E-02	1.01322522E-02	6.51431998E-03
2.28491139E-01	-1.44859366E-01	1.01297287E-02	6.49075947E-03
1.76602642E-01	-1.89653778E-01	1.01272114E-02	6.46725692E-03
1.17577866E-01	-2.18484107E-01	1.01247003E-02	6.44381202E-03
5.58669329E-02	-2.30765063E-01	1.01221953E-02	6.42042444E-03
-4.26055501E-03	-2.27055328E-01	1.01196965E-02	6.39709387E-03
-5.89867208E-02	-2.08929278E-01	1.01172038E-02	6.37381999E-03
-1.05164887E-01	-1.78790434E-01	1.01147171E-02	6.35060247E-03
-1.40476536E-01	-1.39643811E-01	1.01122364E-02	6.32744102E-03
-1.63520083E-01	-9.48457752E-02	1.01097617E-02	6.30433531E-03
-1.73830831E-01	-4.78500518E-02	1.01072930E-02	6.28128503E-03
-1.71836188E-01	-1.96730332E-03	1.01048302E-02	6.25828989E-03
-1.58754236E-01	3.98465927E-02	1.01023732E-02	6.23534957E-03
-1.36446909E-01	7.51615693E-02	1.00999222E-02	6.21246377E-03
-1.07241185E-01	1.02195359E-01	1.00974769E-02	6.18963218E-03
-7.37327709E-02	1.19882030E-01	1.00950375E-02	6.16685452E-03
-3.85868200E-02	1.27886553E-01	1.00926038E-02	6.14413048E-03
-4.34928008E-03	1.26568474E-01	1.00901758E-02	6.12145977E-03
2.67192257E-02	1.16900936E-01	1.00877535E-02	6.09884208E-03
5.27774626E-02	1.00353724E-01	1.00853369E-02	6.07627714E-03
7.24988500E-02	7.87507839E-02	1.00829259E-02	6.05376465E-03
8.51241979E-02	5.41135933E-02	1.00805205E-02	6.03130431E-03
9.04712134E-02	2.85019075E-02	1.00781207E-02	6.00889586E-03
8.89029373E-02	3.86285054E-03	1.00757264E-02	5.98653899E-03
8.12598145E-02	-1.81019118E-02	1.00733376E-02	5.96423343E-03
6.87621919E-02	-3.60429220E-02	1.00709543E-02	5.94197890E-03
5.28915940E-02	-4.90377390E-02	1.00685765E-02	5.91977512E-03
3.52600881E-02	-5.66303203E-02	1.00662041E-02	5.89762180E-03
1.74773993E-02	-5.88339669E-02	1.00638371E-02	5.87551868E-03
1.02518605E-03	-5.60992536E-02	1.00614754E-02	5.85346548E-03
-1.28529293E-02	-4.92506196E-02	1.00591190E-02	5.83146192E-03
-2.32382894E-02	-3.93972600E-02	1.00567680E-02	5.80950774E-03
-2.95955329E-02	-2.78255296E-02	1.00544222E-02	5.78760267E-03
-3.17988051E-02	-1.58811727E-02	1.00520817E-02	5.76574644E-03
-3.01245635E-02	-4.85026512E-03	1.00497464E-02	5.74393879E-03
-2.52119976E-02	4.15222758E-03	1.00474163E-02	5.72217944E-03
-1.79943376E-02	1.02779250E-02	1.00450913E-02	5.70046814E-03
-9.60638491E-03	1.30172824E-02	1.00427715E-02	5.67880463E-03
-1.27534728E-03	1.22429471E-02	1.00404567E-02	5.65718865E-03
5.79662449E-03	8.22055287E-03	1.00381471E-02	5.63561993E-03
1.05490146E-02	1.58559171E-03	1.00358425E-02	5.61409823E-03
1.21692739E-02	-6.71251763E-03	1.00335429E-02	5.59262329E-03
1.01800106E-02	-1.54955434E-02	1.00312483E-02	5.57119486E-03
4.49927354E-03	-2.34647619E-02	1.00289587E-02	5.54981268E-03
-4.53210343E-03	-2.93244733E-02	1.00266740E-02	5.52847650E-03
-1.61598422E-02	-3.19111396E-02	1.00243942E-02	5.50718608E-03
-2.92633115E-02	-3.03176412E-02	1.00221193E-02	5.48594118E-03
-4.24384970E-02	-2.40019470E-02	1.00198493E-02	5.46474153E-03
-5.41120063E-02	-1.28701030E-02	1.00175841E-02	5.44358691E-03
-6.26784594E-02	2.67512808E-03	1.00153237E-02	5.42247706E-03
-6.66512190E-02	2.17264404E-02	1.00130681E-02	5.40141175E-03
-6.48146313E-02	4.29085661E-02	1.00108172E-02	5.38039073E-03
-5.63649721E-02	6.44594894E-02	1.00085711E-02	5.35941378E-03
-4.10272678E-02	8.43528816E-02	1.00063297E-02	5.33848064E-03
-1.91361572E-02	1.00454696E-01	1.00040929E-02	5.31759110E-03
8.32900547E-03	1.10703500E-01	1.00018608E-02	5.29674490E-03
3.97616226E-02	1.13301330E-01	9.99963339E-03	5.27594183E-03
7.30009353E-02	1.06899926E-01	9.99741054E-03	5.25518164E-03
1.05459420E-01	9.07663095E-02	9.99519227E-03	5.23446411E-03
1.34298623E-01	6.49120808E-02	9.99297855E-03	5.21378901E-03
1.56643081E-01	3.01724368E-02	9.99076937E-03	5.19315611E-03
1.69817965E-01	-1.17760997E-02	9.98856469E-03	5.17256519E-03
1.71592948E-01	-5.84661738E-02	9.98636449E-03	5.15201602E-03
1.60412770E-01	-1.06760247E-01	9.98416876E-03	5.13150838E-03
1.35594444E-01	-1.53037770E-01	9.98197745E-03	5.11104204E-03
9.74720381E-02	-1.93439515E-01	9.97979056E-03	5.09061680E-03
4.74726425E-02	-2.24154285E-01	9.97760806E-03	5.07023241E-03
-1.18886891E-02	-2.41728530E-01	9.97542992E-03	5.04988868E-03
-7.71016900E-02	-2.43375920E-01	9.97325612E-03	5.02958538E-03
-1.43841491E-01	-2.27262050E-01	9.97108664E-03	5.00932229E-03
-2.07230208E-01	-1.92739374E-01	9.96892145E-03	4.98909920E-03
-2.62165589E-01	-1.40509424E-01	9.96676053E-03	4.96891591E-03
-3.03696308E-01	-7.26933517E-02	9.96460386E-03	4.94877218E-03
-3.27418160E-01	7.20245850E-03	9.96245142E-03	4.92866782E-03
-3.29861704E-01	9.44316198E-02	9.96030318E-03	4.90860262E-03
-3.08840265E-01	1.83261471E-01	9.95815913E-03	4.88857636E-03
-2.63727926E-01	2.67324199E-01	9.95601923E-03	4.86858885E-03
-1.95640311E-01	3.40045760E-01	9.95388347E-03	4.84863986E-03
-1.07496520E-01	3.95125408E-01	9.95175182E-03	4.82872921E-03
-3.94824964E-03	4.27032667E-01	9.94962427E-03	4.80885668E-03
1.08828550E-01	4.31484770E-01	9.94750078E-03	4.78902207E-03
2.23473804E-01	4.05866419E-01	9.94538135E-03	4.76922518E-03
3.31898902E-01	3.49555440E-01	9.94326595E-03	4.74946581E-03
4.25831399E-01	2.64122630E-01	9.94115455E-03	4.72974376E-03
4.97413713E-01	1.53381520E-01	9.93904714E-03	4.71005883E-03
5.39814211E-01	2.32736991E-02	9.93694369E-03	4.69041083E-03
5.47805257E-01	-1.18413070E-01	9.93484418E-03	4.67079956E-03
5.18262307E-01	-2.62484103E-01	9.93274860E-03	4.65122482E-03
4.50541164E-01	-3.98911926E-01	9.93065691E-03	4.63168642E-03
3.46696962E-01	-5.17511109E-01	9.92856911E-03	4.61218417E-03
2.11518149E-01	-6.08669786E-01	9.92648517E-03	4.59271787E-03
5.23610883E-02	-6.64086824E-01	9.92440507E-03	4.57328734E-03
-1.21214988E-01	-6.77460012E-01	9.92232879E-03	4.55389238E-03
-2.97997854E-01	-6.45071041E-01	9.92025630E-03	4.53453281E-03
-4.65827467E-01	-5.66217557E-01	9.91818760E-03	4.51520844E-03
-6.12413482E-01	-4.43451123E-01	9.91612265E-03	4.49591908E-03
-7.26211316E-01	-2.82592083E-01	9.91406144E-03	4.47666455E-03
-7.97295503E-01	-9.25073331E-02	9.91200396E-03	4.45744466E-03
-8.18165917E-01	1.15346102E-01	9.90995017E-03	4.43825923E-03
-7.84423879E-01	3.27591234E-01	9.90790006E-03	4.41910807E-03
-6.95261450E-01	5.29777567E-01	9.90585361E-03	4.39999101E-03
-5.53718058E-01	7.07351393E-01	9.90381080E-03	4.38090786E-03
-3.66673425E-01	8.46685583E-01	9.90177161E-03	4.36185844E-03
-1.44563645E-01	9.36096860E-01	9.89973603E-03	4.34284258E-03
9.91729915E-02	9.66775876E-01	9.89770402E-03	4.32386009E-03
3.48893638E-01	9.33558154E-01	9.89567559E-03	4.30491081E-03
5.87746055E-01	8.35472179E-01	9.89365070E-03	4.28599455E-03
7.98798688E-01	6.76014256E-01	9.89162933E-03	4.26711113E-03
9.66230293E-01	4.63117389E-01	9.88961147E-03	4.24826040E-03
1.07649597E+00	2.08802326E-01	9.88759710E-03	4.22944216E-03
1.11938445E+00	-7.14784410E-02	9.88558620E-03	4.21065625E-03
1.08888578E+00	-3.59770114E-01	9.88357876E-03	4.19190250E-03
9.83798710E-01	-6.36763493E-01	9.88157475E-03	4.17318073E-03
8.08023177E-01	-8.83088257E-01	9.87957415E-03	4.15449079E-03
5.70503866E-01	-1.08066494E+00	9.87757695E-03	4.13583249E-03
2.84814569E-01	-1.21402123E+00	9.87558313E-03	4.11720567E-03
-3.16011554E-02	-1.27147705E+00	9.87359268E-03	4.09861016E-03
-3.58492248E-01	-1.24610865E+00	9.87160556E-03	4.08004581E-03
-6.74101109E-01	-1.13641464E+00	9.86962178E-03	4.06151243E-03
-9.56619481E-01	-9.46625267E-01	9.86764130E-03	4.04300987E-03
-1.18570131E+00	-6.86620082E-01	9.86566411E-03	4.02453797E-03
-1.34392712E+00	-3.71445826E-01	9.86369020E-03	4.00609655E-03
-1.41811419E+00	-2.04549363E-02	9.86171954E-03	3.98768547E-03
-1.40037452E+00	3.43887129E-01	9.85975212E-03	3.96930455E-03
-1.28883720E+00	6.97452198E-01	9.85778792E-03	3.95095364E-03
-1.08797330E+00	1.01606300E+00	9.85582693E-03	3.93263257E-03
-8.08487792E-01	1.27716114E+00	9.85386912E-03	3.91434120E-03
-4.66772879E-01	1.46141334E+00	9.85191448E-03	3.89607935E-03
-8.39482992E-02	1.55414070E+00	9.84996300E-03	3.87784688E-03
3.15455823E-01	1.54646507E+00	9.84801465E-03	3.85964363E-03
7.05090811E-01	1.43608403E+00	9.84606943E-03	3.84146944E-03
1.05855149E+00	1.22760934E+00	9.84412731E-03	3.82332415E-03
1.35118910E+00	9.32433927E-01	9.84218827E-03	3.80520761E-03
1.56184893E+00	5.68124160E-01	9.84025230E-03	3.78711968E-03
1.67440897E+00	1.57368460E-01	9.83831939E-03	3.76906019E-03
1.67900654E+00	-2.73454909E-01	9.83638952E-03	3.75102899E-03
1.57285985E+00	-6.95999341E-01	9.83446267E-03	3.73302594E-03
1.36061752E+00	-1.08184668E+00	9.83253882E-03	3.71505088E-03
1.05420134E+00	-1.40445037E+00	9.83061796E-03	3.69710367E-03
6.72142523E-01	-1.64098991E+00	9.82870008E-03	3.67918415E-03
2.38447442E-01	-1.77400525E+00	9.82678515E-03	3.66129217E-03
-2.18936981E-01	-1.79269252E+00	9.82487316E-03	3.64342760E-03
-6.69958764E-01	-1.69376415E+00	9.82296410E-03	3.62559027E-03
-1.08447446E+00	-1.48180554E+00	9.82105796E-03	3.60778005E-03
-1.43430348E+00	-1.16909455E+00	9.81915470E-03	3.58999679E-03
-1.69518056E+00	-7.74887587E-01	9.81725432E-03	3.57224035E-03
-1.84846863E+00	-3.24213457E-01	9.81535681E-03	3.55451058E-03
-1.88250914E+00	1.53748285E-01	9.81346215E-03	3.53680734E-03
-1.79351051E+00	6.27597552E-01	9.81157031E-03	3.51913048E-03
-1.58590669E+00	1.06582227E+00	9.80968130E-03	3.50147986E-03
-1.27215390E+00	1.43894081E+00	9.80779509E-03	3.48385535E-03
-8.71973090E-01	1.72152956E+00	9.80591166E-03	3.46625680E-03
-4.11084371E-01	1.89399333E+00	9.80403101E-03	3.44868407E-03
8.04838099E-02	1.94395275E+00	9.80215312E-03	3.43113703E-03
5.70397404E-01	1.86714831E+00	9.80027797E-03	3.41361552E-03
1.02619496E+00	1.66779395E+00	9.79840554E-03	3.39611943E-03
1.41749135E+00	1.35835093E+00	9.79653583E-03	3.37864860E-03
1.71805396E+00	9.58733371E-01	9.79466882E-03	3.36120290E-03
1.90760625E+00	4.94996857E-01	9.79280449E-03	3.34378220E-03
1.97323162E+00	-2.40196019E-03	9.79094283E-03	3.32638635E-03
1.91027790E+00	-5.00655934E-01	9.78908382E-03	3.30901524E-03
1.72269742E+00	-9.66827094E-01	9.78722746E-03	3.29166871E-03
1.42279679E+00	-1.37008173E+00	9.78537372E-03	3.27434664E-03
1.03041213E+00	-1.68378555E+00	9.78352259E-03	3.25704889E-03
5.71565807E-01	-1.88731286E+00	9.78167406E-03	3.23977534E-03
7.66974448E-02	-1.96744361E+00	9.77982811E-03	3.22252584E-03
-4.21408151E-01	-1.91925081E+00	9.77798473E-03	3.20530028E-03
-8.89851734E-01	-1.74641661E+00	9.77614391E-03	3.18809851E-03
-1.29785369E+00	-1.46095565E+00	9.77430563E-03	3.17092040E-03
-1.61883581E+00	-1.08236587E+00	9.77246987E-03	3.15376584E-03
-1.83220613E+00	-6.36267524E-01	9.77063663E-03	3.13663469E-03
-1.92472330E+00	-1.52626810E-01	9.76880589E-03	3.11952681E-03
-1.89134726E+00	3.36310101E-01	9.76697764E-03	3.10244209E-03
-1.73551916E+00	7.98227154E-01	9.76515185E-03	3.08538039E-03
-1.46885438E+00	1.20293736E+00	9.76332853E-03	3.06834160E-03
-1.11027397E+00	1.52441700E+00	9.76150765E-03	3.05132557E-03
-6.84639316E-01	1.74253408E+00	9.75968920E-03	3.03433220E-03
-2.20989830E-01	1.84435238E+00	9.75787318E-03	3.01736134E-03
2.49489348E-01	1.82492374E+00	9.75605955E-03	3.00041289E-03
6.95624332E-01	1.68751795E+00	9.75424832E-03	2.98348670E-03
1.08838138E+00	1.44328017E+00	9.75243947E-03	2.96658267E-03
1.40281826E+00	1.11034659E+00	9.75063298E-03	2.94970067E-03
1.61972303E+00	7.12487364E-01	9.74882884E-03	2.93284057E-03
1.72682872E+00	2.77378758E-01	9.74702705E-03	2.91600225E-03
1.71952426E+00	-1.65368196E-01	9.74522758E-03	2.89918560E-03
1.60101893E+00	-5.86279515E-01	9.74343042E-03	2.88239049E-03
1.38195738E+00	-9.58042132E-01	9.74163556E-03	2.86561679E-03
1.07952178E+00	-1.25733701E+00	9.73984299E-03	2.84886440E-03
7.16094074E-01	-1.46635450E+00	9.73805269E-03	2.83213320E-03
3.17581732E-01	-1.57388996E+00	9.73626466E-03	2.81542305E-03
-8.84667286E-02	-1.57594945E+00	9.73447888E-03	2.79873385E-03
-4.74817401E-01	-1.47583223E+00	9.73269533E-03	2.78206548E-03
-8.16435884E-01	-1.28369525E+00	9.73091401E-03	2.76541781E-03
-1.09216739E+00	-1.01564246E+00	9.72913489E-03	2.74879075E-03
-1.28609554E+00	-6.92415660E-01	9.72735798E-03	2.73218415E-03
-1.38848922E+00	-3.37791200E-01	9.72558325E-03	2.71559792E-03
-1.39627896E+00	2.31937772E-02	9.72381070E-03	2.69903193E-03
-1.31304033E+00	3.66051798E-01	9.72204031E-03	2.68248608E-03
-1.14849862E+00	6.68558935E-01	9.72027207E-03	2.66596024E-03
-9.17604414E-01	9.12248884E-01	9.71850596E-03	2.64945430E-03
-6.39260410E-01	1.08358335E+00	9.71674199E-03	2.63296815E-03
-3.34803876E-01	1.17472156E+00	9.71498012E-03	2.61650168E-03
-2.63650691E-02	1.18384368E+00	9.71322035E-03	2.60005477E-03
2.64771900E-01	1.11501772E+00	9.71146268E-03	2.58362731E-03
5.19682624E-01	9.77634461E-01	9.70970708E-03	2.56721919E-03
7.23080096E-01	7.85466894E-01	9.70795355E-03	2.55083030E-03
8.64267202E-01	5.55438223E-01	9.70620207E-03	2.53446053E-03
9.37702125E-01	3.06202355E-01	9.70445263E-03	2.51810976E-03
9.43146378E-01	5.66525908E-02	9.70270522E-03	2.50177790E-03
8.85398466E-01	-1.75523424E-01	9.70095983E-03	2.48546481E-03
7.73648533E-01	-3.75131325E-01	9.69921644E-03	2.46917041E-03
6.20518150E-01	-5.30504524E-01	9.69747505E-03	2.45289458E-03
4.40872587E-01	-6.34212602E-01	9.69573564E-03	2.43663721E-03
2.50508609E-01	-6.83398610E-01	9.69399820E-03	2.42039819E-03
6.48280037E-02	-6.79731322E-01	9.69226273E-03	2.40417742E-03
-1.02394781E-01	-6.28989954E-01	9.69052920E-03	2.38797479E-03
-2.40053059E-01	-5.40328287E-01	9.68879760E-03	2.37179019E-03
-3.40476795E-01	-4.25290208E-01	9.68706794E-03	2.35562352E-03
-3.99874805E-01	-2.96667331E-01	9.68534019E-03	2.33947467E-03
-4.18423556E-01	-1.67300321E-01	9.68361434E-03	2.32334353E-03
-4.00006069E-01	-4.89278942E-02	9.68189038E-03	2.30723001E-03
-3.51633806E-01	4.88188386E-02	9.68016830E-03	2.29113399E-03
-2.82610669E-01	1.19193322E-01	9.67844809E-03	2.27505538E-03
-2.03519112E-01	1.58819534E-01	9.67672974E-03	2.25899406E-03
-1.25122332E-01	1.67850802E-01	9.67501324E-03	2.24294994E-03
-5.72822909E-02	1.49794072E-01	9.67329857E-03	2.22692291E-03
-7.99071261E-03	1.11021433E-01	9.67158573E-03	2.21091287E-03
1.74007691E-02	6.00177847E-02	9.66987470E-03	2.19491971E-03
1.66832883E-02	6.43627984E-03	9.66816548E-03	2.17894335E-03
-9.01781630E-03	-3.99503120E-02	9.66645804E-03	2.16298366E-03
-5.53792262E-02	-7.03052457E-02	9.66475239E-03	2.14704056E-03
-1.15330902E-01	-7.76928294E-02	9.66304851E-03	2.13111394E-03
-1.79781751E-01	-5.78630525E-02	9.66134639E-03	2.11520370E-03
-2.38554499E-01	-9.78163700E-03	9.65964602E-03	2.09930974E-03
-2.81445469E-01	6.41465855E-02	9.65794739E-03	2.08343197E-03
-2.99313027E-01	1.58186336E-01	9.65625048E-03	2.06757027E-03
-2.85094684E-01	2.63708797E-01	9.65455529E-03	2.05172456E-03
-2.34657661E-01	3.69923843E-01	9.65286181E-03	2.03589474E-03
-1.47400785E-01	4.64847971E-01	9.65117003E-03	2.02008070E-03
-2.65458612E-02	5.36426404E-01	9.64947992E-03	2.00428235E-03
1.20917398E-01	5.73712497E-01	9.64779150E-03	1.98849959E-03
2.84639398E-01	5.68000324E-01	9.64610474E-03	1.97273232E-03
4.51647608E-01	5.13807719E-01	9.64441963E-03	1.95698045E-03
6.07359284E-01	4.09617256E-01	9.64273617E-03	1.94124388E-03
7.36791599E-01	2.58300837E-01	9.64105434E-03	1.92552252E-03
8.25871603E-01	6.71784734E-02	9.63937414E-03	1.90981626E-03
8.62736976E-01	-1.52308579E-01	9.63769554E-03	1.89412501E-03
8.38915896E-01	-3.85298173E-01	9.63601855E-03	1.87844869E-03
7.50280927E-01	-6.14537211E-01	9.63434316E-03	1.86278718E-03
5.97687259E-01	-8.21668318E-01	9.63266934E-03	1.84714040E-03
3.87228854E-01	-9.88676704E-01	9.63099710E-03	1.83150826E-03
1.30075340E-01	-1.09938427E+00	9.62932642E-03	1.81589065E-03
-1.58114439E-01	-1.14087034E+00	9.62765729E-03	1.80028749E-03
-4.58171973E-01	-1.10470039E+00	9.62598971E-03	1.78469868E-03
-7.48728704E-01	-9.87855642E-01	9.62432366E-03	1.76912414E-03
-1.00776406E+00	-7.93276929E-01	9.62265913E-03	1.75356375E-03
-1.21427814E+00	-5.29964208E-01	9.62099611E-03	1.73801744E-03
-1.34996173E+00	-2.12606424E-01	9.61933459E-03	1.72248512E-03
-1.40073235E+00	1.39247206E-01	9.61767457E-03	1.70696668E-03
-1.35801148E+00	5.02427101E-01	9.61601603E-03	1.69146204E-03
-1.21963419E+00	8.51713351E-01	9.61435897E-03	1.67597111E-03
-9.90308108E-01	1.16162669E+00	9.61270336E-03	1.66049379E-03
-6.81570388E-01	1.40831081E+00	9.61104921E-03	1.64503000E-03
-3.11229012E-01	1.57136549E+00	9.60939651E-03	1.62957965E-03
9.76864014E-02	1.63548987E+00	9.60774524E-03	1.61414264E-03
5.18400868E-01	1.59180547E+00	9.60609539E-03	1.59871888E-03
9.22199811E-01	1.43874962E+00	9.60444696E-03	1.58330829E-03
1.28043917E+00	1.18245909E+00	9.60279993E-03	1.56791077E-03
1.56661607E+00	8.36600619E-01	9.60115431E-03	1.55252624E-03
1.75834798E+00	4.21644885E-01	9.59951006E-03	1.53715461E-03
1.83911157E+00	-3.63775941E-02	9.59786720E-03	1.52179579E-03
1.79960665E+00	-5.07560717E-01	9.59622570E-03	1.50644969E-03
1.63863545E+00	-9.60134855E-01	9.59458556E-03	1.49111623E-03
1.36342101E+00	-1.36266752E+00	9.59294677E-03	1.47579531E-03
9.89328032E-01	-1.68629658E+00	9.59130931E-03	1.46048685E-03
5.38992971E-01	-1.90683427E+00	9.58967319E-03	1.44519076E-03
4.09135590E-02	-2.00658671E+00	9.58803839E-03	1.42990695E-03
-4.72411554E-01	-1.97575121E+00	9.58640490E-03	1.41463534E-03
-9.66667787E-01	-1.81328232E+00	9.58477271E-03	1.39937585E-03
-1.40808321E+00	-1.52715405E+00	9.58314182E-03	1.38412838E-03
-1.76579458E+00	-1.13398860E+00	9.58151220E-03	1.36889284E-03
-2.01405144E+00	-6.58067185E-01	9.57988387E-03	1.35366916E-03
-2.13409821E+00	-1.29783688E-01	9.57825680E-03	1.33845725E-03
-2.11559502E+00	4.16357287E-01	9.57663098E-03	1.32325703E-03
-1.95746946E+00	9.44062001E-01	9.57500641E-03	1.30806840E-03
-1.66813101E+00	1.41772829E+00	9.57338308E-03	1.29289128E-03
-1.26502477E+00	1.80491151E+00	9.57176098E-03	1.27772559E-03
-7.73548208E-01	2.07860089E+00	9.57014010E-03	1.26257125E-03
-2.25400524E-01	2.21914354E+00	9.56852043E-03	1.24742817E-03
3.43524786E-01	2.21567643E+00	9.56690197E-03	1.23229626E-03
8.95559838E-01	2.06696114E+00	9.56528469E-03	1.21717545E-03
1.39382719E+00	1.78155741E+00	9.56366860E-03	1.20206565E-03
1.80477043E+00	1.37731831E+00	9.56205369E-03	1.18696678E-03
2.10047278E+00	8.80237748E-01	9.56043994E-03	1.17187875E-03
2.26059984E+00	3.22727268E-01	9.55882735E-03	1.15680148E-03
2.27382857E+00	-2.58560139E-01	9.55721590E-03	1.14173489E-03
2.13866029E+00	-8.25209104E-01	9.55560560E-03	1.12667890E-03
1.86355882E+00	-1.33965162E+00	9.55399643E-03	1.11163343E-03
1.46640209E+00	-1.76772570E+00	9.55238838E-03	1.09659838E-03
9.73284349E-01	-2.08100445E+00	9.55078145E-03	1.08157369E-03
4.16751465E-01	-2.25873301E+00	9.54917562E-03	1.06655927E-03
-1.66407819E-01	-2.28923842E+00	9.54757088E-03	1.05155504E-03
-7.37660999E-01	-2.17071458E+00	9.54596724E-03	1.03656091E-03
-1.25934712E+00	-1.91132857E+00	9.54436467E-03	1.02157682E-03
-1.69722644E+00	-1.52864217E+00	9.54276317E-03	1.00660267E-03
-2.02278758E+00	-1.04839100E+00	9.54116274E-03	9.91638389E-04
-2.21515301E+00	-5.02707871E-01	9.53956336E-03	9.76683894E-04
-2.26245254E+00	7.20835315E-02	9.53796502E-03	9.61739106E-04
-2.16257232E+00	6.37949902E-01	9.53636772E-03	9.46803945E-04
-1.92323119E+00	1.15773069E+00	9.53477144E-03	9.31878331E-04
-1.56138372E+00	1.59764219E+00	9.53317619E-03	9.16962185E-04
-1.10199623E+00	1.92953060E+00	9.53158195E-03	9.02055429E-04
-5.76285819E-01	2.13272012E+00	9.52998870E-03	8.87157982E-04
-1.95490290E-02	2.19533197E+00	9.52839645E-03	8.72269767E-04
5.31265490E-01	2.11498840E+00	9.52680519E-03	8.57390705E-04
1.04006979E+00	1.89885932E+00	9.52521491E-03	8.42520716E-04
1.47406010E+00	1.56305608E+00	9.52362559E-03	8.27659724E-04
1.80588451E+00	1.13142229E+00	9.52203723E-03	8.12807649E-04
2.01540830E+00	6.33812954E-01	9.52044982E-03	7.97964415E-04
2.09096036E+00	1.03988215E-01	9.51886336E-03	7.83129943E-04
2.02998216E+00	-4.22727112E-01	9.51727783E-03	7.68304156E-04
1.83904351E+00	-9.11852763E-01	9.51569323E-03	7.53486977E-04
1.53323440E+00	-1.33206319E+00	9.51410955E-03	7.38678327E-04
1.13498541E+00	-1.65724055E+00	9.51252678E-03	7.23878131E-04
6.72408692E-01	-1.86813300E+00	9.51094491E-03	7.09086312E-04
1.77283185E-01	-1.95351089E+00	9.50936393E-03	6.94302792E-04
-3.17169497E-01	-1.91075048E+00	9.50778384E-03	6.79527496E-04
-7.78560150E-01	-1.74581640E+00	9.50620463E-03	6.64760346E-04
-1.17749931E+00	-1.47265668E+00	9.50462629E-03	6.50001268E-04
-1.48950886E+00	-1.11206515E+00	9.50304881E-03	6.35250184E-04
-1.69655115E+00	-6.90102314E-01	9.50147218E-03	6.20507018E-04
-1.78807833E+00	-2.36194636E-01	9.49989640E-03	6.05771696E-04
-1.76154090E+00	2.18947749E-01	9.49832145E-03	5.91044142E-04
-1.62233352E+00	6.45445622E-01	9.49674733E-03	5.76324279E-04
-1.38319679E+00	1.01624951E+00	9.49517403E-03	5.61612034E-04
-1.06313108E+00	1.30888668E+00	9.49360155E-03	5.46907330E-04
-6.85911975E-01	1.50684144E+00	9.49202987E-03	5.32210093E-04
-2.78322110E-01	1.60048309E+00	9.49045899E-03	5.17520248E-04
1.31768425E-01	1.58748981E+00	9.48888889E-03	5.02837720E-04
5.17334373E-01	1.47275444E+00	9.48731958E-03	4.88162435E-04
8.54004460E-01	1.26779484E+00	9.48575104E-03	4.73494318E-04
1.12162450E+00	9.89726246E-01	9.48418326E-03	4.58833296E-04
1.30547280E+00	6.59882281E-01	9.48261624E-03	4.44179293E-04
1.39705425E+00	3.02193716E-01	9.48104997E-03	4.29532237E-04
1.39443176E+00	-5.85523607E-02	9.47948445E-03	4.14892053E-04
1.30208849E+00	-3.98445717E-01	9.47791965E-03	4.00258667E-04
1.13034771E+00	-6.96056180E-01	9.47635558E-03	3.85632006E-04
8.94408314E-01	-9.33798158E-01	9.47479223E-03	3.71011997E-04
6.13079295E-01	-1.09896882E+00	9.47322958E-03	3.56398566E-04
3.07315373E-01	-1.18439901E+00	9.47166764E-03	3.41791640E-04
-1.33373810E-03	-1.18868620E+00	9.47010639E-03	3.27191146E-04
-2.92245789E-01	-1.11601025E+00	9.46854583E-03	3.12597011E-04
-5.47112201E-01	-9.75563124E-01	9.46698595E-03	2.98009162E-04
-7.51094230E-01	-7.80650207E-01	9.46542674E-03	2.83427527E-04
-8.93675927E-01	-5.47543073E-01	9.46386819E-03	2.68852033E-04
-9.69166004E-01	-2.94177868E-01	9.46231029E-03	2.54282607E-04
-9.76828539E-01	-3.88012104E-02	9.46075305E-03	2.39719177E-04
-9.20650684E-01	2.01335206E-01	9.45919644E-03	2.25161672E-04
-8.08782056E-01	4.11138124E-01	9.45764046E-03	2.10610018E-04
